shape_id,shape_pt_lat,shape_pt_lon,shape_pt_sequence,shape_dist_traveled
S10014,45.438003,-73.430645,10001,0.000
S10014,45.438189,-73.430060,10002,0.050
S10014,45.438301,-73.429711,10003,0.080
S10014,45.438412,-73.429361,10004,0.110
S10014,45.438572,-73.428858,10005,0.153
S10014,45.438743,-73.428321,10006,0.200
S10014,45.438826,-73.428062,10007,0.222
S10014,45.438894,-73.427847,10008,0.240
S10014,45.439019,-73.427466,10009,0.273
S10014,45.439064,-73.427340,10010,0.284
S10014,45.439111,-73.427218,10011,0.295
S10014,45.439161,-73.427097,10012,0.306
S10014,45.439226,-73.426958,10013,0.319
S10014,45.439295,-73.426822,10014,0.332
S10014,45.439369,-73.426693,10015,0.345
S10014,45.439447,-73.426569,10016,0.358
S10014,45.439530,-73.426451,10017,0.371
S10014,45.439617,-73.426339,10018,0.384
S10014,45.439708,-73.426234,10019,0.397
S10014,45.439802,-73.426135,10020,0.410
S10014,45.439900,-73.426043,10021,0.423
S10014,45.440001,-73.425959,10022,0.436
S10014,45.440105,-73.425881,10023,0.449
S10014,45.440215,-73.425809,10024,0.463
S10014,45.440328,-73.425746,10025,0.476
S10014,45.440443,-73.425691,10026,0.490
S10014,45.440559,-73.425645,10027,0.503
S10014,45.440678,-73.425608,10028,0.517
S10014,45.440798,-73.425578,10029,0.530
S10014,45.440918,-73.425559,10030,0.544
S10014,45.441039,-73.425548,10031,0.557
S10014,45.441160,-73.425547,10032,0.571
S10014,45.441281,-73.425554,10033,0.584
S10014,45.441402,-73.425571,10034,0.598
S10014,45.441522,-73.425596,10035,0.611
S10014,45.441641,-73.425631,10036,0.625
S10014,45.441758,-73.425674,10037,0.638
S10014,45.441874,-73.425726,10038,0.651
S10014,45.441987,-73.425787,10039,0.665
S10014,45.442100,-73.425858,10040,0.679
S10014,45.442209,-73.425935,10041,0.692
S10014,45.442316,-73.426022,10042,0.706
S10014,45.442419,-73.426117,10043,0.720
S10014,45.442519,-73.426219,10044,0.733
S10014,45.442614,-73.426329,10045,0.747
S10014,45.442698,-73.426435,10046,0.759
S10014,45.442779,-73.426546,10047,0.772
S10014,45.442857,-73.426662,10048,0.784
S10014,45.442931,-73.426782,10049,0.797
S10014,45.443075,-73.427027,10050,0.822
S10014,45.443216,-73.427276,10051,0.847
S10014,45.443601,-73.427967,10052,0.916
S10014,45.443723,-73.428188,10053,0.938
S10014,45.443846,-73.428409,10054,0.960
S10014,45.443969,-73.428630,10055,0.982
S10014,45.444092,-73.428851,10056,1.004
S10014,45.444470,-73.429531,10057,1.072
S10014,45.444805,-73.430133,10058,1.132
S10014,45.445218,-73.430875,10059,1.206
S10014,45.445335,-73.431086,10060,1.227
S10014,45.445454,-73.431294,10061,1.248
S10014,45.445599,-73.431542,10062,1.273
S10014,45.445748,-73.431786,10063,1.298
S10014,45.445900,-73.432024,10064,1.323
S10014,45.446056,-73.432260,10065,1.349
S10014,45.446095,-73.432316,10066,1.355
S10014,45.446227,-73.432506,10067,1.376
S10014,45.446361,-73.432696,10068,1.397
S10014,45.446437,-73.432802,10069,1.409
S10014,45.446947,-73.433524,10070,1.489
S10014,45.446947,-73.433524,20001,1.489
S10014,45.447363,-73.434112,20002,1.554
S10014,45.447512,-73.434322,20003,1.577
S10014,45.447746,-73.434652,20004,1.614
S10014,45.447961,-73.434959,20005,1.648
S10014,45.448657,-73.435946,20006,1.757
S10014,45.448925,-73.436324,20007,1.799
S10014,45.449193,-73.436700,20008,1.841
S10014,45.450485,-73.438494,20009,2.042
S10014,45.451257,-73.439568,20010,2.162
S10014,45.452472,-73.441256,20011,2.350
S10014,45.452925,-73.441885,20012,2.421
S10014,45.453351,-73.442479,20013,2.487
S10014,45.453804,-73.443114,20014,2.558
S10014,45.454258,-73.443749,20015,2.629
S10014,45.454559,-73.444166,20016,2.675
S10014,45.454711,-73.444372,20017,2.699
S10014,45.455047,-73.444826,20018,2.750
S10014,45.455291,-73.445157,20019,2.788
S10014,45.455536,-73.445487,20020,2.825
S10014,45.455736,-73.445759,20021,2.856
S10014,45.455935,-73.446033,20022,2.887
S10014,45.456179,-73.446375,20023,2.925
S10014,45.456424,-73.446716,20024,2.963
S10014,45.456804,-73.447247,20025,3.022
S10014,45.457388,-73.448070,20026,3.114
S10014,45.458179,-73.449191,20027,3.238
S10014,45.458452,-73.449574,20028,3.280
S10014,45.458725,-73.449956,20029,3.323
S10014,45.458895,-73.450193,20030,3.349
S10014,45.459336,-73.450803,20031,3.418
S10014,45.459776,-73.451414,20032,3.486
S10014,45.462501,-73.455194,20033,3.909
S10014,45.462745,-73.455534,20034,3.947
S10014,45.462864,-73.455708,20035,3.966
S10014,45.462982,-73.455886,20036,3.986
S10014,45.463076,-73.456033,20037,4.001
S10014,45.463167,-73.456184,20038,4.017
S10014,45.463295,-73.456407,20039,4.039
S10014,45.463418,-73.456636,20040,4.062
S10014,45.463536,-73.456870,20041,4.084
S10014,45.463649,-73.457109,20042,4.107
S10014,45.463756,-73.457353,20043,4.129
S10014,45.463858,-73.457603,20044,4.152
S10014,45.463954,-73.457857,20045,4.174
S10014,45.464045,-73.458114,20046,4.197
S10014,45.464130,-73.458376,20047,4.219
S10014,45.464208,-73.458641,20048,4.242
S10014,45.464281,-73.458910,20049,4.264
S10014,45.464348,-73.459182,20050,4.287
S10014,45.464407,-73.459447,20051,4.309
S10014,45.464459,-73.459715,20052,4.330
S10014,45.464507,-73.459984,20053,4.352
S10014,45.464549,-73.460257,20054,4.374
S10014,45.464584,-73.460530,20055,4.396
S10014,45.464614,-73.460805,20056,4.418
S10014,45.464638,-73.461082,20057,4.439
S10014,45.464654,-73.461323,20058,4.458
S10014,45.464666,-73.461566,20059,4.477
S10014,45.464686,-73.462052,20060,4.516
S10014,45.464703,-73.462511,20061,4.551
S10014,45.464727,-73.463149,20062,4.601
S10014,45.464750,-73.463787,20063,4.652
S10014,45.464803,-73.465202,20064,4.762
S10014,45.464819,-73.465628,20065,4.796
S10014,45.464835,-73.466055,20066,4.829
S10014,45.464850,-73.466422,20067,4.858
S10014,45.464867,-73.466787,20068,4.886
S10014,45.464873,-73.466924,20069,4.897
S10014,45.464913,-73.467750,20070,4.962
S10014,45.464934,-73.468177,20071,4.995
S10014,45.464951,-73.468544,20072,5.024
S10014,45.464965,-73.468911,20073,5.053
S10014,45.464976,-73.469218,20074,5.077
S10014,45.465012,-73.470171,20075,5.152
S10014,45.465012,-73.470171,30001,5.152
S10014,45.465058,-73.471395,30002,5.247
S10014,45.465062,-73.471523,30003,5.257
S10014,45.465075,-73.471908,30004,5.287
S10014,45.465086,-73.472291,30005,5.317
S10014,45.465096,-73.472894,30006,5.364
S10014,45.465104,-73.473353,30007,5.400
S10014,45.465104,-73.473353,30008,5.400
S10014,45.465107,-73.473492,30009,5.411
S10014,45.465107,-73.473492,30010,5.411
S10014,45.465117,-73.473933,30011,5.446
S10014,45.465117,-73.473933,30012,5.446
S10014,45.465131,-73.474376,30013,5.480
S10014,45.465141,-73.474667,30014,5.503
S10014,45.465199,-73.476272,30015,5.629
S10014,45.465199,-73.476272,30016,5.629
S10014,45.465208,-73.476496,30017,5.646
S10014,45.465227,-73.476974,30018,5.684
S10014,45.465262,-73.477675,30019,5.739
S10014,45.465284,-73.478033,30020,5.767
S10014,45.465305,-73.478374,30021,5.794
S10014,45.465305,-73.478374,30022,5.794
S10014,45.465331,-73.478757,30023,5.824
S10014,45.465358,-73.479138,30024,5.854
S10014,45.465358,-73.479138,30025,5.854
S10014,45.465375,-73.479359,30026,5.871
S10014,45.465585,-73.482019,30027,6.080
S10014,45.465585,-73.482019,30028,6.080
S10014,45.465641,-73.482689,30029,6.133
S10014,45.465703,-73.483356,30030,6.186
S10014,45.465773,-73.484023,30031,6.239
S10014,45.465848,-73.484689,30032,6.291
S10014,45.465930,-73.485353,30033,6.344
S10014,45.465930,-73.485353,30034,6.344
S10014,45.465976,-73.485708,30035,6.372
S10014,45.466025,-73.486062,30036,6.401
S10014,45.466122,-73.486758,30037,6.456
S10014,45.466219,-73.487452,30038,6.511
S10014,45.466219,-73.487452,30039,6.511
S10014,45.466334,-73.488285,30040,6.578
S10014,45.466334,-73.488285,30041,6.578
S10014,45.466447,-73.489117,30042,6.644
S10014,45.466447,-73.489117,30043,6.644
S10014,45.466628,-73.490458,30044,6.751
S10014,45.466802,-73.491800,30045,6.857
S10014,45.466974,-73.493143,30046,6.964
S10014,45.466974,-73.493143,30047,6.964
S10014,45.467095,-73.494106,30048,7.041
S10014,45.467213,-73.495071,30049,7.117
S10014,45.467213,-73.495071,30050,7.117
S10014,45.467330,-73.496036,30051,7.194
S10014,45.467444,-73.497003,30052,7.271
S10014,45.467444,-73.497003,30053,7.271
S10014,45.467556,-73.497968,30054,7.347
S10014,45.467666,-73.498935,30055,7.424
S10014,45.467666,-73.498935,30056,7.424
S10014,45.467774,-73.499903,30057,7.500
S10014,45.467881,-73.500870,30058,7.577
S10014,45.467881,-73.500870,30059,7.577
S10014,45.467984,-73.501839,30060,7.653
S10014,45.468086,-73.502807,30061,7.730
S10014,45.468293,-73.504795,30062,7.887
S10014,45.468499,-73.506781,30063,8.044
S10014,45.468705,-73.508768,30064,8.201
S10014,45.468912,-73.510754,30065,8.358
S10014,45.468912,-73.510754,30066,8.358
S10014,45.468996,-73.511579,30067,8.423
S10014,45.469078,-73.512404,30068,8.488
S10014,45.469078,-73.512404,30069,8.488
S10014,45.469158,-73.513229,30070,8.553
S10014,45.469234,-73.514055,30071,8.619
S10014,45.469234,-73.514055,30072,8.619
S10014,45.469308,-73.514881,30073,8.684
S10014,45.469379,-73.515708,30074,8.749
S10014,45.469379,-73.515708,30075,8.749
S10014,45.469449,-73.516535,30076,8.814
S10014,45.469515,-73.517362,30077,8.879
S10014,45.469515,-73.517362,30078,8.879
S10014,45.469515,-73.517362,30079,8.879
S10014,45.469614,-73.518661,30080,8.981
S10014,45.469707,-73.519960,30081,9.083
S10014,45.469793,-73.521259,30082,9.185
S10014,45.469874,-73.522560,30083,9.288
S10014,45.469948,-73.523861,30084,9.390
S10014,45.470016,-73.525163,30085,9.492
S10014,45.470077,-73.526465,30086,9.594
S10014,45.470132,-73.527768,30087,9.696
S10014,45.470180,-73.529072,30088,9.798
S10014,45.470223,-73.530376,30089,9.900
S10014,45.470260,-73.531680,30090,10.002
S10014,45.470289,-73.532985,30091,10.104
S10014,45.470313,-73.534290,30092,10.206
S10014,45.470313,-73.534290,30093,10.206
S10014,45.470319,-73.534793,30094,10.245
S10014,45.470325,-73.535605,30095,10.309
S10014,45.470325,-73.535605,30096,10.309
S10014,45.470330,-73.536274,30097,10.361
S10014,45.470339,-73.537011,30098,10.419
S10014,45.470344,-73.537412,30099,10.450
S10014,45.470357,-73.538538,30100,10.538
S10014,45.470357,-73.538538,40001,10.538
S10014,45.470371,-73.539771,40002,10.635
S10014,45.470372,-73.539869,40003,10.642
S10014,45.470372,-73.539869,40004,10.642
S10014,45.470374,-73.540067,40005,10.658
S10014,45.470374,-73.540067,40006,10.658
S10014,45.470378,-73.540266,40007,10.673
S10014,45.470378,-73.540266,40008,10.673
S10014,45.470388,-73.540639,40009,10.703
S10014,45.470388,-73.540639,40010,10.703
S10014,45.470395,-73.540836,40011,10.718
S10014,45.470395,-73.540836,40012,10.718
S10014,45.470404,-73.541034,40013,10.733
S10014,45.470411,-73.541179,40014,10.745
S10014,45.470521,-73.543684,40015,10.941
S10014,45.470521,-73.543684,40016,10.941
S10014,45.470535,-73.543955,40017,10.962
S10014,45.470551,-73.544225,40018,10.984
S10014,45.470551,-73.544225,40019,10.984
S10014,45.470565,-73.544406,40020,10.998
S10014,45.470585,-73.544583,40021,11.012
S10014,45.470611,-73.544761,40022,11.026
S10014,45.470611,-73.544761,40023,11.026
S10014,45.470638,-73.544911,40024,11.038
S10014,45.470669,-73.545059,40025,11.050
S10014,45.470706,-73.545205,40026,11.062
S10014,45.470706,-73.545205,40027,11.062
S10014,45.470754,-73.545369,40028,11.076
S10014,45.470808,-73.545527,40029,11.090
S10014,45.470867,-73.545683,40030,11.104
S10014,45.470867,-73.545683,40031,11.104
S10014,45.470933,-73.545834,40032,11.118
S10014,45.471004,-73.545979,40033,11.132
S10014,45.471080,-73.546120,40034,11.146
S10014,45.471080,-73.546120,40035,11.146
S10014,45.471163,-73.546257,40036,11.160
S10014,45.471250,-73.546388,40037,11.174
S10014,45.471341,-73.546514,40038,11.188
S10014,45.471341,-73.546514,40039,11.188
S10014,45.471482,-73.546697,40040,11.209
S10014,45.471625,-73.546879,40041,11.230
S10014,45.472187,-73.547580,40042,11.313
S10014,45.472187,-73.547580,40043,11.313
S10014,45.472340,-73.547768,40044,11.336
S10014,45.472495,-73.547954,40045,11.358
S10014,45.472495,-73.547954,40046,11.358
S10014,45.472601,-73.548073,40047,11.373
S10014,45.472710,-73.548184,40048,11.388
S10014,45.472823,-73.548288,40049,11.403
S10014,45.472823,-73.548288,40050,11.403
S10014,45.472927,-73.548375,40051,11.417
S10014,45.473035,-73.548453,40052,11.430
S10014,45.473145,-73.548525,40053,11.444
S10014,45.473258,-73.548587,40054,11.457
S10014,45.473373,-73.548641,40055,11.471
S10014,45.473373,-73.548641,40056,11.471
S10014,45.473481,-73.548685,40057,11.483
S10014,45.473590,-73.548721,40058,11.495
S10014,45.473700,-73.548749,40059,11.508
S10014,45.473700,-73.548749,40060,11.508
S10014,45.473812,-73.548771,40061,11.521
S10014,45.473923,-73.548785,40062,11.533
S10014,45.474035,-73.548791,40063,11.545
S10014,45.474035,-73.548791,40064,11.545
S10014,45.474147,-73.548790,40065,11.558
S10014,45.474259,-73.548781,40066,11.570
S10014,45.474371,-73.548765,40067,11.583
S10014,45.474371,-73.548765,40068,11.583
S10014,45.474482,-73.548742,40069,11.595
S10014,45.474592,-73.548710,40070,11.608
S10014,45.474701,-73.548672,40071,11.620
S10014,45.474701,-73.548672,40072,11.620
S10014,45.474816,-73.548623,40073,11.634
S10014,45.474929,-73.548566,40074,11.647
S10014,45.475040,-73.548501,40075,11.660
S10014,45.475149,-73.548428,40076,11.674
S10014,45.475254,-73.548347,40077,11.687
S10014,45.475357,-73.548259,40078,11.700
S10014,45.475457,-73.548163,40079,11.714
S10014,45.475553,-73.548061,40080,11.727
S10014,45.475553,-73.548061,40081,11.727
S10014,45.475657,-73.547940,40082,11.742
S10014,45.475757,-73.547811,40083,11.757
S10014,45.475851,-73.547675,40084,11.772
S10014,45.475851,-73.547675,40085,11.772
S10014,45.475990,-73.547465,40086,11.794
S10014,45.476127,-73.547253,40087,11.817
S10014,45.476406,-73.546812,40088,11.863
S10014,45.476685,-73.546372,40089,11.910
S10014,45.476685,-73.546372,40090,11.910
S10014,45.476899,-73.546039,40091,11.945
S10014,45.476899,-73.546039,40092,11.945
S10014,45.477007,-73.545875,40093,11.962
S10014,45.477117,-73.545715,40094,11.980
S10014,45.477117,-73.545715,40095,11.980
S10014,45.477117,-73.545715,40096,11.980
S10014,45.477253,-73.545531,40097,12.001
S10014,45.477393,-73.545352,40098,12.022
S10014,45.477537,-73.545181,40099,12.043
S10014,45.477684,-73.545017,40100,12.063
S10014,45.477837,-73.544860,40101,12.084
S10014,45.477991,-73.544711,40102,12.105
S10014,45.478151,-73.544569,40103,12.126
S10014,45.478313,-73.544433,40104,12.147
S10014,45.478478,-73.544307,40105,12.168
S10014,45.478646,-73.544188,40106,12.189
S10014,45.478816,-73.544077,40107,12.209
S10014,45.478990,-73.543975,40108,12.230
S10014,45.479165,-73.543880,40109,12.251
S10014,45.479342,-73.543795,40110,12.272
S10014,45.479342,-73.543795,40111,12.272
S10014,45.479494,-73.543728,40112,12.290
S10014,45.479647,-73.543667,40113,12.307
S10014,45.479647,-73.543667,40114,12.307
S10014,45.479952,-73.543552,40115,12.342
S10014,45.480438,-73.543373,40116,12.398
S10014,45.481526,-73.542971,40117,12.523
S10014,45.482049,-73.542779,40118,12.583
S10014,45.482965,-73.542441,40119,12.688
S10014,45.483005,-73.542426,40120,12.693
S10014,45.483005,-73.542426,40121,12.693
S10014,45.483313,-73.542315,40122,12.728
S10014,45.483313,-73.542315,40123,12.728
S10014,45.483468,-73.542264,40124,12.746
S10014,45.483624,-73.542219,40125,12.764
S10014,45.483624,-73.542219,40126,12.764
S10014,45.483781,-73.542181,40127,12.781
S10014,45.483939,-73.542153,40128,12.799
S10014,45.483939,-73.542153,40129,12.799
S10014,45.484044,-73.542139,40130,12.811
S10014,45.484150,-73.542133,40131,12.823
S10014,45.484256,-73.542132,40132,12.835
S10014,45.484256,-73.542132,40133,12.835
S10014,45.484256,-73.542132,40134,12.835
S10014,45.484386,-73.542139,40135,12.849
S10014,45.484514,-73.542157,40136,12.863
S10014,45.484641,-73.542184,40137,12.878
S10014,45.484768,-73.542223,40138,12.892
S10014,45.484892,-73.542270,40139,12.906
S10014,45.485016,-73.542327,40140,12.921
S10014,45.485135,-73.542393,40141,12.935
S10014,45.485253,-73.542469,40142,12.949
S10014,45.485367,-73.542553,40143,12.964
S10014,45.485479,-73.542647,40144,12.978
S10014,45.485586,-73.542749,40145,12.992
S10014,45.485689,-73.542859,40146,13.007
S10014,45.485788,-73.542977,40147,13.021
S10014,45.485883,-73.543103,40148,13.036
S10014,45.485972,-73.543234,40149,13.050
S10014,45.486056,-73.543374,40150,13.064
S10014,45.486135,-73.543520,40151,13.079
S10014,45.486207,-73.543671,40152,13.093
S10014,45.486275,-73.543828,40153,13.107
S10014,45.486335,-73.543989,40154,13.121
S10014,45.486390,-73.544156,40155,13.136
S10014,45.486438,-73.544326,40156,13.150
S10014,45.486480,-73.544500,40157,13.165
S10014,45.486515,-73.544677,40158,13.179
S10014,45.486543,-73.544856,40159,13.193
S10014,45.486563,-73.545037,40160,13.208
S10014,45.486578,-73.545219,40161,13.222
S10014,45.486585,-73.545402,40162,13.236
S10014,45.486585,-73.545586,40163,13.251
S10014,45.486577,-73.545769,40164,13.265
S10014,45.486564,-73.545952,40165,13.279
S10014,45.486564,-73.545952,40166,13.279
S10014,45.486546,-73.546112,40167,13.292
S10014,45.486523,-73.546270,40168,13.305
S10014,45.486497,-73.546428,40169,13.317
S10014,45.486465,-73.546584,40170,13.330
S10014,45.486465,-73.546584,40171,13.330
S10014,45.486397,-73.546892,40172,13.355
S10014,45.486326,-73.547198,40173,13.380
S10014,45.486293,-73.547331,40174,13.392
S10014,45.486119,-73.548057,40175,13.451
S10014,45.485334,-73.551324,40176,13.721
S10014,45.485334,-73.551324,40177,13.721
S10014,45.485277,-73.551566,40178,13.741
S10014,45.485222,-73.551810,40179,13.761
S10014,45.485222,-73.551810,40180,13.761
S10014,45.485188,-73.551974,40181,13.775
S10014,45.485159,-73.552139,40182,13.788
S10014,45.485136,-73.552305,40183,13.801
S10014,45.485136,-73.552305,40184,13.801
S10014,45.485136,-73.552305,40185,13.801
S10014,45.485116,-73.552485,40186,13.816
S10014,45.485103,-73.552667,40187,13.830
S10014,45.485097,-73.552850,40188,13.844
S10014,45.485098,-73.553033,40189,13.858
S10014,45.485105,-73.553214,40190,13.873
S10014,45.485119,-73.553396,40191,13.887
S10014,45.485140,-73.553576,40192,13.901
S10014,45.485167,-73.553754,40193,13.915
S10014,45.485202,-73.553931,40194,13.930
S10014,45.485242,-73.554104,40195,13.944
S10014,45.485242,-73.554104,40196,13.944
S10014,45.485281,-73.554247,40197,13.956
S10014,45.485325,-73.554386,40198,13.968
S10014,45.485372,-73.554523,40199,13.980
S10014,45.485424,-73.554658,40200,13.992
S10014,45.485481,-73.554788,40201,14.004
S10014,45.485481,-73.554788,40202,14.004
S10014,45.485481,-73.554788,40203,14.004
S10014,45.485555,-73.554943,40204,14.018
S10014,45.485635,-73.555092,40205,14.033
S10014,45.485720,-73.555234,40206,14.048
S10014,45.485811,-73.555368,40207,14.062
S10014,45.485906,-73.555496,40208,14.077
S10014,45.486007,-73.555616,40209,14.091
S10014,45.486111,-73.555729,40210,14.106
S10014,45.486220,-73.555834,40211,14.121
S10014,45.486333,-73.555929,40212,14.135
S10014,45.486450,-73.556016,40213,14.150
S10014,45.486569,-73.556094,40214,14.164
S10014,45.486692,-73.556163,40215,14.179
S10014,45.486816,-73.556222,40216,14.194
S10014,45.486943,-73.556271,40217,14.208
S10014,45.487071,-73.556311,40218,14.223
S10014,45.487071,-73.556311,40219,14.223
S10014,45.487189,-73.556339,40220,14.236
S10014,45.487308,-73.556360,40221,14.249
S10014,45.487427,-73.556374,40222,14.262
S10014,45.487427,-73.556374,40223,14.262
S10014,45.487607,-73.556388,40224,14.283
S10014,45.487787,-73.556400,40225,14.303
S10014,45.487829,-73.556402,40226,14.307
S10014,45.488710,-73.556449,40227,14.405
S10014,45.488877,-73.556458,40228,14.424
S10014,45.488877,-73.556458,40229,14.424
S10014,45.489057,-73.556468,40230,14.444
S10014,45.489057,-73.556468,40231,14.444
S10014,45.489237,-73.556473,40232,14.464
S10014,45.489237,-73.556473,40233,14.464
S10014,45.489446,-73.556472,40234,14.487
S10014,45.489654,-73.556459,40235,14.510
S10014,45.489654,-73.556459,40236,14.510
S10014,45.489808,-73.556444,40237,14.527
S10014,45.489808,-73.556444,40238,14.527
S10014,45.489988,-73.556420,40239,14.547
S10014,45.489988,-73.556420,40240,14.547
S10014,45.490167,-73.556392,40241,14.567
S10014,45.490241,-73.556381,40242,14.576
S10014,45.490714,-73.556307,40243,14.628
S10014,45.490714,-73.556307,40244,14.628
S10014,45.490778,-73.556297,40245,14.636
S10014,45.490778,-73.556297,40246,14.636
S10014,45.491098,-73.556250,40247,14.671
S10014,45.491418,-73.556209,40248,14.707
S10014,45.492132,-73.556124,40249,14.787
S10014,45.492433,-73.556087,40250,14.820
S10014,45.492733,-73.556052,40251,14.854
S10014,45.493012,-73.556019,40252,14.885
S10014,45.493012,-73.556019,40253,14.885
S10014,45.493326,-73.555986,40254,14.920
S10014,45.493326,-73.555986,40255,14.920
S10014,45.493431,-73.555978,40256,14.931
S10014,45.493536,-73.555976,40257,14.943
S10014,45.493640,-73.555978,40258,14.955
S10014,45.493640,-73.555978,40259,14.955
S10014,45.493654,-73.555980,40260,14.956
S10014,45.493654,-73.555980,40261,14.956
S10014,45.493654,-73.555980,40262,14.956
S10014,45.493782,-73.555991,40263,14.970
S10014,45.493910,-73.556012,40264,14.985
S10014,45.494037,-73.556041,40265,14.999
S10014,45.494163,-73.556080,40266,15.013
S10014,45.494288,-73.556126,40267,15.028
S10014,45.494410,-73.556181,40268,15.042
S10014,45.494531,-73.556245,40269,15.056
S10014,45.494531,-73.556245,40270,15.056
S10014,45.494531,-73.556245,40271,15.056
S10014,45.494656,-73.556322,40272,15.071
S10014,45.494777,-73.556407,40273,15.086
S10014,45.494896,-73.556500,40274,15.101
S10014,45.495011,-73.556603,40275,15.117
S10014,45.495123,-73.556714,40276,15.132
S10014,45.495230,-73.556832,40277,15.147
S10014,45.495230,-73.556832,40278,15.147
S10014,45.495322,-73.556945,40279,15.160
S10014,45.495410,-73.557064,40280,15.174
S10014,45.495494,-73.557188,40281,15.187
S10014,45.495574,-73.557317,40282,15.201
S10014,45.495574,-73.557317,40283,15.201
S10014,45.495665,-73.557477,40284,15.217
S10014,45.495751,-73.557644,40285,15.233
S10014,45.495751,-73.557644,40286,15.233
S10014,45.495914,-73.557984,40287,15.265
S10014,45.496146,-73.558476,40288,15.312
S10014,45.496446,-73.559113,40289,15.371
S10014,45.496547,-73.559327,40290,15.392
S10014,45.496547,-73.559327,40291,15.392
S10014,45.496758,-73.559776,40292,15.434
S10014,45.497342,-73.561026,40293,15.551
S10014,45.497640,-73.561662,40294,15.611
S10014,45.497915,-73.562248,40295,15.666
S10014,45.498214,-73.562889,40296,15.726
S10014,45.498252,-73.562969,40297,15.734
S10014,45.498538,-73.563574,40298,15.790
S10014,45.498813,-73.564147,40299,15.845
S10014,45.499072,-73.564689,40300,15.896
S10014,45.499117,-73.564781,40301,15.905
S10014,45.499175,-73.564901,40302,15.916
S10014,45.499401,-73.565366,40303,15.960
S10014,45.499707,-73.565998,40304,16.020
S10014,45.500115,-73.566838,40305,16.100
S10014,45.500115,-73.566838,50001,16.100
S10014,45.500177,-73.566966,50002,16.112
S10014,45.500484,-73.567599,50003,16.172
S10014,45.500790,-73.568230,50004,16.232
S10014,45.500895,-73.568448,50005,16.253
S10014,45.500961,-73.568588,50006,16.266
S10014,45.501023,-73.568732,50007,16.279
S10014,45.501080,-73.568878,50008,16.292
S10014,45.501143,-73.569053,50009,16.308
S10014,45.501235,-73.569326,50010,16.331
S10014,45.501273,-73.569433,50011,16.340
S10014,45.501317,-73.569538,50012,16.350
S10014,45.501362,-73.569640,50013,16.359
S10014,45.501728,-73.570390,50014,16.431
S10014,45.501936,-73.570816,50015,16.471
S10014,45.502182,-73.571322,50016,16.519
S10014,45.502187,-73.571332,50017,16.520
S10014,45.502695,-73.572374,50018,16.619
S10014,45.502695,-73.572374,60001,16.619
S10014,45.502769,-73.572527,60002,16.634
S10014,45.502859,-73.572714,60003,16.652
S10014,45.502949,-73.572902,60004,16.669
S10014,45.503066,-73.573163,60005,16.694
S10014,45.503179,-73.573428,60006,16.718
S10014,45.503287,-73.573700,60007,16.742
S10014,45.503390,-73.573974,60008,16.766
S10014,45.503487,-73.574251,60009,16.791
S10014,45.503578,-73.574534,60010,16.815
S10014,45.503664,-73.574820,60011,16.839
S10014,45.503745,-73.575109,60012,16.863
S10014,45.503820,-73.575401,60013,16.888
S10014,45.503889,-73.575695,60014,16.912
S10014,45.503953,-73.575992,60015,16.936
S10014,45.504010,-73.576293,60016,16.961
S10014,45.504045,-73.576492,60017,16.977
S10014,45.504078,-73.576690,60018,16.993
S10014,45.504590,-73.579744,60019,17.238
S10014,45.504761,-73.580762,60020,17.320
S10014,45.507269,-73.595677,60021,18.518
S10014,45.507445,-73.596729,60022,18.603
S10014,45.510126,-73.612697,60023,19.886
S10014,45.510126,-73.612697,70001,19.886
S10014,45.512386,-73.626169,70002,20.968
S10014,45.512507,-73.626893,70003,21.026
S10014,45.512944,-73.629486,70004,21.234
S10014,45.512995,-73.629793,70005,21.259
S10014,45.513111,-73.630480,70006,21.314
S10014,45.513214,-73.631095,70007,21.363
S10014,45.513279,-73.631477,70008,21.394
S10014,45.513439,-73.632438,70009,21.471
S10014,45.513464,-73.632582,70010,21.483
S10014,45.513489,-73.632725,70011,21.494
S10014,45.513535,-73.632958,70012,21.513
S10014,45.513588,-73.633189,70013,21.532
S10014,45.513646,-73.633417,70014,21.551
S10014,45.513684,-73.633554,70015,21.563
S10014,45.513723,-73.633689,70016,21.574
S10014,45.513962,-73.634521,70017,21.644
S10014,45.513962,-73.634521,80001,21.644
S10014,45.514178,-73.635267,80002,21.707
S10014,45.514519,-73.636452,80003,21.807
S10014,45.515297,-73.639151,80004,22.035
S10014,45.515810,-73.640930,80005,22.186
S10014,45.516091,-73.641902,80006,22.268
S10014,45.516432,-73.643086,80007,22.367
S10014,45.516563,-73.643538,80008,22.406
S10014,45.516563,-73.643538,90001,22.406
S10014,45.517663,-73.647356,90002,22.728
S10014,45.518004,-73.648541,90003,22.828
S10014,45.519599,-73.654074,90004,23.295
S10014,45.519951,-73.655296,90005,23.398
S10014,45.520056,-73.655662,90006,23.429
S10014,45.520200,-73.656154,90007,23.471
S10014,45.520346,-73.656643,90008,23.512
S10014,45.520570,-73.657387,90009,23.576
S10014,45.520696,-73.657809,90010,23.611
S10014,45.520820,-73.658232,90011,23.647
S10014,45.520954,-73.658698,90012,23.686
S10014,45.521025,-73.658949,90013,23.708
S10014,45.521289,-73.659878,90014,23.786
S10014,45.521849,-73.661854,90015,23.952
S10014,45.521849,-73.661854,100001,23.952
S10014,45.522251,-73.663273,100002,24.072
S10014,45.522309,-73.663479,100003,24.089
S10014,45.522469,-73.664043,100004,24.137
S10014,45.522629,-73.664607,100005,24.184
S10014,45.523057,-73.666116,100006,24.311
S10014,45.523259,-73.666822,100007,24.371
S10014,45.523568,-73.667885,100008,24.461
S10014,45.523718,-73.668399,100009,24.504
S10014,45.523868,-73.668914,100010,24.548
S10014,45.523975,-73.669283,100011,24.579
S10014,45.524181,-73.669993,100012,24.639
S10014,45.524291,-73.670369,100013,24.671
S10014,45.524442,-73.670890,100014,24.715
S10014,45.524902,-73.672490,100015,24.850
S10014,45.524902,-73.672490,110001,24.850
S10014,45.525065,-73.673055,110002,24.898
S10014,45.525406,-73.674241,110003,24.998
S10014,45.526757,-73.678931,110004,25.394
S10014,45.526975,-73.679690,110005,25.458
S10014,45.527401,-73.681170,110006,25.583
S10014,45.527827,-73.682651,110007,25.708
S10014,45.528063,-73.683474,110008,25.777
S10014,45.528171,-73.683846,110009,25.808
S10014,45.528231,-73.684053,110010,25.826
S10014,45.528289,-73.684261,110011,25.843
S10014,45.528379,-73.684598,110012,25.872
S10014,45.528463,-73.684939,110013,25.900
S10014,45.528542,-73.685282,110014,25.928
S10014,45.528615,-73.685628,110015,25.956
S10014,45.528682,-73.685975,110016,25.984
S10014,45.528743,-73.686326,110017,26.013
S10014,45.528799,-73.686677,110018,26.041
S10014,45.528849,-73.687032,110019,26.069
S10014,45.528893,-73.687387,110020,26.097
S10014,45.528931,-73.687744,110021,26.125
S10014,45.528934,-73.687770,110022,26.127
S10014,45.528936,-73.687794,110023,26.129
S10014,45.528939,-73.687821,110024,26.131
S10014,45.528941,-73.687845,110025,26.133
S10014,45.528943,-73.687871,110026,26.135
S10014,45.528945,-73.687896,110027,26.137
S10014,45.528948,-73.687922,110028,26.139
S10014,45.528949,-73.687946,110029,26.141
S10014,45.528952,-73.687973,110030,26.143
S10014,45.528954,-73.687997,110031,26.145
S10014,45.528971,-73.688256,110032,26.165
S10014,45.528984,-73.688516,110033,26.186
S10014,45.528989,-73.688777,110034,26.206
S10014,45.528988,-73.689037,110035,26.226
S10014,45.528985,-73.689197,110036,26.239
S10014,45.528980,-73.689357,110037,26.251
S10014,45.528953,-73.690272,110038,26.323
S10014,45.528953,-73.690272,120001,26.323
S10014,45.528933,-73.690947,120002,26.376
S10014,45.528928,-73.691107,120003,26.388
S10014,45.528922,-73.691267,120004,26.401
S10014,45.528909,-73.691501,120005,26.419
S10014,45.528891,-73.691736,120006,26.438
S10014,45.528868,-73.691968,120007,26.456
S10014,45.528841,-73.692200,120008,26.474
S10014,45.528807,-73.692430,120009,26.493
S10014,45.528803,-73.692455,120010,26.494
S10014,45.528800,-73.692480,120011,26.497
S10014,45.528796,-73.692505,120012,26.498
S10014,45.528792,-73.692530,120013,26.500
S10014,45.528788,-73.692555,120014,26.502
S10014,45.528783,-73.692580,120015,26.505
S10014,45.528780,-73.692604,120016,26.506
S10014,45.528775,-73.692630,120017,26.509
S10014,45.528771,-73.692654,120018,26.511
S10014,45.528766,-73.692680,120019,26.513
S10014,45.528703,-73.693034,120020,26.541
S10014,45.528634,-73.693387,120021,26.570
S10014,45.528562,-73.693738,120022,26.598
S10014,45.528484,-73.694086,120023,26.627
S10014,45.528401,-73.694433,120024,26.655
S10014,45.528348,-73.694644,120025,26.673
S10014,45.528293,-73.694853,120026,26.690
S10014,45.528236,-73.695063,120027,26.708
S10014,45.528178,-73.695270,120028,26.725
S10014,45.528117,-73.695478,120029,26.743
S10014,45.528056,-73.695685,120030,26.760
S10014,45.527991,-73.695889,120031,26.778
S10014,45.527926,-73.696093,120032,26.795
S10014,45.527805,-73.696456,120033,26.827
S10014,45.527704,-73.696742,120034,26.852
S10014,45.527602,-73.697026,120035,26.877
S10014,45.527389,-73.697617,120036,26.928
S10014,45.527177,-73.698206,120037,26.980
S10014,45.526965,-73.698796,120038,27.032
S10014,45.526752,-73.699385,120039,27.084
S10014,45.526571,-73.699895,120040,27.128
S10014,45.526392,-73.700409,120041,27.173
S10014,45.526367,-73.700481,120042,27.179
S10014,45.526265,-73.700780,120043,27.205
S10014,45.526129,-73.701173,120044,27.239
S10014,45.525939,-73.701724,120045,27.288
S10014,45.525744,-73.702271,120046,27.335
S10014,45.525600,-73.702669,120047,27.370
S10014,45.524299,-73.706283,120048,27.688
S10014,45.523888,-73.707423,120049,27.788
S10014,45.523282,-73.709104,120050,27.935
S10014,45.523110,-73.709589,120051,27.978
S10014,45.522940,-73.710076,120052,28.020
S10014,45.522694,-73.710791,120053,28.082
S10014,45.522523,-73.711278,120054,28.125
S10014,45.522351,-73.711762,120055,28.167
S10014,45.522058,-73.712574,120056,28.238
S10014,45.522058,-73.712574,130001,28.238
S10014,45.521740,-73.713455,130002,28.316
S10014,45.521587,-73.713862,130003,28.352
S10014,45.521431,-73.714268,130004,28.388
S10014,45.520710,-73.716103,130005,28.552
S10014,45.520552,-73.716522,130006,28.589
S10014,45.520397,-73.716944,130007,28.627
S10014,45.519313,-73.719963,130008,28.892
S10014,45.519050,-73.720695,130009,28.956
S10014,45.518798,-73.721405,130010,29.018
S10014,45.518712,-73.721644,130011,29.039
S10014,45.518535,-73.722136,130012,29.082
S10014,45.518337,-73.722689,130013,29.130
S10014,45.518139,-73.723241,130014,29.179
S10014,45.517925,-73.723838,130015,29.231
S10014,45.517756,-73.724308,130016,29.273
S10014,45.517586,-73.724778,130017,29.314
S10014,45.517417,-73.725247,130018,29.355
S10014,45.517249,-73.725718,130019,29.396
S10014,45.517080,-73.726188,130020,29.438
S10014,45.516910,-73.726659,130021,29.479
S10014,45.516741,-73.727129,130022,29.520
S10014,45.516573,-73.727598,130023,29.561
S10014,45.516280,-73.728412,130024,29.633
S10014,45.516059,-73.729028,130025,29.687
S10014,45.515837,-73.729644,130026,29.741
S10014,45.515748,-73.729893,130027,29.763
S10014,45.515600,-73.730314,130028,29.799
S10014,45.515577,-73.730382,130029,29.805
S10014,45.515454,-73.730734,130030,29.836
S10014,45.515454,-73.730734,130031,29.836
S10014,45.515210,-73.731448,130032,29.898
S10014,45.515042,-73.731933,130033,29.940
S10014,45.514966,-73.732149,130034,29.959
S10014,45.514871,-73.732416,130035,29.983
S10014,45.514871,-73.732416,130036,29.983
S10014,45.513402,-73.736509,130037,30.342
S10014,45.512771,-73.738410,130038,30.506
S10014,45.512725,-73.738556,130039,30.518
S10014,45.512679,-73.738703,130040,30.531
S10014,45.512673,-73.738724,130041,30.533
S10014,45.512597,-73.738954,130042,30.552
S10014,45.512546,-73.739097,130043,30.565
S10014,45.512495,-73.739240,130044,30.578
S10014,45.512383,-73.739554,130045,30.605
S10014,45.512271,-73.739869,130046,30.633
S10014,45.511874,-73.740975,130047,30.730
S10014,45.511735,-73.741365,130048,30.764
S10014,45.511597,-73.741754,130049,30.798
S10014,45.511524,-73.741953,130050,30.815
S10014,45.511450,-73.742151,130051,30.833
S10014,45.511443,-73.742169,130052,30.834
S10014,45.510865,-73.743680,130053,30.969
S10014,45.510657,-73.744287,130054,31.021
S10014,45.510443,-73.744891,130055,31.074
S10014,45.509239,-73.748255,130056,31.369
S10014,45.509206,-73.748348,130057,31.378
S10014,45.508992,-73.748937,130058,31.429
S10014,45.508925,-73.749120,130059,31.445
S10014,45.505873,-73.757370,130060,32.174
S10014,45.505647,-73.757988,130061,32.228
S10014,45.505398,-73.758677,130062,32.289
S10014,45.505348,-73.758819,130063,32.301
S10014,45.505297,-73.758962,130064,32.314
S10014,45.505156,-73.759370,130065,32.349
S10014,45.505021,-73.759782,130066,32.385
S10014,45.504893,-73.760199,130067,32.420
S10014,45.504770,-73.760619,130068,32.456
S10014,45.504653,-73.761042,130069,32.491
S10014,45.504543,-73.761470,130070,32.527
S10014,45.504440,-73.761900,130071,32.562
S10014,45.504342,-73.762333,130072,32.598
S10014,45.504251,-73.762769,130073,32.633
S10014,45.504167,-73.763208,130074,32.669
S10014,45.504088,-73.763649,130075,32.705
S10014,45.504017,-73.764091,130076,32.740
S10014,45.503952,-73.764537,130077,32.776
S10014,45.503894,-73.764984,130078,32.811
S10014,45.503874,-73.765141,130079,32.824
S10014,45.503856,-73.765300,130080,32.836
S10014,45.503781,-73.765933,130081,32.886
S10014,45.503632,-73.767195,130082,32.986
S10014,45.503178,-73.771050,130083,33.292
S10014,45.503125,-73.771491,130084,33.327
S10014,45.503073,-73.771932,130085,33.362
S10014,45.503021,-73.772375,130086,33.397
S10014,45.502969,-73.772816,130087,33.432
S10014,45.502868,-73.773669,130088,33.499
S10014,45.502808,-73.774173,130089,33.539
S10014,45.502750,-73.774678,130090,33.579
S10014,45.502690,-73.775183,130091,33.619
S10014,45.502630,-73.775687,130092,33.659
S10014,45.502618,-73.775787,130093,33.667
S10014,45.502581,-73.776103,130094,33.692
S10014,45.502548,-73.776419,130095,33.717
S10014,45.502526,-73.776662,130096,33.736
S10014,45.502507,-73.776906,130097,33.756
S10014,45.502493,-73.777149,130098,33.775
S10014,45.502483,-73.777394,130099,33.794
S10014,45.502476,-73.777638,130100,33.813
S10014,45.502473,-73.777884,130101,33.832
S10014,45.502473,-73.778128,130102,33.851
S10014,45.502477,-73.778372,130103,33.870
S10014,45.502487,-73.778664,130104,33.893
S10014,45.502502,-73.778956,130105,33.916
S10014,45.502515,-73.779147,130106,33.931
S10014,45.502529,-73.779338,130107,33.946
S10014,45.502547,-73.779528,130108,33.961
S10014,45.502566,-73.779718,130109,33.976
S10014,45.502588,-73.779907,130110,33.991
S10014,45.502613,-73.780095,130111,34.006
S10014,45.502639,-73.780284,130112,34.021
S10014,45.502668,-73.780471,130113,34.036
S10014,45.502724,-73.780800,130114,34.063
S10014,45.502786,-73.781126,130115,34.089
S10014,45.502852,-73.781433,130116,34.114
S10014,45.502920,-73.781738,130117,34.139
S10014,45.503026,-73.782212,130118,34.178
S10014,45.503133,-73.782687,130119,34.217
S10014,45.503357,-73.783678,130120,34.298
S10014,45.503522,-73.784410,130121,34.358
S10014,45.503687,-73.785141,130122,34.418
S10014,45.503871,-73.785959,130123,34.485
S10014,45.503871,-73.785959,140001,34.485
S10014,45.504122,-73.787072,140002,34.577
S10014,45.504256,-73.787669,140003,34.626
S10014,45.504369,-73.788162,140004,34.666
S10014,45.504484,-73.788654,140005,34.707
S10014,45.504486,-73.788658,140006,34.707
S10014,45.504769,-73.789850,140007,34.805
S10014,45.504875,-73.790299,140008,34.843
S10014,45.504999,-73.790840,140009,34.887
S10014,45.505017,-73.790918,140010,34.893
S10014,45.506667,-73.798248,140011,35.495
S10014,45.506809,-73.798895,140012,35.548
S10014,45.507315,-73.801226,140013,35.738
S10014,45.507401,-73.801623,140014,35.771
S10014,45.507487,-73.802020,140015,35.803
S10014,45.507574,-73.802417,140016,35.836
S10014,45.507660,-73.802816,140017,35.868
S10014,45.507694,-73.802971,140018,35.881
S10014,45.507727,-73.803123,140019,35.894
S10014,45.507760,-73.803277,140020,35.906
S10014,45.507828,-73.803577,140021,35.931
S10014,45.507898,-73.803877,140022,35.956
S10014,45.507935,-73.804028,140023,35.968
S10014,45.507971,-73.804179,140024,35.980
S10014,45.508003,-73.804312,140025,35.992
S10014,45.508126,-73.804817,140026,36.033
S10014,45.508249,-73.805323,140027,36.075
S10014,45.508371,-73.805828,140028,36.117
S10014,45.508494,-73.806333,140029,36.158
S10014,45.508829,-73.807716,140030,36.273
S10014,45.508862,-73.807856,140031,36.284
S10014,45.508948,-73.808220,140032,36.314
S10014,45.509033,-73.808585,140033,36.344
S10014,45.509052,-73.808669,140034,36.351
S10014,45.509846,-73.812202,140035,36.641
S10014,45.509846,-73.812202,150001,36.641
S10014,45.510165,-73.813617,150002,36.757
S10014,45.510286,-73.814147,150003,36.801
S10014,45.510410,-73.814677,150004,36.844
S10014,45.510537,-73.815205,150005,36.888
S10014,45.510538,-73.815207,150006,36.888
S10014,45.510686,-73.815812,150007,36.938
S10014,45.510834,-73.816417,150008,36.988
S10014,45.510834,-73.816418,150009,36.988
S10014,45.510963,-73.816953,150010,37.032
S10014,45.511088,-73.817487,150011,37.076
S10014,45.511211,-73.818024,150012,37.120
S10014,45.511385,-73.818799,150013,37.184
S10014,45.511522,-73.819409,150014,37.234
S10014,45.511659,-73.820018,150015,37.284
S10014,45.511864,-73.820934,150016,37.359
S10014,45.512001,-73.821556,150017,37.410
S10014,45.512130,-73.822181,150018,37.461
S10014,45.512254,-73.822808,150019,37.511
S10014,45.512371,-73.823438,150020,37.562
S10014,45.512481,-73.824070,150021,37.613
S10014,45.512556,-73.824522,150022,37.650
S10014,45.512627,-73.824974,150023,37.686
S10014,45.512695,-73.825429,150024,37.722
S10014,45.512761,-73.825883,150025,37.758
S10014,45.512832,-73.826415,150026,37.801
S10014,45.512899,-73.826949,150027,37.843
S10014,45.512962,-73.827483,150028,37.885
S10014,45.513020,-73.828020,150029,37.928
S10014,45.513150,-73.829270,150030,38.026
S10014,45.513158,-73.829359,150031,38.034
S10014,45.513171,-73.829486,150032,38.044
S10014,45.513185,-73.829613,150033,38.054
S10014,45.513227,-73.830079,150034,38.090
S10014,45.513239,-73.830207,150035,38.100
S10014,45.513248,-73.830334,150036,38.110
S10014,45.513255,-73.830412,150037,38.117
S10014,45.513349,-73.831577,150038,38.208
S10014,45.513358,-73.831704,150039,38.218
S10014,45.513370,-73.831832,150040,38.228
S10014,45.513412,-73.832292,150041,38.264
S10014,45.513425,-73.832419,150042,38.275
S10014,45.513438,-73.832545,150043,38.285
S10014,45.513616,-73.834261,150044,38.420
S10014,45.513694,-73.835021,150045,38.480
S10014,45.514433,-73.842161,150046,39.044
S10014,45.514511,-73.842920,150047,39.104
S10014,45.514534,-73.843142,150048,39.121
S10014,45.514561,-73.843395,150049,39.141
S10014,45.514592,-73.843646,150050,39.161
S10014,45.514624,-73.843859,150051,39.178
S10014,45.514661,-73.844069,150052,39.195
S10014,45.514703,-73.844278,150053,39.212
S10014,45.514752,-73.844483,150054,39.229
S10014,45.514806,-73.844686,150055,39.246
S10014,45.514864,-73.844886,150056,39.263
S10014,45.514926,-73.845074,150057,39.279
S10014,45.514993,-73.845259,150058,39.295
S10014,45.515063,-73.845441,150059,39.312
S10014,45.515139,-73.845618,150060,39.328
S10014,45.515217,-73.845789,150061,39.344
S10014,45.515299,-73.845956,150062,39.359
S10014,45.515386,-73.846118,150063,39.375
S10014,45.515477,-73.846276,150064,39.391
S10014,45.515572,-73.846429,150065,39.407
S10014,45.515695,-73.846614,150066,39.427
S10014,45.515822,-73.846796,150067,39.447
S10014,45.517250,-73.848839,150068,39.672
S10014,45.517347,-73.848979,150069,39.688
S10014,45.517445,-73.849122,150070,39.703
S10014,45.517546,-73.849276,150071,39.720
S10014,45.517645,-73.849433,150072,39.736
S10014,45.517736,-73.849583,150073,39.752
S10014,45.517826,-73.849735,150074,39.767
S10014,45.517884,-73.849831,150075,39.777
S10014,45.518232,-73.850418,150076,39.837
S10014,45.518292,-73.850520,150077,39.847
S10014,45.518381,-73.850671,150078,39.863
S10014,45.518473,-73.850822,150079,39.878
S10014,45.518569,-73.850974,150080,39.895
S10014,45.518669,-73.851126,150081,39.911
S10014,45.518766,-73.851267,150082,39.926
S10014,45.518863,-73.851409,150083,39.942
S10014,45.518935,-73.851512,150084,39.953
S10014,45.519316,-73.852057,150085,40.013
S10014,45.519825,-73.852787,150086,40.093
S10014,45.519825,-73.852787,160001,40.093
S10014,45.520101,-73.853180,160002,40.137
S10014,45.520337,-73.853516,160003,40.174
S10014,45.520459,-73.853687,160004,40.193
S10014,45.520843,-73.854226,160005,40.253
S10014,45.521001,-73.854447,160006,40.277
S10014,45.521238,-73.854783,160007,40.315
S10014,45.521296,-73.854865,160008,40.324
S10014,45.521676,-73.855410,160009,40.384
S10014,45.521750,-73.855517,160010,40.395
S10014,45.521990,-73.855864,160011,40.433
S10014,45.522107,-73.856041,160012,40.452
S10014,45.522222,-73.856222,160013,40.471
S10014,45.522341,-73.856424,160014,40.492
S10014,45.522455,-73.856632,160015,40.513
S10014,45.522564,-73.856845,160016,40.533
S10014,45.522666,-73.857065,160017,40.554
S10014,45.522765,-73.857290,160018,40.574
S10014,45.522843,-73.857483,160019,40.592
S10014,45.522918,-73.857681,160020,40.609
S10014,45.522988,-73.857882,160021,40.627
S10014,45.523054,-73.858085,160022,40.644
S10014,45.523128,-73.858334,160023,40.665
S10014,45.523194,-73.858587,160024,40.687
S10014,45.523256,-73.858842,160025,40.708
S10014,45.523309,-73.859099,160026,40.729
S10014,45.523357,-73.859361,160027,40.750
S10014,45.523388,-73.859554,160028,40.765
S10014,45.523414,-73.859749,160029,40.781
S10014,45.523438,-73.859945,160030,40.796
S10014,45.523457,-73.860142,160031,40.812
S10014,45.523472,-73.860327,160032,40.826
S10014,45.523484,-73.860512,160033,40.841
S10014,45.523492,-73.860699,160034,40.855
S10014,45.523498,-73.860943,160035,40.874
S10014,45.523500,-73.861186,160036,40.894
S10014,45.523497,-73.861672,160037,40.931
S10014,45.523488,-73.862586,160038,41.003
S10014,45.523488,-73.862586,170001,41.003
S10014,45.523480,-73.863422,170002,41.068
S10014,45.523472,-73.864190,170003,41.128
S10014,45.523451,-73.866233,170004,41.288
S10014,45.523448,-73.866493,170005,41.308
S10014,45.523439,-73.867361,170006,41.376
S10014,45.523432,-73.868112,170007,41.435
S10014,45.523428,-73.868752,170008,41.485
S10014,45.523428,-73.868752,170009,41.485
S10014,45.523430,-73.868965,170010,41.501
S10014,45.523436,-73.869179,170011,41.518
S10014,45.523445,-73.869391,170012,41.535
S10014,45.523445,-73.869391,170013,41.535
S10014,45.523461,-73.869654,170014,41.555
S10014,45.523485,-73.869915,170015,41.576
S10014,45.523515,-73.870175,170016,41.596
S10014,45.523552,-73.870433,170017,41.617
S10014,45.523594,-73.870689,170018,41.637
S10014,45.523644,-73.870943,170019,41.658
S10014,45.523699,-73.871194,170020,41.679
S10014,45.523762,-73.871443,170021,41.699
S10014,45.523830,-73.871688,170022,41.720
S10014,45.523904,-73.871929,170023,41.740
S10014,45.523985,-73.872166,170024,41.761
S10014,45.524072,-73.872398,170025,41.782
S10014,45.524072,-73.872398,170026,41.782
S10014,45.524146,-73.872584,170027,41.798
S10014,45.524223,-73.872765,170028,41.815
S10014,45.524305,-73.872945,170029,41.831
S10014,45.524305,-73.872945,170030,41.831
S10014,45.524390,-73.873120,170031,41.848
S10014,45.524479,-73.873292,170032,41.865
S10014,45.524571,-73.873459,170033,41.881
S10014,45.524571,-73.873459,170034,41.881
S10014,45.524682,-73.873649,170035,41.901
S10014,45.524799,-73.873834,170036,41.920
S10014,45.524919,-73.874014,170037,41.940
S10014,45.525043,-73.874187,170038,41.959
S10014,45.525171,-73.874354,170039,41.978
S10014,45.525171,-73.874354,170040,41.978
S10014,45.525284,-73.874493,170041,41.995
S10014,45.525400,-73.874630,170042,42.011
S10014,45.525518,-73.874761,170043,42.028
S10014,45.525518,-73.874761,170044,42.028
S10014,45.525878,-73.875145,170045,42.078
S10014,45.525878,-73.875145,170046,42.078
S10014,45.526207,-73.875491,170047,42.124
S10014,45.526536,-73.875839,170048,42.169
S10014,45.526865,-73.876186,170049,42.215
S10014,45.527194,-73.876532,170050,42.260
S10014,45.527549,-73.876906,170051,42.309
S10014,45.527828,-73.877201,170052,42.348
S10014,45.528108,-73.877495,170053,42.386
S10014,45.528340,-73.877739,170054,42.419
S10014,45.529823,-73.879302,170055,42.624
S10014,45.530167,-73.879664,170056,42.671
S10014,45.530510,-73.880025,170057,42.719
S10014,45.530785,-73.880316,170058,42.757
S10014,45.531147,-73.880698,170059,42.807
S10014,45.531508,-73.881078,170060,42.857
S10014,45.531725,-73.881307,170061,42.887
S10014,45.532159,-73.881765,170062,42.947
S10014,45.532620,-73.882249,170063,43.010
S10014,45.533054,-73.882707,170064,43.070
S10014,45.534360,-73.884084,170065,43.251
S10014,45.534613,-73.884351,170066,43.286
S10014,45.534867,-73.884618,170067,43.321
S10014,45.535566,-73.885354,170068,43.418
S10014,45.535783,-73.885583,170069,43.448
S10014,45.536000,-73.885811,170070,43.478
S10014,45.536037,-73.885851,170071,43.483
S10014,45.536145,-73.885966,170072,43.498
S10014,45.536251,-73.886086,170073,43.513
S10014,45.536334,-73.886189,170074,43.525
S10014,45.536413,-73.886297,170075,43.537
S10014,45.536488,-73.886410,170076,43.550
S10014,45.536560,-73.886530,170077,43.562
S10014,45.536644,-73.886680,170078,43.577
S10014,45.536723,-73.886835,170079,43.592
S10014,45.537274,-73.887908,170080,43.696
S10014,45.537274,-73.887910,180001,43.696
S10014,45.537527,-73.888402,180002,43.743
S10014,45.537593,-73.888532,180003,43.756
S10014,45.537657,-73.888663,180004,43.768
S10014,45.537723,-73.888812,180005,43.782
S10014,45.537785,-73.888964,180006,43.796
S10014,45.537842,-73.889122,180007,43.810
S10014,45.537894,-73.889283,180008,43.823
S10014,45.537940,-73.889446,180009,43.837
S10014,45.537977,-73.889597,180010,43.850
S10014,45.538013,-73.889750,180011,43.862
S10014,45.538034,-73.889838,180012,43.870
S10014,45.538202,-73.890568,180013,43.929
S10014,45.539042,-73.894197,180014,44.228
S10014,45.539210,-73.894927,180015,44.288
S10014,45.539748,-73.897251,180016,44.479
S10014,45.539843,-73.897664,180017,44.513
S10014,45.539939,-73.898078,180018,44.547
S10014,45.540035,-73.898491,180019,44.581
S10014,45.540131,-73.898906,180020,44.615
S10014,45.540220,-73.899293,180021,44.647
S10014,45.540291,-73.899596,180022,44.672
S10014,45.540365,-73.899898,180023,44.697
S10014,45.540429,-73.900141,180024,44.717
S10014,45.540496,-73.900381,180025,44.737
S10014,45.540567,-73.900618,180026,44.758
S10014,45.540643,-73.900853,180027,44.778
S10014,45.540722,-73.901085,180028,44.798
S10014,45.540805,-73.901315,180029,44.818
S10014,45.540892,-73.901543,180030,44.838
S10014,45.540982,-73.901767,180031,44.858
S10014,45.541076,-73.901988,180032,44.879
S10014,45.541174,-73.902207,180033,44.899
S10014,45.541275,-73.902421,180034,44.919
S10014,45.541379,-73.902632,180035,44.939
S10014,45.541513,-73.902889,180036,44.964
S10014,45.541649,-73.903143,180037,44.989
S10014,45.542093,-73.903969,180038,45.070
S10014,45.542253,-73.904266,180039,45.100
S10014,45.542413,-73.904563,180040,45.129
S10014,45.542573,-73.904861,180041,45.158
S10014,45.542734,-73.905158,180042,45.187
S10014,45.543943,-73.907404,180043,45.408
S10014,45.543998,-73.907505,180044,45.418
S10014,45.544052,-73.907607,180045,45.428
S10014,45.544170,-73.907837,180046,45.450
S10014,45.544285,-73.908071,180047,45.473
S10014,45.544396,-73.908307,180048,45.495
S10014,45.544476,-73.908486,180049,45.512
S10014,45.544554,-73.908666,180050,45.528
S10014,45.544630,-73.908847,180051,45.545
S10014,45.544704,-73.909030,180052,45.561
S10014,45.544775,-73.909217,180053,45.578
S10014,45.544845,-73.909403,180054,45.594
S10014,45.544911,-73.909592,180055,45.611
S10014,45.544977,-73.909782,180056,45.627
S10014,45.545061,-73.910041,180057,45.650
S10014,45.545141,-73.910301,180058,45.672
S10014,45.545218,-73.910566,180059,45.694
S10014,45.545250,-73.910685,180060,45.704
S10014,45.545282,-73.910804,180061,45.714
S10014,45.545321,-73.910948,180062,45.726
S10014,45.545418,-73.911307,180063,45.756
S10014,45.545516,-73.911665,180064,45.786
S10014,45.545713,-73.912394,180065,45.847
S10015,45.438003,-73.430645,10001,0.000
S10015,45.438189,-73.430060,10002,0.050
S10015,45.438301,-73.429711,10003,0.080
S10015,45.438412,-73.429361,10004,0.110
S10015,45.438572,-73.428858,10005,0.153
S10015,45.438743,-73.428321,10006,0.200
S10015,45.438826,-73.428062,10007,0.222
S10015,45.438894,-73.427847,10008,0.240
S10015,45.439019,-73.427466,10009,0.273
S10015,45.439064,-73.427340,10010,0.284
S10015,45.439111,-73.427218,10011,0.295
S10015,45.439161,-73.427097,10012,0.306
S10015,45.439226,-73.426958,10013,0.319
S10015,45.439295,-73.426822,10014,0.332
S10015,45.439369,-73.426693,10015,0.345
S10015,45.439447,-73.426569,10016,0.358
S10015,45.439530,-73.426451,10017,0.371
S10015,45.439617,-73.426339,10018,0.384
S10015,45.439708,-73.426234,10019,0.397
S10015,45.439802,-73.426135,10020,0.410
S10015,45.439900,-73.426043,10021,0.423
S10015,45.440001,-73.425959,10022,0.436
S10015,45.440105,-73.425881,10023,0.449
S10015,45.440215,-73.425809,10024,0.463
S10015,45.440328,-73.425746,10025,0.476
S10015,45.440443,-73.425691,10026,0.490
S10015,45.440559,-73.425645,10027,0.503
S10015,45.440678,-73.425608,10028,0.517
S10015,45.440798,-73.425578,10029,0.530
S10015,45.440918,-73.425559,10030,0.544
S10015,45.441039,-73.425548,10031,0.557
S10015,45.441160,-73.425547,10032,0.571
S10015,45.441281,-73.425554,10033,0.584
S10015,45.441402,-73.425571,10034,0.598
S10015,45.441522,-73.425596,10035,0.611
S10015,45.441641,-73.425631,10036,0.625
S10015,45.441758,-73.425674,10037,0.638
S10015,45.441874,-73.425726,10038,0.651
S10015,45.441987,-73.425787,10039,0.665
S10015,45.442100,-73.425858,10040,0.679
S10015,45.442209,-73.425935,10041,0.692
S10015,45.442316,-73.426022,10042,0.706
S10015,45.442419,-73.426117,10043,0.720
S10015,45.442519,-73.426219,10044,0.733
S10015,45.442614,-73.426329,10045,0.747
S10015,45.442698,-73.426435,10046,0.759
S10015,45.442779,-73.426546,10047,0.772
S10015,45.442857,-73.426662,10048,0.784
S10015,45.442931,-73.426782,10049,0.797
S10015,45.443075,-73.427027,10050,0.822
S10015,45.443216,-73.427276,10051,0.847
S10015,45.443601,-73.427967,10052,0.916
S10015,45.443723,-73.428188,10053,0.938
S10015,45.443846,-73.428409,10054,0.960
S10015,45.443969,-73.428630,10055,0.982
S10015,45.444092,-73.428851,10056,1.004
S10015,45.444470,-73.429531,10057,1.072
S10015,45.444805,-73.430133,10058,1.132
S10015,45.445218,-73.430875,10059,1.206
S10015,45.445335,-73.431086,10060,1.227
S10015,45.445454,-73.431294,10061,1.248
S10015,45.445599,-73.431542,10062,1.273
S10015,45.445748,-73.431786,10063,1.298
S10015,45.445900,-73.432024,10064,1.323
S10015,45.446056,-73.432260,10065,1.349
S10015,45.446095,-73.432316,10066,1.355
S10015,45.446227,-73.432506,10067,1.376
S10015,45.446361,-73.432696,10068,1.397
S10015,45.446437,-73.432802,10069,1.409
S10015,45.446947,-73.433524,10070,1.489
S10015,45.446947,-73.433524,20001,1.489
S10015,45.447363,-73.434112,20002,1.554
S10015,45.447512,-73.434322,20003,1.577
S10015,45.447746,-73.434652,20004,1.614
S10015,45.447961,-73.434959,20005,1.648
S10015,45.448657,-73.435946,20006,1.757
S10015,45.448925,-73.436324,20007,1.799
S10015,45.449193,-73.436700,20008,1.841
S10015,45.450485,-73.438494,20009,2.042
S10015,45.451257,-73.439568,20010,2.162
S10015,45.452472,-73.441256,20011,2.350
S10015,45.452925,-73.441885,20012,2.421
S10015,45.453351,-73.442479,20013,2.487
S10015,45.453804,-73.443114,20014,2.558
S10015,45.454258,-73.443749,20015,2.629
S10015,45.454559,-73.444166,20016,2.675
S10015,45.454711,-73.444372,20017,2.699
S10015,45.455047,-73.444826,20018,2.750
S10015,45.455291,-73.445157,20019,2.788
S10015,45.455536,-73.445487,20020,2.825
S10015,45.455736,-73.445759,20021,2.856
S10015,45.455935,-73.446033,20022,2.887
S10015,45.456179,-73.446375,20023,2.925
S10015,45.456424,-73.446716,20024,2.963
S10015,45.456804,-73.447247,20025,3.022
S10015,45.457388,-73.448070,20026,3.114
S10015,45.458179,-73.449191,20027,3.238
S10015,45.458452,-73.449574,20028,3.280
S10015,45.458725,-73.449956,20029,3.323
S10015,45.458895,-73.450193,20030,3.349
S10015,45.459336,-73.450803,20031,3.418
S10015,45.459776,-73.451414,20032,3.486
S10015,45.462501,-73.455194,20033,3.909
S10015,45.462745,-73.455534,20034,3.947
S10015,45.462864,-73.455708,20035,3.966
S10015,45.462982,-73.455886,20036,3.986
S10015,45.463076,-73.456033,20037,4.001
S10015,45.463167,-73.456184,20038,4.017
S10015,45.463295,-73.456407,20039,4.039
S10015,45.463418,-73.456636,20040,4.062
S10015,45.463536,-73.456870,20041,4.084
S10015,45.463649,-73.457109,20042,4.107
S10015,45.463756,-73.457353,20043,4.129
S10015,45.463858,-73.457603,20044,4.152
S10015,45.463954,-73.457857,20045,4.174
S10015,45.464045,-73.458114,20046,4.197
S10015,45.464130,-73.458376,20047,4.219
S10015,45.464208,-73.458641,20048,4.242
S10015,45.464281,-73.458910,20049,4.264
S10015,45.464348,-73.459182,20050,4.287
S10015,45.464407,-73.459447,20051,4.309
S10015,45.464459,-73.459715,20052,4.330
S10015,45.464507,-73.459984,20053,4.352
S10015,45.464549,-73.460257,20054,4.374
S10015,45.464584,-73.460530,20055,4.396
S10015,45.464614,-73.460805,20056,4.418
S10015,45.464638,-73.461082,20057,4.439
S10015,45.464654,-73.461323,20058,4.458
S10015,45.464666,-73.461566,20059,4.477
S10015,45.464686,-73.462052,20060,4.516
S10015,45.464703,-73.462511,20061,4.551
S10015,45.464727,-73.463149,20062,4.601
S10015,45.464750,-73.463787,20063,4.652
S10015,45.464803,-73.465202,20064,4.762
S10015,45.464819,-73.465628,20065,4.796
S10015,45.464835,-73.466055,20066,4.829
S10015,45.464850,-73.466422,20067,4.858
S10015,45.464867,-73.466787,20068,4.886
S10015,45.464873,-73.466924,20069,4.897
S10015,45.464913,-73.467750,20070,4.962
S10015,45.464934,-73.468177,20071,4.995
S10015,45.464951,-73.468544,20072,5.024
S10015,45.464965,-73.468911,20073,5.053
S10015,45.464976,-73.469218,20074,5.077
S10015,45.465012,-73.470171,20075,5.152
S10015,45.465012,-73.470171,30001,5.152
S10015,45.465058,-73.471395,30002,5.247
S10015,45.465062,-73.471523,30003,5.257
S10015,45.465075,-73.471908,30004,5.287
S10015,45.465086,-73.472291,30005,5.317
S10015,45.465096,-73.472894,30006,5.364
S10015,45.465104,-73.473353,30007,5.400
S10015,45.465104,-73.473353,30008,5.400
S10015,45.465107,-73.473492,30009,5.411
S10015,45.465107,-73.473492,30010,5.411
S10015,45.465117,-73.473933,30011,5.446
S10015,45.465117,-73.473933,30012,5.446
S10015,45.465131,-73.474376,30013,5.480
S10015,45.465141,-73.474667,30014,5.503
S10015,45.465199,-73.476272,30015,5.629
S10015,45.465199,-73.476272,30016,5.629
S10015,45.465208,-73.476496,30017,5.646
S10015,45.465227,-73.476974,30018,5.684
S10015,45.465262,-73.477675,30019,5.739
S10015,45.465284,-73.478033,30020,5.767
S10015,45.465305,-73.478374,30021,5.794
S10015,45.465305,-73.478374,30022,5.794
S10015,45.465331,-73.478757,30023,5.824
S10015,45.465358,-73.479138,30024,5.854
S10015,45.465358,-73.479138,30025,5.854
S10015,45.465375,-73.479359,30026,5.871
S10015,45.465585,-73.482019,30027,6.080
S10015,45.465585,-73.482019,30028,6.080
S10015,45.465641,-73.482689,30029,6.133
S10015,45.465703,-73.483356,30030,6.186
S10015,45.465773,-73.484023,30031,6.239
S10015,45.465848,-73.484689,30032,6.291
S10015,45.465930,-73.485353,30033,6.344
S10015,45.465930,-73.485353,30034,6.344
S10015,45.465976,-73.485708,30035,6.372
S10015,45.466025,-73.486062,30036,6.401
S10015,45.466122,-73.486758,30037,6.456
S10015,45.466219,-73.487452,30038,6.511
S10015,45.466219,-73.487452,30039,6.511
S10015,45.466334,-73.488285,30040,6.578
S10015,45.466334,-73.488285,30041,6.578
S10015,45.466447,-73.489117,30042,6.644
S10015,45.466447,-73.489117,30043,6.644
S10015,45.466628,-73.490458,30044,6.751
S10015,45.466802,-73.491800,30045,6.857
S10015,45.466974,-73.493143,30046,6.964
S10015,45.466974,-73.493143,30047,6.964
S10015,45.467095,-73.494106,30048,7.041
S10015,45.467213,-73.495071,30049,7.117
S10015,45.467213,-73.495071,30050,7.117
S10015,45.467330,-73.496036,30051,7.194
S10015,45.467444,-73.497003,30052,7.271
S10015,45.467444,-73.497003,30053,7.271
S10015,45.467556,-73.497968,30054,7.347
S10015,45.467666,-73.498935,30055,7.424
S10015,45.467666,-73.498935,30056,7.424
S10015,45.467774,-73.499903,30057,7.500
S10015,45.467881,-73.500870,30058,7.577
S10015,45.467881,-73.500870,30059,7.577
S10015,45.467984,-73.501839,30060,7.653
S10015,45.468086,-73.502807,30061,7.730
S10015,45.468293,-73.504795,30062,7.887
S10015,45.468499,-73.506781,30063,8.044
S10015,45.468705,-73.508768,30064,8.201
S10015,45.468912,-73.510754,30065,8.358
S10015,45.468912,-73.510754,30066,8.358
S10015,45.468996,-73.511579,30067,8.423
S10015,45.469078,-73.512404,30068,8.488
S10015,45.469078,-73.512404,30069,8.488
S10015,45.469158,-73.513229,30070,8.553
S10015,45.469234,-73.514055,30071,8.619
S10015,45.469234,-73.514055,30072,8.619
S10015,45.469308,-73.514881,30073,8.684
S10015,45.469379,-73.515708,30074,8.749
S10015,45.469379,-73.515708,30075,8.749
S10015,45.469449,-73.516535,30076,8.814
S10015,45.469515,-73.517362,30077,8.879
S10015,45.469515,-73.517362,30078,8.879
S10015,45.469515,-73.517362,30079,8.879
S10015,45.469614,-73.518661,30080,8.981
S10015,45.469707,-73.519960,30081,9.083
S10015,45.469793,-73.521259,30082,9.185
S10015,45.469874,-73.522560,30083,9.288
S10015,45.469948,-73.523861,30084,9.390
S10015,45.470016,-73.525163,30085,9.492
S10015,45.470077,-73.526465,30086,9.594
S10015,45.470132,-73.527768,30087,9.696
S10015,45.470180,-73.529072,30088,9.798
S10015,45.470223,-73.530376,30089,9.900
S10015,45.470260,-73.531680,30090,10.002
S10015,45.470289,-73.532985,30091,10.104
S10015,45.470313,-73.534290,30092,10.206
S10015,45.470313,-73.534290,30093,10.206
S10015,45.470319,-73.534793,30094,10.245
S10015,45.470325,-73.535605,30095,10.309
S10015,45.470325,-73.535605,30096,10.309
S10015,45.470330,-73.536274,30097,10.361
S10015,45.470339,-73.537011,30098,10.419
S10015,45.470344,-73.537412,30099,10.450
S10015,45.470357,-73.538538,30100,10.538
S10015,45.470357,-73.538538,40001,10.538
S10015,45.470371,-73.539771,40002,10.635
S10015,45.470372,-73.539869,40003,10.642
S10015,45.470372,-73.539869,40004,10.642
S10015,45.470374,-73.540067,40005,10.658
S10015,45.470374,-73.540067,40006,10.658
S10015,45.470378,-73.540266,40007,10.673
S10015,45.470378,-73.540266,40008,10.673
S10015,45.470388,-73.540639,40009,10.703
S10015,45.470388,-73.540639,40010,10.703
S10015,45.470395,-73.540836,40011,10.718
S10015,45.470395,-73.540836,40012,10.718
S10015,45.470404,-73.541034,40013,10.733
S10015,45.470411,-73.541179,40014,10.745
S10015,45.470521,-73.543684,40015,10.941
S10015,45.470521,-73.543684,40016,10.941
S10015,45.470535,-73.543955,40017,10.962
S10015,45.470551,-73.544225,40018,10.984
S10015,45.470551,-73.544225,40019,10.984
S10015,45.470565,-73.544406,40020,10.998
S10015,45.470585,-73.544583,40021,11.012
S10015,45.470611,-73.544761,40022,11.026
S10015,45.470611,-73.544761,40023,11.026
S10015,45.470638,-73.544911,40024,11.038
S10015,45.470669,-73.545059,40025,11.050
S10015,45.470706,-73.545205,40026,11.062
S10015,45.470706,-73.545205,40027,11.062
S10015,45.470754,-73.545369,40028,11.076
S10015,45.470808,-73.545527,40029,11.090
S10015,45.470867,-73.545683,40030,11.104
S10015,45.470867,-73.545683,40031,11.104
S10015,45.470933,-73.545834,40032,11.118
S10015,45.471004,-73.545979,40033,11.132
S10015,45.471080,-73.546120,40034,11.146
S10015,45.471080,-73.546120,40035,11.146
S10015,45.471163,-73.546257,40036,11.160
S10015,45.471250,-73.546388,40037,11.174
S10015,45.471341,-73.546514,40038,11.188
S10015,45.471341,-73.546514,40039,11.188
S10015,45.471482,-73.546697,40040,11.209
S10015,45.471625,-73.546879,40041,11.230
S10015,45.472187,-73.547580,40042,11.313
S10015,45.472187,-73.547580,40043,11.313
S10015,45.472340,-73.547768,40044,11.336
S10015,45.472495,-73.547954,40045,11.358
S10015,45.472495,-73.547954,40046,11.358
S10015,45.472601,-73.548073,40047,11.373
S10015,45.472710,-73.548184,40048,11.388
S10015,45.472823,-73.548288,40049,11.403
S10015,45.472823,-73.548288,40050,11.403
S10015,45.472927,-73.548375,40051,11.417
S10015,45.473035,-73.548453,40052,11.430
S10015,45.473145,-73.548525,40053,11.444
S10015,45.473258,-73.548587,40054,11.457
S10015,45.473373,-73.548641,40055,11.471
S10015,45.473373,-73.548641,40056,11.471
S10015,45.473481,-73.548685,40057,11.483
S10015,45.473590,-73.548721,40058,11.495
S10015,45.473700,-73.548749,40059,11.508
S10015,45.473700,-73.548749,40060,11.508
S10015,45.473812,-73.548771,40061,11.521
S10015,45.473923,-73.548785,40062,11.533
S10015,45.474035,-73.548791,40063,11.545
S10015,45.474035,-73.548791,40064,11.545
S10015,45.474147,-73.548790,40065,11.558
S10015,45.474259,-73.548781,40066,11.570
S10015,45.474371,-73.548765,40067,11.583
S10015,45.474371,-73.548765,40068,11.583
S10015,45.474482,-73.548742,40069,11.595
S10015,45.474592,-73.548710,40070,11.608
S10015,45.474701,-73.548672,40071,11.620
S10015,45.474701,-73.548672,40072,11.620
S10015,45.474816,-73.548623,40073,11.634
S10015,45.474929,-73.548566,40074,11.647
S10015,45.475040,-73.548501,40075,11.660
S10015,45.475149,-73.548428,40076,11.674
S10015,45.475254,-73.548347,40077,11.687
S10015,45.475357,-73.548259,40078,11.700
S10015,45.475457,-73.548163,40079,11.714
S10015,45.475553,-73.548061,40080,11.727
S10015,45.475553,-73.548061,40081,11.727
S10015,45.475657,-73.547940,40082,11.742
S10015,45.475757,-73.547811,40083,11.757
S10015,45.475851,-73.547675,40084,11.772
S10015,45.475851,-73.547675,40085,11.772
S10015,45.475990,-73.547465,40086,11.794
S10015,45.476127,-73.547253,40087,11.817
S10015,45.476406,-73.546812,40088,11.863
S10015,45.476685,-73.546372,40089,11.910
S10015,45.476685,-73.546372,40090,11.910
S10015,45.476899,-73.546039,40091,11.945
S10015,45.476899,-73.546039,40092,11.945
S10015,45.477007,-73.545875,40093,11.962
S10015,45.477117,-73.545715,40094,11.980
S10015,45.477117,-73.545715,40095,11.980
S10015,45.477117,-73.545715,40096,11.980
S10015,45.477253,-73.545531,40097,12.001
S10015,45.477393,-73.545352,40098,12.022
S10015,45.477537,-73.545181,40099,12.043
S10015,45.477684,-73.545017,40100,12.063
S10015,45.477837,-73.544860,40101,12.084
S10015,45.477991,-73.544711,40102,12.105
S10015,45.478151,-73.544569,40103,12.126
S10015,45.478313,-73.544433,40104,12.147
S10015,45.478478,-73.544307,40105,12.168
S10015,45.478646,-73.544188,40106,12.189
S10015,45.478816,-73.544077,40107,12.209
S10015,45.478990,-73.543975,40108,12.230
S10015,45.479165,-73.543880,40109,12.251
S10015,45.479342,-73.543795,40110,12.272
S10015,45.479342,-73.543795,40111,12.272
S10015,45.479494,-73.543728,40112,12.290
S10015,45.479647,-73.543667,40113,12.307
S10015,45.479647,-73.543667,40114,12.307
S10015,45.479952,-73.543552,40115,12.342
S10015,45.480438,-73.543373,40116,12.398
S10015,45.481526,-73.542971,40117,12.523
S10015,45.482049,-73.542779,40118,12.583
S10015,45.482965,-73.542441,40119,12.688
S10015,45.483005,-73.542426,40120,12.693
S10015,45.483005,-73.542426,40121,12.693
S10015,45.483313,-73.542315,40122,12.728
S10015,45.483313,-73.542315,40123,12.728
S10015,45.483468,-73.542264,40124,12.746
S10015,45.483624,-73.542219,40125,12.764
S10015,45.483624,-73.542219,40126,12.764
S10015,45.483781,-73.542181,40127,12.781
S10015,45.483939,-73.542153,40128,12.799
S10015,45.483939,-73.542153,40129,12.799
S10015,45.484044,-73.542139,40130,12.811
S10015,45.484150,-73.542133,40131,12.823
S10015,45.484256,-73.542132,40132,12.835
S10015,45.484256,-73.542132,40133,12.835
S10015,45.484256,-73.542132,40134,12.835
S10015,45.484386,-73.542139,40135,12.849
S10015,45.484514,-73.542157,40136,12.863
S10015,45.484641,-73.542184,40137,12.878
S10015,45.484768,-73.542223,40138,12.892
S10015,45.484892,-73.542270,40139,12.906
S10015,45.485016,-73.542327,40140,12.921
S10015,45.485135,-73.542393,40141,12.935
S10015,45.485253,-73.542469,40142,12.949
S10015,45.485367,-73.542553,40143,12.964
S10015,45.485479,-73.542647,40144,12.978
S10015,45.485586,-73.542749,40145,12.992
S10015,45.485689,-73.542859,40146,13.007
S10015,45.485788,-73.542977,40147,13.021
S10015,45.485883,-73.543103,40148,13.036
S10015,45.485972,-73.543234,40149,13.050
S10015,45.486056,-73.543374,40150,13.064
S10015,45.486135,-73.543520,40151,13.079
S10015,45.486207,-73.543671,40152,13.093
S10015,45.486275,-73.543828,40153,13.107
S10015,45.486335,-73.543989,40154,13.121
S10015,45.486390,-73.544156,40155,13.136
S10015,45.486438,-73.544326,40156,13.150
S10015,45.486480,-73.544500,40157,13.165
S10015,45.486515,-73.544677,40158,13.179
S10015,45.486543,-73.544856,40159,13.193
S10015,45.486563,-73.545037,40160,13.208
S10015,45.486578,-73.545219,40161,13.222
S10015,45.486585,-73.545402,40162,13.236
S10015,45.486585,-73.545586,40163,13.251
S10015,45.486577,-73.545769,40164,13.265
S10015,45.486564,-73.545952,40165,13.279
S10015,45.486564,-73.545952,40166,13.279
S10015,45.486546,-73.546112,40167,13.292
S10015,45.486523,-73.546270,40168,13.305
S10015,45.486497,-73.546428,40169,13.317
S10015,45.486465,-73.546584,40170,13.330
S10015,45.486465,-73.546584,40171,13.330
S10015,45.486397,-73.546892,40172,13.355
S10015,45.486326,-73.547198,40173,13.380
S10015,45.486293,-73.547331,40174,13.392
S10015,45.486119,-73.548057,40175,13.451
S10015,45.485334,-73.551324,40176,13.721
S10015,45.485334,-73.551324,40177,13.721
S10015,45.485277,-73.551566,40178,13.741
S10015,45.485222,-73.551810,40179,13.761
S10015,45.485222,-73.551810,40180,13.761
S10015,45.485188,-73.551974,40181,13.775
S10015,45.485159,-73.552139,40182,13.788
S10015,45.485136,-73.552305,40183,13.801
S10015,45.485136,-73.552305,40184,13.801
S10015,45.485136,-73.552305,40185,13.801
S10015,45.485116,-73.552485,40186,13.816
S10015,45.485103,-73.552667,40187,13.830
S10015,45.485097,-73.552850,40188,13.844
S10015,45.485098,-73.553033,40189,13.858
S10015,45.485105,-73.553214,40190,13.873
S10015,45.485119,-73.553396,40191,13.887
S10015,45.485140,-73.553576,40192,13.901
S10015,45.485167,-73.553754,40193,13.915
S10015,45.485202,-73.553931,40194,13.930
S10015,45.485242,-73.554104,40195,13.944
S10015,45.485242,-73.554104,40196,13.944
S10015,45.485281,-73.554247,40197,13.956
S10015,45.485325,-73.554386,40198,13.968
S10015,45.485372,-73.554523,40199,13.980
S10015,45.485424,-73.554658,40200,13.992
S10015,45.485481,-73.554788,40201,14.004
S10015,45.485481,-73.554788,40202,14.004
S10015,45.485481,-73.554788,40203,14.004
S10015,45.485555,-73.554943,40204,14.018
S10015,45.485635,-73.555092,40205,14.033
S10015,45.485720,-73.555234,40206,14.048
S10015,45.485811,-73.555368,40207,14.062
S10015,45.485906,-73.555496,40208,14.077
S10015,45.486007,-73.555616,40209,14.091
S10015,45.486111,-73.555729,40210,14.106
S10015,45.486220,-73.555834,40211,14.121
S10015,45.486333,-73.555929,40212,14.135
S10015,45.486450,-73.556016,40213,14.150
S10015,45.486569,-73.556094,40214,14.164
S10015,45.486692,-73.556163,40215,14.179
S10015,45.486816,-73.556222,40216,14.194
S10015,45.486943,-73.556271,40217,14.208
S10015,45.487071,-73.556311,40218,14.223
S10015,45.487071,-73.556311,40219,14.223
S10015,45.487189,-73.556339,40220,14.236
S10015,45.487308,-73.556360,40221,14.249
S10015,45.487427,-73.556374,40222,14.262
S10015,45.487427,-73.556374,40223,14.262
S10015,45.487607,-73.556388,40224,14.283
S10015,45.487787,-73.556400,40225,14.303
S10015,45.487829,-73.556402,40226,14.307
S10015,45.488710,-73.556449,40227,14.405
S10015,45.488877,-73.556458,40228,14.424
S10015,45.488877,-73.556458,40229,14.424
S10015,45.489057,-73.556468,40230,14.444
S10015,45.489057,-73.556468,40231,14.444
S10015,45.489237,-73.556473,40232,14.464
S10015,45.489237,-73.556473,40233,14.464
S10015,45.489446,-73.556472,40234,14.487
S10015,45.489654,-73.556459,40235,14.510
S10015,45.489654,-73.556459,40236,14.510
S10015,45.489808,-73.556444,40237,14.527
S10015,45.489808,-73.556444,40238,14.527
S10015,45.489988,-73.556420,40239,14.547
S10015,45.489988,-73.556420,40240,14.547
S10015,45.490167,-73.556392,40241,14.567
S10015,45.490241,-73.556381,40242,14.576
S10015,45.490714,-73.556307,40243,14.628
S10015,45.490714,-73.556307,40244,14.628
S10015,45.490778,-73.556297,40245,14.636
S10015,45.490778,-73.556297,40246,14.636
S10015,45.491098,-73.556250,40247,14.671
S10015,45.491418,-73.556209,40248,14.707
S10015,45.492132,-73.556124,40249,14.787
S10015,45.492433,-73.556087,40250,14.820
S10015,45.492733,-73.556052,40251,14.854
S10015,45.493012,-73.556019,40252,14.885
S10015,45.493012,-73.556019,40253,14.885
S10015,45.493326,-73.555986,40254,14.920
S10015,45.493326,-73.555986,40255,14.920
S10015,45.493431,-73.555978,40256,14.931
S10015,45.493536,-73.555976,40257,14.943
S10015,45.493640,-73.555978,40258,14.955
S10015,45.493640,-73.555978,40259,14.955
S10015,45.493654,-73.555980,40260,14.956
S10015,45.493654,-73.555980,40261,14.956
S10015,45.493654,-73.555980,40262,14.956
S10015,45.493782,-73.555991,40263,14.970
S10015,45.493910,-73.556012,40264,14.985
S10015,45.494037,-73.556041,40265,14.999
S10015,45.494163,-73.556080,40266,15.013
S10015,45.494288,-73.556126,40267,15.028
S10015,45.494410,-73.556181,40268,15.042
S10015,45.494531,-73.556245,40269,15.056
S10015,45.494531,-73.556245,40270,15.056
S10015,45.494531,-73.556245,40271,15.056
S10015,45.494656,-73.556322,40272,15.071
S10015,45.494777,-73.556407,40273,15.086
S10015,45.494896,-73.556500,40274,15.101
S10015,45.495011,-73.556603,40275,15.117
S10015,45.495123,-73.556714,40276,15.132
S10015,45.495230,-73.556832,40277,15.147
S10015,45.495230,-73.556832,40278,15.147
S10015,45.495322,-73.556945,40279,15.160
S10015,45.495410,-73.557064,40280,15.174
S10015,45.495494,-73.557188,40281,15.187
S10015,45.495574,-73.557317,40282,15.201
S10015,45.495574,-73.557317,40283,15.201
S10015,45.495665,-73.557477,40284,15.217
S10015,45.495751,-73.557644,40285,15.233
S10015,45.495751,-73.557644,40286,15.233
S10015,45.495914,-73.557984,40287,15.265
S10015,45.496146,-73.558476,40288,15.312
S10015,45.496446,-73.559113,40289,15.371
S10015,45.496547,-73.559327,40290,15.392
S10015,45.496547,-73.559327,40291,15.392
S10015,45.496758,-73.559776,40292,15.434
S10015,45.497342,-73.561026,40293,15.551
S10015,45.497640,-73.561662,40294,15.611
S10015,45.497915,-73.562248,40295,15.666
S10015,45.498214,-73.562889,40296,15.726
S10015,45.498252,-73.562969,40297,15.734
S10015,45.498538,-73.563574,40298,15.790
S10015,45.498813,-73.564147,40299,15.845
S10015,45.499072,-73.564689,40300,15.896
S10015,45.499117,-73.564781,40301,15.905
S10015,45.499175,-73.564901,40302,15.916
S10015,45.499401,-73.565366,40303,15.960
S10015,45.499707,-73.565998,40304,16.020
S10015,45.500115,-73.566838,40305,16.100
S10015,45.500115,-73.566838,50001,16.100
S10015,45.500177,-73.566966,50002,16.112
S10015,45.500484,-73.567599,50003,16.172
S10015,45.500790,-73.568230,50004,16.232
S10015,45.500895,-73.568448,50005,16.253
S10015,45.500961,-73.568588,50006,16.266
S10015,45.501023,-73.568732,50007,16.279
S10015,45.501080,-73.568878,50008,16.292
S10015,45.501143,-73.569053,50009,16.308
S10015,45.501235,-73.569326,50010,16.331
S10015,45.501273,-73.569433,50011,16.340
S10015,45.501317,-73.569538,50012,16.350
S10015,45.501362,-73.569640,50013,16.359
S10015,45.501728,-73.570390,50014,16.431
S10015,45.501936,-73.570816,50015,16.471
S10015,45.502182,-73.571322,50016,16.519
S10015,45.502187,-73.571332,50017,16.520
S10015,45.502695,-73.572374,50018,16.619
S10015,45.502695,-73.572374,60001,16.619
S10015,45.502769,-73.572527,60002,16.634
S10015,45.502859,-73.572714,60003,16.652
S10015,45.502949,-73.572902,60004,16.669
S10015,45.503066,-73.573163,60005,16.694
S10015,45.503179,-73.573428,60006,16.718
S10015,45.503287,-73.573700,60007,16.742
S10015,45.503390,-73.573974,60008,16.766
S10015,45.503487,-73.574251,60009,16.791
S10015,45.503578,-73.574534,60010,16.815
S10015,45.503664,-73.574820,60011,16.839
S10015,45.503745,-73.575109,60012,16.863
S10015,45.503820,-73.575401,60013,16.888
S10015,45.503889,-73.575695,60014,16.912
S10015,45.503953,-73.575992,60015,16.936
S10015,45.504010,-73.576293,60016,16.961
S10015,45.504045,-73.576492,60017,16.977
S10015,45.504078,-73.576690,60018,16.993
S10015,45.504590,-73.579744,60019,17.238
S10015,45.504761,-73.580762,60020,17.320
S10015,45.507269,-73.595677,60021,18.518
S10015,45.507445,-73.596729,60022,18.603
S10015,45.510126,-73.612697,60023,19.886
S10015,45.510126,-73.612697,70001,19.886
S10015,45.512386,-73.626169,70002,20.968
S10015,45.512507,-73.626893,70003,21.026
S10015,45.512944,-73.629486,70004,21.234
S10015,45.512995,-73.629793,70005,21.259
S10015,45.513111,-73.630480,70006,21.314
S10015,45.513214,-73.631095,70007,21.363
S10015,45.513279,-73.631477,70008,21.394
S10015,45.513439,-73.632438,70009,21.471
S10015,45.513464,-73.632582,70010,21.483
S10015,45.513489,-73.632725,70011,21.494
S10015,45.513535,-73.632958,70012,21.513
S10015,45.513588,-73.633189,70013,21.532
S10015,45.513646,-73.633417,70014,21.551
S10015,45.513684,-73.633554,70015,21.563
S10015,45.513723,-73.633689,70016,21.574
S10015,45.513962,-73.634521,70017,21.644
S10015,45.513962,-73.634521,80001,21.644
S10015,45.514178,-73.635267,80002,21.707
S10015,45.514519,-73.636452,80003,21.807
S10015,45.515297,-73.639151,80004,22.035
S10015,45.515810,-73.640930,80005,22.186
S10015,45.516091,-73.641902,80006,22.268
S10015,45.516432,-73.643086,80007,22.367
S10015,45.516563,-73.643538,80008,22.406
S10015,45.516563,-73.643538,90001,22.406
S10015,45.517663,-73.647356,90002,22.728
S10015,45.518004,-73.648541,90003,22.828
S10015,45.519599,-73.654074,90004,23.295
S10015,45.519951,-73.655296,90005,23.398
S10015,45.520056,-73.655662,90006,23.429
S10015,45.520200,-73.656154,90007,23.471
S10015,45.520346,-73.656643,90008,23.512
S10015,45.520570,-73.657387,90009,23.576
S10015,45.520696,-73.657809,90010,23.611
S10015,45.520820,-73.658232,90011,23.647
S10015,45.520954,-73.658698,90012,23.686
S10015,45.521025,-73.658949,90013,23.708
S10015,45.521289,-73.659878,90014,23.786
S10015,45.521849,-73.661854,90015,23.952
S10015,45.521849,-73.661854,100001,23.952
S10015,45.522251,-73.663273,100002,24.072
S10015,45.522309,-73.663479,100003,24.089
S10015,45.522469,-73.664043,100004,24.137
S10015,45.522629,-73.664607,100005,24.184
S10015,45.523057,-73.666116,100006,24.311
S10015,45.523259,-73.666822,100007,24.371
S10015,45.523568,-73.667885,100008,24.461
S10015,45.523718,-73.668399,100009,24.504
S10015,45.523868,-73.668914,100010,24.548
S10015,45.523975,-73.669283,100011,24.579
S10015,45.524181,-73.669993,100012,24.639
S10015,45.524291,-73.670369,100013,24.671
S10015,45.524442,-73.670890,100014,24.715
S10015,45.524902,-73.672490,100015,24.850
S10015,45.524902,-73.672490,110001,24.850
S10015,45.525065,-73.673055,110002,24.898
S10015,45.525406,-73.674241,110003,24.998
S10015,45.526757,-73.678931,110004,25.394
S10015,45.526975,-73.679690,110005,25.458
S10015,45.527401,-73.681170,110006,25.583
S10015,45.527827,-73.682651,110007,25.708
S10015,45.528063,-73.683474,110008,25.777
S10015,45.528171,-73.683846,110009,25.808
S10015,45.528231,-73.684053,110010,25.826
S10015,45.528289,-73.684261,110011,25.843
S10015,45.528379,-73.684598,110012,25.872
S10015,45.528463,-73.684939,110013,25.900
S10015,45.528542,-73.685282,110014,25.928
S10015,45.528615,-73.685628,110015,25.956
S10015,45.528682,-73.685975,110016,25.984
S10015,45.528743,-73.686326,110017,26.013
S10015,45.528799,-73.686677,110018,26.041
S10015,45.528849,-73.687032,110019,26.069
S10015,45.528893,-73.687387,110020,26.097
S10015,45.528931,-73.687744,110021,26.125
S10015,45.528934,-73.687770,110022,26.127
S10015,45.528936,-73.687794,110023,26.129
S10015,45.528939,-73.687821,110024,26.131
S10015,45.528941,-73.687845,110025,26.133
S10015,45.528943,-73.687871,110026,26.135
S10015,45.528945,-73.687896,110027,26.137
S10015,45.528948,-73.687922,110028,26.139
S10015,45.528949,-73.687946,110029,26.141
S10015,45.528952,-73.687973,110030,26.143
S10015,45.528954,-73.687997,110031,26.145
S10015,45.528971,-73.688256,110032,26.165
S10015,45.528984,-73.688516,110033,26.186
S10015,45.528989,-73.688777,110034,26.206
S10015,45.528988,-73.689037,110035,26.226
S10015,45.528985,-73.689197,110036,26.239
S10015,45.528980,-73.689357,110037,26.251
S10015,45.528953,-73.690272,110038,26.323
S10015,45.528953,-73.690272,120001,26.323
S10015,45.528933,-73.690947,120002,26.376
S10015,45.528928,-73.691107,120003,26.388
S10015,45.528922,-73.691267,120004,26.401
S10015,45.528909,-73.691501,120005,26.419
S10015,45.528891,-73.691736,120006,26.438
S10015,45.528868,-73.691968,120007,26.456
S10015,45.528841,-73.692200,120008,26.474
S10015,45.528807,-73.692430,120009,26.493
S10015,45.528803,-73.692455,120010,26.494
S10015,45.528800,-73.692480,120011,26.497
S10015,45.528796,-73.692505,120012,26.498
S10015,45.528792,-73.692530,120013,26.500
S10015,45.528788,-73.692555,120014,26.502
S10015,45.528783,-73.692580,120015,26.505
S10015,45.528780,-73.692604,120016,26.506
S10015,45.528775,-73.692630,120017,26.509
S10015,45.528771,-73.692654,120018,26.511
S10015,45.528766,-73.692680,120019,26.513
S10015,45.528703,-73.693034,120020,26.541
S10015,45.528634,-73.693387,120021,26.570
S10015,45.528562,-73.693738,120022,26.598
S10015,45.528484,-73.694086,120023,26.627
S10015,45.528401,-73.694433,120024,26.655
S10015,45.528348,-73.694644,120025,26.673
S10015,45.528293,-73.694853,120026,26.690
S10015,45.528236,-73.695063,120027,26.708
S10015,45.528178,-73.695270,120028,26.725
S10015,45.528117,-73.695478,120029,26.743
S10015,45.528056,-73.695685,120030,26.760
S10015,45.527991,-73.695889,120031,26.778
S10015,45.527926,-73.696093,120032,26.795
S10015,45.527805,-73.696456,120033,26.827
S10015,45.527704,-73.696742,120034,26.852
S10015,45.527602,-73.697026,120035,26.877
S10015,45.527389,-73.697617,120036,26.928
S10015,45.527177,-73.698206,120037,26.980
S10015,45.526965,-73.698796,120038,27.032
S10015,45.526752,-73.699385,120039,27.084
S10015,45.526571,-73.699895,120040,27.128
S10015,45.526392,-73.700409,120041,27.173
S10015,45.526367,-73.700481,120042,27.179
S10015,45.526265,-73.700780,120043,27.205
S10015,45.526129,-73.701173,120044,27.239
S10015,45.525939,-73.701724,120045,27.288
S10015,45.525744,-73.702271,120046,27.335
S10015,45.525600,-73.702669,120047,27.370
S10015,45.524299,-73.706283,120048,27.688
S10015,45.523888,-73.707423,120049,27.788
S10015,45.523282,-73.709104,120050,27.935
S10015,45.523110,-73.709589,120051,27.978
S10015,45.522940,-73.710076,120052,28.020
S10015,45.522694,-73.710791,120053,28.082
S10015,45.522523,-73.711278,120054,28.125
S10015,45.522351,-73.711762,120055,28.167
S10015,45.522058,-73.712574,120056,28.238
S10015,45.522058,-73.712574,130001,28.238
S10015,45.521740,-73.713455,130002,28.316
S10015,45.521587,-73.713862,130003,28.352
S10015,45.521431,-73.714268,130004,28.388
S10015,45.520710,-73.716103,130005,28.552
S10015,45.520552,-73.716522,130006,28.589
S10015,45.520397,-73.716944,130007,28.627
S10015,45.519313,-73.719963,130008,28.892
S10015,45.519050,-73.720695,130009,28.956
S10015,45.518798,-73.721405,130010,29.018
S10015,45.518712,-73.721644,130011,29.039
S10015,45.518535,-73.722136,130012,29.082
S10015,45.518337,-73.722689,130013,29.130
S10015,45.518139,-73.723241,130014,29.179
S10015,45.517925,-73.723838,130015,29.231
S10015,45.517756,-73.724308,130016,29.273
S10015,45.517586,-73.724778,130017,29.314
S10015,45.517417,-73.725247,130018,29.355
S10015,45.517249,-73.725718,130019,29.396
S10015,45.517080,-73.726188,130020,29.438
S10015,45.516910,-73.726659,130021,29.479
S10015,45.516741,-73.727129,130022,29.520
S10015,45.516573,-73.727598,130023,29.561
S10015,45.516280,-73.728412,130024,29.633
S10015,45.516059,-73.729028,130025,29.687
S10015,45.515837,-73.729644,130026,29.741
S10015,45.515748,-73.729893,130027,29.763
S10015,45.515600,-73.730314,130028,29.799
S10015,45.515577,-73.730382,130029,29.805
S10015,45.515454,-73.730734,130030,29.836
S10015,45.515454,-73.730734,130031,29.836
S10015,45.515210,-73.731448,130032,29.898
S10015,45.515042,-73.731933,130033,29.940
S10015,45.514966,-73.732149,130034,29.959
S10015,45.514871,-73.732416,130035,29.983
S10015,45.514871,-73.732416,130036,29.983
S10015,45.513402,-73.736509,130037,30.342
S10015,45.512771,-73.738410,130038,30.506
S10015,45.512725,-73.738556,130039,30.518
S10015,45.512679,-73.738703,130040,30.531
S10015,45.512673,-73.738724,130041,30.533
S10015,45.512597,-73.738954,130042,30.552
S10015,45.512546,-73.739097,130043,30.565
S10015,45.512495,-73.739240,130044,30.578
S10015,45.512383,-73.739554,130045,30.605
S10015,45.512271,-73.739869,130046,30.633
S10015,45.511874,-73.740975,130047,30.730
S10015,45.511735,-73.741365,130048,30.764
S10015,45.511597,-73.741754,130049,30.798
S10015,45.511524,-73.741953,130050,30.815
S10015,45.511450,-73.742151,130051,30.833
S10015,45.511443,-73.742169,130052,30.834
S10015,45.510865,-73.743680,130053,30.969
S10015,45.510657,-73.744287,130054,31.021
S10015,45.510443,-73.744891,130055,31.074
S10015,45.509239,-73.748255,130056,31.369
S10015,45.509206,-73.748348,130057,31.378
S10015,45.508992,-73.748937,130058,31.429
S10015,45.508925,-73.749120,130059,31.445
S10015,45.505873,-73.757370,130060,32.174
S10015,45.505647,-73.757988,130061,32.228
S10015,45.505398,-73.758677,130062,32.289
S10015,45.505348,-73.758819,130063,32.301
S10015,45.505297,-73.758962,130064,32.314
S10015,45.505156,-73.759370,130065,32.349
S10015,45.505021,-73.759782,130066,32.385
S10015,45.504893,-73.760199,130067,32.420
S10015,45.504770,-73.760619,130068,32.456
S10015,45.504653,-73.761042,130069,32.491
S10015,45.504543,-73.761470,130070,32.527
S10015,45.504440,-73.761900,130071,32.562
S10015,45.504342,-73.762333,130072,32.598
S10015,45.504251,-73.762769,130073,32.633
S10015,45.504167,-73.763208,130074,32.669
S10015,45.504088,-73.763649,130075,32.705
S10015,45.504017,-73.764091,130076,32.740
S10015,45.503952,-73.764537,130077,32.776
S10015,45.503894,-73.764984,130078,32.811
S10015,45.503874,-73.765141,130079,32.824
S10015,45.503856,-73.765300,130080,32.836
S10015,45.503781,-73.765933,130081,32.886
S10015,45.503632,-73.767195,130082,32.986
S10015,45.503178,-73.771050,130083,33.292
S10015,45.503125,-73.771491,130084,33.327
S10015,45.503073,-73.771932,130085,33.362
S10015,45.503021,-73.772375,130086,33.397
S10015,45.502969,-73.772816,130087,33.432
S10015,45.502868,-73.773669,130088,33.499
S10015,45.502808,-73.774173,130089,33.539
S10015,45.502750,-73.774678,130090,33.579
S10015,45.502690,-73.775183,130091,33.619
S10015,45.502630,-73.775687,130092,33.659
S10015,45.502618,-73.775787,130093,33.667
S10015,45.502581,-73.776103,130094,33.692
S10015,45.502548,-73.776419,130095,33.717
S10015,45.502526,-73.776662,130096,33.736
S10015,45.502507,-73.776906,130097,33.756
S10015,45.502493,-73.777149,130098,33.775
S10015,45.502483,-73.777394,130099,33.794
S10015,45.502476,-73.777638,130100,33.813
S10015,45.502473,-73.777884,130101,33.832
S10015,45.502473,-73.778128,130102,33.851
S10015,45.502477,-73.778372,130103,33.870
S10015,45.502487,-73.778664,130104,33.893
S10015,45.502502,-73.778956,130105,33.916
S10015,45.502515,-73.779147,130106,33.931
S10015,45.502529,-73.779338,130107,33.946
S10015,45.502547,-73.779528,130108,33.961
S10015,45.502566,-73.779718,130109,33.976
S10015,45.502588,-73.779907,130110,33.991
S10015,45.502613,-73.780095,130111,34.006
S10015,45.502639,-73.780284,130112,34.021
S10015,45.502668,-73.780471,130113,34.036
S10015,45.502724,-73.780800,130114,34.063
S10015,45.502786,-73.781126,130115,34.089
S10015,45.502852,-73.781433,130116,34.114
S10015,45.502920,-73.781738,130117,34.139
S10015,45.503026,-73.782212,130118,34.178
S10015,45.503133,-73.782687,130119,34.217
S10015,45.503357,-73.783678,130120,34.298
S10015,45.503522,-73.784410,130121,34.358
S10015,45.503687,-73.785141,130122,34.418
S10015,45.503871,-73.785959,130123,34.485
S10015,45.503871,-73.785959,140001,34.485
S10015,45.504122,-73.787072,140002,34.577
S10015,45.504256,-73.787669,140003,34.626
S10015,45.504369,-73.788162,140004,34.666
S10015,45.504484,-73.788654,140005,34.707
S10015,45.504486,-73.788658,140006,34.707
S10015,45.504769,-73.789850,140007,34.805
S10015,45.504875,-73.790299,140008,34.843
S10015,45.504999,-73.790840,140009,34.887
S10015,45.505017,-73.790918,140010,34.893
S10015,45.506667,-73.798248,140011,35.495
S10015,45.506809,-73.798895,140012,35.548
S10015,45.507315,-73.801226,140013,35.738
S10015,45.507401,-73.801623,140014,35.771
S10015,45.507487,-73.802020,140015,35.803
S10015,45.507574,-73.802417,140016,35.836
S10015,45.507660,-73.802816,140017,35.868
S10015,45.507694,-73.802971,140018,35.881
S10015,45.507727,-73.803123,140019,35.894
S10015,45.507760,-73.803277,140020,35.906
S10015,45.507828,-73.803577,140021,35.931
S10015,45.507898,-73.803877,140022,35.956
S10015,45.507935,-73.804028,140023,35.968
S10015,45.507971,-73.804179,140024,35.980
S10015,45.508003,-73.804312,140025,35.992
S10015,45.508126,-73.804817,140026,36.033
S10015,45.508249,-73.805323,140027,36.075
S10015,45.508371,-73.805828,140028,36.117
S10015,45.508494,-73.806333,140029,36.158
S10015,45.508829,-73.807716,140030,36.273
S10015,45.508862,-73.807856,140031,36.284
S10015,45.508948,-73.808220,140032,36.314
S10015,45.509033,-73.808585,140033,36.344
S10015,45.509052,-73.808669,140034,36.351
S10015,45.509846,-73.812202,140035,36.641
S10015,45.509846,-73.812202,150001,36.641
S10015,45.510165,-73.813617,150002,36.757
S10015,45.510286,-73.814147,150003,36.801
S10015,45.510410,-73.814677,150004,36.844
S10015,45.510537,-73.815205,150005,36.888
S10015,45.510538,-73.815207,150006,36.888
S10015,45.510686,-73.815812,150007,36.938
S10015,45.510834,-73.816417,150008,36.988
S10015,45.510834,-73.816418,150009,36.988
S10015,45.510963,-73.816953,150010,37.032
S10015,45.511088,-73.817487,150011,37.076
S10015,45.511211,-73.818024,150012,37.120
S10015,45.511385,-73.818799,150013,37.184
S10015,45.511522,-73.819409,150014,37.234
S10015,45.511659,-73.820018,150015,37.284
S10015,45.511864,-73.820934,150016,37.359
S10015,45.512001,-73.821556,150017,37.410
S10015,45.512130,-73.822181,150018,37.461
S10015,45.512254,-73.822808,150019,37.511
S10015,45.512371,-73.823438,150020,37.562
S10015,45.512481,-73.824070,150021,37.613
S10015,45.512556,-73.824522,150022,37.650
S10015,45.512627,-73.824974,150023,37.686
S10015,45.512695,-73.825429,150024,37.722
S10015,45.512761,-73.825883,150025,37.758
S10015,45.512832,-73.826415,150026,37.801
S10015,45.512899,-73.826949,150027,37.843
S10015,45.512962,-73.827483,150028,37.885
S10015,45.513020,-73.828020,150029,37.928
S10015,45.513150,-73.829270,150030,38.026
S10015,45.513158,-73.829359,150031,38.034
S10015,45.513171,-73.829486,150032,38.044
S10015,45.513185,-73.829613,150033,38.054
S10015,45.513227,-73.830079,150034,38.090
S10015,45.513239,-73.830207,150035,38.100
S10015,45.513248,-73.830334,150036,38.110
S10015,45.513255,-73.830412,150037,38.117
S10015,45.513349,-73.831577,150038,38.208
S10015,45.513358,-73.831704,150039,38.218
S10015,45.513370,-73.831832,150040,38.228
S10015,45.513412,-73.832292,150041,38.264
S10015,45.513425,-73.832419,150042,38.275
S10015,45.513438,-73.832545,150043,38.285
S10015,45.513616,-73.834261,150044,38.420
S10015,45.513694,-73.835021,150045,38.480
S10015,45.514433,-73.842161,150046,39.044
S10015,45.514511,-73.842920,150047,39.104
S10015,45.514534,-73.843142,150048,39.121
S10015,45.514561,-73.843395,150049,39.141
S10015,45.514592,-73.843646,150050,39.161
S10015,45.514624,-73.843859,150051,39.178
S10015,45.514661,-73.844069,150052,39.195
S10015,45.514703,-73.844278,150053,39.212
S10015,45.514752,-73.844483,150054,39.229
S10015,45.514806,-73.844686,150055,39.246
S10015,45.514864,-73.844886,150056,39.263
S10015,45.514926,-73.845074,150057,39.279
S10015,45.514993,-73.845259,150058,39.295
S10015,45.515063,-73.845441,150059,39.312
S10015,45.515139,-73.845618,150060,39.328
S10015,45.515217,-73.845789,150061,39.344
S10015,45.515299,-73.845956,150062,39.359
S10015,45.515386,-73.846118,150063,39.375
S10015,45.515477,-73.846276,150064,39.391
S10015,45.515572,-73.846429,150065,39.407
S10015,45.515695,-73.846614,150066,39.427
S10015,45.515822,-73.846796,150067,39.447
S10015,45.517250,-73.848839,150068,39.672
S10015,45.517347,-73.848979,150069,39.688
S10015,45.517445,-73.849122,150070,39.703
S10015,45.517546,-73.849276,150071,39.720
S10015,45.517645,-73.849433,150072,39.736
S10015,45.517736,-73.849583,150073,39.752
S10015,45.517826,-73.849735,150074,39.767
S10015,45.517884,-73.849831,150075,39.777
S10015,45.518232,-73.850418,150076,39.837
S10015,45.518292,-73.850520,150077,39.847
S10015,45.518381,-73.850671,150078,39.863
S10015,45.518473,-73.850822,150079,39.878
S10015,45.518569,-73.850974,150080,39.895
S10015,45.518669,-73.851126,150081,39.911
S10015,45.518766,-73.851267,150082,39.926
S10015,45.518863,-73.851409,150083,39.942
S10015,45.518935,-73.851512,150084,39.953
S10015,45.519316,-73.852057,150085,40.013
S10015,45.519825,-73.852787,150086,40.093
S10015,45.519825,-73.852787,160001,40.093
S10015,45.520101,-73.853180,160002,40.137
S10015,45.520337,-73.853516,160003,40.174
S10015,45.520459,-73.853687,160004,40.193
S10015,45.520843,-73.854226,160005,40.253
S10015,45.521001,-73.854447,160006,40.277
S10015,45.521238,-73.854783,160007,40.315
S10015,45.521296,-73.854865,160008,40.324
S10015,45.521676,-73.855410,160009,40.384
S10015,45.521750,-73.855517,160010,40.395
S10015,45.521990,-73.855864,160011,40.433
S10015,45.522107,-73.856041,160012,40.452
S10015,45.522222,-73.856222,160013,40.471
S10015,45.522341,-73.856424,160014,40.492
S10015,45.522455,-73.856632,160015,40.513
S10015,45.522564,-73.856845,160016,40.533
S10015,45.522666,-73.857065,160017,40.554
S10015,45.522765,-73.857290,160018,40.574
S10015,45.522843,-73.857483,160019,40.592
S10015,45.522918,-73.857681,160020,40.609
S10015,45.522988,-73.857882,160021,40.627
S10015,45.523054,-73.858085,160022,40.644
S10015,45.523128,-73.858334,160023,40.665
S10015,45.523194,-73.858587,160024,40.687
S10015,45.523256,-73.858842,160025,40.708
S10015,45.523309,-73.859099,160026,40.729
S10015,45.523357,-73.859361,160027,40.750
S10015,45.523388,-73.859554,160028,40.765
S10015,45.523414,-73.859749,160029,40.781
S10015,45.523438,-73.859945,160030,40.796
S10015,45.523457,-73.860142,160031,40.812
S10015,45.523472,-73.860327,160032,40.826
S10015,45.523484,-73.860512,160033,40.841
S10015,45.523492,-73.860699,160034,40.855
S10015,45.523498,-73.860943,160035,40.874
S10015,45.523500,-73.861186,160036,40.894
S10015,45.523497,-73.861672,160037,40.931
S10015,45.523488,-73.862586,160038,41.003
S10015,45.523488,-73.862586,170001,41.003
S10015,45.523480,-73.863422,170002,41.068
S10015,45.523472,-73.864190,170003,41.128
S10015,45.523451,-73.866233,170004,41.288
S10015,45.523448,-73.866493,170005,41.308
S10015,45.523439,-73.867361,170006,41.376
S10015,45.523432,-73.868112,170007,41.435
S10015,45.523428,-73.868752,170008,41.485
S10015,45.523428,-73.868752,170009,41.485
S10015,45.523430,-73.868965,170010,41.501
S10015,45.523436,-73.869179,170011,41.518
S10015,45.523445,-73.869391,170012,41.535
S10015,45.523445,-73.869391,170013,41.535
S10015,45.523461,-73.869654,170014,41.555
S10015,45.523485,-73.869915,170015,41.576
S10015,45.523515,-73.870175,170016,41.596
S10015,45.523552,-73.870433,170017,41.617
S10015,45.523594,-73.870689,170018,41.637
S10015,45.523644,-73.870943,170019,41.658
S10015,45.523699,-73.871194,170020,41.679
S10015,45.523762,-73.871443,170021,41.699
S10015,45.523830,-73.871688,170022,41.720
S10015,45.523904,-73.871929,170023,41.740
S10015,45.523985,-73.872166,170024,41.761
S10015,45.524072,-73.872398,170025,41.782
S10015,45.524072,-73.872398,170026,41.782
S10015,45.524146,-73.872584,170027,41.798
S10015,45.524223,-73.872765,170028,41.815
S10015,45.524305,-73.872945,170029,41.831
S10015,45.524305,-73.872945,170030,41.831
S10015,45.524390,-73.873120,170031,41.848
S10015,45.524479,-73.873292,170032,41.865
S10015,45.524571,-73.873459,170033,41.881
S10015,45.524571,-73.873459,170034,41.881
S10015,45.524682,-73.873649,170035,41.901
S10015,45.524799,-73.873834,170036,41.920
S10015,45.524919,-73.874014,170037,41.940
S10015,45.525043,-73.874187,170038,41.959
S10015,45.525171,-73.874354,170039,41.978
S10015,45.525171,-73.874354,170040,41.978
S10015,45.525284,-73.874493,170041,41.995
S10015,45.525400,-73.874630,170042,42.011
S10015,45.525518,-73.874761,170043,42.028
S10015,45.525518,-73.874761,170044,42.028
S10015,45.525878,-73.875145,170045,42.078
S10015,45.525878,-73.875145,170046,42.078
S10015,45.526207,-73.875491,170047,42.124
S10015,45.526536,-73.875839,170048,42.169
S10015,45.526865,-73.876186,170049,42.215
S10015,45.527194,-73.876532,170050,42.260
S10015,45.527549,-73.876906,170051,42.309
S10015,45.527828,-73.877201,170052,42.348
S10015,45.528108,-73.877495,170053,42.386
S10015,45.528340,-73.877739,170054,42.419
S10015,45.529823,-73.879302,170055,42.624
S10015,45.530167,-73.879664,170056,42.671
S10015,45.530510,-73.880025,170057,42.719
S10015,45.530785,-73.880316,170058,42.757
S10015,45.531147,-73.880698,170059,42.807
S10015,45.531508,-73.881078,170060,42.857
S10015,45.531725,-73.881307,170061,42.887
S10015,45.532159,-73.881765,170062,42.947
S10015,45.532620,-73.882249,170063,43.010
S10015,45.533054,-73.882707,170064,43.070
S10015,45.534360,-73.884084,170065,43.251
S10015,45.534613,-73.884351,170066,43.286
S10015,45.534867,-73.884618,170067,43.321
S10015,45.535566,-73.885354,170068,43.418
S10015,45.535783,-73.885583,170069,43.448
S10015,45.536000,-73.885811,170070,43.478
S10015,45.536037,-73.885851,170071,43.483
S10015,45.536145,-73.885966,170072,43.498
S10015,45.536251,-73.886086,170073,43.513
S10015,45.536334,-73.886189,170074,43.525
S10015,45.536413,-73.886297,170075,43.537
S10015,45.536488,-73.886410,170076,43.550
S10015,45.536560,-73.886530,170077,43.562
S10015,45.536644,-73.886680,170078,43.577
S10015,45.536723,-73.886835,170079,43.592
S10015,45.537274,-73.887908,170080,43.696
S10015,45.537274,-73.887910,180001,43.696
S10015,45.537527,-73.888402,180002,43.743
S10015,45.537593,-73.888532,180003,43.756
S10015,45.537657,-73.888663,180004,43.768
S10015,45.537723,-73.888812,180005,43.782
S10015,45.537785,-73.888964,180006,43.796
S10015,45.537842,-73.889122,180007,43.810
S10015,45.537894,-73.889283,180008,43.823
S10015,45.537940,-73.889446,180009,43.837
S10015,45.537977,-73.889597,180010,43.850
S10015,45.538013,-73.889750,180011,43.862
S10015,45.538034,-73.889838,180012,43.870
S10015,45.538202,-73.890568,180013,43.929
S10015,45.539042,-73.894197,180014,44.228
S10015,45.539210,-73.894927,180015,44.288
S10015,45.539748,-73.897251,180016,44.479
S10015,45.539843,-73.897664,180017,44.513
S10015,45.539939,-73.898078,180018,44.547
S10015,45.540035,-73.898491,180019,44.581
S10015,45.540131,-73.898906,180020,44.615
S10015,45.540220,-73.899293,180021,44.647
S10015,45.540291,-73.899596,180022,44.672
S10015,45.540365,-73.899898,180023,44.697
S10015,45.540429,-73.900141,180024,44.717
S10015,45.540496,-73.900381,180025,44.737
S10015,45.540567,-73.900618,180026,44.758
S10015,45.540643,-73.900853,180027,44.778
S10015,45.540722,-73.901085,180028,44.798
S10015,45.540805,-73.901315,180029,44.818
S10015,45.540892,-73.901543,180030,44.838
S10015,45.540982,-73.901767,180031,44.858
S10015,45.541076,-73.901988,180032,44.879
S10015,45.541174,-73.902207,180033,44.899
S10015,45.541275,-73.902421,180034,44.919
S10015,45.541379,-73.902632,180035,44.939
S10015,45.541513,-73.902889,180036,44.964
S10015,45.541649,-73.903143,180037,44.989
S10015,45.542093,-73.903969,180038,45.070
S10015,45.542253,-73.904266,180039,45.100
S10015,45.542413,-73.904563,180040,45.129
S10015,45.542573,-73.904861,180041,45.158
S10015,45.542734,-73.905158,180042,45.187
S10015,45.543943,-73.907404,180043,45.408
S10015,45.543998,-73.907505,180044,45.418
S10015,45.544052,-73.907607,180045,45.428
S10015,45.544170,-73.907837,180046,45.450
S10015,45.544285,-73.908071,180047,45.473
S10015,45.544396,-73.908307,180048,45.495
S10015,45.544476,-73.908486,180049,45.512
S10015,45.544554,-73.908666,180050,45.528
S10015,45.544630,-73.908847,180051,45.545
S10015,45.544704,-73.909030,180052,45.561
S10015,45.544775,-73.909217,180053,45.578
S10015,45.544845,-73.909403,180054,45.594
S10015,45.544911,-73.909592,180055,45.611
S10015,45.544977,-73.909782,180056,45.627
S10015,45.545061,-73.910041,180057,45.650
S10015,45.545141,-73.910301,180058,45.672
S10015,45.545218,-73.910566,180059,45.694
S10015,45.545250,-73.910685,180060,45.704
S10015,45.545282,-73.910804,180061,45.714
S10015,45.545321,-73.910948,180062,45.726
S10015,45.545418,-73.911307,180063,45.756
S10015,45.545516,-73.911665,180064,45.786
S10015,45.545713,-73.912394,180065,45.847
S10016,45.545660,-73.912427,10001,0.000
S10016,45.545471,-73.911729,10002,0.058
S10016,45.545374,-73.911370,10003,0.088
S10016,45.545276,-73.911012,10004,0.118
S10016,45.545258,-73.910945,10005,0.124
S10016,45.545227,-73.910826,10006,0.134
S10016,45.545194,-73.910706,10007,0.144
S10016,45.545110,-73.910418,10008,0.168
S10016,45.545022,-73.910131,10009,0.193
S10016,45.544930,-73.909848,10010,0.217
S10016,45.544865,-73.909658,10011,0.234
S10016,45.544799,-73.909469,10012,0.250
S10016,45.544729,-73.909283,10013,0.267
S10016,45.544658,-73.909097,10014,0.283
S10016,45.544585,-73.908913,10015,0.300
S10016,45.544511,-73.908731,10016,0.316
S10016,45.544433,-73.908551,10017,0.333
S10016,45.544354,-73.908371,10018,0.349
S10016,45.544220,-73.908078,10019,0.377
S10016,45.544079,-73.907790,10020,0.404
S10016,45.543934,-73.907507,10021,0.431
S10016,45.543879,-73.907406,10022,0.441
S10016,45.543825,-73.907304,10023,0.451
S10016,45.542700,-73.905215,10024,0.657
S10016,45.542540,-73.904918,10025,0.686
S10016,45.542380,-73.904621,10026,0.715
S10016,45.542220,-73.904324,10027,0.744
S10016,45.542060,-73.904026,10028,0.774
S10016,45.541555,-73.903089,10029,0.866
S10016,45.541419,-73.902834,10030,0.891
S10016,45.541285,-73.902577,10031,0.916
S10016,45.541187,-73.902378,10032,0.935
S10016,45.541092,-73.902177,10033,0.954
S10016,45.541001,-73.901972,10034,0.973
S10016,45.540913,-73.901764,10035,0.992
S10016,45.540828,-73.901554,10036,1.011
S10016,45.540746,-73.901340,10037,1.030
S10016,45.540668,-73.901125,10038,1.049
S10016,45.540594,-73.900905,10039,1.068
S10016,45.540523,-73.900685,10040,1.087
S10016,45.540455,-73.900462,10041,1.105
S10016,45.540392,-73.900237,10042,1.125
S10016,45.540332,-73.900010,10043,1.143
S10016,45.540257,-73.899707,10044,1.169
S10016,45.540187,-73.899403,10045,1.194
S10016,45.540086,-73.898967,10046,1.230
S10016,45.539991,-73.898553,10047,1.264
S10016,45.539895,-73.898140,10048,1.298
S10016,45.539799,-73.897725,10049,1.332
S10016,45.539703,-73.897312,10050,1.366
S10016,45.539166,-73.894988,10051,1.557
S10016,45.538997,-73.894257,10052,1.617
S10016,45.538158,-73.890629,10053,1.915
S10016,45.537990,-73.889899,10054,1.975
S10016,45.537967,-73.889802,10055,1.983
S10016,45.537931,-73.889650,10056,1.996
S10016,45.537894,-73.889500,10057,2.008
S10016,45.537846,-73.889330,10058,2.022
S10016,45.537792,-73.889163,10059,2.037
S10016,45.537733,-73.888999,10060,2.051
S10016,45.537669,-73.888839,10061,2.066
S10016,45.537600,-73.888685,10062,2.080
S10016,45.537535,-73.888554,10063,2.092
S10016,45.537470,-73.888424,10064,2.105
S10016,45.537226,-73.887949,10065,2.151
S10016,45.537226,-73.887949,20001,2.151
S10016,45.536686,-73.886898,20002,2.252
S10016,45.536606,-73.886742,20003,2.268
S10016,45.536523,-73.886592,20004,2.282
S10016,45.536450,-73.886470,20005,2.295
S10016,45.536373,-73.886354,20006,2.307
S10016,45.536291,-73.886243,20007,2.320
S10016,45.536206,-73.886138,20008,2.332
S10016,45.536100,-73.886018,20009,2.347
S10016,45.535993,-73.885903,20010,2.362
S10016,45.535966,-73.885875,20011,2.366
S10016,45.535749,-73.885647,20012,2.396
S10016,45.535532,-73.885418,20013,2.426
S10016,45.534834,-73.884682,20014,2.522
S10016,45.534581,-73.884415,20015,2.558
S10016,45.534328,-73.884148,20016,2.592
S10016,45.533020,-73.882771,20017,2.773
S10016,45.532586,-73.882313,20018,2.833
S10016,45.532126,-73.881827,20019,2.897
S10016,45.531692,-73.881371,20020,2.957
S10016,45.531475,-73.881142,20021,2.987
S10016,45.531114,-73.880762,20022,3.037
S10016,45.530752,-73.880380,20023,3.087
S10016,45.530477,-73.880089,20024,3.125
S10016,45.530133,-73.879728,20025,3.172
S10016,45.529790,-73.879366,20026,3.220
S10016,45.528307,-73.877803,20027,3.425
S10016,45.528074,-73.877558,20028,3.457
S10016,45.527786,-73.877254,20029,3.497
S10016,45.527498,-73.876950,20030,3.537
S10016,45.527143,-73.876577,20031,3.586
S10016,45.526817,-73.876234,20032,3.631
S10016,45.526492,-73.875890,20033,3.676
S10016,45.526166,-73.875547,20034,3.721
S10016,45.525840,-73.875203,20035,3.766
S10016,45.525840,-73.875203,20036,3.766
S10016,45.525480,-73.874819,20037,3.816
S10016,45.525480,-73.874819,20038,3.816
S10016,45.525362,-73.874688,20039,3.833
S10016,45.525246,-73.874552,20040,3.850
S10016,45.525132,-73.874413,20041,3.866
S10016,45.525132,-73.874413,20042,3.866
S10016,45.525001,-73.874242,20043,3.886
S10016,45.524874,-73.874065,20044,3.906
S10016,45.524752,-73.873881,20045,3.925
S10016,45.524633,-73.873692,20046,3.945
S10016,45.524520,-73.873498,20047,3.965
S10016,45.524520,-73.873498,20048,3.965
S10016,45.524428,-73.873330,20049,3.982
S10016,45.524338,-73.873158,20050,3.998
S10016,45.524253,-73.872982,20051,4.015
S10016,45.524253,-73.872982,20052,4.015
S10016,45.524171,-73.872804,20053,4.032
S10016,45.524093,-73.872620,20054,4.048
S10016,45.524019,-73.872435,20055,4.065
S10016,45.524019,-73.872435,20056,4.065
S10016,45.523932,-73.872199,20057,4.086
S10016,45.523850,-73.871959,20058,4.107
S10016,45.523775,-73.871714,20059,4.128
S10016,45.523706,-73.871467,20060,4.148
S10016,45.523643,-73.871215,20061,4.169
S10016,45.523586,-73.870961,20062,4.190
S10016,45.523536,-73.870704,20063,4.211
S10016,45.523493,-73.870444,20064,4.232
S10016,45.523456,-73.870182,20065,4.253
S10016,45.523426,-73.869920,20066,4.273
S10016,45.523402,-73.869655,20067,4.294
S10016,45.523386,-73.869389,20068,4.315
S10016,45.523386,-73.869389,20069,4.315
S10016,45.523377,-73.869176,20070,4.332
S10016,45.523371,-73.868963,20071,4.348
S10016,45.523369,-73.868749,20072,4.365
S10016,45.523369,-73.868749,20073,4.365
S10016,45.523373,-73.868109,20074,4.415
S10016,45.523380,-73.867389,20075,4.471
S10016,45.523381,-73.867263,20076,4.481
S10016,45.523400,-73.865416,20077,4.625
S10016,45.523412,-73.864218,20078,4.719
S10016,45.523420,-73.863450,20079,4.779
S10016,45.523428,-73.862651,20080,4.841
S10016,45.523428,-73.862651,30001,4.841
S10016,45.523438,-73.861659,30002,4.919
S10016,45.523441,-73.861173,30003,4.957
S10016,45.523439,-73.860929,30004,4.976
S10016,45.523433,-73.860686,30005,4.995
S10016,45.523420,-73.860429,30006,5.015
S10016,45.523400,-73.860173,30007,5.035
S10016,45.523381,-73.859977,30008,5.051
S10016,45.523357,-73.859781,30009,5.066
S10016,45.523331,-73.859586,30010,5.082
S10016,45.523300,-73.859392,30011,5.097
S10016,45.523263,-73.859186,30012,5.114
S10016,45.523221,-73.858981,30013,5.131
S10016,45.523175,-73.858777,30014,5.147
S10016,45.523125,-73.858576,30015,5.164
S10016,45.523068,-73.858368,30016,5.181
S10016,45.523006,-73.858162,30017,5.199
S10016,45.522940,-73.857959,30018,5.216
S10016,45.522869,-73.857759,30019,5.234
S10016,45.522789,-73.857548,30020,5.253
S10016,45.522704,-73.857342,30021,5.271
S10016,45.522615,-73.857140,30022,5.290
S10016,45.522520,-73.856942,30023,5.309
S10016,45.522421,-73.856749,30024,5.327
S10016,45.522317,-73.856561,30025,5.346
S10016,45.522210,-73.856377,30026,5.365
S10016,45.522096,-73.856196,30027,5.384
S10016,45.521979,-73.856020,30028,5.403
S10016,45.521739,-73.855673,30029,5.441
S10016,45.521680,-73.855588,30030,5.450
S10016,45.521300,-73.855043,30031,5.510
S10016,45.521273,-73.855004,30032,5.514
S10016,45.521199,-73.854899,30033,5.526
S10016,45.521126,-73.854796,30034,5.537
S10016,45.520991,-73.854607,30035,5.558
S10016,45.520917,-73.854505,30036,5.570
S10016,45.520842,-73.854404,30037,5.581
S10016,45.520451,-73.853874,30038,5.641
S10016,45.520376,-73.853772,30039,5.653
S10016,45.520301,-73.853669,30040,5.664
S10016,45.520166,-73.853482,30041,5.685
S10016,45.520093,-73.853378,30042,5.697
S10016,45.520020,-73.853273,30043,5.708
S10016,45.519812,-73.852975,30044,5.741
S10016,45.519812,-73.852975,40001,5.741
S10016,45.519227,-73.852137,40002,5.833
S10016,45.518847,-73.851593,40003,5.893
S10016,45.518804,-73.851533,40004,5.900
S10016,45.518707,-73.851391,40005,5.915
S10016,45.518610,-73.851249,40006,5.931
S10016,45.518503,-73.851082,40007,5.949
S10016,45.518400,-73.850911,40008,5.966
S10016,45.518311,-73.850756,40009,5.982
S10016,45.518224,-73.850601,40010,5.997
S10016,45.518184,-73.850527,40011,6.005
S10016,45.517849,-73.849924,40012,6.065
S10016,45.517811,-73.849856,40013,6.071
S10016,45.517725,-73.849701,40014,6.087
S10016,45.517636,-73.849547,40015,6.102
S10016,45.517531,-73.849373,40016,6.120
S10016,45.517424,-73.849206,40017,6.138
S10016,45.517327,-73.849063,40018,6.154
S10016,45.517229,-73.848922,40019,6.169
S10016,45.515776,-73.846845,40020,6.398
S10016,45.515650,-73.846662,40021,6.418
S10016,45.515526,-73.846476,40022,6.438
S10016,45.515431,-73.846322,40023,6.454
S10016,45.515339,-73.846162,40024,6.470
S10016,45.515253,-73.845999,40025,6.486
S10016,45.515168,-73.845831,40026,6.502
S10016,45.515090,-73.845658,40027,6.518
S10016,45.515015,-73.845479,40028,6.535
S10016,45.514943,-73.845297,40029,6.551
S10016,45.514877,-73.845111,40030,6.567
S10016,45.514816,-73.844923,40031,6.583
S10016,45.514757,-73.844723,40032,6.600
S10016,45.514704,-73.844520,40033,6.617
S10016,45.514655,-73.844315,40034,6.634
S10016,45.514612,-73.844107,40035,6.651
S10016,45.514575,-73.843897,40036,6.668
S10016,45.514544,-73.843686,40037,6.685
S10016,45.514513,-73.843434,40038,6.705
S10016,45.514486,-73.843180,40039,6.725
S10016,45.514462,-73.842942,40040,6.744
S10016,45.514383,-73.842182,40041,6.804
S10016,45.513644,-73.835042,40042,7.367
S10016,45.513565,-73.834283,40043,7.428
S10016,45.513381,-73.832503,40044,7.568
S10016,45.513368,-73.832376,40045,7.578
S10016,45.513355,-73.832249,40046,7.588
S10016,45.513322,-73.831898,40047,7.616
S10016,45.513312,-73.831770,40048,7.626
S10016,45.513300,-73.831644,40049,7.636
S10016,45.513199,-73.830433,40050,7.731
S10016,45.513187,-73.830291,40051,7.742
S10016,45.513177,-73.830165,40052,7.752
S10016,45.513165,-73.830036,40053,7.762
S10016,45.513131,-73.829679,40054,7.791
S10016,45.513119,-73.829552,40055,7.801
S10016,45.513106,-73.829426,40056,7.811
S10016,45.513092,-73.829292,40057,7.821
S10016,45.512961,-73.828031,40058,7.921
S10016,45.512904,-73.827498,40059,7.963
S10016,45.512841,-73.826967,40060,8.005
S10016,45.512774,-73.826436,40061,8.047
S10016,45.512704,-73.825907,40062,8.089
S10016,45.512639,-73.825453,40063,8.125
S10016,45.512571,-73.824999,40064,8.162
S10016,45.512499,-73.824546,40065,8.198
S10016,45.512425,-73.824095,40066,8.234
S10016,45.512314,-73.823463,40067,8.285
S10016,45.512197,-73.822833,40068,8.336
S10016,45.512074,-73.822206,40069,8.387
S10016,45.511944,-73.821581,40070,8.438
S10016,45.511808,-73.820959,40071,8.489
S10016,45.511602,-73.820044,40072,8.564
S10016,45.511465,-73.819435,40073,8.614
S10016,45.511328,-73.818825,40074,8.664
S10016,45.511154,-73.818051,40075,8.727
S10016,45.511032,-73.817514,40076,8.771
S10016,45.510907,-73.816979,40077,8.815
S10016,45.510778,-73.816445,40078,8.859
S10016,45.510777,-73.816442,40079,8.860
S10016,45.510629,-73.815839,40080,8.909
S10016,45.510482,-73.815234,40081,8.959
S10016,45.510482,-73.815232,40082,8.960
S10016,45.510353,-73.814704,40083,9.003
S10016,45.510230,-73.814174,40084,9.047
S10016,45.510108,-73.813643,40085,9.090
S10016,45.509791,-73.812234,40086,9.206
S10016,45.509791,-73.812234,50001,9.206
S10016,45.508996,-73.808696,50002,9.496
S10016,45.508976,-73.808610,50003,9.503
S10016,45.508893,-73.808245,50004,9.533
S10016,45.508806,-73.807881,50005,9.563
S10016,45.508772,-73.807743,50006,9.575
S10016,45.508437,-73.806359,50007,9.689
S10016,45.508315,-73.805854,50008,9.731
S10016,45.508192,-73.805349,50009,9.773
S10016,45.508069,-73.804844,50010,9.814
S10016,45.507947,-73.804339,50011,9.856
S10016,45.507915,-73.804206,50012,9.867
S10016,45.507878,-73.804054,50013,9.879
S10016,45.507842,-73.803903,50014,9.892
S10016,45.507772,-73.803603,50015,9.917
S10016,45.507704,-73.803302,50016,9.941
S10016,45.507671,-73.803150,50017,9.954
S10016,45.507637,-73.802997,50018,9.966
S10016,45.507603,-73.802841,50019,9.979
S10016,45.507517,-73.802443,50020,10.012
S10016,45.507431,-73.802045,50021,10.044
S10016,45.507344,-73.801648,50022,10.077
S10016,45.507258,-73.801251,50023,10.109
S10016,45.506652,-73.798458,50024,10.338
S10016,45.506511,-73.797812,50025,10.390
S10016,45.504963,-73.790942,50026,10.954
S10016,45.504946,-73.790865,50027,10.960
S10016,45.504933,-73.790810,50028,10.965
S10016,45.504826,-73.790343,50029,11.003
S10016,45.504717,-73.789876,50030,11.042
S10016,45.504432,-73.788678,50031,11.140
S10016,45.504431,-73.788677,50032,11.141
S10016,45.504315,-73.788185,50033,11.181
S10016,45.504203,-73.787691,50034,11.222
S10016,45.504069,-73.787096,50035,11.271
S10016,45.503819,-73.785984,50036,11.362
S10016,45.503819,-73.785984,60001,11.362
S10016,45.503634,-73.785164,60002,11.429
S10016,45.503469,-73.784433,60003,11.489
S10016,45.503304,-73.783702,60004,11.549
S10016,45.503052,-73.782588,60005,11.640
S10016,45.502954,-73.782152,60006,11.676
S10016,45.502857,-73.781718,60007,11.712
S10016,45.502789,-73.781413,60008,11.737
S10016,45.502723,-73.781106,60009,11.762
S10016,45.502676,-73.780862,60010,11.781
S10016,45.502632,-73.780616,60011,11.801
S10016,45.502593,-73.780368,60012,11.821
S10016,45.502548,-73.780054,60013,11.846
S10016,45.502510,-73.779739,60014,11.871
S10016,45.502477,-73.779422,60015,11.896
S10016,45.502452,-73.779104,60016,11.921
S10016,45.502437,-73.778867,60017,11.940
S10016,45.502426,-73.778629,60018,11.959
S10016,45.502418,-73.778393,60019,11.977
S10016,45.502414,-73.778149,60020,11.996
S10016,45.502413,-73.777906,60021,12.015
S10016,45.502417,-73.777663,60022,12.034
S10016,45.502423,-73.777420,60023,12.053
S10016,45.502434,-73.777177,60024,12.072
S10016,45.502448,-73.776935,60025,12.091
S10016,45.502466,-73.776693,60026,12.110
S10016,45.502488,-73.776452,60027,12.129
S10016,45.502521,-73.776136,60028,12.154
S10016,45.502558,-73.775820,60029,12.179
S10016,45.502572,-73.775704,60030,12.188
S10016,45.502631,-73.775198,60031,12.228
S10016,45.502691,-73.774694,60032,12.268
S10016,45.502751,-73.774189,60033,12.308
S10016,45.502810,-73.773684,60034,12.348
S10016,45.502940,-73.772580,60035,12.436
S10016,45.502978,-73.772265,60036,12.461
S10016,45.503015,-73.771949,60037,12.486
S10016,45.503052,-73.771633,60038,12.511
S10016,45.503090,-73.771318,60039,12.536
S10016,45.503574,-73.767210,60040,12.861
S10016,45.503723,-73.765949,60041,12.961
S10016,45.503839,-73.764966,60042,13.039
S10016,45.503857,-73.764808,60043,13.051
S10016,45.503876,-73.764651,60044,13.064
S10016,45.503934,-73.764212,60045,13.099
S10016,45.503999,-73.763775,60046,13.134
S10016,45.504071,-73.763340,60047,13.168
S10016,45.504149,-73.762908,60048,13.203
S10016,45.504231,-73.762498,60049,13.237
S10016,45.504319,-73.762089,60050,13.270
S10016,45.504412,-73.761683,60051,13.303
S10016,45.504507,-73.761305,60052,13.335
S10016,45.504606,-73.760928,60053,13.366
S10016,45.504711,-73.760555,60054,13.398
S10016,45.504821,-73.760184,60055,13.429
S10016,45.504936,-73.759817,60056,13.460
S10016,45.505056,-73.759453,60057,13.492
S10016,45.505126,-73.759251,60058,13.509
S10016,45.505198,-73.759049,60059,13.527
S10016,45.505249,-73.758908,60060,13.540
S10016,45.505301,-73.758766,60061,13.552
S10016,45.505467,-73.758315,60062,13.592
S10016,45.505677,-73.757743,60063,13.643
S10016,45.505748,-73.757548,60064,13.660
S10016,45.508880,-73.749084,60065,14.407
S10016,45.508929,-73.748951,60066,14.419
S10016,45.509161,-73.748312,60067,14.475
S10016,45.509176,-73.748269,60068,14.479
S10016,45.510390,-73.744878,60069,14.776
S10016,45.510600,-73.744282,60070,14.828
S10016,45.510806,-73.743685,60071,14.880
S10016,45.511058,-73.742944,60072,14.944
S10016,45.511263,-73.742346,60073,14.996
S10016,45.511473,-73.741752,60074,15.048
S10016,45.512323,-73.739246,60075,15.266
S10016,45.514815,-73.732411,60076,15.867
S10016,45.514815,-73.732411,60077,15.867
S10016,45.514995,-73.731901,60078,15.912
S10016,45.515172,-73.731389,60079,15.957
S10016,45.515201,-73.731304,60080,15.964
S10016,45.515297,-73.731023,60081,15.988
S10016,45.515458,-73.730553,60082,16.029
S10016,45.515458,-73.730553,60083,16.029
S10016,45.515486,-73.730471,60084,16.036
S10016,45.515600,-73.730142,60085,16.065
S10016,45.515743,-73.729735,60086,16.100
S10016,45.515859,-73.729407,60087,16.129
S10016,45.516006,-73.729001,60088,16.165
S10016,45.516152,-73.728595,60089,16.200
S10016,45.516505,-73.727610,60090,16.287
S10016,45.516675,-73.727140,60091,16.328
S10016,45.516844,-73.726670,60092,16.369
S10016,45.517013,-73.726201,60093,16.411
S10016,45.517181,-73.725730,60094,16.452
S10016,45.517351,-73.725260,60095,16.493
S10016,45.517520,-73.724790,60096,16.534
S10016,45.517689,-73.724319,60097,16.576
S10016,45.517857,-73.723850,60098,16.617
S10016,45.518154,-73.723024,60099,16.689
S10016,45.518256,-73.722739,60100,16.714
S10016,45.518359,-73.722454,60101,16.739
S10016,45.518462,-73.722169,60102,16.764
S10016,45.518564,-73.721884,60103,16.789
S10016,45.520406,-73.716759,60104,17.239
S10016,45.520584,-73.716269,60105,17.282
S10016,45.520765,-73.715782,60106,17.325
S10016,45.521353,-73.714211,60107,17.464
S10016,45.521522,-73.713755,60108,17.504
S10016,45.521688,-73.713298,60109,17.544
S10016,45.521979,-73.712492,60110,17.615
S10016,45.521979,-73.712492,70001,17.615
S10016,45.522269,-73.711686,70002,17.686
S10016,45.522445,-73.711202,70003,17.729
S10016,45.522624,-73.710720,70004,17.771
S10016,45.522885,-73.710027,70005,17.833
S10016,45.523064,-73.709545,70006,17.875
S10016,45.523240,-73.709061,70007,17.918
S10016,45.523825,-73.707436,70008,18.060
S10016,45.524236,-73.706297,70009,18.160
S10016,45.525630,-73.702425,70010,18.500
S10016,45.525649,-73.702376,70011,18.505
S10016,45.525843,-73.701827,70012,18.553
S10016,45.526035,-73.701276,70013,18.601
S10016,45.526112,-73.701051,70014,18.620
S10016,45.526328,-73.700422,70015,18.675
S10016,45.526365,-73.700314,70016,18.684
S10016,45.526556,-73.699763,70017,18.732
S10016,45.526751,-73.699216,70018,18.780
S10016,45.526950,-73.698663,70019,18.829
S10016,45.527150,-73.698109,70020,18.877
S10016,45.527349,-73.697557,70021,18.926
S10016,45.527548,-73.697003,70022,18.974
S10016,45.527650,-73.696718,70023,18.999
S10016,45.527750,-73.696431,70024,19.024
S10016,45.527879,-73.696046,70025,19.058
S10016,45.527999,-73.695668,70026,19.090
S10016,45.528113,-73.695284,70027,19.122
S10016,45.528221,-73.694898,70028,19.155
S10016,45.528322,-73.694508,70029,19.188
S10016,45.528411,-73.694139,70030,19.218
S10016,45.528495,-73.693769,70031,19.248
S10016,45.528574,-73.693395,70032,19.279
S10016,45.528647,-73.693019,70033,19.309
S10016,45.528715,-73.692641,70034,19.340
S10016,45.528719,-73.692616,70035,19.342
S10016,45.528723,-73.692591,70036,19.344
S10016,45.528728,-73.692566,70037,19.346
S10016,45.528731,-73.692542,70038,19.348
S10016,45.528736,-73.692516,70039,19.350
S10016,45.528739,-73.692492,70040,19.352
S10016,45.528744,-73.692466,70041,19.354
S10016,45.528748,-73.692442,70042,19.356
S10016,45.528751,-73.692416,70043,19.358
S10016,45.528756,-73.692392,70044,19.360
S10016,45.528788,-73.692164,70045,19.378
S10016,45.528815,-73.691934,70046,19.396
S10016,45.528838,-73.691703,70047,19.414
S10016,45.528855,-73.691470,70048,19.433
S10016,45.528868,-73.691239,70049,19.451
S10016,45.528875,-73.691079,70050,19.463
S10016,45.528880,-73.690919,70051,19.476
S10016,45.528899,-73.690270,70052,19.526
S10016,45.528899,-73.690270,80001,19.526
S10016,45.528926,-73.689367,80002,19.597
S10016,45.528930,-73.689207,80003,19.610
S10016,45.528933,-73.689047,80004,19.622
S10016,45.528935,-73.688786,80005,19.642
S10016,45.528929,-73.688525,80006,19.663
S10016,45.528917,-73.688264,80007,19.683
S10016,45.528899,-73.688004,80008,19.704
S10016,45.528897,-73.687979,80009,19.706
S10016,45.528895,-73.687954,80010,19.708
S10016,45.528893,-73.687928,80011,19.710
S10016,45.528890,-73.687903,80012,19.712
S10016,45.528888,-73.687878,80013,19.713
S10016,45.528886,-73.687853,80014,19.715
S10016,45.528883,-73.687827,80015,19.718
S10016,45.528880,-73.687801,80016,19.720
S10016,45.528879,-73.687777,80017,19.721
S10016,45.528876,-73.687750,80018,19.724
S10016,45.528834,-73.687363,80019,19.754
S10016,45.528785,-73.686979,80020,19.785
S10016,45.528729,-73.686596,80021,19.815
S10016,45.528667,-73.686214,80022,19.846
S10016,45.528597,-73.685837,80023,19.876
S10016,45.528521,-73.685460,80024,19.907
S10016,45.528438,-73.685087,80025,19.937
S10016,45.528348,-73.684717,80026,19.968
S10016,45.528252,-73.684350,80027,19.999
S10016,45.528194,-73.684143,80028,20.016
S10016,45.528135,-73.683934,80029,20.034
S10016,45.527836,-73.682884,80030,20.122
S10016,45.527777,-73.682681,80031,20.139
S10016,45.527700,-73.682409,80032,20.162
S10016,45.527700,-73.682409,80033,20.162
S10016,45.527488,-73.681667,80034,20.225
S10016,45.527207,-73.680692,80035,20.307
S10016,45.526927,-73.679718,80036,20.389
S10016,45.526709,-73.678960,80037,20.453
S10016,45.525358,-73.674267,80038,20.849
S10016,45.525017,-73.673083,80039,20.949
S10016,45.524853,-73.672513,80040,20.997
S10016,45.524853,-73.672513,90001,20.997
S10016,45.524406,-73.670960,90002,21.128
S10016,45.524230,-73.670354,90003,21.180
S10016,45.524134,-73.670021,90004,21.208
S10016,45.523927,-73.669311,90005,21.268
S10016,45.523819,-73.668942,90006,21.299
S10016,45.523669,-73.668429,90007,21.343
S10016,45.523520,-73.667913,90008,21.386
S10016,45.523203,-73.666823,90009,21.478
S10016,45.523008,-73.666148,90010,21.535
S10016,45.522579,-73.664635,90011,21.663
S10016,45.522419,-73.664071,90012,21.710
S10016,45.522260,-73.663507,90013,21.758
S10016,45.521967,-73.662474,90014,21.845
S10016,45.521801,-73.661887,90015,21.894
S10016,45.521801,-73.661887,100001,21.894
S10016,45.521395,-73.660456,100002,22.015
S10016,45.520975,-73.658975,100003,22.140
S10016,45.520909,-73.658743,100004,22.159
S10016,45.520772,-73.658264,100005,22.200
S10016,45.520652,-73.657855,100006,22.234
S10016,45.520530,-73.657448,100007,22.269
S10016,45.520298,-73.656678,100008,22.334
S10016,45.520139,-73.656148,100009,22.379
S10016,45.519984,-73.655616,100010,22.424
S10016,45.519896,-73.655306,100011,22.450
S10016,45.519555,-73.654122,100012,22.550
S10016,45.517954,-73.648570,100013,23.019
S10016,45.517613,-73.647385,100014,23.119
S10016,45.516511,-73.643563,100015,23.442
S10016,45.516511,-73.643563,110001,23.442
S10016,45.516382,-73.643115,110002,23.480
S10016,45.516040,-73.641930,110003,23.579
S10016,45.515561,-73.640267,110004,23.720
S10016,45.515433,-73.639823,110005,23.757
S10016,45.514469,-73.636481,110006,24.040
S10016,45.514128,-73.635297,110007,24.140
S10016,45.513944,-73.634659,110008,24.194
S10016,45.513944,-73.634659,120001,24.194
S10016,45.513670,-73.633710,120002,24.274
S10016,45.513632,-73.633574,120003,24.285
S10016,45.513593,-73.633437,120004,24.297
S10016,45.513529,-73.633188,120005,24.317
S10016,45.513472,-73.632936,120006,24.338
S10016,45.513422,-73.632681,120007,24.359
S10016,45.513396,-73.632538,120008,24.370
S10016,45.513372,-73.632395,120009,24.382
S10016,45.513221,-73.631496,120010,24.454
S10016,45.513158,-73.631122,120011,24.484
S10016,45.513060,-73.630533,120012,24.531
S10016,45.512938,-73.629804,120013,24.590
S10016,45.512882,-73.629471,120014,24.616
S10016,45.512080,-73.624685,120015,25.001
S10016,45.511918,-73.623718,120016,25.079
S10016,45.510074,-73.612720,120017,25.962
S10016,45.510074,-73.612721,130001,25.962
S10016,45.507392,-73.596747,130002,27.245
S10016,45.507215,-73.595695,130003,27.330
S10016,45.504685,-73.580652,130004,28.539
S10016,45.504557,-73.579891,130005,28.600
S10016,45.504032,-73.576765,130006,28.851
S10016,45.503990,-73.576520,130007,28.871
S10016,45.503947,-73.576274,130008,28.890
S10016,45.503885,-73.575958,130009,28.916
S10016,45.503816,-73.575644,130010,28.942
S10016,45.503742,-73.575334,130011,28.967
S10016,45.503660,-73.575027,130012,28.993
S10016,45.503572,-73.574724,130013,29.019
S10016,45.503478,-73.574423,130014,29.044
S10016,45.503379,-73.574127,130015,29.070
S10016,45.503273,-73.573835,130016,29.096
S10016,45.503160,-73.573549,130017,29.121
S10016,45.503043,-73.573267,130018,29.147
S10016,45.502919,-73.572989,130019,29.173
S10016,45.502803,-73.572743,130020,29.196
S10016,45.502685,-73.572500,130021,29.219
S10016,45.502646,-73.572419,130022,29.227
S10016,45.502646,-73.572419,140001,29.227
S10016,45.502407,-73.571931,140002,29.273
S10016,45.502134,-73.571372,140003,29.326
S10016,45.501942,-73.570977,140004,29.364
S10016,45.501891,-73.570872,140005,29.374
S10016,45.501681,-73.570441,140006,29.415
S10016,45.501446,-73.569960,140007,29.460
S10016,45.501387,-73.569844,140008,29.472
S10016,45.501322,-73.569735,140009,29.483
S10016,45.501322,-73.569735,140010,29.483
S10016,45.501158,-73.569474,140011,29.510
S10016,45.501035,-73.569272,140012,29.531
S10016,45.501035,-73.569272,140013,29.531
S10016,45.500906,-73.569052,140014,29.553
S10016,45.500877,-73.569002,140015,29.558
S10016,45.500814,-73.568889,140016,29.570
S10016,45.500754,-73.568771,140017,29.581
S10016,45.500754,-73.568771,140018,29.581
S10016,45.500588,-73.568429,140019,29.613
S10016,45.500283,-73.567797,140020,29.673
S10016,45.499976,-73.567166,140021,29.733
S10016,45.499906,-73.567021,140022,29.747
S10016,45.499906,-73.567021,150001,29.747
S10016,45.499508,-73.566199,150002,29.825
S10016,45.499202,-73.565567,150003,29.885
S10016,45.499186,-73.565536,150004,29.888
S10016,45.499147,-73.565450,150005,29.896
S10016,45.499147,-73.565450,150006,29.896
S10016,45.499113,-73.565372,150007,29.903
S10016,45.499064,-73.565257,150008,29.914
S10016,45.499021,-73.565136,150009,29.924
S10016,45.499021,-73.565136,150010,29.924
S10016,45.498940,-73.564901,150011,29.945
S10016,45.498893,-73.564763,150012,29.957
S10016,45.498830,-73.564581,150013,29.973
S10016,45.498764,-73.564402,150014,29.988
S10016,45.498764,-73.564402,150015,29.988
S10016,45.498694,-73.564219,150016,30.005
S10016,45.498514,-73.563742,150017,30.047
S10016,45.498461,-73.563602,150018,30.059
S10016,45.498461,-73.563602,150019,30.059
S10016,45.498406,-73.563462,150020,30.072
S10016,45.498406,-73.563462,150021,30.072
S10016,45.498352,-73.563330,150022,30.084
S10016,45.498297,-73.563201,150023,30.096
S10016,45.498297,-73.563201,150024,30.096
S10016,45.498236,-73.563066,150025,30.108
S10016,45.498236,-73.563066,150026,30.108
S10016,45.498174,-73.562933,150027,30.121
S10016,45.498174,-73.562933,150028,30.121
S10016,45.498171,-73.562928,150029,30.121
S10016,45.497872,-73.562288,150030,30.181
S10016,45.497719,-73.561962,150031,30.212
S10016,45.497195,-73.560841,150032,30.317
S10016,45.496777,-73.559948,150033,30.401
S10016,45.496566,-73.559499,150034,30.443
S10016,45.496566,-73.559499,150035,30.443
S10016,45.496451,-73.559255,150036,30.466
S10016,45.496150,-73.558618,150037,30.526
S10016,45.495870,-73.558023,150038,30.582
S10016,45.495708,-73.557686,150039,30.614
S10016,45.495708,-73.557686,150040,30.614
S10016,45.495624,-73.557521,150041,30.630
S10016,45.495534,-73.557362,150042,30.646
S10016,45.495534,-73.557362,150043,30.646
S10016,45.495455,-73.557234,150044,30.659
S10016,45.495371,-73.557112,150045,30.672
S10016,45.495284,-73.556995,150046,30.686
S10016,45.495192,-73.556884,150047,30.699
S10016,45.495192,-73.556884,150048,30.699
S10016,45.495091,-73.556772,150049,30.713
S10016,45.494986,-73.556668,150050,30.727
S10016,45.494877,-73.556571,150051,30.742
S10016,45.494766,-73.556481,150052,30.756
S10016,45.494651,-73.556399,150053,30.770
S10016,45.494534,-73.556326,150054,30.785
S10016,45.494534,-73.556326,150055,30.785
S10016,45.494534,-73.556326,150056,30.785
S10016,45.494408,-73.556258,150057,30.799
S10016,45.494279,-73.556199,150058,30.814
S10016,45.494149,-73.556150,150059,30.829
S10016,45.494017,-73.556110,150060,30.844
S10016,45.494017,-73.556110,150061,30.844
S10016,45.493898,-73.556084,150062,30.858
S10016,45.493778,-73.556064,150063,30.871
S10016,45.493656,-73.556053,150064,30.885
S10016,45.493656,-73.556053,150065,30.885
S10016,45.493613,-73.556051,150066,30.890
S10016,45.493613,-73.556051,150067,30.890
S10016,45.493469,-73.556051,150068,30.906
S10016,45.493325,-73.556060,150069,30.922
S10016,45.493325,-73.556060,150070,30.922
S10016,45.493039,-73.556090,150071,30.953
S10016,45.493039,-73.556090,150072,30.953
S10016,45.491432,-73.556287,150073,31.133
S10016,45.491102,-73.556333,150074,31.170
S10016,45.490772,-73.556382,150075,31.206
S10016,45.490772,-73.556382,150076,31.206
S10016,45.490247,-73.556465,150077,31.265
S10016,45.490170,-73.556476,150078,31.274
S10016,45.489991,-73.556504,150079,31.294
S10016,45.489991,-73.556504,150080,31.294
S10016,45.489811,-73.556529,150081,31.314
S10016,45.489811,-73.556529,150082,31.314
S10016,45.489658,-73.556544,150083,31.331
S10016,45.489658,-73.556544,150084,31.331
S10016,45.489448,-73.556555,150085,31.354
S10016,45.489448,-73.556555,150086,31.354
S10016,45.489239,-73.556557,150087,31.378
S10016,45.489239,-73.556557,150088,31.378
S10016,45.489058,-73.556552,150089,31.398
S10016,45.489058,-73.556552,150090,31.398
S10016,45.488879,-73.556543,150091,31.418
S10016,45.488879,-73.556543,150092,31.418
S10016,45.488713,-73.556534,150093,31.436
S10016,45.487830,-73.556487,150094,31.534
S10016,45.487787,-73.556484,150095,31.539
S10016,45.487606,-73.556473,150096,31.559
S10016,45.487425,-73.556458,150097,31.579
S10016,45.487425,-73.556458,150098,31.579
S10016,45.487303,-73.556444,150099,31.593
S10016,45.487183,-73.556422,150100,31.606
S10016,45.487063,-73.556394,150101,31.620
S10016,45.487063,-73.556394,150102,31.620
S10016,45.486939,-73.556357,150103,31.634
S10016,45.486817,-73.556311,150104,31.648
S10016,45.486696,-73.556255,150105,31.662
S10016,45.486578,-73.556191,150106,31.676
S10016,45.486462,-73.556118,150107,31.690
S10016,45.486349,-73.556038,150108,31.704
S10016,45.486238,-73.555949,150109,31.718
S10016,45.486132,-73.555852,150110,31.732
S10016,45.486029,-73.555747,150111,31.746
S10016,45.485929,-73.555636,150112,31.761
S10016,45.485833,-73.555516,150113,31.775
S10016,45.485743,-73.555391,150114,31.789
S10016,45.485657,-73.555259,150115,31.803
S10016,45.485575,-73.555121,150116,31.817
S10016,45.485499,-73.554976,150117,31.831
S10016,45.485428,-73.554828,150118,31.845
S10016,45.485428,-73.554828,150119,31.845
S10016,45.485372,-73.554696,150120,31.857
S10016,45.485319,-73.554562,150121,31.869
S10016,45.485271,-73.554423,150122,31.881
S10016,45.485227,-73.554283,150123,31.893
S10016,45.485188,-73.554139,150124,31.905
S10016,45.485188,-73.554139,150125,31.905
S10016,45.485146,-73.553962,150126,31.920
S10016,45.485111,-73.553780,150127,31.934
S10016,45.485082,-73.553596,150128,31.949
S10016,45.485061,-73.553410,150129,31.964
S10016,45.485045,-73.553223,150130,31.979
S10016,45.485038,-73.553035,150131,31.993
S10016,45.485037,-73.552846,150132,32.008
S10016,45.485044,-73.552658,150133,32.023
S10016,45.485057,-73.552471,150134,32.037
S10016,45.485078,-73.552284,150135,32.052
S10016,45.485078,-73.552284,150136,32.052
S10016,45.485078,-73.552284,150137,32.052
S10016,45.485103,-73.552116,150138,32.066
S10016,45.485131,-73.551948,150139,32.079
S10016,45.485166,-73.551783,150140,32.093
S10016,45.485166,-73.551783,150141,32.093
S10016,45.485222,-73.551537,150142,32.113
S10016,45.485279,-73.551292,150143,32.133
S10016,45.485279,-73.551292,150144,32.133
S10016,45.486074,-73.547981,150145,32.407
S10016,45.486249,-73.547255,150146,32.466
S10016,45.486271,-73.547165,150147,32.474
S10016,45.486342,-73.546861,150148,32.499
S10016,45.486410,-73.546557,150149,32.524
S10016,45.486410,-73.546557,150150,32.524
S10016,45.486439,-73.546403,150151,32.536
S10016,45.486466,-73.546247,150152,32.549
S10016,45.486488,-73.546091,150153,32.561
S10016,45.486505,-73.545934,150154,32.574
S10016,45.486505,-73.545934,150155,32.574
S10016,45.486519,-73.545756,150156,32.588
S10016,45.486525,-73.545578,150157,32.602
S10016,45.486525,-73.545399,150158,32.616
S10016,45.486518,-73.545221,150159,32.630
S10016,45.486504,-73.545045,150160,32.643
S10016,45.486484,-73.544868,150161,32.657
S10016,45.486456,-73.544694,150162,32.671
S10016,45.486422,-73.544523,150163,32.685
S10016,45.486382,-73.544354,150164,32.699
S10016,45.486335,-73.544188,150165,32.713
S10016,45.486282,-73.544026,150166,32.727
S10016,45.486223,-73.543869,150167,32.741
S10016,45.486158,-73.543717,150168,32.755
S10016,45.486087,-73.543570,150169,32.769
S10016,45.486010,-73.543428,150170,32.783
S10016,45.485929,-73.543292,150171,32.797
S10016,45.485842,-73.543164,150172,32.811
S10016,45.485751,-73.543041,150173,32.825
S10016,45.485654,-73.542927,150174,32.839
S10016,45.485554,-73.542820,150175,32.853
S10016,45.485449,-73.542721,150176,32.867
S10016,45.485341,-73.542629,150177,32.881
S10016,45.485231,-73.542547,150178,32.895
S10016,45.485116,-73.542473,150179,32.908
S10016,45.484999,-73.542408,150180,32.922
S10016,45.484880,-73.542352,150181,32.936
S10016,45.484759,-73.542306,150182,32.950
S10016,45.484636,-73.542269,150183,32.964
S10016,45.484512,-73.542242,150184,32.978
S10016,45.484387,-73.542224,150185,32.992
S10016,45.484262,-73.542216,150186,33.006
S10016,45.484262,-73.542216,150187,33.006
S10016,45.484262,-73.542216,150188,33.006
S10016,45.484157,-73.542216,150189,33.018
S10016,45.484053,-73.542224,150190,33.029
S10016,45.483948,-73.542236,150191,33.041
S10016,45.483948,-73.542236,150192,33.041
S10016,45.483793,-73.542264,150193,33.058
S10016,45.483638,-73.542301,150194,33.076
S10016,45.483638,-73.542301,150195,33.076
S10016,45.483484,-73.542345,150196,33.093
S10016,45.483331,-73.542396,150197,33.111
S10016,45.483331,-73.542396,150198,33.111
S10016,45.483026,-73.542506,150199,33.146
S10016,45.483026,-73.542506,150200,33.146
S10016,45.482982,-73.542522,150201,33.151
S10016,45.482064,-73.542860,150202,33.256
S10016,45.481541,-73.543053,150203,33.316
S10016,45.480448,-73.543457,150204,33.442
S10016,45.479966,-73.543634,150205,33.497
S10016,45.479661,-73.543749,150206,33.532
S10016,45.479661,-73.543749,150207,33.532
S10016,45.479510,-73.543810,150208,33.550
S10016,45.479360,-73.543875,150209,33.567
S10016,45.479360,-73.543875,150210,33.567
S10016,45.479184,-73.543961,150211,33.588
S10016,45.479010,-73.544054,150212,33.608
S10016,45.478839,-73.544155,150213,33.629
S10016,45.478671,-73.544265,150214,33.650
S10016,45.478504,-73.544382,150215,33.670
S10016,45.478342,-73.544508,150216,33.691
S10016,45.478181,-73.544641,150217,33.711
S10016,45.478025,-73.544781,150218,33.732
S10016,45.477871,-73.544929,150219,33.753
S10016,45.477721,-73.545084,150220,33.773
S10016,45.477575,-73.545246,150221,33.794
S10016,45.477432,-73.545415,150222,33.815
S10016,45.477295,-73.545591,150223,33.835
S10016,45.477160,-73.545774,150224,33.856
S10016,45.477160,-73.545774,150225,33.856
S10016,45.477160,-73.545774,150226,33.856
S10016,45.477050,-73.545933,150227,33.873
S10016,45.476943,-73.546096,150228,33.891
S10016,45.476943,-73.546096,150229,33.891
S10016,45.476730,-73.546427,150230,33.926
S10016,45.476730,-73.546427,150231,33.926
S10016,45.476452,-73.546866,150232,33.972
S10016,45.476174,-73.547306,150233,34.018
S10016,45.476036,-73.547520,150234,34.041
S10016,45.475895,-73.547731,150235,34.064
S10016,45.475895,-73.547731,150236,34.064
S10016,45.475799,-73.547869,150237,34.079
S10016,45.475698,-73.548000,150238,34.094
S10016,45.475593,-73.548124,150239,34.109
S10016,45.475593,-73.548124,150240,34.109
S10016,45.475495,-73.548230,150241,34.123
S10016,45.475393,-73.548327,150242,34.136
S10016,45.475288,-73.548418,150243,34.150
S10016,45.475179,-73.548501,150244,34.164
S10016,45.475067,-73.548576,150245,34.178
S10016,45.474954,-73.548643,150246,34.191
S10016,45.474838,-73.548701,150247,34.205
S10016,45.474720,-73.548752,150248,34.218
S10016,45.474720,-73.548752,150249,34.218
S10016,45.474607,-73.548792,150250,34.231
S10016,45.474494,-73.548824,150251,34.244
S10016,45.474380,-73.548848,150252,34.257
S10016,45.474380,-73.548848,150253,34.257
S10016,45.474264,-73.548866,150254,34.270
S10016,45.474149,-73.548875,150255,34.283
S10016,45.474033,-73.548876,150256,34.296
S10016,45.474033,-73.548876,150257,34.296
S10016,45.473917,-73.548868,150258,34.309
S10016,45.473802,-73.548854,150259,34.321
S10016,45.473688,-73.548832,150260,34.334
S10016,45.473688,-73.548832,150261,34.334
S10016,45.473573,-73.548803,150262,34.347
S10016,45.473461,-73.548764,150263,34.360
S10016,45.473349,-73.548719,150264,34.373
S10016,45.473349,-73.548719,150265,34.373
S10016,45.473232,-73.548663,150266,34.386
S10016,45.473117,-73.548599,150267,34.400
S10016,45.473005,-73.548526,150268,34.414
S10016,45.472895,-73.548445,150269,34.428
S10016,45.472789,-73.548357,150270,34.441
S10016,45.472789,-73.548357,150271,34.441
S10016,45.472674,-73.548252,150272,34.456
S10016,45.472563,-73.548138,150273,34.472
S10016,45.472456,-73.548018,150274,34.487
S10016,45.472456,-73.548018,150275,34.487
S10016,45.472300,-73.547831,150276,34.510
S10016,45.472145,-73.547640,150277,34.532
S10016,45.472145,-73.547640,150278,34.532
S10016,45.471588,-73.546945,150279,34.615
S10016,45.471444,-73.546762,150280,34.636
S10016,45.471301,-73.546576,150281,34.658
S10016,45.471301,-73.546576,150282,34.658
S10016,45.471209,-73.546450,150283,34.672
S10016,45.471120,-73.546315,150284,34.686
S10016,45.471037,-73.546177,150285,34.701
S10016,45.471037,-73.546177,150286,34.701
S10016,45.470958,-73.546033,150287,34.715
S10016,45.470884,-73.545883,150288,34.729
S10016,45.470817,-73.545728,150289,34.743
S10016,45.470817,-73.545728,150290,34.743
S10016,45.470755,-73.545567,150291,34.758
S10016,45.470700,-73.545403,150292,34.772
S10016,45.470650,-73.545234,150293,34.786
S10016,45.470650,-73.545234,150294,34.786
S10016,45.470613,-73.545083,150295,34.799
S10016,45.470579,-73.544930,150296,34.811
S10016,45.470552,-73.544774,150297,34.824
S10016,45.470552,-73.544774,150298,34.824
S10016,45.470526,-73.544595,150299,34.838
S10016,45.470506,-73.544413,150300,34.853
S10016,45.470491,-73.544232,150301,34.867
S10016,45.470491,-73.544232,150302,34.867
S10016,45.470475,-73.543958,150303,34.889
S10016,45.470462,-73.543684,150304,34.910
S10016,45.470462,-73.543684,150305,34.910
S10016,45.470356,-73.541272,150306,35.099
S10016,45.470347,-73.541074,150307,35.114
S10016,45.470347,-73.541074,150308,35.114
S10016,45.470339,-73.540877,150309,35.130
S10016,45.470339,-73.540877,150310,35.130
S10016,45.470329,-73.540503,150311,35.159
S10016,45.470329,-73.540503,150312,35.159
S10016,45.470325,-73.540305,150313,35.175
S10016,45.470325,-73.540305,150314,35.175
S10016,45.470323,-73.540107,150315,35.190
S10016,45.470323,-73.540107,150316,35.190
S10016,45.470319,-73.539772,150317,35.216
S10016,45.470305,-73.538547,150318,35.312
S10016,45.470305,-73.538547,160001,35.312
S10016,45.470291,-73.537410,160002,35.401
S10016,45.470285,-73.536860,160003,35.444
S10016,45.470277,-73.536080,160004,35.505
S10016,45.470265,-73.535343,160005,35.563
S10016,45.470265,-73.535343,160006,35.563
S10016,45.470251,-73.534560,160007,35.624
S10016,45.470246,-73.534296,160008,35.645
S10016,45.470246,-73.534296,160009,35.645
S10016,45.470223,-73.532991,160010,35.746
S10016,45.470192,-73.531686,160011,35.849
S10016,45.470157,-73.530383,160012,35.951
S10016,45.470114,-73.529080,160013,36.053
S10016,45.470066,-73.527777,160014,36.155
S10016,45.470010,-73.526474,160015,36.257
S10016,45.469949,-73.525172,160016,36.359
S10016,45.469881,-73.523871,160017,36.461
S10016,45.469808,-73.522570,160018,36.563
S10016,45.469727,-73.521270,160019,36.665
S10016,45.469641,-73.519971,160020,36.767
S10016,45.469548,-73.518673,160021,36.869
S10016,45.469449,-73.517375,160022,36.971
S10016,45.469449,-73.517375,160023,36.971
S10016,45.469449,-73.517375,160024,36.971
S10016,45.469382,-73.516548,160025,37.036
S10016,45.469313,-73.515722,160026,37.101
S10016,45.469313,-73.515722,160027,37.101
S10016,45.469242,-73.514894,160028,37.166
S10016,45.469167,-73.514068,160029,37.231
S10016,45.469167,-73.514068,160030,37.231
S10016,45.469091,-73.513243,160031,37.297
S10016,45.469012,-73.512417,160032,37.362
S10016,45.469012,-73.512417,160033,37.362
S10016,45.468930,-73.511592,160034,37.427
S10016,45.468846,-73.510768,160035,37.492
S10016,45.468846,-73.510768,160036,37.492
S10016,45.468639,-73.508781,160037,37.649
S10016,45.468433,-73.506795,160038,37.806
S10016,45.468226,-73.504807,160039,37.963
S10016,45.468020,-73.502821,160040,38.120
S10016,45.467917,-73.501852,160041,38.197
S10016,45.467814,-73.500884,160042,38.273
S10016,45.467814,-73.500884,160043,38.273
S10016,45.467708,-73.499916,160044,38.350
S10016,45.467600,-73.498949,160045,38.426
S10016,45.467600,-73.498949,160046,38.426
S10016,45.467490,-73.497982,160047,38.503
S10016,45.467377,-73.497015,160048,38.580
S10016,45.467377,-73.497015,160049,38.580
S10016,45.467263,-73.496050,160050,38.656
S10016,45.467147,-73.495086,160051,38.733
S10016,45.467147,-73.495086,160052,38.733
S10016,45.467028,-73.494120,160053,38.809
S10016,45.466908,-73.493156,160054,38.886
S10016,45.466908,-73.493156,160055,38.886
S10016,45.466737,-73.491816,160056,38.992
S10016,45.466561,-73.490475,160057,39.099
S10016,45.466382,-73.489135,160058,39.206
S10016,45.466382,-73.489135,160059,39.206
S10016,45.466268,-73.488303,160060,39.272
S10016,45.466268,-73.488303,160061,39.272
S10016,45.466153,-73.487470,160062,39.338
S10016,45.466153,-73.487470,160063,39.338
S10016,45.466059,-73.486798,160064,39.392
S10016,45.465966,-73.486125,160065,39.446
S10016,45.465914,-73.485748,160066,39.476
S10016,45.465865,-73.485371,160067,39.506
S10016,45.465865,-73.485371,160068,39.506
S10016,45.465784,-73.484715,160069,39.558
S10016,45.465710,-73.484056,160070,39.610
S10016,45.465641,-73.483397,160071,39.662
S10016,45.465580,-73.482736,160072,39.714
S10016,45.465525,-73.482075,160073,39.766
S10016,45.465525,-73.482075,160074,39.766
S10016,45.465317,-73.479433,160075,39.974
S10016,45.465295,-73.479147,160076,39.996
S10016,45.465295,-73.479147,160077,39.996
S10016,45.465267,-73.478764,160078,40.027
S10016,45.465242,-73.478382,160079,40.057
S10016,45.465242,-73.478382,160080,40.057
S10016,45.465201,-73.477702,160081,40.110
S10016,45.465194,-73.477555,160082,40.121
S10016,45.465170,-73.477067,160083,40.160
S10016,45.465167,-73.477021,160084,40.163
S10016,45.465140,-73.476339,160085,40.217
S10016,45.465140,-73.476339,160086,40.217
S10016,45.465080,-73.474671,160087,40.347
S10016,45.465070,-73.474397,160088,40.369
S10016,45.465052,-73.473947,160089,40.404
S10016,45.465052,-73.473947,160090,40.404
S10016,45.465030,-73.473497,160091,40.439
S10016,45.465030,-73.473497,160092,40.439
S10016,45.465018,-73.473263,160093,40.458
S10016,45.465018,-73.473263,160094,40.458
S10016,45.464997,-73.472901,160095,40.486
S10016,45.464961,-73.472262,160096,40.536
S10016,45.464944,-73.471900,160097,40.565
S10016,45.464929,-73.471538,160098,40.593
S10016,45.464929,-73.471538,160099,40.593
S10016,45.464925,-73.471405,160100,40.604
S10016,45.464879,-73.470190,160101,40.699
S10016,45.464879,-73.470190,170001,40.699
S10016,45.464843,-73.469227,170002,40.774
S10016,45.464842,-73.469194,170003,40.777
S10016,45.464837,-73.469047,170004,40.788
S10016,45.464837,-73.469047,170005,40.788
S10016,45.464831,-73.468900,170006,40.800
S10016,45.464831,-73.468900,170007,40.800
S10016,45.464825,-73.468662,170008,40.818
S10016,45.464819,-73.468423,170009,40.837
S10016,45.464819,-73.468423,170010,40.837
S10016,45.464818,-73.468276,170011,40.849
S10016,45.464818,-73.468276,170012,40.849
S10016,45.464816,-73.468129,170013,40.860
S10016,45.464816,-73.468129,170014,40.860
S10016,45.464811,-73.467757,170015,40.889
S10016,45.464804,-73.467154,170016,40.936
S10016,45.464802,-73.467007,170017,40.948
S10016,45.464802,-73.467007,170018,40.948
S10016,45.464799,-73.466860,170019,40.959
S10016,45.464799,-73.466860,170020,40.959
S10016,45.464795,-73.466622,170021,40.978
S10016,45.464787,-73.466383,170022,40.996
S10016,45.464787,-73.466383,170023,40.996
S10016,45.464783,-73.466238,170024,41.008
S10016,45.464783,-73.466238,170025,41.008
S10016,45.464777,-73.466090,170026,41.019
S10016,45.464777,-73.466090,170027,41.019
S10016,45.464761,-73.465648,170028,41.054
S10016,45.464745,-73.465206,170029,41.089
S10016,45.464691,-73.463793,170030,41.199
S10016,45.464668,-73.463153,170031,41.249
S10016,45.464644,-73.462515,170032,41.299
S10016,45.464633,-73.462221,170033,41.322
S10016,45.464613,-73.461736,170034,41.360
S10016,45.464613,-73.461736,170035,41.360
S10016,45.464601,-73.461493,170036,41.379
S10016,45.464585,-73.461252,170037,41.398
S10016,45.464585,-73.461252,170038,41.398
S10016,45.464560,-73.460954,170039,41.422
S10016,45.464527,-73.460657,170040,41.445
S10016,45.464489,-73.460362,170041,41.469
S10016,45.464443,-73.460068,170042,41.492
S10016,45.464392,-73.459776,170043,41.516
S10016,45.464333,-73.459487,170044,41.539
S10016,45.464268,-73.459201,170045,41.563
S10016,45.464197,-73.458918,170046,41.587
S10016,45.464197,-73.458918,170047,41.587
S10016,45.464140,-73.458710,170048,41.604
S10016,45.464080,-73.458504,170049,41.621
S10016,45.464016,-73.458299,170050,41.639
S10016,45.464016,-73.458299,170051,41.639
S10016,45.463949,-73.458097,170052,41.656
S10016,45.463878,-73.457898,170053,41.674
S10016,45.463804,-73.457700,170054,41.691
S10016,45.463804,-73.457700,170055,41.691
S10016,45.463727,-73.457505,170056,41.709
S10016,45.463647,-73.457314,170057,41.726
S10016,45.463563,-73.457123,170058,41.744
S10016,45.463563,-73.457123,170059,41.744
S10016,45.463476,-73.456938,170060,41.761
S10016,45.463387,-73.456754,170061,41.779
S10016,45.463293,-73.456574,170062,41.796
S10016,45.463293,-73.456574,170063,41.796
S10016,45.463189,-73.456382,170064,41.815
S10016,45.463082,-73.456193,170065,41.834
S10016,45.462971,-73.456009,170066,41.853
S10016,45.462857,-73.455828,170067,41.872
S10016,45.462857,-73.455828,170068,41.872
S10016,45.462740,-73.455652,170069,41.891
S10016,45.462619,-73.455480,170070,41.910
S10016,45.462619,-73.455480,170071,41.910
S10016,45.462376,-73.455138,170072,41.948
S10016,45.462376,-73.455138,170073,41.948
S10016,45.459713,-73.451444,170074,42.362
S10016,45.459294,-73.450864,170075,42.427
S10016,45.458876,-73.450283,170076,42.492
S10016,45.458684,-73.450016,170077,42.521
S10016,45.458409,-73.449634,170078,42.564
S10016,45.458136,-73.449251,170079,42.607
S10016,45.458136,-73.449251,170080,42.607
S10016,45.457346,-73.448130,170081,42.731
S10016,45.456759,-73.447302,170082,42.823
S10016,45.456759,-73.447302,170083,42.823
S10016,45.456382,-73.446776,170084,42.881
S10016,45.456382,-73.446776,170085,42.881
S10016,45.456138,-73.446435,170086,42.919
S10016,45.455893,-73.446095,170087,42.958
S10016,45.455694,-73.445820,170088,42.988
S10016,45.455694,-73.445820,170089,42.988
S10016,45.455495,-73.445548,170090,43.019
S10016,45.455495,-73.445548,170091,43.019
S10016,45.455248,-73.445215,170092,43.057
S10016,45.455001,-73.444881,170093,43.095
S10016,45.454671,-73.444434,170094,43.145
S10016,45.454516,-73.444223,170095,43.169
S10016,45.454516,-73.444223,170096,43.169
S10016,45.454216,-73.443809,170097,43.216
S10016,45.454216,-73.443809,170098,43.216
S10016,45.453762,-73.443174,170099,43.286
S10016,45.453309,-73.442539,170100,43.357
S10016,45.452883,-73.441945,170101,43.423
S10016,45.452883,-73.441945,170102,43.423
S10016,45.452429,-73.441313,170103,43.494
S10016,45.451214,-73.439625,170104,43.683
S10016,45.450441,-73.438552,170105,43.803
S10016,45.449482,-73.437218,170106,43.952
S10016,45.449202,-73.436835,170107,43.995
S10016,45.448918,-73.436457,170108,44.039
S10016,45.448918,-73.436457,170109,44.039
S10016,45.448153,-73.435453,170110,44.154
S10016,45.447903,-73.435121,170111,44.193
S10016,45.447655,-73.434784,170112,44.231
S10016,45.447655,-73.434784,170113,44.231
S10016,45.447426,-73.434464,170114,44.266
S10016,45.447426,-73.434464,170115,44.266
S10016,45.447271,-73.434245,170116,44.291
S10016,45.446857,-73.433660,170117,44.355
S10016,45.446857,-73.433660,180001,44.355
S10016,45.446456,-73.433094,180002,44.418
S10016,45.446393,-73.433003,180003,44.428
S10016,45.446393,-73.433003,180004,44.428
S10016,45.446329,-73.432912,180005,44.438
S10016,45.446329,-73.432912,180006,44.438
S10016,45.446208,-73.432734,180007,44.458
S10016,45.446089,-73.432551,180008,44.477
S10016,45.445973,-73.432366,180009,44.496
S10016,45.445973,-73.432366,180010,44.496
S10016,45.445871,-73.432195,180011,44.514
S10016,45.445770,-73.432021,180012,44.532
S10016,45.445770,-73.432021,180013,44.532
S10016,45.445714,-73.431921,180014,44.542
S10016,45.445714,-73.431921,180015,44.542
S10016,45.445658,-73.431822,180016,44.552
S10016,45.445658,-73.431822,180017,44.552
S10016,45.444752,-73.430191,180018,44.714
S10016,45.444417,-73.429590,180019,44.774
S10016,45.444038,-73.428910,180020,44.842
S10016,45.443916,-73.428689,180021,44.864
S10016,45.443793,-73.428468,180022,44.886
S10016,45.443670,-73.428247,180023,44.908
S10016,45.443547,-73.428027,180024,44.930
S10016,45.443066,-73.427161,180025,45.016
S10016,45.442883,-73.426838,180026,45.049
S10016,45.442883,-73.426838,180027,45.049
S10016,45.442819,-73.426733,180028,45.059
S10016,45.442753,-73.426633,180029,45.070
S10016,45.442684,-73.426534,180030,45.081
S10016,45.442684,-73.426534,180031,45.081
S10016,45.442594,-73.426415,180032,45.095
S10016,45.442498,-73.426303,180033,45.109
S10016,45.442399,-73.426200,180034,45.122
S10016,45.442295,-73.426103,180035,45.136
S10016,45.442188,-73.426015,180036,45.150
S10016,45.442078,-73.425936,180037,45.164
S10016,45.441965,-73.425865,180038,45.177
S10016,45.441965,-73.425865,180039,45.177
S10016,45.441965,-73.425865,180040,45.177
S10016,45.441854,-73.425805,180041,45.191
S10016,45.441742,-73.425756,180042,45.204
S10016,45.441742,-73.425756,180043,45.204
S10016,45.441628,-73.425714,180044,45.217
S10016,45.441511,-73.425679,180045,45.230
S10016,45.441511,-73.425679,180046,45.230
S10016,45.441394,-73.425654,180047,45.243
S10016,45.441277,-73.425639,180048,45.256
S10016,45.441277,-73.425639,180049,45.256
S10016,45.441160,-73.425631,180050,45.269
S10016,45.441041,-73.425633,180051,45.283
S10016,45.441041,-73.425633,180052,45.283
S10016,45.440923,-73.425643,180053,45.296
S10016,45.440806,-73.425662,180054,45.309
S10016,45.440806,-73.425662,180055,45.309
S10016,45.440689,-73.425689,180056,45.322
S10016,45.440574,-73.425727,180057,45.335
S10016,45.440574,-73.425727,180058,45.335
S10016,45.440460,-73.425771,180059,45.348
S10016,45.440348,-73.425825,180060,45.361
S10016,45.440348,-73.425825,180061,45.361
S10016,45.440238,-73.425887,180062,45.374
S10016,45.440131,-73.425957,180063,45.388
S10016,45.440131,-73.425957,180064,45.388
S10016,45.440021,-73.426039,180065,45.401
S10016,45.439913,-73.426131,180066,45.416
S10016,45.439808,-73.426231,180067,45.429
S10016,45.439709,-73.426340,180068,45.443
S10016,45.439614,-73.426455,180069,45.457
S10016,45.439523,-73.426579,180070,45.471
S10016,45.439438,-73.426710,180071,45.485
S10016,45.439357,-73.426847,180072,45.499
S10016,45.439282,-73.426989,180073,45.513
S10016,45.439213,-73.427138,180074,45.527
S10016,45.439213,-73.427138,180075,45.527
S10016,45.439213,-73.427138,180076,45.527
S10016,45.439164,-73.427257,180077,45.538
S10016,45.439117,-73.427377,180078,45.549
S10016,45.439073,-73.427501,180079,45.559
S10016,45.439073,-73.427501,180080,45.559
S10016,45.438950,-73.427877,180081,45.592
S10016,45.438950,-73.427877,180082,45.592
S10016,45.438880,-73.428096,180083,45.611
S10016,45.438750,-73.428507,180084,45.646
S10016,45.438466,-73.429396,180085,45.722
S10016,45.438355,-73.429746,180086,45.752
S10016,45.438243,-73.430095,180087,45.782
S10016,45.438056,-73.430683,180088,45.833
S20028,45.499906,-73.567021,10001,0.000
S20028,45.499508,-73.566199,10002,0.078
S20028,45.499202,-73.565567,10003,0.138
S20028,45.499186,-73.565536,10004,0.141
S20028,45.499147,-73.565450,10005,0.149
S20028,45.499147,-73.565450,10006,0.149
S20028,45.499113,-73.565372,10007,0.156
S20028,45.499064,-73.565257,10008,0.167
S20028,45.499021,-73.565136,10009,0.177
S20028,45.499021,-73.565136,10010,0.177
S20028,45.498940,-73.564901,10011,0.198
S20028,45.498893,-73.564763,10012,0.210
S20028,45.498830,-73.564581,10013,0.226
S20028,45.498764,-73.564402,10014,0.241
S20028,45.498764,-73.564402,10015,0.241
S20028,45.498694,-73.564219,10016,0.258
S20028,45.498514,-73.563742,10017,0.300
S20028,45.498461,-73.563602,10018,0.312
S20028,45.498461,-73.563602,10019,0.312
S20028,45.498406,-73.563462,10020,0.325
S20028,45.498406,-73.563462,10021,0.325
S20028,45.498352,-73.563330,10022,0.337
S20028,45.498297,-73.563201,10023,0.349
S20028,45.498297,-73.563201,10024,0.349
S20028,45.498236,-73.563066,10025,0.361
S20028,45.498236,-73.563066,10026,0.361
S20028,45.498174,-73.562933,10027,0.374
S20028,45.498174,-73.562933,10028,0.374
S20028,45.498171,-73.562928,10029,0.374
S20028,45.497872,-73.562288,10030,0.434
S20028,45.497719,-73.561962,10031,0.465
S20028,45.497195,-73.560841,10032,0.570
S20028,45.496777,-73.559948,10033,0.654
S20028,45.496566,-73.559499,10034,0.696
S20028,45.496566,-73.559499,10035,0.696
S20028,45.496451,-73.559255,10036,0.719
S20028,45.496150,-73.558618,10037,0.779
S20028,45.495870,-73.558023,10038,0.835
S20028,45.495708,-73.557686,10039,0.867
S20028,45.495708,-73.557686,10040,0.867
S20028,45.495624,-73.557521,10041,0.883
S20028,45.495534,-73.557362,10042,0.899
S20028,45.495534,-73.557362,10043,0.899
S20028,45.495455,-73.557234,10044,0.912
S20028,45.495371,-73.557112,10045,0.925
S20028,45.495284,-73.556995,10046,0.939
S20028,45.495192,-73.556884,10047,0.952
S20028,45.495192,-73.556884,10048,0.952
S20028,45.495091,-73.556772,10049,0.966
S20028,45.494986,-73.556668,10050,0.981
S20028,45.494877,-73.556571,10051,0.995
S20028,45.494766,-73.556481,10052,1.009
S20028,45.494651,-73.556399,10053,1.023
S20028,45.494534,-73.556326,10054,1.038
S20028,45.494534,-73.556326,10055,1.038
S20028,45.494534,-73.556326,10056,1.038
S20028,45.494408,-73.556258,10057,1.052
S20028,45.494279,-73.556199,10058,1.067
S20028,45.494149,-73.556150,10059,1.082
S20028,45.494017,-73.556110,10060,1.097
S20028,45.494017,-73.556110,10061,1.097
S20028,45.493898,-73.556084,10062,1.111
S20028,45.493778,-73.556064,10063,1.124
S20028,45.493656,-73.556053,10064,1.138
S20028,45.493656,-73.556053,10065,1.138
S20028,45.493613,-73.556051,10066,1.143
S20028,45.493613,-73.556051,10067,1.143
S20028,45.493469,-73.556051,10068,1.159
S20028,45.493325,-73.556060,10069,1.175
S20028,45.493325,-73.556060,10070,1.175
S20028,45.493039,-73.556090,10071,1.206
S20028,45.493039,-73.556090,10072,1.206
S20028,45.491432,-73.556287,10073,1.386
S20028,45.491102,-73.556333,10074,1.423
S20028,45.490772,-73.556382,10075,1.460
S20028,45.490772,-73.556382,10076,1.460
S20028,45.490247,-73.556465,10077,1.518
S20028,45.490170,-73.556476,10078,1.527
S20028,45.489991,-73.556504,10079,1.547
S20028,45.489991,-73.556504,10080,1.547
S20028,45.489811,-73.556529,10081,1.567
S20028,45.489811,-73.556529,10082,1.567
S20028,45.489658,-73.556544,10083,1.584
S20028,45.489658,-73.556544,10084,1.584
S20028,45.489448,-73.556555,10085,1.607
S20028,45.489448,-73.556555,10086,1.607
S20028,45.489239,-73.556557,10087,1.631
S20028,45.489239,-73.556557,10088,1.631
S20028,45.489058,-73.556552,10089,1.651
S20028,45.489058,-73.556552,10090,1.651
S20028,45.488879,-73.556543,10091,1.671
S20028,45.488879,-73.556543,10092,1.671
S20028,45.488713,-73.556534,10093,1.689
S20028,45.487830,-73.556487,10094,1.787
S20028,45.487787,-73.556484,10095,1.792
S20028,45.487606,-73.556473,10096,1.812
S20028,45.487425,-73.556458,10097,1.832
S20028,45.487425,-73.556458,10098,1.832
S20028,45.487303,-73.556444,10099,1.846
S20028,45.487183,-73.556422,10100,1.859
S20028,45.487063,-73.556394,10101,1.873
S20028,45.487063,-73.556394,10102,1.873
S20028,45.486939,-73.556357,10103,1.887
S20028,45.486817,-73.556311,10104,1.901
S20028,45.486696,-73.556255,10105,1.915
S20028,45.486578,-73.556191,10106,1.929
S20028,45.486462,-73.556118,10107,1.943
S20028,45.486349,-73.556038,10108,1.957
S20028,45.486238,-73.555949,10109,1.971
S20028,45.486132,-73.555852,10110,1.985
S20028,45.486029,-73.555747,10111,1.999
S20028,45.485929,-73.555636,10112,2.014
S20028,45.485833,-73.555516,10113,2.028
S20028,45.485743,-73.555391,10114,2.042
S20028,45.485657,-73.555259,10115,2.056
S20028,45.485575,-73.555121,10116,2.070
S20028,45.485499,-73.554976,10117,2.084
S20028,45.485428,-73.554828,10118,2.098
S20028,45.485428,-73.554828,10119,2.098
S20028,45.485372,-73.554696,10120,2.110
S20028,45.485319,-73.554562,10121,2.122
S20028,45.485271,-73.554423,10122,2.134
S20028,45.485227,-73.554283,10123,2.146
S20028,45.485188,-73.554139,10124,2.158
S20028,45.485188,-73.554139,10125,2.158
S20028,45.485146,-73.553962,10126,2.173
S20028,45.485111,-73.553780,10127,2.187
S20028,45.485082,-73.553596,10128,2.202
S20028,45.485061,-73.553410,10129,2.217
S20028,45.485045,-73.553223,10130,2.232
S20028,45.485038,-73.553035,10131,2.246
S20028,45.485037,-73.552846,10132,2.261
S20028,45.485044,-73.552658,10133,2.276
S20028,45.485057,-73.552471,10134,2.290
S20028,45.485078,-73.552284,10135,2.305
S20028,45.485078,-73.552284,10136,2.305
S20028,45.485078,-73.552284,10137,2.305
S20028,45.485103,-73.552116,10138,2.319
S20028,45.485131,-73.551948,10139,2.332
S20028,45.485166,-73.551783,10140,2.346
S20028,45.485166,-73.551783,10141,2.346
S20028,45.485222,-73.551537,10142,2.366
S20028,45.485279,-73.551292,10143,2.386
S20028,45.485279,-73.551292,10144,2.386
S20028,45.486074,-73.547981,10145,2.659
S20028,45.486249,-73.547255,10146,2.719
S20028,45.486271,-73.547165,10147,2.727
S20028,45.486342,-73.546861,10148,2.752
S20028,45.486410,-73.546557,10149,2.777
S20028,45.486410,-73.546557,10150,2.777
S20028,45.486439,-73.546403,10151,2.789
S20028,45.486466,-73.546247,10152,2.802
S20028,45.486488,-73.546091,10153,2.814
S20028,45.486505,-73.545934,10154,2.827
S20028,45.486505,-73.545934,10155,2.827
S20028,45.486519,-73.545756,10156,2.841
S20028,45.486525,-73.545578,10157,2.855
S20028,45.486525,-73.545399,10158,2.869
S20028,45.486518,-73.545221,10159,2.882
S20028,45.486504,-73.545045,10160,2.896
S20028,45.486484,-73.544868,10161,2.910
S20028,45.486456,-73.544694,10162,2.924
S20028,45.486422,-73.544523,10163,2.938
S20028,45.486382,-73.544354,10164,2.952
S20028,45.486335,-73.544188,10165,2.966
S20028,45.486282,-73.544026,10166,2.980
S20028,45.486223,-73.543869,10167,2.994
S20028,45.486158,-73.543717,10168,3.008
S20028,45.486087,-73.543570,10169,3.022
S20028,45.486010,-73.543428,10170,3.036
S20028,45.485929,-73.543292,10171,3.050
S20028,45.485842,-73.543164,10172,3.064
S20028,45.485751,-73.543041,10173,3.078
S20028,45.485654,-73.542927,10174,3.092
S20028,45.485554,-73.542820,10175,3.106
S20028,45.485449,-73.542721,10176,3.120
S20028,45.485341,-73.542629,10177,3.134
S20028,45.485231,-73.542547,10178,3.147
S20028,45.485116,-73.542473,10179,3.162
S20028,45.484999,-73.542408,10180,3.175
S20028,45.484880,-73.542352,10181,3.189
S20028,45.484759,-73.542306,10182,3.203
S20028,45.484636,-73.542269,10183,3.217
S20028,45.484512,-73.542242,10184,3.231
S20028,45.484387,-73.542224,10185,3.245
S20028,45.484262,-73.542216,10186,3.259
S20028,45.484262,-73.542216,10187,3.259
S20028,45.484262,-73.542216,10188,3.259
S20028,45.484157,-73.542216,10189,3.271
S20028,45.484053,-73.542224,10190,3.282
S20028,45.483948,-73.542236,10191,3.294
S20028,45.483948,-73.542236,10192,3.294
S20028,45.483793,-73.542264,10193,3.311
S20028,45.483638,-73.542301,10194,3.329
S20028,45.483638,-73.542301,10195,3.329
S20028,45.483484,-73.542345,10196,3.346
S20028,45.483331,-73.542396,10197,3.364
S20028,45.483331,-73.542396,10198,3.364
S20028,45.483026,-73.542506,10199,3.399
S20028,45.483026,-73.542506,10200,3.399
S20028,45.482982,-73.542522,10201,3.404
S20028,45.482064,-73.542860,10202,3.509
S20028,45.481541,-73.543053,10203,3.569
S20028,45.480448,-73.543457,10204,3.695
S20028,45.479966,-73.543634,10205,3.750
S20028,45.479661,-73.543749,10206,3.785
S20028,45.479661,-73.543749,10207,3.785
S20028,45.479510,-73.543810,10208,3.803
S20028,45.479360,-73.543875,10209,3.820
S20028,45.479360,-73.543875,10210,3.820
S20028,45.479184,-73.543961,10211,3.841
S20028,45.479010,-73.544054,10212,3.861
S20028,45.478839,-73.544155,10213,3.882
S20028,45.478671,-73.544265,10214,3.902
S20028,45.478504,-73.544382,10215,3.923
S20028,45.478342,-73.544508,10216,3.944
S20028,45.478181,-73.544641,10217,3.964
S20028,45.478025,-73.544781,10218,3.985
S20028,45.477871,-73.544929,10219,4.006
S20028,45.477721,-73.545084,10220,4.026
S20028,45.477575,-73.545246,10221,4.047
S20028,45.477432,-73.545415,10222,4.067
S20028,45.477295,-73.545591,10223,4.088
S20028,45.477160,-73.545774,10224,4.109
S20028,45.477160,-73.545774,10225,4.109
S20028,45.477160,-73.545774,10226,4.109
S20028,45.477050,-73.545933,10227,4.126
S20028,45.476943,-73.546096,10228,4.144
S20028,45.476943,-73.546096,10229,4.144
S20028,45.476730,-73.546427,10230,4.179
S20028,45.476730,-73.546427,10231,4.179
S20028,45.476452,-73.546866,10232,4.225
S20028,45.476174,-73.547306,10233,4.271
S20028,45.476036,-73.547520,10234,4.294
S20028,45.475895,-73.547731,10235,4.317
S20028,45.475895,-73.547731,10236,4.317
S20028,45.475799,-73.547869,10237,4.332
S20028,45.475698,-73.548000,10238,4.347
S20028,45.475593,-73.548124,10239,4.362
S20028,45.475593,-73.548124,10240,4.362
S20028,45.475495,-73.548230,10241,4.376
S20028,45.475393,-73.548327,10242,4.389
S20028,45.475288,-73.548418,10243,4.403
S20028,45.475179,-73.548501,10244,4.417
S20028,45.475067,-73.548576,10245,4.431
S20028,45.474954,-73.548643,10246,4.444
S20028,45.474838,-73.548701,10247,4.458
S20028,45.474720,-73.548752,10248,4.471
S20028,45.474720,-73.548752,10249,4.471
S20028,45.474607,-73.548792,10250,4.484
S20028,45.474494,-73.548824,10251,4.497
S20028,45.474380,-73.548848,10252,4.510
S20028,45.474380,-73.548848,10253,4.510
S20028,45.474264,-73.548866,10254,4.523
S20028,45.474149,-73.548875,10255,4.536
S20028,45.474033,-73.548876,10256,4.549
S20028,45.474033,-73.548876,10257,4.549
S20028,45.473917,-73.548868,10258,4.561
S20028,45.473802,-73.548854,10259,4.574
S20028,45.473688,-73.548832,10260,4.587
S20028,45.473688,-73.548832,10261,4.587
S20028,45.473573,-73.548803,10262,4.600
S20028,45.473461,-73.548764,10263,4.613
S20028,45.473349,-73.548719,10264,4.626
S20028,45.473349,-73.548719,10265,4.626
S20028,45.473232,-73.548663,10266,4.639
S20028,45.473117,-73.548599,10267,4.653
S20028,45.473005,-73.548526,10268,4.667
S20028,45.472895,-73.548445,10269,4.681
S20028,45.472789,-73.548357,10270,4.694
S20028,45.472789,-73.548357,10271,4.694
S20028,45.472674,-73.548252,10272,4.710
S20028,45.472563,-73.548138,10273,4.725
S20028,45.472456,-73.548018,10274,4.740
S20028,45.472456,-73.548018,10275,4.740
S20028,45.472300,-73.547831,10276,4.763
S20028,45.472145,-73.547640,10277,4.785
S20028,45.472145,-73.547640,10278,4.785
S20028,45.471588,-73.546945,10279,4.868
S20028,45.471444,-73.546762,10280,4.889
S20028,45.471301,-73.546576,10281,4.911
S20028,45.471301,-73.546576,10282,4.911
S20028,45.471209,-73.546450,10283,4.925
S20028,45.471120,-73.546315,10284,4.939
S20028,45.471037,-73.546177,10285,4.954
S20028,45.471037,-73.546177,10286,4.954
S20028,45.470958,-73.546033,10287,4.968
S20028,45.470884,-73.545883,10288,4.982
S20028,45.470817,-73.545728,10289,4.997
S20028,45.470817,-73.545728,10290,4.997
S20028,45.470755,-73.545567,10291,5.011
S20028,45.470700,-73.545403,10292,5.025
S20028,45.470650,-73.545234,10293,5.039
S20028,45.470650,-73.545234,10294,5.039
S20028,45.470613,-73.545083,10295,5.052
S20028,45.470579,-73.544930,10296,5.064
S20028,45.470552,-73.544774,10297,5.077
S20028,45.470552,-73.544774,10298,5.077
S20028,45.470526,-73.544595,10299,5.091
S20028,45.470506,-73.544413,10300,5.106
S20028,45.470491,-73.544232,10301,5.120
S20028,45.470491,-73.544232,10302,5.120
S20028,45.470475,-73.543958,10303,5.141
S20028,45.470462,-73.543684,10304,5.163
S20028,45.470462,-73.543684,10305,5.163
S20028,45.470356,-73.541272,10306,5.352
S20028,45.470347,-73.541074,10307,5.367
S20028,45.470347,-73.541074,10308,5.367
S20028,45.470339,-73.540877,10309,5.383
S20028,45.470339,-73.540877,10310,5.383
S20028,45.470329,-73.540503,10311,5.412
S20028,45.470329,-73.540503,10312,5.412
S20028,45.470325,-73.540305,10313,5.428
S20028,45.470325,-73.540305,10314,5.428
S20028,45.470323,-73.540107,10315,5.443
S20028,45.470323,-73.540107,10316,5.443
S20028,45.470319,-73.539772,10317,5.469
S20028,45.470305,-73.538547,10318,5.565
S20028,45.470305,-73.538547,20001,5.565
S20028,45.470291,-73.537410,20002,5.654
S20028,45.470285,-73.536860,20003,5.697
S20028,45.470277,-73.536080,20004,5.758
S20028,45.470265,-73.535343,20005,5.816
S20028,45.470265,-73.535343,20006,5.816
S20028,45.470251,-73.534560,20007,5.877
S20028,45.470246,-73.534296,20008,5.897
S20028,45.470246,-73.534296,20009,5.897
S20028,45.470223,-73.532991,20010,6.000
S20028,45.470192,-73.531686,20011,6.102
S20028,45.470157,-73.530383,20012,6.204
S20028,45.470114,-73.529080,20013,6.306
S20028,45.470066,-73.527777,20014,6.408
S20028,45.470010,-73.526474,20015,6.510
S20028,45.469949,-73.525172,20016,6.612
S20028,45.469881,-73.523871,20017,6.714
S20028,45.469808,-73.522570,20018,6.816
S20028,45.469727,-73.521270,20019,6.918
S20028,45.469641,-73.519971,20020,7.020
S20028,45.469548,-73.518673,20021,7.122
S20028,45.469449,-73.517375,20022,7.224
S20028,45.469449,-73.517375,20023,7.224
S20028,45.469449,-73.517375,20024,7.224
S20028,45.469382,-73.516548,20025,7.289
S20028,45.469313,-73.515722,20026,7.354
S20028,45.469313,-73.515722,20027,7.354
S20028,45.469242,-73.514894,20028,7.419
S20028,45.469167,-73.514068,20029,7.484
S20028,45.469167,-73.514068,20030,7.484
S20028,45.469091,-73.513243,20031,7.550
S20028,45.469012,-73.512417,20032,7.615
S20028,45.469012,-73.512417,20033,7.615
S20028,45.468930,-73.511592,20034,7.680
S20028,45.468846,-73.510768,20035,7.745
S20028,45.468846,-73.510768,20036,7.745
S20028,45.468639,-73.508781,20037,7.902
S20028,45.468433,-73.506795,20038,8.059
S20028,45.468226,-73.504807,20039,8.216
S20028,45.468020,-73.502821,20040,8.373
S20028,45.467917,-73.501852,20041,8.450
S20028,45.467814,-73.500884,20042,8.526
S20028,45.467814,-73.500884,20043,8.526
S20028,45.467708,-73.499916,20044,8.603
S20028,45.467600,-73.498949,20045,8.680
S20028,45.467600,-73.498949,20046,8.680
S20028,45.467490,-73.497982,20047,8.756
S20028,45.467377,-73.497015,20048,8.833
S20028,45.467377,-73.497015,20049,8.833
S20028,45.467263,-73.496050,20050,8.909
S20028,45.467147,-73.495086,20051,8.986
S20028,45.467147,-73.495086,20052,8.986
S20028,45.467028,-73.494120,20053,9.062
S20028,45.466908,-73.493156,20054,9.139
S20028,45.466908,-73.493156,20055,9.139
S20028,45.466737,-73.491816,20056,9.245
S20028,45.466561,-73.490475,20057,9.352
S20028,45.466382,-73.489135,20058,9.459
S20028,45.466382,-73.489135,20059,9.459
S20028,45.466268,-73.488303,20060,9.525
S20028,45.466268,-73.488303,20061,9.525
S20028,45.466153,-73.487470,20062,9.591
S20028,45.466153,-73.487470,20063,9.591
S20028,45.466059,-73.486798,20064,9.645
S20028,45.465966,-73.486125,20065,9.699
S20028,45.465914,-73.485748,20066,9.729
S20028,45.465865,-73.485371,20067,9.759
S20028,45.465865,-73.485371,20068,9.759
S20028,45.465784,-73.484715,20069,9.811
S20028,45.465710,-73.484056,20070,9.863
S20028,45.465641,-73.483397,20071,9.915
S20028,45.465580,-73.482736,20072,9.967
S20028,45.465525,-73.482075,20073,10.019
S20028,45.465525,-73.482075,20074,10.019
S20028,45.465317,-73.479433,20075,10.227
S20028,45.465295,-73.479147,20076,10.249
S20028,45.465295,-73.479147,20077,10.249
S20028,45.465267,-73.478764,20078,10.280
S20028,45.465242,-73.478382,20079,10.310
S20028,45.465242,-73.478382,20080,10.310
S20028,45.465201,-73.477702,20081,10.363
S20028,45.465194,-73.477555,20082,10.374
S20028,45.465170,-73.477067,20083,10.413
S20028,45.465167,-73.477021,20084,10.416
S20028,45.465140,-73.476339,20085,10.470
S20028,45.465140,-73.476339,20086,10.470
S20028,45.465080,-73.474671,20087,10.600
S20028,45.465070,-73.474397,20088,10.622
S20028,45.465052,-73.473947,20089,10.657
S20028,45.465052,-73.473947,20090,10.657
S20028,45.465030,-73.473497,20091,10.692
S20028,45.465030,-73.473497,20092,10.692
S20028,45.465018,-73.473263,20093,10.711
S20028,45.465018,-73.473263,20094,10.711
S20028,45.464997,-73.472901,20095,10.739
S20028,45.464961,-73.472262,20096,10.789
S20028,45.464944,-73.471900,20097,10.818
S20028,45.464929,-73.471538,20098,10.846
S20028,45.464925,-73.471405,20099,10.857
S20028,45.464879,-73.470190,20100,10.952
S20028,45.464879,-73.470190,30001,10.952
S20028,45.464843,-73.469227,30002,11.027
S20028,45.464842,-73.469194,30003,11.030
S20028,45.464837,-73.469047,30004,11.041
S20028,45.464837,-73.469047,30005,11.041
S20028,45.464831,-73.468900,30006,11.053
S20028,45.464831,-73.468900,30007,11.053
S20028,45.464825,-73.468662,30008,11.071
S20028,45.464819,-73.468423,30009,11.090
S20028,45.464819,-73.468423,30010,11.090
S20028,45.464818,-73.468276,30011,11.101
S20028,45.464818,-73.468276,30012,11.101
S20028,45.464816,-73.468129,30013,11.113
S20028,45.464816,-73.468129,30014,11.113
S20028,45.464811,-73.467757,30015,11.142
S20028,45.464804,-73.467154,30016,11.189
S20028,45.464802,-73.467007,30017,11.201
S20028,45.464802,-73.467007,30018,11.201
S20028,45.464799,-73.466860,30019,11.212
S20028,45.464799,-73.466860,30020,11.212
S20028,45.464795,-73.466622,30021,11.231
S20028,45.464787,-73.466383,30022,11.249
S20028,45.464787,-73.466383,30023,11.249
S20028,45.464783,-73.466238,30024,11.261
S20028,45.464783,-73.466238,30025,11.261
S20028,45.464777,-73.466090,30026,11.272
S20028,45.464777,-73.466090,30027,11.272
S20028,45.464761,-73.465648,30028,11.307
S20028,45.464745,-73.465206,30029,11.342
S20028,45.464691,-73.463793,30030,11.452
S20028,45.464668,-73.463153,30031,11.502
S20028,45.464644,-73.462515,30032,11.552
S20028,45.464633,-73.462221,30033,11.575
S20028,45.464613,-73.461736,30034,11.613
S20028,45.464613,-73.461736,30035,11.613
S20028,45.464601,-73.461493,30036,11.632
S20028,45.464585,-73.461252,30037,11.651
S20028,45.464585,-73.461252,30038,11.651
S20028,45.464560,-73.460954,30039,11.675
S20028,45.464527,-73.460657,30040,11.698
S20028,45.464489,-73.460362,30041,11.722
S20028,45.464443,-73.460068,30042,11.745
S20028,45.464392,-73.459776,30043,11.769
S20028,45.464333,-73.459487,30044,11.793
S20028,45.464268,-73.459201,30045,11.816
S20028,45.464197,-73.458918,30046,11.839
S20028,45.464197,-73.458918,30047,11.839
S20028,45.464140,-73.458710,30048,11.857
S20028,45.464080,-73.458504,30049,11.874
S20028,45.464016,-73.458299,30050,11.892
S20028,45.464016,-73.458299,30051,11.892
S20028,45.463949,-73.458097,30052,11.909
S20028,45.463878,-73.457898,30053,11.927
S20028,45.463804,-73.457700,30054,11.944
S20028,45.463804,-73.457700,30055,11.944
S20028,45.463727,-73.457505,30056,11.962
S20028,45.463647,-73.457314,30057,11.979
S20028,45.463563,-73.457123,30058,11.997
S20028,45.463563,-73.457123,30059,11.997
S20028,45.463476,-73.456938,30060,12.014
S20028,45.463387,-73.456754,30061,12.032
S20028,45.463293,-73.456574,30062,12.049
S20028,45.463293,-73.456574,30063,12.049
S20028,45.463189,-73.456382,30064,12.068
S20028,45.463082,-73.456193,30065,12.087
S20028,45.462971,-73.456009,30066,12.106
S20028,45.462857,-73.455828,30067,12.125
S20028,45.462857,-73.455828,30068,12.125
S20028,45.462740,-73.455652,30069,12.144
S20028,45.462619,-73.455480,30070,12.163
S20028,45.462619,-73.455480,30071,12.163
S20028,45.462376,-73.455138,30072,12.201
S20028,45.462376,-73.455138,30073,12.201
S20028,45.459713,-73.451444,30074,12.615
S20028,45.459294,-73.450864,30075,12.680
S20028,45.458876,-73.450283,30076,12.745
S20028,45.458684,-73.450016,30077,12.774
S20028,45.458409,-73.449634,30078,12.817
S20028,45.458136,-73.449251,30079,12.860
S20028,45.458136,-73.449251,30080,12.860
S20028,45.457346,-73.448130,30081,12.984
S20028,45.456759,-73.447302,30082,13.076
S20028,45.456759,-73.447302,30083,13.076
S20028,45.456382,-73.446776,30084,13.134
S20028,45.456382,-73.446776,30085,13.134
S20028,45.456138,-73.446435,30086,13.172
S20028,45.455893,-73.446095,30087,13.210
S20028,45.455694,-73.445820,30088,13.241
S20028,45.455694,-73.445820,30089,13.241
S20028,45.455495,-73.445548,30090,13.272
S20028,45.455495,-73.445548,30091,13.272
S20028,45.455248,-73.445215,30092,13.310
S20028,45.455001,-73.444881,30093,13.348
S20028,45.454671,-73.444434,30094,13.398
S20028,45.454516,-73.444223,30095,13.422
S20028,45.454516,-73.444223,30096,13.422
S20028,45.454216,-73.443809,30097,13.469
S20028,45.454216,-73.443809,30098,13.469
S20028,45.453762,-73.443174,30099,13.540
S20028,45.453309,-73.442539,30100,13.610
S20028,45.452883,-73.441945,30101,13.677
S20028,45.452883,-73.441945,30102,13.677
S20028,45.452429,-73.441313,30103,13.747
S20028,45.451214,-73.439625,30104,13.936
S20028,45.450441,-73.438552,30105,14.056
S20028,45.449482,-73.437218,30106,14.205
S20028,45.449202,-73.436835,30107,14.248
S20028,45.448918,-73.436457,30108,14.292
S20028,45.448918,-73.436457,30109,14.292
S20028,45.448153,-73.435453,30110,14.407
S20028,45.447903,-73.435121,30111,14.445
S20028,45.447655,-73.434784,30112,14.484
S20028,45.447655,-73.434784,30113,14.484
S20028,45.447426,-73.434464,30114,14.519
S20028,45.447426,-73.434464,30115,14.519
S20028,45.447271,-73.434245,30116,14.543
S20028,45.446857,-73.433660,30117,14.608
S20028,45.446857,-73.433660,40001,14.608
S20028,45.446456,-73.433094,40002,14.671
S20028,45.446393,-73.433003,40003,14.681
S20028,45.446393,-73.433003,40004,14.681
S20028,45.446329,-73.432912,40005,14.691
S20028,45.446329,-73.432912,40006,14.691
S20028,45.446208,-73.432734,40007,14.711
S20028,45.446089,-73.432551,40008,14.730
S20028,45.445973,-73.432366,40009,14.749
S20028,45.445973,-73.432366,40010,14.749
S20028,45.445871,-73.432195,40011,14.767
S20028,45.445770,-73.432021,40012,14.785
S20028,45.445770,-73.432021,40013,14.785
S20028,45.445714,-73.431921,40014,14.795
S20028,45.445714,-73.431921,40015,14.795
S20028,45.445658,-73.431822,40016,14.805
S20028,45.445658,-73.431822,40017,14.805
S20028,45.444752,-73.430191,40018,14.967
S20028,45.444417,-73.429590,40019,15.027
S20028,45.444038,-73.428910,40020,15.095
S20028,45.443916,-73.428689,40021,15.117
S20028,45.443793,-73.428468,40022,15.139
S20028,45.443670,-73.428247,40023,15.161
S20028,45.443547,-73.428027,40024,15.183
S20028,45.443066,-73.427161,40025,15.269
S20028,45.442883,-73.426838,40026,15.302
S20028,45.442883,-73.426838,40027,15.302
S20028,45.442819,-73.426733,40028,15.313
S20028,45.442753,-73.426633,40029,15.323
S20028,45.442684,-73.426534,40030,15.334
S20028,45.442684,-73.426534,40031,15.334
S20028,45.442594,-73.426415,40032,15.348
S20028,45.442498,-73.426303,40033,15.362
S20028,45.442399,-73.426200,40034,15.375
S20028,45.442295,-73.426103,40035,15.389
S20028,45.442188,-73.426015,40036,15.403
S20028,45.442078,-73.425936,40037,15.417
S20028,45.441965,-73.425865,40038,15.430
S20028,45.441965,-73.425865,40039,15.430
S20028,45.441965,-73.425865,40040,15.430
S20028,45.441854,-73.425805,40041,15.444
S20028,45.441742,-73.425756,40042,15.457
S20028,45.441742,-73.425756,40043,15.457
S20028,45.441628,-73.425714,40044,15.470
S20028,45.441511,-73.425679,40045,15.483
S20028,45.441511,-73.425679,40046,15.483
S20028,45.441394,-73.425654,40047,15.496
S20028,45.441277,-73.425639,40048,15.509
S20028,45.441277,-73.425639,40049,15.509
S20028,45.441160,-73.425631,40050,15.522
S20028,45.441041,-73.425633,40051,15.536
S20028,45.441041,-73.425633,40052,15.536
S20028,45.440923,-73.425643,40053,15.549
S20028,45.440806,-73.425662,40054,15.562
S20028,45.440806,-73.425662,40055,15.562
S20028,45.440689,-73.425689,40056,15.575
S20028,45.440574,-73.425727,40057,15.588
S20028,45.440574,-73.425727,40058,15.588
S20028,45.440460,-73.425771,40059,15.601
S20028,45.440348,-73.425825,40060,15.614
S20028,45.440348,-73.425825,40061,15.614
S20028,45.440238,-73.425887,40062,15.627
S20028,45.440131,-73.425957,40063,15.641
S20028,45.440131,-73.425957,40064,15.641
S20028,45.440021,-73.426039,40065,15.655
S20028,45.439913,-73.426131,40066,15.668
S20028,45.439808,-73.426231,40067,15.682
S20028,45.439709,-73.426340,40068,15.696
S20028,45.439614,-73.426455,40069,15.710
S20028,45.439523,-73.426579,40070,15.724
S20028,45.439438,-73.426710,40071,15.738
S20028,45.439357,-73.426847,40072,15.752
S20028,45.439282,-73.426989,40073,15.766
S20028,45.439213,-73.427138,40074,15.780
S20028,45.439213,-73.427138,40075,15.780
S20028,45.439213,-73.427138,40076,15.780
S20028,45.439164,-73.427257,40077,15.791
S20028,45.439117,-73.427377,40078,15.802
S20028,45.439073,-73.427501,40079,15.813
S20028,45.439073,-73.427501,40080,15.813
S20028,45.438950,-73.427877,40081,15.845
S20028,45.438950,-73.427877,40082,15.845
S20028,45.438880,-73.428096,40083,15.864
S20028,45.438750,-73.428507,40084,15.899
S20028,45.438466,-73.429396,40085,15.975
S20028,45.438355,-73.429746,40086,16.005
S20028,45.438243,-73.430095,40087,16.035
S20028,45.438056,-73.430683,40088,16.086
S20038,45.438003,-73.430645,10001,0.000
S20038,45.438189,-73.430060,10002,0.050
S20038,45.438301,-73.429711,10003,0.080
S20038,45.438412,-73.429361,10004,0.110
S20038,45.438572,-73.428858,10005,0.153
S20038,45.438743,-73.428321,10006,0.200
S20038,45.438826,-73.428062,10007,0.222
S20038,45.438894,-73.427847,10008,0.240
S20038,45.439019,-73.427466,10009,0.273
S20038,45.439064,-73.427340,10010,0.284
S20038,45.439111,-73.427218,10011,0.295
S20038,45.439161,-73.427097,10012,0.306
S20038,45.439226,-73.426958,10013,0.319
S20038,45.439295,-73.426822,10014,0.332
S20038,45.439369,-73.426693,10015,0.345
S20038,45.439447,-73.426569,10016,0.358
S20038,45.439530,-73.426451,10017,0.371
S20038,45.439617,-73.426339,10018,0.384
S20038,45.439708,-73.426234,10019,0.397
S20038,45.439802,-73.426135,10020,0.410
S20038,45.439900,-73.426043,10021,0.423
S20038,45.440001,-73.425959,10022,0.436
S20038,45.440105,-73.425881,10023,0.449
S20038,45.440215,-73.425809,10024,0.463
S20038,45.440328,-73.425746,10025,0.476
S20038,45.440443,-73.425691,10026,0.490
S20038,45.440559,-73.425645,10027,0.503
S20038,45.440678,-73.425608,10028,0.517
S20038,45.440798,-73.425578,10029,0.530
S20038,45.440918,-73.425559,10030,0.544
S20038,45.441039,-73.425548,10031,0.557
S20038,45.441160,-73.425547,10032,0.571
S20038,45.441281,-73.425554,10033,0.584
S20038,45.441402,-73.425571,10034,0.598
S20038,45.441522,-73.425596,10035,0.611
S20038,45.441641,-73.425631,10036,0.625
S20038,45.441758,-73.425674,10037,0.638
S20038,45.441874,-73.425726,10038,0.651
S20038,45.441987,-73.425787,10039,0.665
S20038,45.442100,-73.425858,10040,0.679
S20038,45.442209,-73.425935,10041,0.692
S20038,45.442316,-73.426022,10042,0.706
S20038,45.442419,-73.426117,10043,0.720
S20038,45.442519,-73.426219,10044,0.733
S20038,45.442614,-73.426329,10045,0.747
S20038,45.442698,-73.426435,10046,0.759
S20038,45.442779,-73.426546,10047,0.772
S20038,45.442857,-73.426662,10048,0.784
S20038,45.442931,-73.426782,10049,0.797
S20038,45.443075,-73.427027,10050,0.822
S20038,45.443216,-73.427276,10051,0.847
S20038,45.443601,-73.427967,10052,0.916
S20038,45.443723,-73.428188,10053,0.938
S20038,45.443846,-73.428409,10054,0.960
S20038,45.443969,-73.428630,10055,0.982
S20038,45.444092,-73.428851,10056,1.004
S20038,45.444470,-73.429531,10057,1.072
S20038,45.444805,-73.430133,10058,1.132
S20038,45.445218,-73.430875,10059,1.206
S20038,45.445335,-73.431086,10060,1.227
S20038,45.445454,-73.431294,10061,1.248
S20038,45.445599,-73.431542,10062,1.273
S20038,45.445748,-73.431786,10063,1.298
S20038,45.445900,-73.432024,10064,1.323
S20038,45.446056,-73.432260,10065,1.349
S20038,45.446095,-73.432316,10066,1.355
S20038,45.446227,-73.432506,10067,1.376
S20038,45.446361,-73.432696,10068,1.397
S20038,45.446437,-73.432802,10069,1.409
S20038,45.446947,-73.433524,10070,1.489
S20038,45.446947,-73.433524,20001,1.489
S20038,45.447363,-73.434112,20002,1.554
S20038,45.447512,-73.434322,20003,1.577
S20038,45.447746,-73.434652,20004,1.614
S20038,45.447961,-73.434959,20005,1.648
S20038,45.448657,-73.435946,20006,1.757
S20038,45.448925,-73.436324,20007,1.799
S20038,45.449193,-73.436700,20008,1.841
S20038,45.450485,-73.438494,20009,2.042
S20038,45.451257,-73.439568,20010,2.162
S20038,45.452472,-73.441256,20011,2.350
S20038,45.452925,-73.441885,20012,2.421
S20038,45.453351,-73.442479,20013,2.487
S20038,45.453804,-73.443114,20014,2.558
S20038,45.454258,-73.443749,20015,2.629
S20038,45.454559,-73.444166,20016,2.675
S20038,45.454711,-73.444372,20017,2.699
S20038,45.455047,-73.444826,20018,2.750
S20038,45.455291,-73.445157,20019,2.788
S20038,45.455536,-73.445487,20020,2.825
S20038,45.455736,-73.445759,20021,2.856
S20038,45.455935,-73.446033,20022,2.887
S20038,45.456179,-73.446375,20023,2.925
S20038,45.456424,-73.446716,20024,2.963
S20038,45.456804,-73.447247,20025,3.022
S20038,45.457388,-73.448070,20026,3.114
S20038,45.458179,-73.449191,20027,3.238
S20038,45.458452,-73.449574,20028,3.280
S20038,45.458725,-73.449956,20029,3.323
S20038,45.458895,-73.450193,20030,3.349
S20038,45.459336,-73.450803,20031,3.418
S20038,45.459776,-73.451414,20032,3.486
S20038,45.462501,-73.455194,20033,3.909
S20038,45.462745,-73.455534,20034,3.947
S20038,45.462864,-73.455708,20035,3.966
S20038,45.462982,-73.455886,20036,3.986
S20038,45.463076,-73.456033,20037,4.001
S20038,45.463167,-73.456184,20038,4.017
S20038,45.463295,-73.456407,20039,4.039
S20038,45.463418,-73.456636,20040,4.062
S20038,45.463536,-73.456870,20041,4.084
S20038,45.463649,-73.457109,20042,4.107
S20038,45.463756,-73.457353,20043,4.129
S20038,45.463858,-73.457603,20044,4.152
S20038,45.463954,-73.457857,20045,4.174
S20038,45.464045,-73.458114,20046,4.197
S20038,45.464130,-73.458376,20047,4.219
S20038,45.464208,-73.458641,20048,4.242
S20038,45.464281,-73.458910,20049,4.264
S20038,45.464348,-73.459182,20050,4.287
S20038,45.464407,-73.459447,20051,4.309
S20038,45.464459,-73.459715,20052,4.330
S20038,45.464507,-73.459984,20053,4.352
S20038,45.464549,-73.460257,20054,4.374
S20038,45.464584,-73.460530,20055,4.396
S20038,45.464614,-73.460805,20056,4.418
S20038,45.464638,-73.461082,20057,4.439
S20038,45.464654,-73.461323,20058,4.458
S20038,45.464666,-73.461566,20059,4.477
S20038,45.464686,-73.462052,20060,4.516
S20038,45.464703,-73.462511,20061,4.551
S20038,45.464727,-73.463149,20062,4.601
S20038,45.464750,-73.463787,20063,4.652
S20038,45.464803,-73.465202,20064,4.762
S20038,45.464819,-73.465628,20065,4.796
S20038,45.464835,-73.466055,20066,4.829
S20038,45.464850,-73.466422,20067,4.858
S20038,45.464867,-73.466787,20068,4.886
S20038,45.464873,-73.466924,20069,4.897
S20038,45.464913,-73.467750,20070,4.962
S20038,45.464934,-73.468177,20071,4.995
S20038,45.464951,-73.468544,20072,5.024
S20038,45.464965,-73.468911,20073,5.053
S20038,45.464976,-73.469218,20074,5.077
S20038,45.465012,-73.470171,20075,5.152
S20038,45.465012,-73.470171,30001,5.152
S20038,45.465058,-73.471395,30002,5.247
S20038,45.465062,-73.471523,30003,5.257
S20038,45.465075,-73.471908,30004,5.287
S20038,45.465086,-73.472291,30005,5.317
S20038,45.465096,-73.472894,30006,5.364
S20038,45.465104,-73.473353,30007,5.400
S20038,45.465104,-73.473353,30008,5.400
S20038,45.465107,-73.473492,30009,5.411
S20038,45.465107,-73.473492,30010,5.411
S20038,45.465117,-73.473933,30011,5.446
S20038,45.465117,-73.473933,30012,5.446
S20038,45.465131,-73.474376,30013,5.480
S20038,45.465141,-73.474667,30014,5.503
S20038,45.465199,-73.476272,30015,5.629
S20038,45.465199,-73.476272,30016,5.629
S20038,45.465208,-73.476496,30017,5.646
S20038,45.465227,-73.476974,30018,5.684
S20038,45.465262,-73.477675,30019,5.739
S20038,45.465284,-73.478033,30020,5.767
S20038,45.465305,-73.478374,30021,5.794
S20038,45.465305,-73.478374,30022,5.794
S20038,45.465331,-73.478757,30023,5.824
S20038,45.465358,-73.479138,30024,5.854
S20038,45.465358,-73.479138,30025,5.854
S20038,45.465375,-73.479359,30026,5.871
S20038,45.465585,-73.482019,30027,6.080
S20038,45.465585,-73.482019,30028,6.080
S20038,45.465641,-73.482689,30029,6.133
S20038,45.465703,-73.483356,30030,6.186
S20038,45.465773,-73.484023,30031,6.239
S20038,45.465848,-73.484689,30032,6.291
S20038,45.465930,-73.485353,30033,6.344
S20038,45.465930,-73.485353,30034,6.344
S20038,45.465976,-73.485708,30035,6.372
S20038,45.466025,-73.486062,30036,6.401
S20038,45.466122,-73.486758,30037,6.456
S20038,45.466219,-73.487452,30038,6.511
S20038,45.466219,-73.487452,30039,6.511
S20038,45.466334,-73.488285,30040,6.578
S20038,45.466334,-73.488285,30041,6.578
S20038,45.466447,-73.489117,30042,6.644
S20038,45.466447,-73.489117,30043,6.644
S20038,45.466628,-73.490458,30044,6.751
S20038,45.466802,-73.491800,30045,6.857
S20038,45.466974,-73.493143,30046,6.964
S20038,45.466974,-73.493143,30047,6.964
S20038,45.467095,-73.494106,30048,7.041
S20038,45.467213,-73.495071,30049,7.117
S20038,45.467213,-73.495071,30050,7.117
S20038,45.467330,-73.496036,30051,7.194
S20038,45.467444,-73.497003,30052,7.271
S20038,45.467444,-73.497003,30053,7.271
S20038,45.467556,-73.497968,30054,7.347
S20038,45.467666,-73.498935,30055,7.424
S20038,45.467666,-73.498935,30056,7.424
S20038,45.467774,-73.499903,30057,7.500
S20038,45.467881,-73.500870,30058,7.577
S20038,45.467881,-73.500870,30059,7.577
S20038,45.467984,-73.501839,30060,7.653
S20038,45.468086,-73.502807,30061,7.730
S20038,45.468293,-73.504795,30062,7.887
S20038,45.468499,-73.506781,30063,8.044
S20038,45.468705,-73.508768,30064,8.201
S20038,45.468912,-73.510754,30065,8.358
S20038,45.468912,-73.510754,30066,8.358
S20038,45.468996,-73.511579,30067,8.423
S20038,45.469078,-73.512404,30068,8.488
S20038,45.469078,-73.512404,30069,8.488
S20038,45.469158,-73.513229,30070,8.553
S20038,45.469234,-73.514055,30071,8.619
S20038,45.469234,-73.514055,30072,8.619
S20038,45.469308,-73.514881,30073,8.684
S20038,45.469379,-73.515708,30074,8.749
S20038,45.469379,-73.515708,30075,8.749
S20038,45.469449,-73.516535,30076,8.814
S20038,45.469515,-73.517362,30077,8.879
S20038,45.469515,-73.517362,30078,8.879
S20038,45.469515,-73.517362,30079,8.879
S20038,45.469614,-73.518661,30080,8.981
S20038,45.469707,-73.519960,30081,9.083
S20038,45.469793,-73.521259,30082,9.185
S20038,45.469874,-73.522560,30083,9.288
S20038,45.469948,-73.523861,30084,9.390
S20038,45.470016,-73.525163,30085,9.492
S20038,45.470077,-73.526465,30086,9.594
S20038,45.470132,-73.527768,30087,9.696
S20038,45.470180,-73.529072,30088,9.798
S20038,45.470223,-73.530376,30089,9.900
S20038,45.470260,-73.531680,30090,10.002
S20038,45.470289,-73.532985,30091,10.104
S20038,45.470313,-73.534290,30092,10.206
S20038,45.470313,-73.534290,30093,10.206
S20038,45.470319,-73.534793,30094,10.245
S20038,45.470325,-73.535605,30095,10.309
S20038,45.470325,-73.535605,30096,10.309
S20038,45.470330,-73.536274,30097,10.361
S20038,45.470339,-73.537011,30098,10.419
S20038,45.470344,-73.537412,30099,10.450
S20038,45.470357,-73.538538,30100,10.538
S20038,45.470357,-73.538538,40001,10.538
S20038,45.470371,-73.539771,40002,10.635
S20038,45.470372,-73.539869,40003,10.642
S20038,45.470372,-73.539869,40004,10.642
S20038,45.470374,-73.540067,40005,10.658
S20038,45.470374,-73.540067,40006,10.658
S20038,45.470378,-73.540266,40007,10.673
S20038,45.470378,-73.540266,40008,10.673
S20038,45.470388,-73.540639,40009,10.703
S20038,45.470388,-73.540639,40010,10.703
S20038,45.470395,-73.540836,40011,10.718
S20038,45.470395,-73.540836,40012,10.718
S20038,45.470404,-73.541034,40013,10.733
S20038,45.470411,-73.541179,40014,10.745
S20038,45.470521,-73.543684,40015,10.941
S20038,45.470521,-73.543684,40016,10.941
S20038,45.470535,-73.543955,40017,10.962
S20038,45.470551,-73.544225,40018,10.984
S20038,45.470551,-73.544225,40019,10.984
S20038,45.470565,-73.544406,40020,10.998
S20038,45.470585,-73.544583,40021,11.012
S20038,45.470611,-73.544761,40022,11.026
S20038,45.470611,-73.544761,40023,11.026
S20038,45.470638,-73.544911,40024,11.038
S20038,45.470669,-73.545059,40025,11.050
S20038,45.470706,-73.545205,40026,11.062
S20038,45.470706,-73.545205,40027,11.062
S20038,45.470754,-73.545369,40028,11.076
S20038,45.470808,-73.545527,40029,11.090
S20038,45.470867,-73.545683,40030,11.104
S20038,45.470867,-73.545683,40031,11.104
S20038,45.470933,-73.545834,40032,11.118
S20038,45.471004,-73.545979,40033,11.132
S20038,45.471080,-73.546120,40034,11.146
S20038,45.471080,-73.546120,40035,11.146
S20038,45.471163,-73.546257,40036,11.160
S20038,45.471250,-73.546388,40037,11.174
S20038,45.471341,-73.546514,40038,11.188
S20038,45.471341,-73.546514,40039,11.188
S20038,45.471482,-73.546697,40040,11.209
S20038,45.471625,-73.546879,40041,11.230
S20038,45.472187,-73.547580,40042,11.313
S20038,45.472187,-73.547580,40043,11.313
S20038,45.472340,-73.547768,40044,11.336
S20038,45.472495,-73.547954,40045,11.358
S20038,45.472495,-73.547954,40046,11.358
S20038,45.472601,-73.548073,40047,11.373
S20038,45.472710,-73.548184,40048,11.388
S20038,45.472823,-73.548288,40049,11.403
S20038,45.472823,-73.548288,40050,11.403
S20038,45.472927,-73.548375,40051,11.417
S20038,45.473035,-73.548453,40052,11.430
S20038,45.473145,-73.548525,40053,11.444
S20038,45.473258,-73.548587,40054,11.457
S20038,45.473373,-73.548641,40055,11.471
S20038,45.473373,-73.548641,40056,11.471
S20038,45.473481,-73.548685,40057,11.483
S20038,45.473590,-73.548721,40058,11.495
S20038,45.473700,-73.548749,40059,11.508
S20038,45.473700,-73.548749,40060,11.508
S20038,45.473812,-73.548771,40061,11.521
S20038,45.473923,-73.548785,40062,11.533
S20038,45.474035,-73.548791,40063,11.545
S20038,45.474035,-73.548791,40064,11.545
S20038,45.474147,-73.548790,40065,11.558
S20038,45.474259,-73.548781,40066,11.570
S20038,45.474371,-73.548765,40067,11.583
S20038,45.474371,-73.548765,40068,11.583
S20038,45.474482,-73.548742,40069,11.595
S20038,45.474592,-73.548710,40070,11.608
S20038,45.474701,-73.548672,40071,11.620
S20038,45.474701,-73.548672,40072,11.620
S20038,45.474816,-73.548623,40073,11.634
S20038,45.474929,-73.548566,40074,11.647
S20038,45.475040,-73.548501,40075,11.660
S20038,45.475149,-73.548428,40076,11.674
S20038,45.475254,-73.548347,40077,11.687
S20038,45.475357,-73.548259,40078,11.700
S20038,45.475457,-73.548163,40079,11.714
S20038,45.475553,-73.548061,40080,11.727
S20038,45.475553,-73.548061,40081,11.727
S20038,45.475657,-73.547940,40082,11.742
S20038,45.475757,-73.547811,40083,11.757
S20038,45.475851,-73.547675,40084,11.772
S20038,45.475851,-73.547675,40085,11.772
S20038,45.475990,-73.547465,40086,11.794
S20038,45.476127,-73.547253,40087,11.817
S20038,45.476406,-73.546812,40088,11.863
S20038,45.476685,-73.546372,40089,11.910
S20038,45.476685,-73.546372,40090,11.910
S20038,45.476899,-73.546039,40091,11.945
S20038,45.476899,-73.546039,40092,11.945
S20038,45.477007,-73.545875,40093,11.962
S20038,45.477117,-73.545715,40094,11.980
S20038,45.477117,-73.545715,40095,11.980
S20038,45.477117,-73.545715,40096,11.980
S20038,45.477253,-73.545531,40097,12.001
S20038,45.477393,-73.545352,40098,12.022
S20038,45.477537,-73.545181,40099,12.043
S20038,45.477684,-73.545017,40100,12.063
S20038,45.477837,-73.544860,40101,12.084
S20038,45.477991,-73.544711,40102,12.105
S20038,45.478151,-73.544569,40103,12.126
S20038,45.478313,-73.544433,40104,12.147
S20038,45.478478,-73.544307,40105,12.168
S20038,45.478646,-73.544188,40106,12.189
S20038,45.478816,-73.544077,40107,12.209
S20038,45.478990,-73.543975,40108,12.230
S20038,45.479165,-73.543880,40109,12.251
S20038,45.479342,-73.543795,40110,12.272
S20038,45.479342,-73.543795,40111,12.272
S20038,45.479494,-73.543728,40112,12.290
S20038,45.479647,-73.543667,40113,12.307
S20038,45.479647,-73.543667,40114,12.307
S20038,45.479952,-73.543552,40115,12.342
S20038,45.480438,-73.543373,40116,12.398
S20038,45.481526,-73.542971,40117,12.523
S20038,45.482049,-73.542779,40118,12.583
S20038,45.482965,-73.542441,40119,12.688
S20038,45.483005,-73.542426,40120,12.693
S20038,45.483005,-73.542426,40121,12.693
S20038,45.483313,-73.542315,40122,12.728
S20038,45.483313,-73.542315,40123,12.728
S20038,45.483468,-73.542264,40124,12.746
S20038,45.483624,-73.542219,40125,12.764
S20038,45.483624,-73.542219,40126,12.764
S20038,45.483781,-73.542181,40127,12.781
S20038,45.483939,-73.542153,40128,12.799
S20038,45.483939,-73.542153,40129,12.799
S20038,45.484044,-73.542139,40130,12.811
S20038,45.484150,-73.542133,40131,12.823
S20038,45.484256,-73.542132,40132,12.835
S20038,45.484256,-73.542132,40133,12.835
S20038,45.484256,-73.542132,40134,12.835
S20038,45.484386,-73.542139,40135,12.849
S20038,45.484514,-73.542157,40136,12.863
S20038,45.484641,-73.542184,40137,12.878
S20038,45.484768,-73.542223,40138,12.892
S20038,45.484892,-73.542270,40139,12.906
S20038,45.485016,-73.542327,40140,12.921
S20038,45.485135,-73.542393,40141,12.935
S20038,45.485253,-73.542469,40142,12.949
S20038,45.485367,-73.542553,40143,12.964
S20038,45.485479,-73.542647,40144,12.978
S20038,45.485586,-73.542749,40145,12.992
S20038,45.485689,-73.542859,40146,13.007
S20038,45.485788,-73.542977,40147,13.021
S20038,45.485883,-73.543103,40148,13.036
S20038,45.485972,-73.543234,40149,13.050
S20038,45.486056,-73.543374,40150,13.064
S20038,45.486135,-73.543520,40151,13.079
S20038,45.486207,-73.543671,40152,13.093
S20038,45.486275,-73.543828,40153,13.107
S20038,45.486335,-73.543989,40154,13.121
S20038,45.486390,-73.544156,40155,13.136
S20038,45.486438,-73.544326,40156,13.150
S20038,45.486480,-73.544500,40157,13.165
S20038,45.486515,-73.544677,40158,13.179
S20038,45.486543,-73.544856,40159,13.193
S20038,45.486563,-73.545037,40160,13.208
S20038,45.486578,-73.545219,40161,13.222
S20038,45.486585,-73.545402,40162,13.236
S20038,45.486585,-73.545586,40163,13.251
S20038,45.486577,-73.545769,40164,13.265
S20038,45.486564,-73.545952,40165,13.279
S20038,45.486564,-73.545952,40166,13.279
S20038,45.486546,-73.546112,40167,13.292
S20038,45.486523,-73.546270,40168,13.305
S20038,45.486497,-73.546428,40169,13.317
S20038,45.486465,-73.546584,40170,13.330
S20038,45.486465,-73.546584,40171,13.330
S20038,45.486397,-73.546892,40172,13.355
S20038,45.486326,-73.547198,40173,13.380
S20038,45.486293,-73.547331,40174,13.392
S20038,45.486119,-73.548057,40175,13.451
S20038,45.485334,-73.551324,40176,13.721
S20038,45.485334,-73.551324,40177,13.721
S20038,45.485277,-73.551566,40178,13.741
S20038,45.485222,-73.551810,40179,13.761
S20038,45.485222,-73.551810,40180,13.761
S20038,45.485188,-73.551974,40181,13.775
S20038,45.485159,-73.552139,40182,13.788
S20038,45.485136,-73.552305,40183,13.801
S20038,45.485136,-73.552305,40184,13.801
S20038,45.485136,-73.552305,40185,13.801
S20038,45.485116,-73.552485,40186,13.816
S20038,45.485103,-73.552667,40187,13.830
S20038,45.485097,-73.552850,40188,13.844
S20038,45.485098,-73.553033,40189,13.858
S20038,45.485105,-73.553214,40190,13.873
S20038,45.485119,-73.553396,40191,13.887
S20038,45.485140,-73.553576,40192,13.901
S20038,45.485167,-73.553754,40193,13.915
S20038,45.485202,-73.553931,40194,13.930
S20038,45.485242,-73.554104,40195,13.944
S20038,45.485242,-73.554104,40196,13.944
S20038,45.485281,-73.554247,40197,13.956
S20038,45.485325,-73.554386,40198,13.968
S20038,45.485372,-73.554523,40199,13.980
S20038,45.485424,-73.554658,40200,13.992
S20038,45.485481,-73.554788,40201,14.004
S20038,45.485481,-73.554788,40202,14.004
S20038,45.485481,-73.554788,40203,14.004
S20038,45.485555,-73.554943,40204,14.018
S20038,45.485635,-73.555092,40205,14.033
S20038,45.485720,-73.555234,40206,14.048
S20038,45.485811,-73.555368,40207,14.062
S20038,45.485906,-73.555496,40208,14.077
S20038,45.486007,-73.555616,40209,14.091
S20038,45.486111,-73.555729,40210,14.106
S20038,45.486220,-73.555834,40211,14.121
S20038,45.486333,-73.555929,40212,14.135
S20038,45.486450,-73.556016,40213,14.150
S20038,45.486569,-73.556094,40214,14.164
S20038,45.486692,-73.556163,40215,14.179
S20038,45.486816,-73.556222,40216,14.194
S20038,45.486943,-73.556271,40217,14.208
S20038,45.487071,-73.556311,40218,14.223
S20038,45.487071,-73.556311,40219,14.223
S20038,45.487189,-73.556339,40220,14.236
S20038,45.487308,-73.556360,40221,14.249
S20038,45.487427,-73.556374,40222,14.262
S20038,45.487427,-73.556374,40223,14.262
S20038,45.487607,-73.556388,40224,14.283
S20038,45.487787,-73.556400,40225,14.303
S20038,45.487829,-73.556402,40226,14.307
S20038,45.488710,-73.556449,40227,14.405
S20038,45.488877,-73.556458,40228,14.424
S20038,45.488877,-73.556458,40229,14.424
S20038,45.489057,-73.556468,40230,14.444
S20038,45.489057,-73.556468,40231,14.444
S20038,45.489237,-73.556473,40232,14.464
S20038,45.489237,-73.556473,40233,14.464
S20038,45.489446,-73.556472,40234,14.487
S20038,45.489654,-73.556459,40235,14.510
S20038,45.489654,-73.556459,40236,14.510
S20038,45.489808,-73.556444,40237,14.527
S20038,45.489808,-73.556444,40238,14.527
S20038,45.489988,-73.556420,40239,14.547
S20038,45.489988,-73.556420,40240,14.547
S20038,45.490167,-73.556392,40241,14.567
S20038,45.490241,-73.556381,40242,14.576
S20038,45.490714,-73.556307,40243,14.628
S20038,45.490714,-73.556307,40244,14.628
S20038,45.490778,-73.556297,40245,14.636
S20038,45.490778,-73.556297,40246,14.636
S20038,45.491098,-73.556250,40247,14.671
S20038,45.491418,-73.556209,40248,14.707
S20038,45.492132,-73.556124,40249,14.787
S20038,45.492433,-73.556087,40250,14.820
S20038,45.492733,-73.556052,40251,14.854
S20038,45.493012,-73.556019,40252,14.885
S20038,45.493012,-73.556019,40253,14.885
S20038,45.493326,-73.555986,40254,14.920
S20038,45.493326,-73.555986,40255,14.920
S20038,45.493431,-73.555978,40256,14.931
S20038,45.493536,-73.555976,40257,14.943
S20038,45.493640,-73.555978,40258,14.955
S20038,45.493640,-73.555978,40259,14.955
S20038,45.493654,-73.555980,40260,14.956
S20038,45.493654,-73.555980,40261,14.956
S20038,45.493654,-73.555980,40262,14.956
S20038,45.493782,-73.555991,40263,14.970
S20038,45.493910,-73.556012,40264,14.985
S20038,45.494037,-73.556041,40265,14.999
S20038,45.494163,-73.556080,40266,15.013
S20038,45.494288,-73.556126,40267,15.028
S20038,45.494410,-73.556181,40268,15.042
S20038,45.494531,-73.556245,40269,15.056
S20038,45.494531,-73.556245,40270,15.056
S20038,45.494531,-73.556245,40271,15.056
S20038,45.494656,-73.556322,40272,15.071
S20038,45.494777,-73.556407,40273,15.086
S20038,45.494896,-73.556500,40274,15.101
S20038,45.495011,-73.556603,40275,15.117
S20038,45.495123,-73.556714,40276,15.132
S20038,45.495230,-73.556832,40277,15.147
S20038,45.495230,-73.556832,40278,15.147
S20038,45.495322,-73.556945,40279,15.160
S20038,45.495410,-73.557064,40280,15.174
S20038,45.495494,-73.557188,40281,15.187
S20038,45.495574,-73.557317,40282,15.201
S20038,45.495574,-73.557317,40283,15.201
S20038,45.495665,-73.557477,40284,15.217
S20038,45.495751,-73.557644,40285,15.233
S20038,45.495751,-73.557644,40286,15.233
S20038,45.495914,-73.557984,40287,15.265
S20038,45.496146,-73.558476,40288,15.312
S20038,45.496446,-73.559113,40289,15.371
S20038,45.496547,-73.559327,40290,15.392
S20038,45.496547,-73.559327,40291,15.392
S20038,45.496758,-73.559776,40292,15.434
S20038,45.497342,-73.561026,40293,15.551
S20038,45.497640,-73.561662,40294,15.611
S20038,45.497915,-73.562248,40295,15.666
S20038,45.498214,-73.562889,40296,15.726
S20038,45.498252,-73.562969,40297,15.734
S20038,45.498538,-73.563574,40298,15.790
S20038,45.498813,-73.564147,40299,15.845
S20038,45.499072,-73.564689,40300,15.896
S20038,45.499117,-73.564781,40301,15.905
S20038,45.499175,-73.564901,40302,15.916
S20038,45.499401,-73.565366,40303,15.960
S20038,45.499707,-73.565998,40304,16.020
S20038,45.500115,-73.566838,40305,16.100
S20038,45.500115,-73.566838,50001,16.100
S20038,45.500177,-73.566966,50002,16.112
S20038,45.500484,-73.567599,50003,16.172
S20038,45.500790,-73.568230,50004,16.232
S20038,45.500895,-73.568448,50005,16.253
S20038,45.500961,-73.568588,50006,16.266
S20038,45.501023,-73.568732,50007,16.279
S20038,45.501080,-73.568878,50008,16.292
S20038,45.501143,-73.569053,50009,16.308
S20038,45.501235,-73.569326,50010,16.331
S20038,45.501273,-73.569433,50011,16.340
S20038,45.501317,-73.569538,50012,16.350
S20038,45.501362,-73.569640,50013,16.359
S20038,45.501728,-73.570390,50014,16.431
S20038,45.501936,-73.570816,50015,16.471
S20038,45.502182,-73.571322,50016,16.519
S20038,45.502187,-73.571332,50017,16.520
S20038,45.502695,-73.572374,50018,16.619
S20038,45.502695,-73.572374,60001,16.619
S20038,45.502769,-73.572527,60002,16.634
S20038,45.502859,-73.572714,60003,16.652
S20038,45.502949,-73.572902,60004,16.669
S20038,45.503066,-73.573163,60005,16.694
S20038,45.503179,-73.573428,60006,16.718
S20038,45.503287,-73.573700,60007,16.742
S20038,45.503390,-73.573974,60008,16.766
S20038,45.503487,-73.574251,60009,16.791
S20038,45.503578,-73.574534,60010,16.815
S20038,45.503664,-73.574820,60011,16.839
S20038,45.503745,-73.575109,60012,16.863
S20038,45.503820,-73.575401,60013,16.888
S20038,45.503889,-73.575695,60014,16.912
S20038,45.503953,-73.575992,60015,16.936
S20038,45.504010,-73.576293,60016,16.961
S20038,45.504045,-73.576492,60017,16.977
S20038,45.504078,-73.576690,60018,16.993
S20038,45.504590,-73.579744,60019,17.238
S20038,45.504761,-73.580762,60020,17.320
S20038,45.507269,-73.595677,60021,18.518
S20038,45.507445,-73.596729,60022,18.603
S20038,45.510126,-73.612697,60023,19.886
S20038,45.510126,-73.612697,70001,19.886
S20038,45.512386,-73.626169,70002,20.968
S20038,45.512507,-73.626893,70003,21.026
S20038,45.512944,-73.629486,70004,21.234
S20038,45.512995,-73.629793,70005,21.259
S20038,45.513111,-73.630480,70006,21.314
S20038,45.513214,-73.631095,70007,21.363
S20038,45.513279,-73.631477,70008,21.394
S20038,45.513439,-73.632438,70009,21.471
S20038,45.513464,-73.632582,70010,21.483
S20038,45.513489,-73.632725,70011,21.494
S20038,45.513535,-73.632958,70012,21.513
S20038,45.513588,-73.633189,70013,21.532
S20038,45.513646,-73.633417,70014,21.551
S20038,45.513684,-73.633554,70015,21.563
S20038,45.513723,-73.633689,70016,21.574
S20038,45.513962,-73.634521,70017,21.644
S20038,45.513962,-73.634521,80001,21.644
S20038,45.514178,-73.635267,80002,21.707
S20038,45.514519,-73.636452,80003,21.807
S20038,45.515297,-73.639151,80004,22.035
S20038,45.515810,-73.640930,80005,22.186
S20038,45.516091,-73.641902,80006,22.268
S20038,45.516432,-73.643086,80007,22.367
S20038,45.516563,-73.643538,80008,22.406
S20038,45.516563,-73.643538,90001,22.406
S20038,45.517663,-73.647356,90002,22.728
S20038,45.518004,-73.648541,90003,22.828
S20038,45.519599,-73.654074,90004,23.295
S20038,45.519951,-73.655296,90005,23.398
S20038,45.520056,-73.655662,90006,23.429
S20038,45.520200,-73.656154,90007,23.471
S20038,45.520346,-73.656643,90008,23.512
S20038,45.520570,-73.657387,90009,23.576
S20038,45.520696,-73.657809,90010,23.611
S20038,45.520820,-73.658232,90011,23.647
S20038,45.520954,-73.658698,90012,23.686
S20038,45.521025,-73.658949,90013,23.708
S20038,45.521289,-73.659878,90014,23.786
S20038,45.521849,-73.661854,90015,23.952
S20038,45.521849,-73.661854,100001,23.952
S20038,45.522251,-73.663273,100002,24.072
S20038,45.522309,-73.663479,100003,24.089
S20038,45.522469,-73.664043,100004,24.137
S20038,45.522629,-73.664607,100005,24.184
S20038,45.523057,-73.666116,100006,24.311
S20038,45.523259,-73.666822,100007,24.371
S20038,45.523568,-73.667885,100008,24.461
S20038,45.523718,-73.668399,100009,24.504
S20038,45.523868,-73.668914,100010,24.548
S20038,45.523975,-73.669283,100011,24.579
S20038,45.524181,-73.669993,100012,24.639
S20038,45.524291,-73.670369,100013,24.671
S20038,45.524442,-73.670890,100014,24.715
S20038,45.524902,-73.672490,100015,24.850
S20038,45.524902,-73.672490,110001,24.850
S20038,45.525065,-73.673055,110002,24.898
S20038,45.525406,-73.674241,110003,24.998
S20038,45.526757,-73.678931,110004,25.394
S20038,45.526975,-73.679690,110005,25.458
S20038,45.527401,-73.681170,110006,25.583
S20038,45.527827,-73.682651,110007,25.708
S20038,45.528063,-73.683474,110008,25.777
S20038,45.528171,-73.683846,110009,25.808
S20038,45.528231,-73.684053,110010,25.826
S20038,45.528289,-73.684261,110011,25.843
S20038,45.528379,-73.684598,110012,25.872
S20038,45.528463,-73.684939,110013,25.900
S20038,45.528542,-73.685282,110014,25.928
S20038,45.528615,-73.685628,110015,25.956
S20038,45.528682,-73.685975,110016,25.984
S20038,45.528743,-73.686326,110017,26.013
S20038,45.528799,-73.686677,110018,26.041
S20038,45.528849,-73.687032,110019,26.069
S20038,45.528893,-73.687387,110020,26.097
S20038,45.528931,-73.687744,110021,26.125
S20038,45.528934,-73.687770,110022,26.127
S20038,45.528936,-73.687794,110023,26.129
S20038,45.528939,-73.687821,110024,26.131
S20038,45.528941,-73.687845,110025,26.133
S20038,45.528943,-73.687871,110026,26.135
S20038,45.528945,-73.687896,110027,26.137
S20038,45.528948,-73.687922,110028,26.139
S20038,45.528949,-73.687946,110029,26.141
S20038,45.528952,-73.687973,110030,26.143
S20038,45.528954,-73.687997,110031,26.145
S20038,45.528971,-73.688256,110032,26.165
S20038,45.528984,-73.688516,110033,26.186
S20038,45.528989,-73.688777,110034,26.206
S20038,45.528988,-73.689037,110035,26.226
S20038,45.528985,-73.689197,110036,26.239
S20038,45.528980,-73.689357,110037,26.251
S20038,45.528953,-73.690272,110038,26.323
S20038,45.528953,-73.690272,120001,26.323
S20038,45.528933,-73.690947,120002,26.376
S20038,45.528928,-73.691107,120003,26.388
S20038,45.528922,-73.691267,120004,26.401
S20038,45.528909,-73.691501,120005,26.419
S20038,45.528891,-73.691736,120006,26.438
S20038,45.528868,-73.691968,120007,26.456
S20038,45.528841,-73.692200,120008,26.474
S20038,45.528807,-73.692430,120009,26.493
S20038,45.528803,-73.692455,120010,26.494
S20038,45.528800,-73.692480,120011,26.497
S20038,45.528796,-73.692505,120012,26.498
S20038,45.528792,-73.692530,120013,26.500
S20038,45.528788,-73.692555,120014,26.502
S20038,45.528783,-73.692580,120015,26.505
S20038,45.528780,-73.692604,120016,26.506
S20038,45.528775,-73.692630,120017,26.509
S20038,45.528771,-73.692654,120018,26.511
S20038,45.528766,-73.692680,120019,26.513
S20038,45.528703,-73.693034,120020,26.541
S20038,45.528634,-73.693387,120021,26.570
S20038,45.528562,-73.693738,120022,26.598
S20038,45.528484,-73.694086,120023,26.627
S20038,45.528401,-73.694433,120024,26.655
S20038,45.528348,-73.694644,120025,26.673
S20038,45.528293,-73.694853,120026,26.690
S20038,45.528236,-73.695063,120027,26.708
S20038,45.528178,-73.695270,120028,26.725
S20038,45.528117,-73.695478,120029,26.743
S20038,45.528056,-73.695685,120030,26.760
S20038,45.527991,-73.695889,120031,26.778
S20038,45.527926,-73.696093,120032,26.795
S20038,45.527805,-73.696456,120033,26.827
S20038,45.527704,-73.696742,120034,26.852
S20038,45.527602,-73.697026,120035,26.877
S20038,45.527389,-73.697617,120036,26.928
S20038,45.527177,-73.698206,120037,26.980
S20038,45.526965,-73.698796,120038,27.032
S20038,45.526752,-73.699385,120039,27.084
S20038,45.526571,-73.699895,120040,27.128
S20038,45.526392,-73.700409,120041,27.173
S20038,45.526367,-73.700481,120042,27.179
S20038,45.526265,-73.700780,120043,27.205
S20038,45.526129,-73.701173,120044,27.239
S20038,45.525939,-73.701724,120045,27.288
S20038,45.525744,-73.702271,120046,27.335
S20038,45.525600,-73.702669,120047,27.370
S20038,45.524299,-73.706283,120048,27.688
S20038,45.523888,-73.707423,120049,27.788
S20038,45.523282,-73.709104,120050,27.935
S20038,45.523110,-73.709589,120051,27.978
S20038,45.522940,-73.710076,120052,28.020
S20038,45.522694,-73.710791,120053,28.082
S20038,45.522523,-73.711278,120054,28.125
S20038,45.522351,-73.711762,120055,28.167
S20038,45.522058,-73.712574,120056,28.238
S20039,45.521979,-73.712492,10001,0.000
S20039,45.522269,-73.711686,10002,0.071
S20039,45.522445,-73.711202,10003,0.113
S20039,45.522624,-73.710720,10004,0.156
S20039,45.522885,-73.710027,10005,0.217
S20039,45.523064,-73.709545,10006,0.260
S20039,45.523240,-73.709061,10007,0.302
S20039,45.523825,-73.707436,10008,0.445
S20039,45.524236,-73.706297,10009,0.545
S20039,45.525630,-73.702425,10010,0.885
S20039,45.525649,-73.702376,10011,0.889
S20039,45.525843,-73.701827,10012,0.937
S20039,45.526035,-73.701276,10013,0.985
S20039,45.526112,-73.701051,10014,1.005
S20039,45.526328,-73.700422,10015,1.060
S20039,45.526365,-73.700314,10016,1.069
S20039,45.526556,-73.699763,10017,1.117
S20039,45.526751,-73.699216,10018,1.165
S20039,45.526950,-73.698663,10019,1.213
S20039,45.527150,-73.698109,10020,1.262
S20039,45.527349,-73.697557,10021,1.310
S20039,45.527548,-73.697003,10022,1.359
S20039,45.527650,-73.696718,10023,1.384
S20039,45.527750,-73.696431,10024,1.409
S20039,45.527879,-73.696046,10025,1.442
S20039,45.527999,-73.695668,10026,1.475
S20039,45.528113,-73.695284,10027,1.507
S20039,45.528221,-73.694898,10028,1.540
S20039,45.528322,-73.694508,10029,1.572
S20039,45.528411,-73.694139,10030,1.603
S20039,45.528495,-73.693769,10031,1.633
S20039,45.528574,-73.693395,10032,1.664
S20039,45.528647,-73.693019,10033,1.694
S20039,45.528715,-73.692641,10034,1.724
S20039,45.528719,-73.692616,10035,1.727
S20039,45.528723,-73.692591,10036,1.728
S20039,45.528728,-73.692566,10037,1.731
S20039,45.528731,-73.692542,10038,1.732
S20039,45.528736,-73.692516,10039,1.735
S20039,45.528739,-73.692492,10040,1.736
S20039,45.528744,-73.692466,10041,1.739
S20039,45.528748,-73.692442,10042,1.740
S20039,45.528751,-73.692416,10043,1.742
S20039,45.528756,-73.692392,10044,1.744
S20039,45.528788,-73.692164,10045,1.763
S20039,45.528815,-73.691934,10046,1.781
S20039,45.528838,-73.691703,10047,1.799
S20039,45.528855,-73.691470,10048,1.817
S20039,45.528868,-73.691239,10049,1.835
S20039,45.528875,-73.691079,10050,1.848
S20039,45.528880,-73.690919,10051,1.861
S20039,45.528899,-73.690270,10052,1.911
S20039,45.528899,-73.690270,20001,1.911
S20039,45.528926,-73.689367,20002,1.982
S20039,45.528930,-73.689207,20003,1.994
S20039,45.528933,-73.689047,20004,2.007
S20039,45.528935,-73.688786,20005,2.027
S20039,45.528929,-73.688525,20006,2.048
S20039,45.528917,-73.688264,20007,2.068
S20039,45.528899,-73.688004,20008,2.088
S20039,45.528897,-73.687979,20009,2.090
S20039,45.528895,-73.687954,20010,2.092
S20039,45.528893,-73.687928,20011,2.094
S20039,45.528890,-73.687903,20012,2.096
S20039,45.528888,-73.687878,20013,2.098
S20039,45.528886,-73.687853,20014,2.100
S20039,45.528883,-73.687827,20015,2.102
S20039,45.528880,-73.687801,20016,2.104
S20039,45.528879,-73.687777,20017,2.106
S20039,45.528876,-73.687750,20018,2.108
S20039,45.528834,-73.687363,20019,2.139
S20039,45.528785,-73.686979,20020,2.169
S20039,45.528729,-73.686596,20021,2.200
S20039,45.528667,-73.686214,20022,2.231
S20039,45.528597,-73.685837,20023,2.261
S20039,45.528521,-73.685460,20024,2.292
S20039,45.528438,-73.685087,20025,2.322
S20039,45.528348,-73.684717,20026,2.353
S20039,45.528252,-73.684350,20027,2.383
S20039,45.528194,-73.684143,20028,2.401
S20039,45.528135,-73.683934,20029,2.418
S20039,45.527836,-73.682884,20030,2.507
S20039,45.527777,-73.682681,20031,2.524
S20039,45.527700,-73.682409,20032,2.547
S20039,45.527700,-73.682409,20033,2.547
S20039,45.527488,-73.681667,20034,2.610
S20039,45.527207,-73.680692,20035,2.692
S20039,45.526927,-73.679718,20036,2.774
S20039,45.526709,-73.678960,20037,2.838
S20039,45.525358,-73.674267,20038,3.234
S20039,45.525017,-73.673083,20039,3.334
S20039,45.524853,-73.672513,20040,3.382
S20039,45.524853,-73.672513,30001,3.382
S20039,45.524406,-73.670960,30002,3.513
S20039,45.524230,-73.670354,30003,3.564
S20039,45.524134,-73.670021,30004,3.593
S20039,45.523927,-73.669311,30005,3.653
S20039,45.523819,-73.668942,30006,3.684
S20039,45.523669,-73.668429,30007,3.727
S20039,45.523520,-73.667913,30008,3.771
S20039,45.523203,-73.666823,30009,3.863
S20039,45.523008,-73.666148,30010,3.920
S20039,45.522579,-73.664635,30011,4.047
S20039,45.522419,-73.664071,30012,4.095
S20039,45.522260,-73.663507,30013,4.142
S20039,45.521967,-73.662474,30014,4.229
S20039,45.521801,-73.661887,30015,4.279
S20039,45.521801,-73.661887,40001,4.279
S20039,45.521395,-73.660456,40002,4.399
S20039,45.520975,-73.658975,40003,4.524
S20039,45.520909,-73.658743,40004,4.544
S20039,45.520772,-73.658264,40005,4.584
S20039,45.520652,-73.657855,40006,4.619
S20039,45.520530,-73.657448,40007,4.653
S20039,45.520298,-73.656678,40008,4.719
S20039,45.520139,-73.656148,40009,4.764
S20039,45.519984,-73.655616,40010,4.809
S20039,45.519896,-73.655306,40011,4.835
S20039,45.519555,-73.654122,40012,4.935
S20039,45.517954,-73.648570,40013,5.404
S20039,45.517613,-73.647385,40014,5.504
S20039,45.516511,-73.643563,40015,5.826
S20039,45.516511,-73.643563,50001,5.826
S20039,45.516382,-73.643115,50002,5.864
S20039,45.516040,-73.641930,50003,5.964
S20039,45.515561,-73.640267,50004,6.105
S20039,45.515433,-73.639823,50005,6.142
S20039,45.514469,-73.636481,50006,6.424
S20039,45.514128,-73.635297,50007,6.524
S20039,45.513944,-73.634659,50008,6.578
S20039,45.513944,-73.634659,60001,6.578
S20039,45.513670,-73.633710,60002,6.658
S20039,45.513632,-73.633574,60003,6.670
S20039,45.513593,-73.633437,60004,6.681
S20039,45.513529,-73.633188,60005,6.702
S20039,45.513472,-73.632936,60006,6.723
S20039,45.513422,-73.632681,60007,6.743
S20039,45.513396,-73.632538,60008,6.755
S20039,45.513372,-73.632395,60009,6.766
S20039,45.513221,-73.631496,60010,6.839
S20039,45.513158,-73.631122,60011,6.869
S20039,45.513060,-73.630533,60012,6.916
S20039,45.512938,-73.629804,60013,6.974
S20039,45.512882,-73.629471,60014,7.001
S20039,45.512080,-73.624685,60015,7.386
S20039,45.511918,-73.623718,60016,7.463
S20039,45.510074,-73.612720,60017,8.347
S20039,45.510074,-73.612721,70001,8.347
S20039,45.507392,-73.596747,70002,9.630
S20039,45.507215,-73.595695,70003,9.715
S20039,45.504685,-73.580652,70004,10.923
S20039,45.504557,-73.579891,70005,10.985
S20039,45.504032,-73.576765,70006,11.236
S20039,45.503990,-73.576520,70007,11.255
S20039,45.503947,-73.576274,70008,11.275
S20039,45.503885,-73.575958,70009,11.301
S20039,45.503816,-73.575644,70010,11.326
S20039,45.503742,-73.575334,70011,11.352
S20039,45.503660,-73.575027,70012,11.378
S20039,45.503572,-73.574724,70013,11.403
S20039,45.503478,-73.574423,70014,11.429
S20039,45.503379,-73.574127,70015,11.455
S20039,45.503273,-73.573835,70016,11.480
S20039,45.503160,-73.573549,70017,11.506
S20039,45.503043,-73.573267,70018,11.532
S20039,45.502919,-73.572989,70019,11.557
S20039,45.502803,-73.572743,70020,11.581
S20039,45.502685,-73.572500,70021,11.604
S20039,45.502646,-73.572419,70022,11.611
S20039,45.502646,-73.572419,80001,11.611
S20039,45.502407,-73.571931,80002,11.658
S20039,45.502134,-73.571372,80003,11.711
S20039,45.501942,-73.570977,80004,11.748
S20039,45.501891,-73.570872,80005,11.758
S20039,45.501681,-73.570441,80006,11.799
S20039,45.501446,-73.569960,80007,11.845
S20039,45.501387,-73.569844,80008,11.856
S20039,45.501322,-73.569735,80009,11.867
S20039,45.501322,-73.569735,80010,11.867
S20039,45.501158,-73.569474,80011,11.895
S20039,45.501035,-73.569272,80012,11.916
S20039,45.501035,-73.569272,80013,11.916
S20039,45.500906,-73.569052,80014,11.938
S20039,45.500877,-73.569002,80015,11.943
S20039,45.500814,-73.568889,80016,11.954
S20039,45.500754,-73.568771,80017,11.966
S20039,45.500754,-73.568771,80018,11.966
S20039,45.500588,-73.568429,80019,11.998
S20039,45.500283,-73.567797,80020,12.058
S20039,45.499976,-73.567166,80021,12.118
S20039,45.499906,-73.567021,80022,12.132
S20039,45.499906,-73.567021,90001,12.132
S20039,45.499508,-73.566199,90002,12.210
S20039,45.499202,-73.565567,90003,12.270
S20039,45.499186,-73.565536,90004,12.273
S20039,45.499147,-73.565450,90005,12.281
S20039,45.499147,-73.565450,90006,12.281
S20039,45.499113,-73.565372,90007,12.288
S20039,45.499064,-73.565257,90008,12.298
S20039,45.499021,-73.565136,90009,12.309
S20039,45.499021,-73.565136,90010,12.309
S20039,45.498940,-73.564901,90011,12.329
S20039,45.498893,-73.564763,90012,12.341
S20039,45.498830,-73.564581,90013,12.357
S20039,45.498764,-73.564402,90014,12.373
S20039,45.498764,-73.564402,90015,12.373
S20039,45.498694,-73.564219,90016,12.389
S20039,45.498514,-73.563742,90017,12.432
S20039,45.498461,-73.563602,90018,12.444
S20039,45.498461,-73.563602,90019,12.444
S20039,45.498406,-73.563462,90020,12.457
S20039,45.498406,-73.563462,90021,12.457
S20039,45.498352,-73.563330,90022,12.469
S20039,45.498297,-73.563201,90023,12.480
S20039,45.498297,-73.563201,90024,12.480
S20039,45.498236,-73.563066,90025,12.493
S20039,45.498236,-73.563066,90026,12.493
S20039,45.498174,-73.562933,90027,12.505
S20039,45.498174,-73.562933,90028,12.505
S20039,45.498171,-73.562928,90029,12.506
S20039,45.497872,-73.562288,90030,12.566
S20039,45.497719,-73.561962,90031,12.597
S20039,45.497195,-73.560841,90032,12.702
S20039,45.496777,-73.559948,90033,12.786
S20039,45.496566,-73.559499,90034,12.828
S20039,45.496566,-73.559499,90035,12.828
S20039,45.496451,-73.559255,90036,12.851
S20039,45.496150,-73.558618,90037,12.911
S20039,45.495870,-73.558023,90038,12.967
S20039,45.495708,-73.557686,90039,12.999
S20039,45.495708,-73.557686,90040,12.999
S20039,45.495624,-73.557521,90041,13.015
S20039,45.495534,-73.557362,90042,13.030
S20039,45.495534,-73.557362,90043,13.030
S20039,45.495455,-73.557234,90044,13.044
S20039,45.495371,-73.557112,90045,13.057
S20039,45.495284,-73.556995,90046,13.070
S20039,45.495192,-73.556884,90047,13.084
S20039,45.495192,-73.556884,90048,13.084
S20039,45.495091,-73.556772,90049,13.098
S20039,45.494986,-73.556668,90050,13.112
S20039,45.494877,-73.556571,90051,13.127
S20039,45.494766,-73.556481,90052,13.141
S20039,45.494651,-73.556399,90053,13.155
S20039,45.494534,-73.556326,90054,13.169
S20039,45.494534,-73.556326,90055,13.169
S20039,45.494534,-73.556326,90056,13.169
S20039,45.494408,-73.556258,90057,13.184
S20039,45.494279,-73.556199,90058,13.199
S20039,45.494149,-73.556150,90059,13.214
S20039,45.494017,-73.556110,90060,13.229
S20039,45.494017,-73.556110,90061,13.229
S20039,45.493898,-73.556084,90062,13.243
S20039,45.493778,-73.556064,90063,13.256
S20039,45.493656,-73.556053,90064,13.270
S20039,45.493656,-73.556053,90065,13.270
S20039,45.493613,-73.556051,90066,13.274
S20039,45.493613,-73.556051,90067,13.274
S20039,45.493469,-73.556051,90068,13.290
S20039,45.493325,-73.556060,90069,13.306
S20039,45.493325,-73.556060,90070,13.306
S20039,45.493039,-73.556090,90071,13.338
S20039,45.493039,-73.556090,90072,13.338
S20039,45.491432,-73.556287,90073,13.518
S20039,45.491102,-73.556333,90074,13.554
S20039,45.490772,-73.556382,90075,13.591
S20039,45.490772,-73.556382,90076,13.591
S20039,45.490247,-73.556465,90077,13.650
S20039,45.490170,-73.556476,90078,13.659
S20039,45.489991,-73.556504,90079,13.678
S20039,45.489991,-73.556504,90080,13.678
S20039,45.489811,-73.556529,90081,13.699
S20039,45.489811,-73.556529,90082,13.699
S20039,45.489658,-73.556544,90083,13.716
S20039,45.489658,-73.556544,90084,13.716
S20039,45.489448,-73.556555,90085,13.739
S20039,45.489448,-73.556555,90086,13.739
S20039,45.489239,-73.556557,90087,13.762
S20039,45.489239,-73.556557,90088,13.762
S20039,45.489058,-73.556552,90089,13.782
S20039,45.489058,-73.556552,90090,13.782
S20039,45.488879,-73.556543,90091,13.802
S20039,45.488879,-73.556543,90092,13.802
S20039,45.488713,-73.556534,90093,13.821
S20039,45.487830,-73.556487,90094,13.919
S20039,45.487787,-73.556484,90095,13.924
S20039,45.487606,-73.556473,90096,13.944
S20039,45.487425,-73.556458,90097,13.964
S20039,45.487425,-73.556458,90098,13.964
S20039,45.487303,-73.556444,90099,13.977
S20039,45.487183,-73.556422,90100,13.991
S20039,45.487063,-73.556394,90101,14.004
S20039,45.487063,-73.556394,90102,14.004
S20039,45.486939,-73.556357,90103,14.018
S20039,45.486817,-73.556311,90104,14.033
S20039,45.486696,-73.556255,90105,14.047
S20039,45.486578,-73.556191,90106,14.061
S20039,45.486462,-73.556118,90107,14.075
S20039,45.486349,-73.556038,90108,14.089
S20039,45.486238,-73.555949,90109,14.103
S20039,45.486132,-73.555852,90110,14.117
S20039,45.486029,-73.555747,90111,14.131
S20039,45.485929,-73.555636,90112,14.145
S20039,45.485833,-73.555516,90113,14.159
S20039,45.485743,-73.555391,90114,14.173
S20039,45.485657,-73.555259,90115,14.187
S20039,45.485575,-73.555121,90116,14.201
S20039,45.485499,-73.554976,90117,14.216
S20039,45.485428,-73.554828,90118,14.230
S20039,45.485428,-73.554828,90119,14.230
S20039,45.485372,-73.554696,90120,14.242
S20039,45.485319,-73.554562,90121,14.254
S20039,45.485271,-73.554423,90122,14.266
S20039,45.485227,-73.554283,90123,14.278
S20039,45.485188,-73.554139,90124,14.290
S20039,45.485188,-73.554139,90125,14.290
S20039,45.485146,-73.553962,90126,14.304
S20039,45.485111,-73.553780,90127,14.319
S20039,45.485082,-73.553596,90128,14.334
S20039,45.485061,-73.553410,90129,14.348
S20039,45.485045,-73.553223,90130,14.363
S20039,45.485038,-73.553035,90131,14.378
S20039,45.485037,-73.552846,90132,14.393
S20039,45.485044,-73.552658,90133,14.407
S20039,45.485057,-73.552471,90134,14.422
S20039,45.485078,-73.552284,90135,14.437
S20039,45.485078,-73.552284,90136,14.437
S20039,45.485078,-73.552284,90137,14.437
S20039,45.485103,-73.552116,90138,14.450
S20039,45.485131,-73.551948,90139,14.464
S20039,45.485166,-73.551783,90140,14.477
S20039,45.485166,-73.551783,90141,14.477
S20039,45.485222,-73.551537,90142,14.498
S20039,45.485279,-73.551292,90143,14.518
S20039,45.485279,-73.551292,90144,14.518
S20039,45.486074,-73.547981,90145,14.791
S20039,45.486249,-73.547255,90146,14.851
S20039,45.486271,-73.547165,90147,14.859
S20039,45.486342,-73.546861,90148,14.884
S20039,45.486410,-73.546557,90149,14.909
S20039,45.486410,-73.546557,90150,14.909
S20039,45.486439,-73.546403,90151,14.921
S20039,45.486466,-73.546247,90152,14.934
S20039,45.486488,-73.546091,90153,14.946
S20039,45.486505,-73.545934,90154,14.958
S20039,45.486505,-73.545934,90155,14.958
S20039,45.486519,-73.545756,90156,14.972
S20039,45.486525,-73.545578,90157,14.986
S20039,45.486525,-73.545399,90158,15.000
S20039,45.486518,-73.545221,90159,15.014
S20039,45.486504,-73.545045,90160,15.028
S20039,45.486484,-73.544868,90161,15.042
S20039,45.486456,-73.544694,90162,15.056
S20039,45.486422,-73.544523,90163,15.070
S20039,45.486382,-73.544354,90164,15.084
S20039,45.486335,-73.544188,90165,15.098
S20039,45.486282,-73.544026,90166,15.112
S20039,45.486223,-73.543869,90167,15.126
S20039,45.486158,-73.543717,90168,15.140
S20039,45.486087,-73.543570,90169,15.154
S20039,45.486010,-73.543428,90170,15.168
S20039,45.485929,-73.543292,90171,15.182
S20039,45.485842,-73.543164,90172,15.195
S20039,45.485751,-73.543041,90173,15.210
S20039,45.485654,-73.542927,90174,15.223
S20039,45.485554,-73.542820,90175,15.237
S20039,45.485449,-73.542721,90176,15.251
S20039,45.485341,-73.542629,90177,15.265
S20039,45.485231,-73.542547,90178,15.279
S20039,45.485116,-73.542473,90179,15.293
S20039,45.484999,-73.542408,90180,15.307
S20039,45.484880,-73.542352,90181,15.321
S20039,45.484759,-73.542306,90182,15.335
S20039,45.484636,-73.542269,90183,15.349
S20039,45.484512,-73.542242,90184,15.363
S20039,45.484387,-73.542224,90185,15.377
S20039,45.484262,-73.542216,90186,15.391
S20039,45.484262,-73.542216,90187,15.391
S20039,45.484262,-73.542216,90188,15.391
S20039,45.484157,-73.542216,90189,15.402
S20039,45.484053,-73.542224,90190,15.414
S20039,45.483948,-73.542236,90191,15.426
S20039,45.483948,-73.542236,90192,15.426
S20039,45.483793,-73.542264,90193,15.443
S20039,45.483638,-73.542301,90194,15.460
S20039,45.483638,-73.542301,90195,15.460
S20039,45.483484,-73.542345,90196,15.478
S20039,45.483331,-73.542396,90197,15.495
S20039,45.483331,-73.542396,90198,15.495
S20039,45.483026,-73.542506,90199,15.530
S20039,45.483026,-73.542506,90200,15.530
S20039,45.482982,-73.542522,90201,15.536
S20039,45.482064,-73.542860,90202,15.641
S20039,45.481541,-73.543053,90203,15.701
S20039,45.480448,-73.543457,90204,15.826
S20039,45.479966,-73.543634,90205,15.882
S20039,45.479661,-73.543749,90206,15.917
S20039,45.479661,-73.543749,90207,15.917
S20039,45.479510,-73.543810,90208,15.934
S20039,45.479360,-73.543875,90209,15.952
S20039,45.479360,-73.543875,90210,15.952
S20039,45.479184,-73.543961,90211,15.972
S20039,45.479010,-73.544054,90212,15.993
S20039,45.478839,-73.544155,90213,16.014
S20039,45.478671,-73.544265,90214,16.034
S20039,45.478504,-73.544382,90215,16.055
S20039,45.478342,-73.544508,90216,16.076
S20039,45.478181,-73.544641,90217,16.096
S20039,45.478025,-73.544781,90218,16.117
S20039,45.477871,-73.544929,90219,16.137
S20039,45.477721,-73.545084,90220,16.158
S20039,45.477575,-73.545246,90221,16.179
S20039,45.477432,-73.545415,90222,16.199
S20039,45.477295,-73.545591,90223,16.220
S20039,45.477160,-73.545774,90224,16.241
S20039,45.477160,-73.545774,90225,16.241
S20039,45.477160,-73.545774,90226,16.241
S20039,45.477050,-73.545933,90227,16.258
S20039,45.476943,-73.546096,90228,16.276
S20039,45.476943,-73.546096,90229,16.276
S20039,45.476730,-73.546427,90230,16.311
S20039,45.476730,-73.546427,90231,16.311
S20039,45.476452,-73.546866,90232,16.357
S20039,45.476174,-73.547306,90233,16.403
S20039,45.476036,-73.547520,90234,16.426
S20039,45.475895,-73.547731,90235,16.448
S20039,45.475895,-73.547731,90236,16.448
S20039,45.475799,-73.547869,90237,16.463
S20039,45.475698,-73.548000,90238,16.479
S20039,45.475593,-73.548124,90239,16.494
S20039,45.475593,-73.548124,90240,16.494
S20039,45.475495,-73.548230,90241,16.508
S20039,45.475393,-73.548327,90242,16.521
S20039,45.475288,-73.548418,90243,16.535
S20039,45.475179,-73.548501,90244,16.549
S20039,45.475067,-73.548576,90245,16.562
S20039,45.474954,-73.548643,90246,16.576
S20039,45.474838,-73.548701,90247,16.590
S20039,45.474720,-73.548752,90248,16.603
S20039,45.474720,-73.548752,90249,16.603
S20039,45.474607,-73.548792,90250,16.616
S20039,45.474494,-73.548824,90251,16.629
S20039,45.474380,-73.548848,90252,16.642
S20039,45.474380,-73.548848,90253,16.642
S20039,45.474264,-73.548866,90254,16.655
S20039,45.474149,-73.548875,90255,16.667
S20039,45.474033,-73.548876,90256,16.680
S20039,45.474033,-73.548876,90257,16.680
S20039,45.473917,-73.548868,90258,16.693
S20039,45.473802,-73.548854,90259,16.706
S20039,45.473688,-73.548832,90260,16.719
S20039,45.473688,-73.548832,90261,16.719
S20039,45.473573,-73.548803,90262,16.732
S20039,45.473461,-73.548764,90263,16.745
S20039,45.473349,-73.548719,90264,16.758
S20039,45.473349,-73.548719,90265,16.758
S20039,45.473232,-73.548663,90266,16.771
S20039,45.473117,-73.548599,90267,16.785
S20039,45.473005,-73.548526,90268,16.799
S20039,45.472895,-73.548445,90269,16.812
S20039,45.472789,-73.548357,90270,16.826
S20039,45.472789,-73.548357,90271,16.826
S20039,45.472674,-73.548252,90272,16.841
S20039,45.472563,-73.548138,90273,16.856
S20039,45.472456,-73.548018,90274,16.872
S20039,45.472456,-73.548018,90275,16.872
S20039,45.472300,-73.547831,90276,16.894
S20039,45.472145,-73.547640,90277,16.917
S20039,45.472145,-73.547640,90278,16.917
S20039,45.471588,-73.546945,90279,16.999
S20039,45.471444,-73.546762,90280,17.021
S20039,45.471301,-73.546576,90281,17.042
S20039,45.471301,-73.546576,90282,17.042
S20039,45.471209,-73.546450,90283,17.057
S20039,45.471120,-73.546315,90284,17.071
S20039,45.471037,-73.546177,90285,17.085
S20039,45.471037,-73.546177,90286,17.085
S20039,45.470958,-73.546033,90287,17.100
S20039,45.470884,-73.545883,90288,17.114
S20039,45.470817,-73.545728,90289,17.128
S20039,45.470817,-73.545728,90290,17.128
S20039,45.470755,-73.545567,90291,17.142
S20039,45.470700,-73.545403,90292,17.157
S20039,45.470650,-73.545234,90293,17.171
S20039,45.470650,-73.545234,90294,17.171
S20039,45.470613,-73.545083,90295,17.183
S20039,45.470579,-73.544930,90296,17.196
S20039,45.470552,-73.544774,90297,17.209
S20039,45.470552,-73.544774,90298,17.209
S20039,45.470526,-73.544595,90299,17.223
S20039,45.470506,-73.544413,90300,17.237
S20039,45.470491,-73.544232,90301,17.252
S20039,45.470491,-73.544232,90302,17.252
S20039,45.470475,-73.543958,90303,17.273
S20039,45.470462,-73.543684,90304,17.295
S20039,45.470462,-73.543684,90305,17.295
S20039,45.470356,-73.541272,90306,17.484
S20039,45.470347,-73.541074,90307,17.499
S20039,45.470347,-73.541074,90308,17.499
S20039,45.470339,-73.540877,90309,17.515
S20039,45.470339,-73.540877,90310,17.515
S20039,45.470329,-73.540503,90311,17.544
S20039,45.470329,-73.540503,90312,17.544
S20039,45.470325,-73.540305,90313,17.559
S20039,45.470325,-73.540305,90314,17.559
S20039,45.470323,-73.540107,90315,17.575
S20039,45.470323,-73.540107,90316,17.575
S20039,45.470319,-73.539772,90317,17.601
S20039,45.470305,-73.538547,90318,17.697
S20039,45.470305,-73.538547,100001,17.697
S20039,45.470291,-73.537410,100002,17.786
S20039,45.470285,-73.536860,100003,17.829
S20039,45.470277,-73.536080,100004,17.890
S20039,45.470265,-73.535343,100005,17.947
S20039,45.470265,-73.535343,100006,17.947
S20039,45.470251,-73.534560,100007,18.009
S20039,45.470246,-73.534296,100008,18.029
S20039,45.470246,-73.534296,100009,18.029
S20039,45.470223,-73.532991,100010,18.131
S20039,45.470192,-73.531686,100011,18.233
S20039,45.470157,-73.530383,100012,18.335
S20039,45.470114,-73.529080,100013,18.437
S20039,45.470066,-73.527777,100014,18.539
S20039,45.470010,-73.526474,100015,18.641
S20039,45.469949,-73.525172,100016,18.743
S20039,45.469881,-73.523871,100017,18.845
S20039,45.469808,-73.522570,100018,18.947
S20039,45.469727,-73.521270,100019,19.049
S20039,45.469641,-73.519971,100020,19.151
S20039,45.469548,-73.518673,100021,19.253
S20039,45.469449,-73.517375,100022,19.356
S20039,45.469449,-73.517375,100023,19.356
S20039,45.469449,-73.517375,100024,19.356
S20039,45.469382,-73.516548,100025,19.421
S20039,45.469313,-73.515722,100026,19.486
S20039,45.469313,-73.515722,100027,19.486
S20039,45.469242,-73.514894,100028,19.551
S20039,45.469167,-73.514068,100029,19.616
S20039,45.469167,-73.514068,100030,19.616
S20039,45.469091,-73.513243,100031,19.681
S20039,45.469012,-73.512417,100032,19.746
S20039,45.469012,-73.512417,100033,19.746
S20039,45.468930,-73.511592,100034,19.811
S20039,45.468846,-73.510768,100035,19.877
S20039,45.468846,-73.510768,100036,19.877
S20039,45.468639,-73.508781,100037,20.034
S20039,45.468433,-73.506795,100038,20.191
S20039,45.468226,-73.504807,100039,20.348
S20039,45.468020,-73.502821,100040,20.505
S20039,45.467917,-73.501852,100041,20.581
S20039,45.467814,-73.500884,100042,20.658
S20039,45.467814,-73.500884,100043,20.658
S20039,45.467708,-73.499916,100044,20.735
S20039,45.467600,-73.498949,100045,20.811
S20039,45.467600,-73.498949,100046,20.811
S20039,45.467490,-73.497982,100047,20.888
S20039,45.467377,-73.497015,100048,20.964
S20039,45.467377,-73.497015,100049,20.964
S20039,45.467263,-73.496050,100050,21.041
S20039,45.467147,-73.495086,100051,21.117
S20039,45.467147,-73.495086,100052,21.117
S20039,45.467028,-73.494120,100053,21.194
S20039,45.466908,-73.493156,100054,21.271
S20039,45.466908,-73.493156,100055,21.271
S20039,45.466737,-73.491816,100056,21.377
S20039,45.466561,-73.490475,100057,21.484
S20039,45.466382,-73.489135,100058,21.590
S20039,45.466382,-73.489135,100059,21.590
S20039,45.466268,-73.488303,100060,21.657
S20039,45.466268,-73.488303,100061,21.657
S20039,45.466153,-73.487470,100062,21.723
S20039,45.466153,-73.487470,100063,21.723
S20039,45.466059,-73.486798,100064,21.777
S20039,45.465966,-73.486125,100065,21.830
S20039,45.465914,-73.485748,100066,21.860
S20039,45.465865,-73.485371,100067,21.890
S20039,45.465865,-73.485371,100068,21.890
S20039,45.465784,-73.484715,100069,21.942
S20039,45.465710,-73.484056,100070,21.994
S20039,45.465641,-73.483397,100071,22.047
S20039,45.465580,-73.482736,100072,22.099
S20039,45.465525,-73.482075,100073,22.151
S20039,45.465525,-73.482075,100074,22.151
S20039,45.465317,-73.479433,100075,22.359
S20039,45.465295,-73.479147,100076,22.381
S20039,45.465295,-73.479147,100077,22.381
S20039,45.465267,-73.478764,100078,22.411
S20039,45.465242,-73.478382,100079,22.441
S20039,45.465242,-73.478382,100080,22.441
S20039,45.465201,-73.477702,100081,22.495
S20039,45.465194,-73.477555,100082,22.506
S20039,45.465170,-73.477067,100083,22.544
S20039,45.465167,-73.477021,100084,22.548
S20039,45.465140,-73.476339,100085,22.602
S20039,45.465140,-73.476339,100086,22.602
S20039,45.465080,-73.474671,100087,22.732
S20039,45.465070,-73.474397,100088,22.753
S20039,45.465052,-73.473947,100089,22.789
S20039,45.465052,-73.473947,100090,22.789
S20039,45.465030,-73.473497,100091,22.824
S20039,45.465030,-73.473497,100092,22.824
S20039,45.465018,-73.473263,100093,22.843
S20039,45.465018,-73.473263,100094,22.843
S20039,45.464997,-73.472901,100095,22.871
S20039,45.464961,-73.472262,100096,22.921
S20039,45.464944,-73.471900,100097,22.950
S20039,45.464929,-73.471538,100098,22.978
S20039,45.464925,-73.471405,100099,22.988
S20039,45.464879,-73.470190,100100,23.083
S20039,45.464879,-73.470190,110001,23.083
S20039,45.464843,-73.469227,110002,23.159
S20039,45.464842,-73.469194,110003,23.161
S20039,45.464837,-73.469047,110004,23.173
S20039,45.464837,-73.469047,110005,23.173
S20039,45.464831,-73.468900,110006,23.184
S20039,45.464831,-73.468900,110007,23.184
S20039,45.464825,-73.468662,110008,23.203
S20039,45.464819,-73.468423,110009,23.222
S20039,45.464819,-73.468423,110010,23.222
S20039,45.464818,-73.468276,110011,23.233
S20039,45.464818,-73.468276,110012,23.233
S20039,45.464816,-73.468129,110013,23.245
S20039,45.464816,-73.468129,110014,23.245
S20039,45.464811,-73.467757,110015,23.274
S20039,45.464804,-73.467154,110016,23.321
S20039,45.464802,-73.467007,110017,23.332
S20039,45.464802,-73.467007,110018,23.332
S20039,45.464799,-73.466860,110019,23.344
S20039,45.464799,-73.466860,110020,23.344
S20039,45.464795,-73.466622,110021,23.363
S20039,45.464787,-73.466383,110022,23.381
S20039,45.464787,-73.466383,110023,23.381
S20039,45.464783,-73.466238,110024,23.393
S20039,45.464783,-73.466238,110025,23.393
S20039,45.464777,-73.466090,110026,23.404
S20039,45.464777,-73.466090,110027,23.404
S20039,45.464761,-73.465648,110028,23.439
S20039,45.464745,-73.465206,110029,23.473
S20039,45.464691,-73.463793,110030,23.584
S20039,45.464668,-73.463153,110031,23.634
S20039,45.464644,-73.462515,110032,23.684
S20039,45.464633,-73.462221,110033,23.707
S20039,45.464613,-73.461736,110034,23.745
S20039,45.464613,-73.461736,110035,23.745
S20039,45.464601,-73.461493,110036,23.764
S20039,45.464585,-73.461252,110037,23.783
S20039,45.464585,-73.461252,110038,23.783
S20039,45.464560,-73.460954,110039,23.807
S20039,45.464527,-73.460657,110040,23.830
S20039,45.464489,-73.460362,110041,23.854
S20039,45.464443,-73.460068,110042,23.877
S20039,45.464392,-73.459776,110043,23.901
S20039,45.464333,-73.459487,110044,23.924
S20039,45.464268,-73.459201,110045,23.948
S20039,45.464197,-73.458918,110046,23.971
S20039,45.464197,-73.458918,110047,23.971
S20039,45.464140,-73.458710,110048,23.989
S20039,45.464080,-73.458504,110049,24.006
S20039,45.464016,-73.458299,110050,24.024
S20039,45.464016,-73.458299,110051,24.024
S20039,45.463949,-73.458097,110052,24.041
S20039,45.463878,-73.457898,110053,24.058
S20039,45.463804,-73.457700,110054,24.076
S20039,45.463804,-73.457700,110055,24.076
S20039,45.463727,-73.457505,110056,24.093
S20039,45.463647,-73.457314,110057,24.111
S20039,45.463563,-73.457123,110058,24.128
S20039,45.463563,-73.457123,110059,24.128
S20039,45.463476,-73.456938,110060,24.146
S20039,45.463387,-73.456754,110061,24.163
S20039,45.463293,-73.456574,110062,24.181
S20039,45.463293,-73.456574,110063,24.181
S20039,45.463189,-73.456382,110064,24.200
S20039,45.463082,-73.456193,110065,24.219
S20039,45.462971,-73.456009,110066,24.238
S20039,45.462857,-73.455828,110067,24.257
S20039,45.462857,-73.455828,110068,24.257
S20039,45.462740,-73.455652,110069,24.276
S20039,45.462619,-73.455480,110070,24.295
S20039,45.462619,-73.455480,110071,24.295
S20039,45.462376,-73.455138,110072,24.333
S20039,45.462376,-73.455138,110073,24.333
S20039,45.459713,-73.451444,110074,24.746
S20039,45.459294,-73.450864,110075,24.811
S20039,45.458876,-73.450283,110076,24.876
S20039,45.458684,-73.450016,110077,24.906
S20039,45.458409,-73.449634,110078,24.949
S20039,45.458136,-73.449251,110079,24.991
S20039,45.458136,-73.449251,110080,24.991
S20039,45.457346,-73.448130,110081,25.116
S20039,45.456759,-73.447302,110082,25.207
S20039,45.456759,-73.447302,110083,25.207
S20039,45.456382,-73.446776,110084,25.266
S20039,45.456382,-73.446776,110085,25.266
S20039,45.456138,-73.446435,110086,25.304
S20039,45.455893,-73.446095,110087,25.342
S20039,45.455694,-73.445820,110088,25.373
S20039,45.455694,-73.445820,110089,25.373
S20039,45.455495,-73.445548,110090,25.404
S20039,45.455495,-73.445548,110091,25.404
S20039,45.455248,-73.445215,110092,25.442
S20039,45.455001,-73.444881,110093,25.479
S20039,45.454671,-73.444434,110094,25.530
S20039,45.454516,-73.444223,110095,25.554
S20039,45.454516,-73.444223,110096,25.554
S20039,45.454216,-73.443809,110097,25.600
S20039,45.454216,-73.443809,110098,25.600
S20039,45.453762,-73.443174,110099,25.671
S20039,45.453309,-73.442539,110100,25.742
S20039,45.452883,-73.441945,110101,25.808
S20039,45.452883,-73.441945,110102,25.808
S20039,45.452429,-73.441313,110103,25.879
S20039,45.451214,-73.439625,110104,26.068
S20039,45.450441,-73.438552,110105,26.188
S20039,45.449482,-73.437218,110106,26.337
S20039,45.449202,-73.436835,110107,26.380
S20039,45.448918,-73.436457,110108,26.423
S20039,45.448918,-73.436457,110109,26.423
S20039,45.448153,-73.435453,110110,26.539
S20039,45.447903,-73.435121,110111,26.577
S20039,45.447655,-73.434784,110112,26.615
S20039,45.447655,-73.434784,110113,26.615
S20039,45.447426,-73.434464,110114,26.651
S20039,45.447426,-73.434464,110115,26.651
S20039,45.447271,-73.434245,110116,26.675
S20039,45.446857,-73.433660,110117,26.740
S20039,45.446857,-73.433660,120001,26.740
S20039,45.446456,-73.433094,120002,26.803
S20039,45.446393,-73.433003,120003,26.813
S20039,45.446393,-73.433003,120004,26.813
S20039,45.446329,-73.432912,120005,26.823
S20039,45.446329,-73.432912,120006,26.823
S20039,45.446208,-73.432734,120007,26.842
S20039,45.446089,-73.432551,120008,26.862
S20039,45.445973,-73.432366,120009,26.881
S20039,45.445973,-73.432366,120010,26.881
S20039,45.445871,-73.432195,120011,26.899
S20039,45.445770,-73.432021,120012,26.916
S20039,45.445770,-73.432021,120013,26.916
S20039,45.445714,-73.431921,120014,26.926
S20039,45.445714,-73.431921,120015,26.926
S20039,45.445658,-73.431822,120016,26.936
S20039,45.445658,-73.431822,120017,26.936
S20039,45.444752,-73.430191,120018,27.099
S20039,45.444417,-73.429590,120019,27.159
S20039,45.444038,-73.428910,120020,27.227
S20039,45.443916,-73.428689,120021,27.249
S20039,45.443793,-73.428468,120022,27.271
S20039,45.443670,-73.428247,120023,27.293
S20039,45.443547,-73.428027,120024,27.315
S20039,45.443066,-73.427161,120025,27.401
S20039,45.442883,-73.426838,120026,27.433
S20039,45.442883,-73.426838,120027,27.433
S20039,45.442819,-73.426733,120028,27.444
S20039,45.442753,-73.426633,120029,27.455
S20039,45.442684,-73.426534,120030,27.466
S20039,45.442684,-73.426534,120031,27.466
S20039,45.442594,-73.426415,120032,27.480
S20039,45.442498,-73.426303,120033,27.493
S20039,45.442399,-73.426200,120034,27.507
S20039,45.442295,-73.426103,120035,27.521
S20039,45.442188,-73.426015,120036,27.535
S20039,45.442078,-73.425936,120037,27.548
S20039,45.441965,-73.425865,120038,27.562
S20039,45.441965,-73.425865,120039,27.562
S20039,45.441965,-73.425865,120040,27.562
S20039,45.441854,-73.425805,120041,27.575
S20039,45.441742,-73.425756,120042,27.588
S20039,45.441742,-73.425756,120043,27.588
S20039,45.441628,-73.425714,120044,27.602
S20039,45.441511,-73.425679,120045,27.615
S20039,45.441511,-73.425679,120046,27.615
S20039,45.441394,-73.425654,120047,27.628
S20039,45.441277,-73.425639,120048,27.641
S20039,45.441277,-73.425639,120049,27.641
S20039,45.441160,-73.425631,120050,27.654
S20039,45.441041,-73.425633,120051,27.667
S20039,45.441041,-73.425633,120052,27.667
S20039,45.440923,-73.425643,120053,27.680
S20039,45.440806,-73.425662,120054,27.694
S20039,45.440806,-73.425662,120055,27.694
S20039,45.440689,-73.425689,120056,27.707
S20039,45.440574,-73.425727,120057,27.720
S20039,45.440574,-73.425727,120058,27.720
S20039,45.440460,-73.425771,120059,27.733
S20039,45.440348,-73.425825,120060,27.746
S20039,45.440348,-73.425825,120061,27.746
S20039,45.440238,-73.425887,120062,27.759
S20039,45.440131,-73.425957,120063,27.772
S20039,45.440131,-73.425957,120064,27.772
S20039,45.440021,-73.426039,120065,27.786
S20039,45.439913,-73.426131,120066,27.800
S20039,45.439808,-73.426231,120067,27.814
S20039,45.439709,-73.426340,120068,27.828
S20039,45.439614,-73.426455,120069,27.842
S20039,45.439523,-73.426579,120070,27.856
S20039,45.439438,-73.426710,120071,27.870
S20039,45.439357,-73.426847,120072,27.884
S20039,45.439282,-73.426989,120073,27.898
S20039,45.439213,-73.427138,120074,27.912
S20039,45.439213,-73.427138,120075,27.912
S20039,45.439213,-73.427138,120076,27.912
S20039,45.439164,-73.427257,120077,27.923
S20039,45.439117,-73.427377,120078,27.933
S20039,45.439073,-73.427501,120079,27.944
S20039,45.439073,-73.427501,120080,27.944
S20039,45.438950,-73.427877,120081,27.977
S20039,45.438950,-73.427877,120082,27.977
S20039,45.438880,-73.428096,120083,27.995
S20039,45.438750,-73.428507,120084,28.031
S20039,45.438466,-73.429396,120085,28.107
S20039,45.438355,-73.429746,120086,28.137
S20039,45.438243,-73.430095,120087,28.167
S20039,45.438056,-73.430683,120088,28.218
S20040,45.521979,-73.712492,10001,0.000
S20040,45.522269,-73.711686,10002,0.071
S20040,45.522445,-73.711202,10003,0.113
S20040,45.522624,-73.710720,10004,0.156
S20040,45.522885,-73.710027,10005,0.217
S20040,45.523064,-73.709545,10006,0.260
S20040,45.523240,-73.709061,10007,0.302
S20040,45.523825,-73.707436,10008,0.445
S20040,45.524236,-73.706297,10009,0.545
S20040,45.525630,-73.702425,10010,0.885
S20040,45.525649,-73.702376,10011,0.889
S20040,45.525843,-73.701827,10012,0.937
S20040,45.526035,-73.701276,10013,0.985
S20040,45.526112,-73.701051,10014,1.005
S20040,45.526328,-73.700422,10015,1.060
S20040,45.526365,-73.700314,10016,1.069
S20040,45.526556,-73.699763,10017,1.117
S20040,45.526751,-73.699216,10018,1.165
S20040,45.526950,-73.698663,10019,1.213
S20040,45.527150,-73.698109,10020,1.262
S20040,45.527349,-73.697557,10021,1.310
S20040,45.527548,-73.697003,10022,1.359
S20040,45.527650,-73.696718,10023,1.384
S20040,45.527750,-73.696431,10024,1.409
S20040,45.527879,-73.696046,10025,1.442
S20040,45.527999,-73.695668,10026,1.475
S20040,45.528113,-73.695284,10027,1.507
S20040,45.528221,-73.694898,10028,1.540
S20040,45.528322,-73.694508,10029,1.572
S20040,45.528411,-73.694139,10030,1.603
S20040,45.528495,-73.693769,10031,1.633
S20040,45.528574,-73.693395,10032,1.664
S20040,45.528647,-73.693019,10033,1.694
S20040,45.528715,-73.692641,10034,1.724
S20040,45.528719,-73.692616,10035,1.727
S20040,45.528723,-73.692591,10036,1.728
S20040,45.528728,-73.692566,10037,1.731
S20040,45.528731,-73.692542,10038,1.732
S20040,45.528736,-73.692516,10039,1.735
S20040,45.528739,-73.692492,10040,1.736
S20040,45.528744,-73.692466,10041,1.739
S20040,45.528748,-73.692442,10042,1.740
S20040,45.528751,-73.692416,10043,1.742
S20040,45.528756,-73.692392,10044,1.744
S20040,45.528788,-73.692164,10045,1.763
S20040,45.528815,-73.691934,10046,1.781
S20040,45.528838,-73.691703,10047,1.799
S20040,45.528855,-73.691470,10048,1.817
S20040,45.528868,-73.691239,10049,1.835
S20040,45.528875,-73.691079,10050,1.848
S20040,45.528880,-73.690919,10051,1.861
S20040,45.528899,-73.690270,10052,1.911
S20040,45.528899,-73.690270,20001,1.911
S20040,45.528926,-73.689367,20002,1.982
S20040,45.528930,-73.689207,20003,1.994
S20040,45.528933,-73.689047,20004,2.007
S20040,45.528935,-73.688786,20005,2.027
S20040,45.528929,-73.688525,20006,2.048
S20040,45.528917,-73.688264,20007,2.068
S20040,45.528899,-73.688004,20008,2.088
S20040,45.528897,-73.687979,20009,2.090
S20040,45.528895,-73.687954,20010,2.092
S20040,45.528893,-73.687928,20011,2.094
S20040,45.528890,-73.687903,20012,2.096
S20040,45.528888,-73.687878,20013,2.098
S20040,45.528886,-73.687853,20014,2.100
S20040,45.528883,-73.687827,20015,2.102
S20040,45.528880,-73.687801,20016,2.104
S20040,45.528879,-73.687777,20017,2.106
S20040,45.528876,-73.687750,20018,2.108
S20040,45.528834,-73.687363,20019,2.139
S20040,45.528785,-73.686979,20020,2.169
S20040,45.528729,-73.686596,20021,2.200
S20040,45.528667,-73.686214,20022,2.231
S20040,45.528597,-73.685837,20023,2.261
S20040,45.528521,-73.685460,20024,2.292
S20040,45.528438,-73.685087,20025,2.322
S20040,45.528348,-73.684717,20026,2.353
S20040,45.528252,-73.684350,20027,2.383
S20040,45.528194,-73.684143,20028,2.401
S20040,45.528135,-73.683934,20029,2.418
S20040,45.527836,-73.682884,20030,2.507
S20040,45.527777,-73.682681,20031,2.524
S20040,45.527700,-73.682409,20032,2.547
S20040,45.527700,-73.682409,20033,2.547
S20040,45.527488,-73.681667,20034,2.610
S20040,45.527207,-73.680692,20035,2.692
S20040,45.526927,-73.679718,20036,2.774
S20040,45.526709,-73.678960,20037,2.838
S20040,45.525358,-73.674267,20038,3.234
S20040,45.525017,-73.673083,20039,3.334
S20040,45.524853,-73.672513,20040,3.382
S20040,45.524853,-73.672513,30001,3.382
S20040,45.524406,-73.670960,30002,3.513
S20040,45.524230,-73.670354,30003,3.564
S20040,45.524134,-73.670021,30004,3.593
S20040,45.523927,-73.669311,30005,3.653
S20040,45.523819,-73.668942,30006,3.684
S20040,45.523669,-73.668429,30007,3.727
S20040,45.523520,-73.667913,30008,3.771
S20040,45.523203,-73.666823,30009,3.863
S20040,45.523008,-73.666148,30010,3.920
S20040,45.522579,-73.664635,30011,4.047
S20040,45.522419,-73.664071,30012,4.095
S20040,45.522260,-73.663507,30013,4.142
S20040,45.521967,-73.662474,30014,4.229
S20040,45.521801,-73.661887,30015,4.279
S20040,45.521801,-73.661887,40001,4.279
S20040,45.521395,-73.660456,40002,4.399
S20040,45.520975,-73.658975,40003,4.524
S20040,45.520909,-73.658743,40004,4.544
S20040,45.520772,-73.658264,40005,4.584
S20040,45.520652,-73.657855,40006,4.619
S20040,45.520530,-73.657448,40007,4.653
S20040,45.520298,-73.656678,40008,4.719
S20040,45.520139,-73.656148,40009,4.764
S20040,45.519984,-73.655616,40010,4.809
S20040,45.519896,-73.655306,40011,4.835
S20040,45.519555,-73.654122,40012,4.935
S20040,45.517954,-73.648570,40013,5.404
S20040,45.517613,-73.647385,40014,5.504
S20040,45.516511,-73.643563,40015,5.826
S20040,45.516511,-73.643563,50001,5.826
S20040,45.516382,-73.643115,50002,5.864
S20040,45.516040,-73.641930,50003,5.964
S20040,45.515561,-73.640267,50004,6.105
S20040,45.515433,-73.639823,50005,6.142
S20040,45.514469,-73.636481,50006,6.424
S20040,45.514128,-73.635297,50007,6.524
S20040,45.513944,-73.634659,50008,6.578
S20040,45.513944,-73.634659,60001,6.578
S20040,45.513670,-73.633710,60002,6.658
S20040,45.513632,-73.633574,60003,6.670
S20040,45.513593,-73.633437,60004,6.681
S20040,45.513529,-73.633188,60005,6.702
S20040,45.513472,-73.632936,60006,6.723
S20040,45.513422,-73.632681,60007,6.743
S20040,45.513396,-73.632538,60008,6.755
S20040,45.513372,-73.632395,60009,6.766
S20040,45.513221,-73.631496,60010,6.839
S20040,45.513158,-73.631122,60011,6.869
S20040,45.513060,-73.630533,60012,6.916
S20040,45.512938,-73.629804,60013,6.974
S20040,45.512882,-73.629471,60014,7.001
S20040,45.512080,-73.624685,60015,7.386
S20040,45.511918,-73.623718,60016,7.463
S20040,45.510074,-73.612720,60017,8.347
S20040,45.510074,-73.612721,70001,8.347
S20040,45.507392,-73.596747,70002,9.630
S20040,45.507215,-73.595695,70003,9.715
S20040,45.504685,-73.580652,70004,10.923
S20040,45.504557,-73.579891,70005,10.985
S20040,45.504032,-73.576765,70006,11.236
S20040,45.503990,-73.576520,70007,11.255
S20040,45.503947,-73.576274,70008,11.275
S20040,45.503885,-73.575958,70009,11.301
S20040,45.503816,-73.575644,70010,11.326
S20040,45.503742,-73.575334,70011,11.352
S20040,45.503660,-73.575027,70012,11.378
S20040,45.503572,-73.574724,70013,11.403
S20040,45.503478,-73.574423,70014,11.429
S20040,45.503379,-73.574127,70015,11.455
S20040,45.503273,-73.573835,70016,11.480
S20040,45.503160,-73.573549,70017,11.506
S20040,45.503043,-73.573267,70018,11.532
S20040,45.502919,-73.572989,70019,11.557
S20040,45.502803,-73.572743,70020,11.581
S20040,45.502685,-73.572500,70021,11.604
S20040,45.502646,-73.572419,70022,11.611
S20040,45.502646,-73.572419,80001,11.611
S20040,45.502407,-73.571931,80002,11.658
S20040,45.502134,-73.571372,80003,11.711
S20040,45.501942,-73.570977,80004,11.748
S20040,45.501891,-73.570872,80005,11.758
S20040,45.501681,-73.570441,80006,11.799
S20040,45.501446,-73.569960,80007,11.845
S20040,45.501387,-73.569844,80008,11.856
S20040,45.501322,-73.569735,80009,11.867
S20040,45.501322,-73.569735,80010,11.867
S20040,45.501158,-73.569474,80011,11.895
S20040,45.501035,-73.569272,80012,11.916
S20040,45.501035,-73.569272,80013,11.916
S20040,45.500906,-73.569052,80014,11.938
S20040,45.500877,-73.569002,80015,11.943
S20040,45.500814,-73.568889,80016,11.954
S20040,45.500754,-73.568771,80017,11.966
S20040,45.500754,-73.568771,80018,11.966
S20040,45.500588,-73.568429,80019,11.998
S20040,45.500283,-73.567797,80020,12.058
S20040,45.499976,-73.567166,80021,12.118
S20040,45.499906,-73.567021,80022,12.132
S20040,45.499906,-73.567021,90001,12.132
S20040,45.499508,-73.566199,90002,12.210
S20040,45.499202,-73.565567,90003,12.270
S20040,45.499186,-73.565536,90004,12.273
S20040,45.499147,-73.565450,90005,12.281
S20040,45.499147,-73.565450,90006,12.281
S20040,45.499113,-73.565372,90007,12.288
S20040,45.499064,-73.565257,90008,12.298
S20040,45.499021,-73.565136,90009,12.309
S20040,45.499021,-73.565136,90010,12.309
S20040,45.498940,-73.564901,90011,12.329
S20040,45.498893,-73.564763,90012,12.341
S20040,45.498830,-73.564581,90013,12.357
S20040,45.498764,-73.564402,90014,12.373
S20040,45.498764,-73.564402,90015,12.373
S20040,45.498694,-73.564219,90016,12.389
S20040,45.498514,-73.563742,90017,12.432
S20040,45.498461,-73.563602,90018,12.444
S20040,45.498461,-73.563602,90019,12.444
S20040,45.498406,-73.563462,90020,12.457
S20040,45.498406,-73.563462,90021,12.457
S20040,45.498352,-73.563330,90022,12.469
S20040,45.498297,-73.563201,90023,12.480
S20040,45.498297,-73.563201,90024,12.480
S20040,45.498236,-73.563066,90025,12.493
S20040,45.498236,-73.563066,90026,12.493
S20040,45.498174,-73.562933,90027,12.505
S20040,45.498174,-73.562933,90028,12.505
S20040,45.498171,-73.562928,90029,12.506
S20040,45.497872,-73.562288,90030,12.566
S20040,45.497719,-73.561962,90031,12.597
S20040,45.497195,-73.560841,90032,12.702
S20040,45.496777,-73.559948,90033,12.786
S20040,45.496566,-73.559499,90034,12.828
S20040,45.496566,-73.559499,90035,12.828
S20040,45.496451,-73.559255,90036,12.851
S20040,45.496150,-73.558618,90037,12.911
S20040,45.495870,-73.558023,90038,12.967
S20040,45.495708,-73.557686,90039,12.999
S20040,45.495708,-73.557686,90040,12.999
S20040,45.495624,-73.557521,90041,13.015
S20040,45.495534,-73.557362,90042,13.030
S20040,45.495534,-73.557362,90043,13.030
S20040,45.495455,-73.557234,90044,13.044
S20040,45.495371,-73.557112,90045,13.057
S20040,45.495284,-73.556995,90046,13.070
S20040,45.495192,-73.556884,90047,13.084
S20040,45.495192,-73.556884,90048,13.084
S20040,45.495091,-73.556772,90049,13.098
S20040,45.494986,-73.556668,90050,13.112
S20040,45.494877,-73.556571,90051,13.127
S20040,45.494766,-73.556481,90052,13.141
S20040,45.494651,-73.556399,90053,13.155
S20040,45.494534,-73.556326,90054,13.169
S20040,45.494534,-73.556326,90055,13.169
S20040,45.494534,-73.556326,90056,13.169
S20040,45.494408,-73.556258,90057,13.184
S20040,45.494279,-73.556199,90058,13.199
S20040,45.494149,-73.556150,90059,13.214
S20040,45.494017,-73.556110,90060,13.229
S20040,45.494017,-73.556110,90061,13.229
S20040,45.493898,-73.556084,90062,13.243
S20040,45.493778,-73.556064,90063,13.256
S20040,45.493656,-73.556053,90064,13.270
S20040,45.493656,-73.556053,90065,13.270
S20040,45.493613,-73.556051,90066,13.274
S20040,45.493613,-73.556051,90067,13.274
S20040,45.493469,-73.556051,90068,13.290
S20040,45.493325,-73.556060,90069,13.306
S20040,45.493325,-73.556060,90070,13.306
S20040,45.493039,-73.556090,90071,13.338
S20040,45.493039,-73.556090,90072,13.338
S20040,45.491432,-73.556287,90073,13.518
S20040,45.491102,-73.556333,90074,13.554
S20040,45.490772,-73.556382,90075,13.591
S20040,45.490772,-73.556382,90076,13.591
S20040,45.490247,-73.556465,90077,13.650
S20040,45.490170,-73.556476,90078,13.659
S20040,45.489991,-73.556504,90079,13.678
S20040,45.489991,-73.556504,90080,13.678
S20040,45.489811,-73.556529,90081,13.699
S20040,45.489811,-73.556529,90082,13.699
S20040,45.489658,-73.556544,90083,13.716
S20040,45.489658,-73.556544,90084,13.716
S20040,45.489448,-73.556555,90085,13.739
S20040,45.489448,-73.556555,90086,13.739
S20040,45.489239,-73.556557,90087,13.762
S20040,45.489239,-73.556557,90088,13.762
S20040,45.489058,-73.556552,90089,13.782
S20040,45.489058,-73.556552,90090,13.782
S20040,45.488879,-73.556543,90091,13.802
S20040,45.488879,-73.556543,90092,13.802
S20040,45.488713,-73.556534,90093,13.821
S20040,45.487830,-73.556487,90094,13.919
S20040,45.487787,-73.556484,90095,13.924
S20040,45.487606,-73.556473,90096,13.944
S20040,45.487425,-73.556458,90097,13.964
S20040,45.487425,-73.556458,90098,13.964
S20040,45.487303,-73.556444,90099,13.977
S20040,45.487183,-73.556422,90100,13.991
S20040,45.487063,-73.556394,90101,14.004
S20040,45.487063,-73.556394,90102,14.004
S20040,45.486939,-73.556357,90103,14.018
S20040,45.486817,-73.556311,90104,14.033
S20040,45.486696,-73.556255,90105,14.047
S20040,45.486578,-73.556191,90106,14.061
S20040,45.486462,-73.556118,90107,14.075
S20040,45.486349,-73.556038,90108,14.089
S20040,45.486238,-73.555949,90109,14.103
S20040,45.486132,-73.555852,90110,14.117
S20040,45.486029,-73.555747,90111,14.131
S20040,45.485929,-73.555636,90112,14.145
S20040,45.485833,-73.555516,90113,14.159
S20040,45.485743,-73.555391,90114,14.173
S20040,45.485657,-73.555259,90115,14.187
S20040,45.485575,-73.555121,90116,14.201
S20040,45.485499,-73.554976,90117,14.216
S20040,45.485428,-73.554828,90118,14.230
S20040,45.485428,-73.554828,90119,14.230
S20040,45.485372,-73.554696,90120,14.242
S20040,45.485319,-73.554562,90121,14.254
S20040,45.485271,-73.554423,90122,14.266
S20040,45.485227,-73.554283,90123,14.278
S20040,45.485188,-73.554139,90124,14.290
S20040,45.485188,-73.554139,90125,14.290
S20040,45.485146,-73.553962,90126,14.304
S20040,45.485111,-73.553780,90127,14.319
S20040,45.485082,-73.553596,90128,14.334
S20040,45.485061,-73.553410,90129,14.348
S20040,45.485045,-73.553223,90130,14.363
S20040,45.485038,-73.553035,90131,14.378
S20040,45.485037,-73.552846,90132,14.393
S20040,45.485044,-73.552658,90133,14.407
S20040,45.485057,-73.552471,90134,14.422
S20040,45.485078,-73.552284,90135,14.437
S20040,45.485078,-73.552284,90136,14.437
S20040,45.485078,-73.552284,90137,14.437
S20040,45.485103,-73.552116,90138,14.450
S20040,45.485131,-73.551948,90139,14.464
S20040,45.485166,-73.551783,90140,14.477
S20040,45.485166,-73.551783,90141,14.477
S20040,45.485222,-73.551537,90142,14.498
S20040,45.485279,-73.551292,90143,14.518
S20040,45.485279,-73.551292,90144,14.518
S20040,45.486074,-73.547981,90145,14.791
S20040,45.486249,-73.547255,90146,14.851
S20040,45.486271,-73.547165,90147,14.859
S20040,45.486342,-73.546861,90148,14.884
S20040,45.486410,-73.546557,90149,14.909
S20040,45.486410,-73.546557,90150,14.909
S20040,45.486439,-73.546403,90151,14.921
S20040,45.486466,-73.546247,90152,14.934
S20040,45.486488,-73.546091,90153,14.946
S20040,45.486505,-73.545934,90154,14.958
S20040,45.486505,-73.545934,90155,14.958
S20040,45.486519,-73.545756,90156,14.972
S20040,45.486525,-73.545578,90157,14.986
S20040,45.486525,-73.545399,90158,15.000
S20040,45.486518,-73.545221,90159,15.014
S20040,45.486504,-73.545045,90160,15.028
S20040,45.486484,-73.544868,90161,15.042
S20040,45.486456,-73.544694,90162,15.056
S20040,45.486422,-73.544523,90163,15.070
S20040,45.486382,-73.544354,90164,15.084
S20040,45.486335,-73.544188,90165,15.098
S20040,45.486282,-73.544026,90166,15.112
S20040,45.486223,-73.543869,90167,15.126
S20040,45.486158,-73.543717,90168,15.140
S20040,45.486087,-73.543570,90169,15.154
S20040,45.486010,-73.543428,90170,15.168
S20040,45.485929,-73.543292,90171,15.182
S20040,45.485842,-73.543164,90172,15.195
S20040,45.485751,-73.543041,90173,15.210
S20040,45.485654,-73.542927,90174,15.223
S20040,45.485554,-73.542820,90175,15.237
S20040,45.485449,-73.542721,90176,15.251
S20040,45.485341,-73.542629,90177,15.265
S20040,45.485231,-73.542547,90178,15.279
S20040,45.485116,-73.542473,90179,15.293
S20040,45.484999,-73.542408,90180,15.307
S20040,45.484880,-73.542352,90181,15.321
S20040,45.484759,-73.542306,90182,15.335
S20040,45.484636,-73.542269,90183,15.349
S20040,45.484512,-73.542242,90184,15.363
S20040,45.484387,-73.542224,90185,15.377
S20040,45.484262,-73.542216,90186,15.391
S20040,45.484262,-73.542216,90187,15.391
S20040,45.484262,-73.542216,90188,15.391
S20040,45.484157,-73.542216,90189,15.402
S20040,45.484053,-73.542224,90190,15.414
S20040,45.483948,-73.542236,90191,15.426
S20040,45.483948,-73.542236,90192,15.426
S20040,45.483793,-73.542264,90193,15.443
S20040,45.483638,-73.542301,90194,15.460
S20040,45.483638,-73.542301,90195,15.460
S20040,45.483484,-73.542345,90196,15.478
S20040,45.483331,-73.542396,90197,15.495
S20040,45.483331,-73.542396,90198,15.495
S20040,45.483026,-73.542506,90199,15.530
S20040,45.483026,-73.542506,90200,15.530
S20040,45.482982,-73.542522,90201,15.536
S20040,45.482064,-73.542860,90202,15.641
S20040,45.481541,-73.543053,90203,15.701
S20040,45.480448,-73.543457,90204,15.826
S20040,45.479966,-73.543634,90205,15.882
S20040,45.479661,-73.543749,90206,15.917
S20040,45.479661,-73.543749,90207,15.917
S20040,45.479510,-73.543810,90208,15.934
S20040,45.479360,-73.543875,90209,15.952
S20040,45.479360,-73.543875,90210,15.952
S20040,45.479184,-73.543961,90211,15.972
S20040,45.479010,-73.544054,90212,15.993
S20040,45.478839,-73.544155,90213,16.014
S20040,45.478671,-73.544265,90214,16.034
S20040,45.478504,-73.544382,90215,16.055
S20040,45.478342,-73.544508,90216,16.076
S20040,45.478181,-73.544641,90217,16.096
S20040,45.478025,-73.544781,90218,16.117
S20040,45.477871,-73.544929,90219,16.137
S20040,45.477721,-73.545084,90220,16.158
S20040,45.477575,-73.545246,90221,16.179
S20040,45.477432,-73.545415,90222,16.199
S20040,45.477295,-73.545591,90223,16.220
S20040,45.477160,-73.545774,90224,16.241
S20040,45.477160,-73.545774,90225,16.241
S20040,45.477160,-73.545774,90226,16.241
S20040,45.477050,-73.545933,90227,16.258
S20040,45.476943,-73.546096,90228,16.276
S20040,45.476943,-73.546096,90229,16.276
S20040,45.476730,-73.546427,90230,16.311
S20040,45.476730,-73.546427,90231,16.311
S20040,45.476452,-73.546866,90232,16.357
S20040,45.476174,-73.547306,90233,16.403
S20040,45.476036,-73.547520,90234,16.426
S20040,45.475895,-73.547731,90235,16.448
S20040,45.475895,-73.547731,90236,16.448
S20040,45.475799,-73.547869,90237,16.463
S20040,45.475698,-73.548000,90238,16.479
S20040,45.475593,-73.548124,90239,16.494
S20040,45.475593,-73.548124,90240,16.494
S20040,45.475495,-73.548230,90241,16.508
S20040,45.475393,-73.548327,90242,16.521
S20040,45.475288,-73.548418,90243,16.535
S20040,45.475179,-73.548501,90244,16.549
S20040,45.475067,-73.548576,90245,16.562
S20040,45.474954,-73.548643,90246,16.576
S20040,45.474838,-73.548701,90247,16.590
S20040,45.474720,-73.548752,90248,16.603
S20040,45.474720,-73.548752,90249,16.603
S20040,45.474607,-73.548792,90250,16.616
S20040,45.474494,-73.548824,90251,16.629
S20040,45.474380,-73.548848,90252,16.642
S20040,45.474380,-73.548848,90253,16.642
S20040,45.474264,-73.548866,90254,16.655
S20040,45.474149,-73.548875,90255,16.667
S20040,45.474033,-73.548876,90256,16.680
S20040,45.474033,-73.548876,90257,16.680
S20040,45.473917,-73.548868,90258,16.693
S20040,45.473802,-73.548854,90259,16.706
S20040,45.473688,-73.548832,90260,16.719
S20040,45.473688,-73.548832,90261,16.719
S20040,45.473573,-73.548803,90262,16.732
S20040,45.473461,-73.548764,90263,16.745
S20040,45.473349,-73.548719,90264,16.758
S20040,45.473349,-73.548719,90265,16.758
S20040,45.473232,-73.548663,90266,16.771
S20040,45.473117,-73.548599,90267,16.785
S20040,45.473005,-73.548526,90268,16.799
S20040,45.472895,-73.548445,90269,16.812
S20040,45.472789,-73.548357,90270,16.826
S20040,45.472789,-73.548357,90271,16.826
S20040,45.472674,-73.548252,90272,16.841
S20040,45.472563,-73.548138,90273,16.856
S20040,45.472456,-73.548018,90274,16.872
S20040,45.472456,-73.548018,90275,16.872
S20040,45.472300,-73.547831,90276,16.894
S20040,45.472145,-73.547640,90277,16.917
S20040,45.472145,-73.547640,90278,16.917
S20040,45.471588,-73.546945,90279,16.999
S20040,45.471444,-73.546762,90280,17.021
S20040,45.471301,-73.546576,90281,17.042
S20040,45.471301,-73.546576,90282,17.042
S20040,45.471209,-73.546450,90283,17.057
S20040,45.471120,-73.546315,90284,17.071
S20040,45.471037,-73.546177,90285,17.085
S20040,45.471037,-73.546177,90286,17.085
S20040,45.470958,-73.546033,90287,17.100
S20040,45.470884,-73.545883,90288,17.114
S20040,45.470817,-73.545728,90289,17.128
S20040,45.470817,-73.545728,90290,17.128
S20040,45.470755,-73.545567,90291,17.142
S20040,45.470700,-73.545403,90292,17.157
S20040,45.470650,-73.545234,90293,17.171
S20040,45.470650,-73.545234,90294,17.171
S20040,45.470613,-73.545083,90295,17.183
S20040,45.470579,-73.544930,90296,17.196
S20040,45.470552,-73.544774,90297,17.209
S20040,45.470552,-73.544774,90298,17.209
S20040,45.470526,-73.544595,90299,17.223
S20040,45.470506,-73.544413,90300,17.237
S20040,45.470491,-73.544232,90301,17.252
S20040,45.470491,-73.544232,90302,17.252
S20040,45.470475,-73.543958,90303,17.273
S20040,45.470462,-73.543684,90304,17.295
S20040,45.470462,-73.543684,90305,17.295
S20040,45.470356,-73.541272,90306,17.484
S20040,45.470347,-73.541074,90307,17.499
S20040,45.470347,-73.541074,90308,17.499
S20040,45.470339,-73.540877,90309,17.515
S20040,45.470339,-73.540877,90310,17.515
S20040,45.470329,-73.540503,90311,17.544
S20040,45.470329,-73.540503,90312,17.544
S20040,45.470325,-73.540305,90313,17.559
S20040,45.470325,-73.540305,90314,17.559
S20040,45.470323,-73.540107,90315,17.575
S20040,45.470323,-73.540107,90316,17.575
S20040,45.470319,-73.539772,90317,17.601
S20040,45.470305,-73.538547,90318,17.697
S20040,45.470305,-73.538547,100001,17.697
S20040,45.470291,-73.537410,100002,17.786
S20040,45.470285,-73.536860,100003,17.829
S20040,45.470277,-73.536080,100004,17.890
S20040,45.470265,-73.535343,100005,17.947
S20040,45.470265,-73.535343,100006,17.947
S20040,45.470251,-73.534560,100007,18.009
S20040,45.470246,-73.534296,100008,18.029
S20040,45.470246,-73.534296,100009,18.029
S20040,45.470223,-73.532991,100010,18.131
S20040,45.470192,-73.531686,100011,18.233
S20040,45.470157,-73.530383,100012,18.335
S20040,45.470114,-73.529080,100013,18.437
S20040,45.470066,-73.527777,100014,18.539
S20040,45.470010,-73.526474,100015,18.641
S20040,45.469949,-73.525172,100016,18.743
S20040,45.469881,-73.523871,100017,18.845
S20040,45.469808,-73.522570,100018,18.947
S20040,45.469727,-73.521270,100019,19.049
S20040,45.469641,-73.519971,100020,19.151
S20040,45.469548,-73.518673,100021,19.253
S20040,45.469449,-73.517375,100022,19.356
S20040,45.469449,-73.517375,100023,19.356
S20040,45.469449,-73.517375,100024,19.356
S20040,45.469382,-73.516548,100025,19.421
S20040,45.469313,-73.515722,100026,19.486
S20040,45.469313,-73.515722,100027,19.486
S20040,45.469242,-73.514894,100028,19.551
S20040,45.469167,-73.514068,100029,19.616
S20040,45.469167,-73.514068,100030,19.616
S20040,45.469091,-73.513243,100031,19.681
S20040,45.469012,-73.512417,100032,19.746
S20040,45.469012,-73.512417,100033,19.746
S20040,45.468930,-73.511592,100034,19.811
S20040,45.468846,-73.510768,100035,19.877
S20040,45.468846,-73.510768,100036,19.877
S20040,45.468639,-73.508781,100037,20.034
S20040,45.468433,-73.506795,100038,20.191
S20040,45.468226,-73.504807,100039,20.348
S20040,45.468020,-73.502821,100040,20.505
S20040,45.467917,-73.501852,100041,20.581
S20040,45.467814,-73.500884,100042,20.658
S20040,45.467814,-73.500884,100043,20.658
S20040,45.467708,-73.499916,100044,20.735
S20040,45.467600,-73.498949,100045,20.811
S20040,45.467600,-73.498949,100046,20.811
S20040,45.467490,-73.497982,100047,20.888
S20040,45.467377,-73.497015,100048,20.964
S20040,45.467377,-73.497015,100049,20.964
S20040,45.467263,-73.496050,100050,21.041
S20040,45.467147,-73.495086,100051,21.117
S20040,45.467147,-73.495086,100052,21.117
S20040,45.467028,-73.494120,100053,21.194
S20040,45.466908,-73.493156,100054,21.271
S20040,45.466908,-73.493156,100055,21.271
S20040,45.466737,-73.491816,100056,21.377
S20040,45.466561,-73.490475,100057,21.484
S20040,45.466382,-73.489135,100058,21.590
S20040,45.466382,-73.489135,100059,21.590
S20040,45.466268,-73.488303,100060,21.657
S20040,45.466268,-73.488303,100061,21.657
S20040,45.466153,-73.487470,100062,21.723
S20040,45.466153,-73.487470,100063,21.723
S20040,45.466059,-73.486798,100064,21.777
S20040,45.465966,-73.486125,100065,21.830
S20040,45.465914,-73.485748,100066,21.860
S20040,45.465865,-73.485371,100067,21.890
S20040,45.465865,-73.485371,100068,21.890
S20040,45.465784,-73.484715,100069,21.942
S20040,45.465710,-73.484056,100070,21.994
S20040,45.465641,-73.483397,100071,22.047
S20040,45.465580,-73.482736,100072,22.099
S20040,45.465525,-73.482075,100073,22.151
S20040,45.465525,-73.482075,100074,22.151
S20040,45.465317,-73.479433,100075,22.359
S20040,45.465295,-73.479147,100076,22.381
S20040,45.465295,-73.479147,100077,22.381
S20040,45.465267,-73.478764,100078,22.411
S20040,45.465242,-73.478382,100079,22.441
S20040,45.465242,-73.478382,100080,22.441
S20040,45.465201,-73.477702,100081,22.495
S20040,45.465194,-73.477555,100082,22.506
S20040,45.465170,-73.477067,100083,22.544
S20040,45.465167,-73.477021,100084,22.548
S20040,45.465140,-73.476339,100085,22.602
S20040,45.465140,-73.476339,100086,22.602
S20040,45.465080,-73.474671,100087,22.732
S20040,45.465070,-73.474397,100088,22.753
S20040,45.465052,-73.473947,100089,22.789
S20040,45.465052,-73.473947,100090,22.789
S20040,45.465030,-73.473497,100091,22.824
S20040,45.465030,-73.473497,100092,22.824
S20040,45.465018,-73.473263,100093,22.843
S20040,45.465018,-73.473263,100094,22.843
S20040,45.464997,-73.472901,100095,22.871
S20040,45.464961,-73.472262,100096,22.921
S20040,45.464944,-73.471900,100097,22.950
S20040,45.464929,-73.471538,100098,22.978
S20040,45.464925,-73.471405,100099,22.988
S20040,45.464879,-73.470190,100100,23.083
S20040,45.464879,-73.470190,110001,23.083
S20040,45.464843,-73.469227,110002,23.159
S20040,45.464842,-73.469194,110003,23.161
S20040,45.464837,-73.469047,110004,23.173
S20040,45.464837,-73.469047,110005,23.173
S20040,45.464831,-73.468900,110006,23.184
S20040,45.464831,-73.468900,110007,23.184
S20040,45.464825,-73.468662,110008,23.203
S20040,45.464819,-73.468423,110009,23.222
S20040,45.464819,-73.468423,110010,23.222
S20040,45.464818,-73.468276,110011,23.233
S20040,45.464818,-73.468276,110012,23.233
S20040,45.464816,-73.468129,110013,23.245
S20040,45.464816,-73.468129,110014,23.245
S20040,45.464811,-73.467757,110015,23.274
S20040,45.464804,-73.467154,110016,23.321
S20040,45.464802,-73.467007,110017,23.332
S20040,45.464802,-73.467007,110018,23.332
S20040,45.464799,-73.466860,110019,23.344
S20040,45.464799,-73.466860,110020,23.344
S20040,45.464795,-73.466622,110021,23.363
S20040,45.464787,-73.466383,110022,23.381
S20040,45.464787,-73.466383,110023,23.381
S20040,45.464783,-73.466238,110024,23.393
S20040,45.464783,-73.466238,110025,23.393
S20040,45.464777,-73.466090,110026,23.404
S20040,45.464777,-73.466090,110027,23.404
S20040,45.464761,-73.465648,110028,23.439
S20040,45.464745,-73.465206,110029,23.473
S20040,45.464691,-73.463793,110030,23.584
S20040,45.464668,-73.463153,110031,23.634
S20040,45.464644,-73.462515,110032,23.684
S20040,45.464633,-73.462221,110033,23.707
S20040,45.464613,-73.461736,110034,23.745
S20040,45.464613,-73.461736,110035,23.745
S20040,45.464601,-73.461493,110036,23.764
S20040,45.464585,-73.461252,110037,23.783
S20040,45.464585,-73.461252,110038,23.783
S20040,45.464560,-73.460954,110039,23.807
S20040,45.464527,-73.460657,110040,23.830
S20040,45.464489,-73.460362,110041,23.854
S20040,45.464443,-73.460068,110042,23.877
S20040,45.464392,-73.459776,110043,23.901
S20040,45.464333,-73.459487,110044,23.924
S20040,45.464268,-73.459201,110045,23.948
S20040,45.464197,-73.458918,110046,23.971
S20040,45.464197,-73.458918,110047,23.971
S20040,45.464140,-73.458710,110048,23.989
S20040,45.464080,-73.458504,110049,24.006
S20040,45.464016,-73.458299,110050,24.024
S20040,45.464016,-73.458299,110051,24.024
S20040,45.463949,-73.458097,110052,24.041
S20040,45.463878,-73.457898,110053,24.058
S20040,45.463804,-73.457700,110054,24.076
S20040,45.463804,-73.457700,110055,24.076
S20040,45.463727,-73.457505,110056,24.093
S20040,45.463647,-73.457314,110057,24.111
S20040,45.463563,-73.457123,110058,24.128
S20040,45.463563,-73.457123,110059,24.128
S20040,45.463476,-73.456938,110060,24.146
S20040,45.463387,-73.456754,110061,24.163
S20040,45.463293,-73.456574,110062,24.181
S20040,45.463293,-73.456574,110063,24.181
S20040,45.463189,-73.456382,110064,24.200
S20040,45.463082,-73.456193,110065,24.219
S20040,45.462971,-73.456009,110066,24.238
S20040,45.462857,-73.455828,110067,24.257
S20040,45.462857,-73.455828,110068,24.257
S20040,45.462740,-73.455652,110069,24.276
S20040,45.462619,-73.455480,110070,24.295
S20040,45.462619,-73.455480,110071,24.295
S20040,45.462376,-73.455138,110072,24.333
S20040,45.462376,-73.455138,110073,24.333
S20040,45.459713,-73.451444,110074,24.746
S20040,45.459294,-73.450864,110075,24.811
S20040,45.458876,-73.450283,110076,24.876
S20040,45.458684,-73.450016,110077,24.906
S20040,45.458409,-73.449634,110078,24.949
S20040,45.458136,-73.449251,110079,24.991
S20040,45.458136,-73.449251,110080,24.991
S20040,45.457346,-73.448130,110081,25.116
S20040,45.456759,-73.447302,110082,25.207
S20040,45.456759,-73.447302,110083,25.207
S20040,45.456382,-73.446776,110084,25.266
S20040,45.456382,-73.446776,110085,25.266
S20040,45.456138,-73.446435,110086,25.304
S20040,45.455893,-73.446095,110087,25.342
S20040,45.455694,-73.445820,110088,25.373
S20040,45.455694,-73.445820,110089,25.373
S20040,45.455495,-73.445548,110090,25.404
S20040,45.455495,-73.445548,110091,25.404
S20040,45.455248,-73.445215,110092,25.442
S20040,45.455001,-73.444881,110093,25.479
S20040,45.454671,-73.444434,110094,25.530
S20040,45.454516,-73.444223,110095,25.554
S20040,45.454516,-73.444223,110096,25.554
S20040,45.454216,-73.443809,110097,25.600
S20040,45.454216,-73.443809,110098,25.600
S20040,45.453762,-73.443174,110099,25.671
S20040,45.453309,-73.442539,110100,25.742
S20040,45.452883,-73.441945,110101,25.808
S20040,45.452883,-73.441945,110102,25.808
S20040,45.452429,-73.441313,110103,25.879
S20040,45.451214,-73.439625,110104,26.068
S20040,45.450441,-73.438552,110105,26.188
S20040,45.449482,-73.437218,110106,26.337
S20040,45.449202,-73.436835,110107,26.380
S20040,45.448918,-73.436457,110108,26.423
S20040,45.448918,-73.436457,110109,26.423
S20040,45.448153,-73.435453,110110,26.539
S20040,45.447903,-73.435121,110111,26.577
S20040,45.447655,-73.434784,110112,26.615
S20040,45.447655,-73.434784,110113,26.615
S20040,45.447426,-73.434464,110114,26.651
S20040,45.447426,-73.434464,110115,26.651
S20040,45.447271,-73.434245,110116,26.675
S20040,45.446857,-73.433660,110117,26.740
S20040,45.446857,-73.433660,120001,26.740
S20040,45.446456,-73.433094,120002,26.803
S20040,45.446393,-73.433003,120003,26.813
S20040,45.446393,-73.433003,120004,26.813
S20040,45.446329,-73.432912,120005,26.823
S20040,45.446329,-73.432912,120006,26.823
S20040,45.446208,-73.432734,120007,26.842
S20040,45.446089,-73.432551,120008,26.862
S20040,45.445973,-73.432366,120009,26.881
S20040,45.445973,-73.432366,120010,26.881
S20040,45.445871,-73.432195,120011,26.899
S20040,45.445770,-73.432021,120012,26.916
S20040,45.445770,-73.432021,120013,26.916
S20040,45.445714,-73.431921,120014,26.926
S20040,45.445714,-73.431921,120015,26.926
S20040,45.445658,-73.431822,120016,26.936
S20040,45.445658,-73.431822,120017,26.936
S20040,45.444752,-73.430191,120018,27.099
S20040,45.444417,-73.429590,120019,27.159
S20040,45.444038,-73.428910,120020,27.227
S20040,45.443916,-73.428689,120021,27.249
S20040,45.443793,-73.428468,120022,27.271
S20040,45.443670,-73.428247,120023,27.293
S20040,45.443547,-73.428027,120024,27.315
S20040,45.443066,-73.427161,120025,27.401
S20040,45.442883,-73.426838,120026,27.433
S20040,45.442883,-73.426838,120027,27.433
S20040,45.442819,-73.426733,120028,27.444
S20040,45.442753,-73.426633,120029,27.455
S20040,45.442684,-73.426534,120030,27.466
S20040,45.442684,-73.426534,120031,27.466
S20040,45.442594,-73.426415,120032,27.480
S20040,45.442498,-73.426303,120033,27.493
S20040,45.442399,-73.426200,120034,27.507
S20040,45.442295,-73.426103,120035,27.521
S20040,45.442188,-73.426015,120036,27.535
S20040,45.442078,-73.425936,120037,27.548
S20040,45.441965,-73.425865,120038,27.562
S20040,45.441965,-73.425865,120039,27.562
S20040,45.441965,-73.425865,120040,27.562
S20040,45.441854,-73.425805,120041,27.575
S20040,45.441742,-73.425756,120042,27.588
S20040,45.441742,-73.425756,120043,27.588
S20040,45.441628,-73.425714,120044,27.602
S20040,45.441511,-73.425679,120045,27.615
S20040,45.441511,-73.425679,120046,27.615
S20040,45.441394,-73.425654,120047,27.628
S20040,45.441277,-73.425639,120048,27.641
S20040,45.441277,-73.425639,120049,27.641
S20040,45.441160,-73.425631,120050,27.654
S20040,45.441041,-73.425633,120051,27.667
S20040,45.441041,-73.425633,120052,27.667
S20040,45.440923,-73.425643,120053,27.680
S20040,45.440806,-73.425662,120054,27.694
S20040,45.440806,-73.425662,120055,27.694
S20040,45.440689,-73.425689,120056,27.707
S20040,45.440574,-73.425727,120057,27.720
S20040,45.440574,-73.425727,120058,27.720
S20040,45.440460,-73.425771,120059,27.733
S20040,45.440348,-73.425825,120060,27.746
S20040,45.440348,-73.425825,120061,27.746
S20040,45.440238,-73.425887,120062,27.759
S20040,45.440131,-73.425957,120063,27.772
S20040,45.440131,-73.425957,120064,27.772
S20040,45.440021,-73.426039,120065,27.786
S20040,45.439913,-73.426131,120066,27.800
S20040,45.439808,-73.426231,120067,27.814
S20040,45.439709,-73.426340,120068,27.828
S20040,45.439614,-73.426455,120069,27.842
S20040,45.439523,-73.426579,120070,27.856
S20040,45.439438,-73.426710,120071,27.870
S20040,45.439357,-73.426847,120072,27.884
S20040,45.439282,-73.426989,120073,27.898
S20040,45.439213,-73.427138,120074,27.912
S20040,45.439213,-73.427138,120075,27.912
S20040,45.439213,-73.427138,120076,27.912
S20040,45.439164,-73.427257,120077,27.923
S20040,45.439117,-73.427377,120078,27.933
S20040,45.439073,-73.427501,120079,27.944
S20040,45.439073,-73.427501,120080,27.944
S20040,45.438950,-73.427877,120081,27.977
S20040,45.438950,-73.427877,120082,27.977
S20040,45.438880,-73.428096,120083,27.995
S20040,45.438750,-73.428507,120084,28.031
S20040,45.438466,-73.429396,120085,28.107
S20040,45.438355,-73.429746,120086,28.137
S20040,45.438243,-73.430095,120087,28.167
S20040,45.438056,-73.430683,120088,28.218
S30008,45.438003,-73.430645,10001,0.000
S30008,45.438189,-73.430060,10002,0.050
S30008,45.438301,-73.429711,10003,0.080
S30008,45.438412,-73.429361,10004,0.110
S30008,45.438572,-73.428858,10005,0.153
S30008,45.438743,-73.428321,10006,0.200
S30008,45.438826,-73.428062,10007,0.222
S30008,45.438894,-73.427847,10008,0.240
S30008,45.439019,-73.427466,10009,0.273
S30008,45.439064,-73.427340,10010,0.284
S30008,45.439111,-73.427218,10011,0.295
S30008,45.439161,-73.427097,10012,0.306
S30008,45.439226,-73.426958,10013,0.319
S30008,45.439295,-73.426822,10014,0.332
S30008,45.439369,-73.426693,10015,0.345
S30008,45.439447,-73.426569,10016,0.358
S30008,45.439530,-73.426451,10017,0.371
S30008,45.439617,-73.426339,10018,0.384
S30008,45.439708,-73.426234,10019,0.397
S30008,45.439802,-73.426135,10020,0.410
S30008,45.439900,-73.426043,10021,0.423
S30008,45.440001,-73.425959,10022,0.436
S30008,45.440105,-73.425881,10023,0.449
S30008,45.440215,-73.425809,10024,0.463
S30008,45.440328,-73.425746,10025,0.476
S30008,45.440443,-73.425691,10026,0.490
S30008,45.440559,-73.425645,10027,0.503
S30008,45.440678,-73.425608,10028,0.517
S30008,45.440798,-73.425578,10029,0.530
S30008,45.440918,-73.425559,10030,0.544
S30008,45.441039,-73.425548,10031,0.557
S30008,45.441160,-73.425547,10032,0.571
S30008,45.441281,-73.425554,10033,0.584
S30008,45.441402,-73.425571,10034,0.598
S30008,45.441522,-73.425596,10035,0.611
S30008,45.441641,-73.425631,10036,0.625
S30008,45.441758,-73.425674,10037,0.638
S30008,45.441874,-73.425726,10038,0.651
S30008,45.441987,-73.425787,10039,0.665
S30008,45.442100,-73.425858,10040,0.679
S30008,45.442209,-73.425935,10041,0.692
S30008,45.442316,-73.426022,10042,0.706
S30008,45.442419,-73.426117,10043,0.720
S30008,45.442519,-73.426219,10044,0.733
S30008,45.442614,-73.426329,10045,0.747
S30008,45.442698,-73.426435,10046,0.759
S30008,45.442779,-73.426546,10047,0.772
S30008,45.442857,-73.426662,10048,0.784
S30008,45.442931,-73.426782,10049,0.797
S30008,45.443075,-73.427027,10050,0.822
S30008,45.443216,-73.427276,10051,0.847
S30008,45.443601,-73.427967,10052,0.916
S30008,45.443723,-73.428188,10053,0.938
S30008,45.443846,-73.428409,10054,0.960
S30008,45.443969,-73.428630,10055,0.982
S30008,45.444092,-73.428851,10056,1.004
S30008,45.444470,-73.429531,10057,1.072
S30008,45.444805,-73.430133,10058,1.132
S30008,45.445218,-73.430875,10059,1.206
S30008,45.445335,-73.431086,10060,1.227
S30008,45.445454,-73.431294,10061,1.248
S30008,45.445599,-73.431542,10062,1.273
S30008,45.445748,-73.431786,10063,1.298
S30008,45.445900,-73.432024,10064,1.323
S30008,45.446056,-73.432260,10065,1.349
S30008,45.446095,-73.432316,10066,1.355
S30008,45.446227,-73.432506,10067,1.376
S30008,45.446361,-73.432696,10068,1.397
S30008,45.446437,-73.432802,10069,1.409
S30008,45.446947,-73.433524,10070,1.489
S30008,45.446947,-73.433524,20001,1.489
S30008,45.447363,-73.434112,20002,1.554
S30008,45.447512,-73.434322,20003,1.577
S30008,45.447746,-73.434652,20004,1.614
S30008,45.447961,-73.434959,20005,1.648
S30008,45.448657,-73.435946,20006,1.757
S30008,45.448925,-73.436324,20007,1.799
S30008,45.449193,-73.436700,20008,1.841
S30008,45.450485,-73.438494,20009,2.042
S30008,45.451257,-73.439568,20010,2.162
S30008,45.452472,-73.441256,20011,2.350
S30008,45.452925,-73.441885,20012,2.421
S30008,45.453351,-73.442479,20013,2.487
S30008,45.453804,-73.443114,20014,2.558
S30008,45.454258,-73.443749,20015,2.629
S30008,45.454559,-73.444166,20016,2.675
S30008,45.454711,-73.444372,20017,2.699
S30008,45.455047,-73.444826,20018,2.750
S30008,45.455291,-73.445157,20019,2.788
S30008,45.455536,-73.445487,20020,2.825
S30008,45.455736,-73.445759,20021,2.856
S30008,45.455935,-73.446033,20022,2.887
S30008,45.456179,-73.446375,20023,2.925
S30008,45.456424,-73.446716,20024,2.963
S30008,45.456804,-73.447247,20025,3.022
S30008,45.457388,-73.448070,20026,3.114
S30008,45.458179,-73.449191,20027,3.238
S30008,45.458452,-73.449574,20028,3.280
S30008,45.458725,-73.449956,20029,3.323
S30008,45.458895,-73.450193,20030,3.349
S30008,45.459336,-73.450803,20031,3.418
S30008,45.459776,-73.451414,20032,3.486
S30008,45.462501,-73.455194,20033,3.909
S30008,45.462745,-73.455534,20034,3.947
S30008,45.462864,-73.455708,20035,3.966
S30008,45.462982,-73.455886,20036,3.986
S30008,45.463076,-73.456033,20037,4.001
S30008,45.463167,-73.456184,20038,4.017
S30008,45.463295,-73.456407,20039,4.039
S30008,45.463418,-73.456636,20040,4.062
S30008,45.463536,-73.456870,20041,4.084
S30008,45.463649,-73.457109,20042,4.107
S30008,45.463756,-73.457353,20043,4.129
S30008,45.463858,-73.457603,20044,4.152
S30008,45.463954,-73.457857,20045,4.174
S30008,45.464045,-73.458114,20046,4.197
S30008,45.464130,-73.458376,20047,4.219
S30008,45.464208,-73.458641,20048,4.242
S30008,45.464281,-73.458910,20049,4.264
S30008,45.464348,-73.459182,20050,4.287
S30008,45.464407,-73.459447,20051,4.309
S30008,45.464459,-73.459715,20052,4.330
S30008,45.464507,-73.459984,20053,4.352
S30008,45.464549,-73.460257,20054,4.374
S30008,45.464584,-73.460530,20055,4.396
S30008,45.464614,-73.460805,20056,4.418
S30008,45.464638,-73.461082,20057,4.439
S30008,45.464654,-73.461323,20058,4.458
S30008,45.464666,-73.461566,20059,4.477
S30008,45.464686,-73.462052,20060,4.516
S30008,45.464703,-73.462511,20061,4.551
S30008,45.464727,-73.463149,20062,4.601
S30008,45.464750,-73.463787,20063,4.652
S30008,45.464803,-73.465202,20064,4.762
S30008,45.464819,-73.465628,20065,4.796
S30008,45.464835,-73.466055,20066,4.829
S30008,45.464850,-73.466422,20067,4.858
S30008,45.464867,-73.466787,20068,4.886
S30008,45.464873,-73.466924,20069,4.897
S30008,45.464913,-73.467750,20070,4.962
S30008,45.464934,-73.468177,20071,4.995
S30008,45.464951,-73.468544,20072,5.024
S30008,45.464965,-73.468911,20073,5.053
S30008,45.464976,-73.469218,20074,5.077
S30008,45.465012,-73.470171,20075,5.152
S30008,45.465012,-73.470171,30001,5.152
S30008,45.465058,-73.471395,30002,5.247
S30008,45.465062,-73.471523,30003,5.257
S30008,45.465075,-73.471908,30004,5.287
S30008,45.465086,-73.472291,30005,5.317
S30008,45.465096,-73.472894,30006,5.364
S30008,45.465104,-73.473353,30007,5.400
S30008,45.465104,-73.473353,30008,5.400
S30008,45.465107,-73.473492,30009,5.411
S30008,45.465107,-73.473492,30010,5.411
S30008,45.465117,-73.473933,30011,5.446
S30008,45.465117,-73.473933,30012,5.446
S30008,45.465131,-73.474376,30013,5.480
S30008,45.465141,-73.474667,30014,5.503
S30008,45.465199,-73.476272,30015,5.629
S30008,45.465199,-73.476272,30016,5.629
S30008,45.465208,-73.476496,30017,5.646
S30008,45.465227,-73.476974,30018,5.684
S30008,45.465262,-73.477675,30019,5.739
S30008,45.465284,-73.478033,30020,5.767
S30008,45.465305,-73.478374,30021,5.794
S30008,45.465305,-73.478374,30022,5.794
S30008,45.465331,-73.478757,30023,5.824
S30008,45.465358,-73.479138,30024,5.854
S30008,45.465358,-73.479138,30025,5.854
S30008,45.465375,-73.479359,30026,5.871
S30008,45.465585,-73.482019,30027,6.080
S30008,45.465585,-73.482019,30028,6.080
S30008,45.465641,-73.482689,30029,6.133
S30008,45.465703,-73.483356,30030,6.186
S30008,45.465773,-73.484023,30031,6.239
S30008,45.465848,-73.484689,30032,6.291
S30008,45.465930,-73.485353,30033,6.344
S30008,45.465930,-73.485353,30034,6.344
S30008,45.465976,-73.485708,30035,6.372
S30008,45.466025,-73.486062,30036,6.401
S30008,45.466122,-73.486758,30037,6.456
S30008,45.466219,-73.487452,30038,6.511
S30008,45.466219,-73.487452,30039,6.511
S30008,45.466334,-73.488285,30040,6.578
S30008,45.466334,-73.488285,30041,6.578
S30008,45.466447,-73.489117,30042,6.644
S30008,45.466447,-73.489117,30043,6.644
S30008,45.466628,-73.490458,30044,6.751
S30008,45.466802,-73.491800,30045,6.857
S30008,45.466974,-73.493143,30046,6.964
S30008,45.466974,-73.493143,30047,6.964
S30008,45.467095,-73.494106,30048,7.041
S30008,45.467213,-73.495071,30049,7.117
S30008,45.467213,-73.495071,30050,7.117
S30008,45.467330,-73.496036,30051,7.194
S30008,45.467444,-73.497003,30052,7.271
S30008,45.467444,-73.497003,30053,7.271
S30008,45.467556,-73.497968,30054,7.347
S30008,45.467666,-73.498935,30055,7.424
S30008,45.467666,-73.498935,30056,7.424
S30008,45.467774,-73.499903,30057,7.500
S30008,45.467881,-73.500870,30058,7.577
S30008,45.467881,-73.500870,30059,7.577
S30008,45.467984,-73.501839,30060,7.653
S30008,45.468086,-73.502807,30061,7.730
S30008,45.468293,-73.504795,30062,7.887
S30008,45.468499,-73.506781,30063,8.044
S30008,45.468705,-73.508768,30064,8.201
S30008,45.468912,-73.510754,30065,8.358
S30008,45.468912,-73.510754,30066,8.358
S30008,45.468996,-73.511579,30067,8.423
S30008,45.469078,-73.512404,30068,8.488
S30008,45.469078,-73.512404,30069,8.488
S30008,45.469158,-73.513229,30070,8.553
S30008,45.469234,-73.514055,30071,8.619
S30008,45.469234,-73.514055,30072,8.619
S30008,45.469308,-73.514881,30073,8.684
S30008,45.469379,-73.515708,30074,8.749
S30008,45.469379,-73.515708,30075,8.749
S30008,45.469449,-73.516535,30076,8.814
S30008,45.469515,-73.517362,30077,8.879
S30008,45.469515,-73.517362,30078,8.879
S30008,45.469515,-73.517362,30079,8.879
S30008,45.469614,-73.518661,30080,8.981
S30008,45.469707,-73.519960,30081,9.083
S30008,45.469793,-73.521259,30082,9.185
S30008,45.469874,-73.522560,30083,9.288
S30008,45.469948,-73.523861,30084,9.390
S30008,45.470016,-73.525163,30085,9.492
S30008,45.470077,-73.526465,30086,9.594
S30008,45.470132,-73.527768,30087,9.696
S30008,45.470180,-73.529072,30088,9.798
S30008,45.470223,-73.530376,30089,9.900
S30008,45.470260,-73.531680,30090,10.002
S30008,45.470289,-73.532985,30091,10.104
S30008,45.470313,-73.534290,30092,10.206
S30008,45.470313,-73.534290,30093,10.206
S30008,45.470319,-73.534793,30094,10.245
S30008,45.470325,-73.535605,30095,10.309
S30008,45.470325,-73.535605,30096,10.309
S30008,45.470330,-73.536274,30097,10.361
S30008,45.470339,-73.537011,30098,10.419
S30008,45.470344,-73.537412,30099,10.450
S30008,45.470357,-73.538538,30100,10.538
S30008,45.470357,-73.538538,40001,10.538
S30008,45.470371,-73.539771,40002,10.635
S30008,45.470372,-73.539869,40003,10.642
S30008,45.470372,-73.539869,40004,10.642
S30008,45.470374,-73.540067,40005,10.658
S30008,45.470374,-73.540067,40006,10.658
S30008,45.470378,-73.540266,40007,10.673
S30008,45.470378,-73.540266,40008,10.673
S30008,45.470388,-73.540639,40009,10.703
S30008,45.470388,-73.540639,40010,10.703
S30008,45.470395,-73.540836,40011,10.718
S30008,45.470395,-73.540836,40012,10.718
S30008,45.470404,-73.541034,40013,10.733
S30008,45.470411,-73.541179,40014,10.745
S30008,45.470521,-73.543684,40015,10.941
S30008,45.470521,-73.543684,40016,10.941
S30008,45.470535,-73.543955,40017,10.962
S30008,45.470551,-73.544225,40018,10.984
S30008,45.470551,-73.544225,40019,10.984
S30008,45.470565,-73.544406,40020,10.998
S30008,45.470585,-73.544583,40021,11.012
S30008,45.470611,-73.544761,40022,11.026
S30008,45.470611,-73.544761,40023,11.026
S30008,45.470638,-73.544911,40024,11.038
S30008,45.470669,-73.545059,40025,11.050
S30008,45.470706,-73.545205,40026,11.062
S30008,45.470706,-73.545205,40027,11.062
S30008,45.470754,-73.545369,40028,11.076
S30008,45.470808,-73.545527,40029,11.090
S30008,45.470867,-73.545683,40030,11.104
S30008,45.470867,-73.545683,40031,11.104
S30008,45.470933,-73.545834,40032,11.118
S30008,45.471004,-73.545979,40033,11.132
S30008,45.471080,-73.546120,40034,11.146
S30008,45.471080,-73.546120,40035,11.146
S30008,45.471163,-73.546257,40036,11.160
S30008,45.471250,-73.546388,40037,11.174
S30008,45.471341,-73.546514,40038,11.188
S30008,45.471341,-73.546514,40039,11.188
S30008,45.471482,-73.546697,40040,11.209
S30008,45.471625,-73.546879,40041,11.230
S30008,45.472187,-73.547580,40042,11.313
S30008,45.472187,-73.547580,40043,11.313
S30008,45.472340,-73.547768,40044,11.336
S30008,45.472495,-73.547954,40045,11.358
S30008,45.472495,-73.547954,40046,11.358
S30008,45.472601,-73.548073,40047,11.373
S30008,45.472710,-73.548184,40048,11.388
S30008,45.472823,-73.548288,40049,11.403
S30008,45.472823,-73.548288,40050,11.403
S30008,45.472927,-73.548375,40051,11.417
S30008,45.473035,-73.548453,40052,11.430
S30008,45.473145,-73.548525,40053,11.444
S30008,45.473258,-73.548587,40054,11.457
S30008,45.473373,-73.548641,40055,11.471
S30008,45.473373,-73.548641,40056,11.471
S30008,45.473481,-73.548685,40057,11.483
S30008,45.473590,-73.548721,40058,11.495
S30008,45.473700,-73.548749,40059,11.508
S30008,45.473700,-73.548749,40060,11.508
S30008,45.473812,-73.548771,40061,11.521
S30008,45.473923,-73.548785,40062,11.533
S30008,45.474035,-73.548791,40063,11.545
S30008,45.474035,-73.548791,40064,11.545
S30008,45.474147,-73.548790,40065,11.558
S30008,45.474259,-73.548781,40066,11.570
S30008,45.474371,-73.548765,40067,11.583
S30008,45.474371,-73.548765,40068,11.583
S30008,45.474482,-73.548742,40069,11.595
S30008,45.474592,-73.548710,40070,11.608
S30008,45.474701,-73.548672,40071,11.620
S30008,45.474701,-73.548672,40072,11.620
S30008,45.474816,-73.548623,40073,11.634
S30008,45.474929,-73.548566,40074,11.647
S30008,45.475040,-73.548501,40075,11.660
S30008,45.475149,-73.548428,40076,11.674
S30008,45.475254,-73.548347,40077,11.687
S30008,45.475357,-73.548259,40078,11.700
S30008,45.475457,-73.548163,40079,11.714
S30008,45.475553,-73.548061,40080,11.727
S30008,45.475553,-73.548061,40081,11.727
S30008,45.475657,-73.547940,40082,11.742
S30008,45.475757,-73.547811,40083,11.757
S30008,45.475851,-73.547675,40084,11.772
S30008,45.475851,-73.547675,40085,11.772
S30008,45.475990,-73.547465,40086,11.794
S30008,45.476127,-73.547253,40087,11.817
S30008,45.476406,-73.546812,40088,11.863
S30008,45.476685,-73.546372,40089,11.910
S30008,45.476685,-73.546372,40090,11.910
S30008,45.476899,-73.546039,40091,11.945
S30008,45.476899,-73.546039,40092,11.945
S30008,45.477007,-73.545875,40093,11.962
S30008,45.477117,-73.545715,40094,11.980
S30008,45.477117,-73.545715,40095,11.980
S30008,45.477117,-73.545715,40096,11.980
S30008,45.477253,-73.545531,40097,12.001
S30008,45.477393,-73.545352,40098,12.022
S30008,45.477537,-73.545181,40099,12.043
S30008,45.477684,-73.545017,40100,12.063
S30008,45.477837,-73.544860,40101,12.084
S30008,45.477991,-73.544711,40102,12.105
S30008,45.478151,-73.544569,40103,12.126
S30008,45.478313,-73.544433,40104,12.147
S30008,45.478478,-73.544307,40105,12.168
S30008,45.478646,-73.544188,40106,12.189
S30008,45.478816,-73.544077,40107,12.209
S30008,45.478990,-73.543975,40108,12.230
S30008,45.479165,-73.543880,40109,12.251
S30008,45.479342,-73.543795,40110,12.272
S30008,45.479342,-73.543795,40111,12.272
S30008,45.479494,-73.543728,40112,12.290
S30008,45.479647,-73.543667,40113,12.307
S30008,45.479647,-73.543667,40114,12.307
S30008,45.479952,-73.543552,40115,12.342
S30008,45.480438,-73.543373,40116,12.398
S30008,45.481526,-73.542971,40117,12.523
S30008,45.482049,-73.542779,40118,12.583
S30008,45.482965,-73.542441,40119,12.688
S30008,45.483005,-73.542426,40120,12.693
S30008,45.483005,-73.542426,40121,12.693
S30008,45.483313,-73.542315,40122,12.728
S30008,45.483313,-73.542315,40123,12.728
S30008,45.483468,-73.542264,40124,12.746
S30008,45.483624,-73.542219,40125,12.764
S30008,45.483624,-73.542219,40126,12.764
S30008,45.483781,-73.542181,40127,12.781
S30008,45.483939,-73.542153,40128,12.799
S30008,45.483939,-73.542153,40129,12.799
S30008,45.484044,-73.542139,40130,12.811
S30008,45.484150,-73.542133,40131,12.823
S30008,45.484256,-73.542132,40132,12.835
S30008,45.484256,-73.542132,40133,12.835
S30008,45.484256,-73.542132,40134,12.835
S30008,45.484386,-73.542139,40135,12.849
S30008,45.484514,-73.542157,40136,12.863
S30008,45.484641,-73.542184,40137,12.878
S30008,45.484768,-73.542223,40138,12.892
S30008,45.484892,-73.542270,40139,12.906
S30008,45.485016,-73.542327,40140,12.921
S30008,45.485135,-73.542393,40141,12.935
S30008,45.485253,-73.542469,40142,12.949
S30008,45.485367,-73.542553,40143,12.964
S30008,45.485479,-73.542647,40144,12.978
S30008,45.485586,-73.542749,40145,12.992
S30008,45.485689,-73.542859,40146,13.007
S30008,45.485788,-73.542977,40147,13.021
S30008,45.485883,-73.543103,40148,13.036
S30008,45.485972,-73.543234,40149,13.050
S30008,45.486056,-73.543374,40150,13.064
S30008,45.486135,-73.543520,40151,13.079
S30008,45.486207,-73.543671,40152,13.093
S30008,45.486275,-73.543828,40153,13.107
S30008,45.486335,-73.543989,40154,13.121
S30008,45.486390,-73.544156,40155,13.136
S30008,45.486438,-73.544326,40156,13.150
S30008,45.486480,-73.544500,40157,13.165
S30008,45.486515,-73.544677,40158,13.179
S30008,45.486543,-73.544856,40159,13.193
S30008,45.486563,-73.545037,40160,13.208
S30008,45.486578,-73.545219,40161,13.222
S30008,45.486585,-73.545402,40162,13.236
S30008,45.486585,-73.545586,40163,13.251
S30008,45.486577,-73.545769,40164,13.265
S30008,45.486564,-73.545952,40165,13.279
S30008,45.486564,-73.545952,40166,13.279
S30008,45.486546,-73.546112,40167,13.292
S30008,45.486523,-73.546270,40168,13.305
S30008,45.486497,-73.546428,40169,13.317
S30008,45.486465,-73.546584,40170,13.330
S30008,45.486465,-73.546584,40171,13.330
S30008,45.486397,-73.546892,40172,13.355
S30008,45.486326,-73.547198,40173,13.380
S30008,45.486293,-73.547331,40174,13.392
S30008,45.486119,-73.548057,40175,13.451
S30008,45.485334,-73.551324,40176,13.721
S30008,45.485334,-73.551324,40177,13.721
S30008,45.485277,-73.551566,40178,13.741
S30008,45.485222,-73.551810,40179,13.761
S30008,45.485222,-73.551810,40180,13.761
S30008,45.485188,-73.551974,40181,13.775
S30008,45.485159,-73.552139,40182,13.788
S30008,45.485136,-73.552305,40183,13.801
S30008,45.485136,-73.552305,40184,13.801
S30008,45.485136,-73.552305,40185,13.801
S30008,45.485116,-73.552485,40186,13.816
S30008,45.485103,-73.552667,40187,13.830
S30008,45.485097,-73.552850,40188,13.844
S30008,45.485098,-73.553033,40189,13.858
S30008,45.485105,-73.553214,40190,13.873
S30008,45.485119,-73.553396,40191,13.887
S30008,45.485140,-73.553576,40192,13.901
S30008,45.485167,-73.553754,40193,13.915
S30008,45.485202,-73.553931,40194,13.930
S30008,45.485242,-73.554104,40195,13.944
S30008,45.485242,-73.554104,40196,13.944
S30008,45.485281,-73.554247,40197,13.956
S30008,45.485325,-73.554386,40198,13.968
S30008,45.485372,-73.554523,40199,13.980
S30008,45.485424,-73.554658,40200,13.992
S30008,45.485481,-73.554788,40201,14.004
S30008,45.485481,-73.554788,40202,14.004
S30008,45.485481,-73.554788,40203,14.004
S30008,45.485555,-73.554943,40204,14.018
S30008,45.485635,-73.555092,40205,14.033
S30008,45.485720,-73.555234,40206,14.048
S30008,45.485811,-73.555368,40207,14.062
S30008,45.485906,-73.555496,40208,14.077
S30008,45.486007,-73.555616,40209,14.091
S30008,45.486111,-73.555729,40210,14.106
S30008,45.486220,-73.555834,40211,14.121
S30008,45.486333,-73.555929,40212,14.135
S30008,45.486450,-73.556016,40213,14.150
S30008,45.486569,-73.556094,40214,14.164
S30008,45.486692,-73.556163,40215,14.179
S30008,45.486816,-73.556222,40216,14.194
S30008,45.486943,-73.556271,40217,14.208
S30008,45.487071,-73.556311,40218,14.223
S30008,45.487071,-73.556311,40219,14.223
S30008,45.487189,-73.556339,40220,14.236
S30008,45.487308,-73.556360,40221,14.249
S30008,45.487427,-73.556374,40222,14.262
S30008,45.487427,-73.556374,40223,14.262
S30008,45.487607,-73.556388,40224,14.283
S30008,45.487787,-73.556400,40225,14.303
S30008,45.487829,-73.556402,40226,14.307
S30008,45.488710,-73.556449,40227,14.405
S30008,45.488877,-73.556458,40228,14.424
S30008,45.488877,-73.556458,40229,14.424
S30008,45.489057,-73.556468,40230,14.444
S30008,45.489057,-73.556468,40231,14.444
S30008,45.489237,-73.556473,40232,14.464
S30008,45.489237,-73.556473,40233,14.464
S30008,45.489446,-73.556472,40234,14.487
S30008,45.489654,-73.556459,40235,14.510
S30008,45.489654,-73.556459,40236,14.510
S30008,45.489808,-73.556444,40237,14.527
S30008,45.489808,-73.556444,40238,14.527
S30008,45.489988,-73.556420,40239,14.547
S30008,45.489988,-73.556420,40240,14.547
S30008,45.490167,-73.556392,40241,14.567
S30008,45.490241,-73.556381,40242,14.576
S30008,45.490714,-73.556307,40243,14.628
S30008,45.490714,-73.556307,40244,14.628
S30008,45.490778,-73.556297,40245,14.636
S30008,45.490778,-73.556297,40246,14.636
S30008,45.491098,-73.556250,40247,14.671
S30008,45.491418,-73.556209,40248,14.707
S30008,45.492132,-73.556124,40249,14.787
S30008,45.492433,-73.556087,40250,14.820
S30008,45.492733,-73.556052,40251,14.854
S30008,45.493012,-73.556019,40252,14.885
S30008,45.493012,-73.556019,40253,14.885
S30008,45.493326,-73.555986,40254,14.920
S30008,45.493326,-73.555986,40255,14.920
S30008,45.493431,-73.555978,40256,14.931
S30008,45.493536,-73.555976,40257,14.943
S30008,45.493640,-73.555978,40258,14.955
S30008,45.493640,-73.555978,40259,14.955
S30008,45.493654,-73.555980,40260,14.956
S30008,45.493654,-73.555980,40261,14.956
S30008,45.493654,-73.555980,40262,14.956
S30008,45.493782,-73.555991,40263,14.970
S30008,45.493910,-73.556012,40264,14.985
S30008,45.494037,-73.556041,40265,14.999
S30008,45.494163,-73.556080,40266,15.013
S30008,45.494288,-73.556126,40267,15.028
S30008,45.494410,-73.556181,40268,15.042
S30008,45.494531,-73.556245,40269,15.056
S30008,45.494531,-73.556245,40270,15.056
S30008,45.494531,-73.556245,40271,15.056
S30008,45.494656,-73.556322,40272,15.071
S30008,45.494777,-73.556407,40273,15.086
S30008,45.494896,-73.556500,40274,15.101
S30008,45.495011,-73.556603,40275,15.117
S30008,45.495123,-73.556714,40276,15.132
S30008,45.495230,-73.556832,40277,15.147
S30008,45.495230,-73.556832,40278,15.147
S30008,45.495322,-73.556945,40279,15.160
S30008,45.495410,-73.557064,40280,15.174
S30008,45.495494,-73.557188,40281,15.187
S30008,45.495574,-73.557317,40282,15.201
S30008,45.495574,-73.557317,40283,15.201
S30008,45.495665,-73.557477,40284,15.217
S30008,45.495751,-73.557644,40285,15.233
S30008,45.495751,-73.557644,40286,15.233
S30008,45.495914,-73.557984,40287,15.265
S30008,45.496146,-73.558476,40288,15.312
S30008,45.496446,-73.559113,40289,15.371
S30008,45.496547,-73.559327,40290,15.392
S30008,45.496547,-73.559327,40291,15.392
S30008,45.496758,-73.559776,40292,15.434
S30008,45.497342,-73.561026,40293,15.551
S30008,45.497640,-73.561662,40294,15.611
S30008,45.497915,-73.562248,40295,15.666
S30008,45.498214,-73.562889,40296,15.726
S30008,45.498252,-73.562969,40297,15.734
S30008,45.498538,-73.563574,40298,15.790
S30008,45.498813,-73.564147,40299,15.845
S30008,45.499072,-73.564689,40300,15.896
S30008,45.499117,-73.564781,40301,15.905
S30008,45.499175,-73.564901,40302,15.916
S30008,45.499401,-73.565366,40303,15.960
S30008,45.499707,-73.565998,40304,16.020
S30008,45.500115,-73.566838,40305,16.100
S30008,45.500115,-73.566838,50001,16.100
S30008,45.500177,-73.566966,50002,16.112
S30008,45.500484,-73.567599,50003,16.172
S30008,45.500790,-73.568230,50004,16.232
S30008,45.500895,-73.568448,50005,16.253
S30008,45.500961,-73.568588,50006,16.266
S30008,45.501023,-73.568732,50007,16.279
S30008,45.501080,-73.568878,50008,16.292
S30008,45.501143,-73.569053,50009,16.308
S30008,45.501235,-73.569326,50010,16.331
S30008,45.501273,-73.569433,50011,16.340
S30008,45.501317,-73.569538,50012,16.350
S30008,45.501362,-73.569640,50013,16.359
S30008,45.501728,-73.570390,50014,16.431
S30008,45.501936,-73.570816,50015,16.471
S30008,45.502182,-73.571322,50016,16.519
S30008,45.502187,-73.571332,50017,16.520
S30008,45.502695,-73.572374,50018,16.619
S30008,45.502695,-73.572374,60001,16.619
S30008,45.502769,-73.572527,60002,16.634
S30008,45.502859,-73.572714,60003,16.652
S30008,45.502949,-73.572902,60004,16.669
S30008,45.503066,-73.573163,60005,16.694
S30008,45.503179,-73.573428,60006,16.718
S30008,45.503287,-73.573700,60007,16.742
S30008,45.503390,-73.573974,60008,16.766
S30008,45.503487,-73.574251,60009,16.791
S30008,45.503578,-73.574534,60010,16.815
S30008,45.503664,-73.574820,60011,16.839
S30008,45.503745,-73.575109,60012,16.863
S30008,45.503820,-73.575401,60013,16.888
S30008,45.503889,-73.575695,60014,16.912
S30008,45.503953,-73.575992,60015,16.936
S30008,45.504010,-73.576293,60016,16.961
S30008,45.504045,-73.576492,60017,16.977
S30008,45.504078,-73.576690,60018,16.993
S30008,45.504590,-73.579744,60019,17.238
S30008,45.504761,-73.580762,60020,17.320
S30008,45.507269,-73.595677,60021,18.518
S30008,45.507445,-73.596729,60022,18.603
S30008,45.510126,-73.612697,60023,19.886
S30008,45.510126,-73.612697,70001,19.886
S30008,45.512386,-73.626169,70002,20.968
S30008,45.512507,-73.626893,70003,21.026
S30008,45.512944,-73.629486,70004,21.234
S30008,45.512995,-73.629793,70005,21.259
S30008,45.513111,-73.630480,70006,21.314
S30008,45.513214,-73.631095,70007,21.363
S30008,45.513279,-73.631477,70008,21.394
S30008,45.513439,-73.632438,70009,21.471
S30008,45.513464,-73.632582,70010,21.483
S30008,45.513489,-73.632725,70011,21.494
S30008,45.513535,-73.632958,70012,21.513
S30008,45.513588,-73.633189,70013,21.532
S30008,45.513646,-73.633417,70014,21.551
S30008,45.513684,-73.633554,70015,21.563
S30008,45.513723,-73.633689,70016,21.574
S30008,45.513962,-73.634521,70017,21.644
S30008,45.513962,-73.634521,80001,21.644
S30008,45.514178,-73.635267,80002,21.707
S30008,45.514519,-73.636452,80003,21.807
S30008,45.515297,-73.639151,80004,22.035
S30008,45.515810,-73.640930,80005,22.186
S30008,45.516091,-73.641902,80006,22.268
S30008,45.516432,-73.643086,80007,22.367
S30008,45.516563,-73.643538,80008,22.406
S30008,45.516563,-73.643538,90001,22.406
S30008,45.517663,-73.647356,90002,22.728
S30008,45.518004,-73.648541,90003,22.828
S30008,45.519599,-73.654074,90004,23.295
S30008,45.519951,-73.655296,90005,23.398
S30008,45.520056,-73.655662,90006,23.429
S30008,45.520200,-73.656154,90007,23.471
S30008,45.520346,-73.656643,90008,23.512
S30008,45.520570,-73.657387,90009,23.576
S30008,45.520696,-73.657809,90010,23.611
S30008,45.520820,-73.658232,90011,23.647
S30008,45.520954,-73.658698,90012,23.686
S30008,45.521025,-73.658949,90013,23.708
S30008,45.521289,-73.659878,90014,23.786
S30008,45.521849,-73.661854,90015,23.952
S30008,45.521849,-73.661854,100001,23.952
S30008,45.522251,-73.663273,100002,24.072
S30008,45.522309,-73.663479,100003,24.089
S30008,45.522469,-73.664043,100004,24.137
S30008,45.522629,-73.664607,100005,24.184
S30008,45.523057,-73.666116,100006,24.311
S30008,45.523259,-73.666822,100007,24.371
S30008,45.523568,-73.667885,100008,24.461
S30008,45.523718,-73.668399,100009,24.504
S30008,45.523868,-73.668914,100010,24.548
S30008,45.523975,-73.669283,100011,24.579
S30008,45.524181,-73.669993,100012,24.639
S30008,45.524291,-73.670369,100013,24.671
S30008,45.524442,-73.670890,100014,24.715
S30008,45.524902,-73.672490,100015,24.850
S30008,45.524902,-73.672490,110001,24.850
S30008,45.525065,-73.673055,110002,24.898
S30008,45.525406,-73.674241,110003,24.998
S30008,45.526757,-73.678931,110004,25.394
S30008,45.526975,-73.679690,110005,25.458
S30008,45.527401,-73.681170,110006,25.583
S30008,45.527827,-73.682651,110007,25.708
S30008,45.528063,-73.683474,110008,25.777
S30008,45.528171,-73.683846,110009,25.808
S30008,45.528231,-73.684053,110010,25.826
S30008,45.528289,-73.684261,110011,25.843
S30008,45.528379,-73.684598,110012,25.872
S30008,45.528463,-73.684939,110013,25.900
S30008,45.528542,-73.685282,110014,25.928
S30008,45.528615,-73.685628,110015,25.956
S30008,45.528682,-73.685975,110016,25.984
S30008,45.528743,-73.686326,110017,26.013
S30008,45.528799,-73.686677,110018,26.041
S30008,45.528849,-73.687032,110019,26.069
S30008,45.528893,-73.687387,110020,26.097
S30008,45.528931,-73.687744,110021,26.125
S30008,45.528934,-73.687770,110022,26.127
S30008,45.528936,-73.687794,110023,26.129
S30008,45.528939,-73.687821,110024,26.131
S30008,45.528941,-73.687845,110025,26.133
S30008,45.528943,-73.687871,110026,26.135
S30008,45.528945,-73.687896,110027,26.137
S30008,45.528948,-73.687922,110028,26.139
S30008,45.528949,-73.687946,110029,26.141
S30008,45.528952,-73.687973,110030,26.143
S30008,45.528954,-73.687997,110031,26.145
S30008,45.528971,-73.688256,110032,26.165
S30008,45.528984,-73.688516,110033,26.186
S30008,45.528989,-73.688777,110034,26.206
S30008,45.528988,-73.689037,110035,26.226
S30008,45.528985,-73.689197,110036,26.239
S30008,45.528980,-73.689357,110037,26.251
S30008,45.528953,-73.690272,110038,26.323
S30008,45.528953,-73.690272,120001,26.323
S30008,45.528933,-73.690947,120002,26.376
S30008,45.528928,-73.691107,120003,26.388
S30008,45.528922,-73.691267,120004,26.401
S30008,45.528909,-73.691501,120005,26.419
S30008,45.528891,-73.691736,120006,26.438
S30008,45.528868,-73.691968,120007,26.456
S30008,45.528841,-73.692200,120008,26.474
S30008,45.528807,-73.692430,120009,26.493
S30008,45.528803,-73.692455,120010,26.494
S30008,45.528800,-73.692480,120011,26.497
S30008,45.528796,-73.692505,120012,26.498
S30008,45.528792,-73.692530,120013,26.500
S30008,45.528788,-73.692555,120014,26.502
S30008,45.528783,-73.692580,120015,26.505
S30008,45.528780,-73.692604,120016,26.506
S30008,45.528775,-73.692630,120017,26.509
S30008,45.528771,-73.692654,120018,26.511
S30008,45.528766,-73.692680,120019,26.513
S30008,45.528703,-73.693034,120020,26.541
S30008,45.528634,-73.693387,120021,26.570
S30008,45.528562,-73.693738,120022,26.598
S30008,45.528484,-73.694086,120023,26.627
S30008,45.528401,-73.694433,120024,26.655
S30008,45.528348,-73.694644,120025,26.673
S30008,45.528293,-73.694853,120026,26.690
S30008,45.528236,-73.695063,120027,26.708
S30008,45.528178,-73.695270,120028,26.725
S30008,45.528117,-73.695478,120029,26.743
S30008,45.528056,-73.695685,120030,26.760
S30008,45.527991,-73.695889,120031,26.778
S30008,45.527926,-73.696093,120032,26.795
S30008,45.527805,-73.696456,120033,26.827
S30008,45.527704,-73.696742,120034,26.852
S30008,45.527602,-73.697026,120035,26.877
S30008,45.527389,-73.697617,120036,26.928
S30008,45.527177,-73.698206,120037,26.980
S30008,45.526965,-73.698796,120038,27.032
S30008,45.526752,-73.699385,120039,27.084
S30008,45.526571,-73.699895,120040,27.128
S30008,45.526392,-73.700409,120041,27.173
S30008,45.526367,-73.700481,120042,27.179
S30008,45.526265,-73.700780,120043,27.205
S30008,45.526129,-73.701173,120044,27.239
S30008,45.525939,-73.701724,120045,27.288
S30008,45.525744,-73.702271,120046,27.335
S30008,45.525600,-73.702669,120047,27.370
S30008,45.524299,-73.706283,120048,27.688
S30008,45.523888,-73.707423,120049,27.788
S30008,45.523282,-73.709104,120050,27.935
S30008,45.523110,-73.709589,120051,27.978
S30008,45.522940,-73.710076,120052,28.020
S30008,45.522694,-73.710791,120053,28.082
S30008,45.522523,-73.711278,120054,28.125
S30008,45.522351,-73.711762,120055,28.167
S30008,45.522058,-73.712574,120056,28.238
S30008,45.522058,-73.712574,130001,28.238
S30008,45.521740,-73.713455,130002,28.316
S30008,45.521587,-73.713862,130003,28.352
S30008,45.521431,-73.714268,130004,28.388
S30008,45.520710,-73.716103,130005,28.552
S30008,45.520552,-73.716522,130006,28.589
S30008,45.520397,-73.716944,130007,28.627
S30008,45.519313,-73.719963,130008,28.892
S30008,45.519050,-73.720695,130009,28.956
S30008,45.518798,-73.721405,130010,29.018
S30008,45.518712,-73.721644,130011,29.039
S30008,45.518535,-73.722136,130012,29.082
S30008,45.518337,-73.722689,130013,29.130
S30008,45.518139,-73.723241,130014,29.179
S30008,45.517925,-73.723838,130015,29.231
S30008,45.517756,-73.724308,130016,29.273
S30008,45.517586,-73.724778,130017,29.314
S30008,45.517417,-73.725247,130018,29.355
S30008,45.517249,-73.725718,130019,29.396
S30008,45.517080,-73.726188,130020,29.438
S30008,45.516910,-73.726659,130021,29.479
S30008,45.516741,-73.727129,130022,29.520
S30008,45.516573,-73.727598,130023,29.561
S30008,45.516280,-73.728412,130024,29.633
S30008,45.516059,-73.729028,130025,29.687
S30008,45.515837,-73.729644,130026,29.741
S30008,45.515748,-73.729893,130027,29.763
S30008,45.515600,-73.730314,130028,29.799
S30008,45.515577,-73.730382,130029,29.805
S30008,45.515454,-73.730734,130030,29.836
S30008,45.515454,-73.730734,130031,29.836
S30008,45.515210,-73.731448,130032,29.898
S30008,45.515042,-73.731933,130033,29.940
S30008,45.514966,-73.732149,130034,29.959
S30008,45.514871,-73.732416,130035,29.983
S30008,45.514871,-73.732416,130036,29.983
S30008,45.513402,-73.736509,130037,30.342
S30008,45.512101,-73.740158,130038,30.661
S30008,45.511857,-73.740843,130039,30.721
S30008,45.511524,-73.741774,130040,30.803
S30008,45.511404,-73.742111,130041,30.832
S30008,45.510898,-73.743400,130042,30.948
S30008,45.510813,-73.743589,130043,30.965
S30008,45.510731,-73.743780,130044,30.983
S30008,45.510642,-73.744002,130045,31.003
S30008,45.510567,-73.744199,130046,31.020
S30008,45.510496,-73.744398,130047,31.038
S30008,45.510469,-73.744472,130048,31.044
S30008,45.509798,-73.746348,130049,31.209
S30008,45.509593,-73.746919,130050,31.259
S30008,45.509390,-73.747489,130051,31.309
S30008,45.507982,-73.751423,130052,31.654
S30008,45.507856,-73.751771,130053,31.684
S30008,45.507729,-73.752118,130054,31.715
S30008,45.506880,-73.754413,130055,31.917
S30008,45.505817,-73.757284,130056,32.171
S30008,45.505566,-73.757971,130057,32.231
S30008,45.505253,-73.758845,130058,32.308
S30008,45.505124,-73.759205,130059,32.340
S30008,45.504996,-73.759564,130060,32.371
S30008,45.504974,-73.759623,130061,32.376
S30008,45.504881,-73.759879,130062,32.399
S30008,45.504830,-73.760004,130063,32.410
S30008,45.504775,-73.760125,130064,32.421
S30008,45.504713,-73.760244,130065,32.433
S30008,45.504647,-73.760356,130066,32.444
S30008,45.504574,-73.760461,130067,32.456
S30008,45.504498,-73.760560,130068,32.467
S30008,45.504417,-73.760651,130069,32.479
S30008,45.504331,-73.760733,130070,32.490
S30008,45.504242,-73.760808,130071,32.502
S30008,45.504150,-73.760875,130072,32.513
S30008,45.504054,-73.760932,130073,32.525
S30008,45.503957,-73.760980,130074,32.536
S30008,45.503857,-73.761018,130075,32.548
S30008,45.503755,-73.761047,130076,32.559
S30008,45.503653,-73.761066,130077,32.571
S30008,45.503550,-73.761075,130078,32.582
S30008,45.503446,-73.761075,130079,32.593
S30008,45.503343,-73.761065,130080,32.605
S30008,45.503240,-73.761044,130081,32.617
S30008,45.503140,-73.761016,130082,32.628
S30008,45.503051,-73.760981,130083,32.638
S30008,45.502964,-73.760940,130084,32.648
S30008,45.502879,-73.760890,130085,32.658
S30008,45.502795,-73.760834,130086,32.669
S30008,45.502716,-73.760771,130087,32.679
S30008,45.502637,-73.760701,130088,32.689
S30008,45.502566,-73.760627,130089,32.699
S30008,45.502496,-73.760547,130090,32.709
S30008,45.502420,-73.760449,130091,32.720
S30008,45.502349,-73.760347,130092,32.732
S30008,45.502212,-73.760135,130093,32.754
S30008,45.500951,-73.758130,130094,32.964
S30008,45.500814,-73.757919,130095,32.987
S30008,45.500743,-73.757816,130096,32.998
S30008,45.500669,-73.757720,130097,33.009
S30008,45.500587,-73.757625,130098,33.021
S30008,45.500502,-73.757538,130099,33.032
S30008,45.500412,-73.757460,130100,33.044
S30008,45.500320,-73.757389,130101,33.056
S30008,45.500224,-73.757329,130102,33.068
S30008,45.500125,-73.757276,130103,33.079
S30008,45.500024,-73.757233,130104,33.091
S30008,45.499922,-73.757199,130105,33.102
S30008,45.499818,-73.757176,130106,33.114
S30008,45.499714,-73.757161,130107,33.126
S30008,45.499608,-73.757157,130108,33.138
S30008,45.499503,-73.757162,130109,33.149
S30008,45.499399,-73.757176,130110,33.161
S30008,45.499295,-73.757200,130111,33.173
S30008,45.499193,-73.757234,130112,33.184
S30008,45.499093,-73.757277,130113,33.196
S30008,45.498994,-73.757331,130114,33.208
S30008,45.498898,-73.757392,130115,33.219
S30008,45.498809,-73.757459,130116,33.231
S30008,45.498722,-73.757532,130117,33.242
S30008,45.498552,-73.757687,130118,33.264
S30008,45.496076,-73.760007,130119,33.594
S30008,45.495776,-73.760296,130120,33.634
S30008,45.495479,-73.760589,130121,33.674
S30008,45.495184,-73.760886,130122,33.714
S30008,45.494361,-73.761726,130123,33.827
S30008,45.493962,-73.762119,130124,33.881
S30008,45.493560,-73.762504,130125,33.935
S30008,45.490727,-73.765182,130126,34.313
S30008,45.490504,-73.765393,130127,34.343
S30008,45.490284,-73.765609,130128,34.372
S30008,45.490096,-73.765804,130129,34.398
S30008,45.489912,-73.766007,130130,34.424
S30008,45.489733,-73.766216,130131,34.450
S30008,45.489557,-73.766433,130132,34.476
S30008,45.489453,-73.766565,130133,34.491
S30008,45.489351,-73.766702,130134,34.507
S30008,45.489251,-73.766839,130135,34.522
S30008,45.489151,-73.766979,130136,34.538
S30008,45.488995,-73.767210,130137,34.563
S30008,45.488844,-73.767446,130138,34.588
S30008,45.488697,-73.767689,130139,34.613
S30008,45.488554,-73.767936,130140,34.638
S30008,45.488416,-73.768189,130141,34.663
S30008,45.488282,-73.768447,130142,34.688
S30008,45.488129,-73.768759,130143,34.718
S30008,45.487980,-73.769075,130144,34.747
S30008,45.487411,-73.770286,130145,34.861
S30008,45.487240,-73.770648,130146,34.895
S30008,45.487070,-73.771011,130147,34.929
S30008,45.484906,-73.775612,130148,35.362
S30008,45.484576,-73.776314,130149,35.428
S30008,45.483052,-73.779553,130150,35.733
S30008,45.482877,-73.779925,130151,35.768
S30008,45.482702,-73.780297,130152,35.803
S30008,45.481567,-73.782708,130153,36.029
S30008,45.481398,-73.783068,130154,36.063
S30008,45.481230,-73.783427,130155,36.097
S30008,45.480968,-73.783983,130156,36.149
S30008,45.480546,-73.784871,130157,36.233
S30008,45.479860,-73.786300,130158,36.368
S30008,45.479810,-73.786404,130159,36.378
S30008,45.479681,-73.786670,130160,36.404
S30008,45.479615,-73.786802,130161,36.416
S30008,45.479548,-73.786932,130162,36.429
S30008,45.479494,-73.787031,130163,36.439
S30008,45.479381,-73.787230,130164,36.459
S30008,45.479263,-73.787424,130165,36.479
S30008,45.479202,-73.787517,130166,36.489
S30008,45.479125,-73.787635,130167,36.501
S30008,45.479044,-73.787749,130168,36.514
S30008,45.478883,-73.787975,130169,36.539
S30008,45.478817,-73.788067,130170,36.549
S30008,45.478464,-73.788555,130171,36.604
S30008,45.478369,-73.788690,130172,36.619
S30008,45.478274,-73.788826,130173,36.634
S30008,45.478167,-73.788993,130174,36.652
S30008,45.478065,-73.789168,130175,36.669
S30008,45.477969,-73.789348,130176,36.687
S30008,45.477892,-73.789505,130177,36.702
S30008,45.477816,-73.789664,130178,36.717
S30008,45.477149,-73.791083,130179,36.851
S30008,45.477149,-73.791083,140001,36.851
S30008,45.470082,-73.806103,140002,38.264
S30008,45.469781,-73.806721,140003,38.322
S30008,45.469475,-73.807332,140004,38.381
S30008,45.468793,-73.808675,140005,38.510
S30008,45.468612,-73.809029,140006,38.545
S30008,45.468432,-73.809384,140007,38.579
S30008,45.466847,-73.812500,140008,38.880
S30008,45.466743,-73.812707,140009,38.899
S30008,45.466641,-73.812914,140010,38.919
S30008,45.466576,-73.813054,140011,38.932
S30008,45.466513,-73.813198,140012,38.946
S30008,45.466455,-73.813344,140013,38.959
S30008,45.466389,-73.813524,140014,38.974
S30008,45.466330,-73.813707,140015,38.990
S30008,45.466278,-73.813896,140016,39.006
S30008,45.466231,-73.814088,140017,39.022
S30008,45.466192,-73.814282,140018,39.038
S30008,45.466160,-73.814480,140019,39.054
S30008,45.466134,-73.814678,140020,39.069
S30008,45.466116,-73.814880,140021,39.085
S30008,45.466104,-73.815081,140022,39.101
S30008,45.466100,-73.815284,140023,39.117
S30008,45.466103,-73.815486,140024,39.133
S30008,45.466112,-73.815688,140025,39.148
S30008,45.466129,-73.815889,140026,39.164
S30008,45.466148,-73.816056,140027,39.178
S30008,45.466171,-73.816221,140028,39.191
S30008,45.466198,-73.816385,140029,39.204
S30008,45.466242,-73.816630,140030,39.224
S30008,45.466288,-73.816875,140031,39.243
S30008,45.466474,-73.817841,140032,39.322
S30008,45.466507,-73.818018,140033,39.336
S30008,45.466554,-73.818268,140034,39.356
S30008,45.466600,-73.818519,140035,39.377
S30008,45.466627,-73.818686,140036,39.390
S30008,45.466651,-73.818855,140037,39.404
S30008,45.466670,-73.819027,140038,39.417
S30008,45.466686,-73.819213,140039,39.432
S30008,45.466695,-73.819405,140040,39.447
S30008,45.466699,-73.819596,140041,39.462
S30008,45.466696,-73.819788,140042,39.477
S30008,45.466687,-73.819978,140043,39.492
S30008,45.466671,-73.820169,140044,39.507
S30008,45.466650,-73.820358,140045,39.522
S30008,45.466623,-73.820546,140046,39.537
S30008,45.466589,-73.820731,140047,39.552
S30008,45.466550,-73.820914,140048,39.566
S30008,45.466504,-73.821094,140049,39.581
S30008,45.466452,-73.821271,140050,39.596
S30008,45.466395,-73.821445,140051,39.611
S30008,45.466333,-73.821614,140052,39.627
S30008,45.466272,-73.821764,140053,39.640
S30008,45.466208,-73.821910,140054,39.654
S30008,45.466140,-73.822053,140055,39.667
S30008,45.466035,-73.822264,140056,39.687
S30008,45.465928,-73.822473,140057,39.707
S30008,45.465848,-73.822627,140058,39.722
S30008,45.465505,-73.823294,140059,39.787
S30008,45.465334,-73.823628,140060,39.819
S30008,45.465251,-73.823796,140061,39.835
S30008,45.465170,-73.823966,140062,39.851
S30008,45.465084,-73.824158,140063,39.869
S30008,45.465000,-73.824355,140064,39.887
S30008,45.464921,-73.824554,140065,39.905
S30008,45.464846,-73.824757,140066,39.923
S30008,45.464782,-73.824941,140067,39.939
S30008,45.464719,-73.825127,140068,39.955
S30008,45.464599,-73.825502,140069,39.987
S30008,45.464405,-73.826116,140070,40.040
S30008,45.464369,-73.826230,140071,40.050
S30008,45.464247,-73.826611,140072,40.083
S30008,45.464183,-73.826800,140073,40.099
S30008,45.464118,-73.826988,140074,40.115
S30008,45.464056,-73.827156,140075,40.130
S30008,45.463976,-73.827359,140076,40.148
S30008,45.463892,-73.827560,140077,40.167
S30008,45.463821,-73.827720,140078,40.181
S30008,45.463739,-73.827895,140079,40.198
S30008,45.463655,-73.828067,140080,40.214
S30008,45.463484,-73.828409,140081,40.247
S30008,45.463386,-73.828603,140082,40.266
S30008,45.463108,-73.829152,140083,40.319
S30008,45.460625,-73.834054,140084,40.791
S30008,45.460301,-73.834696,140085,40.853
S30008,45.459964,-73.835361,140086,40.917
S30008,45.459964,-73.835361,150001,40.917
S30008,45.459132,-73.837003,150002,41.075
S30008,45.458810,-73.837638,150003,41.136
S30008,45.458448,-73.838353,150004,41.205
S30008,45.458304,-73.838639,150005,41.233
S30008,45.458163,-73.838927,150006,41.260
S30008,45.458024,-73.839226,150007,41.288
S30008,45.457891,-73.839532,150008,41.316
S30008,45.457764,-73.839842,150009,41.344
S30008,45.457656,-73.840124,150010,41.370
S30008,45.457553,-73.840410,150011,41.395
S30008,45.457455,-73.840699,150012,41.420
S30008,45.457362,-73.840992,150013,41.445
S30008,45.457278,-73.841274,150014,41.469
S30008,45.457199,-73.841559,150015,41.493
S30008,45.457125,-73.841846,150016,41.517
S30008,45.457055,-73.842136,150017,41.541
S30008,45.456981,-73.842470,150018,41.568
S30008,45.456911,-73.842808,150019,41.596
S30008,45.455558,-73.849291,150020,42.124
S30008,45.455423,-73.849900,150021,42.174
S30008,45.455284,-73.850505,150022,42.224
S30008,45.454786,-73.852632,150023,42.399
S30008,45.454672,-73.853132,150024,42.441
S30008,45.454562,-73.853633,150025,42.481
S30008,45.454436,-73.854213,150026,42.529
S30008,45.454356,-73.854580,150027,42.559
S30008,45.454277,-73.854947,150028,42.589
S30008,45.454171,-73.855433,150029,42.629
S30008,45.454138,-73.855583,150030,42.641
S30008,45.454070,-73.855892,150031,42.666
S30008,45.454001,-73.856199,150032,42.692
S30008,45.453965,-73.856347,150033,42.704
S30008,45.453882,-73.856675,150034,42.731
S30008,45.453793,-73.857001,150035,42.758
S30008,45.453699,-73.857324,150036,42.786
S30008,45.453598,-73.857643,150037,42.813
S30008,45.453493,-73.857958,150038,42.841
S30008,45.453382,-73.858269,150039,42.868
S30008,45.453265,-73.858577,150040,42.895
S30008,45.453194,-73.858756,150041,42.911
S30008,45.453121,-73.858935,150042,42.928
S30008,45.453045,-73.859112,150043,42.944
S30008,45.452968,-73.859287,150044,42.960
S30008,45.452888,-73.859467,150045,42.977
S30008,45.452761,-73.859734,150046,43.002
S30008,45.452632,-73.860001,150047,43.027
S30008,45.449361,-73.866756,150048,43.668
S30008,45.449147,-73.867185,150049,43.709
S30008,45.448928,-73.867612,150050,43.751
S30008,45.448706,-73.868035,150051,43.792
S30008,45.448481,-73.868454,150052,43.833
S30008,45.447975,-73.869385,150053,43.925
S30008,45.447715,-73.869880,150054,43.974
S30008,45.447460,-73.870379,150055,44.022
S30008,45.447209,-73.870882,150056,44.070
S30008,45.447151,-73.871000,150057,44.081
S30008,45.446829,-73.871657,150058,44.144
S30008,45.446775,-73.871765,150059,44.154
S30008,45.446416,-73.872502,150060,44.224
S30008,45.446062,-73.873244,150061,44.294
S30008,45.445597,-73.874227,150062,44.387
S30008,45.445259,-73.874933,150063,44.454
S30008,45.444919,-73.875636,150064,44.521
S30008,45.444573,-73.876334,150065,44.587
S30008,45.444010,-73.877460,150066,44.696
S30008,45.443684,-73.878119,150067,44.758
S30008,45.443668,-73.878153,150068,44.762
S30008,45.443374,-73.878751,150069,44.819
S30008,45.442233,-73.881077,150070,45.041
S30008,45.442157,-73.881231,150071,45.055
S30008,45.442082,-73.881387,150072,45.070
S30008,45.441911,-73.881747,150073,45.104
S30008,45.441744,-73.882112,150074,45.138
S30008,45.441582,-73.882480,150075,45.172
S30008,45.441424,-73.882854,150076,45.206
S30008,45.441357,-73.883016,150077,45.221
S30008,45.441291,-73.883180,150078,45.236
S30008,45.440936,-73.884048,150079,45.314
S30008,45.440665,-73.884711,150080,45.374
S30008,45.440301,-73.885601,150081,45.455
S30008,45.440301,-73.885601,160001,45.455
S30008,45.440156,-73.885955,160002,45.487
S30008,45.439885,-73.886618,160003,45.547
S30008,45.439798,-73.886832,160004,45.566
S30008,45.439720,-73.887023,160005,45.583
S30008,45.439644,-73.887214,160006,45.600
S30008,45.439516,-73.887542,160007,45.630
S30008,45.439394,-73.887875,160008,45.659
S30008,45.439276,-73.888210,160009,45.688
S30008,45.439164,-73.888549,160010,45.718
S30008,45.439057,-73.888891,160011,45.747
S30008,45.438954,-73.889237,160012,45.776
S30008,45.438856,-73.889585,160013,45.806
S30008,45.438802,-73.889791,160014,45.823
S30008,45.438748,-73.889997,160015,45.840
S30008,45.438039,-73.892715,160016,46.067
S30008,45.438008,-73.892834,160017,46.077
S30008,45.437929,-73.893136,160018,46.102
S30008,45.437847,-73.893437,160019,46.127
S30008,45.437825,-73.893518,160020,46.134
S30008,45.437721,-73.893872,160021,46.164
S30008,45.437610,-73.894222,160022,46.194
S30008,45.437587,-73.894293,160023,46.200
S30008,45.437489,-73.894584,160024,46.225
S30008,45.437388,-73.894873,160025,46.251
S30008,45.437347,-73.894989,160026,46.261
S30008,45.436958,-73.896101,160027,46.358
S30008,45.436859,-73.896385,160028,46.383
S30008,45.436761,-73.896670,160029,46.407
S30008,45.436653,-73.897008,160030,46.436
S30008,45.436550,-73.897348,160031,46.465
S30008,45.436467,-73.897642,160032,46.490
S30008,45.436385,-73.897936,160033,46.515
S30008,45.436351,-73.898063,160034,46.526
S30008,45.436155,-73.898777,160035,46.586
S30008,45.436065,-73.899104,160036,46.613
S30008,45.436033,-73.899221,160037,46.623
S30008,45.435951,-73.899521,160038,46.648
S30008,45.435867,-73.899819,160039,46.673
S30008,45.435833,-73.899937,160040,46.683
S30008,45.435690,-73.900422,160041,46.724
S30008,45.435542,-73.900906,160042,46.766
S30008,45.435387,-73.901384,160043,46.807
S30008,45.435227,-73.901860,160044,46.848
S30008,45.435061,-73.902330,160045,46.889
S30008,45.434889,-73.902798,160046,46.930
S30008,45.434711,-73.903261,160047,46.972
S30008,45.434529,-73.903718,160048,47.013
S30008,45.434340,-73.904172,160049,47.054
S30008,45.434146,-73.904622,160050,47.095
S30008,45.434098,-73.904729,160051,47.105
S30008,45.433976,-73.905000,160052,47.130
S30008,45.433854,-73.905269,160053,47.155
S30008,45.433802,-73.905383,160054,47.166
S30008,45.433370,-73.906331,160055,47.254
S30008,45.433093,-73.906940,160056,47.311
S30008,45.432520,-73.908196,160057,47.428
S30008,45.432460,-73.908330,160058,47.441
S30008,45.432397,-73.908464,160059,47.453
S30008,45.432302,-73.908664,160060,47.472
S30008,45.432204,-73.908862,160061,47.491
S30008,45.432122,-73.909023,160062,47.507
S30008,45.432055,-73.909151,160063,47.519
S30008,45.431987,-73.909279,160064,47.532
S30008,45.431630,-73.909952,160065,47.598
S30009,45.431630,-73.909952,10001,0.000
S30009,45.431987,-73.909279,10002,0.066
S30009,45.432055,-73.909151,10003,0.079
S30009,45.432122,-73.909023,10004,0.091
S30009,45.432204,-73.908862,10005,0.106
S30009,45.432302,-73.908664,10006,0.126
S30009,45.432397,-73.908464,10007,0.144
S30009,45.432460,-73.908330,10008,0.157
S30009,45.432520,-73.908196,10009,0.170
S30009,45.433093,-73.906940,10010,0.287
S30009,45.433315,-73.906298,10011,0.343
S30009,45.433319,-73.906289,10012,0.343
S30009,45.433805,-73.905221,10013,0.443
S30009,45.433926,-73.904954,10014,0.468
S30009,45.434046,-73.904686,10015,0.493
S30009,45.434251,-73.904217,10016,0.536
S30009,45.434449,-73.903743,10017,0.579
S30009,45.434642,-73.903265,10018,0.622
S30009,45.434828,-73.902781,10019,0.665
S30009,45.435008,-73.902293,10020,0.708
S30009,45.435181,-73.901799,10021,0.752
S30009,45.435349,-73.901302,10022,0.795
S30009,45.435510,-73.900801,10023,0.838
S30009,45.435665,-73.900294,10024,0.881
S30009,45.435813,-73.899786,10025,0.924
S30009,45.435895,-73.899490,10026,0.949
S30009,45.435977,-73.899194,10027,0.974
S30009,45.436100,-73.898746,10028,1.012
S30009,45.436287,-73.898062,10029,1.069
S30009,45.436329,-73.897912,10030,1.082
S30009,45.436412,-73.897611,10031,1.107
S30009,45.436496,-73.897312,10032,1.132
S30009,45.436531,-73.897196,10033,1.142
S30009,45.436599,-73.896973,10034,1.161
S30009,45.436669,-73.896752,10035,1.180
S30009,45.436707,-73.896639,10036,1.190
S30009,45.436806,-73.896348,10037,1.215
S30009,45.436907,-73.896059,10038,1.240
S30009,45.436946,-73.895946,10039,1.250
S30009,45.437337,-73.894829,10040,1.348
S30009,45.437436,-73.894546,10041,1.372
S30009,45.437532,-73.894262,10042,1.397
S30009,45.437553,-73.894199,10043,1.403
S30009,45.437610,-73.894020,10044,1.418
S30009,45.437667,-73.893839,10045,1.433
S30009,45.437721,-73.893656,10046,1.449
S30009,45.437773,-73.893474,10047,1.464
S30009,45.437794,-73.893401,10048,1.470
S30009,45.437873,-73.893106,10049,1.495
S30009,45.437951,-73.892810,10050,1.520
S30009,45.438669,-73.890061,10051,1.749
S30009,45.438690,-73.889975,10052,1.756
S30009,45.438746,-73.889762,10053,1.774
S30009,45.438803,-73.889549,10054,1.792
S30009,45.438826,-73.889462,10055,1.799
S30009,45.438934,-73.889086,10056,1.831
S30009,45.439047,-73.888712,10057,1.863
S30009,45.439166,-73.888344,10058,1.894
S30009,45.439290,-73.887978,10059,1.926
S30009,45.439421,-73.887617,10060,1.958
S30009,45.439557,-73.887259,10061,1.990
S30009,45.439589,-73.887178,10062,1.997
S30009,45.439669,-73.886981,10063,2.015
S30009,45.439749,-73.886784,10064,2.033
S30009,45.439781,-73.886704,10065,2.040
S30009,45.439834,-73.886577,10066,2.051
S30009,45.440105,-73.885913,10067,2.112
S30009,45.440248,-73.885563,10068,2.143
S30009,45.440248,-73.885563,20001,2.143
S30009,45.440613,-73.884668,20002,2.224
S30009,45.440885,-73.884006,20003,2.284
S30009,45.441193,-73.883250,20004,2.353
S30009,45.441237,-73.883143,20005,2.362
S30009,45.441306,-73.882974,20006,2.377
S30009,45.441376,-73.882806,20007,2.393
S30009,45.441420,-73.882698,20008,2.402
S30009,45.441601,-73.882276,20009,2.441
S30009,45.441788,-73.881859,20010,2.480
S30009,45.441981,-73.881448,20011,2.518
S30009,45.442031,-73.881344,20012,2.528
S30009,45.442109,-73.881184,20013,2.544
S30009,45.442187,-73.881025,20014,2.559
S30009,45.442238,-73.880921,20015,2.569
S30009,45.443327,-73.878701,20016,2.780
S30009,45.443619,-73.878104,20017,2.837
S30009,45.443636,-73.878071,20018,2.840
S30009,45.443962,-73.877411,20019,2.904
S30009,45.444525,-73.876285,20020,3.012
S30009,45.444870,-73.875587,20021,3.078
S30009,45.445211,-73.874886,20022,3.145
S30009,45.445548,-73.874180,20023,3.212
S30009,45.446013,-73.873197,20024,3.304
S30009,45.446367,-73.872454,20025,3.374
S30009,45.446727,-73.871717,20026,3.445
S30009,45.446778,-73.871611,20027,3.455
S30009,45.447107,-73.870943,20028,3.518
S30009,45.447161,-73.870835,20029,3.529
S30009,45.447411,-73.870330,20030,3.577
S30009,45.447668,-73.869829,20031,3.625
S30009,45.447929,-73.869334,20032,3.674
S30009,45.448435,-73.868403,20033,3.766
S30009,45.448659,-73.867983,20034,3.807
S30009,45.448880,-73.867562,20035,3.848
S30009,45.449098,-73.867136,20036,3.889
S30009,45.449313,-73.866707,20037,3.930
S30009,45.452586,-73.859948,20038,4.572
S30009,45.452712,-73.859687,20039,4.597
S30009,45.452836,-73.859424,20040,4.622
S30009,45.452934,-73.859206,20041,4.642
S30009,45.453030,-73.858985,20042,4.662
S30009,45.453123,-73.858762,20043,4.683
S30009,45.453213,-73.858537,20044,4.703
S30009,45.453336,-73.858210,20045,4.732
S30009,45.453453,-73.857880,20046,4.761
S30009,45.453565,-73.857544,20047,4.790
S30009,45.453669,-73.857206,20048,4.819
S30009,45.453768,-73.856863,20049,4.848
S30009,45.453860,-73.856517,20050,4.877
S30009,45.453945,-73.856167,20051,4.906
S30009,45.454014,-73.855867,20052,4.930
S30009,45.454080,-73.855564,20053,4.955
S30009,45.454219,-73.854926,20054,5.007
S30009,45.454300,-73.854556,20055,5.038
S30009,45.454380,-73.854187,20056,5.068
S30009,45.454505,-73.853608,20057,5.115
S30009,45.454615,-73.853106,20058,5.156
S30009,45.454729,-73.852606,20059,5.197
S30009,45.455228,-73.850479,20060,5.373
S30009,45.455367,-73.849874,20061,5.423
S30009,45.455500,-73.849267,20062,5.472
S30009,45.456853,-73.842785,20063,6.001
S30009,45.456924,-73.842448,20064,6.029
S30009,45.456998,-73.842111,20065,6.056
S30009,45.457027,-73.841990,20066,6.066
S30009,45.457091,-73.841729,20067,6.088
S30009,45.457159,-73.841472,20068,6.109
S30009,45.457231,-73.841215,20069,6.131
S30009,45.457307,-73.840960,20070,6.153
S30009,45.457400,-73.840665,20071,6.178
S30009,45.457499,-73.840373,20072,6.203
S30009,45.457604,-73.840084,20073,6.229
S30009,45.457713,-73.839800,20074,6.254
S30009,45.457825,-73.839524,20075,6.279
S30009,45.457943,-73.839253,20076,6.304
S30009,45.458064,-73.838985,20077,6.329
S30009,45.458115,-73.838878,20078,6.339
S30009,45.458256,-73.838588,20079,6.366
S30009,45.458401,-73.838302,20080,6.394
S30009,45.458452,-73.838201,20081,6.404
S30009,45.458764,-73.837585,20082,6.463
S30009,45.459082,-73.836957,20083,6.524
S30009,45.459913,-73.835316,20084,6.682
S30009,45.459913,-73.835316,30001,6.682
S30009,45.460253,-73.834647,30002,6.746
S30009,45.460577,-73.834005,30003,6.808
S30009,45.463059,-73.829103,30004,7.280
S30009,45.463381,-73.828468,30005,7.341
S30009,45.463439,-73.828354,30006,7.352
S30009,45.463608,-73.828018,30007,7.385
S30009,45.463690,-73.827849,30008,7.401
S30009,45.463770,-73.827678,30009,7.417
S30009,45.463875,-73.827438,30010,7.439
S30009,45.463974,-73.827194,30011,7.461
S30009,45.464066,-73.826947,30012,7.483
S30009,45.464131,-73.826763,30013,7.499
S30009,45.464193,-73.826577,30014,7.515
S30009,45.464313,-73.826201,30015,7.547
S30009,45.464327,-73.826158,30016,7.551
S30009,45.464516,-73.825558,30017,7.602
S30009,45.464544,-73.825474,30018,7.609
S30009,45.464665,-73.825092,30019,7.642
S30009,45.464729,-73.824903,30020,7.659
S30009,45.464794,-73.824714,30021,7.675
S30009,45.464836,-73.824603,30022,7.685
S30009,45.464910,-73.824408,30023,7.702
S30009,45.464989,-73.824217,30024,7.720
S30009,45.465071,-73.824028,30025,7.737
S30009,45.465119,-73.823923,30026,7.747
S30009,45.465202,-73.823749,30027,7.763
S30009,45.465287,-73.823578,30028,7.780
S30009,45.465460,-73.823239,30029,7.812
S30009,45.465504,-73.823152,30030,7.821
S30009,45.465884,-73.822416,30031,7.892
S30009,45.465989,-73.822211,30032,7.912
S30009,45.466092,-73.822003,30033,7.932
S30009,45.466158,-73.821864,30034,7.945
S30009,45.466222,-73.821721,30035,7.958
S30009,45.466281,-73.821574,30036,7.971
S30009,45.466347,-73.821396,30037,7.987
S30009,45.466407,-73.821212,30038,8.003
S30009,45.466459,-73.821024,30039,8.019
S30009,45.466506,-73.820834,30040,8.034
S30009,45.466545,-73.820640,30041,8.050
S30009,45.466578,-73.820443,30042,8.066
S30009,45.466604,-73.820245,30043,8.082
S30009,45.466623,-73.820044,30044,8.098
S30009,45.466635,-73.819842,30045,8.113
S30009,45.466640,-73.819640,30046,8.129
S30009,45.466637,-73.819440,30047,8.145
S30009,45.466627,-73.819237,30048,8.161
S30009,45.466611,-73.819037,30049,8.177
S30009,45.466592,-73.818870,30050,8.190
S30009,45.466569,-73.818704,30051,8.203
S30009,45.466543,-73.818540,30052,8.216
S30009,45.466499,-73.818294,30053,8.236
S30009,45.466452,-73.818050,30054,8.256
S30009,45.466258,-73.817040,30055,8.338
S30009,45.466232,-73.816905,30056,8.348
S30009,45.466185,-73.816657,30057,8.369
S30009,45.466141,-73.816407,30058,8.389
S30009,45.466114,-73.816240,30059,8.402
S30009,45.466090,-73.816071,30060,8.416
S30009,45.466071,-73.815900,30061,8.429
S30009,45.466059,-73.815772,30062,8.439
S30009,45.466047,-73.815570,30063,8.455
S30009,45.466041,-73.815368,30064,8.471
S30009,45.466043,-73.815166,30065,8.487
S30009,45.466051,-73.814964,30066,8.503
S30009,45.466066,-73.814762,30067,8.518
S30009,45.466089,-73.814563,30068,8.534
S30009,45.466117,-73.814365,30069,8.550
S30009,45.466153,-73.814168,30070,8.566
S30009,45.466196,-73.813975,30071,8.582
S30009,45.466244,-73.813785,30072,8.598
S30009,45.466299,-73.813599,30073,8.613
S30009,45.466361,-73.813416,30074,8.629
S30009,45.466403,-73.813304,30075,8.639
S30009,45.466462,-73.813154,30076,8.652
S30009,45.466527,-73.813008,30077,8.666
S30009,45.466594,-73.812865,30078,8.679
S30009,45.466698,-73.812653,30079,8.700
S30009,45.466803,-73.812444,30080,8.720
S30009,45.466855,-73.812342,30081,8.730
S30009,45.468398,-73.809304,30082,9.023
S30009,45.468569,-73.808970,30083,9.055
S30009,45.468739,-73.808636,30084,9.087
S30009,45.469427,-73.807283,30085,9.218
S30009,45.469732,-73.806672,30086,9.276
S30009,45.470032,-73.806056,30087,9.335
S30009,45.476557,-73.792189,30088,10.639
S30009,45.476557,-73.792189,40001,10.639
S30009,45.477766,-73.789619,40002,10.881
S30009,45.477843,-73.789457,40003,10.896
S30009,45.477922,-73.789298,40004,10.911
S30009,45.477974,-73.789197,40005,10.921
S30009,45.478070,-73.789026,40006,10.938
S30009,45.478171,-73.788860,40007,10.956
S30009,45.478231,-73.788768,40008,10.965
S30009,45.478328,-73.788629,40009,10.981
S30009,45.478425,-73.788493,40010,10.996
S30009,45.478488,-73.788404,40011,11.006
S30009,45.478844,-73.787911,40012,11.061
S30009,45.479003,-73.787689,40013,11.086
S30009,45.479082,-73.787577,40014,11.098
S30009,45.479158,-73.787462,40015,11.110
S30009,45.479278,-73.787273,40016,11.130
S30009,45.479392,-73.787080,40017,11.150
S30009,45.479502,-73.786879,40018,11.170
S30009,45.479568,-73.786752,40019,11.182
S30009,45.479632,-73.786623,40020,11.194
S30009,45.479759,-73.786361,40021,11.219
S30009,45.480497,-73.784824,40022,11.365
S30009,45.480918,-73.783935,40023,11.449
S30009,45.481179,-73.783384,40024,11.501
S30009,45.481349,-73.783022,40025,11.535
S30009,45.481519,-73.782661,40026,11.569
S30009,45.482652,-73.780251,40027,11.795
S30009,45.482828,-73.779878,40028,11.830
S30009,45.483002,-73.779506,40029,11.865
S30009,45.484527,-73.776268,40030,12.170
S30009,45.484857,-73.775566,40031,12.236
S30009,45.487022,-73.770962,40032,12.669
S30009,45.487190,-73.770603,40033,12.703
S30009,45.487359,-73.770245,40034,12.736
S30009,45.487880,-73.769137,40035,12.841
S30009,45.487929,-73.769033,40036,12.850
S30009,45.488081,-73.768712,40037,12.880
S30009,45.488236,-73.768394,40038,12.911
S30009,45.488288,-73.768292,40039,12.921
S30009,45.488415,-73.768052,40040,12.944
S30009,45.488546,-73.767817,40041,12.967
S30009,45.488680,-73.767586,40042,12.991
S30009,45.488818,-73.767360,40043,13.014
S30009,45.488961,-73.767138,40044,13.038
S30009,45.489107,-73.766923,40045,13.061
S30009,45.489209,-73.766780,40046,13.077
S30009,45.489311,-73.766640,40047,13.093
S30009,45.489414,-73.766501,40048,13.108
S30009,45.489520,-73.766366,40049,13.124
S30009,45.489679,-73.766171,40050,13.148
S30009,45.489841,-73.765980,40051,13.171
S30009,45.490006,-73.765795,40052,13.194
S30009,45.490175,-73.765617,40053,13.218
S30009,45.490247,-73.765543,40054,13.228
S30009,45.490471,-73.765323,40055,13.258
S30009,45.490697,-73.765109,40056,13.288
S30009,45.490771,-73.765039,40057,13.298
S30009,45.493528,-73.762434,40058,13.666
S30009,45.493929,-73.762049,40059,13.720
S30009,45.494327,-73.761657,40060,13.773
S30009,45.495150,-73.760818,40061,13.886
S30009,45.495445,-73.760520,40062,13.926
S30009,45.495743,-73.760227,40063,13.966
S30009,45.496042,-73.759936,40064,14.007
S30009,45.498520,-73.757618,40065,14.336
S30009,45.498690,-73.757461,40066,14.359
S30009,45.498777,-73.757387,40067,14.370
S30009,45.498867,-73.757320,40068,14.381
S30009,45.498967,-73.757255,40069,14.393
S30009,45.499069,-73.757201,40070,14.406
S30009,45.499174,-73.757154,40071,14.418
S30009,45.499281,-73.757118,40072,14.430
S30009,45.499389,-73.757093,40073,14.442
S30009,45.499498,-73.757077,40074,14.454
S30009,45.499607,-73.757072,40075,14.467
S30009,45.499717,-73.757077,40076,14.479
S30009,45.499825,-73.757091,40077,14.491
S30009,45.499934,-73.757116,40078,14.503
S30009,45.500040,-73.757153,40079,14.515
S30009,45.500146,-73.757196,40080,14.527
S30009,45.500248,-73.757252,40081,14.540
S30009,45.500349,-73.757315,40082,14.552
S30009,45.500445,-73.757389,40083,14.564
S30009,45.500538,-73.757471,40084,14.576
S30009,45.500627,-73.757562,40085,14.588
S30009,45.500712,-73.757661,40086,14.601
S30009,45.500787,-73.757759,40087,14.612
S30009,45.500858,-73.757861,40088,14.623
S30009,45.500995,-73.758074,40089,14.646
S30009,45.502226,-73.760030,40090,14.851
S30009,45.502362,-73.760242,40091,14.873
S30009,45.502433,-73.760343,40092,14.884
S30009,45.502508,-73.760440,40093,14.896
S30009,45.502578,-73.760521,40094,14.905
S30009,45.502650,-73.760594,40095,14.915
S30009,45.502734,-73.760667,40096,14.926
S30009,45.502819,-73.760734,40097,14.937
S30009,45.502908,-73.760792,40098,14.948
S30009,45.503000,-73.760841,40099,14.959
S30009,45.503093,-73.760883,40100,14.970
S30009,45.503189,-73.760915,40101,14.981
S30009,45.503286,-73.760940,40102,14.992
S30009,45.503385,-73.760954,40103,15.003
S30009,45.503484,-73.760961,40104,15.014
S30009,45.503583,-73.760958,40105,15.025
S30009,45.503682,-73.760945,40106,15.036
S30009,45.503780,-73.760924,40107,15.047
S30009,45.503877,-73.760894,40108,15.058
S30009,45.503972,-73.760853,40109,15.069
S30009,45.504065,-73.760805,40110,15.080
S30009,45.504156,-73.760749,40111,15.091
S30009,45.504244,-73.760684,40112,15.102
S30009,45.504328,-73.760611,40113,15.113
S30009,45.504410,-73.760530,40114,15.124
S30009,45.504488,-73.760442,40115,15.135
S30009,45.504561,-73.760348,40116,15.146
S30009,45.504630,-73.760246,40117,15.157
S30009,45.504694,-73.760137,40118,15.168
S30009,45.504753,-73.760025,40119,15.179
S30009,45.504808,-73.759904,40120,15.190
S30009,45.504858,-73.759780,40121,15.202
S30009,45.504952,-73.759524,40122,15.224
S30009,45.505081,-73.759164,40123,15.256
S30009,45.505210,-73.758804,40124,15.287
S30009,45.505520,-73.757938,40125,15.363
S30009,45.505771,-73.757250,40126,15.424
S30009,45.506408,-73.755504,40127,15.578
S30009,45.507073,-73.753732,40128,15.735
S30009,45.507285,-73.753154,40129,15.785
S30009,45.507494,-73.752574,40130,15.836
S30009,45.508791,-73.748952,40131,16.154
S30009,45.509036,-73.748267,40132,16.214
S30009,45.510708,-73.743594,40133,16.624
S30009,45.510759,-73.743452,40134,16.636
S30009,45.510811,-73.743310,40135,16.649
S30009,45.510904,-73.743067,40136,16.670
S30009,45.510961,-73.742928,40137,16.683
S30009,45.511018,-73.742790,40138,16.695
S30009,45.512323,-73.739246,40139,17.008
S30009,45.514815,-73.732411,40140,17.609
S30009,45.514815,-73.732411,40141,17.609
S30009,45.514995,-73.731901,40142,17.654
S30009,45.515172,-73.731389,40143,17.699
S30009,45.515201,-73.731304,40144,17.706
S30009,45.515297,-73.731023,40145,17.730
S30009,45.515458,-73.730553,40146,17.771
S30009,45.515458,-73.730553,40147,17.771
S30009,45.515486,-73.730471,40148,17.778
S30009,45.515600,-73.730142,40149,17.807
S30009,45.515743,-73.729735,40150,17.843
S30009,45.515859,-73.729407,40151,17.871
S30009,45.516006,-73.729001,40152,17.907
S30009,45.516152,-73.728595,40153,17.942
S30009,45.516505,-73.727610,40154,18.029
S30009,45.516675,-73.727140,40155,18.070
S30009,45.516844,-73.726670,40156,18.111
S30009,45.517013,-73.726201,40157,18.153
S30009,45.517181,-73.725730,40158,18.194
S30009,45.517351,-73.725260,40159,18.235
S30009,45.517520,-73.724790,40160,18.276
S30009,45.517689,-73.724319,40161,18.318
S30009,45.517857,-73.723850,40162,18.359
S30009,45.518154,-73.723024,40163,18.431
S30009,45.518256,-73.722739,40164,18.456
S30009,45.518359,-73.722454,40165,18.481
S30009,45.518462,-73.722169,40166,18.506
S30009,45.518564,-73.721884,40167,18.531
S30009,45.520406,-73.716759,40168,18.981
S30009,45.520584,-73.716269,40169,19.024
S30009,45.520765,-73.715782,40170,19.067
S30009,45.521353,-73.714211,40171,19.206
S30009,45.521522,-73.713755,40172,19.246
S30009,45.521688,-73.713298,40173,19.287
S30009,45.521979,-73.712492,40174,19.357
S30009,45.521979,-73.712492,50001,19.357
S30009,45.522269,-73.711686,50002,19.428
S30009,45.522445,-73.711202,50003,19.471
S30009,45.522624,-73.710720,50004,19.513
S30009,45.522885,-73.710027,50005,19.575
S30009,45.523064,-73.709545,50006,19.617
S30009,45.523240,-73.709061,50007,19.660
S30009,45.523825,-73.707436,50008,19.802
S30009,45.524236,-73.706297,50009,19.902
S30009,45.525630,-73.702425,50010,20.242
S30009,45.525649,-73.702376,50011,20.247
S30009,45.525843,-73.701827,50012,20.295
S30009,45.526035,-73.701276,50013,20.343
S30009,45.526112,-73.701051,50014,20.362
S30009,45.526328,-73.700422,50015,20.417
S30009,45.526365,-73.700314,50016,20.426
S30009,45.526556,-73.699763,50017,20.474
S30009,45.526751,-73.699216,50018,20.522
S30009,45.526950,-73.698663,50019,20.571
S30009,45.527150,-73.698109,50020,20.619
S30009,45.527349,-73.697557,50021,20.668
S30009,45.527548,-73.697003,50022,20.716
S30009,45.527650,-73.696718,50023,20.741
S30009,45.527750,-73.696431,50024,20.766
S30009,45.527879,-73.696046,50025,20.800
S30009,45.527999,-73.695668,50026,20.832
S30009,45.528113,-73.695284,50027,20.865
S30009,45.528221,-73.694898,50028,20.897
S30009,45.528322,-73.694508,50029,20.930
S30009,45.528411,-73.694139,50030,20.960
S30009,45.528495,-73.693769,50031,20.991
S30009,45.528574,-73.693395,50032,21.021
S30009,45.528647,-73.693019,50033,21.052
S30009,45.528715,-73.692641,50034,21.082
S30009,45.528719,-73.692616,50035,21.084
S30009,45.528723,-73.692591,50036,21.086
S30009,45.528728,-73.692566,50037,21.088
S30009,45.528731,-73.692542,50038,21.090
S30009,45.528736,-73.692516,50039,21.092
S30009,45.528739,-73.692492,50040,21.094
S30009,45.528744,-73.692466,50041,21.096
S30009,45.528748,-73.692442,50042,21.098
S30009,45.528751,-73.692416,50043,21.100
S30009,45.528756,-73.692392,50044,21.102
S30009,45.528788,-73.692164,50045,21.120
S30009,45.528815,-73.691934,50046,21.138
S30009,45.528838,-73.691703,50047,21.156
S30009,45.528855,-73.691470,50048,21.175
S30009,45.528868,-73.691239,50049,21.193
S30009,45.528875,-73.691079,50050,21.205
S30009,45.528880,-73.690919,50051,21.218
S30009,45.528899,-73.690270,50052,21.269
S30009,45.528899,-73.690270,60001,21.269
S30009,45.528926,-73.689367,60002,21.339
S30009,45.528930,-73.689207,60003,21.352
S30009,45.528933,-73.689047,60004,21.364
S30009,45.528935,-73.688786,60005,21.385
S30009,45.528929,-73.688525,60006,21.405
S30009,45.528917,-73.688264,60007,21.425
S30009,45.528899,-73.688004,60008,21.446
S30009,45.528897,-73.687979,60009,21.448
S30009,45.528895,-73.687954,60010,21.450
S30009,45.528893,-73.687928,60011,21.452
S30009,45.528890,-73.687903,60012,21.454
S30009,45.528888,-73.687878,60013,21.456
S30009,45.528886,-73.687853,60014,21.458
S30009,45.528883,-73.687827,60015,21.460
S30009,45.528880,-73.687801,60016,21.462
S30009,45.528879,-73.687777,60017,21.463
S30009,45.528876,-73.687750,60018,21.466
S30009,45.528834,-73.687363,60019,21.496
S30009,45.528785,-73.686979,60020,21.527
S30009,45.528729,-73.686596,60021,21.557
S30009,45.528667,-73.686214,60022,21.588
S30009,45.528597,-73.685837,60023,21.618
S30009,45.528521,-73.685460,60024,21.649
S30009,45.528438,-73.685087,60025,21.680
S30009,45.528348,-73.684717,60026,21.710
S30009,45.528252,-73.684350,60027,21.741
S30009,45.528194,-73.684143,60028,21.758
S30009,45.528135,-73.683934,60029,21.776
S30009,45.527836,-73.682884,60030,21.864
S30009,45.527777,-73.682681,60031,21.881
S30009,45.527700,-73.682409,60032,21.904
S30009,45.527700,-73.682409,60033,21.904
S30009,45.527488,-73.681667,60034,21.967
S30009,45.527207,-73.680692,60035,22.049
S30009,45.526927,-73.679718,60036,22.131
S30009,45.526709,-73.678960,60037,22.195
S30009,45.525358,-73.674267,60038,22.591
S30009,45.525017,-73.673083,60039,22.691
S30009,45.524853,-73.672513,60040,22.739
S30009,45.524853,-73.672513,70001,22.739
S30009,45.524406,-73.670960,70002,22.871
S30009,45.524230,-73.670354,70003,22.922
S30009,45.524134,-73.670021,70004,22.950
S30009,45.523927,-73.669311,70005,23.010
S30009,45.523819,-73.668942,70006,23.041
S30009,45.523669,-73.668429,70007,23.085
S30009,45.523520,-73.667913,70008,23.128
S30009,45.523203,-73.666823,70009,23.220
S30009,45.523008,-73.666148,70010,23.277
S30009,45.522579,-73.664635,70011,23.405
S30009,45.522419,-73.664071,70012,23.452
S30009,45.522260,-73.663507,70013,23.500
S30009,45.521967,-73.662474,70014,23.587
S30009,45.521801,-73.661887,70015,23.636
S30009,45.521801,-73.661887,80001,23.636
S30009,45.521395,-73.660456,80002,23.757
S30009,45.520975,-73.658975,80003,23.882
S30009,45.520909,-73.658743,80004,23.901
S30009,45.520772,-73.658264,80005,23.942
S30009,45.520652,-73.657855,80006,23.976
S30009,45.520530,-73.657448,80007,24.011
S30009,45.520298,-73.656678,80008,24.076
S30009,45.520139,-73.656148,80009,24.121
S30009,45.519984,-73.655616,80010,24.166
S30009,45.519896,-73.655306,80011,24.192
S30009,45.519555,-73.654122,80012,24.292
S30009,45.517954,-73.648570,80013,24.761
S30009,45.517613,-73.647385,80014,24.861
S30009,45.516511,-73.643563,80015,25.184
S30009,45.516511,-73.643563,90001,25.184
S30009,45.516382,-73.643115,90002,25.222
S30009,45.516040,-73.641930,90003,25.322
S30009,45.515561,-73.640267,90004,25.462
S30009,45.515433,-73.639823,90005,25.500
S30009,45.514469,-73.636481,90006,25.782
S30009,45.514128,-73.635297,90007,25.882
S30009,45.513944,-73.634659,90008,25.936
S30009,45.513944,-73.634659,100001,25.936
S30009,45.513670,-73.633710,100002,26.016
S30009,45.513632,-73.633574,100003,26.027
S30009,45.513593,-73.633437,100004,26.039
S30009,45.513529,-73.633188,100005,26.059
S30009,45.513472,-73.632936,100006,26.080
S30009,45.513422,-73.632681,100007,26.101
S30009,45.513396,-73.632538,100008,26.112
S30009,45.513372,-73.632395,100009,26.124
S30009,45.513221,-73.631496,100010,26.196
S30009,45.513158,-73.631122,100011,26.226
S30009,45.513060,-73.630533,100012,26.273
S30009,45.512938,-73.629804,100013,26.332
S30009,45.512882,-73.629471,100014,26.359
S30009,45.512080,-73.624685,100015,26.743
S30009,45.511918,-73.623718,100016,26.821
S30009,45.510074,-73.612720,100017,27.704
S30009,45.510074,-73.612721,110001,27.704
S30009,45.507392,-73.596747,110002,28.988
S30009,45.507215,-73.595695,110003,29.072
S30009,45.504685,-73.580652,110004,30.281
S30009,45.504557,-73.579891,110005,30.342
S30009,45.504032,-73.576765,110006,30.593
S30009,45.503990,-73.576520,110007,30.613
S30009,45.503947,-73.576274,110008,30.633
S30009,45.503885,-73.575958,110009,30.658
S30009,45.503816,-73.575644,110010,30.684
S30009,45.503742,-73.575334,110011,30.709
S30009,45.503660,-73.575027,110012,30.735
S30009,45.503572,-73.574724,110013,30.761
S30009,45.503478,-73.574423,110014,30.787
S30009,45.503379,-73.574127,110015,30.812
S30009,45.503273,-73.573835,110016,30.838
S30009,45.503160,-73.573549,110017,30.863
S30009,45.503043,-73.573267,110018,30.889
S30009,45.502919,-73.572989,110019,30.915
S30009,45.502803,-73.572743,110020,30.938
S30009,45.502685,-73.572500,110021,30.961
S30009,45.502646,-73.572419,110022,30.969
S30009,45.502646,-73.572419,120001,30.969
S30009,45.502407,-73.571931,120002,31.015
S30009,45.502134,-73.571372,120003,31.068
S30009,45.501942,-73.570977,120004,31.106
S30009,45.501891,-73.570872,120005,31.116
S30009,45.501681,-73.570441,120006,31.157
S30009,45.501446,-73.569960,120007,31.203
S30009,45.501387,-73.569844,120008,31.214
S30009,45.501322,-73.569735,120009,31.225
S30009,45.501322,-73.569735,120010,31.225
S30009,45.501158,-73.569474,120011,31.252
S30009,45.501035,-73.569272,120012,31.273
S30009,45.501035,-73.569272,120013,31.273
S30009,45.500906,-73.569052,120014,31.296
S30009,45.500877,-73.569002,120015,31.300
S30009,45.500814,-73.568889,120016,31.312
S30009,45.500754,-73.568771,120017,31.323
S30009,45.500754,-73.568771,120018,31.323
S30009,45.500588,-73.568429,120019,31.355
S30009,45.500283,-73.567797,120020,31.416
S30009,45.499976,-73.567166,120021,31.475
S30009,45.499906,-73.567021,120022,31.489
S30009,45.499906,-73.567021,130001,31.489
S30009,45.499508,-73.566199,130002,31.567
S30009,45.499202,-73.565567,130003,31.627
S30009,45.499186,-73.565536,130004,31.630
S30009,45.499147,-73.565450,130005,31.638
S30009,45.499147,-73.565450,130006,31.638
S30009,45.499113,-73.565372,130007,31.645
S30009,45.499064,-73.565257,130008,31.656
S30009,45.499021,-73.565136,130009,31.666
S30009,45.499021,-73.565136,130010,31.666
S30009,45.498940,-73.564901,130011,31.687
S30009,45.498893,-73.564763,130012,31.699
S30009,45.498830,-73.564581,130013,31.715
S30009,45.498764,-73.564402,130014,31.730
S30009,45.498764,-73.564402,130015,31.730
S30009,45.498694,-73.564219,130016,31.747
S30009,45.498514,-73.563742,130017,31.789
S30009,45.498461,-73.563602,130018,31.802
S30009,45.498461,-73.563602,130019,31.802
S30009,45.498406,-73.563462,130020,31.814
S30009,45.498406,-73.563462,130021,31.814
S30009,45.498352,-73.563330,130022,31.826
S30009,45.498297,-73.563201,130023,31.838
S30009,45.498297,-73.563201,130024,31.838
S30009,45.498236,-73.563066,130025,31.850
S30009,45.498236,-73.563066,130026,31.850
S30009,45.498174,-73.562933,130027,31.863
S30009,45.498174,-73.562933,130028,31.863
S30009,45.498171,-73.562928,130029,31.863
S30009,45.497872,-73.562288,130030,31.923
S30009,45.497719,-73.561962,130031,31.954
S30009,45.497195,-73.560841,130032,32.059
S30009,45.496777,-73.559948,130033,32.143
S30009,45.496566,-73.559499,130034,32.185
S30009,45.496566,-73.559499,130035,32.185
S30009,45.496451,-73.559255,130036,32.208
S30009,45.496150,-73.558618,130037,32.268
S30009,45.495870,-73.558023,130038,32.324
S30009,45.495708,-73.557686,130039,32.356
S30009,45.495708,-73.557686,130040,32.356
S30009,45.495624,-73.557521,130041,32.372
S30009,45.495534,-73.557362,130042,32.388
S30009,45.495534,-73.557362,130043,32.388
S30009,45.495455,-73.557234,130044,32.401
S30009,45.495371,-73.557112,130045,32.414
S30009,45.495284,-73.556995,130046,32.428
S30009,45.495192,-73.556884,130047,32.441
S30009,45.495192,-73.556884,130048,32.441
S30009,45.495091,-73.556772,130049,32.455
S30009,45.494986,-73.556668,130050,32.470
S30009,45.494877,-73.556571,130051,32.484
S30009,45.494766,-73.556481,130052,32.498
S30009,45.494651,-73.556399,130053,32.512
S30009,45.494534,-73.556326,130054,32.527
S30009,45.494534,-73.556326,130055,32.527
S30009,45.494534,-73.556326,130056,32.527
S30009,45.494408,-73.556258,130057,32.542
S30009,45.494279,-73.556199,130058,32.557
S30009,45.494149,-73.556150,130059,32.572
S30009,45.494017,-73.556110,130060,32.587
S30009,45.494017,-73.556110,130061,32.587
S30009,45.493898,-73.556084,130062,32.600
S30009,45.493778,-73.556064,130063,32.613
S30009,45.493656,-73.556053,130064,32.627
S30009,45.493656,-73.556053,130065,32.627
S30009,45.493613,-73.556051,130066,32.632
S30009,45.493613,-73.556051,130067,32.632
S30009,45.493469,-73.556051,130068,32.648
S30009,45.493325,-73.556060,130069,32.664
S30009,45.493325,-73.556060,130070,32.664
S30009,45.493039,-73.556090,130071,32.696
S30009,45.493039,-73.556090,130072,32.696
S30009,45.491432,-73.556287,130073,32.875
S30009,45.491102,-73.556333,130074,32.912
S30009,45.490772,-73.556382,130075,32.949
S30009,45.490772,-73.556382,130076,32.949
S30009,45.490247,-73.556465,130077,33.007
S30009,45.490170,-73.556476,130078,33.016
S30009,45.489991,-73.556504,130079,33.036
S30009,45.489991,-73.556504,130080,33.036
S30009,45.489811,-73.556529,130081,33.056
S30009,45.489811,-73.556529,130082,33.056
S30009,45.489658,-73.556544,130083,33.073
S30009,45.489658,-73.556544,130084,33.073
S30009,45.489448,-73.556555,130085,33.096
S30009,45.489448,-73.556555,130086,33.096
S30009,45.489239,-73.556557,130087,33.120
S30009,45.489239,-73.556557,130088,33.120
S30009,45.489058,-73.556552,130089,33.140
S30009,45.489058,-73.556552,130090,33.140
S30009,45.488879,-73.556543,130091,33.160
S30009,45.488879,-73.556543,130092,33.160
S30009,45.488713,-73.556534,130093,33.178
S30009,45.487830,-73.556487,130094,33.276
S30009,45.487787,-73.556484,130095,33.281
S30009,45.487606,-73.556473,130096,33.301
S30009,45.487425,-73.556458,130097,33.321
S30009,45.487425,-73.556458,130098,33.321
S30009,45.487303,-73.556444,130099,33.335
S30009,45.487183,-73.556422,130100,33.348
S30009,45.487063,-73.556394,130101,33.362
S30009,45.487063,-73.556394,130102,33.362
S30009,45.486939,-73.556357,130103,33.376
S30009,45.486817,-73.556311,130104,33.390
S30009,45.486696,-73.556255,130105,33.404
S30009,45.486578,-73.556191,130106,33.418
S30009,45.486462,-73.556118,130107,33.432
S30009,45.486349,-73.556038,130108,33.446
S30009,45.486238,-73.555949,130109,33.460
S30009,45.486132,-73.555852,130110,33.474
S30009,45.486029,-73.555747,130111,33.489
S30009,45.485929,-73.555636,130112,33.503
S30009,45.485833,-73.555516,130113,33.517
S30009,45.485743,-73.555391,130114,33.531
S30009,45.485657,-73.555259,130115,33.545
S30009,45.485575,-73.555121,130116,33.559
S30009,45.485499,-73.554976,130117,33.573
S30009,45.485428,-73.554828,130118,33.587
S30009,45.485428,-73.554828,130119,33.587
S30009,45.485372,-73.554696,130120,33.599
S30009,45.485319,-73.554562,130121,33.611
S30009,45.485271,-73.554423,130122,33.623
S30009,45.485227,-73.554283,130123,33.635
S30009,45.485188,-73.554139,130124,33.647
S30009,45.485188,-73.554139,130125,33.647
S30009,45.485146,-73.553962,130126,33.662
S30009,45.485111,-73.553780,130127,33.676
S30009,45.485082,-73.553596,130128,33.691
S30009,45.485061,-73.553410,130129,33.706
S30009,45.485045,-73.553223,130130,33.721
S30009,45.485038,-73.553035,130131,33.735
S30009,45.485037,-73.552846,130132,33.750
S30009,45.485044,-73.552658,130133,33.765
S30009,45.485057,-73.552471,130134,33.779
S30009,45.485078,-73.552284,130135,33.794
S30009,45.485078,-73.552284,130136,33.794
S30009,45.485078,-73.552284,130137,33.794
S30009,45.485103,-73.552116,130138,33.808
S30009,45.485131,-73.551948,130139,33.821
S30009,45.485166,-73.551783,130140,33.835
S30009,45.485166,-73.551783,130141,33.835
S30009,45.485222,-73.551537,130142,33.855
S30009,45.485279,-73.551292,130143,33.875
S30009,45.485279,-73.551292,130144,33.875
S30009,45.486074,-73.547981,130145,34.149
S30009,45.486249,-73.547255,130146,34.209
S30009,45.486271,-73.547165,130147,34.216
S30009,45.486342,-73.546861,130148,34.241
S30009,45.486410,-73.546557,130149,34.266
S30009,45.486410,-73.546557,130150,34.266
S30009,45.486439,-73.546403,130151,34.278
S30009,45.486466,-73.546247,130152,34.291
S30009,45.486488,-73.546091,130153,34.303
S30009,45.486505,-73.545934,130154,34.316
S30009,45.486505,-73.545934,130155,34.316
S30009,45.486519,-73.545756,130156,34.330
S30009,45.486525,-73.545578,130157,34.344
S30009,45.486525,-73.545399,130158,34.358
S30009,45.486518,-73.545221,130159,34.372
S30009,45.486504,-73.545045,130160,34.386
S30009,45.486484,-73.544868,130161,34.400
S30009,45.486456,-73.544694,130162,34.413
S30009,45.486422,-73.544523,130163,34.427
S30009,45.486382,-73.544354,130164,34.441
S30009,45.486335,-73.544188,130165,34.455
S30009,45.486282,-73.544026,130166,34.469
S30009,45.486223,-73.543869,130167,34.483
S30009,45.486158,-73.543717,130168,34.497
S30009,45.486087,-73.543570,130169,34.511
S30009,45.486010,-73.543428,130170,34.525
S30009,45.485929,-73.543292,130171,34.539
S30009,45.485842,-73.543164,130172,34.553
S30009,45.485751,-73.543041,130173,34.567
S30009,45.485654,-73.542927,130174,34.581
S30009,45.485554,-73.542820,130175,34.595
S30009,45.485449,-73.542721,130176,34.609
S30009,45.485341,-73.542629,130177,34.623
S30009,45.485231,-73.542547,130178,34.637
S30009,45.485116,-73.542473,130179,34.651
S30009,45.484999,-73.542408,130180,34.664
S30009,45.484880,-73.542352,130181,34.678
S30009,45.484759,-73.542306,130182,34.692
S30009,45.484636,-73.542269,130183,34.706
S30009,45.484512,-73.542242,130184,34.720
S30009,45.484387,-73.542224,130185,34.734
S30009,45.484262,-73.542216,130186,34.748
S30009,45.484262,-73.542216,130187,34.748
S30009,45.484262,-73.542216,130188,34.748
S30009,45.484157,-73.542216,130189,34.760
S30009,45.484053,-73.542224,130190,34.772
S30009,45.483948,-73.542236,130191,34.783
S30009,45.483948,-73.542236,130192,34.783
S30009,45.483793,-73.542264,130193,34.800
S30009,45.483638,-73.542301,130194,34.818
S30009,45.483638,-73.542301,130195,34.818
S30009,45.483484,-73.542345,130196,34.835
S30009,45.483331,-73.542396,130197,34.853
S30009,45.483331,-73.542396,130198,34.853
S30009,45.483026,-73.542506,130199,34.888
S30009,45.483026,-73.542506,130200,34.888
S30009,45.482982,-73.542522,130201,34.893
S30009,45.482064,-73.542860,130202,34.998
S30009,45.481541,-73.543053,130203,35.058
S30009,45.480448,-73.543457,130204,35.184
S30009,45.479966,-73.543634,130205,35.239
S30009,45.479661,-73.543749,130206,35.274
S30009,45.479661,-73.543749,130207,35.274
S30009,45.479510,-73.543810,130208,35.292
S30009,45.479360,-73.543875,130209,35.309
S30009,45.479360,-73.543875,130210,35.309
S30009,45.479184,-73.543961,130211,35.330
S30009,45.479010,-73.544054,130212,35.350
S30009,45.478839,-73.544155,130213,35.371
S30009,45.478671,-73.544265,130214,35.392
S30009,45.478504,-73.544382,130215,35.412
S30009,45.478342,-73.544508,130216,35.433
S30009,45.478181,-73.544641,130217,35.453
S30009,45.478025,-73.544781,130218,35.474
S30009,45.477871,-73.544929,130219,35.495
S30009,45.477721,-73.545084,130220,35.515
S30009,45.477575,-73.545246,130221,35.536
S30009,45.477432,-73.545415,130222,35.557
S30009,45.477295,-73.545591,130223,35.577
S30009,45.477160,-73.545774,130224,35.598
S30009,45.477160,-73.545774,130225,35.598
S30009,45.477160,-73.545774,130226,35.598
S30009,45.477050,-73.545933,130227,35.615
S30009,45.476943,-73.546096,130228,35.633
S30009,45.476943,-73.546096,130229,35.633
S30009,45.476730,-73.546427,130230,35.668
S30009,45.476730,-73.546427,130231,35.668
S30009,45.476452,-73.546866,130232,35.714
S30009,45.476174,-73.547306,130233,35.760
S30009,45.476036,-73.547520,130234,35.783
S30009,45.475895,-73.547731,130235,35.806
S30009,45.475895,-73.547731,130236,35.806
S30009,45.475799,-73.547869,130237,35.821
S30009,45.475698,-73.548000,130238,35.836
S30009,45.475593,-73.548124,130239,35.851
S30009,45.475593,-73.548124,130240,35.851
S30009,45.475495,-73.548230,130241,35.865
S30009,45.475393,-73.548327,130242,35.879
S30009,45.475288,-73.548418,130243,35.892
S30009,45.475179,-73.548501,130244,35.906
S30009,45.475067,-73.548576,130245,35.920
S30009,45.474954,-73.548643,130246,35.933
S30009,45.474838,-73.548701,130247,35.947
S30009,45.474720,-73.548752,130248,35.961
S30009,45.474720,-73.548752,130249,35.961
S30009,45.474607,-73.548792,130250,35.974
S30009,45.474494,-73.548824,130251,35.986
S30009,45.474380,-73.548848,130252,35.999
S30009,45.474380,-73.548848,130253,35.999
S30009,45.474264,-73.548866,130254,36.012
S30009,45.474149,-73.548875,130255,36.025
S30009,45.474033,-73.548876,130256,36.038
S30009,45.474033,-73.548876,130257,36.038
S30009,45.473917,-73.548868,130258,36.051
S30009,45.473802,-73.548854,130259,36.063
S30009,45.473688,-73.548832,130260,36.076
S30009,45.473688,-73.548832,130261,36.076
S30009,45.473573,-73.548803,130262,36.089
S30009,45.473461,-73.548764,130263,36.102
S30009,45.473349,-73.548719,130264,36.115
S30009,45.473349,-73.548719,130265,36.115
S30009,45.473232,-73.548663,130266,36.129
S30009,45.473117,-73.548599,130267,36.142
S30009,45.473005,-73.548526,130268,36.156
S30009,45.472895,-73.548445,130269,36.170
S30009,45.472789,-73.548357,130270,36.183
S30009,45.472789,-73.548357,130271,36.183
S30009,45.472674,-73.548252,130272,36.199
S30009,45.472563,-73.548138,130273,36.214
S30009,45.472456,-73.548018,130274,36.229
S30009,45.472456,-73.548018,130275,36.229
S30009,45.472300,-73.547831,130276,36.252
S30009,45.472145,-73.547640,130277,36.275
S30009,45.472145,-73.547640,130278,36.275
S30009,45.471588,-73.546945,130279,36.357
S30009,45.471444,-73.546762,130280,36.378
S30009,45.471301,-73.546576,130281,36.400
S30009,45.471301,-73.546576,130282,36.400
S30009,45.471209,-73.546450,130283,36.414
S30009,45.471120,-73.546315,130284,36.428
S30009,45.471037,-73.546177,130285,36.443
S30009,45.471037,-73.546177,130286,36.443
S30009,45.470958,-73.546033,130287,36.457
S30009,45.470884,-73.545883,130288,36.471
S30009,45.470817,-73.545728,130289,36.486
S30009,45.470817,-73.545728,130290,36.486
S30009,45.470755,-73.545567,130291,36.500
S30009,45.470700,-73.545403,130292,36.514
S30009,45.470650,-73.545234,130293,36.528
S30009,45.470650,-73.545234,130294,36.528
S30009,45.470613,-73.545083,130295,36.541
S30009,45.470579,-73.544930,130296,36.553
S30009,45.470552,-73.544774,130297,36.566
S30009,45.470552,-73.544774,130298,36.566
S30009,45.470526,-73.544595,130299,36.580
S30009,45.470506,-73.544413,130300,36.595
S30009,45.470491,-73.544232,130301,36.609
S30009,45.470491,-73.544232,130302,36.609
S30009,45.470475,-73.543958,130303,36.631
S30009,45.470462,-73.543684,130304,36.652
S30009,45.470462,-73.543684,130305,36.652
S30009,45.470356,-73.541272,130306,36.841
S30009,45.470347,-73.541074,130307,36.857
S30009,45.470347,-73.541074,130308,36.857
S30009,45.470339,-73.540877,130309,36.872
S30009,45.470339,-73.540877,130310,36.872
S30009,45.470329,-73.540503,130311,36.901
S30009,45.470329,-73.540503,130312,36.901
S30009,45.470325,-73.540305,130313,36.917
S30009,45.470325,-73.540305,130314,36.917
S30009,45.470323,-73.540107,130315,36.932
S30009,45.470323,-73.540107,130316,36.932
S30009,45.470319,-73.539772,130317,36.958
S30009,45.470305,-73.538547,130318,37.054
S30009,45.470305,-73.538547,140001,37.054
S30009,45.470291,-73.537410,140002,37.143
S30009,45.470285,-73.536860,140003,37.186
S30009,45.470277,-73.536080,140004,37.247
S30009,45.470265,-73.535343,140005,37.305
S30009,45.470265,-73.535343,140006,37.305
S30009,45.470251,-73.534560,140007,37.366
S30009,45.470246,-73.534296,140008,37.387
S30009,45.470246,-73.534296,140009,37.387
S30009,45.470223,-73.532991,140010,37.489
S30009,45.470192,-73.531686,140011,37.591
S30009,45.470157,-73.530383,140012,37.693
S30009,45.470114,-73.529080,140013,37.795
S30009,45.470066,-73.527777,140014,37.897
S30009,45.470010,-73.526474,140015,37.999
S30009,45.469949,-73.525172,140016,38.101
S30009,45.469881,-73.523871,140017,38.203
S30009,45.469808,-73.522570,140018,38.305
S30009,45.469727,-73.521270,140019,38.407
S30009,45.469641,-73.519971,140020,38.509
S30009,45.469548,-73.518673,140021,38.611
S30009,45.469449,-73.517375,140022,38.713
S30009,45.469449,-73.517375,140023,38.713
S30009,45.469449,-73.517375,140024,38.713
S30009,45.469382,-73.516548,140025,38.778
S30009,45.469313,-73.515722,140026,38.843
S30009,45.469313,-73.515722,140027,38.843
S30009,45.469242,-73.514894,140028,38.908
S30009,45.469167,-73.514068,140029,38.974
S30009,45.469167,-73.514068,140030,38.974
S30009,45.469091,-73.513243,140031,39.039
S30009,45.469012,-73.512417,140032,39.104
S30009,45.469012,-73.512417,140033,39.104
S30009,45.468930,-73.511592,140034,39.169
S30009,45.468846,-73.510768,140035,39.234
S30009,45.468846,-73.510768,140036,39.234
S30009,45.468639,-73.508781,140037,39.391
S30009,45.468433,-73.506795,140038,39.548
S30009,45.468226,-73.504807,140039,39.705
S30009,45.468020,-73.502821,140040,39.862
S30009,45.467917,-73.501852,140041,39.939
S30009,45.467814,-73.500884,140042,40.016
S30009,45.467814,-73.500884,140043,40.016
S30009,45.467708,-73.499916,140044,40.092
S30009,45.467600,-73.498949,140045,40.169
S30009,45.467600,-73.498949,140046,40.169
S30009,45.467490,-73.497982,140047,40.245
S30009,45.467377,-73.497015,140048,40.322
S30009,45.467377,-73.497015,140049,40.322
S30009,45.467263,-73.496050,140050,40.398
S30009,45.467147,-73.495086,140051,40.475
S30009,45.467147,-73.495086,140052,40.475
S30009,45.467028,-73.494120,140053,40.551
S30009,45.466908,-73.493156,140054,40.628
S30009,45.466908,-73.493156,140055,40.628
S30009,45.466737,-73.491816,140056,40.735
S30009,45.466561,-73.490475,140057,40.841
S30009,45.466382,-73.489135,140058,40.948
S30009,45.466382,-73.489135,140059,40.948
S30009,45.466268,-73.488303,140060,41.014
S30009,45.466268,-73.488303,140061,41.014
S30009,45.466153,-73.487470,140062,41.081
S30009,45.466153,-73.487470,140063,41.081
S30009,45.466059,-73.486798,140064,41.134
S30009,45.465966,-73.486125,140065,41.188
S30009,45.465914,-73.485748,140066,41.218
S30009,45.465865,-73.485371,140067,41.248
S30009,45.465865,-73.485371,140068,41.248
S30009,45.465784,-73.484715,140069,41.300
S30009,45.465710,-73.484056,140070,41.352
S30009,45.465641,-73.483397,140071,41.404
S30009,45.465580,-73.482736,140072,41.456
S30009,45.465525,-73.482075,140073,41.508
S30009,45.465525,-73.482075,140074,41.508
S30009,45.465317,-73.479433,140075,41.716
S30009,45.465295,-73.479147,140076,41.739
S30009,45.465295,-73.479147,140077,41.739
S30009,45.465267,-73.478764,140078,41.769
S30009,45.465242,-73.478382,140079,41.799
S30009,45.465242,-73.478382,140080,41.799
S30009,45.465201,-73.477702,140081,41.852
S30009,45.465194,-73.477555,140082,41.864
S30009,45.465170,-73.477067,140083,41.902
S30009,45.465167,-73.477021,140084,41.905
S30009,45.465140,-73.476339,140085,41.959
S30009,45.465140,-73.476339,140086,41.959
S30009,45.465080,-73.474671,140087,42.090
S30009,45.465070,-73.474397,140088,42.111
S30009,45.465052,-73.473947,140089,42.146
S30009,45.465052,-73.473947,140090,42.146
S30009,45.465030,-73.473497,140091,42.181
S30009,45.465030,-73.473497,140092,42.181
S30009,45.465018,-73.473263,140093,42.200
S30009,45.465018,-73.473263,140094,42.200
S30009,45.464997,-73.472901,140095,42.228
S30009,45.464961,-73.472262,140096,42.279
S30009,45.464944,-73.471900,140097,42.307
S30009,45.464929,-73.471538,140098,42.335
S30009,45.464929,-73.471538,140099,42.335
S30009,45.464925,-73.471405,140100,42.346
S30009,45.464879,-73.470190,140101,42.441
S30009,45.464879,-73.470190,150001,42.441
S30009,45.464843,-73.469227,150002,42.516
S30009,45.464842,-73.469194,150003,42.519
S30009,45.464837,-73.469047,150004,42.530
S30009,45.464837,-73.469047,150005,42.530
S30009,45.464831,-73.468900,150006,42.542
S30009,45.464831,-73.468900,150007,42.542
S30009,45.464825,-73.468662,150008,42.560
S30009,45.464819,-73.468423,150009,42.579
S30009,45.464819,-73.468423,150010,42.579
S30009,45.464818,-73.468276,150011,42.591
S30009,45.464818,-73.468276,150012,42.591
S30009,45.464816,-73.468129,150013,42.602
S30009,45.464816,-73.468129,150014,42.602
S30009,45.464811,-73.467757,150015,42.631
S30009,45.464804,-73.467154,150016,42.678
S30009,45.464802,-73.467007,150017,42.690
S30009,45.464802,-73.467007,150018,42.690
S30009,45.464799,-73.466860,150019,42.701
S30009,45.464799,-73.466860,150020,42.701
S30009,45.464795,-73.466622,150021,42.720
S30009,45.464787,-73.466383,150022,42.739
S30009,45.464787,-73.466383,150023,42.739
S30009,45.464783,-73.466238,150024,42.750
S30009,45.464783,-73.466238,150025,42.750
S30009,45.464777,-73.466090,150026,42.761
S30009,45.464777,-73.466090,150027,42.761
S30009,45.464761,-73.465648,150028,42.796
S30009,45.464745,-73.465206,150029,42.831
S30009,45.464691,-73.463793,150030,42.941
S30009,45.464668,-73.463153,150031,42.992
S30009,45.464644,-73.462515,150032,43.041
S30009,45.464633,-73.462221,150033,43.065
S30009,45.464613,-73.461736,150034,43.102
S30009,45.464613,-73.461736,150035,43.102
S30009,45.464601,-73.461493,150036,43.121
S30009,45.464585,-73.461252,150037,43.141
S30009,45.464585,-73.461252,150038,43.141
S30009,45.464560,-73.460954,150039,43.164
S30009,45.464527,-73.460657,150040,43.188
S30009,45.464489,-73.460362,150041,43.211
S30009,45.464443,-73.460068,150042,43.235
S30009,45.464392,-73.459776,150043,43.258
S30009,45.464333,-73.459487,150044,43.282
S30009,45.464268,-73.459201,150045,43.305
S30009,45.464197,-73.458918,150046,43.329
S30009,45.464197,-73.458918,150047,43.329
S30009,45.464140,-73.458710,150048,43.346
S30009,45.464080,-73.458504,150049,43.364
S30009,45.464016,-73.458299,150050,43.381
S30009,45.464016,-73.458299,150051,43.381
S30009,45.463949,-73.458097,150052,43.398
S30009,45.463878,-73.457898,150053,43.416
S30009,45.463804,-73.457700,150054,43.433
S30009,45.463804,-73.457700,150055,43.433
S30009,45.463727,-73.457505,150056,43.451
S30009,45.463647,-73.457314,150057,43.468
S30009,45.463563,-73.457123,150058,43.486
S30009,45.463563,-73.457123,150059,43.486
S30009,45.463476,-73.456938,150060,43.503
S30009,45.463387,-73.456754,150061,43.521
S30009,45.463293,-73.456574,150062,43.538
S30009,45.463293,-73.456574,150063,43.538
S30009,45.463189,-73.456382,150064,43.557
S30009,45.463082,-73.456193,150065,43.576
S30009,45.462971,-73.456009,150066,43.595
S30009,45.462857,-73.455828,150067,43.614
S30009,45.462857,-73.455828,150068,43.614
S30009,45.462740,-73.455652,150069,43.633
S30009,45.462619,-73.455480,150070,43.652
S30009,45.462619,-73.455480,150071,43.652
S30009,45.462376,-73.455138,150072,43.690
S30009,45.462376,-73.455138,150073,43.690
S30009,45.459713,-73.451444,150074,44.104
S30009,45.459294,-73.450864,150075,44.169
S30009,45.458876,-73.450283,150076,44.234
S30009,45.458684,-73.450016,150077,44.264
S30009,45.458409,-73.449634,150078,44.306
S30009,45.458136,-73.449251,150079,44.349
S30009,45.458136,-73.449251,150080,44.349
S30009,45.457346,-73.448130,150081,44.473
S30009,45.456759,-73.447302,150082,44.565
S30009,45.456759,-73.447302,150083,44.565
S30009,45.456382,-73.446776,150084,44.623
S30009,45.456382,-73.446776,150085,44.623
S30009,45.456138,-73.446435,150086,44.662
S30009,45.455893,-73.446095,150087,44.700
S30009,45.455694,-73.445820,150088,44.730
S30009,45.455694,-73.445820,150089,44.730
S30009,45.455495,-73.445548,150090,44.761
S30009,45.455495,-73.445548,150091,44.761
S30009,45.455248,-73.445215,150092,44.799
S30009,45.455001,-73.444881,150093,44.837
S30009,45.454671,-73.444434,150094,44.888
S30009,45.454516,-73.444223,150095,44.911
S30009,45.454516,-73.444223,150096,44.911
S30009,45.454216,-73.443809,150097,44.958
S30009,45.454216,-73.443809,150098,44.958
S30009,45.453762,-73.443174,150099,45.029
S30009,45.453309,-73.442539,150100,45.099
S30009,45.452883,-73.441945,150101,45.166
S30009,45.452883,-73.441945,150102,45.166
S30009,45.452429,-73.441313,150103,45.236
S30009,45.451214,-73.439625,150104,45.425
S30009,45.450441,-73.438552,150105,45.545
S30009,45.449482,-73.437218,150106,45.694
S30009,45.449202,-73.436835,150107,45.737
S30009,45.448918,-73.436457,150108,45.781
S30009,45.448918,-73.436457,150109,45.781
S30009,45.448153,-73.435453,150110,45.897
S30009,45.447903,-73.435121,150111,45.935
S30009,45.447655,-73.434784,150112,45.973
S30009,45.447655,-73.434784,150113,45.973
S30009,45.447426,-73.434464,150114,46.008
S30009,45.447426,-73.434464,150115,46.008
S30009,45.447271,-73.434245,150116,46.033
S30009,45.446857,-73.433660,150117,46.097
S30009,45.446857,-73.433660,160001,46.097
S30009,45.446456,-73.433094,160002,46.160
S30009,45.446393,-73.433003,160003,46.170
S30009,45.446393,-73.433003,160004,46.170
S30009,45.446329,-73.432912,160005,46.180
S30009,45.446329,-73.432912,160006,46.180
S30009,45.446208,-73.432734,160007,46.200
S30009,45.446089,-73.432551,160008,46.219
S30009,45.445973,-73.432366,160009,46.239
S30009,45.445973,-73.432366,160010,46.239
S30009,45.445871,-73.432195,160011,46.256
S30009,45.445770,-73.432021,160012,46.274
S30009,45.445770,-73.432021,160013,46.274
S30009,45.445714,-73.431921,160014,46.284
S30009,45.445714,-73.431921,160015,46.284
S30009,45.445658,-73.431822,160016,46.294
S30009,45.445658,-73.431822,160017,46.294
S30009,45.444752,-73.430191,160018,46.456
S30009,45.444417,-73.429590,160019,46.516
S30009,45.444038,-73.428910,160020,46.584
S30009,45.443916,-73.428689,160021,46.606
S30009,45.443793,-73.428468,160022,46.628
S30009,45.443670,-73.428247,160023,46.650
S30009,45.443547,-73.428027,160024,46.672
S30009,45.443066,-73.427161,160025,46.758
S30009,45.442883,-73.426838,160026,46.791
S30009,45.442883,-73.426838,160027,46.791
S30009,45.442819,-73.426733,160028,46.802
S30009,45.442753,-73.426633,160029,46.812
S30009,45.442684,-73.426534,160030,46.823
S30009,45.442684,-73.426534,160031,46.823
S30009,45.442594,-73.426415,160032,46.837
S30009,45.442498,-73.426303,160033,46.851
S30009,45.442399,-73.426200,160034,46.864
S30009,45.442295,-73.426103,160035,46.878
S30009,45.442188,-73.426015,160036,46.892
S30009,45.442078,-73.425936,160037,46.906
S30009,45.441965,-73.425865,160038,46.919
S30009,45.441965,-73.425865,160039,46.919
S30009,45.441965,-73.425865,160040,46.919
S30009,45.441854,-73.425805,160041,46.933
S30009,45.441742,-73.425756,160042,46.946
S30009,45.441742,-73.425756,160043,46.946
S30009,45.441628,-73.425714,160044,46.959
S30009,45.441511,-73.425679,160045,46.972
S30009,45.441511,-73.425679,160046,46.972
S30009,45.441394,-73.425654,160047,46.985
S30009,45.441277,-73.425639,160048,46.998
S30009,45.441277,-73.425639,160049,46.998
S30009,45.441160,-73.425631,160050,47.011
S30009,45.441041,-73.425633,160051,47.025
S30009,45.441041,-73.425633,160052,47.025
S30009,45.440923,-73.425643,160053,47.038
S30009,45.440806,-73.425662,160054,47.051
S30009,45.440806,-73.425662,160055,47.051
S30009,45.440689,-73.425689,160056,47.064
S30009,45.440574,-73.425727,160057,47.077
S30009,45.440574,-73.425727,160058,47.077
S30009,45.440460,-73.425771,160059,47.090
S30009,45.440348,-73.425825,160060,47.103
S30009,45.440348,-73.425825,160061,47.103
S30009,45.440238,-73.425887,160062,47.117
S30009,45.440131,-73.425957,160063,47.130
S30009,45.440131,-73.425957,160064,47.130
S30009,45.440021,-73.426039,160065,47.144
S30009,45.439913,-73.426131,160066,47.158
S30009,45.439808,-73.426231,160067,47.172
S30009,45.439709,-73.426340,160068,47.185
S30009,45.439614,-73.426455,160069,47.199
S30009,45.439523,-73.426579,160070,47.213
S30009,45.439438,-73.426710,160071,47.227
S30009,45.439357,-73.426847,160072,47.241
S30009,45.439282,-73.426989,160073,47.255
S30009,45.439213,-73.427138,160074,47.269
S30009,45.439213,-73.427138,160075,47.269
S30009,45.439213,-73.427138,160076,47.269
S30009,45.439164,-73.427257,160077,47.280
S30009,45.439117,-73.427377,160078,47.291
S30009,45.439073,-73.427501,160079,47.302
S30009,45.439073,-73.427501,160080,47.302
S30009,45.438950,-73.427877,160081,47.334
S30009,45.438950,-73.427877,160082,47.334
S30009,45.438880,-73.428096,160083,47.353
S30009,45.438750,-73.428507,160084,47.388
S30009,45.438466,-73.429396,160085,47.464
S30009,45.438355,-73.429746,160086,47.494
S30009,45.438243,-73.430095,160087,47.524
S30009,45.438056,-73.430683,160088,47.575
S30013,45.431536,-73.909860,10001,0.000
S30013,45.432112,-73.908774,10002,0.106
S30013,45.432329,-73.908365,10003,0.146
S30013,45.432410,-73.908212,10004,0.161
S30013,45.432490,-73.908058,10005,0.176
S30013,45.432635,-73.907770,10006,0.204
S30013,45.432776,-73.907477,10007,0.232
S30013,45.432850,-73.907317,10008,0.247
S30013,45.432924,-73.907156,10009,0.262
S30013,45.433062,-73.906852,10010,0.290
S30013,45.433319,-73.906289,10011,0.343
S30013,45.433805,-73.905221,10012,0.442
S30013,45.433926,-73.904954,10013,0.467
S30013,45.434046,-73.904686,10014,0.492
S30013,45.434251,-73.904217,10015,0.535
S30013,45.434449,-73.903743,10016,0.578
S30013,45.434642,-73.903265,10017,0.621
S30013,45.434828,-73.902781,10018,0.664
S30013,45.435008,-73.902293,10019,0.708
S30013,45.435181,-73.901799,10020,0.751
S30013,45.435349,-73.901302,10021,0.794
S30013,45.435510,-73.900801,10022,0.837
S30013,45.435665,-73.900294,10023,0.880
S30013,45.435813,-73.899786,10024,0.923
S30013,45.435895,-73.899490,10025,0.948
S30013,45.435977,-73.899194,10026,0.973
S30013,45.436100,-73.898746,10027,1.011
S30013,45.436287,-73.898062,10028,1.068
S30013,45.436329,-73.897912,10029,1.081
S30013,45.436412,-73.897611,10030,1.106
S30013,45.436496,-73.897312,10031,1.131
S30013,45.436531,-73.897196,10032,1.141
S30013,45.436599,-73.896973,10033,1.160
S30013,45.436669,-73.896752,10034,1.179
S30013,45.436707,-73.896639,10035,1.189
S30013,45.436806,-73.896348,10036,1.214
S30013,45.436907,-73.896059,10037,1.240
S30013,45.436946,-73.895946,10038,1.249
S30013,45.437337,-73.894829,10039,1.347
S30013,45.437436,-73.894546,10040,1.372
S30013,45.437532,-73.894262,10041,1.396
S30013,45.437553,-73.894199,10042,1.402
S30013,45.437610,-73.894020,10043,1.417
S30013,45.437667,-73.893839,10044,1.433
S30013,45.437721,-73.893656,10045,1.448
S30013,45.437773,-73.893474,10046,1.464
S30013,45.437794,-73.893401,10047,1.470
S30013,45.437873,-73.893106,10048,1.494
S30013,45.437951,-73.892810,10049,1.519
S30013,45.438669,-73.890061,10050,1.748
S30013,45.438690,-73.889975,10051,1.756
S30013,45.438746,-73.889762,10052,1.773
S30013,45.438803,-73.889549,10053,1.791
S30013,45.438826,-73.889462,10054,1.798
S30013,45.438934,-73.889086,10055,1.830
S30013,45.439047,-73.888712,10056,1.862
S30013,45.439166,-73.888344,10057,1.894
S30013,45.439290,-73.887978,10058,1.925
S30013,45.439421,-73.887617,10059,1.957
S30013,45.439557,-73.887259,10060,1.989
S30013,45.439589,-73.887178,10061,1.996
S30013,45.439669,-73.886981,10062,2.014
S30013,45.439749,-73.886784,10063,2.032
S30013,45.439781,-73.886704,10064,2.039
S30013,45.439834,-73.886577,10065,2.051
S30013,45.440105,-73.885913,10066,2.111
S30013,45.440248,-73.885563,10067,2.142
S30013,45.440248,-73.885563,20001,2.142
S30013,45.440613,-73.884668,20002,2.223
S30013,45.440885,-73.884006,20003,2.283
S30013,45.441193,-73.883250,20004,2.352
S30013,45.441237,-73.883143,20005,2.361
S30013,45.441306,-73.882974,20006,2.377
S30013,45.441376,-73.882806,20007,2.392
S30013,45.441420,-73.882698,20008,2.402
S30013,45.441601,-73.882276,20009,2.440
S30013,45.441788,-73.881859,20010,2.479
S30013,45.441981,-73.881448,20011,2.518
S30013,45.442031,-73.881344,20012,2.527
S30013,45.442109,-73.881184,20013,2.543
S30013,45.442187,-73.881025,20014,2.558
S30013,45.442238,-73.880921,20015,2.568
S30013,45.443327,-73.878701,20016,2.780
S30013,45.443619,-73.878104,20017,2.836
S30013,45.443636,-73.878071,20018,2.840
S30013,45.443962,-73.877411,20019,2.903
S30013,45.444525,-73.876285,20020,3.011
S30013,45.444870,-73.875587,20021,3.078
S30013,45.445211,-73.874886,20022,3.144
S30013,45.445548,-73.874180,20023,3.211
S30013,45.446013,-73.873197,20024,3.303
S30013,45.446367,-73.872454,20025,3.374
S30013,45.446727,-73.871717,20026,3.444
S30013,45.446778,-73.871611,20027,3.454
S30013,45.447107,-73.870943,20028,3.518
S30013,45.447161,-73.870835,20029,3.528
S30013,45.447411,-73.870330,20030,3.576
S30013,45.447668,-73.869829,20031,3.625
S30013,45.447929,-73.869334,20032,3.673
S30013,45.448435,-73.868403,20033,3.765
S30013,45.448659,-73.867983,20034,3.806
S30013,45.448880,-73.867562,20035,3.847
S30013,45.449098,-73.867136,20036,3.889
S30013,45.449313,-73.866707,20037,3.930
S30013,45.452586,-73.859948,20038,4.571
S30013,45.452712,-73.859687,20039,4.596
S30013,45.452836,-73.859424,20040,4.621
S30013,45.452934,-73.859206,20041,4.641
S30013,45.453030,-73.858985,20042,4.662
S30013,45.453123,-73.858762,20043,4.682
S30013,45.453213,-73.858537,20044,4.702
S30013,45.453336,-73.858210,20045,4.731
S30013,45.453453,-73.857880,20046,4.760
S30013,45.453565,-73.857544,20047,4.789
S30013,45.453669,-73.857206,20048,4.818
S30013,45.453768,-73.856863,20049,4.847
S30013,45.453860,-73.856517,20050,4.876
S30013,45.453945,-73.856167,20051,4.905
S30013,45.454014,-73.855867,20052,4.929
S30013,45.454080,-73.855564,20053,4.954
S30013,45.454219,-73.854926,20054,5.007
S30013,45.454300,-73.854556,20055,5.037
S30013,45.454380,-73.854187,20056,5.067
S30013,45.454505,-73.853608,20057,5.114
S30013,45.454615,-73.853106,20058,5.155
S30013,45.454729,-73.852606,20059,5.197
S30013,45.455228,-73.850479,20060,5.372
S30013,45.455367,-73.849874,20061,5.422
S30013,45.455500,-73.849267,20062,5.471
S30013,45.456853,-73.842785,20063,6.000
S30013,45.456924,-73.842448,20064,6.028
S30013,45.456998,-73.842111,20065,6.055
S30013,45.457027,-73.841990,20066,6.065
S30013,45.457091,-73.841729,20067,6.087
S30013,45.457159,-73.841472,20068,6.109
S30013,45.457231,-73.841215,20069,6.130
S30013,45.457307,-73.840960,20070,6.152
S30013,45.457400,-73.840665,20071,6.177
S30013,45.457499,-73.840373,20072,6.202
S30013,45.457604,-73.840084,20073,6.228
S30013,45.457713,-73.839800,20074,6.253
S30013,45.457825,-73.839524,20075,6.278
S30013,45.457943,-73.839253,20076,6.303
S30013,45.458064,-73.838985,20077,6.328
S30013,45.458115,-73.838878,20078,6.338
S30013,45.458256,-73.838588,20079,6.366
S30013,45.458401,-73.838302,20080,6.393
S30013,45.458452,-73.838201,20081,6.403
S30013,45.458764,-73.837585,20082,6.462
S30013,45.459082,-73.836957,20083,6.523
S30013,45.459913,-73.835316,20084,6.681
S30013,45.459913,-73.835316,30001,6.681
S30013,45.460253,-73.834647,30002,6.745
S30013,45.460577,-73.834005,30003,6.807
S30013,45.463059,-73.829103,30004,7.279
S30013,45.463381,-73.828468,30005,7.341
S30013,45.463439,-73.828354,30006,7.352
S30013,45.463608,-73.828018,30007,7.384
S30013,45.463690,-73.827849,30008,7.400
S30013,45.463770,-73.827678,30009,7.416
S30013,45.463875,-73.827438,30010,7.438
S30013,45.463974,-73.827194,30011,7.460
S30013,45.464066,-73.826947,30012,7.482
S30013,45.464131,-73.826763,30013,7.498
S30013,45.464193,-73.826577,30014,7.514
S30013,45.464313,-73.826201,30015,7.546
S30013,45.464327,-73.826158,30016,7.550
S30013,45.464516,-73.825558,30017,7.601
S30013,45.464544,-73.825474,30018,7.609
S30013,45.464665,-73.825092,30019,7.641
S30013,45.464729,-73.824903,30020,7.658
S30013,45.464794,-73.824714,30021,7.674
S30013,45.464836,-73.824603,30022,7.684
S30013,45.464910,-73.824408,30023,7.702
S30013,45.464989,-73.824217,30024,7.719
S30013,45.465071,-73.824028,30025,7.736
S30013,45.465119,-73.823923,30026,7.746
S30013,45.465202,-73.823749,30027,7.762
S30013,45.465287,-73.823578,30028,7.779
S30013,45.465460,-73.823239,30029,7.811
S30013,45.465504,-73.823152,30030,7.820
S30013,45.465884,-73.822416,30031,7.891
S30013,45.465989,-73.822211,30032,7.911
S30013,45.466092,-73.822003,30033,7.931
S30013,45.466158,-73.821864,30034,7.944
S30013,45.466222,-73.821721,30035,7.957
S30013,45.466281,-73.821574,30036,7.971
S30013,45.466347,-73.821396,30037,7.986
S30013,45.466407,-73.821212,30038,8.002
S30013,45.466459,-73.821024,30039,8.018
S30013,45.466506,-73.820834,30040,8.034
S30013,45.466545,-73.820640,30041,8.049
S30013,45.466578,-73.820443,30042,8.065
S30013,45.466604,-73.820245,30043,8.081
S30013,45.466623,-73.820044,30044,8.097
S30013,45.466635,-73.819842,30045,8.113
S30013,45.466640,-73.819640,30046,8.128
S30013,45.466637,-73.819440,30047,8.144
S30013,45.466627,-73.819237,30048,8.160
S30013,45.466611,-73.819037,30049,8.176
S30013,45.466592,-73.818870,30050,8.189
S30013,45.466569,-73.818704,30051,8.202
S30013,45.466543,-73.818540,30052,8.215
S30013,45.466499,-73.818294,30053,8.235
S30013,45.466452,-73.818050,30054,8.255
S30013,45.466258,-73.817040,30055,8.337
S30013,45.466232,-73.816905,30056,8.348
S30013,45.466185,-73.816657,30057,8.368
S30013,45.466141,-73.816407,30058,8.388
S30013,45.466114,-73.816240,30059,8.401
S30013,45.466090,-73.816071,30060,8.415
S30013,45.466071,-73.815900,30061,8.428
S30013,45.466059,-73.815772,30062,8.438
S30013,45.466047,-73.815570,30063,8.454
S30013,45.466041,-73.815368,30064,8.470
S30013,45.466043,-73.815166,30065,8.486
S30013,45.466051,-73.814964,30066,8.502
S30013,45.466066,-73.814762,30067,8.518
S30013,45.466089,-73.814563,30068,8.534
S30013,45.466117,-73.814365,30069,8.549
S30013,45.466153,-73.814168,30070,8.565
S30013,45.466196,-73.813975,30071,8.581
S30013,45.466244,-73.813785,30072,8.597
S30013,45.466299,-73.813599,30073,8.613
S30013,45.466361,-73.813416,30074,8.628
S30013,45.466403,-73.813304,30075,8.638
S30013,45.466462,-73.813154,30076,8.652
S30013,45.466527,-73.813008,30077,8.665
S30013,45.466594,-73.812865,30078,8.679
S30013,45.466698,-73.812653,30079,8.699
S30013,45.466803,-73.812444,30080,8.719
S30013,45.466855,-73.812342,30081,8.729
S30013,45.468398,-73.809304,30082,9.022
S30013,45.468569,-73.808970,30083,9.054
S30013,45.468739,-73.808636,30084,9.086
S30013,45.469427,-73.807283,30085,9.217
S30013,45.469732,-73.806672,30086,9.275
S30013,45.470032,-73.806056,30087,9.334
S30013,45.476557,-73.792189,30088,10.638
S30013,45.476557,-73.792189,40001,10.638
S30013,45.477766,-73.789619,40002,10.880
S30013,45.477843,-73.789457,40003,10.895
S30013,45.477922,-73.789298,40004,10.911
S30013,45.477974,-73.789197,40005,10.920
S30013,45.478070,-73.789026,40006,10.938
S30013,45.478171,-73.788860,40007,10.955
S30013,45.478231,-73.788768,40008,10.964
S30013,45.478328,-73.788629,40009,10.980
S30013,45.478425,-73.788493,40010,10.995
S30013,45.478488,-73.788404,40011,11.005
S30013,45.478844,-73.787911,40012,11.060
S30013,45.479003,-73.787689,40013,11.085
S30013,45.479082,-73.787577,40014,11.097
S30013,45.479158,-73.787462,40015,11.110
S30013,45.479278,-73.787273,40016,11.129
S30013,45.479392,-73.787080,40017,11.149
S30013,45.479502,-73.786879,40018,11.169
S30013,45.479568,-73.786752,40019,11.181
S30013,45.479632,-73.786623,40020,11.194
S30013,45.479759,-73.786361,40021,11.219
S30013,45.480497,-73.784824,40022,11.364
S30013,45.480918,-73.783935,40023,11.448
S30013,45.481179,-73.783384,40024,11.500
S30013,45.481349,-73.783022,40025,11.534
S30013,45.481519,-73.782661,40026,11.568
S30013,45.482652,-73.780251,40027,11.794
S30013,45.482828,-73.779878,40028,11.829
S30013,45.483002,-73.779506,40029,11.864
S30013,45.484527,-73.776268,40030,12.169
S30013,45.484857,-73.775566,40031,12.235
S30013,45.487022,-73.770962,40032,12.668
S30013,45.487190,-73.770603,40033,12.702
S30013,45.487359,-73.770245,40034,12.736
S30013,45.487880,-73.769137,40035,12.840
S30013,45.487929,-73.769033,40036,12.849
S30013,45.488081,-73.768712,40037,12.880
S30013,45.488236,-73.768394,40038,12.910
S30013,45.488288,-73.768292,40039,12.920
S30013,45.488415,-73.768052,40040,12.943
S30013,45.488546,-73.767817,40041,12.967
S30013,45.488680,-73.767586,40042,12.990
S30013,45.488818,-73.767360,40043,13.013
S30013,45.488961,-73.767138,40044,13.037
S30013,45.489107,-73.766923,40045,13.060
S30013,45.489209,-73.766780,40046,13.076
S30013,45.489311,-73.766640,40047,13.092
S30013,45.489414,-73.766501,40048,13.108
S30013,45.489520,-73.766366,40049,13.123
S30013,45.489679,-73.766171,40050,13.147
S30013,45.489841,-73.765980,40051,13.170
S30013,45.490006,-73.765795,40052,13.194
S30013,45.490175,-73.765617,40053,13.217
S30013,45.490247,-73.765543,40054,13.227
S30013,45.490471,-73.765323,40055,13.257
S30013,45.490697,-73.765109,40056,13.287
S30013,45.490771,-73.765039,40057,13.297
S30013,45.493528,-73.762434,40058,13.665
S30013,45.493929,-73.762049,40059,13.719
S30013,45.494327,-73.761657,40060,13.773
S30013,45.495150,-73.760818,40061,13.885
S30013,45.495445,-73.760520,40062,13.925
S30013,45.495743,-73.760227,40063,13.966
S30013,45.496042,-73.759936,40064,14.006
S30013,45.498520,-73.757618,40065,14.335
S30013,45.498690,-73.757461,40066,14.358
S30013,45.498777,-73.757387,40067,14.369
S30013,45.498867,-73.757320,40068,14.380
S30013,45.498967,-73.757255,40069,14.393
S30013,45.499069,-73.757201,40070,14.405
S30013,45.499174,-73.757154,40071,14.417
S30013,45.499281,-73.757118,40072,14.429
S30013,45.499389,-73.757093,40073,14.441
S30013,45.499498,-73.757077,40074,14.454
S30013,45.499607,-73.757072,40075,14.466
S30013,45.499717,-73.757077,40076,14.478
S30013,45.499825,-73.757091,40077,14.490
S30013,45.499934,-73.757116,40078,14.502
S30013,45.500040,-73.757153,40079,14.514
S30013,45.500146,-73.757196,40080,14.527
S30013,45.500248,-73.757252,40081,14.539
S30013,45.500349,-73.757315,40082,14.551
S30013,45.500445,-73.757389,40083,14.563
S30013,45.500538,-73.757471,40084,14.575
S30013,45.500627,-73.757562,40085,14.588
S30013,45.500712,-73.757661,40086,14.600
S30013,45.500787,-73.757759,40087,14.611
S30013,45.500858,-73.757861,40088,14.622
S30013,45.500995,-73.758074,40089,14.645
S30013,45.502226,-73.760030,40090,14.850
S30013,45.502362,-73.760242,40091,14.872
S30013,45.502433,-73.760343,40092,14.883
S30013,45.502508,-73.760440,40093,14.895
S30013,45.502578,-73.760521,40094,14.905
S30013,45.502650,-73.760594,40095,14.915
S30013,45.502734,-73.760667,40096,14.925
S30013,45.502819,-73.760734,40097,14.936
S30013,45.502908,-73.760792,40098,14.947
S30013,45.503000,-73.760841,40099,14.958
S30013,45.503093,-73.760883,40100,14.969
S30013,45.503189,-73.760915,40101,14.980
S30013,45.503286,-73.760940,40102,14.991
S30013,45.503385,-73.760954,40103,15.002
S30013,45.503484,-73.760961,40104,15.013
S30013,45.503583,-73.760958,40105,15.024
S30013,45.503682,-73.760945,40106,15.035
S30013,45.503780,-73.760924,40107,15.046
S30013,45.503877,-73.760894,40108,15.057
S30013,45.503972,-73.760853,40109,15.068
S30013,45.504065,-73.760805,40110,15.079
S30013,45.504156,-73.760749,40111,15.090
S30013,45.504244,-73.760684,40112,15.101
S30013,45.504328,-73.760611,40113,15.112
S30013,45.504410,-73.760530,40114,15.123
S30013,45.504488,-73.760442,40115,15.134
S30013,45.504561,-73.760348,40116,15.145
S30013,45.504630,-73.760246,40117,15.156
S30013,45.504694,-73.760137,40118,15.167
S30013,45.504753,-73.760025,40119,15.178
S30013,45.504808,-73.759904,40120,15.190
S30013,45.504858,-73.759780,40121,15.201
S30013,45.504952,-73.759524,40122,15.223
S30013,45.505081,-73.759164,40123,15.255
S30013,45.505210,-73.758804,40124,15.287
S30013,45.505520,-73.757938,40125,15.363
S30013,45.505771,-73.757250,40126,15.423
S30013,45.506408,-73.755504,40127,15.577
S30013,45.507073,-73.753732,40128,15.734
S30013,45.507285,-73.753154,40129,15.785
S30013,45.507494,-73.752574,40130,15.835
S30013,45.508791,-73.748952,40131,16.153
S30013,45.509036,-73.748267,40132,16.213
S30013,45.510708,-73.743594,40133,16.623
S30013,45.510759,-73.743452,40134,16.635
S30013,45.510811,-73.743310,40135,16.648
S30013,45.510904,-73.743067,40136,16.669
S30013,45.510961,-73.742928,40137,16.682
S30013,45.511018,-73.742790,40138,16.694
S30013,45.512323,-73.739246,40139,17.007
S30013,45.514815,-73.732411,40140,17.609
S30013,45.514815,-73.732411,40141,17.609
S30013,45.514995,-73.731901,40142,17.653
S30013,45.515172,-73.731389,40143,17.698
S30013,45.515201,-73.731304,40144,17.705
S30013,45.515297,-73.731023,40145,17.730
S30013,45.515458,-73.730553,40146,17.770
S30013,45.515458,-73.730553,40147,17.770
S30013,45.515486,-73.730471,40148,17.777
S30013,45.515600,-73.730142,40149,17.806
S30013,45.515743,-73.729735,40150,17.842
S30013,45.515859,-73.729407,40151,17.870
S30013,45.516006,-73.729001,40152,17.906
S30013,45.516152,-73.728595,40153,17.942
S30013,45.516505,-73.727610,40154,18.028
S30013,45.516675,-73.727140,40155,18.069
S30013,45.516844,-73.726670,40156,18.111
S30013,45.517013,-73.726201,40157,18.152
S30013,45.517181,-73.725730,40158,18.193
S30013,45.517351,-73.725260,40159,18.234
S30013,45.517520,-73.724790,40160,18.276
S30013,45.517689,-73.724319,40161,18.317
S30013,45.517857,-73.723850,40162,18.358
S30013,45.518154,-73.723024,40163,18.430
S30013,45.518256,-73.722739,40164,18.456
S30013,45.518359,-73.722454,40165,18.480
S30013,45.518462,-73.722169,40166,18.506
S30013,45.518564,-73.721884,40167,18.530
S30013,45.520406,-73.716759,40168,18.980
S30013,45.520584,-73.716269,40169,19.023
S30013,45.520765,-73.715782,40170,19.066
S30013,45.521353,-73.714211,40171,19.205
S30013,45.521522,-73.713755,40172,19.246
S30013,45.521688,-73.713298,40173,19.286
S30013,45.521979,-73.712492,40174,19.357
S30013,45.521979,-73.712492,50001,19.357
S30013,45.522269,-73.711686,50002,19.427
S30013,45.522445,-73.711202,50003,19.470
S30013,45.522624,-73.710720,50004,19.512
S30013,45.522885,-73.710027,50005,19.574
S30013,45.523064,-73.709545,50006,19.616
S30013,45.523240,-73.709061,50007,19.659
S30013,45.523825,-73.707436,50008,19.802
S30013,45.524236,-73.706297,50009,19.902
S30013,45.525630,-73.702425,50010,20.241
S30013,45.525649,-73.702376,50011,20.246
S30013,45.525843,-73.701827,50012,20.294
S30013,45.526035,-73.701276,50013,20.342
S30013,45.526112,-73.701051,50014,20.361
S30013,45.526328,-73.700422,50015,20.416
S30013,45.526365,-73.700314,50016,20.425
S30013,45.526556,-73.699763,50017,20.473
S30013,45.526751,-73.699216,50018,20.521
S30013,45.526950,-73.698663,50019,20.570
S30013,45.527150,-73.698109,50020,20.619
S30013,45.527349,-73.697557,50021,20.667
S30013,45.527548,-73.697003,50022,20.716
S30013,45.527650,-73.696718,50023,20.741
S30013,45.527750,-73.696431,50024,20.766
S30013,45.527879,-73.696046,50025,20.799
S30013,45.527999,-73.695668,50026,20.831
S30013,45.528113,-73.695284,50027,20.864
S30013,45.528221,-73.694898,50028,20.896
S30013,45.528322,-73.694508,50029,20.929
S30013,45.528411,-73.694139,50030,20.959
S30013,45.528495,-73.693769,50031,20.990
S30013,45.528574,-73.693395,50032,21.020
S30013,45.528647,-73.693019,50033,21.051
S30013,45.528715,-73.692641,50034,21.081
S30013,45.528719,-73.692616,50035,21.083
S30013,45.528723,-73.692591,50036,21.085
S30013,45.528728,-73.692566,50037,21.087
S30013,45.528731,-73.692542,50038,21.089
S30013,45.528736,-73.692516,50039,21.091
S30013,45.528739,-73.692492,50040,21.093
S30013,45.528744,-73.692466,50041,21.095
S30013,45.528748,-73.692442,50042,21.097
S30013,45.528751,-73.692416,50043,21.099
S30013,45.528756,-73.692392,50044,21.101
S30013,45.528788,-73.692164,50045,21.119
S30013,45.528815,-73.691934,50046,21.137
S30013,45.528838,-73.691703,50047,21.156
S30013,45.528855,-73.691470,50048,21.174
S30013,45.528868,-73.691239,50049,21.192
S30013,45.528875,-73.691079,50050,21.205
S30013,45.528880,-73.690919,50051,21.217
S30013,45.528899,-73.690270,50052,21.268
S30013,45.528899,-73.690270,60001,21.268
S30013,45.528926,-73.689367,60002,21.338
S30013,45.528930,-73.689207,60003,21.351
S30013,45.528933,-73.689047,60004,21.363
S30013,45.528935,-73.688786,60005,21.384
S30013,45.528929,-73.688525,60006,21.404
S30013,45.528917,-73.688264,60007,21.425
S30013,45.528899,-73.688004,60008,21.445
S30013,45.528897,-73.687979,60009,21.447
S30013,45.528895,-73.687954,60010,21.449
S30013,45.528893,-73.687928,60011,21.451
S30013,45.528890,-73.687903,60012,21.453
S30013,45.528888,-73.687878,60013,21.455
S30013,45.528886,-73.687853,60014,21.457
S30013,45.528883,-73.687827,60015,21.459
S30013,45.528880,-73.687801,60016,21.461
S30013,45.528879,-73.687777,60017,21.463
S30013,45.528876,-73.687750,60018,21.465
S30013,45.528834,-73.687363,60019,21.495
S30013,45.528785,-73.686979,60020,21.526
S30013,45.528729,-73.686596,60021,21.556
S30013,45.528667,-73.686214,60022,21.587
S30013,45.528597,-73.685837,60023,21.618
S30013,45.528521,-73.685460,60024,21.648
S30013,45.528438,-73.685087,60025,21.679
S30013,45.528348,-73.684717,60026,21.709
S30013,45.528252,-73.684350,60027,21.740
S30013,45.528194,-73.684143,60028,21.757
S30013,45.528135,-73.683934,60029,21.775
S30013,45.527836,-73.682884,60030,21.863
S30013,45.527777,-73.682681,60031,21.881
S30013,45.527700,-73.682409,60032,21.904
S30013,45.527700,-73.682409,60033,21.904
S30013,45.527488,-73.681667,60034,21.966
S30013,45.527207,-73.680692,60035,22.048
S30013,45.526927,-73.679718,60036,22.131
S30013,45.526709,-73.678960,60037,22.195
S30013,45.525358,-73.674267,60038,22.591
S30013,45.525017,-73.673083,60039,22.691
S30013,45.524853,-73.672513,60040,22.739
S30013,45.524853,-73.672513,70001,22.739
S30013,45.524406,-73.670960,70002,22.870
S30013,45.524230,-73.670354,70003,22.921
S30013,45.524134,-73.670021,70004,22.949
S30013,45.523927,-73.669311,70005,23.009
S30013,45.523819,-73.668942,70006,23.040
S30013,45.523669,-73.668429,70007,23.084
S30013,45.523520,-73.667913,70008,23.127
S30013,45.523203,-73.666823,70009,23.220
S30013,45.523008,-73.666148,70010,23.277
S30013,45.522579,-73.664635,70011,23.404
S30013,45.522419,-73.664071,70012,23.451
S30013,45.522260,-73.663507,70013,23.499
S30013,45.521967,-73.662474,70014,23.586
S30013,45.521801,-73.661887,70015,23.636
S30013,45.521801,-73.661887,80001,23.636
S30013,45.521395,-73.660456,80002,23.756
S30013,45.520975,-73.658975,80003,23.881
S30013,45.520909,-73.658743,80004,23.900
S30013,45.520772,-73.658264,80005,23.941
S30013,45.520652,-73.657855,80006,23.975
S30013,45.520530,-73.657448,80007,24.010
S30013,45.520298,-73.656678,80008,24.075
S30013,45.520139,-73.656148,80009,24.120
S30013,45.519984,-73.655616,80010,24.165
S30013,45.519896,-73.655306,80011,24.192
S30013,45.519555,-73.654122,80012,24.291
S30013,45.517954,-73.648570,80013,24.760
S30013,45.517613,-73.647385,80014,24.860
S30013,45.516511,-73.643563,80015,25.183
S30013,45.516511,-73.643563,90001,25.183
S30013,45.516382,-73.643115,90002,25.221
S30013,45.516040,-73.641930,90003,25.321
S30013,45.515561,-73.640267,90004,25.461
S30013,45.515433,-73.639823,90005,25.499
S30013,45.514469,-73.636481,90006,25.781
S30013,45.514128,-73.635297,90007,25.881
S30013,45.513944,-73.634659,90008,25.935
S30013,45.513944,-73.634659,100001,25.935
S30013,45.513670,-73.633710,100002,26.015
S30013,45.513632,-73.633574,100003,26.026
S30013,45.513593,-73.633437,100004,26.038
S30013,45.513529,-73.633188,100005,26.059
S30013,45.513472,-73.632936,100006,26.079
S30013,45.513422,-73.632681,100007,26.100
S30013,45.513396,-73.632538,100008,26.112
S30013,45.513372,-73.632395,100009,26.123
S30013,45.513221,-73.631496,100010,26.195
S30013,45.513158,-73.631122,100011,26.225
S30013,45.513060,-73.630533,100012,26.273
S30013,45.512938,-73.629804,100013,26.331
S30013,45.512882,-73.629471,100014,26.358
S30013,45.512080,-73.624685,100015,26.742
S30013,45.511918,-73.623718,100016,26.820
S30013,45.510074,-73.612720,100017,27.703
S30013,45.510074,-73.612721,110001,27.703
S30013,45.507392,-73.596747,110002,28.987
S30013,45.507215,-73.595695,110003,29.071
S30013,45.504685,-73.580652,110004,30.280
S30013,45.504557,-73.579891,110005,30.341
S30013,45.504032,-73.576765,110006,30.592
S30013,45.503990,-73.576520,110007,30.612
S30013,45.503947,-73.576274,110008,30.632
S30013,45.503885,-73.575958,110009,30.657
S30013,45.503816,-73.575644,110010,30.683
S30013,45.503742,-73.575334,110011,30.709
S30013,45.503660,-73.575027,110012,30.734
S30013,45.503572,-73.574724,110013,30.760
S30013,45.503478,-73.574423,110014,30.786
S30013,45.503379,-73.574127,110015,30.811
S30013,45.503273,-73.573835,110016,30.837
S30013,45.503160,-73.573549,110017,30.863
S30013,45.503043,-73.573267,110018,30.888
S30013,45.502919,-73.572989,110019,30.914
S30013,45.502803,-73.572743,110020,30.937
S30013,45.502685,-73.572500,110021,30.960
S30013,45.502646,-73.572419,110022,30.968
S30013,45.502646,-73.572419,120001,30.968
S30013,45.502407,-73.571931,120002,31.014
S30013,45.502134,-73.571372,120003,31.067
S30013,45.501942,-73.570977,120004,31.105
S30013,45.501891,-73.570872,120005,31.115
S30013,45.501681,-73.570441,120006,31.156
S30013,45.501446,-73.569960,120007,31.202
S30013,45.501387,-73.569844,120008,31.213
S30013,45.501322,-73.569735,120009,31.224
S30013,45.501322,-73.569735,120010,31.224
S30013,45.501158,-73.569474,120011,31.251
S30013,45.501035,-73.569272,120012,31.272
S30013,45.501035,-73.569272,120013,31.272
S30013,45.500906,-73.569052,120014,31.295
S30013,45.500877,-73.569002,120015,31.300
S30013,45.500814,-73.568889,120016,31.311
S30013,45.500754,-73.568771,120017,31.322
S30013,45.500754,-73.568771,120018,31.322
S30013,45.500588,-73.568429,120019,31.355
S30013,45.500283,-73.567797,120020,31.415
S30013,45.499976,-73.567166,120021,31.475
S30013,45.499906,-73.567021,120022,31.488
S30013,45.499906,-73.567021,130001,31.488
S30013,45.499508,-73.566199,130002,31.566
S30013,45.499202,-73.565567,130003,31.626
S30013,45.499186,-73.565536,130004,31.629
S30013,45.499147,-73.565450,130005,31.637
S30013,45.499147,-73.565450,130006,31.637
S30013,45.499113,-73.565372,130007,31.644
S30013,45.499064,-73.565257,130008,31.655
S30013,45.499021,-73.565136,130009,31.666
S30013,45.499021,-73.565136,130010,31.666
S30013,45.498940,-73.564901,130011,31.686
S30013,45.498893,-73.564763,130012,31.698
S30013,45.498830,-73.564581,130013,31.714
S30013,45.498764,-73.564402,130014,31.730
S30013,45.498764,-73.564402,130015,31.730
S30013,45.498694,-73.564219,130016,31.746
S30013,45.498514,-73.563742,130017,31.788
S30013,45.498461,-73.563602,130018,31.801
S30013,45.498461,-73.563602,130019,31.801
S30013,45.498406,-73.563462,130020,31.813
S30013,45.498406,-73.563462,130021,31.813
S30013,45.498352,-73.563330,130022,31.825
S30013,45.498297,-73.563201,130023,31.837
S30013,45.498297,-73.563201,130024,31.837
S30013,45.498236,-73.563066,130025,31.849
S30013,45.498236,-73.563066,130026,31.849
S30013,45.498174,-73.562933,130027,31.862
S30013,45.498174,-73.562933,130028,31.862
S30013,45.498171,-73.562928,130029,31.863
S30013,45.497872,-73.562288,130030,31.923
S30013,45.497719,-73.561962,130031,31.953
S30013,45.497195,-73.560841,130032,32.058
S30013,45.496777,-73.559948,130033,32.142
S30013,45.496566,-73.559499,130034,32.184
S30013,45.496566,-73.559499,130035,32.184
S30013,45.496451,-73.559255,130036,32.207
S30013,45.496150,-73.558618,130037,32.267
S30013,45.495870,-73.558023,130038,32.323
S30013,45.495708,-73.557686,130039,32.355
S30013,45.495708,-73.557686,130040,32.355
S30013,45.495624,-73.557521,130041,32.371
S30013,45.495534,-73.557362,130042,32.387
S30013,45.495534,-73.557362,130043,32.387
S30013,45.495455,-73.557234,130044,32.400
S30013,45.495371,-73.557112,130045,32.414
S30013,45.495284,-73.556995,130046,32.427
S30013,45.495192,-73.556884,130047,32.440
S30013,45.495192,-73.556884,130048,32.440
S30013,45.495091,-73.556772,130049,32.455
S30013,45.494986,-73.556668,130050,32.469
S30013,45.494877,-73.556571,130051,32.483
S30013,45.494766,-73.556481,130052,32.497
S30013,45.494651,-73.556399,130053,32.512
S30013,45.494534,-73.556326,130054,32.526
S30013,45.494534,-73.556326,130055,32.526
S30013,45.494534,-73.556326,130056,32.526
S30013,45.494408,-73.556258,130057,32.541
S30013,45.494279,-73.556199,130058,32.556
S30013,45.494149,-73.556150,130059,32.571
S30013,45.494017,-73.556110,130060,32.586
S30013,45.494017,-73.556110,130061,32.586
S30013,45.493898,-73.556084,130062,32.599
S30013,45.493778,-73.556064,130063,32.613
S30013,45.493656,-73.556053,130064,32.626
S30013,45.493656,-73.556053,130065,32.626
S30013,45.493613,-73.556051,130066,32.631
S30013,45.493613,-73.556051,130067,32.631
S30013,45.493469,-73.556051,130068,32.647
S30013,45.493325,-73.556060,130069,32.663
S30013,45.493325,-73.556060,130070,32.663
S30013,45.493039,-73.556090,130071,32.695
S30013,45.493039,-73.556090,130072,32.695
S30013,45.491432,-73.556287,130073,32.874
S30013,45.491102,-73.556333,130074,32.911
S30013,45.490772,-73.556382,130075,32.948
S30013,45.490772,-73.556382,130076,32.948
S30013,45.490247,-73.556465,130077,33.007
S30013,45.490170,-73.556476,130078,33.015
S30013,45.489991,-73.556504,130079,33.035
S30013,45.489991,-73.556504,130080,33.035
S30013,45.489811,-73.556529,130081,33.055
S30013,45.489811,-73.556529,130082,33.055
S30013,45.489658,-73.556544,130083,33.072
S30013,45.489658,-73.556544,130084,33.072
S30013,45.489448,-73.556555,130085,33.096
S30013,45.489448,-73.556555,130086,33.096
S30013,45.489239,-73.556557,130087,33.119
S30013,45.489239,-73.556557,130088,33.119
S30013,45.489058,-73.556552,130089,33.139
S30013,45.489058,-73.556552,130090,33.139
S30013,45.488879,-73.556543,130091,33.159
S30013,45.488879,-73.556543,130092,33.159
S30013,45.488713,-73.556534,130093,33.177
S30013,45.487830,-73.556487,130094,33.276
S30013,45.487787,-73.556484,130095,33.280
S30013,45.487606,-73.556473,130096,33.300
S30013,45.487425,-73.556458,130097,33.321
S30013,45.487425,-73.556458,130098,33.321
S30013,45.487303,-73.556444,130099,33.334
S30013,45.487183,-73.556422,130100,33.347
S30013,45.487063,-73.556394,130101,33.361
S30013,45.487063,-73.556394,130102,33.361
S30013,45.486939,-73.556357,130103,33.375
S30013,45.486817,-73.556311,130104,33.389
S30013,45.486696,-73.556255,130105,33.403
S30013,45.486578,-73.556191,130106,33.417
S30013,45.486462,-73.556118,130107,33.431
S30013,45.486349,-73.556038,130108,33.446
S30013,45.486238,-73.555949,130109,33.460
S30013,45.486132,-73.555852,130110,33.474
S30013,45.486029,-73.555747,130111,33.488
S30013,45.485929,-73.555636,130112,33.502
S30013,45.485833,-73.555516,130113,33.516
S30013,45.485743,-73.555391,130114,33.530
S30013,45.485657,-73.555259,130115,33.544
S30013,45.485575,-73.555121,130116,33.558
S30013,45.485499,-73.554976,130117,33.572
S30013,45.485428,-73.554828,130118,33.586
S30013,45.485428,-73.554828,130119,33.586
S30013,45.485372,-73.554696,130120,33.598
S30013,45.485319,-73.554562,130121,33.610
S30013,45.485271,-73.554423,130122,33.622
S30013,45.485227,-73.554283,130123,33.634
S30013,45.485188,-73.554139,130124,33.646
S30013,45.485188,-73.554139,130125,33.646
S30013,45.485146,-73.553962,130126,33.661
S30013,45.485111,-73.553780,130127,33.676
S30013,45.485082,-73.553596,130128,33.690
S30013,45.485061,-73.553410,130129,33.705
S30013,45.485045,-73.553223,130130,33.720
S30013,45.485038,-73.553035,130131,33.734
S30013,45.485037,-73.552846,130132,33.749
S30013,45.485044,-73.552658,130133,33.764
S30013,45.485057,-73.552471,130134,33.779
S30013,45.485078,-73.552284,130135,33.794
S30013,45.485078,-73.552284,130136,33.794
S30013,45.485078,-73.552284,130137,33.794
S30013,45.485103,-73.552116,130138,33.807
S30013,45.485131,-73.551948,130139,33.821
S30013,45.485166,-73.551783,130140,33.834
S30013,45.485166,-73.551783,130141,33.834
S30013,45.485222,-73.551537,130142,33.854
S30013,45.485279,-73.551292,130143,33.874
S30013,45.485279,-73.551292,130144,33.874
S30013,45.486074,-73.547981,130145,34.148
S30013,45.486249,-73.547255,130146,34.208
S30013,45.486271,-73.547165,130147,34.215
S30013,45.486342,-73.546861,130148,34.240
S30013,45.486410,-73.546557,130149,34.265
S30013,45.486410,-73.546557,130150,34.265
S30013,45.486439,-73.546403,130151,34.278
S30013,45.486466,-73.546247,130152,34.290
S30013,45.486488,-73.546091,130153,34.303
S30013,45.486505,-73.545934,130154,34.315
S30013,45.486505,-73.545934,130155,34.315
S30013,45.486519,-73.545756,130156,34.329
S30013,45.486525,-73.545578,130157,34.343
S30013,45.486525,-73.545399,130158,34.357
S30013,45.486518,-73.545221,130159,34.371
S30013,45.486504,-73.545045,130160,34.385
S30013,45.486484,-73.544868,130161,34.399
S30013,45.486456,-73.544694,130162,34.413
S30013,45.486422,-73.544523,130163,34.426
S30013,45.486382,-73.544354,130164,34.440
S30013,45.486335,-73.544188,130165,34.454
S30013,45.486282,-73.544026,130166,34.468
S30013,45.486223,-73.543869,130167,34.482
S30013,45.486158,-73.543717,130168,34.496
S30013,45.486087,-73.543570,130169,34.510
S30013,45.486010,-73.543428,130170,34.524
S30013,45.485929,-73.543292,130171,34.538
S30013,45.485842,-73.543164,130172,34.552
S30013,45.485751,-73.543041,130173,34.566
S30013,45.485654,-73.542927,130174,34.580
S30013,45.485554,-73.542820,130175,34.594
S30013,45.485449,-73.542721,130176,34.608
S30013,45.485341,-73.542629,130177,34.622
S30013,45.485231,-73.542547,130178,34.636
S30013,45.485116,-73.542473,130179,34.650
S30013,45.484999,-73.542408,130180,34.664
S30013,45.484880,-73.542352,130181,34.678
S30013,45.484759,-73.542306,130182,34.692
S30013,45.484636,-73.542269,130183,34.706
S30013,45.484512,-73.542242,130184,34.720
S30013,45.484387,-73.542224,130185,34.734
S30013,45.484262,-73.542216,130186,34.748
S30013,45.484262,-73.542216,130187,34.748
S30013,45.484262,-73.542216,130188,34.748
S30013,45.484157,-73.542216,130189,34.759
S30013,45.484053,-73.542224,130190,34.771
S30013,45.483948,-73.542236,130191,34.782
S30013,45.483948,-73.542236,130192,34.782
S30013,45.483793,-73.542264,130193,34.800
S30013,45.483638,-73.542301,130194,34.817
S30013,45.483638,-73.542301,130195,34.817
S30013,45.483484,-73.542345,130196,34.834
S30013,45.483331,-73.542396,130197,34.852
S30013,45.483331,-73.542396,130198,34.852
S30013,45.483026,-73.542506,130199,34.887
S30013,45.483026,-73.542506,130200,34.887
S30013,45.482982,-73.542522,130201,34.892
S30013,45.482064,-73.542860,130202,34.998
S30013,45.481541,-73.543053,130203,35.057
S30013,45.480448,-73.543457,130204,35.183
S30013,45.479966,-73.543634,130205,35.238
S30013,45.479661,-73.543749,130206,35.273
S30013,45.479661,-73.543749,130207,35.273
S30013,45.479510,-73.543810,130208,35.291
S30013,45.479360,-73.543875,130209,35.308
S30013,45.479360,-73.543875,130210,35.308
S30013,45.479184,-73.543961,130211,35.329
S30013,45.479010,-73.544054,130212,35.350
S30013,45.478839,-73.544155,130213,35.370
S30013,45.478671,-73.544265,130214,35.391
S30013,45.478504,-73.544382,130215,35.411
S30013,45.478342,-73.544508,130216,35.432
S30013,45.478181,-73.544641,130217,35.453
S30013,45.478025,-73.544781,130218,35.473
S30013,45.477871,-73.544929,130219,35.494
S30013,45.477721,-73.545084,130220,35.514
S30013,45.477575,-73.545246,130221,35.535
S30013,45.477432,-73.545415,130222,35.556
S30013,45.477295,-73.545591,130223,35.576
S30013,45.477160,-73.545774,130224,35.597
S30013,45.477160,-73.545774,130225,35.597
S30013,45.477160,-73.545774,130226,35.597
S30013,45.477050,-73.545933,130227,35.615
S30013,45.476943,-73.546096,130228,35.632
S30013,45.476943,-73.546096,130229,35.632
S30013,45.476730,-73.546427,130230,35.667
S30013,45.476730,-73.546427,130231,35.667
S30013,45.476452,-73.546866,130232,35.713
S30013,45.476174,-73.547306,130233,35.760
S30013,45.476036,-73.547520,130234,35.782
S30013,45.475895,-73.547731,130235,35.805
S30013,45.475895,-73.547731,130236,35.805
S30013,45.475799,-73.547869,130237,35.820
S30013,45.475698,-73.548000,130238,35.835
S30013,45.475593,-73.548124,130239,35.850
S30013,45.475593,-73.548124,130240,35.850
S30013,45.475495,-73.548230,130241,35.864
S30013,45.475393,-73.548327,130242,35.878
S30013,45.475288,-73.548418,130243,35.891
S30013,45.475179,-73.548501,130244,35.905
S30013,45.475067,-73.548576,130245,35.919
S30013,45.474954,-73.548643,130246,35.932
S30013,45.474838,-73.548701,130247,35.946
S30013,45.474720,-73.548752,130248,35.960
S30013,45.474720,-73.548752,130249,35.960
S30013,45.474607,-73.548792,130250,35.973
S30013,45.474494,-73.548824,130251,35.986
S30013,45.474380,-73.548848,130252,35.998
S30013,45.474380,-73.548848,130253,35.998
S30013,45.474264,-73.548866,130254,36.011
S30013,45.474149,-73.548875,130255,36.024
S30013,45.474033,-73.548876,130256,36.037
S30013,45.474033,-73.548876,130257,36.037
S30013,45.473917,-73.548868,130258,36.050
S30013,45.473802,-73.548854,130259,36.063
S30013,45.473688,-73.548832,130260,36.075
S30013,45.473688,-73.548832,130261,36.075
S30013,45.473573,-73.548803,130262,36.088
S30013,45.473461,-73.548764,130263,36.101
S30013,45.473349,-73.548719,130264,36.114
S30013,45.473349,-73.548719,130265,36.114
S30013,45.473232,-73.548663,130266,36.128
S30013,45.473117,-73.548599,130267,36.142
S30013,45.473005,-73.548526,130268,36.155
S30013,45.472895,-73.548445,130269,36.169
S30013,45.472789,-73.548357,130270,36.183
S30013,45.472789,-73.548357,130271,36.183
S30013,45.472674,-73.548252,130272,36.198
S30013,45.472563,-73.548138,130273,36.213
S30013,45.472456,-73.548018,130274,36.228
S30013,45.472456,-73.548018,130275,36.228
S30013,45.472300,-73.547831,130276,36.251
S30013,45.472145,-73.547640,130277,36.274
S30013,45.472145,-73.547640,130278,36.274
S30013,45.471588,-73.546945,130279,36.356
S30013,45.471444,-73.546762,130280,36.377
S30013,45.471301,-73.546576,130281,36.399
S30013,45.471301,-73.546576,130282,36.399
S30013,45.471209,-73.546450,130283,36.413
S30013,45.471120,-73.546315,130284,36.428
S30013,45.471037,-73.546177,130285,36.442
S30013,45.471037,-73.546177,130286,36.442
S30013,45.470958,-73.546033,130287,36.456
S30013,45.470884,-73.545883,130288,36.471
S30013,45.470817,-73.545728,130289,36.485
S30013,45.470817,-73.545728,130290,36.485
S30013,45.470755,-73.545567,130291,36.499
S30013,45.470700,-73.545403,130292,36.513
S30013,45.470650,-73.545234,130293,36.528
S30013,45.470650,-73.545234,130294,36.528
S30013,45.470613,-73.545083,130295,36.540
S30013,45.470579,-73.544930,130296,36.553
S30013,45.470552,-73.544774,130297,36.565
S30013,45.470552,-73.544774,130298,36.565
S30013,45.470526,-73.544595,130299,36.580
S30013,45.470506,-73.544413,130300,36.594
S30013,45.470491,-73.544232,130301,36.608
S30013,45.470491,-73.544232,130302,36.608
S30013,45.470475,-73.543958,130303,36.630
S30013,45.470462,-73.543684,130304,36.651
S30013,45.470462,-73.543684,130305,36.651
S30013,45.470356,-73.541272,130306,36.840
S30013,45.470347,-73.541074,130307,36.856
S30013,45.470347,-73.541074,130308,36.856
S30013,45.470339,-73.540877,130309,36.871
S30013,45.470339,-73.540877,130310,36.871
S30013,45.470329,-73.540503,130311,36.900
S30013,45.470329,-73.540503,130312,36.900
S30013,45.470325,-73.540305,130313,36.916
S30013,45.470325,-73.540305,130314,36.916
S30013,45.470323,-73.540107,130315,36.931
S30013,45.470323,-73.540107,130316,36.931
S30013,45.470319,-73.539772,130317,36.958
S30013,45.470305,-73.538547,130318,37.053
S30013,45.470305,-73.538547,140001,37.053
S30013,45.470291,-73.537410,140002,37.142
S30013,45.470285,-73.536860,140003,37.185
S30013,45.470277,-73.536080,140004,37.246
S30013,45.470265,-73.535343,140005,37.304
S30013,45.470265,-73.535343,140006,37.304
S30013,45.470251,-73.534560,140007,37.365
S30013,45.470246,-73.534296,140008,37.386
S30013,45.470246,-73.534296,140009,37.386
S30013,45.470223,-73.532991,140010,37.488
S30013,45.470192,-73.531686,140011,37.590
S30013,45.470157,-73.530383,140012,37.692
S30013,45.470114,-73.529080,140013,37.794
S30013,45.470066,-73.527777,140014,37.896
S30013,45.470010,-73.526474,140015,37.998
S30013,45.469949,-73.525172,140016,38.100
S30013,45.469881,-73.523871,140017,38.202
S30013,45.469808,-73.522570,140018,38.304
S30013,45.469727,-73.521270,140019,38.406
S30013,45.469641,-73.519971,140020,38.508
S30013,45.469548,-73.518673,140021,38.610
S30013,45.469449,-73.517375,140022,38.712
S30013,45.469449,-73.517375,140023,38.712
S30013,45.469449,-73.517375,140024,38.712
S30013,45.469382,-73.516548,140025,38.777
S30013,45.469313,-73.515722,140026,38.842
S30013,45.469313,-73.515722,140027,38.842
S30013,45.469242,-73.514894,140028,38.908
S30013,45.469167,-73.514068,140029,38.973
S30013,45.469167,-73.514068,140030,38.973
S30013,45.469091,-73.513243,140031,39.038
S30013,45.469012,-73.512417,140032,39.103
S30013,45.469012,-73.512417,140033,39.103
S30013,45.468930,-73.511592,140034,39.168
S30013,45.468846,-73.510768,140035,39.233
S30013,45.468846,-73.510768,140036,39.233
S30013,45.468639,-73.508781,140037,39.390
S30013,45.468433,-73.506795,140038,39.547
S30013,45.468226,-73.504807,140039,39.704
S30013,45.468020,-73.502821,140040,39.861
S30013,45.467917,-73.501852,140041,39.938
S30013,45.467814,-73.500884,140042,40.015
S30013,45.467814,-73.500884,140043,40.015
S30013,45.467708,-73.499916,140044,40.091
S30013,45.467600,-73.498949,140045,40.168
S30013,45.467600,-73.498949,140046,40.168
S30013,45.467490,-73.497982,140047,40.244
S30013,45.467377,-73.497015,140048,40.321
S30013,45.467377,-73.497015,140049,40.321
S30013,45.467263,-73.496050,140050,40.398
S30013,45.467147,-73.495086,140051,40.474
S30013,45.467147,-73.495086,140052,40.474
S30013,45.467028,-73.494120,140053,40.551
S30013,45.466908,-73.493156,140054,40.627
S30013,45.466908,-73.493156,140055,40.627
S30013,45.466737,-73.491816,140056,40.734
S30013,45.466561,-73.490475,140057,40.840
S30013,45.466382,-73.489135,140058,40.947
S30013,45.466382,-73.489135,140059,40.947
S30013,45.466268,-73.488303,140060,41.013
S30013,45.466268,-73.488303,140061,41.013
S30013,45.466153,-73.487470,140062,41.080
S30013,45.466153,-73.487470,140063,41.080
S30013,45.466059,-73.486798,140064,41.133
S30013,45.465966,-73.486125,140065,41.187
S30013,45.465914,-73.485748,140066,41.217
S30013,45.465865,-73.485371,140067,41.247
S30013,45.465865,-73.485371,140068,41.247
S30013,45.465784,-73.484715,140069,41.299
S30013,45.465710,-73.484056,140070,41.351
S30013,45.465641,-73.483397,140071,41.403
S30013,45.465580,-73.482736,140072,41.455
S30013,45.465525,-73.482075,140073,41.507
S30013,45.465525,-73.482075,140074,41.507
S30013,45.465317,-73.479433,140075,41.715
S30013,45.465295,-73.479147,140076,41.738
S30013,45.465295,-73.479147,140077,41.738
S30013,45.465267,-73.478764,140078,41.768
S30013,45.465242,-73.478382,140079,41.798
S30013,45.465242,-73.478382,140080,41.798
S30013,45.465201,-73.477702,140081,41.851
S30013,45.465194,-73.477555,140082,41.863
S30013,45.465170,-73.477067,140083,41.901
S30013,45.465167,-73.477021,140084,41.905
S30013,45.465140,-73.476339,140085,41.958
S30013,45.465140,-73.476339,140086,41.958
S30013,45.465080,-73.474671,140087,42.089
S30013,45.465070,-73.474397,140088,42.110
S30013,45.465052,-73.473947,140089,42.145
S30013,45.465052,-73.473947,140090,42.145
S30013,45.465030,-73.473497,140091,42.181
S30013,45.465030,-73.473497,140092,42.181
S30013,45.465018,-73.473263,140093,42.199
S30013,45.465018,-73.473263,140094,42.199
S30013,45.464997,-73.472901,140095,42.227
S30013,45.464961,-73.472262,140096,42.278
S30013,45.464944,-73.471900,140097,42.306
S30013,45.464929,-73.471538,140098,42.334
S30013,45.464929,-73.471538,140099,42.334
S30013,45.464925,-73.471405,140100,42.345
S30013,45.464879,-73.470190,140101,42.440
S30013,45.464879,-73.470190,150001,42.440
S30013,45.464843,-73.469227,150002,42.515
S30013,45.464842,-73.469194,150003,42.518
S30013,45.464837,-73.469047,150004,42.529
S30013,45.464837,-73.469047,150005,42.529
S30013,45.464831,-73.468900,150006,42.541
S30013,45.464831,-73.468900,150007,42.541
S30013,45.464825,-73.468662,150008,42.560
S30013,45.464819,-73.468423,150009,42.578
S30013,45.464819,-73.468423,150010,42.578
S30013,45.464818,-73.468276,150011,42.590
S30013,45.464818,-73.468276,150012,42.590
S30013,45.464816,-73.468129,150013,42.601
S30013,45.464816,-73.468129,150014,42.601
S30013,45.464811,-73.467757,150015,42.630
S30013,45.464804,-73.467154,150016,42.678
S30013,45.464802,-73.467007,150017,42.689
S30013,45.464802,-73.467007,150018,42.689
S30013,45.464799,-73.466860,150019,42.700
S30013,45.464799,-73.466860,150020,42.700
S30013,45.464795,-73.466622,150021,42.719
S30013,45.464787,-73.466383,150022,42.738
S30013,45.464787,-73.466383,150023,42.738
S30013,45.464783,-73.466238,150024,42.749
S30013,45.464783,-73.466238,150025,42.749
S30013,45.464777,-73.466090,150026,42.761
S30013,45.464777,-73.466090,150027,42.761
S30013,45.464761,-73.465648,150028,42.795
S30013,45.464745,-73.465206,150029,42.830
S30013,45.464691,-73.463793,150030,42.941
S30013,45.464668,-73.463153,150031,42.991
S30013,45.464644,-73.462515,150032,43.041
S30013,45.464633,-73.462221,150033,43.064
S30013,45.464613,-73.461736,150034,43.102
S30013,45.464613,-73.461736,150035,43.102
S30013,45.464601,-73.461493,150036,43.121
S30013,45.464585,-73.461252,150037,43.140
S30013,45.464585,-73.461252,150038,43.140
S30013,45.464560,-73.460954,150039,43.163
S30013,45.464527,-73.460657,150040,43.187
S30013,45.464489,-73.460362,150041,43.210
S30013,45.464443,-73.460068,150042,43.234
S30013,45.464392,-73.459776,150043,43.257
S30013,45.464333,-73.459487,150044,43.281
S30013,45.464268,-73.459201,150045,43.304
S30013,45.464197,-73.458918,150046,43.328
S30013,45.464197,-73.458918,150047,43.328
S30013,45.464140,-73.458710,150048,43.345
S30013,45.464080,-73.458504,150049,43.363
S30013,45.464016,-73.458299,150050,43.380
S30013,45.464016,-73.458299,150051,43.380
S30013,45.463949,-73.458097,150052,43.398
S30013,45.463878,-73.457898,150053,43.415
S30013,45.463804,-73.457700,150054,43.433
S30013,45.463804,-73.457700,150055,43.433
S30013,45.463727,-73.457505,150056,43.450
S30013,45.463647,-73.457314,150057,43.468
S30013,45.463563,-73.457123,150058,43.485
S30013,45.463563,-73.457123,150059,43.485
S30013,45.463476,-73.456938,150060,43.502
S30013,45.463387,-73.456754,150061,43.520
S30013,45.463293,-73.456574,150062,43.538
S30013,45.463293,-73.456574,150063,43.538
S30013,45.463189,-73.456382,150064,43.556
S30013,45.463082,-73.456193,150065,43.575
S30013,45.462971,-73.456009,150066,43.594
S30013,45.462857,-73.455828,150067,43.613
S30013,45.462857,-73.455828,150068,43.613
S30013,45.462740,-73.455652,150069,43.632
S30013,45.462619,-73.455480,150070,43.651
S30013,45.462619,-73.455480,150071,43.651
S30013,45.462376,-73.455138,150072,43.689
S30013,45.462376,-73.455138,150073,43.689
S30013,45.459713,-73.451444,150074,44.103
S30013,45.459294,-73.450864,150075,44.168
S30013,45.458876,-73.450283,150076,44.233
S30013,45.458684,-73.450016,150077,44.263
S30013,45.458409,-73.449634,150078,44.305
S30013,45.458136,-73.449251,150079,44.348
S30013,45.458136,-73.449251,150080,44.348
S30013,45.457346,-73.448130,150081,44.472
S30013,45.456759,-73.447302,150082,44.564
S30013,45.456759,-73.447302,150083,44.564
S30013,45.456382,-73.446776,150084,44.623
S30013,45.456382,-73.446776,150085,44.623
S30013,45.456138,-73.446435,150086,44.661
S30013,45.455893,-73.446095,150087,44.699
S30013,45.455694,-73.445820,150088,44.730
S30013,45.455694,-73.445820,150089,44.730
S30013,45.455495,-73.445548,150090,44.760
S30013,45.455495,-73.445548,150091,44.760
S30013,45.455248,-73.445215,150092,44.798
S30013,45.455001,-73.444881,150093,44.836
S30013,45.454671,-73.444434,150094,44.887
S30013,45.454516,-73.444223,150095,44.910
S30013,45.454516,-73.444223,150096,44.910
S30013,45.454216,-73.443809,150097,44.957
S30013,45.454216,-73.443809,150098,44.957
S30013,45.453762,-73.443174,150099,45.028
S30013,45.453309,-73.442539,150100,45.099
S30013,45.452883,-73.441945,150101,45.165
S30013,45.452883,-73.441945,150102,45.165
S30013,45.452429,-73.441313,150103,45.236
S30013,45.451214,-73.439625,150104,45.424
S30013,45.450441,-73.438552,150105,45.544
S30013,45.449482,-73.437218,150106,45.694
S30013,45.449202,-73.436835,150107,45.737
S30013,45.448918,-73.436457,150108,45.780
S30013,45.448918,-73.436457,150109,45.780
S30013,45.448153,-73.435453,150110,45.896
S30013,45.447903,-73.435121,150111,45.934
S30013,45.447655,-73.434784,150112,45.972
S30013,45.447655,-73.434784,150113,45.972
S30013,45.447426,-73.434464,150114,46.008
S30013,45.447426,-73.434464,150115,46.008
S30013,45.447271,-73.434245,150116,46.032
S30013,45.446857,-73.433660,150117,46.097
S30013,45.446857,-73.433660,160001,46.097
S30013,45.446456,-73.433094,160002,46.160
S30013,45.446393,-73.433003,160003,46.169
S30013,45.446393,-73.433003,160004,46.169
S30013,45.446329,-73.432912,160005,46.179
S30013,45.446329,-73.432912,160006,46.179
S30013,45.446208,-73.432734,160007,46.199
S30013,45.446089,-73.432551,160008,46.218
S30013,45.445973,-73.432366,160009,46.238
S30013,45.445973,-73.432366,160010,46.238
S30013,45.445871,-73.432195,160011,46.255
S30013,45.445770,-73.432021,160012,46.273
S30013,45.445770,-73.432021,160013,46.273
S30013,45.445714,-73.431921,160014,46.283
S30013,45.445714,-73.431921,160015,46.283
S30013,45.445658,-73.431822,160016,46.293
S30013,45.445658,-73.431822,160017,46.293
S30013,45.444752,-73.430191,160018,46.455
S30013,45.444417,-73.429590,160019,46.515
S30013,45.444038,-73.428910,160020,46.583
S30013,45.443916,-73.428689,160021,46.605
S30013,45.443793,-73.428468,160022,46.627
S30013,45.443670,-73.428247,160023,46.649
S30013,45.443547,-73.428027,160024,46.671
S30013,45.443066,-73.427161,160025,46.758
S30013,45.442883,-73.426838,160026,46.790
S30013,45.442883,-73.426838,160027,46.790
S30013,45.442819,-73.426733,160028,46.801
S30013,45.442753,-73.426633,160029,46.812
S30013,45.442684,-73.426534,160030,46.822
S30013,45.442684,-73.426534,160031,46.822
S30013,45.442594,-73.426415,160032,46.836
S30013,45.442498,-73.426303,160033,46.850
S30013,45.442399,-73.426200,160034,46.864
S30013,45.442295,-73.426103,160035,46.877
S30013,45.442188,-73.426015,160036,46.891
S30013,45.442078,-73.425936,160037,46.905
S30013,45.441965,-73.425865,160038,46.919
S30013,45.441965,-73.425865,160039,46.919
S30013,45.441965,-73.425865,160040,46.919
S30013,45.441854,-73.425805,160041,46.932
S30013,45.441742,-73.425756,160042,46.945
S30013,45.441742,-73.425756,160043,46.945
S30013,45.441628,-73.425714,160044,46.958
S30013,45.441511,-73.425679,160045,46.971
S30013,45.441511,-73.425679,160046,46.971
S30013,45.441394,-73.425654,160047,46.984
S30013,45.441277,-73.425639,160048,46.998
S30013,45.441277,-73.425639,160049,46.998
S30013,45.441160,-73.425631,160050,47.011
S30013,45.441041,-73.425633,160051,47.024
S30013,45.441041,-73.425633,160052,47.024
S30013,45.440923,-73.425643,160053,47.037
S30013,45.440806,-73.425662,160054,47.050
S30013,45.440806,-73.425662,160055,47.050
S30013,45.440689,-73.425689,160056,47.063
S30013,45.440574,-73.425727,160057,47.076
S30013,45.440574,-73.425727,160058,47.076
S30013,45.440460,-73.425771,160059,47.090
S30013,45.440348,-73.425825,160060,47.103
S30013,45.440348,-73.425825,160061,47.103
S30013,45.440238,-73.425887,160062,47.116
S30013,45.440131,-73.425957,160063,47.129
S30013,45.440131,-73.425957,160064,47.129
S30013,45.440021,-73.426039,160065,47.143
S30013,45.439913,-73.426131,160066,47.157
S30013,45.439808,-73.426231,160067,47.171
S30013,45.439709,-73.426340,160068,47.185
S30013,45.439614,-73.426455,160069,47.199
S30013,45.439523,-73.426579,160070,47.213
S30013,45.439438,-73.426710,160071,47.227
S30013,45.439357,-73.426847,160072,47.240
S30013,45.439282,-73.426989,160073,47.254
S30013,45.439213,-73.427138,160074,47.268
S30013,45.439213,-73.427138,160075,47.268
S30013,45.439213,-73.427138,160076,47.268
S30013,45.439164,-73.427257,160077,47.279
S30013,45.439117,-73.427377,160078,47.290
S30013,45.439073,-73.427501,160079,47.301
S30013,45.439073,-73.427501,160080,47.301
S30013,45.438950,-73.427877,160081,47.333
S30013,45.438950,-73.427877,160082,47.333
S30013,45.438880,-73.428096,160083,47.352
S30013,45.438750,-73.428507,160084,47.387
S30013,45.438466,-73.429396,160085,47.464
S30013,45.438355,-73.429746,160086,47.494
S30013,45.438243,-73.430095,160087,47.524
S30013,45.438056,-73.430683,160088,47.574
S30017,45.438003,-73.430645,10001,0.000
S30017,45.438189,-73.430060,10002,0.050
S30017,45.438301,-73.429711,10003,0.080
S30017,45.438412,-73.429361,10004,0.110
S30017,45.438572,-73.428858,10005,0.153
S30017,45.438743,-73.428321,10006,0.200
S30017,45.438826,-73.428062,10007,0.222
S30017,45.438894,-73.427847,10008,0.240
S30017,45.439019,-73.427466,10009,0.273
S30017,45.439064,-73.427340,10010,0.284
S30017,45.439111,-73.427218,10011,0.295
S30017,45.439161,-73.427097,10012,0.306
S30017,45.439226,-73.426958,10013,0.319
S30017,45.439295,-73.426822,10014,0.332
S30017,45.439369,-73.426693,10015,0.345
S30017,45.439447,-73.426569,10016,0.358
S30017,45.439530,-73.426451,10017,0.371
S30017,45.439617,-73.426339,10018,0.384
S30017,45.439708,-73.426234,10019,0.397
S30017,45.439802,-73.426135,10020,0.410
S30017,45.439900,-73.426043,10021,0.423
S30017,45.440001,-73.425959,10022,0.436
S30017,45.440105,-73.425881,10023,0.449
S30017,45.440215,-73.425809,10024,0.463
S30017,45.440328,-73.425746,10025,0.476
S30017,45.440443,-73.425691,10026,0.490
S30017,45.440559,-73.425645,10027,0.503
S30017,45.440678,-73.425608,10028,0.517
S30017,45.440798,-73.425578,10029,0.530
S30017,45.440918,-73.425559,10030,0.544
S30017,45.441039,-73.425548,10031,0.557
S30017,45.441160,-73.425547,10032,0.571
S30017,45.441281,-73.425554,10033,0.584
S30017,45.441402,-73.425571,10034,0.598
S30017,45.441522,-73.425596,10035,0.611
S30017,45.441641,-73.425631,10036,0.625
S30017,45.441758,-73.425674,10037,0.638
S30017,45.441874,-73.425726,10038,0.651
S30017,45.441987,-73.425787,10039,0.665
S30017,45.442100,-73.425858,10040,0.679
S30017,45.442209,-73.425935,10041,0.692
S30017,45.442316,-73.426022,10042,0.706
S30017,45.442419,-73.426117,10043,0.720
S30017,45.442519,-73.426219,10044,0.733
S30017,45.442614,-73.426329,10045,0.747
S30017,45.442698,-73.426435,10046,0.759
S30017,45.442779,-73.426546,10047,0.772
S30017,45.442857,-73.426662,10048,0.784
S30017,45.442931,-73.426782,10049,0.797
S30017,45.443075,-73.427027,10050,0.822
S30017,45.443216,-73.427276,10051,0.847
S30017,45.443601,-73.427967,10052,0.916
S30017,45.443723,-73.428188,10053,0.938
S30017,45.443846,-73.428409,10054,0.960
S30017,45.443969,-73.428630,10055,0.982
S30017,45.444092,-73.428851,10056,1.004
S30017,45.444470,-73.429531,10057,1.072
S30017,45.444805,-73.430133,10058,1.132
S30017,45.445218,-73.430875,10059,1.206
S30017,45.445335,-73.431086,10060,1.227
S30017,45.445454,-73.431294,10061,1.248
S30017,45.445599,-73.431542,10062,1.273
S30017,45.445748,-73.431786,10063,1.298
S30017,45.445900,-73.432024,10064,1.323
S30017,45.446056,-73.432260,10065,1.349
S30017,45.446095,-73.432316,10066,1.355
S30017,45.446227,-73.432506,10067,1.376
S30017,45.446361,-73.432696,10068,1.397
S30017,45.446437,-73.432802,10069,1.409
S30017,45.446947,-73.433524,10070,1.489
S30017,45.446947,-73.433524,20001,1.489
S30017,45.447363,-73.434112,20002,1.554
S30017,45.447512,-73.434322,20003,1.577
S30017,45.447746,-73.434652,20004,1.614
S30017,45.447961,-73.434959,20005,1.648
S30017,45.448657,-73.435946,20006,1.757
S30017,45.448925,-73.436324,20007,1.799
S30017,45.449193,-73.436700,20008,1.841
S30017,45.450485,-73.438494,20009,2.042
S30017,45.451257,-73.439568,20010,2.162
S30017,45.452472,-73.441256,20011,2.350
S30017,45.452925,-73.441885,20012,2.421
S30017,45.453351,-73.442479,20013,2.487
S30017,45.453804,-73.443114,20014,2.558
S30017,45.454258,-73.443749,20015,2.629
S30017,45.454559,-73.444166,20016,2.675
S30017,45.454711,-73.444372,20017,2.699
S30017,45.455047,-73.444826,20018,2.750
S30017,45.455291,-73.445157,20019,2.788
S30017,45.455536,-73.445487,20020,2.825
S30017,45.455736,-73.445759,20021,2.856
S30017,45.455935,-73.446033,20022,2.887
S30017,45.456179,-73.446375,20023,2.925
S30017,45.456424,-73.446716,20024,2.963
S30017,45.456804,-73.447247,20025,3.022
S30017,45.457388,-73.448070,20026,3.114
S30017,45.458179,-73.449191,20027,3.238
S30017,45.458452,-73.449574,20028,3.280
S30017,45.458725,-73.449956,20029,3.323
S30017,45.458895,-73.450193,20030,3.349
S30017,45.459336,-73.450803,20031,3.418
S30017,45.459776,-73.451414,20032,3.486
S30017,45.462501,-73.455194,20033,3.909
S30017,45.462745,-73.455534,20034,3.947
S30017,45.462864,-73.455708,20035,3.966
S30017,45.462982,-73.455886,20036,3.986
S30017,45.463076,-73.456033,20037,4.001
S30017,45.463167,-73.456184,20038,4.017
S30017,45.463295,-73.456407,20039,4.039
S30017,45.463418,-73.456636,20040,4.062
S30017,45.463536,-73.456870,20041,4.084
S30017,45.463649,-73.457109,20042,4.107
S30017,45.463756,-73.457353,20043,4.129
S30017,45.463858,-73.457603,20044,4.152
S30017,45.463954,-73.457857,20045,4.174
S30017,45.464045,-73.458114,20046,4.197
S30017,45.464130,-73.458376,20047,4.219
S30017,45.464208,-73.458641,20048,4.242
S30017,45.464281,-73.458910,20049,4.264
S30017,45.464348,-73.459182,20050,4.287
S30017,45.464407,-73.459447,20051,4.309
S30017,45.464459,-73.459715,20052,4.330
S30017,45.464507,-73.459984,20053,4.352
S30017,45.464549,-73.460257,20054,4.374
S30017,45.464584,-73.460530,20055,4.396
S30017,45.464614,-73.460805,20056,4.418
S30017,45.464638,-73.461082,20057,4.439
S30017,45.464654,-73.461323,20058,4.458
S30017,45.464666,-73.461566,20059,4.477
S30017,45.464686,-73.462052,20060,4.516
S30017,45.464703,-73.462511,20061,4.551
S30017,45.464727,-73.463149,20062,4.601
S30017,45.464750,-73.463787,20063,4.652
S30017,45.464803,-73.465202,20064,4.762
S30017,45.464819,-73.465628,20065,4.796
S30017,45.464835,-73.466055,20066,4.829
S30017,45.464850,-73.466422,20067,4.858
S30017,45.464867,-73.466787,20068,4.886
S30017,45.464873,-73.466924,20069,4.897
S30017,45.464913,-73.467750,20070,4.962
S30017,45.464934,-73.468177,20071,4.995
S30017,45.464951,-73.468544,20072,5.024
S30017,45.464965,-73.468911,20073,5.053
S30017,45.464976,-73.469218,20074,5.077
S30017,45.465012,-73.470171,20075,5.152
S30017,45.465012,-73.470171,30001,5.152
S30017,45.465058,-73.471395,30002,5.247
S30017,45.465062,-73.471523,30003,5.257
S30017,45.465075,-73.471908,30004,5.287
S30017,45.465086,-73.472291,30005,5.317
S30017,45.465096,-73.472894,30006,5.364
S30017,45.465104,-73.473353,30007,5.400
S30017,45.465104,-73.473353,30008,5.400
S30017,45.465107,-73.473492,30009,5.411
S30017,45.465107,-73.473492,30010,5.411
S30017,45.465117,-73.473933,30011,5.446
S30017,45.465117,-73.473933,30012,5.446
S30017,45.465131,-73.474376,30013,5.480
S30017,45.465141,-73.474667,30014,5.503
S30017,45.465199,-73.476272,30015,5.629
S30017,45.465199,-73.476272,30016,5.629
S30017,45.465208,-73.476496,30017,5.646
S30017,45.465227,-73.476974,30018,5.684
S30017,45.465262,-73.477675,30019,5.739
S30017,45.465284,-73.478033,30020,5.767
S30017,45.465305,-73.478374,30021,5.794
S30017,45.465305,-73.478374,30022,5.794
S30017,45.465331,-73.478757,30023,5.824
S30017,45.465358,-73.479138,30024,5.854
S30017,45.465358,-73.479138,30025,5.854
S30017,45.465375,-73.479359,30026,5.871
S30017,45.465585,-73.482019,30027,6.080
S30017,45.465585,-73.482019,30028,6.080
S30017,45.465641,-73.482689,30029,6.133
S30017,45.465703,-73.483356,30030,6.186
S30017,45.465773,-73.484023,30031,6.239
S30017,45.465848,-73.484689,30032,6.291
S30017,45.465930,-73.485353,30033,6.344
S30017,45.465930,-73.485353,30034,6.344
S30017,45.465976,-73.485708,30035,6.372
S30017,45.466025,-73.486062,30036,6.401
S30017,45.466122,-73.486758,30037,6.456
S30017,45.466219,-73.487452,30038,6.511
S30017,45.466219,-73.487452,30039,6.511
S30017,45.466334,-73.488285,30040,6.578
S30017,45.466334,-73.488285,30041,6.578
S30017,45.466447,-73.489117,30042,6.644
S30017,45.466447,-73.489117,30043,6.644
S30017,45.466628,-73.490458,30044,6.751
S30017,45.466802,-73.491800,30045,6.857
S30017,45.466974,-73.493143,30046,6.964
S30017,45.466974,-73.493143,30047,6.964
S30017,45.467095,-73.494106,30048,7.041
S30017,45.467213,-73.495071,30049,7.117
S30017,45.467213,-73.495071,30050,7.117
S30017,45.467330,-73.496036,30051,7.194
S30017,45.467444,-73.497003,30052,7.271
S30017,45.467444,-73.497003,30053,7.271
S30017,45.467556,-73.497968,30054,7.347
S30017,45.467666,-73.498935,30055,7.424
S30017,45.467666,-73.498935,30056,7.424
S30017,45.467774,-73.499903,30057,7.500
S30017,45.467881,-73.500870,30058,7.577
S30017,45.467881,-73.500870,30059,7.577
S30017,45.467984,-73.501839,30060,7.653
S30017,45.468086,-73.502807,30061,7.730
S30017,45.468293,-73.504795,30062,7.887
S30017,45.468499,-73.506781,30063,8.044
S30017,45.468705,-73.508768,30064,8.201
S30017,45.468912,-73.510754,30065,8.358
S30017,45.468912,-73.510754,30066,8.358
S30017,45.468996,-73.511579,30067,8.423
S30017,45.469078,-73.512404,30068,8.488
S30017,45.469078,-73.512404,30069,8.488
S30017,45.469158,-73.513229,30070,8.553
S30017,45.469234,-73.514055,30071,8.619
S30017,45.469234,-73.514055,30072,8.619
S30017,45.469308,-73.514881,30073,8.684
S30017,45.469379,-73.515708,30074,8.749
S30017,45.469379,-73.515708,30075,8.749
S30017,45.469449,-73.516535,30076,8.814
S30017,45.469515,-73.517362,30077,8.879
S30017,45.469515,-73.517362,30078,8.879
S30017,45.469515,-73.517362,30079,8.879
S30017,45.469614,-73.518661,30080,8.981
S30017,45.469707,-73.519960,30081,9.083
S30017,45.469793,-73.521259,30082,9.185
S30017,45.469874,-73.522560,30083,9.288
S30017,45.469948,-73.523861,30084,9.390
S30017,45.470016,-73.525163,30085,9.492
S30017,45.470077,-73.526465,30086,9.594
S30017,45.470132,-73.527768,30087,9.696
S30017,45.470180,-73.529072,30088,9.798
S30017,45.470223,-73.530376,30089,9.900
S30017,45.470260,-73.531680,30090,10.002
S30017,45.470289,-73.532985,30091,10.104
S30017,45.470313,-73.534290,30092,10.206
S30017,45.470313,-73.534290,30093,10.206
S30017,45.470319,-73.534793,30094,10.245
S30017,45.470325,-73.535605,30095,10.309
S30017,45.470325,-73.535605,30096,10.309
S30017,45.470330,-73.536274,30097,10.361
S30017,45.470339,-73.537011,30098,10.419
S30017,45.470344,-73.537412,30099,10.450
S30017,45.470357,-73.538538,30100,10.538
S30017,45.470357,-73.538538,40001,10.538
S30017,45.470371,-73.539771,40002,10.635
S30017,45.470372,-73.539869,40003,10.642
S30017,45.470372,-73.539869,40004,10.642
S30017,45.470374,-73.540067,40005,10.658
S30017,45.470374,-73.540067,40006,10.658
S30017,45.470378,-73.540266,40007,10.673
S30017,45.470378,-73.540266,40008,10.673
S30017,45.470388,-73.540639,40009,10.703
S30017,45.470388,-73.540639,40010,10.703
S30017,45.470395,-73.540836,40011,10.718
S30017,45.470395,-73.540836,40012,10.718
S30017,45.470404,-73.541034,40013,10.733
S30017,45.470411,-73.541179,40014,10.745
S30017,45.470521,-73.543684,40015,10.941
S30017,45.470521,-73.543684,40016,10.941
S30017,45.470535,-73.543955,40017,10.962
S30017,45.470551,-73.544225,40018,10.984
S30017,45.470551,-73.544225,40019,10.984
S30017,45.470565,-73.544406,40020,10.998
S30017,45.470585,-73.544583,40021,11.012
S30017,45.470611,-73.544761,40022,11.026
S30017,45.470611,-73.544761,40023,11.026
S30017,45.470638,-73.544911,40024,11.038
S30017,45.470669,-73.545059,40025,11.050
S30017,45.470706,-73.545205,40026,11.062
S30017,45.470706,-73.545205,40027,11.062
S30017,45.470754,-73.545369,40028,11.076
S30017,45.470808,-73.545527,40029,11.090
S30017,45.470867,-73.545683,40030,11.104
S30017,45.470867,-73.545683,40031,11.104
S30017,45.470933,-73.545834,40032,11.118
S30017,45.471004,-73.545979,40033,11.132
S30017,45.471080,-73.546120,40034,11.146
S30017,45.471080,-73.546120,40035,11.146
S30017,45.471163,-73.546257,40036,11.160
S30017,45.471250,-73.546388,40037,11.174
S30017,45.471341,-73.546514,40038,11.188
S30017,45.471341,-73.546514,40039,11.188
S30017,45.471482,-73.546697,40040,11.209
S30017,45.471625,-73.546879,40041,11.230
S30017,45.472187,-73.547580,40042,11.313
S30017,45.472187,-73.547580,40043,11.313
S30017,45.472340,-73.547768,40044,11.336
S30017,45.472495,-73.547954,40045,11.358
S30017,45.472495,-73.547954,40046,11.358
S30017,45.472601,-73.548073,40047,11.373
S30017,45.472710,-73.548184,40048,11.388
S30017,45.472823,-73.548288,40049,11.403
S30017,45.472823,-73.548288,40050,11.403
S30017,45.472927,-73.548375,40051,11.417
S30017,45.473035,-73.548453,40052,11.430
S30017,45.473145,-73.548525,40053,11.444
S30017,45.473258,-73.548587,40054,11.457
S30017,45.473373,-73.548641,40055,11.471
S30017,45.473373,-73.548641,40056,11.471
S30017,45.473481,-73.548685,40057,11.483
S30017,45.473590,-73.548721,40058,11.495
S30017,45.473700,-73.548749,40059,11.508
S30017,45.473700,-73.548749,40060,11.508
S30017,45.473812,-73.548771,40061,11.521
S30017,45.473923,-73.548785,40062,11.533
S30017,45.474035,-73.548791,40063,11.545
S30017,45.474035,-73.548791,40064,11.545
S30017,45.474147,-73.548790,40065,11.558
S30017,45.474259,-73.548781,40066,11.570
S30017,45.474371,-73.548765,40067,11.583
S30017,45.474371,-73.548765,40068,11.583
S30017,45.474482,-73.548742,40069,11.595
S30017,45.474592,-73.548710,40070,11.608
S30017,45.474701,-73.548672,40071,11.620
S30017,45.474701,-73.548672,40072,11.620
S30017,45.474816,-73.548623,40073,11.634
S30017,45.474929,-73.548566,40074,11.647
S30017,45.475040,-73.548501,40075,11.660
S30017,45.475149,-73.548428,40076,11.674
S30017,45.475254,-73.548347,40077,11.687
S30017,45.475357,-73.548259,40078,11.700
S30017,45.475457,-73.548163,40079,11.714
S30017,45.475553,-73.548061,40080,11.727
S30017,45.475553,-73.548061,40081,11.727
S30017,45.475657,-73.547940,40082,11.742
S30017,45.475757,-73.547811,40083,11.757
S30017,45.475851,-73.547675,40084,11.772
S30017,45.475851,-73.547675,40085,11.772
S30017,45.475990,-73.547465,40086,11.794
S30017,45.476127,-73.547253,40087,11.817
S30017,45.476406,-73.546812,40088,11.863
S30017,45.476685,-73.546372,40089,11.910
S30017,45.476685,-73.546372,40090,11.910
S30017,45.476899,-73.546039,40091,11.945
S30017,45.476899,-73.546039,40092,11.945
S30017,45.477007,-73.545875,40093,11.962
S30017,45.477117,-73.545715,40094,11.980
S30017,45.477117,-73.545715,40095,11.980
S30017,45.477117,-73.545715,40096,11.980
S30017,45.477253,-73.545531,40097,12.001
S30017,45.477393,-73.545352,40098,12.022
S30017,45.477537,-73.545181,40099,12.043
S30017,45.477684,-73.545017,40100,12.063
S30017,45.477837,-73.544860,40101,12.084
S30017,45.477991,-73.544711,40102,12.105
S30017,45.478151,-73.544569,40103,12.126
S30017,45.478313,-73.544433,40104,12.147
S30017,45.478478,-73.544307,40105,12.168
S30017,45.478646,-73.544188,40106,12.189
S30017,45.478816,-73.544077,40107,12.209
S30017,45.478990,-73.543975,40108,12.230
S30017,45.479165,-73.543880,40109,12.251
S30017,45.479342,-73.543795,40110,12.272
S30017,45.479342,-73.543795,40111,12.272
S30017,45.479494,-73.543728,40112,12.290
S30017,45.479647,-73.543667,40113,12.307
S30017,45.479647,-73.543667,40114,12.307
S30017,45.479952,-73.543552,40115,12.342
S30017,45.480438,-73.543373,40116,12.398
S30017,45.481526,-73.542971,40117,12.523
S30017,45.482049,-73.542779,40118,12.583
S30017,45.482965,-73.542441,40119,12.688
S30017,45.483005,-73.542426,40120,12.693
S30017,45.483005,-73.542426,40121,12.693
S30017,45.483313,-73.542315,40122,12.728
S30017,45.483313,-73.542315,40123,12.728
S30017,45.483468,-73.542264,40124,12.746
S30017,45.483624,-73.542219,40125,12.764
S30017,45.483624,-73.542219,40126,12.764
S30017,45.483781,-73.542181,40127,12.781
S30017,45.483939,-73.542153,40128,12.799
S30017,45.483939,-73.542153,40129,12.799
S30017,45.484044,-73.542139,40130,12.811
S30017,45.484150,-73.542133,40131,12.823
S30017,45.484256,-73.542132,40132,12.835
S30017,45.484256,-73.542132,40133,12.835
S30017,45.484256,-73.542132,40134,12.835
S30017,45.484386,-73.542139,40135,12.849
S30017,45.484514,-73.542157,40136,12.863
S30017,45.484641,-73.542184,40137,12.878
S30017,45.484768,-73.542223,40138,12.892
S30017,45.484892,-73.542270,40139,12.906
S30017,45.485016,-73.542327,40140,12.921
S30017,45.485135,-73.542393,40141,12.935
S30017,45.485253,-73.542469,40142,12.949
S30017,45.485367,-73.542553,40143,12.964
S30017,45.485479,-73.542647,40144,12.978
S30017,45.485586,-73.542749,40145,12.992
S30017,45.485689,-73.542859,40146,13.007
S30017,45.485788,-73.542977,40147,13.021
S30017,45.485883,-73.543103,40148,13.036
S30017,45.485972,-73.543234,40149,13.050
S30017,45.486056,-73.543374,40150,13.064
S30017,45.486135,-73.543520,40151,13.079
S30017,45.486207,-73.543671,40152,13.093
S30017,45.486275,-73.543828,40153,13.107
S30017,45.486335,-73.543989,40154,13.121
S30017,45.486390,-73.544156,40155,13.136
S30017,45.486438,-73.544326,40156,13.150
S30017,45.486480,-73.544500,40157,13.165
S30017,45.486515,-73.544677,40158,13.179
S30017,45.486543,-73.544856,40159,13.193
S30017,45.486563,-73.545037,40160,13.208
S30017,45.486578,-73.545219,40161,13.222
S30017,45.486585,-73.545402,40162,13.236
S30017,45.486585,-73.545586,40163,13.251
S30017,45.486577,-73.545769,40164,13.265
S30017,45.486564,-73.545952,40165,13.279
S30017,45.486564,-73.545952,40166,13.279
S30017,45.486546,-73.546112,40167,13.292
S30017,45.486523,-73.546270,40168,13.305
S30017,45.486497,-73.546428,40169,13.317
S30017,45.486465,-73.546584,40170,13.330
S30017,45.486465,-73.546584,40171,13.330
S30017,45.486397,-73.546892,40172,13.355
S30017,45.486326,-73.547198,40173,13.380
S30017,45.486293,-73.547331,40174,13.392
S30017,45.486119,-73.548057,40175,13.451
S30017,45.485334,-73.551324,40176,13.721
S30017,45.485334,-73.551324,40177,13.721
S30017,45.485277,-73.551566,40178,13.741
S30017,45.485222,-73.551810,40179,13.761
S30017,45.485222,-73.551810,40180,13.761
S30017,45.485188,-73.551974,40181,13.775
S30017,45.485159,-73.552139,40182,13.788
S30017,45.485136,-73.552305,40183,13.801
S30017,45.485136,-73.552305,40184,13.801
S30017,45.485136,-73.552305,40185,13.801
S30017,45.485116,-73.552485,40186,13.816
S30017,45.485103,-73.552667,40187,13.830
S30017,45.485097,-73.552850,40188,13.844
S30017,45.485098,-73.553033,40189,13.858
S30017,45.485105,-73.553214,40190,13.873
S30017,45.485119,-73.553396,40191,13.887
S30017,45.485140,-73.553576,40192,13.901
S30017,45.485167,-73.553754,40193,13.915
S30017,45.485202,-73.553931,40194,13.930
S30017,45.485242,-73.554104,40195,13.944
S30017,45.485242,-73.554104,40196,13.944
S30017,45.485281,-73.554247,40197,13.956
S30017,45.485325,-73.554386,40198,13.968
S30017,45.485372,-73.554523,40199,13.980
S30017,45.485424,-73.554658,40200,13.992
S30017,45.485481,-73.554788,40201,14.004
S30017,45.485481,-73.554788,40202,14.004
S30017,45.485481,-73.554788,40203,14.004
S30017,45.485555,-73.554943,40204,14.018
S30017,45.485635,-73.555092,40205,14.033
S30017,45.485720,-73.555234,40206,14.048
S30017,45.485811,-73.555368,40207,14.062
S30017,45.485906,-73.555496,40208,14.077
S30017,45.486007,-73.555616,40209,14.091
S30017,45.486111,-73.555729,40210,14.106
S30017,45.486220,-73.555834,40211,14.121
S30017,45.486333,-73.555929,40212,14.135
S30017,45.486450,-73.556016,40213,14.150
S30017,45.486569,-73.556094,40214,14.164
S30017,45.486692,-73.556163,40215,14.179
S30017,45.486816,-73.556222,40216,14.194
S30017,45.486943,-73.556271,40217,14.208
S30017,45.487071,-73.556311,40218,14.223
S30017,45.487071,-73.556311,40219,14.223
S30017,45.487189,-73.556339,40220,14.236
S30017,45.487308,-73.556360,40221,14.249
S30017,45.487427,-73.556374,40222,14.262
S30017,45.487427,-73.556374,40223,14.262
S30017,45.487607,-73.556388,40224,14.283
S30017,45.487787,-73.556400,40225,14.303
S30017,45.487829,-73.556402,40226,14.307
S30017,45.488710,-73.556449,40227,14.405
S30017,45.488877,-73.556458,40228,14.424
S30017,45.488877,-73.556458,40229,14.424
S30017,45.489057,-73.556468,40230,14.444
S30017,45.489057,-73.556468,40231,14.444
S30017,45.489237,-73.556473,40232,14.464
S30017,45.489237,-73.556473,40233,14.464
S30017,45.489446,-73.556472,40234,14.487
S30017,45.489654,-73.556459,40235,14.510
S30017,45.489654,-73.556459,40236,14.510
S30017,45.489808,-73.556444,40237,14.527
S30017,45.489808,-73.556444,40238,14.527
S30017,45.489988,-73.556420,40239,14.547
S30017,45.489988,-73.556420,40240,14.547
S30017,45.490167,-73.556392,40241,14.567
S30017,45.490241,-73.556381,40242,14.576
S30017,45.490714,-73.556307,40243,14.628
S30017,45.490714,-73.556307,40244,14.628
S30017,45.490778,-73.556297,40245,14.636
S30017,45.490778,-73.556297,40246,14.636
S30017,45.491098,-73.556250,40247,14.671
S30017,45.491418,-73.556209,40248,14.707
S30017,45.492132,-73.556124,40249,14.787
S30017,45.492433,-73.556087,40250,14.820
S30017,45.492733,-73.556052,40251,14.854
S30017,45.493012,-73.556019,40252,14.885
S30017,45.493012,-73.556019,40253,14.885
S30017,45.493326,-73.555986,40254,14.920
S30017,45.493326,-73.555986,40255,14.920
S30017,45.493431,-73.555978,40256,14.931
S30017,45.493536,-73.555976,40257,14.943
S30017,45.493640,-73.555978,40258,14.955
S30017,45.493640,-73.555978,40259,14.955
S30017,45.493654,-73.555980,40260,14.956
S30017,45.493654,-73.555980,40261,14.956
S30017,45.493654,-73.555980,40262,14.956
S30017,45.493782,-73.555991,40263,14.970
S30017,45.493910,-73.556012,40264,14.985
S30017,45.494037,-73.556041,40265,14.999
S30017,45.494163,-73.556080,40266,15.013
S30017,45.494288,-73.556126,40267,15.028
S30017,45.494410,-73.556181,40268,15.042
S30017,45.494531,-73.556245,40269,15.056
S30017,45.494531,-73.556245,40270,15.056
S30017,45.494531,-73.556245,40271,15.056
S30017,45.494656,-73.556322,40272,15.071
S30017,45.494777,-73.556407,40273,15.086
S30017,45.494896,-73.556500,40274,15.101
S30017,45.495011,-73.556603,40275,15.117
S30017,45.495123,-73.556714,40276,15.132
S30017,45.495230,-73.556832,40277,15.147
S30017,45.495230,-73.556832,40278,15.147
S30017,45.495322,-73.556945,40279,15.160
S30017,45.495410,-73.557064,40280,15.174
S30017,45.495494,-73.557188,40281,15.187
S30017,45.495574,-73.557317,40282,15.201
S30017,45.495574,-73.557317,40283,15.201
S30017,45.495665,-73.557477,40284,15.217
S30017,45.495751,-73.557644,40285,15.233
S30017,45.495751,-73.557644,40286,15.233
S30017,45.495914,-73.557984,40287,15.265
S30017,45.496146,-73.558476,40288,15.312
S30017,45.496446,-73.559113,40289,15.371
S30017,45.496547,-73.559327,40290,15.392
S30017,45.496547,-73.559327,40291,15.392
S30017,45.496758,-73.559776,40292,15.434
S30017,45.497342,-73.561026,40293,15.551
S30017,45.497640,-73.561662,40294,15.611
S30017,45.497915,-73.562248,40295,15.666
S30017,45.498214,-73.562889,40296,15.726
S30017,45.498252,-73.562969,40297,15.734
S30017,45.498538,-73.563574,40298,15.790
S30017,45.498813,-73.564147,40299,15.845
S30017,45.499072,-73.564689,40300,15.896
S30017,45.499117,-73.564781,40301,15.905
S30017,45.499175,-73.564901,40302,15.916
S30017,45.499401,-73.565366,40303,15.960
S30017,45.499707,-73.565998,40304,16.020
S30017,45.500115,-73.566838,40305,16.100
S30017,45.500115,-73.566838,50001,16.100
S30017,45.500177,-73.566966,50002,16.112
S30017,45.500484,-73.567599,50003,16.172
S30017,45.500790,-73.568230,50004,16.232
S30017,45.500895,-73.568448,50005,16.253
S30017,45.500961,-73.568588,50006,16.266
S30017,45.501023,-73.568732,50007,16.279
S30017,45.501080,-73.568878,50008,16.292
S30017,45.501143,-73.569053,50009,16.308
S30017,45.501235,-73.569326,50010,16.331
S30017,45.501273,-73.569433,50011,16.340
S30017,45.501317,-73.569538,50012,16.350
S30017,45.501362,-73.569640,50013,16.359
S30017,45.501728,-73.570390,50014,16.431
S30017,45.501936,-73.570816,50015,16.471
S30017,45.502182,-73.571322,50016,16.519
S30017,45.502187,-73.571332,50017,16.520
S30017,45.502695,-73.572374,50018,16.619
S30017,45.502695,-73.572374,60001,16.619
S30017,45.502769,-73.572527,60002,16.634
S30017,45.502859,-73.572714,60003,16.652
S30017,45.502949,-73.572902,60004,16.669
S30017,45.503066,-73.573163,60005,16.694
S30017,45.503179,-73.573428,60006,16.718
S30017,45.503287,-73.573700,60007,16.742
S30017,45.503390,-73.573974,60008,16.766
S30017,45.503487,-73.574251,60009,16.791
S30017,45.503578,-73.574534,60010,16.815
S30017,45.503664,-73.574820,60011,16.839
S30017,45.503745,-73.575109,60012,16.863
S30017,45.503820,-73.575401,60013,16.888
S30017,45.503889,-73.575695,60014,16.912
S30017,45.503953,-73.575992,60015,16.936
S30017,45.504010,-73.576293,60016,16.961
S30017,45.504045,-73.576492,60017,16.977
S30017,45.504078,-73.576690,60018,16.993
S30017,45.504590,-73.579744,60019,17.238
S30017,45.504761,-73.580762,60020,17.320
S30017,45.507269,-73.595677,60021,18.518
S30017,45.507445,-73.596729,60022,18.603
S30017,45.510126,-73.612697,60023,19.886
S30017,45.510126,-73.612697,70001,19.886
S30017,45.512386,-73.626169,70002,20.968
S30017,45.512507,-73.626893,70003,21.026
S30017,45.512944,-73.629486,70004,21.234
S30017,45.512995,-73.629793,70005,21.259
S30017,45.513111,-73.630480,70006,21.314
S30017,45.513214,-73.631095,70007,21.363
S30017,45.513279,-73.631477,70008,21.394
S30017,45.513439,-73.632438,70009,21.471
S30017,45.513464,-73.632582,70010,21.483
S30017,45.513489,-73.632725,70011,21.494
S30017,45.513535,-73.632958,70012,21.513
S30017,45.513588,-73.633189,70013,21.532
S30017,45.513646,-73.633417,70014,21.551
S30017,45.513684,-73.633554,70015,21.563
S30017,45.513723,-73.633689,70016,21.574
S30017,45.513962,-73.634521,70017,21.644
S30017,45.513962,-73.634521,80001,21.644
S30017,45.514178,-73.635267,80002,21.707
S30017,45.514519,-73.636452,80003,21.807
S30017,45.515297,-73.639151,80004,22.035
S30017,45.515810,-73.640930,80005,22.186
S30017,45.516091,-73.641902,80006,22.268
S30017,45.516432,-73.643086,80007,22.367
S30017,45.516563,-73.643538,80008,22.406
S30017,45.516563,-73.643538,90001,22.406
S30017,45.517663,-73.647356,90002,22.728
S30017,45.518004,-73.648541,90003,22.828
S30017,45.519599,-73.654074,90004,23.295
S30017,45.519951,-73.655296,90005,23.398
S30017,45.520056,-73.655662,90006,23.429
S30017,45.520200,-73.656154,90007,23.471
S30017,45.520346,-73.656643,90008,23.512
S30017,45.520570,-73.657387,90009,23.576
S30017,45.520696,-73.657809,90010,23.611
S30017,45.520820,-73.658232,90011,23.647
S30017,45.520954,-73.658698,90012,23.686
S30017,45.521025,-73.658949,90013,23.708
S30017,45.521289,-73.659878,90014,23.786
S30017,45.521849,-73.661854,90015,23.952
S30017,45.521849,-73.661854,100001,23.952
S30017,45.522251,-73.663273,100002,24.072
S30017,45.522309,-73.663479,100003,24.089
S30017,45.522469,-73.664043,100004,24.137
S30017,45.522629,-73.664607,100005,24.184
S30017,45.523057,-73.666116,100006,24.311
S30017,45.523259,-73.666822,100007,24.371
S30017,45.523568,-73.667885,100008,24.461
S30017,45.523718,-73.668399,100009,24.504
S30017,45.523868,-73.668914,100010,24.548
S30017,45.523975,-73.669283,100011,24.579
S30017,45.524181,-73.669993,100012,24.639
S30017,45.524291,-73.670369,100013,24.671
S30017,45.524442,-73.670890,100014,24.715
S30017,45.524902,-73.672490,100015,24.850
S30017,45.524902,-73.672490,110001,24.850
S30017,45.525065,-73.673055,110002,24.898
S30017,45.525406,-73.674241,110003,24.998
S30017,45.526757,-73.678931,110004,25.394
S30017,45.526975,-73.679690,110005,25.458
S30017,45.527401,-73.681170,110006,25.583
S30017,45.527827,-73.682651,110007,25.708
S30017,45.528063,-73.683474,110008,25.777
S30017,45.528171,-73.683846,110009,25.808
S30017,45.528231,-73.684053,110010,25.826
S30017,45.528289,-73.684261,110011,25.843
S30017,45.528379,-73.684598,110012,25.872
S30017,45.528463,-73.684939,110013,25.900
S30017,45.528542,-73.685282,110014,25.928
S30017,45.528615,-73.685628,110015,25.956
S30017,45.528682,-73.685975,110016,25.984
S30017,45.528743,-73.686326,110017,26.013
S30017,45.528799,-73.686677,110018,26.041
S30017,45.528849,-73.687032,110019,26.069
S30017,45.528893,-73.687387,110020,26.097
S30017,45.528931,-73.687744,110021,26.125
S30017,45.528934,-73.687770,110022,26.127
S30017,45.528936,-73.687794,110023,26.129
S30017,45.528939,-73.687821,110024,26.131
S30017,45.528941,-73.687845,110025,26.133
S30017,45.528943,-73.687871,110026,26.135
S30017,45.528945,-73.687896,110027,26.137
S30017,45.528948,-73.687922,110028,26.139
S30017,45.528949,-73.687946,110029,26.141
S30017,45.528952,-73.687973,110030,26.143
S30017,45.528954,-73.687997,110031,26.145
S30017,45.528971,-73.688256,110032,26.165
S30017,45.528984,-73.688516,110033,26.186
S30017,45.528989,-73.688777,110034,26.206
S30017,45.528988,-73.689037,110035,26.226
S30017,45.528985,-73.689197,110036,26.239
S30017,45.528980,-73.689357,110037,26.251
S30017,45.528953,-73.690272,110038,26.323
S30017,45.528953,-73.690272,120001,26.323
S30017,45.528933,-73.690947,120002,26.376
S30017,45.528928,-73.691107,120003,26.388
S30017,45.528922,-73.691267,120004,26.401
S30017,45.528909,-73.691501,120005,26.419
S30017,45.528891,-73.691736,120006,26.438
S30017,45.528868,-73.691968,120007,26.456
S30017,45.528841,-73.692200,120008,26.474
S30017,45.528807,-73.692430,120009,26.493
S30017,45.528803,-73.692455,120010,26.494
S30017,45.528800,-73.692480,120011,26.497
S30017,45.528796,-73.692505,120012,26.498
S30017,45.528792,-73.692530,120013,26.500
S30017,45.528788,-73.692555,120014,26.502
S30017,45.528783,-73.692580,120015,26.505
S30017,45.528780,-73.692604,120016,26.506
S30017,45.528775,-73.692630,120017,26.509
S30017,45.528771,-73.692654,120018,26.511
S30017,45.528766,-73.692680,120019,26.513
S30017,45.528703,-73.693034,120020,26.541
S30017,45.528634,-73.693387,120021,26.570
S30017,45.528562,-73.693738,120022,26.598
S30017,45.528484,-73.694086,120023,26.627
S30017,45.528401,-73.694433,120024,26.655
S30017,45.528348,-73.694644,120025,26.673
S30017,45.528293,-73.694853,120026,26.690
S30017,45.528236,-73.695063,120027,26.708
S30017,45.528178,-73.695270,120028,26.725
S30017,45.528117,-73.695478,120029,26.743
S30017,45.528056,-73.695685,120030,26.760
S30017,45.527991,-73.695889,120031,26.778
S30017,45.527926,-73.696093,120032,26.795
S30017,45.527805,-73.696456,120033,26.827
S30017,45.527704,-73.696742,120034,26.852
S30017,45.527602,-73.697026,120035,26.877
S30017,45.527389,-73.697617,120036,26.928
S30017,45.527177,-73.698206,120037,26.980
S30017,45.526965,-73.698796,120038,27.032
S30017,45.526752,-73.699385,120039,27.084
S30017,45.526571,-73.699895,120040,27.128
S30017,45.526392,-73.700409,120041,27.173
S30017,45.526367,-73.700481,120042,27.179
S30017,45.526265,-73.700780,120043,27.205
S30017,45.526129,-73.701173,120044,27.239
S30017,45.525939,-73.701724,120045,27.288
S30017,45.525744,-73.702271,120046,27.335
S30017,45.525600,-73.702669,120047,27.370
S30017,45.524299,-73.706283,120048,27.688
S30017,45.523888,-73.707423,120049,27.788
S30017,45.523282,-73.709104,120050,27.935
S30017,45.523110,-73.709589,120051,27.978
S30017,45.522940,-73.710076,120052,28.020
S30017,45.522694,-73.710791,120053,28.082
S30017,45.522523,-73.711278,120054,28.125
S30017,45.522351,-73.711762,120055,28.167
S30017,45.522058,-73.712574,120056,28.238
S30017,45.522058,-73.712574,130001,28.238
S30017,45.521740,-73.713455,130002,28.316
S30017,45.521587,-73.713862,130003,28.352
S30017,45.521431,-73.714268,130004,28.388
S30017,45.520710,-73.716103,130005,28.552
S30017,45.520552,-73.716522,130006,28.589
S30017,45.520397,-73.716944,130007,28.627
S30017,45.519313,-73.719963,130008,28.892
S30017,45.519050,-73.720695,130009,28.956
S30017,45.518798,-73.721405,130010,29.018
S30017,45.518712,-73.721644,130011,29.039
S30017,45.518535,-73.722136,130012,29.082
S30017,45.518337,-73.722689,130013,29.130
S30017,45.518139,-73.723241,130014,29.179
S30017,45.517925,-73.723838,130015,29.231
S30017,45.517756,-73.724308,130016,29.273
S30017,45.517586,-73.724778,130017,29.314
S30017,45.517417,-73.725247,130018,29.355
S30017,45.517249,-73.725718,130019,29.396
S30017,45.517080,-73.726188,130020,29.438
S30017,45.516910,-73.726659,130021,29.479
S30017,45.516741,-73.727129,130022,29.520
S30017,45.516573,-73.727598,130023,29.561
S30017,45.516280,-73.728412,130024,29.633
S30017,45.516059,-73.729028,130025,29.687
S30017,45.515837,-73.729644,130026,29.741
S30017,45.515748,-73.729893,130027,29.763
S30017,45.515600,-73.730314,130028,29.799
S30017,45.515577,-73.730382,130029,29.805
S30017,45.515454,-73.730734,130030,29.836
S30017,45.515454,-73.730734,130031,29.836
S30017,45.515210,-73.731448,130032,29.898
S30017,45.515042,-73.731933,130033,29.940
S30017,45.514966,-73.732149,130034,29.959
S30017,45.514871,-73.732416,130035,29.983
S30017,45.514871,-73.732416,130036,29.983
S30017,45.513402,-73.736509,130037,30.342
S30017,45.512101,-73.740158,130038,30.661
S30017,45.511857,-73.740843,130039,30.721
S30017,45.511524,-73.741774,130040,30.803
S30017,45.511404,-73.742111,130041,30.832
S30017,45.510898,-73.743400,130042,30.948
S30017,45.510813,-73.743589,130043,30.965
S30017,45.510731,-73.743780,130044,30.983
S30017,45.510642,-73.744002,130045,31.003
S30017,45.510567,-73.744199,130046,31.020
S30017,45.510496,-73.744398,130047,31.038
S30017,45.510469,-73.744472,130048,31.044
S30017,45.509798,-73.746348,130049,31.209
S30017,45.509593,-73.746919,130050,31.259
S30017,45.509390,-73.747489,130051,31.309
S30017,45.507982,-73.751423,130052,31.654
S30017,45.507856,-73.751771,130053,31.684
S30017,45.507729,-73.752118,130054,31.715
S30017,45.506880,-73.754413,130055,31.917
S30017,45.505817,-73.757284,130056,32.171
S30017,45.505566,-73.757971,130057,32.231
S30017,45.505253,-73.758845,130058,32.308
S30017,45.505124,-73.759205,130059,32.340
S30017,45.504996,-73.759564,130060,32.371
S30017,45.504974,-73.759623,130061,32.376
S30017,45.504881,-73.759879,130062,32.399
S30017,45.504830,-73.760004,130063,32.410
S30017,45.504775,-73.760125,130064,32.421
S30017,45.504713,-73.760244,130065,32.433
S30017,45.504647,-73.760356,130066,32.444
S30017,45.504574,-73.760461,130067,32.456
S30017,45.504498,-73.760560,130068,32.467
S30017,45.504417,-73.760651,130069,32.479
S30017,45.504331,-73.760733,130070,32.490
S30017,45.504242,-73.760808,130071,32.502
S30017,45.504150,-73.760875,130072,32.513
S30017,45.504054,-73.760932,130073,32.525
S30017,45.503957,-73.760980,130074,32.536
S30017,45.503857,-73.761018,130075,32.548
S30017,45.503755,-73.761047,130076,32.559
S30017,45.503653,-73.761066,130077,32.571
S30017,45.503550,-73.761075,130078,32.582
S30017,45.503446,-73.761075,130079,32.593
S30017,45.503343,-73.761065,130080,32.605
S30017,45.503240,-73.761044,130081,32.617
S30017,45.503140,-73.761016,130082,32.628
S30017,45.503051,-73.760981,130083,32.638
S30017,45.502964,-73.760940,130084,32.648
S30017,45.502879,-73.760890,130085,32.658
S30017,45.502795,-73.760834,130086,32.669
S30017,45.502716,-73.760771,130087,32.679
S30017,45.502637,-73.760701,130088,32.689
S30017,45.502566,-73.760627,130089,32.699
S30017,45.502496,-73.760547,130090,32.709
S30017,45.502420,-73.760449,130091,32.720
S30017,45.502349,-73.760347,130092,32.732
S30017,45.502212,-73.760135,130093,32.754
S30017,45.500951,-73.758130,130094,32.964
S30017,45.500814,-73.757919,130095,32.987
S30017,45.500743,-73.757816,130096,32.998
S30017,45.500669,-73.757720,130097,33.009
S30017,45.500587,-73.757625,130098,33.021
S30017,45.500502,-73.757538,130099,33.032
S30017,45.500412,-73.757460,130100,33.044
S30017,45.500320,-73.757389,130101,33.056
S30017,45.500224,-73.757329,130102,33.068
S30017,45.500125,-73.757276,130103,33.079
S30017,45.500024,-73.757233,130104,33.091
S30017,45.499922,-73.757199,130105,33.102
S30017,45.499818,-73.757176,130106,33.114
S30017,45.499714,-73.757161,130107,33.126
S30017,45.499608,-73.757157,130108,33.138
S30017,45.499503,-73.757162,130109,33.149
S30017,45.499399,-73.757176,130110,33.161
S30017,45.499295,-73.757200,130111,33.173
S30017,45.499193,-73.757234,130112,33.184
S30017,45.499093,-73.757277,130113,33.196
S30017,45.498994,-73.757331,130114,33.208
S30017,45.498898,-73.757392,130115,33.219
S30017,45.498809,-73.757459,130116,33.231
S30017,45.498722,-73.757532,130117,33.242
S30017,45.498552,-73.757687,130118,33.264
S30017,45.496076,-73.760007,130119,33.594
S30017,45.495776,-73.760296,130120,33.634
S30017,45.495479,-73.760589,130121,33.674
S30017,45.495184,-73.760886,130122,33.714
S30017,45.494361,-73.761726,130123,33.827
S30017,45.493962,-73.762119,130124,33.881
S30017,45.493560,-73.762504,130125,33.935
S30017,45.490727,-73.765182,130126,34.313
S30017,45.490504,-73.765393,130127,34.343
S30017,45.490284,-73.765609,130128,34.372
S30017,45.490096,-73.765804,130129,34.398
S30017,45.489912,-73.766007,130130,34.424
S30017,45.489733,-73.766216,130131,34.450
S30017,45.489557,-73.766433,130132,34.476
S30017,45.489453,-73.766565,130133,34.491
S30017,45.489351,-73.766702,130134,34.507
S30017,45.489251,-73.766839,130135,34.522
S30017,45.489151,-73.766979,130136,34.538
S30017,45.488995,-73.767210,130137,34.563
S30017,45.488844,-73.767446,130138,34.588
S30017,45.488697,-73.767689,130139,34.613
S30017,45.488554,-73.767936,130140,34.638
S30017,45.488416,-73.768189,130141,34.663
S30017,45.488282,-73.768447,130142,34.688
S30017,45.488129,-73.768759,130143,34.718
S30017,45.487980,-73.769075,130144,34.747
S30017,45.487411,-73.770286,130145,34.861
S30017,45.487240,-73.770648,130146,34.895
S30017,45.487070,-73.771011,130147,34.929
S30017,45.484906,-73.775612,130148,35.362
S30017,45.484576,-73.776314,130149,35.428
S30017,45.483052,-73.779553,130150,35.733
S30017,45.482877,-73.779925,130151,35.768
S30017,45.482702,-73.780297,130152,35.803
S30017,45.481567,-73.782708,130153,36.029
S30017,45.481398,-73.783068,130154,36.063
S30017,45.481230,-73.783427,130155,36.097
S30017,45.480968,-73.783983,130156,36.149
S30017,45.480546,-73.784871,130157,36.233
S30017,45.479860,-73.786300,130158,36.368
S30017,45.479810,-73.786404,130159,36.378
S30017,45.479681,-73.786670,130160,36.404
S30017,45.479615,-73.786802,130161,36.416
S30017,45.479548,-73.786932,130162,36.429
S30017,45.479494,-73.787031,130163,36.439
S30017,45.479381,-73.787230,130164,36.459
S30017,45.479263,-73.787424,130165,36.479
S30017,45.479202,-73.787517,130166,36.489
S30017,45.479125,-73.787635,130167,36.501
S30017,45.479044,-73.787749,130168,36.514
S30017,45.478883,-73.787975,130169,36.539
S30017,45.478817,-73.788067,130170,36.549
S30017,45.478464,-73.788555,130171,36.604
S30017,45.478369,-73.788690,130172,36.619
S30017,45.478274,-73.788826,130173,36.634
S30017,45.478167,-73.788993,130174,36.652
S30017,45.478065,-73.789168,130175,36.669
S30017,45.477969,-73.789348,130176,36.687
S30017,45.477892,-73.789505,130177,36.702
S30017,45.477816,-73.789664,130178,36.717
S30017,45.477149,-73.791083,130179,36.851
S30017,45.477149,-73.791083,140001,36.851
S30017,45.470082,-73.806103,140002,38.264
S30017,45.469781,-73.806721,140003,38.322
S30017,45.469475,-73.807332,140004,38.381
S30017,45.468793,-73.808675,140005,38.510
S30017,45.468612,-73.809029,140006,38.545
S30017,45.468432,-73.809384,140007,38.579
S30017,45.466847,-73.812500,140008,38.880
S30017,45.466743,-73.812707,140009,38.899
S30017,45.466641,-73.812914,140010,38.919
S30017,45.466576,-73.813054,140011,38.932
S30017,45.466513,-73.813198,140012,38.946
S30017,45.466455,-73.813344,140013,38.959
S30017,45.466389,-73.813524,140014,38.974
S30017,45.466330,-73.813707,140015,38.990
S30017,45.466278,-73.813896,140016,39.006
S30017,45.466231,-73.814088,140017,39.022
S30017,45.466192,-73.814282,140018,39.038
S30017,45.466160,-73.814480,140019,39.054
S30017,45.466134,-73.814678,140020,39.069
S30017,45.466116,-73.814880,140021,39.085
S30017,45.466104,-73.815081,140022,39.101
S30017,45.466100,-73.815284,140023,39.117
S30017,45.466103,-73.815486,140024,39.133
S30017,45.466112,-73.815688,140025,39.148
S30017,45.466129,-73.815889,140026,39.164
S30017,45.466148,-73.816056,140027,39.178
S30017,45.466171,-73.816221,140028,39.191
S30017,45.466198,-73.816385,140029,39.204
S30017,45.466242,-73.816630,140030,39.224
S30017,45.466288,-73.816875,140031,39.243
S30017,45.466474,-73.817841,140032,39.322
S30017,45.466507,-73.818018,140033,39.336
S30017,45.466554,-73.818268,140034,39.356
S30017,45.466600,-73.818519,140035,39.377
S30017,45.466627,-73.818686,140036,39.390
S30017,45.466651,-73.818855,140037,39.404
S30017,45.466670,-73.819027,140038,39.417
S30017,45.466686,-73.819213,140039,39.432
S30017,45.466695,-73.819405,140040,39.447
S30017,45.466699,-73.819596,140041,39.462
S30017,45.466696,-73.819788,140042,39.477
S30017,45.466687,-73.819978,140043,39.492
S30017,45.466671,-73.820169,140044,39.507
S30017,45.466650,-73.820358,140045,39.522
S30017,45.466623,-73.820546,140046,39.537
S30017,45.466589,-73.820731,140047,39.552
S30017,45.466550,-73.820914,140048,39.566
S30017,45.466504,-73.821094,140049,39.581
S30017,45.466452,-73.821271,140050,39.596
S30017,45.466395,-73.821445,140051,39.611
S30017,45.466333,-73.821614,140052,39.627
S30017,45.466272,-73.821764,140053,39.640
S30017,45.466208,-73.821910,140054,39.654
S30017,45.466140,-73.822053,140055,39.667
S30017,45.466035,-73.822264,140056,39.687
S30017,45.465928,-73.822473,140057,39.707
S30017,45.465848,-73.822627,140058,39.722
S30017,45.465505,-73.823294,140059,39.787
S30017,45.465334,-73.823628,140060,39.819
S30017,45.465251,-73.823796,140061,39.835
S30017,45.465170,-73.823966,140062,39.851
S30017,45.465084,-73.824158,140063,39.869
S30017,45.465000,-73.824355,140064,39.887
S30017,45.464921,-73.824554,140065,39.905
S30017,45.464846,-73.824757,140066,39.923
S30017,45.464782,-73.824941,140067,39.939
S30017,45.464719,-73.825127,140068,39.955
S30017,45.464599,-73.825502,140069,39.987
S30017,45.464405,-73.826116,140070,40.040
S30017,45.464369,-73.826230,140071,40.050
S30017,45.464247,-73.826611,140072,40.083
S30017,45.464183,-73.826800,140073,40.099
S30017,45.464118,-73.826988,140074,40.115
S30017,45.464056,-73.827156,140075,40.130
S30017,45.463976,-73.827359,140076,40.148
S30017,45.463892,-73.827560,140077,40.167
S30017,45.463821,-73.827720,140078,40.181
S30017,45.463739,-73.827895,140079,40.198
S30017,45.463655,-73.828067,140080,40.214
S30017,45.463484,-73.828409,140081,40.247
S30017,45.463386,-73.828603,140082,40.266
S30017,45.463108,-73.829152,140083,40.319
S30017,45.460625,-73.834054,140084,40.791
S30017,45.460301,-73.834696,140085,40.853
S30017,45.459964,-73.835361,140086,40.917
S30017,45.459964,-73.835361,150001,40.917
S30017,45.459132,-73.837003,150002,41.075
S30017,45.458810,-73.837638,150003,41.136
S30017,45.458448,-73.838353,150004,41.205
S30017,45.458304,-73.838639,150005,41.233
S30017,45.458163,-73.838927,150006,41.260
S30017,45.458024,-73.839226,150007,41.288
S30017,45.457891,-73.839532,150008,41.316
S30017,45.457764,-73.839842,150009,41.344
S30017,45.457656,-73.840124,150010,41.370
S30017,45.457553,-73.840410,150011,41.395
S30017,45.457455,-73.840699,150012,41.420
S30017,45.457362,-73.840992,150013,41.445
S30017,45.457278,-73.841274,150014,41.469
S30017,45.457199,-73.841559,150015,41.493
S30017,45.457125,-73.841846,150016,41.517
S30017,45.457055,-73.842136,150017,41.541
S30017,45.456981,-73.842470,150018,41.568
S30017,45.456911,-73.842808,150019,41.596
S30017,45.455558,-73.849291,150020,42.124
S30017,45.455423,-73.849900,150021,42.174
S30017,45.455284,-73.850505,150022,42.224
S30017,45.454786,-73.852632,150023,42.399
S30017,45.454672,-73.853132,150024,42.441
S30017,45.454562,-73.853633,150025,42.481
S30017,45.454436,-73.854213,150026,42.529
S30017,45.454356,-73.854580,150027,42.559
S30017,45.454277,-73.854947,150028,42.589
S30017,45.454171,-73.855433,150029,42.629
S30017,45.454138,-73.855583,150030,42.641
S30017,45.454070,-73.855892,150031,42.666
S30017,45.454001,-73.856199,150032,42.692
S30017,45.453965,-73.856347,150033,42.704
S30017,45.453882,-73.856675,150034,42.731
S30017,45.453793,-73.857001,150035,42.758
S30017,45.453699,-73.857324,150036,42.786
S30017,45.453598,-73.857643,150037,42.813
S30017,45.453493,-73.857958,150038,42.841
S30017,45.453382,-73.858269,150039,42.868
S30017,45.453265,-73.858577,150040,42.895
S30017,45.453194,-73.858756,150041,42.911
S30017,45.453121,-73.858935,150042,42.928
S30017,45.453045,-73.859112,150043,42.944
S30017,45.452968,-73.859287,150044,42.960
S30017,45.452888,-73.859467,150045,42.977
S30017,45.452761,-73.859734,150046,43.002
S30017,45.452632,-73.860001,150047,43.027
S30017,45.449361,-73.866756,150048,43.668
S30017,45.449147,-73.867185,150049,43.709
S30017,45.448928,-73.867612,150050,43.751
S30017,45.448706,-73.868035,150051,43.792
S30017,45.448481,-73.868454,150052,43.833
S30017,45.447975,-73.869385,150053,43.925
S30017,45.447715,-73.869880,150054,43.974
S30017,45.447460,-73.870379,150055,44.022
S30017,45.447209,-73.870882,150056,44.070
S30017,45.447151,-73.871000,150057,44.081
S30017,45.446829,-73.871657,150058,44.144
S30017,45.446775,-73.871765,150059,44.154
S30017,45.446416,-73.872502,150060,44.224
S30017,45.446062,-73.873244,150061,44.294
S30017,45.445597,-73.874227,150062,44.387
S30017,45.445259,-73.874933,150063,44.454
S30017,45.444919,-73.875636,150064,44.521
S30017,45.444573,-73.876334,150065,44.587
S30017,45.444010,-73.877460,150066,44.696
S30017,45.443684,-73.878119,150067,44.758
S30017,45.443668,-73.878153,150068,44.762
S30017,45.443374,-73.878751,150069,44.819
S30017,45.442233,-73.881077,150070,45.041
S30017,45.442157,-73.881231,150071,45.055
S30017,45.442082,-73.881387,150072,45.070
S30017,45.441911,-73.881747,150073,45.104
S30017,45.441744,-73.882112,150074,45.138
S30017,45.441582,-73.882480,150075,45.172
S30017,45.441424,-73.882854,150076,45.206
S30017,45.441357,-73.883016,150077,45.221
S30017,45.441291,-73.883180,150078,45.236
S30017,45.440936,-73.884048,150079,45.314
S30017,45.440665,-73.884711,150080,45.374
S30017,45.440301,-73.885601,150081,45.455
S30017,45.440301,-73.885601,160001,45.455
S30017,45.440156,-73.885955,160002,45.487
S30017,45.439885,-73.886618,160003,45.547
S30017,45.439798,-73.886832,160004,45.566
S30017,45.439720,-73.887023,160005,45.583
S30017,45.439644,-73.887214,160006,45.600
S30017,45.439516,-73.887542,160007,45.630
S30017,45.439394,-73.887875,160008,45.659
S30017,45.439276,-73.888210,160009,45.688
S30017,45.439164,-73.888549,160010,45.718
S30017,45.439057,-73.888891,160011,45.747
S30017,45.438954,-73.889237,160012,45.776
S30017,45.438856,-73.889585,160013,45.806
S30017,45.438802,-73.889791,160014,45.823
S30017,45.438748,-73.889997,160015,45.840
S30017,45.438039,-73.892715,160016,46.067
S30017,45.438008,-73.892834,160017,46.077
S30017,45.437929,-73.893136,160018,46.102
S30017,45.437847,-73.893437,160019,46.127
S30017,45.437825,-73.893518,160020,46.134
S30017,45.437721,-73.893872,160021,46.164
S30017,45.437610,-73.894222,160022,46.194
S30017,45.437587,-73.894293,160023,46.200
S30017,45.437489,-73.894584,160024,46.225
S30017,45.437388,-73.894873,160025,46.251
S30017,45.437347,-73.894989,160026,46.261
S30017,45.436958,-73.896101,160027,46.358
S30017,45.436859,-73.896385,160028,46.383
S30017,45.436761,-73.896670,160029,46.407
S30017,45.436653,-73.897008,160030,46.436
S30017,45.436550,-73.897348,160031,46.465
S30017,45.436467,-73.897642,160032,46.490
S30017,45.436385,-73.897936,160033,46.515
S30017,45.436351,-73.898063,160034,46.526
S30017,45.436155,-73.898777,160035,46.586
S30017,45.436065,-73.899104,160036,46.613
S30017,45.436033,-73.899221,160037,46.623
S30017,45.435951,-73.899521,160038,46.648
S30017,45.435867,-73.899819,160039,46.673
S30017,45.435833,-73.899937,160040,46.683
S30017,45.435690,-73.900422,160041,46.724
S30017,45.435542,-73.900906,160042,46.766
S30017,45.435387,-73.901384,160043,46.807
S30017,45.435227,-73.901860,160044,46.848
S30017,45.435061,-73.902330,160045,46.889
S30017,45.434889,-73.902798,160046,46.930
S30017,45.434711,-73.903261,160047,46.972
S30017,45.434529,-73.903718,160048,47.013
S30017,45.434340,-73.904172,160049,47.054
S30017,45.434146,-73.904622,160050,47.095
S30017,45.434098,-73.904729,160051,47.105
S30017,45.433976,-73.905000,160052,47.130
S30017,45.433854,-73.905269,160053,47.155
S30017,45.433802,-73.905383,160054,47.166
S30017,45.433370,-73.906331,160055,47.254
S30017,45.433063,-73.906851,160056,47.307
S30017,45.433062,-73.906852,160057,47.307
S30017,45.432924,-73.907156,160058,47.336
S30017,45.432850,-73.907317,160059,47.351
S30017,45.432776,-73.907477,160060,47.366
S30017,45.432635,-73.907770,160061,47.394
S30017,45.432490,-73.908058,160062,47.421
S30017,45.432410,-73.908212,160063,47.436
S30017,45.432329,-73.908365,160064,47.451
S30017,45.432112,-73.908774,160065,47.491
S30017,45.431536,-73.909860,160066,47.598
