shape_id,shape_pt_lat,shape_pt_lon,shape_pt_sequence,shape_dist_traveled
319628,39.962721,-75.259153,1,0.0
319628,39.962769,-75.259847,2,0.0592
319628,39.962857,-75.260216,3,0.0918
319628,39.963066,-75.260564,4,0.1302
319628,39.963226,-75.260773,5,0.1542
319628,39.963499,-75.261143,6,0.1988
319628,39.963705,-75.261434,7,0.2328
319628,39.96409,-75.261957,8,0.2943
319628,39.96424,-75.262277,9,0.3262
319628,39.964368,-75.262558,10,0.354
319628,39.964448,-75.262762,11,0.3732
319628,39.964493,-75.262886,12,0.3853
319628,39.964537,-75.263021,13,0.3974
319628,39.964575,-75.263147,14,0.4091
319628,39.964603,-75.263243,15,0.4176
319628,39.964635,-75.26337,16,0.4293
319628,39.964665,-75.263499,17,0.4407
319628,39.9647,-75.263666,18,0.4553
319628,39.964804,-75.264211,19,0.5028
319628,39.964838,-75.264395,20,0.5181
319628,39.964859,-75.264506,21,0.5286
319628,39.964878,-75.264619,22,0.5378
319628,39.964912,-75.264795,23,0.5533
319628,39.964977,-75.265069,24,0.5783
319628,39.965042,-75.265328,25,0.6005
319628,39.965163,-75.265735,26,0.6382
319628,39.96521,-75.265863,27,0.6502
319628,39.965528,-75.266629,28,0.7241
319628,39.965587,-75.2668,29,0.7397
319628,39.965633,-75.266935,30,0.7527
319628,39.965948,-75.267727,31,0.8283
319628,39.966355,-75.268568,32,0.9129
319628,39.966635,-75.269227,33,0.9769
319628,39.966829,-75.26968,34,1.0208
319628,39.967096,-75.270316,35,1.0826
319628,39.968111,-75.272801,36,1.3219
319628,39.968461,-75.273637,37,1.403
319628,39.968623,-75.273988,38,1.4371
319628,39.968761,-75.274303,39,1.4685
319628,39.968886,-75.274579,40,1.4954
319628,39.969017,-75.274891,41,1.5258
319628,39.969145,-75.275172,42,1.5541
319628,39.969299,-75.275505,43,1.5869
319628,39.969454,-75.275775,44,1.6155
319628,39.969761,-75.276219,45,1.6657
319628,39.969991,-75.276504,46,1.7018
319628,39.97013,-75.276667,47,1.7224
319628,39.971091,-75.277679,48,1.8597
319628,39.972941,-75.279623,49,2.1244
319628,39.973875,-75.280625,50,2.2595
319628,39.974508,-75.281286,51,2.3499
319628,39.975479,-75.282282,52,2.4874
319628,39.975654,-75.282456,53,2.5118
319628,39.97588,-75.282635,54,2.5414
319628,39.976202,-75.28286,55,2.5822
319628,39.9767,-75.283161,56,2.6435
319628,39.977039,-75.28333,57,2.6843
319628,39.977323,-75.283448,58,2.7179
319628,39.977729,-75.283587,59,2.7644
319628,39.978096,-75.283683,60,2.8062
319628,39.978603,-75.283746,61,2.8634
319628,39.979099,-75.2838,62,2.9196
319628,39.979714,-75.283829,63,2.9887
319628,39.980201,-75.283847,64,3.0427
319628,39.980357,-75.283862,65,3.0607
319628,39.980536,-75.283881,66,3.0808
319628,39.980793,-75.283934,67,3.1091
319628,39.98101,-75.283988,68,3.1346
319628,39.981095,-75.284013,69,3.1438
319628,39.981214,-75.284048,70,3.1582
319628,39.981442,-75.284128,71,3.1841
319628,39.981562,-75.284178,72,3.1987
319628,39.981809,-75.284292,73,3.2275
319628,39.981952,-75.284375,74,3.2449
319628,39.982147,-75.284486,75,3.2687
319628,39.982368,-75.284627,76,3.2964
319628,39.982526,-75.284741,77,3.317
319628,39.982707,-75.284886,78,3.3403
319628,39.983067,-75.285192,79,3.3881
319628,39.983086,-75.285219,80,3.3917
319628,39.983542,-75.285583,81,3.4513
319628,39.983827,-75.28584,82,3.4896
319628,39.983959,-75.285979,83,3.5088
319628,39.984072,-75.286088,84,3.5246
319628,39.984248,-75.286295,85,3.5508
319628,39.984369,-75.28644,86,3.5693
319628,39.984482,-75.286583,87,3.5862
319628,39.984584,-75.286731,88,3.6039
319628,39.984654,-75.286835,89,3.616
319628,39.984727,-75.286941,90,3.628
319628,39.984806,-75.287072,91,3.6422
319628,39.984922,-75.287268,92,3.6628
319628,39.985152,-75.287699,93,3.7075
319628,39.985202,-75.287808,94,3.7183
319628,39.985257,-75.287931,95,3.7308
319628,39.985312,-75.288056,96,3.7425
319628,39.985386,-75.288238,97,3.7608
319628,39.98543,-75.288355,98,3.7707
319628,39.985478,-75.288484,99,3.7832
319628,39.985534,-75.288643,100,3.7985
319628,39.985575,-75.288774,101,3.8105
319628,39.98561,-75.288885,102,3.8204
319628,39.985661,-75.289062,103,3.8362
319628,39.985701,-75.289211,104,3.8501
319628,39.985755,-75.289422,105,3.8691
319628,39.985907,-75.290013,106,3.9219
319628,39.985977,-75.290242,107,3.9425
319628,39.986112,-75.290624,108,3.9788
319628,39.986249,-75.290965,109,4.0114
319628,39.986436,-75.291339,110,4.0489
319628,39.986612,-75.291626,111,4.0803
319628,39.986644,-75.291665,112,4.0853
319628,39.986882,-75.291966,113,4.1221
319628,39.987052,-75.292153,114,4.1469
319628,39.987218,-75.292295,115,4.1685
319628,39.987508,-75.292513,116,4.2066
319628,39.989103,-75.293673,117,4.4098
319628,39.989892,-75.294262,118,4.5119
319628,39.990004,-75.294361,119,4.5269
319628,39.990839,-75.295104,120,4.6401
319628,39.991583,-75.295846,121,4.7437
319628,39.991879,-75.296185,122,4.7876
319628,39.992486,-75.296938,123,4.881
319628,39.993266,-75.298043,124,5.0091
319628,39.993659,-75.298617,125,5.0742
319628,39.994009,-75.299177,126,5.136
319628,39.994166,-75.29945,127,5.1652
319628,39.994307,-75.299703,128,5.1916
319628,39.994388,-75.29985,129,5.2074
319628,39.994513,-75.300078,130,5.231
319628,39.99458,-75.30021,131,5.2441
319628,39.994659,-75.300359,132,5.2599
319628,39.994748,-75.300535,133,5.2779
319628,39.994831,-75.300703,134,5.2946
319628,39.994997,-75.301037,135,5.3284
319628,39.995284,-75.301642,136,5.3894
319628,39.995999,-75.303142,137,5.5395
319628,39.996105,-75.303362,138,5.5612
319628,39.996677,-75.304582,139,5.6833
319628,39.99743,-75.306172,140,5.8414
319628,39.997676,-75.306685,141,5.8931
319628,39.997895,-75.307138,142,5.9386
319628,39.998163,-75.307602,143,5.9878
319628,39.998233,-75.307723,144,6.0014
319628,39.998449,-75.308047,145,6.0375
319628,39.998674,-75.308328,146,6.0721
319628,39.998853,-75.308538,147,6.099
319628,39.998993,-75.308688,148,6.119
319628,39.999168,-75.308859,149,6.1433
319628,39.999282,-75.308968,150,6.1591
319628,39.999458,-75.309118,151,6.1829
319628,39.999663,-75.309287,152,6.2098
319628,39.999835,-75.309413,153,6.2318
319628,40.000146,-75.309602,154,6.2703
319628,40.002027,-75.310581,155,6.4961
319628,40.002539,-75.310848,156,6.5585
319628,40.003369,-75.311296,157,6.6589
319628,40.00371,-75.31149,158,6.7002
319628,40.005359,-75.312469,159,6.9029
319628,40.006853,-75.313347,160,7.086
319628,40.007376,-75.313668,161,7.15
319628,40.007956,-75.314003,162,7.2208
319628,40.008451,-75.314311,163,7.2829
319628,40.009408,-75.314883,164,7.4002
319628,40.009592,-75.315,165,7.4235
319628,40.009751,-75.315111,166,7.4427
319628,40.009918,-75.315227,167,7.4642
319628,40.010067,-75.315341,168,7.4839
319628,40.010256,-75.315488,169,7.5081
319628,40.010432,-75.315626,170,7.5314
319628,40.01074,-75.31589,171,7.5719
319628,40.011008,-75.316144,172,7.6091
319628,40.011418,-75.31658,173,7.6681
319628,40.011716,-75.316856,174,7.7084
319628,40.011911,-75.317082,175,7.7381
319628,40.012086,-75.317291,176,7.7643
319628,40.01226,-75.317511,177,7.7912
319628,40.01253,-75.317869,178,7.8344
319628,40.014364,-75.3203,179,8.125
319628,40.014497,-75.320461,180,8.1455
319628,40.014596,-75.320576,181,8.1597
319628,40.01468,-75.320669,182,8.1717
319628,40.014792,-75.320791,183,8.1888
319628,40.014869,-75.320871,184,8.1988
319628,40.01497,-75.320978,185,8.2144
319628,40.015055,-75.321064,186,8.2258
319628,40.015164,-75.321169,187,8.2408
319628,40.015271,-75.321266,188,8.2552
319628,40.015758,-75.321683,189,8.3204
319628,40.01672,-75.322407,190,8.4449
319628,40.017284,-75.322839,191,8.5175
319628,40.017595,-75.323045,192,8.5569
319628,40.018018,-75.323366,193,8.6111
319628,40.018209,-75.323529,194,8.6363
319628,40.018308,-75.32363,195,8.6499
319628,40.018474,-75.32381,196,8.6747
319628,40.018554,-75.3239,197,8.6861
319628,40.018594,-75.32396,198,8.6926
319628,40.018668,-75.324072,199,8.706
319628,40.018767,-75.324216,200,8.7223
319628,40.018854,-75.324355,201,8.7373
319628,40.018936,-75.32449,202,8.7522
319628,40.019012,-75.324627,203,8.7666
319628,40.019076,-75.324761,204,8.7796
319628,40.019161,-75.324966,205,8.7993
319628,40.019253,-75.325206,206,8.8226
319628,40.019312,-75.325387,207,8.8391
319628,40.019379,-75.325657,208,8.8632
319628,40.019411,-75.325814,209,8.8768
319628,40.019451,-75.326014,210,8.8943
319628,40.019483,-75.326219,211,8.9127
319628,40.019512,-75.326501,212,8.9359
319628,40.019548,-75.326827,213,8.9642
319628,40.019573,-75.327064,214,8.9844
319628,40.019607,-75.327294,215,9.0038
319628,40.019664,-75.327572,216,9.0286
319628,40.019718,-75.327778,217,9.0466
319628,40.0198,-75.32803,218,9.0703
319628,40.019898,-75.328288,219,9.0949
319628,40.019976,-75.328467,220,9.1124
319628,40.020102,-75.328709,221,9.1369
319628,40.020185,-75.328858,222,9.1527
319628,40.020347,-75.329105,223,9.1803
319628,40.020481,-75.329285,224,9.2015
319628,40.020672,-75.32951,225,9.2306
319628,40.020922,-75.329773,226,9.2662
319628,40.021356,-75.330227,227,9.3281
319628,40.021553,-75.330428,228,9.3559
319628,40.022476,-75.331373,229,9.4871
319628,40.023347,-75.332274,230,9.6103
319628,40.023409,-75.332337,231,9.6195
319628,40.02395,-75.332916,232,9.6978
319628,40.02437,-75.333295,233,9.7546
319628,40.024879,-75.33366,234,9.8195
319628,40.025528,-75.334141,235,9.9019
319628,40.02726,-75.335771,236,10.1405
319628,40.027485,-75.335971,237,10.1702
319628,40.027884,-75.336329,238,10.2249
319628,40.028335,-75.336753,239,10.2873
319628,40.028645,-75.337024,240,10.3283
319628,40.028808,-75.33718,241,10.3513
319628,40.028959,-75.337321,242,10.3722
319628,40.029239,-75.337583,243,10.4102
319628,40.031127,-75.339328,244,10.6679
319628,40.031318,-75.339529,245,10.6957
319628,40.03165,-75.33981,246,10.7398
319628,40.031934,-75.34007,247,10.7786
319628,40.032146,-75.340263,248,10.8067
319628,40.032323,-75.340426,249,10.8311
319628,40.032478,-75.340571,250,10.8527
319628,40.032643,-75.340729,251,10.8749
319628,40.032922,-75.341009,252,10.9141
319628,40.033049,-75.341152,253,10.9326
319628,40.033159,-75.341297,254,10.9509
319628,40.033279,-75.341465,255,10.97
319628,40.033392,-75.341648,256,10.9899
319628,40.033491,-75.341832,257,11.0093
319628,40.033564,-75.341988,258,11.0246
319628,40.033634,-75.342143,259,11.0398
319628,40.033708,-75.342331,260,11.0577
319628,40.033766,-75.34249,261,11.0734
319628,40.033826,-75.342686,262,11.0905
319628,40.033874,-75.342874,263,11.1076
319628,40.033926,-75.343122,264,11.1294
319628,40.0343,-75.346107,265,11.3857
319628,40.034707,-75.349181,266,11.6497
319628,40.0348,-75.349836,267,11.7056
319628,40.034841,-75.350064,268,11.7253
319628,40.034863,-75.350195,269,11.7365
319628,40.034892,-75.350338,270,11.7488
319628,40.034929,-75.350492,271,11.7634
319628,40.034959,-75.350612,272,11.7742
319628,40.03499,-75.350717,273,11.7836
319628,40.035036,-75.350845,274,11.7948
319628,40.035091,-75.350989,275,11.8096
319628,40.03516,-75.351149,276,11.8244
319628,40.035259,-75.351321,277,11.843
319628,40.035343,-75.351458,278,11.8578
319628,40.035425,-75.351578,279,11.8713
319628,40.035523,-75.351694,280,11.8861
319628,40.035663,-75.351841,281,11.9068
319628,40.035818,-75.351975,282,11.927
319628,40.035906,-75.352038,283,11.9382
319628,40.03599,-75.352094,284,11.9485
319628,40.036069,-75.352139,285,11.9583
319628,40.036197,-75.352204,286,11.9732
319628,40.036338,-75.352261,287,11.99
319628,40.036498,-75.352316,288,12.0086
319628,40.03656,-75.352335,289,12.0159
319628,40.036629,-75.352347,290,12.024
319628,40.036708,-75.352347,291,12.033
319628,40.038489,-75.352792,292,12.2354
319628,40.038737,-75.352835,293,12.2637
319628,40.039107,-75.352905,294,12.3051
319628,40.040647,-75.35327,295,12.4809
319628,40.041056,-75.353366,296,12.5276
319628,40.041754,-75.353529,297,12.6068
319628,40.041948,-75.35358,298,12.6292
319628,40.042142,-75.353625,299,12.6505
319628,40.042251,-75.353647,300,12.6637
319628,40.042375,-75.353669,301,12.6769
319628,40.042767,-75.353653,302,12.7209
319628,40.043079,-75.353647,303,12.7559
319628,40.043357,-75.353603,304,12.7871
319628,40.043605,-75.353509,305,12.8163
319628,40.043878,-75.3534,306,12.8485
319628,40.044013,-75.353323,307,12.8647
319628,40.044319,-75.353133,308,12.9023
319628,40.044551,-75.352943,309,12.9328
319628,40.04477,-75.352747,310,12.963
319628,40.044967,-75.352499,311,12.9934
319628,40.045178,-75.352207,312,13.0274
319628,40.045331,-75.35193,313,13.0568
319628,40.045525,-75.351551,314,13.0956
319628,40.046018,-75.350346,315,13.2115
319628,40.04611,-75.350118,316,13.233
319628,40.046315,-75.349746,317,13.2724
319628,40.046547,-75.349453,318,13.3078
319628,40.046766,-75.349221,319,13.3398
319628,40.046963,-75.349053,320,13.3659
319628,40.047277,-75.348834,321,13.4057
319628,40.049127,-75.347934,322,13.6259
319628,40.049879,-75.347482,323,13.7194
319628,40.050183,-75.347332,324,13.7554
319628,40.050418,-75.347121,325,13.7871
319628,40.050917,-75.346707,326,13.8531
319628,40.051263,-75.346342,327,13.9029
319628,40.05167,-75.345805,328,13.9666
319628,40.051877,-75.345466,329,14.0042
319628,40.052054,-75.345132,330,14.0386
319628,40.052116,-75.344989,331,14.052
319628,40.052852,-75.34334,332,14.2148
319628,40.053225,-75.342507,333,14.2964
319628,40.05345,-75.342018,334,14.3444
319628,40.053607,-75.341676,335,14.3786
319628,40.053689,-75.341506,336,14.3961
319628,40.053832,-75.341233,337,14.4241
319628,40.053951,-75.341032,338,14.4455
319628,40.05408,-75.340842,339,14.4674
319628,40.054167,-75.340723,340,14.4816
319628,40.054249,-75.340623,341,14.4936
319628,40.054348,-75.34051,342,14.5085
319628,40.054455,-75.340392,343,14.5241
319628,40.054575,-75.34028,344,14.5399
319628,40.054721,-75.340155,345,14.5601
319628,40.054871,-75.340046,346,14.5794
319628,40.054997,-75.339961,347,14.595
319628,40.055157,-75.339867,348,14.6147
319628,40.055251,-75.339818,349,14.6255
319628,40.055338,-75.339777,350,14.6363
319628,40.055461,-75.339725,351,14.6508
319628,40.055555,-75.339689,352,14.6613
319628,40.055641,-75.33966,353,14.6715
319628,40.055761,-75.339627,354,14.6848
319628,40.055946,-75.339582,355,14.7062
319628,40.056053,-75.339567,356,14.7182
319628,40.05628,-75.339545,357,14.7433
319628,40.0566,-75.339526,358,14.7794
319628,40.058555,-75.339441,359,14.9985
319628,40.059101,-75.339423,360,15.0605
319628,40.059405,-75.339396,361,15.0945
319628,40.059683,-75.339382,362,15.1256
319628,40.059895,-75.339377,363,15.1486
319628,40.060081,-75.339383,364,15.1696
319628,40.060185,-75.33939,365,15.1816
319628,40.060328,-75.339406,366,15.1978
319628,40.0605,-75.33943,367,15.2169
319628,40.060643,-75.339463,368,15.233
319628,40.060776,-75.339506,369,15.2485
319628,40.060921,-75.339562,370,15.2653
319628,40.061053,-75.339621,371,15.2811
319628,40.061232,-75.339709,372,15.3023
319628,40.061537,-75.339884,373,15.3394
319628,40.061996,-75.340167,374,15.3967
319628,40.062523,-75.340475,375,15.4612
319628,40.063088,-75.340805,376,15.5301
319628,40.063357,-75.340966,377,15.5632
319628,40.063964,-75.341321,378,15.6375
319628,40.064285,-75.341512,379,15.6769
319628,40.064668,-75.341735,380,15.724
319628,40.065186,-75.342016,381,15.7867
319628,40.065352,-75.342092,382,15.8066
319628,40.065481,-75.34214,383,15.8212
319628,40.065605,-75.342182,384,15.8358
319628,40.065712,-75.34221,385,15.8479
319628,40.065825,-75.342236,386,15.8611
319628,40.065928,-75.342255,387,15.8723
319628,40.066018,-75.342267,388,15.8823
319628,40.066134,-75.342281,389,15.8954
319628,40.066244,-75.342289,390,15.9084
319628,40.066368,-75.342289,391,15.9214
319628,40.06649,-75.342283,392,15.9354
319628,40.06661,-75.342275,393,15.9494
319628,40.066689,-75.342265,394,15.9575
319628,40.06678,-75.342247,395,15.9687
319628,40.066916,-75.342216,396,15.9838
319628,40.067018,-75.342191,397,15.995
319628,40.067133,-75.342154,398,16.0083
319628,40.067333,-75.34209,399,16.0321
319628,40.067636,-75.341982,400,16.0673
319628,40.06793,-75.341871,401,16.1015
319628,40.068034,-75.34183,402,16.1132
319628,40.068141,-75.341796,403,16.1255
319628,40.068267,-75.341755,404,16.1399
319628,40.068356,-75.341728,405,16.1501
319628,40.068464,-75.341704,406,16.1622
319628,40.068515,-75.341692,407,16.1683
319628,40.06856,-75.341681,408,16.1734
319628,40.068605,-75.341674,409,16.1785
319628,40.068659,-75.341666,410,16.1846
319628,40.068714,-75.341656,411,16.1906
319628,40.068999,-75.341653,412,16.2226
319628,40.069112,-75.341656,413,16.2356
319628,40.069438,-75.341692,414,16.2728
319628,40.069634,-75.341749,415,16.2944
319628,40.069953,-75.341867,416,16.3317
319628,40.070588,-75.342193,417,16.4077
319628,40.071344,-75.342593,418,16.4992
319628,40.07232,-75.343137,419,16.6175
319628,40.072932,-75.343479,420,16.6924
319628,40.072995,-75.343516,421,16.7
319628,40.073254,-75.343655,422,16.7314
319628,40.074172,-75.344152,423,16.8426
319628,40.074714,-75.34445,424,16.9076
319628,40.075322,-75.344781,425,16.9825
319628,40.076079,-75.345203,426,17.0735
319628,40.076443,-75.34543,427,17.1187
319628,40.076679,-75.345576,428,17.1477
319628,40.077014,-75.345805,429,17.1902
319628,40.077982,-75.346542,430,17.3152
319628,40.078942,-75.347207,431,17.4369
319628,40.079315,-75.347478,432,17.4848
319628,40.08106,-75.348765,433,17.7082
319628,40.081534,-75.349132,434,17.7696
319628,40.081615,-75.349193,435,17.7799
319628,40.081672,-75.349234,436,17.7879
319628,40.08172,-75.349268,437,17.7933
319628,40.081793,-75.349321,438,17.8028
319628,40.082511,-75.349847,439,17.8949
319628,40.082609,-75.34992,440,17.908
319628,40.082668,-75.349964,441,17.9147
319628,40.082733,-75.350011,442,17.9227
319628,40.085032,-75.351716,443,18.2187
319628,40.085243,-75.351865,444,18.2455
319628,40.085362,-75.351942,445,18.2603
319628,40.085454,-75.352004,446,18.2715
319628,40.085532,-75.352057,447,18.2818
319628,40.085608,-75.352102,448,18.2903
319628,40.085688,-75.35215,449,18.3002
319628,40.085736,-75.352178,450,18.3069
319628,40.085786,-75.352207,451,18.3123
319628,40.085847,-75.352243,452,18.3199
319628,40.085896,-75.352269,453,18.3262
319628,40.085968,-75.352302,454,18.3347
319628,40.086039,-75.352341,455,18.3437
319628,40.086109,-75.352375,456,18.3519
319628,40.086203,-75.352419,457,18.3627
319628,40.086281,-75.352453,458,18.3722
319628,40.086349,-75.352482,459,18.3798
319628,40.086425,-75.352511,460,18.389
319628,40.086498,-75.352541,461,18.3976
319628,40.086932,-75.352705,462,18.4483
319628,40.087227,-75.352803,463,18.4825
319628,40.087328,-75.352831,464,18.4936
319628,40.08757,-75.352893,465,18.5211
319628,40.087851,-75.352948,466,18.5535
319628,40.088104,-75.352988,467,18.5817
319628,40.088321,-75.353011,468,18.6057
319628,40.088364,-75.35302,469,18.6108
319628,40.088411,-75.353027,470,18.6159
319628,40.088529,-75.35304,471,18.63
319628,40.088603,-75.353047,472,18.638
319628,40.088799,-75.35305,473,18.66
319628,40.08904,-75.353051,474,18.687
319628,40.089331,-75.353037,475,18.719
319628,40.089479,-75.353028,476,18.736
319628,40.089825,-75.352995,477,18.7752
319628,40.090807,-75.352892,478,18.8854
319628,40.091809,-75.35279,479,18.9978
319628,40.093316,-75.352625,480,19.1674
319628,40.096033,-75.352317,481,19.4725
319628,40.096992,-75.352233,482,19.5807
319628,40.097663,-75.35219,483,19.6558
319628,40.098134,-75.352143,484,19.7089
319628,40.098817,-75.352065,485,19.7853
319628,40.099174,-75.352021,486,19.8254
319628,40.099492,-75.351969,487,19.8617
319628,40.099619,-75.351945,488,19.8759
319628,40.099743,-75.351918,489,19.89
319628,40.099846,-75.351889,490,19.9022
319628,40.099972,-75.351845,491,19.9167
319628,40.100052,-75.351815,492,19.9262
319628,40.100193,-75.35175,493,19.943
319628,40.100297,-75.351698,494,19.9547
319628,40.100448,-75.351616,495,19.9731
319628,40.10062,-75.351506,496,19.9945
319628,40.100781,-75.351384,497,20.0151
319628,40.100946,-75.351246,498,20.0376
319628,40.101141,-75.351059,499,20.0642
319628,40.101549,-75.350627,500,20.1233
319628,40.101766,-75.350392,501,20.1545
319628,40.101996,-75.350137,502,20.1879
319628,40.102078,-75.350047,503,20.2
319628,40.102176,-75.34995,504,20.2136
319628,40.102281,-75.349847,505,20.2286
319628,40.102382,-75.349757,506,20.2416
319628,40.102439,-75.34971,507,20.2488
319628,40.102489,-75.349668,508,20.256
319628,40.102591,-75.349594,509,20.2686
319628,40.10273,-75.349493,510,20.2869
319628,40.103609,-75.348969,511,20.3943
319628,40.104617,-75.348355,512,20.5187
319628,40.105329,-75.347912,513,20.6069
319628,40.10546,-75.347866,514,20.6224
319628,40.10572,-75.347717,515,20.6538
319628,40.105928,-75.347599,516,20.6789
319628,40.106077,-75.347513,517,20.6976
319628,40.106432,-75.347284,518,20.7419
319628,40.106684,-75.347175,519,20.7713
319628,40.106938,-75.347082,520,20.8014
319628,40.10703,-75.347049,521,20.8119
319628,40.107386,-75.346958,522,20.8525
319628,40.107744,-75.346902,523,20.8928
319628,40.108488,-75.346789,524,20.9763
319628,40.109196,-75.346693,525,21.0568
319628,40.110743,-75.346465,526,21.2308
319628,40.111717,-75.346319,527,21.3405
319628,40.11183,-75.3463,528,21.3535
319628,40.11213,-75.346199,529,21.3877
319628,40.112389,-75.346058,530,21.4191
319628,40.112544,-75.345936,531,21.4397
319628,40.112735,-75.345789,532,21.4644
319628,40.112784,-75.345734,533,21.4716
319628,40.112809,-75.345685,534,21.4761
319628,40.112975,-75.345484,535,21.5016
319628,40.113124,-75.345381,536,21.5208
319628,40.113197,-75.345333,537,21.5297
319628,40.113332,-75.345244,538,21.5467
319628,40.113465,-75.345158,539,21.5633
319629,40.113465,-75.345158,1,0.0
319629,40.113332,-75.345244,2,0.0166
319629,40.113197,-75.345333,3,0.0336
319629,40.113124,-75.345381,4,0.0425
319629,40.112975,-75.345484,5,0.0617
319629,40.112809,-75.345685,6,0.0872
319629,40.112784,-75.345734,7,0.0917
319629,40.112735,-75.345789,8,0.0989
319629,40.112544,-75.345936,9,0.1236
319629,40.112389,-75.346058,10,0.1442
319629,40.11213,-75.346199,11,0.1756
319629,40.11183,-75.3463,12,0.2098
319629,40.111717,-75.346319,13,0.2228
319629,40.110743,-75.346465,14,0.3325
319629,40.109196,-75.346693,15,0.5065
319629,40.108488,-75.346789,16,0.587
319629,40.107744,-75.346902,17,0.6705
319629,40.107386,-75.346958,18,0.7108
319629,40.10703,-75.347049,19,0.7514
319629,40.106938,-75.347082,20,0.7619
319629,40.106684,-75.347175,21,0.792
319629,40.106432,-75.347284,22,0.8214
319629,40.106077,-75.347513,23,0.8657
319629,40.105928,-75.347599,24,0.8844
319629,40.10572,-75.347717,25,0.9095
319629,40.10546,-75.347866,26,0.9409
319629,40.105329,-75.347912,27,0.9564
319629,40.104617,-75.348355,28,1.0446
319629,40.103609,-75.348969,29,1.169
319629,40.10273,-75.349493,30,1.2764
319629,40.102591,-75.349594,31,1.2947
319629,40.102489,-75.349668,32,1.3073
319629,40.102439,-75.34971,33,1.3145
319629,40.102382,-75.349757,34,1.3217
319629,40.102281,-75.349847,35,1.3347
319629,40.102176,-75.34995,36,1.3497
319629,40.102078,-75.350047,37,1.3633
319629,40.101996,-75.350137,38,1.3754
319629,40.101766,-75.350392,39,1.4088
319629,40.101549,-75.350627,40,1.44
319629,40.101141,-75.351059,41,1.4991
319629,40.100946,-75.351246,42,1.5257
319629,40.100781,-75.351384,43,1.5482
319629,40.10062,-75.351506,44,1.5688
319629,40.100448,-75.351616,45,1.5902
319629,40.100297,-75.351698,46,1.6086
319629,40.100193,-75.35175,47,1.6203
319629,40.100052,-75.351815,48,1.6371
319629,40.099972,-75.351845,49,1.6466
319629,40.099846,-75.351889,50,1.6611
319629,40.099743,-75.351918,51,1.6733
319629,40.099619,-75.351945,52,1.6874
319629,40.099492,-75.351969,53,1.7016
319629,40.099174,-75.352021,54,1.7379
319629,40.098817,-75.352065,55,1.778
319629,40.098134,-75.352143,56,1.8544
319629,40.097663,-75.35219,57,1.9075
319629,40.096992,-75.352233,58,1.9826
319629,40.096033,-75.352317,59,2.0908
319629,40.093316,-75.352625,60,2.3959
319629,40.091809,-75.35279,61,2.5655
319629,40.090807,-75.352892,62,2.6779
319629,40.089825,-75.352995,63,2.7881
319629,40.089479,-75.353028,64,2.8273
319629,40.089331,-75.353037,65,2.8443
319629,40.08904,-75.353051,66,2.8763
319629,40.088799,-75.35305,67,2.9033
319629,40.088603,-75.353047,68,2.9253
319629,40.088529,-75.35304,69,2.9333
319629,40.088411,-75.353027,70,2.9474
319629,40.088364,-75.35302,71,2.9525
319629,40.088321,-75.353011,72,2.9576
319629,40.088104,-75.352988,73,2.9816
319629,40.087851,-75.352948,74,3.0098
319629,40.08757,-75.352893,75,3.0422
319629,40.087328,-75.352831,76,3.0697
319629,40.087227,-75.352803,77,3.0808
319629,40.086932,-75.352705,78,3.115
319629,40.086498,-75.352541,79,3.1657
319629,40.086425,-75.352511,80,3.1743
319629,40.086349,-75.352482,81,3.1835
319629,40.086281,-75.352453,82,3.1911
319629,40.086203,-75.352419,83,3.2006
319629,40.086109,-75.352375,84,3.2114
319629,40.086039,-75.352341,85,3.2196
319629,40.085968,-75.352302,86,3.2286
319629,40.085896,-75.352269,87,3.2371
319629,40.085847,-75.352243,88,3.2434
319629,40.085786,-75.352207,89,3.251
319629,40.085736,-75.352178,90,3.2564
319629,40.085688,-75.35215,91,3.2631
319629,40.085608,-75.352102,92,3.273
319629,40.085532,-75.352057,93,3.2815
319629,40.085454,-75.352004,94,3.2918
319629,40.085362,-75.351942,95,3.303
319629,40.085243,-75.351865,96,3.3178
319629,40.085032,-75.351716,97,3.3446
319629,40.082733,-75.350011,98,3.6406
319629,40.082668,-75.349964,99,3.6486
319629,40.082609,-75.34992,100,3.6553
319629,40.082511,-75.349847,101,3.6684
319629,40.081793,-75.349321,102,3.7605
319629,40.08172,-75.349268,103,3.77
319629,40.081672,-75.349234,104,3.7754
319629,40.081615,-75.349193,105,3.7834
319629,40.081534,-75.349132,106,3.7937
319629,40.08106,-75.348765,107,3.8551
319629,40.079315,-75.347478,108,4.0785
319629,40.078942,-75.347207,109,4.1264
319629,40.077982,-75.346542,110,4.2481
319629,40.077014,-75.345805,111,4.3731
319629,40.076679,-75.345576,112,4.4156
319629,40.076443,-75.34543,113,4.4446
319629,40.076079,-75.345203,114,4.4898
319629,40.075322,-75.344781,115,4.5808
319629,40.074714,-75.34445,116,4.6557
319629,40.074172,-75.344152,117,4.7207
319629,40.073254,-75.343655,118,4.8319
319629,40.072995,-75.343516,119,4.8633
319629,40.072932,-75.343479,120,4.8709
319629,40.07232,-75.343137,121,4.9458
319629,40.071344,-75.342593,122,5.0641
319629,40.070588,-75.342193,123,5.1556
319629,40.069953,-75.341867,124,5.2316
319629,40.069634,-75.341749,125,5.2689
319629,40.069438,-75.341692,126,5.2905
319629,40.069112,-75.341656,127,5.3277
319629,40.068999,-75.341653,128,5.3407
319629,40.068714,-75.341656,129,5.3727
319629,40.068659,-75.341666,130,5.3787
319629,40.068605,-75.341674,131,5.3848
319629,40.06856,-75.341681,132,5.3899
319629,40.068515,-75.341692,133,5.395
319629,40.068464,-75.341704,134,5.4011
319629,40.068356,-75.341728,135,5.4132
319629,40.068267,-75.341755,136,5.4234
319629,40.068141,-75.341796,137,5.4378
319629,40.068034,-75.34183,138,5.4501
319629,40.06793,-75.341871,139,5.4618
319629,40.067636,-75.341982,140,5.496
319629,40.067333,-75.34209,141,5.5312
319629,40.067133,-75.342154,142,5.555
319629,40.067018,-75.342191,143,5.5683
319629,40.066916,-75.342216,144,5.5795
319629,40.06678,-75.342247,145,5.5946
319629,40.066689,-75.342265,146,5.6058
319629,40.06661,-75.342275,147,5.6139
319629,40.06649,-75.342283,148,5.6279
319629,40.066368,-75.342289,149,5.6419
319629,40.066244,-75.342289,150,5.6549
319629,40.066134,-75.342281,151,5.6679
319629,40.066018,-75.342267,152,5.681
319629,40.065928,-75.342255,153,5.691
319629,40.065825,-75.342236,154,5.7022
319629,40.065712,-75.34221,155,5.7154
319629,40.065605,-75.342182,156,5.7275
319629,40.065481,-75.34214,157,5.7421
319629,40.065352,-75.342092,158,5.7567
319629,40.065186,-75.342016,159,5.7766
319629,40.064668,-75.341735,160,5.8393
319629,40.064285,-75.341512,161,5.8864
319629,40.063964,-75.341321,162,5.9258
319629,40.063357,-75.340966,163,6.0001
319629,40.063088,-75.340805,164,6.0332
319629,40.062523,-75.340475,165,6.1021
319629,40.061996,-75.340167,166,6.1666
319629,40.061537,-75.339884,167,6.2239
319629,40.061232,-75.339709,168,6.261
319629,40.061053,-75.339621,169,6.2822
319629,40.060921,-75.339562,170,6.298
319629,40.060776,-75.339506,171,6.3148
319629,40.060643,-75.339463,172,6.3303
319629,40.0605,-75.33943,173,6.3464
319629,40.060328,-75.339406,174,6.3655
319629,40.060185,-75.33939,175,6.3817
319629,40.060081,-75.339383,176,6.3937
319629,40.059895,-75.339377,177,6.4147
319629,40.059683,-75.339382,178,6.4377
319629,40.059405,-75.339396,179,6.4688
319629,40.059101,-75.339423,180,6.5028
319629,40.058555,-75.339441,181,6.5648
319629,40.0566,-75.339526,182,6.7839
319629,40.05628,-75.339545,183,6.82
319629,40.056053,-75.339567,184,6.8451
319629,40.055946,-75.339582,185,6.8571
319629,40.055761,-75.339627,186,6.8785
319629,40.055641,-75.33966,187,6.8918
319629,40.055555,-75.339689,188,6.902
319629,40.055461,-75.339725,189,6.9125
319629,40.055338,-75.339777,190,6.927
319629,40.055251,-75.339818,191,6.9378
319629,40.055157,-75.339867,192,6.9486
319629,40.054997,-75.339961,193,6.9683
319629,40.054871,-75.340046,194,6.9839
319629,40.054721,-75.340155,195,7.0032
319629,40.054575,-75.34028,196,7.0234
319629,40.054455,-75.340392,197,7.0392
319629,40.054348,-75.34051,198,7.0548
319629,40.054249,-75.340623,199,7.0697
319629,40.054167,-75.340723,200,7.0817
319629,40.05408,-75.340842,201,7.0959
319629,40.053951,-75.341032,202,7.1178
319629,40.053832,-75.341233,203,7.1392
319629,40.053689,-75.341506,204,7.1672
319629,40.053607,-75.341676,205,7.1847
319629,40.05345,-75.342018,206,7.2189
319629,40.053225,-75.342507,207,7.2669
319629,40.052852,-75.34334,208,7.3485
319629,40.052116,-75.344989,209,7.5113
319629,40.052054,-75.345132,210,7.5247
319629,40.051877,-75.345466,211,7.5591
319629,40.05167,-75.345805,212,7.5967
319629,40.051263,-75.346342,213,7.6604
319629,40.050917,-75.346707,214,7.7102
319629,40.050418,-75.347121,215,7.7762
319629,40.050183,-75.347332,216,7.8079
319629,40.049879,-75.347482,217,7.8439
319629,40.049127,-75.347934,218,7.9374
319629,40.047277,-75.348834,219,8.1576
319629,40.046963,-75.349053,220,8.1974
319629,40.046766,-75.349221,221,8.2235
319629,40.046547,-75.349453,222,8.2555
319629,40.046315,-75.349746,223,8.2909
319629,40.04611,-75.350118,224,8.3303
319629,40.046018,-75.350346,225,8.3518
319629,40.045525,-75.351551,226,8.4677
319629,40.045331,-75.35193,227,8.5065
319629,40.045178,-75.352207,228,8.5359
319629,40.044967,-75.352499,229,8.5699
319629,40.04477,-75.352747,230,8.6003
319629,40.044551,-75.352943,231,8.6305
319629,40.044319,-75.353133,232,8.661
319629,40.044013,-75.353323,233,8.6986
319629,40.043878,-75.3534,234,8.7148
319629,40.043605,-75.353509,235,8.747
319629,40.043357,-75.353603,236,8.7762
319629,40.043079,-75.353647,237,8.8074
319629,40.042767,-75.353653,238,8.8424
319629,40.042375,-75.353669,239,8.8864
319629,40.042251,-75.353647,240,8.8996
319629,40.042142,-75.353625,241,8.9128
319629,40.041948,-75.35358,242,8.9341
319629,40.041754,-75.353529,243,8.9565
319629,40.041056,-75.353366,244,9.0357
319629,40.040647,-75.35327,245,9.0824
319629,40.039107,-75.352905,246,9.2582
319629,40.038737,-75.352835,247,9.2996
319629,40.038489,-75.352792,248,9.3279
319629,40.036708,-75.352347,249,9.5303
319629,40.036629,-75.352347,250,9.5393
319629,40.03656,-75.352335,251,9.5474
319629,40.036498,-75.352316,252,9.5547
319629,40.036338,-75.352261,253,9.5733
319629,40.036197,-75.352204,254,9.5901
319629,40.036069,-75.352139,255,9.605
319629,40.03599,-75.352094,256,9.6148
319629,40.035906,-75.352038,257,9.6251
319629,40.035818,-75.351975,258,9.6363
319629,40.035663,-75.351841,259,9.6565
319629,40.035523,-75.351694,260,9.6772
319629,40.035425,-75.351578,261,9.692
319629,40.035343,-75.351458,262,9.7055
319629,40.035259,-75.351321,263,9.7203
319629,40.03516,-75.351149,264,9.7389
319629,40.035091,-75.350989,265,9.7537
319629,40.035036,-75.350845,266,9.7685
319629,40.03499,-75.350717,267,9.7797
319629,40.034959,-75.350612,268,9.7891
319629,40.034929,-75.350492,269,9.7999
319629,40.034892,-75.350338,270,9.8145
319629,40.034863,-75.350195,271,9.8268
319629,40.034841,-75.350064,272,9.838
319629,40.0348,-75.349836,273,9.8577
319629,40.034707,-75.349181,274,9.9136
319629,40.0343,-75.346107,275,10.1776
319629,40.033926,-75.343122,276,10.4339
319629,40.033874,-75.342874,277,10.4557
319629,40.033826,-75.342686,278,10.4728
319629,40.033766,-75.34249,279,10.4899
319629,40.033708,-75.342331,280,10.5056
319629,40.033634,-75.342143,281,10.5235
319629,40.033564,-75.341988,282,10.5387
319629,40.033491,-75.341832,283,10.554
319629,40.033392,-75.341648,284,10.5734
319629,40.033279,-75.341465,285,10.5933
319629,40.033159,-75.341297,286,10.6124
319629,40.033049,-75.341152,287,10.6307
319629,40.032922,-75.341009,288,10.6492
319629,40.032643,-75.340729,289,10.6884
319629,40.032478,-75.340571,290,10.7106
319629,40.032323,-75.340426,291,10.7322
319629,40.032146,-75.340263,292,10.7566
319629,40.031934,-75.34007,293,10.7847
319629,40.03165,-75.33981,294,10.8235
319629,40.031318,-75.339529,295,10.8676
319629,40.031127,-75.339328,296,10.8954
319629,40.029239,-75.337583,297,11.1531
319629,40.028959,-75.337321,298,11.1911
319629,40.028808,-75.33718,299,11.2119
319629,40.028645,-75.337024,300,11.235
319629,40.028335,-75.336753,301,11.276
319629,40.027884,-75.336329,302,11.3384
319629,40.027485,-75.335971,303,11.3931
319629,40.02726,-75.335771,304,11.4228
319629,40.025528,-75.334141,305,11.6614
319629,40.024879,-75.33366,306,11.7438
319629,40.02437,-75.333295,307,11.8087
319629,40.02395,-75.332916,308,11.8655
319629,40.023409,-75.332337,309,11.9438
319629,40.023347,-75.332274,310,11.953
319629,40.022476,-75.331373,311,12.0762
319629,40.021553,-75.330428,312,12.2074
319629,40.021356,-75.330227,313,12.2352
319629,40.020922,-75.329773,314,12.2971
319629,40.020672,-75.32951,315,12.3327
319629,40.020481,-75.329285,316,12.3618
319629,40.020347,-75.329105,317,12.383
319629,40.020185,-75.328858,318,12.4106
319629,40.020102,-75.328709,319,12.4264
319629,40.019976,-75.328467,320,12.4509
319629,40.019898,-75.328288,321,12.4684
319629,40.0198,-75.32803,322,12.493
319629,40.019718,-75.327778,323,12.5167
319629,40.019664,-75.327572,324,12.5347
319629,40.019607,-75.327294,325,12.5595
319629,40.019573,-75.327064,326,12.5789
319629,40.019548,-75.326827,327,12.5991
319629,40.019512,-75.326501,328,12.6274
319629,40.019483,-75.326219,329,12.6506
319629,40.019451,-75.326014,330,12.669
319629,40.019411,-75.325814,331,12.6865
319629,40.019379,-75.325657,332,12.7001
319629,40.019312,-75.325387,333,12.7242
319629,40.019253,-75.325206,334,12.7407
319629,40.019161,-75.324966,335,12.764
319629,40.019076,-75.324761,336,12.7837
319629,40.019012,-75.324627,337,12.7967
319629,40.018936,-75.32449,338,12.8111
319629,40.018854,-75.324355,339,12.826
319629,40.018767,-75.324216,340,12.841
319629,40.018668,-75.324072,341,12.8573
319629,40.018594,-75.32396,342,12.8707
319629,40.018554,-75.3239,343,12.8772
319629,40.018474,-75.32381,344,12.8886
319629,40.018308,-75.32363,345,12.9134
319629,40.018209,-75.323529,346,12.927
319629,40.018018,-75.323366,347,12.9522
319629,40.017595,-75.323045,348,13.0064
319629,40.017284,-75.322839,349,13.0458
319629,40.01672,-75.322407,350,13.1184
319629,40.015758,-75.321683,351,13.2429
319629,40.015271,-75.321266,352,13.3081
319629,40.015164,-75.321169,353,13.3225
319629,40.015055,-75.321064,354,13.3375
319629,40.01497,-75.320978,355,13.3489
319629,40.014869,-75.320871,356,13.3645
319629,40.014792,-75.320791,357,13.3745
319629,40.01468,-75.320669,358,13.3915
319629,40.014596,-75.320576,359,13.4036
319629,40.014497,-75.320461,360,13.4178
319629,40.014364,-75.3203,361,13.4383
319629,40.01253,-75.317869,362,13.7289
319629,40.01226,-75.317511,363,13.7721
319629,40.012086,-75.317291,364,13.799
319629,40.011911,-75.317082,365,13.8252
319629,40.011716,-75.316856,366,13.8549
319629,40.011418,-75.31658,367,13.8952
319629,40.011008,-75.316144,368,13.9542
319629,40.01074,-75.31589,369,13.9914
319629,40.010432,-75.315626,370,14.0319
319629,40.010256,-75.315488,371,14.0552
319629,40.010067,-75.315341,372,14.0794
319629,40.009918,-75.315227,373,14.0991
319629,40.009751,-75.315111,374,14.1206
319629,40.009592,-75.315,375,14.1398
319629,40.009408,-75.314883,376,14.1631
319629,40.008451,-75.314311,377,14.2804
319629,40.007956,-75.314003,378,14.3425
319629,40.007376,-75.313668,379,14.4133
319629,40.006853,-75.313347,380,14.4773
319629,40.005359,-75.312469,381,14.6604
319629,40.00371,-75.31149,382,14.8631
319629,40.003369,-75.311296,383,14.9043
319629,40.002539,-75.310848,384,15.0048
319629,40.002027,-75.310581,385,15.0672
319629,40.000146,-75.309602,386,15.293
319629,39.999835,-75.309413,387,15.3315
319629,39.999663,-75.309287,388,15.3535
319629,39.999458,-75.309118,389,15.3804
319629,39.999282,-75.308968,390,15.4042
319629,39.999168,-75.308859,391,15.42
319629,39.998993,-75.308688,392,15.4443
319629,39.998853,-75.308538,393,15.4643
319629,39.998674,-75.308328,394,15.4912
319629,39.998449,-75.308047,395,15.5258
319629,39.998233,-75.307723,396,15.5619
319629,39.998163,-75.307602,397,15.5755
319629,39.997895,-75.307138,398,15.6247
319629,39.997676,-75.306685,399,15.6702
319629,39.99743,-75.306172,400,15.7219
319629,39.996677,-75.304582,401,15.88
319629,39.996105,-75.303362,402,16.0021
319629,39.995999,-75.303142,403,16.0238
319629,39.995284,-75.301642,404,16.1739
319629,39.994997,-75.301037,405,16.2349
319629,39.994831,-75.300703,406,16.2687
319629,39.994748,-75.300535,407,16.2854
319629,39.994659,-75.300359,408,16.3034
319629,39.99458,-75.30021,409,16.3192
319629,39.994513,-75.300078,410,16.3323
319629,39.994388,-75.29985,411,16.3559
319629,39.994307,-75.299703,412,16.3717
319629,39.994166,-75.29945,413,16.3981
319629,39.994009,-75.299177,414,16.4273
319629,39.993659,-75.298617,415,16.4891
319629,39.993266,-75.298043,416,16.5542
319629,39.992486,-75.296938,417,16.6823
319629,39.991879,-75.296185,418,16.7757
319629,39.991583,-75.295846,419,16.8196
319629,39.990839,-75.295104,420,16.9232
319629,39.990004,-75.294361,421,17.0364
319629,39.989892,-75.294262,422,17.0514
319629,39.989103,-75.293673,423,17.1535
319629,39.987508,-75.292513,424,17.3567
319629,39.987218,-75.292295,425,17.3948
319629,39.987052,-75.292153,426,17.4164
319629,39.986882,-75.291966,427,17.4412
319629,39.986644,-75.291665,428,17.478
319629,39.986612,-75.291626,429,17.483
319629,39.986436,-75.291339,430,17.5144
319629,39.986249,-75.290965,431,17.5519
319629,39.986112,-75.290624,432,17.5845
319629,39.985977,-75.290242,433,17.6208
319629,39.985907,-75.290013,434,17.6414
319629,39.985755,-75.289422,435,17.6942
319629,39.985701,-75.289211,436,17.7132
319629,39.985661,-75.289062,437,17.7271
319629,39.98561,-75.288885,438,17.7429
319629,39.985575,-75.288774,439,17.7528
319629,39.985534,-75.288643,440,17.7648
319629,39.985478,-75.288484,441,17.7801
319629,39.98543,-75.288355,442,17.7926
319629,39.985386,-75.288238,443,17.8025
319629,39.985312,-75.288056,444,17.8208
319629,39.985257,-75.287931,445,17.8325
319629,39.985202,-75.287808,446,17.845
319629,39.985152,-75.287699,447,17.8558
319629,39.984922,-75.287268,448,17.9005
319629,39.984806,-75.287072,449,17.9211
319629,39.984727,-75.286941,450,17.9353
319629,39.984654,-75.286835,451,17.9473
319629,39.984584,-75.286731,452,17.9594
319629,39.984482,-75.286583,453,17.9771
319629,39.984369,-75.28644,454,17.994
319629,39.984248,-75.286295,455,18.0125
319629,39.984072,-75.286088,456,18.0387
319629,39.983959,-75.285979,457,18.0545
319629,39.983827,-75.28584,458,18.0737
319629,39.983542,-75.285583,459,18.112
319629,39.983086,-75.285219,460,18.1716
319629,39.983067,-75.285192,461,18.1752
319629,39.982707,-75.284886,462,18.2229
319629,39.982526,-75.284741,463,18.2463
319629,39.982368,-75.284627,464,18.2669
319629,39.982147,-75.284486,465,18.2946
319629,39.981952,-75.284375,466,18.3184
319629,39.981809,-75.284292,467,18.3358
319629,39.981562,-75.284178,468,18.3646
319629,39.981442,-75.284128,469,18.3792
319629,39.981214,-75.284048,470,18.4051
319629,39.981095,-75.284013,471,18.4195
319629,39.98101,-75.283988,472,18.4287
319629,39.980793,-75.283934,473,18.4542
319629,39.980536,-75.283881,474,18.4825
319629,39.980357,-75.283862,475,18.5026
319629,39.980201,-75.283847,476,18.5206
319629,39.979714,-75.283829,477,18.5746
319629,39.979099,-75.2838,478,18.6437
319629,39.978603,-75.283746,479,18.6999
319629,39.978096,-75.283683,480,18.7571
319629,39.977729,-75.283587,481,18.7989
319629,39.977323,-75.283448,482,18.8454
319629,39.977039,-75.28333,483,18.879
319629,39.9767,-75.283161,484,18.9198
319629,39.976202,-75.28286,485,18.9811
319629,39.97588,-75.282635,486,19.0219
319629,39.975654,-75.282456,487,19.0515
319629,39.975479,-75.282282,488,19.0759
319629,39.974508,-75.281286,489,19.2134
319629,39.973875,-75.280625,490,19.3038
319629,39.972941,-75.279623,491,19.4389
319629,39.971091,-75.277679,492,19.7036
319629,39.97013,-75.276667,493,19.8409
319629,39.969991,-75.276504,494,19.8615
319629,39.969761,-75.276219,495,19.8976
319629,39.969454,-75.275775,496,19.9478
319629,39.969299,-75.275505,497,19.9764
319629,39.969145,-75.275172,498,20.0092
319629,39.969017,-75.274891,499,20.0375
319629,39.968886,-75.274579,500,20.0679
319629,39.968761,-75.274303,501,20.0948
319629,39.968623,-75.273988,502,20.1262
319629,39.968461,-75.273637,503,20.1603
319629,39.968111,-75.272801,504,20.2414
319629,39.967096,-75.270316,505,20.4807
319629,39.966829,-75.26968,506,20.5425
319629,39.966635,-75.269227,507,20.5864
319629,39.966355,-75.268568,508,20.6504
319629,39.965948,-75.267727,509,20.735
319629,39.965633,-75.266935,510,20.8106
319629,39.965587,-75.2668,511,20.8236
319629,39.965528,-75.266629,512,20.8392
319629,39.96521,-75.265863,513,20.9131
319629,39.965163,-75.265735,514,20.9251
319629,39.965042,-75.265328,515,20.9628
319629,39.964977,-75.265069,516,20.985
319629,39.964912,-75.264795,517,21.01
319629,39.964878,-75.264619,518,21.0255
319629,39.964859,-75.264506,519,21.0347
319629,39.964838,-75.264395,520,21.0452
319629,39.964804,-75.264211,521,21.0605
319629,39.9647,-75.263666,522,21.108
319629,39.964665,-75.263499,523,21.1226
319629,39.964635,-75.26337,524,21.134
319629,39.964603,-75.263243,525,21.1457
319629,39.964575,-75.263147,526,21.1542
319629,39.964537,-75.263021,527,21.1659
319629,39.964493,-75.262886,528,21.178
319629,39.964448,-75.262762,529,21.1901
319629,39.964368,-75.262558,530,21.2093
319629,39.96424,-75.262277,531,21.2371
319629,39.96409,-75.261957,532,21.269
319629,39.963705,-75.261434,533,21.3305
319629,39.963499,-75.261142,534,21.3645
319629,39.963226,-75.260773,535,21.4091
319629,39.963066,-75.260564,536,21.4331
319629,39.962857,-75.260216,537,21.4715
319629,39.962769,-75.259847,538,21.5041
319629,39.962721,-75.259153,539,21.5633
319856,39.905429,-75.173862,1,0.0
319856,39.910607,-75.172912,2,0.5854
319856,39.912436,-75.172421,3,0.7944
319856,39.914264,-75.171919,4,1.0037
319856,39.918149,-75.171056,5,1.4454
319856,39.918393,-75.171002,6,1.4729
319856,39.919405,-75.170783,7,1.5883
319856,39.92034,-75.170582,8,1.6937
319856,39.920666,-75.170513,9,1.7312
319856,39.921193,-75.170402,10,1.7908
319856,39.921892,-75.170256,11,1.8698
319856,39.922169,-75.170193,12,1.9012
319856,39.922775,-75.170057,13,1.9702
319856,39.92315,-75.169973,14,2.0128
319856,39.923939,-75.1698,15,2.1029
319856,39.92438,-75.169705,16,2.1525
319856,39.9245,-75.169677,17,2.1667
319856,39.92493,-75.169578,18,2.2155
319856,39.925585,-75.169428,19,2.2895
319856,39.926179,-75.169312,20,2.3572
319856,39.926832,-75.169185,21,2.4309
319856,39.927338,-75.169073,22,2.4888
319856,39.927661,-75.169001,23,2.5253
319856,39.928059,-75.168914,24,2.5708
319856,39.92866,-75.168773,25,2.6389
319856,39.929263,-75.168638,26,2.7078
319856,39.929663,-75.168549,27,2.7523
319856,39.930089,-75.168455,28,2.801
319856,39.930479,-75.16837,29,2.8455
319856,39.931709,-75.16812,30,2.9851
319856,39.932116,-75.168027,31,3.0308
319856,39.932511,-75.167937,32,3.0764
319856,39.932933,-75.167842,33,3.124
319856,39.934143,-75.167557,34,3.2621
319856,39.934526,-75.167476,35,3.3057
319856,39.935188,-75.167336,36,3.3805
319856,39.935687,-75.167232,37,3.4372
319856,39.936729,-75.167003,38,3.5558
319856,39.937175,-75.166908,39,3.6064
319856,39.937855,-75.16675,40,3.6835
319856,39.938253,-75.166662,41,3.7282
319856,39.938656,-75.166584,42,3.7746
319856,39.939066,-75.166506,43,3.821
319856,39.94003,-75.166296,44,3.9305
319856,39.940213,-75.166256,45,3.9507
319856,39.940439,-75.166208,46,3.9761
319856,39.940805,-75.166125,47,4.0176
319856,39.941365,-75.166004,48,4.0814
319856,39.941803,-75.165911,49,4.1311
319856,39.942402,-75.165786,50,4.1998
319856,39.942775,-75.1657,51,4.2416
319856,39.94322,-75.165598,52,4.2922
319856,39.943636,-75.165508,53,4.3399
319856,39.944072,-75.165416,54,4.3894
319856,39.944632,-75.165286,55,4.4524
319856,39.944983,-75.165208,56,4.493
319856,39.945557,-75.16509,57,4.5576
319856,39.945912,-75.165014,58,4.5982
319856,39.946163,-75.16496,59,4.6265
319856,39.946616,-75.164863,60,4.6781
319856,39.946985,-75.164782,61,4.7197
319856,39.947382,-75.164696,62,4.7653
319856,39.948023,-75.164562,63,4.8381
319856,39.9482,-75.164521,64,4.8575
319856,39.948351,-75.164494,65,4.8746
319856,39.948487,-75.164467,66,4.8907
319856,39.948735,-75.16441,67,4.9182
319856,39.949326,-75.164279,68,4.9861
319856,39.9494,-75.164262,69,4.9942
319856,39.949725,-75.164192,70,5.0307
319856,39.950091,-75.164108,71,5.0723
319856,39.950853,-75.163947,72,5.1594
319856,39.951093,-75.163896,73,5.1867
319856,39.951588,-75.163791,74,5.2423
319856,39.952464,-75.164094,75,5.3434
319856,39.953151,-75.164151,76,5.4206
319856,39.953374,-75.164173,77,5.4456
319856,39.953481,-75.164138,78,5.458
319856,39.953535,-75.164067,79,5.4665
319856,39.953606,-75.163913,80,5.4818
319856,39.953703,-75.163653,81,5.5064
319856,39.953792,-75.163451,82,5.5261
319856,39.953935,-75.163286,83,5.5473
319856,39.954407,-75.163166,84,5.6013
319856,39.956236,-75.162781,85,5.8088
319856,39.957048,-75.162589,86,5.9012
319856,39.957735,-75.162433,87,5.9792
319856,39.958083,-75.162361,88,6.0187
319856,39.958832,-75.162216,89,6.1036
319856,39.95959,-75.16206,90,6.1895
319856,39.960393,-75.161892,91,6.2806
319856,39.962283,-75.161455,92,6.4957
319856,39.962371,-75.161433,93,6.5059
319856,39.962463,-75.161413,94,6.5159
319856,39.962632,-75.161377,95,6.5351
319856,39.962741,-75.161352,96,6.5473
319856,39.9629,-75.161315,97,6.5657
319856,39.963141,-75.161264,98,6.593
319856,39.963435,-75.161198,99,6.6264
319856,39.96362,-75.16116,100,6.6476
319856,39.963798,-75.161125,101,6.6679
319856,39.964051,-75.16107,102,6.6963
319856,39.964226,-75.161033,103,6.7165
319856,39.965157,-75.160834,104,6.8219
319856,39.9667,-75.160498,105,6.9972
319856,39.967048,-75.160414,106,7.0368
319856,39.968199,-75.160173,107,7.1673
319856,39.969002,-75.160005,108,7.2584
319856,39.970215,-75.159717,109,7.3965
319856,39.971464,-75.159441,110,7.5384
319856,39.972392,-75.159248,111,7.6436
319856,39.973177,-75.15908,112,7.7327
319856,39.97447,-75.15878,113,7.8798
319856,39.975853,-75.158479,114,8.0369
319856,39.976133,-75.158406,115,8.0694
319856,39.976228,-75.158381,116,8.0796
319856,39.976412,-75.158334,117,8.101
319856,39.976737,-75.158275,118,8.1373
319856,39.976899,-75.158246,119,8.1564
319856,39.977277,-75.158177,120,8.1989
319856,39.97749,-75.158131,121,8.223
319856,39.977638,-75.158098,122,8.2393
319856,39.978403,-75.157931,123,8.3265
319856,39.978523,-75.157905,124,8.3406
319856,39.978668,-75.157873,125,8.3569
319856,39.978913,-75.15782,126,8.3842
319856,39.979167,-75.157765,127,8.4136
319856,39.979558,-75.157686,128,8.458
319856,39.97973,-75.157652,129,8.4772
319856,39.979884,-75.157619,130,8.4945
319856,39.980027,-75.15759,131,8.5106
319856,39.980212,-75.157552,132,8.532
319856,39.980581,-75.157471,133,8.5734
319856,39.980772,-75.157429,134,8.5958
319856,39.98138,-75.157296,135,8.6647
319856,39.981544,-75.15726,136,8.6829
319856,39.981724,-75.157221,137,8.7032
319856,39.981871,-75.157188,138,8.7204
319856,39.982068,-75.157144,139,8.7428
319856,39.982685,-75.157006,140,8.8127
319856,39.982848,-75.15697,141,8.8309
319856,39.983177,-75.156897,142,8.8684
319856,39.983399,-75.156852,143,8.8937
319856,39.983586,-75.156814,144,8.9149
319856,39.983691,-75.156793,145,8.9271
319856,39.984007,-75.156735,146,8.9624
319856,39.984304,-75.156666,147,8.9968
319856,39.984457,-75.15663,148,9.0141
319856,39.984691,-75.156576,149,9.0405
319856,39.985116,-75.156479,150,9.0892
319856,39.985289,-75.15644,151,9.1084
319856,39.985713,-75.156345,152,9.1571
319856,39.98593,-75.156296,153,9.1814
319856,39.98628,-75.156219,154,9.2209
319856,39.986646,-75.156135,155,9.2625
319856,39.986867,-75.156089,156,9.2878
319856,39.987519,-75.155949,157,9.3618
319856,39.98769,-75.155912,158,9.381
319856,39.987899,-75.155868,159,9.4054
319856,39.988226,-75.155796,160,9.4418
319856,39.988419,-75.155755,161,9.4641
319856,39.988848,-75.155661,162,9.5127
319856,39.989014,-75.155625,163,9.532
319856,39.989369,-75.155549,164,9.5714
319856,39.989544,-75.155508,165,9.5918
319856,39.989778,-75.155455,166,9.6181
319856,39.990572,-75.155284,167,9.7082
319856,39.990621,-75.155273,168,9.7143
319856,39.990871,-75.155216,169,9.7427
319856,39.991211,-75.155142,170,9.7812
319856,39.991282,-75.155161,171,9.7894
319856,39.991591,-75.1551,172,9.8238
319856,39.992124,-75.154986,173,9.8846
319856,39.992192,-75.154929,174,9.8941
319856,39.992382,-75.154888,175,9.9153
319856,39.99293,-75.154783,176,9.9779
319856,39.992979,-75.154774,177,9.983
319856,39.993105,-75.154747,178,9.9972
319856,39.993494,-75.154665,179,10.0417
319856,39.993623,-75.154643,180,10.0559
319856,39.99373,-75.154626,181,10.0679
319856,39.993893,-75.154592,182,10.0872
319856,39.993946,-75.154581,183,10.0923
319856,39.993988,-75.154573,184,10.0973
319856,39.994257,-75.154522,185,10.1277
319856,39.994347,-75.154503,186,10.1377
319856,39.99491,-75.154384,187,10.2025
319856,39.995171,-75.154326,188,10.2319
319856,39.99525,-75.154309,189,10.241
319856,39.995539,-75.154246,190,10.2734
319856,39.995919,-75.154162,191,10.3169
319856,39.99601,-75.154142,192,10.3271
319856,39.996066,-75.154125,193,10.3335
319856,39.996446,-75.15402,194,10.3772
319856,39.996774,-75.15393,195,10.415
319856,39.996803,-75.153922,196,10.418
319856,39.997117,-75.153848,197,10.4537
319856,39.99729,-75.153808,198,10.473
319856,39.997758,-75.1537,199,10.5267
319856,39.997907,-75.153643,200,10.5445
319856,39.998146,-75.153611,201,10.5705
319856,39.998329,-75.153578,202,10.5917
319856,39.998341,-75.153575,203,10.5927
319856,39.998545,-75.153536,204,10.6161
319856,39.998746,-75.153489,205,10.6393
319856,39.998869,-75.153464,206,10.6526
319856,39.99897,-75.153444,207,10.6647
319856,39.999362,-75.153359,208,10.7092
319856,39.999531,-75.153323,209,10.7285
319856,39.999749,-75.153273,210,10.7528
319856,39.999995,-75.153218,211,10.7812
319856,40.000403,-75.153131,212,10.8268
319856,40.000578,-75.153094,213,10.847
319856,40.000673,-75.153073,214,10.8582
319856,40.001183,-75.152959,215,10.916
319856,40.001585,-75.152869,216,10.9616
319856,40.002086,-75.15276,217,11.0183
319856,40.002278,-75.152718,218,11.0397
319856,40.00262,-75.152642,219,11.0791
319856,40.002627,-75.152641,220,11.0801
319856,40.002808,-75.1526,221,11.1004
319856,40.003178,-75.152517,222,11.142
319856,40.00333,-75.152487,223,11.1592
319856,40.003615,-75.152426,224,11.1916
319856,40.004152,-75.15231,225,11.2534
319856,40.004309,-75.152277,226,11.2705
319856,40.004667,-75.1522,227,11.3111
319856,40.005039,-75.152119,228,11.3536
319856,40.005249,-75.152073,229,11.3779
319856,40.005786,-75.151957,230,11.4387
319856,40.005976,-75.151915,231,11.4599
319856,40.006164,-75.151874,232,11.4813
319856,40.006527,-75.151795,233,11.5228
319856,40.006694,-75.151759,234,11.542
319856,40.00682,-75.151732,235,11.5563
319856,40.007122,-75.151663,236,11.5897
319856,40.007249,-75.151635,237,11.605
319856,40.007293,-75.151624,238,11.6101
319856,40.007645,-75.151541,239,11.6495
319856,40.007929,-75.151483,240,11.6819
319856,40.008038,-75.15146,241,11.6941
319856,40.008313,-75.151404,242,11.7255
319856,40.008714,-75.151313,243,11.771
319856,40.008922,-75.151269,244,11.7944
319856,40.009235,-75.151203,245,11.8299
319856,40.009566,-75.151129,246,11.8674
319856,40.009962,-75.151045,247,11.9129
319856,40.010056,-75.151024,248,11.923
319856,40.010313,-75.150965,249,11.9524
319856,40.010484,-75.150926,250,11.9718
319856,40.01068,-75.150881,251,11.994
319856,40.010826,-75.150848,252,12.0113
319856,40.011355,-75.150736,253,12.071
319856,40.011523,-75.150701,254,12.0902
319856,40.011612,-75.150683,255,12.1004
319856,40.011695,-75.150663,256,12.1095
319856,40.011863,-75.150623,257,12.1289
319856,40.0121,-75.150567,258,12.1562
319856,40.012307,-75.150533,259,12.1794
319856,40.012401,-75.150508,260,12.1896
319856,40.01273,-75.150437,261,12.227
319856,40.013224,-75.150331,262,12.2838
319856,40.013467,-75.150281,263,12.3111
319856,40.013756,-75.150215,264,12.3436
319856,40.01383,-75.150191,265,12.3519
319856,40.01443,-75.150072,266,12.4204
319856,40.014645,-75.150022,267,12.445
319856,40.014772,-75.149994,268,12.4591
319856,40.014967,-75.14995,269,12.4815
319856,40.015319,-75.14987,270,12.5209
319856,40.015657,-75.1498,271,12.5594
319856,40.015992,-75.149722,272,12.598
319856,40.016197,-75.149681,273,12.6212
319856,40.016333,-75.149652,274,12.6364
319856,40.016926,-75.149525,275,12.7043
319856,40.017329,-75.149437,276,12.7498
319856,40.017635,-75.149369,277,12.7843
319856,40.018007,-75.149287,278,12.8269
319856,40.018471,-75.149177,279,12.8797
319856,40.018828,-75.149101,280,12.9201
319856,40.019221,-75.149018,281,12.9647
319856,40.01956,-75.148946,282,13.0032
319856,40.019726,-75.148912,283,13.0214
319856,40.019777,-75.148901,284,13.0275
319856,40.019835,-75.148889,285,13.0346
319856,40.019892,-75.148876,286,13.0406
319856,40.020047,-75.148839,287,13.0579
319856,40.020134,-75.148817,288,13.0681
319856,40.020255,-75.148789,289,13.0822
319856,40.020384,-75.148761,290,13.0964
319856,40.020421,-75.148755,291,13.1005
319856,40.020603,-75.148716,292,13.1217
319856,40.02071,-75.148693,293,13.1339
319856,40.020939,-75.148643,294,13.1592
319856,40.021105,-75.148608,295,13.1784
319856,40.021268,-75.148573,296,13.1967
319856,40.021471,-75.14853,297,13.22
319856,40.021795,-75.14846,298,13.2564
319856,40.022079,-75.148398,299,13.2889
319856,40.022503,-75.148307,300,13.3374
319856,40.02285,-75.148232,301,13.3769
319856,40.022926,-75.148215,302,13.3851
319856,40.022982,-75.148203,303,13.3912
319856,40.023263,-75.148142,304,13.4236
319856,40.02344,-75.148102,305,13.4438
319856,40.024173,-75.147941,306,13.527
319856,40.024324,-75.147908,307,13.5441
319856,40.024558,-75.147855,308,13.5706
319856,40.024783,-75.147807,309,13.5959
319856,40.024944,-75.147772,310,13.6142
319856,40.02558,-75.147633,311,13.687
319856,40.02569,-75.147609,312,13.6992
319856,40.025774,-75.14759,313,13.7084
319856,40.025962,-75.147549,314,13.7296
319856,40.026145,-75.147509,315,13.7508
319856,40.026283,-75.147477,316,13.7661
319856,40.026402,-75.147452,317,13.7803
319856,40.02653,-75.147424,318,13.7944
319856,40.027187,-75.147279,319,13.8695
319856,40.027276,-75.14726,320,13.8796
319856,40.027435,-75.147223,321,13.8978
319856,40.02764,-75.147176,322,13.9212
319856,40.027756,-75.147151,323,13.9343
319856,40.027896,-75.147123,324,13.9496
319856,40.029834,-75.146701,325,14.1694
319856,40.030143,-75.146636,326,14.2048
319856,40.03026,-75.146613,327,14.218
319856,40.030388,-75.146586,328,14.2331
319856,40.030611,-75.146532,329,14.2586
319856,40.030938,-75.146459,330,14.2951
319856,40.031126,-75.146419,331,14.3163
319856,40.031315,-75.14638,332,14.3375
319856,40.031833,-75.146268,333,14.3973
319856,40.032005,-75.146232,334,14.4165
319856,40.032176,-75.146194,335,14.4359
319856,40.032303,-75.146166,336,14.45
319856,40.032551,-75.146113,337,14.4783
319856,40.032954,-75.146024,338,14.524
319856,40.033372,-75.145932,339,14.5715
319856,40.033732,-75.145853,340,14.6121
319856,40.033919,-75.145812,341,14.6333
319856,40.034093,-75.145775,342,14.6536
319856,40.034568,-75.145671,343,14.7073
319856,40.034908,-75.145598,344,14.7458
319856,40.035123,-75.145551,345,14.7701
319856,40.035263,-75.145521,346,14.7864
319856,40.03563,-75.14544,347,14.8278
319856,40.03597,-75.145366,348,14.8663
319856,40.036573,-75.145234,349,14.9352
319856,40.036863,-75.14517,350,14.9678
319856,40.036992,-75.14514,351,14.9829
319856,40.037298,-75.145069,352,15.0174
319856,40.037602,-75.145,353,15.0519
319856,40.039057,-75.144714,354,15.2167
319856,40.039842,-75.144533,355,15.306
319856,40.041091,-75.144254,356,15.4478
319856,40.041224,-75.144185,357,15.464
319856,40.041278,-75.144126,358,15.4718
319856,40.041322,-75.144055,359,15.4796
319856,40.041331,-75.143924,360,15.4907
319856,40.041318,-75.143699,361,15.5097
319856,40.041236,-75.143044,362,15.5654
319856,40.041098,-75.142018,363,15.6537
319856,40.041,-75.141226,364,15.7216
319856,40.040892,-75.140436,365,15.7897
319856,40.040779,-75.139631,366,15.8587
319856,40.040541,-75.139427,367,15.8906
319856,40.040393,-75.139395,368,15.9079
319856,40.040355,-75.139366,369,15.9124
319856,40.039829,-75.139011,370,15.979
319856,40.039612,-75.138807,371,16.0084
319856,40.039503,-75.138652,372,16.0261
319856,40.039404,-75.13846,373,16.0455
319856,40.039259,-75.137821,374,16.1018
319856,40.039086,-75.136595,375,16.2076
319856,40.039086,-75.136222,376,16.2396
319856,40.039114,-75.136026,377,16.2558
319856,40.039243,-75.135727,378,16.2854
319856,40.039361,-75.135573,379,16.3045
319856,40.039487,-75.135472,380,16.3206
319856,40.039659,-75.135395,381,16.3409
319856,40.040227,-75.135279,382,16.4055
319856,40.040943,-75.135238,383,16.4855
319856,40.041309,-75.135247,384,16.5266
319856,40.041397,-75.135302,385,16.5373
319856,40.041469,-75.135374,386,16.5473
319856,40.041731,-75.135708,387,16.5883
319856,40.04185,-75.136745,388,16.6763
319885,39.951136,-75.153588,1,0.0
319885,39.952176,-75.153359,2,0.1185
319885,39.952301,-75.153333,3,0.1327
319885,39.953159,-75.153148,4,0.2298
319885,39.953649,-75.153039,5,0.2856
319885,39.954079,-75.152943,6,0.3342
319885,39.955022,-75.152745,7,0.4416
319885,39.955608,-75.152958,8,0.509
319885,39.956171,-75.153345,9,0.5802
319885,39.957808,-75.154516,10,0.7887
319885,39.957862,-75.154547,11,0.7954
319885,39.958239,-75.154761,12,0.842
319885,39.958527,-75.154957,13,0.8783
319885,39.958734,-75.155142,14,0.9057
319885,39.959216,-75.155476,15,0.967
319885,39.959593,-75.155771,16,1.0159
319885,39.959696,-75.155849,17,1.0298
319885,39.960263,-75.156289,18,1.1028
319885,39.960422,-75.156414,19,1.1239
319885,39.960848,-75.156748,20,1.1786
319885,39.961732,-75.157451,21,1.2944
319885,39.961786,-75.157489,22,1.3011
319885,39.961846,-75.157535,23,1.3092
319885,39.962013,-75.157668,24,1.3311
319885,39.962522,-75.158076,25,1.398
319885,39.962666,-75.158187,26,1.4169
319885,39.963087,-75.158463,27,1.4692
319885,39.963277,-75.15858,28,1.4925
319885,39.963575,-75.158768,29,1.53
319885,39.963681,-75.158827,30,1.5421
319885,39.963775,-75.158868,31,1.5538
319885,39.963854,-75.1589,32,1.5631
319885,39.964453,-75.159224,33,1.6357
319885,39.965001,-75.159489,34,1.7005
319885,39.966134,-75.160083,35,1.8374
319885,39.966208,-75.160129,36,1.8463
319885,39.966283,-75.160181,37,1.8562
319885,39.966601,-75.160411,38,1.8965
319885,39.966645,-75.160446,39,1.9023
319885,39.9667,-75.160498,40,1.9095
319885,39.967048,-75.160414,41,1.9491
319885,39.968199,-75.160173,42,2.0797
319885,39.969002,-75.160005,43,2.1708
319885,39.970215,-75.159717,44,2.3089
319885,39.971464,-75.159441,45,2.4507
319885,39.972392,-75.159248,46,2.556
319885,39.973177,-75.15908,47,2.6451
319885,39.97447,-75.15878,48,2.7922
319885,39.975853,-75.158479,49,2.9492
319885,39.976133,-75.158406,50,2.9818
319885,39.976228,-75.158381,51,2.992
319885,39.976412,-75.158334,52,3.0134
319885,39.976737,-75.158275,53,3.0497
319885,39.976899,-75.158246,54,3.0688
319885,39.977277,-75.158177,55,3.1112
319885,39.97749,-75.158131,56,3.1354
319885,39.977638,-75.158098,57,3.1517
319885,39.978403,-75.157931,58,3.2388
319885,39.978523,-75.157905,59,3.253
319885,39.978668,-75.157873,60,3.2692
319885,39.978913,-75.15782,61,3.2965
319885,39.979167,-75.157765,62,3.326
319885,39.979558,-75.157686,63,3.3704
319885,39.97973,-75.157652,64,3.3896
319885,39.979884,-75.157619,65,3.4069
319885,39.980027,-75.15759,66,3.423
319885,39.980212,-75.157552,67,3.4444
319885,39.980581,-75.157471,68,3.4858
319885,39.980772,-75.157429,69,3.5082
319885,39.98138,-75.157296,70,3.5771
319885,39.981544,-75.15726,71,3.5953
319885,39.981724,-75.157221,72,3.6155
319885,39.981871,-75.157188,73,3.6328
319885,39.982068,-75.157144,74,3.6552
319885,39.982685,-75.157006,75,3.725
319885,39.982848,-75.15697,76,3.7433
319885,39.983177,-75.156897,77,3.7808
319885,39.983399,-75.156852,78,3.8061
319885,39.983586,-75.156814,79,3.8273
319885,39.983691,-75.156793,80,3.8395
319885,39.984007,-75.156735,81,3.8748
319885,39.984304,-75.156666,82,3.9092
319885,39.984457,-75.15663,83,3.9264
319885,39.984691,-75.156576,84,3.9529
319885,39.985116,-75.156479,85,4.0016
319885,39.985289,-75.15644,86,4.0208
319885,39.985713,-75.156345,87,4.0695
319885,39.98593,-75.156296,88,4.0938
319885,39.98628,-75.156219,89,4.1333
319885,39.986646,-75.156135,90,4.1749
319885,39.986867,-75.156089,91,4.2002
319885,39.987519,-75.155949,92,4.2742
319885,39.98769,-75.155912,93,4.2934
319885,39.987899,-75.155868,94,4.3177
319885,39.988226,-75.155796,95,4.3542
319885,39.988419,-75.155755,96,4.3764
319885,39.988848,-75.155661,97,4.4251
319885,39.989014,-75.155625,98,4.4443
319885,39.989369,-75.155549,99,4.4838
319885,39.989544,-75.155508,100,4.5042
319885,39.989778,-75.155455,101,4.5305
319885,39.990572,-75.155284,102,4.6206
319885,39.990621,-75.155273,103,4.6267
319885,39.990871,-75.155216,104,4.6551
319885,39.991211,-75.155142,105,4.6936
319885,39.991282,-75.155161,106,4.7018
319885,39.991591,-75.1551,107,4.7362
319885,39.992124,-75.154986,108,4.797
319885,39.992192,-75.154929,109,4.8064
319885,39.992382,-75.154888,110,4.8277
319885,39.99293,-75.154783,111,4.8903
319885,39.992979,-75.154774,112,4.8954
319885,39.993105,-75.154747,113,4.9095
319885,39.993494,-75.154665,114,4.9541
319885,39.993623,-75.154643,115,4.9682
319885,39.99373,-75.154626,116,4.9803
319885,39.993893,-75.154592,117,4.9995
319885,39.993946,-75.154581,118,5.0046
319885,39.993988,-75.154573,119,5.0096
319885,39.994257,-75.154522,120,5.04
319885,39.994347,-75.154503,121,5.0501
319885,39.99491,-75.154384,122,5.1149
319885,39.995171,-75.154326,123,5.1443
319885,39.99525,-75.154309,124,5.1533
319885,39.995539,-75.154246,125,5.1857
319885,39.995919,-75.154162,126,5.2293
319885,39.99601,-75.154142,127,5.2395
319885,39.996066,-75.154125,128,5.2458
319885,39.996446,-75.15402,129,5.2896
319885,39.996774,-75.15393,130,5.3274
319885,39.996803,-75.153922,131,5.3304
319885,39.997117,-75.153848,132,5.3661
319885,39.99729,-75.153808,133,5.3853
319885,39.997758,-75.1537,134,5.4391
319885,39.997907,-75.153643,135,5.4568
319885,39.998146,-75.153611,136,5.4829
319885,39.998329,-75.153578,137,5.5041
319885,39.998341,-75.153575,138,5.5051
319885,39.998545,-75.153536,139,5.5285
319885,39.998746,-75.153489,140,5.5516
319885,39.998869,-75.153464,141,5.565
319885,39.99897,-75.153444,142,5.577
319885,39.999362,-75.153359,143,5.6216
319885,39.999531,-75.153323,144,5.6408
319885,39.999749,-75.153273,145,5.6652
319885,39.999995,-75.153218,146,5.6936
319885,40.000403,-75.153131,147,5.7391
319885,40.000578,-75.153094,148,5.7594
319885,40.000673,-75.153073,149,5.7705
319885,40.001183,-75.152959,150,5.8284
319885,40.001585,-75.152869,151,5.874
319885,40.002086,-75.15276,152,5.9307
319885,40.002278,-75.152718,153,5.952
319885,40.00262,-75.152642,154,5.9915
319885,40.002627,-75.152641,155,5.9925
319885,40.002808,-75.1526,156,6.0127
319885,40.003178,-75.152517,157,6.0543
319885,40.00333,-75.152487,158,6.0716
319885,40.003615,-75.152426,159,6.104
319885,40.004152,-75.15231,160,6.1658
319885,40.004309,-75.152277,161,6.1829
319885,40.004667,-75.1522,162,6.2235
319885,40.005039,-75.152119,163,6.2659
319885,40.005249,-75.152073,164,6.2903
319885,40.005786,-75.151957,165,6.3511
319885,40.005976,-75.151915,166,6.3723
319885,40.006164,-75.151874,167,6.3937
319885,40.006527,-75.151795,168,6.4351
319885,40.006694,-75.151759,169,6.4544
319885,40.00682,-75.151732,170,6.4687
319885,40.007122,-75.151663,171,6.5021
319885,40.007249,-75.151635,172,6.5174
319885,40.007293,-75.151624,173,6.5225
319885,40.007645,-75.151541,174,6.5619
319885,40.007929,-75.151483,175,6.5943
319885,40.008038,-75.15146,176,6.6065
319885,40.008313,-75.151404,177,6.6379
319885,40.008714,-75.151313,178,6.6834
319885,40.008922,-75.151269,179,6.7068
319885,40.009235,-75.151203,180,6.7423
319885,40.009566,-75.151129,181,6.7797
319885,40.009962,-75.151045,182,6.8253
319885,40.010056,-75.151024,183,6.8353
319885,40.010313,-75.150965,184,6.8648
319885,40.010484,-75.150926,185,6.8842
319885,40.01068,-75.150881,186,6.9064
319885,40.010826,-75.150848,187,6.9236
319885,40.011355,-75.150736,188,6.9833
319885,40.011523,-75.150701,189,7.0026
319885,40.011612,-75.150683,190,7.0128
319885,40.011695,-75.150663,191,7.0218
319885,40.011863,-75.150623,192,7.0412
319885,40.0121,-75.150567,193,7.0685
319885,40.012307,-75.150533,194,7.0917
319885,40.012401,-75.150508,195,7.1019
319885,40.01273,-75.150437,196,7.1394
319885,40.013224,-75.150331,197,7.1961
319885,40.013467,-75.150281,198,7.2234
319885,40.013756,-75.150215,199,7.256
319885,40.01383,-75.150191,200,7.2642
319885,40.01443,-75.150072,201,7.3328
319885,40.014645,-75.150022,202,7.3573
319885,40.014772,-75.149994,203,7.3715
319885,40.014967,-75.14995,204,7.3938
319885,40.015319,-75.14987,205,7.4333
319885,40.015657,-75.1498,206,7.4718
319885,40.015992,-75.149722,207,7.5104
319885,40.016197,-75.149681,208,7.5336
319885,40.016333,-75.149652,209,7.5487
319885,40.016926,-75.149525,210,7.6166
319885,40.017329,-75.149437,211,7.6622
319885,40.017635,-75.149369,212,7.6967
319885,40.018007,-75.149287,213,7.7393
319885,40.018471,-75.149177,214,7.792
319885,40.018828,-75.149101,215,7.8325
319885,40.019221,-75.149018,216,7.877
319885,40.01956,-75.148946,217,7.9155
319885,40.019726,-75.148912,218,7.9338
319885,40.019777,-75.148901,219,7.9398
319885,40.019835,-75.148889,220,7.9469
319885,40.019892,-75.148876,221,7.953
319885,40.020047,-75.148839,222,7.9703
319885,40.020134,-75.148817,223,7.9805
319885,40.020255,-75.148789,224,7.9946
319885,40.020384,-75.148761,225,8.0087
319885,40.020421,-75.148755,226,8.0129
319885,40.020603,-75.148716,227,8.0341
319885,40.02071,-75.148693,228,8.0462
319885,40.020939,-75.148643,229,8.0716
319885,40.021105,-75.148608,230,8.0908
319885,40.021268,-75.148573,231,8.1091
319885,40.021471,-75.14853,232,8.1324
319885,40.021795,-75.14846,233,8.1687
319885,40.022079,-75.148398,234,8.2013
319885,40.022503,-75.148307,235,8.2498
319885,40.02285,-75.148232,236,8.2893
319885,40.022926,-75.148215,237,8.2975
319885,40.022982,-75.148203,238,8.3036
319885,40.023263,-75.148142,239,8.336
319885,40.02344,-75.148102,240,8.3562
319885,40.024173,-75.147941,241,8.4394
319885,40.024324,-75.147908,242,8.4565
319885,40.024558,-75.147855,243,8.483
319885,40.024783,-75.147807,244,8.5083
319885,40.024944,-75.147772,245,8.5266
319885,40.02558,-75.147633,246,8.5994
319885,40.02569,-75.147609,247,8.6116
319885,40.025774,-75.14759,248,8.6208
319885,40.025962,-75.147549,249,8.642
319885,40.026145,-75.147509,250,8.6632
319885,40.026283,-75.147477,251,8.6785
319885,40.026402,-75.147452,252,8.6926
319885,40.02653,-75.147424,253,8.7068
319885,40.027187,-75.147279,254,8.7819
319885,40.027276,-75.14726,255,8.792
319885,40.027435,-75.147223,256,8.8102
319885,40.02764,-75.147176,257,8.8336
319885,40.027756,-75.147151,258,8.8467
319885,40.027896,-75.147123,259,8.862
319885,40.029834,-75.146701,260,9.0818
319885,40.030143,-75.146636,261,9.1172
319885,40.03026,-75.146613,262,9.1303
319885,40.030388,-75.146586,263,9.1455
319885,40.030611,-75.146532,264,9.1709
319885,40.030938,-75.146459,265,9.2074
319885,40.031126,-75.146419,266,9.2287
319885,40.031315,-75.14638,267,9.2499
319885,40.031833,-75.146268,268,9.3097
319885,40.032005,-75.146232,269,9.3288
319885,40.032176,-75.146194,270,9.3482
319885,40.032303,-75.146166,271,9.3624
319885,40.032551,-75.146113,272,9.3907
319885,40.032954,-75.146024,273,9.4364
319885,40.033372,-75.145932,274,9.4839
319885,40.033732,-75.145853,275,9.5245
319885,40.033919,-75.145812,276,9.5457
319885,40.034093,-75.145775,277,9.5659
319885,40.034568,-75.145671,278,9.6197
319885,40.034908,-75.145598,279,9.6582
319885,40.035123,-75.145551,280,9.6825
319885,40.035263,-75.145521,281,9.6988
319885,40.03563,-75.14544,282,9.7402
319885,40.03597,-75.145366,283,9.7787
319885,40.036573,-75.145234,284,9.8476
319885,40.036863,-75.14517,285,9.8801
319885,40.036992,-75.14514,286,9.8953
319885,40.037298,-75.145069,287,9.9298
319885,40.037602,-75.145,288,9.9643
319885,40.039057,-75.144714,289,10.1291
319885,40.039842,-75.144533,290,10.2183
319885,40.041091,-75.144254,291,10.3602
319885,40.041224,-75.144185,292,10.3764
319885,40.041278,-75.144126,293,10.3842
319885,40.041322,-75.144055,294,10.392
319885,40.041331,-75.143924,295,10.403
319885,40.041318,-75.143699,296,10.4221
319885,40.041236,-75.143044,297,10.4778
319885,40.041098,-75.142018,298,10.5661
319885,40.041,-75.141226,299,10.634
319885,40.040892,-75.140436,300,10.702
319885,40.040779,-75.139631,301,10.7711
319885,40.040541,-75.139427,302,10.803
319885,40.040393,-75.139395,303,10.8203
319885,40.040355,-75.139366,304,10.8247
319885,40.039829,-75.139011,305,10.8914
319885,40.039612,-75.138807,306,10.9208
319885,40.039503,-75.138652,307,10.9385
319885,40.039404,-75.13846,308,10.9579
319885,40.039259,-75.137821,309,11.0142
319885,40.039086,-75.136595,310,11.1199
319885,40.039086,-75.136222,311,11.1519
319885,40.039114,-75.136026,312,11.1682
319885,40.039243,-75.135727,313,11.1977
319885,40.039361,-75.135573,314,11.2168
319885,40.039487,-75.135472,315,11.233
319885,40.039659,-75.135395,316,11.2532
319885,40.040227,-75.135279,317,11.3178
319885,40.040943,-75.135238,318,11.3979
319885,40.041309,-75.135247,319,11.4389
319885,40.041397,-75.135302,320,11.4497
319885,40.041469,-75.135374,321,11.4597
319885,40.041731,-75.135708,322,11.5007
319885,40.04185,-75.136745,323,11.5887
319900,40.023039,-75.077993,1,0.0
319900,40.022181,-75.078767,2,0.1168
319900,40.021832,-75.078936,3,0.1582
319900,40.021729,-75.079042,4,0.1732
319900,40.021381,-75.079383,5,0.2218
319900,40.02082,-75.079901,6,0.2981
319900,40.020289,-75.080393,7,0.3705
319900,40.019755,-75.080882,8,0.4432
319900,40.019116,-75.081477,9,0.5308
319900,40.018574,-75.081977,10,0.6049
319900,40.017868,-75.082625,11,0.7006
319900,40.017797,-75.08269,12,0.7106
319900,40.016767,-75.083651,13,0.8521
319900,40.016591,-75.083823,14,0.8765
319900,40.01654,-75.083869,15,0.8829
319900,40.016494,-75.083907,16,0.8896
319900,40.015958,-75.08437,17,0.9611
319900,40.015688,-75.084623,18,0.9984
319900,40.014765,-75.085483,19,1.1248
319900,40.014426,-75.085803,20,1.1715
319900,40.013863,-75.086325,21,1.2483
319900,40.013531,-75.08663,22,1.293
319900,40.012519,-75.087543,23,1.4305
319900,40.012426,-75.087627,24,1.4436
319900,40.012217,-75.087831,25,1.4728
319900,40.012046,-75.087966,26,1.4947
319900,40.011882,-75.088079,27,1.5157
319900,40.011738,-75.088172,28,1.5336
319900,40.011386,-75.088396,29,1.577
319900,40.011247,-75.088482,30,1.5945
319900,40.011029,-75.088616,31,1.6213
319900,40.010912,-75.088693,32,1.6356
319900,40.010175,-75.089199,33,1.7287
319900,40.010085,-75.089257,34,1.7398
319900,40.009892,-75.089383,35,1.7644
319900,40.009873,-75.089396,36,1.7667
319900,40.009768,-75.08948,37,1.7806
319900,40.009668,-75.08958,38,1.7948
319900,40.009619,-75.089633,39,1.802
319900,40.009575,-75.089687,40,1.8091
319900,40.009544,-75.089727,41,1.8133
319900,40.009454,-75.089855,42,1.8282
319900,40.009343,-75.090043,43,1.8488
319900,40.009265,-75.090186,44,1.8632
319900,40.00897,-75.090713,45,1.9188
319900,40.008598,-75.0914,46,1.9904
319900,40.00853,-75.091526,47,2.0035
319900,40.00825,-75.092038,48,2.0571
319900,40.007956,-75.092593,49,2.1145
319900,40.007388,-75.093595,50,2.2201
319900,40.007161,-75.094013,51,2.2639
319900,40.007104,-75.094112,52,2.2745
319900,40.006682,-75.094888,53,2.3548
319900,40.005851,-75.096417,54,2.5152
319900,40.005582,-75.09689,55,2.5644
319900,40.004977,-75.097989,56,2.6796
319900,40.004214,-75.099375,57,2.8248
319900,40.003599,-75.100501,58,2.9422
319900,40.003192,-75.101252,59,3.021
319900,40.002998,-75.101607,60,3.0582
319900,40.002866,-75.101852,61,3.0832
319900,40.002812,-75.101948,62,3.0932
319900,40.002652,-75.102257,63,3.1249
319900,40.00235,-75.102813,64,3.1829
319900,40.00221,-75.103073,65,3.2101
319900,40.002122,-75.103229,66,3.2273
319900,40.001892,-75.103641,67,3.2701
319900,40.001602,-75.104152,68,3.3237
319900,40.001543,-75.104255,69,3.3351
319900,40.001469,-75.104385,70,3.3487
319900,40.001228,-75.10481,71,3.3937
319900,40.000898,-75.105423,72,3.4575
319900,40.000319,-75.106458,73,3.5667
319900,39.999683,-75.107632,74,3.6885
319900,39.999404,-75.108153,75,3.7429
319900,39.999069,-75.108749,76,3.8051
319900,39.998746,-75.109336,77,3.8673
319900,39.998447,-75.109878,78,3.9239
319900,39.998146,-75.110428,79,3.9812
319900,39.997842,-75.110971,80,4.0384
319900,39.997484,-75.111617,81,4.107
319900,39.997198,-75.112149,82,4.1614
319900,39.996887,-75.112741,83,4.2224
319900,39.996643,-75.113211,84,4.2707
319900,39.996569,-75.113329,85,4.2841
319900,39.996496,-75.113463,86,4.2977
319900,39.996175,-75.11403,87,4.3577
319900,39.995928,-75.11446,88,4.4041
319900,39.995681,-75.114905,89,4.4505
319900,39.995272,-75.115653,90,4.5285
319900,39.995218,-75.115742,91,4.5385
319900,39.995191,-75.115788,92,4.5435
319900,39.994077,-75.117825,93,4.7561
319900,39.993953,-75.118055,94,4.7797
319900,39.99387,-75.118197,95,4.7954
319900,39.993818,-75.118297,96,4.8057
319900,39.993697,-75.118515,97,4.8285
319900,39.993032,-75.11974,98,4.9559
319900,39.99287,-75.120035,99,4.9867
319900,39.992692,-75.12034,100,5.0195
319900,39.992396,-75.120882,101,5.0761
319900,39.992084,-75.121456,102,5.1361
319900,39.992018,-75.121567,103,5.1483
319900,39.991966,-75.121667,104,5.1583
319900,39.991771,-75.121983,105,5.1931
319900,39.991448,-75.122507,106,5.25
319900,39.991167,-75.123009,107,5.3028
319900,39.990815,-75.123654,108,5.3702
319900,39.990652,-75.123943,109,5.4008
319900,39.990485,-75.124242,110,5.4316
319900,39.990429,-75.124342,111,5.443
319900,39.990387,-75.124415,112,5.4502
319900,39.990382,-75.124425,113,5.4516
319900,39.990319,-75.124552,114,5.4647
319900,39.990294,-75.124611,115,5.4705
319900,39.990254,-75.124676,116,5.4769
319900,39.99013,-75.124867,117,5.4982
319900,39.98985,-75.125404,118,5.5542
319900,39.989817,-75.125466,119,5.5606
319900,39.98972,-75.125652,120,5.58
319900,39.989554,-75.125937,121,5.61
319900,39.989298,-75.126419,122,5.6594
319900,39.989058,-75.126849,123,5.7052
319900,39.988823,-75.127294,124,5.7505
319900,39.988479,-75.127913,125,5.8155
319900,39.988174,-75.128478,126,5.8749
319900,39.987544,-75.129599,127,5.9929
319900,39.987378,-75.129911,128,6.0251
319900,39.987216,-75.130218,129,6.0567
319900,39.987066,-75.130479,130,6.0845
319900,39.986929,-75.130723,131,6.1109
319900,39.986775,-75.13101,132,6.1403
319900,39.986601,-75.131335,133,6.1739
319900,39.986452,-75.131609,134,6.2028
319900,39.986435,-75.131641,135,6.2056
319900,39.986362,-75.131739,136,6.2176
319900,39.986284,-75.131834,137,6.2297
319900,39.986238,-75.131852,138,6.2348
319900,39.986183,-75.131872,139,6.2421
319900,39.986098,-75.131896,140,6.2513
319900,39.986047,-75.131909,141,6.2574
319900,39.985277,-75.132044,142,6.3441
319900,39.984777,-75.132145,143,6.4006
319900,39.984723,-75.132155,144,6.4067
319900,39.98467,-75.132171,145,6.413
319900,39.983208,-75.132505,146,6.5792
319900,39.983018,-75.132547,147,6.6006
319900,39.982806,-75.132591,148,6.6248
319900,39.981635,-75.132838,149,6.7575
319900,39.981561,-75.132857,150,6.7665
319900,39.981367,-75.132893,151,6.7877
319900,39.980118,-75.133168,152,6.9296
319900,39.979172,-75.133378,153,7.0371
319900,39.978626,-75.133487,154,7.0998
319900,39.977129,-75.133811,155,7.269
319900,39.976507,-75.133941,156,7.3397
319900,39.976352,-75.133972,157,7.3579
319900,39.976149,-75.134014,158,7.3803
319900,39.975274,-75.134199,159,7.4794
319900,39.974987,-75.134283,160,7.5132
319900,39.974768,-75.134356,161,7.5379
319900,39.974522,-75.134433,162,7.5665
319900,39.97426,-75.134511,163,7.5964
319900,39.974219,-75.134524,164,7.6015
319900,39.974131,-75.134553,165,7.6117
319900,39.974011,-75.13459,166,7.6253
319900,39.973054,-75.134888,167,7.7349
319900,39.972856,-75.134947,168,7.7585
319900,39.972778,-75.134973,169,7.767
319900,39.971843,-75.135264,170,7.8747
319900,39.970633,-75.135652,171,8.0144
319900,39.970338,-75.135742,172,8.0484
319900,39.969919,-75.135874,173,8.0966
319900,39.969398,-75.136037,174,8.1561
319900,39.968885,-75.136191,175,8.2155
319900,39.968173,-75.136423,176,8.298
319900,39.967979,-75.136479,177,8.3194
319900,39.967688,-75.136571,178,8.3533
319900,39.967289,-75.136685,179,8.3994
319900,39.96705,-75.13676,180,8.4271
319900,39.966538,-75.13692,181,8.4855
319900,39.966238,-75.137008,182,8.5205
319900,39.965641,-75.137198,183,8.5891
319900,39.965318,-75.137311,184,8.6265
319900,39.965268,-75.137325,185,8.6316
319900,39.965014,-75.137408,186,8.6614
319900,39.964873,-75.137544,187,8.6808
319900,39.964116,-75.138268,188,8.7855
319900,39.963466,-75.138778,189,8.8702
319900,39.962566,-75.139408,190,8.9842
319900,39.961576,-75.139931,191,9.1036
319900,39.96056,-75.140396,192,9.2241
319900,39.959427,-75.140637,193,9.3527
319900,39.957652,-75.140975,194,9.5537
319900,39.955921,-75.141123,195,9.748
319900,39.954966,-75.141304,196,9.8561
319900,39.95402,-75.141308,197,9.9621
319900,39.952806,-75.141313,198,10.0981
319900,39.951039,-75.141344,199,10.2961
319900,39.950388,-75.141441,200,10.3695
319900,39.950094,-75.141607,201,10.4054
319900,39.94988,-75.141915,202,10.4408
319900,39.949774,-75.142152,203,10.4641
319900,39.949685,-75.142518,204,10.4966
319900,39.949731,-75.142908,205,10.53
319900,39.949822,-75.14371,206,10.5988
319900,39.94998,-75.14433,207,10.6547
319900,39.950053,-75.144888,208,10.7024
319900,39.950095,-75.145232,209,10.7318
319900,39.950148,-75.145686,210,10.7712
319900,39.950345,-75.147266,211,10.9069
319900,39.950561,-75.148932,212,11.05
319900,39.950575,-75.14905,213,11.06
319900,39.950654,-75.149662,214,11.1128
319900,39.950684,-75.149896,215,11.133
319900,39.950728,-75.150241,216,11.1625
319900,39.950745,-75.150392,217,11.1756
319900,39.950947,-75.152006,218,11.3134
319900,39.951015,-75.152576,219,11.363
319900,39.951136,-75.153588,220,11.449
319900,39.95133,-75.155166,221,11.5846
319900,39.951422,-75.155914,222,11.6486
319900,39.951515,-75.156735,223,11.7193
319900,39.951724,-75.158313,224,11.8553
319900,39.951868,-75.159564,225,11.9625
319900,39.951909,-75.159921,226,11.9927
319900,39.952044,-75.161024,227,12.0869
319900,39.952096,-75.16145,228,12.1234
319900,39.952182,-75.162149,229,12.1841
319900,39.952201,-75.162303,230,12.1973
319900,39.952605,-75.165283,231,12.4532
319900,39.95268,-75.165883,232,12.5049
319900,39.952799,-75.166846,233,12.5879
319900,39.952852,-75.167228,234,12.6204
319900,39.952995,-75.168415,235,12.7227
319900,39.953061,-75.168977,236,12.7702
319900,39.953182,-75.170006,237,12.8582
319900,39.953251,-75.170544,238,12.9049
319900,39.953379,-75.171562,239,12.992
319900,39.953445,-75.172081,240,13.0366
319900,39.953582,-75.173169,241,13.1298
319900,39.95365,-75.173745,242,13.1794
319900,39.95369,-75.17408,243,13.2077
319900,39.953735,-75.174455,244,13.2401
319900,39.95381,-75.175078,245,13.2939
319900,39.95395,-75.176172,246,13.3881
319900,39.954014,-75.176662,247,13.4297
319900,39.95407,-75.177129,248,13.4701
319900,39.954095,-75.177334,249,13.4874
319900,39.954153,-75.177816,250,13.5288
319900,39.954219,-75.178332,251,13.5735
319900,39.95433,-75.179219,252,13.6495
319900,39.954367,-75.179515,253,13.6748
319900,39.954397,-75.179741,254,13.694
319900,39.954437,-75.180082,255,13.7235
319900,39.954488,-75.180514,256,13.7608
319900,39.954538,-75.180951,257,13.7983
319900,39.954544,-75.181012,258,13.8033
319900,39.954546,-75.181051,259,13.8064
319900,39.954557,-75.181099,260,13.8106
319900,39.954564,-75.181159,261,13.8157
319900,39.954567,-75.181185,262,13.8177
319900,39.95457,-75.181202,263,13.8197
319900,39.954583,-75.181302,264,13.8279
319900,39.9547,-75.182124,265,13.8991
319900,39.954771,-75.182669,266,13.9458
319900,39.954843,-75.183249,267,13.9954
319900,39.954848,-75.183297,268,13.9994
319900,39.954859,-75.183377,269,14.0065
319900,39.954865,-75.18342,270,14.0106
319900,39.954893,-75.183652,271,14.0299
319900,39.954999,-75.184521,272,14.1048
319900,39.955026,-75.184745,273,14.1241
319900,39.955058,-75.185004,274,14.1463
319900,39.955068,-75.18508,275,14.1524
319900,39.955073,-75.18511,276,14.1555
319900,39.955079,-75.185148,277,14.1587
319900,39.955104,-75.18536,278,14.1768
319900,39.955133,-75.185608,279,14.198
319900,39.955222,-75.186349,280,14.2618
319900,39.955251,-75.186583,281,14.282
319900,39.955287,-75.186872,282,14.3064
319900,39.955314,-75.187086,283,14.3246
319900,39.955329,-75.187221,284,14.3368
319900,39.955362,-75.187525,285,14.3621
319900,39.955382,-75.187671,286,14.3752
319900,39.9554,-75.187807,287,14.3864
319900,39.955453,-75.188254,288,14.4249
319900,39.955528,-75.188834,289,14.4745
319900,39.955546,-75.188979,290,14.4877
319900,39.955611,-75.189486,291,14.5313
319900,39.955698,-75.190183,292,14.5911
319900,39.95572,-75.190357,293,14.6052
319900,39.955776,-75.190799,294,14.6437
319900,39.955861,-75.19147,295,14.7016
319900,39.955895,-75.19174,296,14.7239
319900,39.955924,-75.191978,297,14.7452
319900,39.956089,-75.193291,298,14.8576
319900,39.956123,-75.193559,299,14.881
319900,39.956199,-75.194159,300,14.9316
319900,39.956282,-75.194854,301,14.9913
319900,39.956306,-75.195059,302,15.0095
319900,39.956381,-75.195685,303,15.0631
319900,39.956401,-75.195849,304,15.0773
319900,39.956433,-75.196118,305,15.0996
319900,39.956472,-75.196433,306,15.1269
319900,39.956495,-75.196614,307,15.1422
319900,39.956545,-75.197015,308,15.1766
319900,39.956578,-75.197276,309,15.1989
319900,39.956669,-75.198006,310,15.2617
319900,39.956678,-75.198072,311,15.2678
319900,39.956685,-75.198133,312,15.2729
319900,39.956738,-75.198588,313,15.3124
319900,39.956812,-75.199215,314,15.366
319900,39.95686,-75.199615,315,15.4004
319900,39.956924,-75.200139,316,15.4449
319900,39.956945,-75.200304,317,15.459
319900,39.957015,-75.200866,318,15.5077
319900,39.957043,-75.201091,319,15.5269
319900,39.95715,-75.201955,320,15.6009
319900,39.95718,-75.202213,321,15.6231
319900,39.957234,-75.202666,322,15.6616
319900,39.957298,-75.203174,323,15.7052
319900,39.95733,-75.203428,324,15.7275
319900,39.957396,-75.203926,325,15.7701
319900,39.957428,-75.204168,326,15.7905
319900,39.957505,-75.204836,327,15.8481
319900,39.957532,-75.205061,328,15.8673
319900,39.957574,-75.205396,329,15.8957
319900,39.957598,-75.205599,330,15.913
319900,39.957657,-75.206075,331,15.9544
319900,39.957719,-75.206556,332,15.996
319900,39.957744,-75.206748,333,16.0123
319900,39.957892,-75.207883,334,16.1096
319900,39.957926,-75.208137,335,16.131
319900,39.958191,-75.208715,336,16.1879
319900,39.958441,-75.209186,337,16.2368
319900,39.958477,-75.209257,338,16.244
319900,39.958531,-75.209351,339,16.254
319900,39.958567,-75.209458,340,16.2638
319900,39.95857,-75.209608,341,16.2769
319900,39.95854,-75.212538,342,16.5249
319900,39.958549,-75.212992,343,16.5639
319900,39.958582,-75.213398,344,16.5981
319900,39.958593,-75.213531,345,16.6091
319900,39.958594,-75.21355,346,16.6113
319900,39.95865,-75.214018,347,16.6518
319900,39.958818,-75.21547,348,16.7761
319900,39.959025,-75.216997,349,16.9071
319900,39.95929,-75.219128,350,17.0894
319900,39.959397,-75.219919,351,17.1575
319900,39.959497,-75.220804,352,17.2333
319900,39.959614,-75.221725,353,17.3124
319900,39.959669,-75.222221,354,17.3548
319900,39.959741,-75.222847,355,17.4084
319900,39.959885,-75.223909,356,17.4998
319900,39.960009,-75.224888,357,17.584
319900,39.960252,-75.226863,358,17.7542
319900,39.960395,-75.227953,359,17.8475
319900,39.960484,-75.228625,360,17.9052
319900,39.960561,-75.229236,361,17.958
319900,39.960626,-75.229775,362,18.0036
319900,39.960668,-75.230106,363,18.032
319900,39.960682,-75.230218,364,18.042
319900,39.960744,-75.230725,365,18.0856
319900,39.960755,-75.230786,366,18.0907
319900,39.960761,-75.230837,367,18.0948
319900,39.960842,-75.231513,368,18.1525
319900,39.960981,-75.232665,369,18.2517
319900,39.961005,-75.232844,370,18.267
319900,39.961239,-75.234877,371,18.4409
319900,39.961499,-75.236803,372,18.6075
319900,39.961741,-75.238794,373,18.7776
319900,39.961818,-75.239437,374,18.8332
319900,39.961901,-75.24004,375,18.885
319900,39.961985,-75.240746,376,18.9458
319900,39.962227,-75.242734,377,19.1158
319900,39.962309,-75.243383,378,19.1716
319900,39.962382,-75.244031,379,19.2273
319900,39.962474,-75.244701,380,19.2842
319900,39.9627,-75.246381,381,19.4293
319900,39.962744,-75.246757,382,19.4617
319900,39.962755,-75.246877,383,19.4718
319900,39.962767,-75.247096,384,19.4898
319900,39.962824,-75.247675,385,19.5392
319900,39.962852,-75.247852,386,19.5547
319900,39.962889,-75.248091,387,19.5761
319900,39.962903,-75.248159,388,19.5812
319900,39.96293,-75.248391,389,19.6014
319900,39.962971,-75.248583,390,19.6182
319900,39.963111,-75.248973,391,19.6544
319900,39.963204,-75.249206,392,19.6772
319900,39.963292,-75.249365,393,19.6944
319900,39.963402,-75.24957,394,19.7153
319900,39.963727,-75.250005,395,19.7669
319900,39.963998,-75.250429,396,19.8144
319900,39.964074,-75.250616,397,19.8323
319900,39.964123,-75.250802,398,19.8481
319900,39.964194,-75.251222,399,19.885
319900,39.964395,-75.25222,400,19.973
319900,39.964507,-75.252867,401,20.0283
319900,39.964581,-75.253335,402,20.0691
319900,39.964601,-75.253817,403,20.1102
319900,39.964568,-75.254223,404,20.1445
319900,39.964511,-75.254519,405,20.1704
319900,39.964461,-75.254745,406,20.1901
319900,39.964401,-75.254975,407,20.2113
319900,39.964193,-75.255489,408,20.26
319900,39.963343,-75.256853,409,20.4106
319900,39.962551,-75.257969,410,20.5401
319900,39.962482,-75.258111,411,20.5545
319900,39.962464,-75.258238,412,20.5657
319900,39.962472,-75.258395,413,20.5787
319900,39.962488,-75.258592,414,20.5958
319900,39.962505,-75.258804,415,20.6139
319900,39.962519,-75.258985,416,20.629
319900,39.962551,-75.25938,417,20.6622
319900,39.962598,-75.259987,418,20.7144
319900,39.962646,-75.260139,419,20.7288
319900,39.96294,-75.260522,420,20.774
319900,39.963092,-75.260787,421,20.8026
319900,39.96313,-75.261009,422,20.8213
319900,39.963113,-75.261128,423,20.8315
319900,39.963074,-75.261245,424,20.8427
319900,39.96299,-75.261363,425,20.8561
319900,39.962869,-75.261436,426,20.8718
319900,39.96281,-75.261457,427,20.8779
319900,39.962663,-75.261464,428,20.8949
319900,39.962573,-75.261443,429,20.9051
319900,39.962461,-75.26138,430,20.9181
319900,39.96241,-75.261338,431,20.9253
319900,39.962357,-75.261263,432,20.9338
319900,39.962295,-75.261085,433,20.9503
319900,39.962281,-75.260978,434,20.9594
319900,39.962295,-75.260854,435,20.9704
319900,39.962342,-75.260594,436,20.993
319900,39.962429,-75.260414,437,21.011
319900,39.962482,-75.260213,438,21.0291
319900,39.962505,-75.260061,439,21.0424
319900,39.962374,-75.258636,440,21.1643
319900,39.962367,-75.258548,441,21.1713
319822,40.04185,-75.136745,1,0.0
319822,40.04194,-75.137526,2,0.0677
319822,40.041914,-75.137749,3,0.086
319822,40.041867,-75.137995,4,0.1076
319822,40.04177,-75.138216,5,0.1295
319822,40.041621,-75.138455,6,0.1558
319822,40.041429,-75.138733,7,0.1869
319822,40.041292,-75.138983,8,0.2141
319822,40.041183,-75.13914,9,0.2318
319822,40.041038,-75.139282,10,0.2518
319822,40.04091,-75.139374,11,0.2684
319822,40.040785,-75.139635,12,0.2945
319822,40.040892,-75.140436,13,0.3635
319822,40.041,-75.141226,14,0.4316
319822,40.041098,-75.142018,15,0.4995
319822,40.041236,-75.143044,16,0.5877
319822,40.041318,-75.143699,17,0.6435
319822,40.041331,-75.143924,18,0.6625
319822,40.041322,-75.144055,19,0.6736
319822,40.041278,-75.144126,20,0.6814
319822,40.041224,-75.144185,21,0.6892
319822,40.041091,-75.144254,22,0.7053
319822,40.039842,-75.144533,23,0.8472
319822,40.039057,-75.144714,24,0.9365
319822,40.037602,-75.145,25,1.1012
319822,40.037298,-75.145069,26,1.1358
319822,40.036992,-75.14514,27,1.1703
319822,40.036863,-75.14517,28,1.1854
319822,40.036573,-75.145234,29,1.218
319822,40.03597,-75.145366,30,1.2869
319822,40.03563,-75.14544,31,1.3253
319822,40.035263,-75.145521,32,1.3668
319822,40.035123,-75.145551,33,1.383
319822,40.034908,-75.145598,34,1.4074
319822,40.034568,-75.145671,35,1.4458
319822,40.034093,-75.145775,36,1.4996
319822,40.033919,-75.145812,37,1.5198
319822,40.033732,-75.145853,38,1.541
319822,40.033372,-75.145932,39,1.5816
319822,40.032954,-75.146024,40,1.6292
319822,40.032551,-75.146113,41,1.6749
319822,40.032303,-75.146166,42,1.7032
319822,40.032176,-75.146194,43,1.7173
319822,40.032005,-75.146232,44,1.7367
319822,40.031833,-75.146268,45,1.7558
319822,40.031315,-75.14638,46,1.8157
319822,40.031126,-75.146419,47,1.8369
319822,40.030938,-75.146459,48,1.8581
319822,40.030611,-75.146532,49,1.8946
319822,40.030388,-75.146586,50,1.9201
319822,40.03026,-75.146613,51,1.9352
319822,40.030143,-75.146636,52,1.9484
319822,40.029834,-75.146701,53,1.9837
319822,40.027896,-75.147123,54,2.2035
319822,40.027756,-75.147151,55,2.2188
319822,40.02764,-75.147176,56,2.232
319822,40.027435,-75.147223,57,2.2553
319822,40.027276,-75.14726,58,2.2736
319822,40.027187,-75.147279,59,2.2836
319822,40.02653,-75.147424,60,2.3588
319822,40.026402,-75.147452,61,2.3729
319822,40.026283,-75.147477,62,2.387
319822,40.026145,-75.147509,63,2.4023
319822,40.025962,-75.147549,64,2.4235
319822,40.025774,-75.14759,65,2.4448
319822,40.02569,-75.147609,66,2.454
319822,40.02558,-75.147633,67,2.4661
319822,40.024944,-75.147772,68,2.539
319822,40.024783,-75.147807,69,2.5572
319822,40.024558,-75.147855,70,2.5825
319822,40.024324,-75.147908,71,2.609
319822,40.024173,-75.147941,72,2.6261
319822,40.02344,-75.148102,73,2.7093
319822,40.023263,-75.148142,74,2.7295
319822,40.022982,-75.148203,75,2.7619
319822,40.022926,-75.148215,76,2.768
319822,40.02285,-75.148232,77,2.7763
319822,40.022503,-75.148307,78,2.8157
319822,40.022079,-75.148398,79,2.8642
319822,40.021795,-75.14846,80,2.8968
319822,40.021471,-75.14853,81,2.9331
319822,40.021268,-75.148573,82,2.9565
319822,40.021105,-75.148608,83,2.9747
319822,40.020939,-75.148643,84,2.994
319822,40.02071,-75.148693,85,3.0193
319822,40.020603,-75.148716,86,3.0314
319822,40.020421,-75.148755,87,3.0527
319822,40.020384,-75.148761,88,3.0568
319822,40.020255,-75.148789,89,3.0709
319822,40.020134,-75.148817,90,3.0851
319822,40.020047,-75.148839,91,3.0953
319822,40.019892,-75.148876,92,3.1125
319822,40.019835,-75.148889,93,3.1186
319822,40.019777,-75.148901,94,3.1257
319822,40.019726,-75.148912,95,3.1318
319822,40.01956,-75.148946,96,3.15
319822,40.019221,-75.149018,97,3.1885
319822,40.018828,-75.149101,98,3.233
319822,40.018471,-75.149177,99,3.2735
319822,40.018007,-75.149287,100,3.3263
319822,40.017635,-75.149369,101,3.3688
319822,40.017329,-75.149437,102,3.4034
319822,40.016926,-75.149525,103,3.4489
319822,40.016333,-75.149652,104,3.5168
319822,40.016197,-75.149681,105,3.5319
319822,40.015992,-75.149722,106,3.5551
319822,40.015657,-75.1498,107,3.5938
319822,40.015319,-75.14987,108,3.6322
319822,40.014967,-75.14995,109,3.6717
319822,40.014772,-75.149994,110,3.6941
319822,40.014645,-75.150022,111,3.7082
319822,40.01443,-75.150072,112,3.7327
319822,40.01383,-75.150191,113,3.8013
319822,40.013756,-75.150215,114,3.8096
319822,40.013467,-75.150281,115,3.8421
319822,40.013224,-75.150331,116,3.8694
319822,40.01273,-75.150437,117,3.9261
319822,40.012401,-75.150508,118,3.9636
319822,40.012307,-75.150533,119,3.9738
319822,40.0121,-75.150567,120,3.997
319822,40.011863,-75.150623,121,4.0243
319822,40.011695,-75.150663,122,4.0437
319822,40.011612,-75.150683,123,4.0528
319822,40.011523,-75.150701,124,4.063
319822,40.011355,-75.150736,125,4.0822
319822,40.010826,-75.150848,126,4.1419
319822,40.01068,-75.150881,127,4.1591
319822,40.010484,-75.150926,128,4.1814
319822,40.010313,-75.150965,129,4.2008
319822,40.010056,-75.151024,130,4.2302
319822,40.009962,-75.151045,131,4.2402
319822,40.009566,-75.151129,132,4.2858
319822,40.009235,-75.151203,133,4.3233
319822,40.008922,-75.151269,134,4.3588
319822,40.008714,-75.151313,135,4.3821
319822,40.008313,-75.151404,136,4.4277
319822,40.008038,-75.15146,137,4.4591
319822,40.007929,-75.151483,138,4.4712
319822,40.007645,-75.151541,139,4.5036
319822,40.007293,-75.151624,140,4.5431
319822,40.007249,-75.151635,141,4.5482
319822,40.007122,-75.151663,142,4.5635
319822,40.00682,-75.151732,143,4.5969
319822,40.006694,-75.151759,144,4.6112
319822,40.006527,-75.151795,145,4.6304
319822,40.006164,-75.151874,146,4.6718
319822,40.005976,-75.151915,147,4.6932
319822,40.005786,-75.151957,148,4.7144
319822,40.005249,-75.152073,149,4.7753
319822,40.005039,-75.152119,150,4.7996
319822,40.004667,-75.1522,151,4.842
319822,40.004309,-75.152277,152,4.8826
319822,40.004152,-75.15231,153,4.8997
319822,40.003615,-75.152426,154,4.9616
319822,40.00333,-75.152487,155,4.9939
319822,40.003178,-75.152517,156,5.0112
319822,40.002808,-75.1526,157,5.0528
319822,40.002627,-75.152641,158,5.073
319822,40.00262,-75.152642,159,5.074
319822,40.002278,-75.152718,160,5.1135
319822,40.002086,-75.15276,161,5.1349
319822,40.001585,-75.152869,162,5.1916
319822,40.001183,-75.152959,163,5.2371
319822,40.000673,-75.153073,164,5.295
319822,40.000578,-75.153094,165,5.3062
319822,40.000403,-75.153131,166,5.3264
319822,39.999995,-75.153218,167,5.3719
319822,39.999749,-75.153273,168,5.4004
319822,39.999531,-75.153323,169,5.4247
319822,39.999362,-75.153359,170,5.4439
319822,39.99897,-75.153444,171,5.4885
319822,39.998869,-75.153464,172,5.5005
319822,39.998746,-75.153489,173,5.5139
319822,39.998545,-75.153536,174,5.5371
319822,39.998341,-75.153575,175,5.5604
319822,39.998329,-75.153578,176,5.5614
319822,39.998146,-75.153611,177,5.5826
319822,39.997907,-75.153643,178,5.6087
319822,39.997758,-75.1537,179,5.6264
319822,39.99729,-75.153808,180,5.6802
319822,39.997117,-75.153848,181,5.6994
319822,39.996803,-75.153922,182,5.7351
319822,39.996774,-75.15393,183,5.7381
319822,39.996446,-75.15402,184,5.776
319822,39.996066,-75.154125,185,5.8197
319822,39.99601,-75.154142,186,5.826
319822,39.995919,-75.154162,187,5.8362
319822,39.995539,-75.154246,188,5.8798
319822,39.99525,-75.154309,189,5.9122
319822,39.995171,-75.154326,190,5.9212
319822,39.99491,-75.154384,191,5.9507
319822,39.994347,-75.154503,192,6.0155
319822,39.994257,-75.154522,193,6.0255
319822,39.993988,-75.154573,194,6.0559
319822,39.993946,-75.154581,195,6.0609
319822,39.993893,-75.154592,196,6.066
319822,39.99373,-75.154626,197,6.0852
319822,39.993623,-75.154643,198,6.0973
319822,39.993494,-75.154665,199,6.1114
319822,39.993105,-75.154747,200,6.156
319822,39.992979,-75.154774,201,6.1701
319822,39.99293,-75.154783,202,6.1752
319822,39.992382,-75.154888,203,6.2379
319822,39.992192,-75.154929,204,6.2591
319822,39.992124,-75.154986,205,6.2685
319822,39.991591,-75.1551,206,6.3294
319822,39.991282,-75.155161,207,6.3637
319822,39.991211,-75.155142,208,6.372
319822,39.990871,-75.155216,209,6.4104
319822,39.990621,-75.155273,210,6.4389
319822,39.990572,-75.155284,211,6.445
319822,39.989778,-75.155455,212,6.5351
319822,39.989544,-75.155508,213,6.5614
319822,39.989369,-75.155549,214,6.5818
319822,39.989014,-75.155625,215,6.6212
319822,39.988848,-75.155661,216,6.6405
319822,39.988419,-75.155755,217,6.6891
319822,39.988226,-75.155796,218,6.7113
319822,39.987899,-75.155868,219,6.7478
319822,39.98769,-75.155912,220,6.7721
319822,39.987519,-75.155949,221,6.7914
319822,39.986867,-75.156089,222,6.8654
319822,39.986646,-75.156135,223,6.8907
319822,39.98628,-75.156219,224,6.9323
319822,39.98593,-75.156296,225,6.9717
319822,39.985713,-75.156345,226,6.9961
319822,39.985289,-75.15644,227,7.0447
319822,39.985116,-75.156479,228,7.064
319822,39.984691,-75.156576,229,7.1126
319822,39.984457,-75.15663,230,7.1391
319822,39.984304,-75.156666,231,7.1564
319822,39.984007,-75.156735,232,7.1907
319822,39.983691,-75.156793,233,7.2261
319822,39.983586,-75.156814,234,7.2382
319822,39.983399,-75.156852,235,7.2595
319822,39.983177,-75.156897,236,7.2848
319822,39.982848,-75.15697,237,7.3223
319822,39.982685,-75.157006,238,7.3405
319822,39.982068,-75.157144,239,7.4104
319822,39.981871,-75.157188,240,7.4327
319822,39.981724,-75.157221,241,7.45
319822,39.981544,-75.15726,242,7.4702
319822,39.98138,-75.157296,243,7.4885
319822,39.980772,-75.157429,244,7.5574
319822,39.980581,-75.157471,245,7.5797
319822,39.980212,-75.157552,246,7.6212
319822,39.980027,-75.15759,247,7.6425
319822,39.979884,-75.157619,248,7.6587
319822,39.97973,-75.157652,249,7.6759
319822,39.979558,-75.157686,250,7.6952
319822,39.979167,-75.157765,251,7.7396
319822,39.978913,-75.15782,252,7.769
319822,39.978668,-75.157873,253,7.7963
319822,39.978523,-75.157905,254,7.8126
319822,39.978403,-75.157931,255,7.8267
319822,39.977638,-75.158098,256,7.9138
319822,39.97749,-75.158131,257,7.9301
319822,39.977277,-75.158177,258,7.9543
319822,39.976899,-75.158246,259,7.9967
319822,39.976737,-75.158275,260,8.0158
319822,39.976412,-75.158334,261,8.0522
319822,39.976228,-75.158381,262,8.0736
319822,39.976133,-75.158406,263,8.0838
319822,39.975853,-75.158479,264,8.1163
319822,39.97447,-75.15878,265,8.2733
319822,39.973177,-75.15908,266,8.4205
319822,39.972392,-75.159248,267,8.5096
319822,39.971464,-75.159441,268,8.6148
319822,39.970215,-75.159717,269,8.7567
319822,39.969002,-75.160005,270,8.8948
319822,39.968199,-75.160173,271,8.9858
319822,39.967048,-75.160414,272,9.1164
319822,39.9667,-75.160498,273,9.156
319822,39.965157,-75.160834,274,9.3313
319822,39.964226,-75.161033,275,9.4366
319822,39.964051,-75.16107,276,9.4569
319822,39.963798,-75.161125,277,9.4853
319822,39.96362,-75.16116,278,9.5055
319822,39.963435,-75.161198,279,9.5267
319822,39.963141,-75.161264,280,9.5601
319822,39.9629,-75.161315,281,9.5874
319822,39.962741,-75.161352,282,9.6059
319822,39.962632,-75.161377,283,9.618
319822,39.962463,-75.161413,284,9.6373
319822,39.962371,-75.161433,285,9.6473
319822,39.962283,-75.161455,286,9.6575
319822,39.960393,-75.161892,287,9.8725
319822,39.95959,-75.16206,288,9.9636
319822,39.958832,-75.162216,289,10.0496
319822,39.958083,-75.162361,290,10.1345
319822,39.957735,-75.162433,291,10.1739
319822,39.957048,-75.162589,292,10.252
319822,39.956236,-75.162781,293,10.3444
319822,39.954407,-75.163166,294,10.5519
319822,39.953935,-75.163286,295,10.6058
319822,39.953792,-75.163451,296,10.6271
319822,39.953703,-75.163653,297,10.6468
319822,39.953606,-75.163913,298,10.6714
319822,39.953535,-75.164067,299,10.6867
319822,39.953481,-75.164138,300,10.6952
319822,39.953374,-75.164173,301,10.7075
319822,39.953151,-75.164151,302,10.7326
319822,39.952464,-75.164094,303,10.8098
319822,39.951588,-75.163791,304,10.9109
319822,39.951093,-75.163896,305,10.9665
319822,39.950853,-75.163947,306,10.9938
319822,39.950091,-75.164108,307,11.0809
319822,39.949725,-75.164192,308,11.1225
319822,39.9494,-75.164262,309,11.159
319822,39.949326,-75.164279,310,11.1671
319822,39.948735,-75.16441,311,11.235
319822,39.948487,-75.164467,312,11.2624
319822,39.948351,-75.164494,313,11.2785
319822,39.9482,-75.164521,314,11.2957
319822,39.948023,-75.164562,315,11.3151
319822,39.947382,-75.164696,316,11.3879
319822,39.946985,-75.164782,317,11.4335
319822,39.946616,-75.164863,318,11.475
319822,39.946163,-75.16496,319,11.5267
319822,39.945912,-75.165014,320,11.555
319822,39.945557,-75.16509,321,11.5956
319822,39.944983,-75.165208,322,11.6602
319822,39.944632,-75.165286,323,11.7008
319822,39.944072,-75.165416,324,11.7638
319822,39.943636,-75.165508,325,11.8133
319822,39.94322,-75.165598,326,11.8609
319822,39.942775,-75.1657,327,11.9116
319822,39.942402,-75.165786,328,11.9534
319822,39.941803,-75.165911,329,12.0221
319822,39.941365,-75.166004,330,12.0717
319822,39.940805,-75.166125,331,12.1355
319822,39.940439,-75.166208,332,12.1771
319822,39.940213,-75.166256,333,12.2024
319822,39.94003,-75.166296,334,12.2227
319822,39.939066,-75.166506,335,12.3321
319822,39.938656,-75.166584,336,12.3785
319822,39.938253,-75.166662,337,12.4249
319822,39.937855,-75.16675,338,12.4696
319822,39.937175,-75.166908,339,12.5468
319822,39.936729,-75.167003,340,12.5974
319822,39.935687,-75.167232,341,12.7159
319822,39.935188,-75.167336,342,12.7726
319822,39.934526,-75.167476,343,12.8475
319822,39.934143,-75.167557,344,12.891
319822,39.932933,-75.167842,345,13.0291
319822,39.932511,-75.167937,346,13.0768
319822,39.932116,-75.168027,347,13.1223
319822,39.931709,-75.16812,348,13.168
319822,39.930479,-75.16837,349,13.3076
319822,39.930089,-75.168455,350,13.3522
319822,39.929663,-75.168549,351,13.4008
319822,39.929263,-75.168638,352,13.4454
319822,39.92866,-75.168773,353,13.5143
319822,39.928059,-75.168914,354,13.5824
319822,39.927661,-75.169001,355,13.6279
319822,39.927338,-75.169073,356,13.6644
319822,39.926832,-75.169185,357,13.7223
319822,39.926179,-75.169312,358,13.7959
319822,39.925585,-75.169428,359,13.8637
319822,39.92493,-75.169578,360,13.9377
319822,39.9245,-75.169677,361,13.9865
319822,39.92438,-75.169705,362,14.0006
319822,39.923939,-75.1698,363,14.0503
319822,39.92315,-75.169973,364,14.1404
319822,39.922775,-75.170057,365,14.183
319822,39.922169,-75.170193,366,14.252
319822,39.921892,-75.170256,367,14.2834
319822,39.921193,-75.170402,368,14.3623
319822,39.920666,-75.170513,369,14.422
319822,39.92034,-75.170582,370,14.4595
319822,39.919405,-75.170783,371,14.5649
319822,39.918393,-75.171002,372,14.6803
319822,39.918149,-75.171056,373,14.7077
319822,39.914264,-75.171919,374,15.1495
319822,39.912436,-75.172421,375,15.3588
319822,39.910607,-75.172912,376,15.5678
319822,39.905429,-75.173862,377,16.1532
