shape_id,shape_pt_lat,shape_pt_lon,shape_pt_sequence,shape_dist_traveled
322331,49.16753,-123.13633,1,0
322331,49.174085,-123.136449,10,0.7293
322331,49.238187,-123.115875,100,8.4171
322331,49.238258,-123.115897,101,8.4251
322331,49.238367,-123.115948,102,8.4378
322331,49.238465,-123.115996,103,8.4492
322331,49.238546,-123.116056,104,8.4593
322331,49.238604,-123.116109,105,8.4668
322331,49.238662,-123.116145,106,8.4737
322331,49.2387,-123.116184,107,8.4788
322331,49.238735,-123.11622,108,8.4835
322331,49.238795,-123.116282,109,8.4916
322331,49.174445,-123.136453,11,0.7693
322331,49.239031,-123.116557,110,8.5246
322331,49.240216,-123.117864,111,8.6872
322331,49.240318,-123.117963,112,8.7006
322331,49.240386,-123.11803,113,8.7096
322331,49.240423,-123.118061,114,8.7143
322331,49.240461,-123.118098,115,8.7193
322331,49.240501,-123.118123,116,8.7241
322331,49.24054,-123.118143,117,8.7287
322331,49.240573,-123.118165,118,8.7327
322331,49.24062,-123.118187,119,8.7382
322331,49.175067,-123.136457,12,0.8385
322331,49.240668,-123.118209,120,8.7437
322331,49.240737,-123.11824,121,8.7517
322331,49.240808,-123.118262,122,8.7598
322331,49.240881,-123.118277,123,8.768
322331,49.241204,-123.118292,124,8.8039
322331,49.241547,-123.118278,125,8.8421
322331,49.242204,-123.118238,126,8.9152
322331,49.242298,-123.118231,127,8.9257
322331,49.242381,-123.11822,128,8.9349
322331,49.24246,-123.118195,129,8.9439
322331,49.175428,-123.136456,13,0.8786
322331,49.242558,-123.118173,130,8.9549
322331,49.242624,-123.118154,131,8.9624
322331,49.242733,-123.118107,132,8.975
322331,49.242804,-123.118074,133,8.9832
322331,49.242896,-123.118016,134,8.9943
322331,49.243015,-123.117946,135,9.0085
322331,49.243122,-123.117846,136,9.0224
322331,49.243267,-123.117695,137,9.042
322331,49.243369,-123.117572,138,9.0564
322331,49.243474,-123.117419,139,9.0725
322331,49.175998,-123.136447,14,0.942
322331,49.243617,-123.117185,140,9.0959
322331,49.243764,-123.116898,141,9.1224
322331,49.243827,-123.116788,142,9.133
322331,49.243888,-123.116673,143,9.1438
322331,49.243938,-123.116581,144,9.1525
322331,49.244055,-123.116379,145,9.1722
322331,49.244105,-123.116275,146,9.1815
322331,49.244144,-123.116219,147,9.1875
322331,49.244175,-123.116172,148,9.1924
322331,49.244218,-123.116107,149,9.1991
322331,49.176634,-123.136449,15,1.0128
322331,49.24426,-123.116047,150,9.2055
322331,49.244296,-123.116,151,9.2107
322331,49.244346,-123.115927,152,9.2184
322331,49.244402,-123.115862,153,9.2263
322331,49.244465,-123.115802,154,9.2345
322331,49.244505,-123.115764,155,9.2398
322331,49.244528,-123.115738,156,9.2429
322331,49.244565,-123.1157,157,9.2479
322331,49.244596,-123.115669,158,9.252
322331,49.244631,-123.11564,159,9.2564
322331,49.177463,-123.136448,16,1.105
322331,49.244661,-123.115622,160,9.26
322331,49.244692,-123.115604,161,9.2637
322331,49.244723,-123.115579,162,9.2676
322331,49.244753,-123.115555,163,9.2714
322331,49.244788,-123.115532,164,9.2756
322331,49.244823,-123.115512,165,9.2798
322331,49.244865,-123.115494,166,9.2846
322331,49.244916,-123.11547,167,9.2906
322331,49.244965,-123.115445,168,9.2963
322331,49.245021,-123.115423,169,9.3027
322331,49.177802,-123.136449,17,1.1427
322331,49.245092,-123.1154,170,9.3108
322331,49.245162,-123.115382,171,9.3187
322331,49.245219,-123.115373,172,9.3251
322331,49.245356,-123.115344,173,9.3405
322331,49.245582,-123.115336,174,9.3656
322331,49.245904,-123.115318,175,9.4014
322331,49.246369,-123.115303,176,9.4532
322331,49.246714,-123.115293,177,9.4915
322331,49.247058,-123.115268,178,9.5298
322331,49.24744,-123.115251,179,9.5723
322331,49.178191,-123.136453,18,1.1859
322331,49.247844,-123.115246,180,9.6173
322331,49.248305,-123.115276,181,9.6686
322331,49.248605,-123.115306,182,9.702
322331,49.248993,-123.115343,183,9.7453
322331,49.249455,-123.115339,184,9.7966
322331,49.249755,-123.115323,185,9.83
322331,49.25033,-123.115303,186,9.894
322331,49.250845,-123.115279,187,9.9513
322331,49.2513,-123.115263,188,10.0019
322331,49.25242,-123.115217,189,10.1265
322331,49.178534,-123.136456,19,1.2241
322331,49.253925,-123.115151,190,10.294
322331,49.254892,-123.11511,191,10.4016
322331,49.255548,-123.115088,192,10.4745
322331,49.256139,-123.115044,193,10.5403
322331,49.256691,-123.115,194,10.6018
322331,49.257308,-123.114997,195,10.6704
322331,49.257826,-123.115002,196,10.728
322331,49.258245,-123.115007,197,10.7746
322331,49.258908,-123.11499,198,10.8484
322331,49.260121,-123.114942,199,10.9833
322331,49.168081,-123.136329,2,0.0613
322331,49.178897,-123.136452,20,1.2644
322331,49.261219,-123.114883,200,11.1055
322331,49.261606,-123.114852,201,11.1486
322331,49.264854,-123.1147,202,11.51
322331,49.265063,-123.114703,203,11.5333
322331,49.265167,-123.114722,204,11.5449
322331,49.265293,-123.114746,205,11.559
322331,49.26537,-123.114771,206,11.5678
322331,49.265442,-123.114794,207,11.576
322331,49.265516,-123.114821,208,11.5844
322331,49.265613,-123.114862,209,11.5956
322331,49.179862,-123.136452,21,1.3718
322331,49.265689,-123.114895,210,11.6044
322331,49.26601,-123.11506,211,11.6421
322331,49.266294,-123.115181,212,11.6749
322331,49.266452,-123.115268,213,11.6935
322331,49.266686,-123.115378,214,11.7208
322331,49.267143,-123.11563,215,11.7748
322331,49.267328,-123.115772,216,11.7978
322331,49.267507,-123.115947,217,11.8215
322331,49.267749,-123.116188,218,11.8536
322331,49.268013,-123.11645,219,11.8886
322331,49.181033,-123.136458,22,1.502
322331,49.268277,-123.116735,220,11.9245
322331,49.268477,-123.116931,221,11.951
322331,49.269281,-123.117719,222,12.0572
322331,49.269691,-123.118074,223,12.1096
322331,49.269759,-123.118135,224,12.1184
322331,49.27023,-123.118463,225,12.1759
322331,49.270744,-123.11877,226,12.2373
322331,49.271201,-123.118989,227,12.2906
322331,49.271707,-123.119274,228,12.3506
322331,49.272457,-123.119636,229,12.438
322331,49.181889,-123.136458,23,1.5972
322331,49.27302,-123.120052,230,12.5076
322331,49.273207,-123.120238,231,12.5324
322331,49.273326,-123.120376,232,12.549
322331,49.273482,-123.120581,233,12.5719
322331,49.273701,-123.120879,234,12.6045
322331,49.274179,-123.121633,235,12.6809
322331,49.275115,-123.123091,236,12.8295
322331,49.275262,-123.123317,237,12.8527
322331,49.275428,-123.123586,238,12.8796
322331,49.275595,-123.123849,239,12.9063
322331,49.182186,-123.136433,24,1.6303
322331,49.275794,-123.12414,240,12.9369
322331,49.275965,-123.124395,241,12.9635
322331,49.276101,-123.124548,242,12.9823
322331,49.276301,-123.124738,243,13.0085
322331,49.276443,-123.124833,244,13.0257
322331,49.276591,-123.124928,245,13.0436
322331,49.276757,-123.124979,246,13.0624
322331,49.276914,-123.12503,247,13.0802
322331,49.277076,-123.125053,248,13.0983
322331,49.277228,-123.12506,249,13.1152
322331,49.182662,-123.136397,25,1.6833
322331,49.277362,-123.125053,250,13.1302
322331,49.277495,-123.12501,251,13.1453
322331,49.277614,-123.124967,252,13.1589
322331,49.277714,-123.124931,253,13.1703
322331,49.277848,-123.124844,254,13.1865
322331,49.277986,-123.124757,255,13.2031
322331,49.278176,-123.124604,256,13.227
322331,49.278405,-123.124307,257,13.2604
322331,49.278572,-123.124096,258,13.2845
322331,49.27872,-123.123871,259,13.3077
322331,49.182887,-123.13638,26,1.7083
322331,49.278851,-123.123658,260,13.329
322331,49.279148,-123.123217,261,13.375
322331,49.279305,-123.122959,262,13.4007
322331,49.279882,-123.1221,263,13.4902
322331,49.280325,-123.121449,264,13.5586
322331,49.281373,-123.119869,265,13.7223
322331,49.282454,-123.118219,266,13.8922
322331,49.283612,-123.116463,267,14.0736
322331,49.283621,-123.11645,268,14.075
322331,49.284626,-123.114925,269,14.2325
322331,49.183172,-123.136362,27,1.74
322331,49.285294,-123.11392,270,14.3367
322331,49.183641,-123.13633,28,1.7923
322331,49.184371,-123.13628,29,1.8735
322331,49.169876,-123.136308,3,0.2609
322331,49.184554,-123.136241,30,1.8941
322331,49.184725,-123.136187,31,1.9135
322331,49.184827,-123.136135,32,1.9255
322331,49.185023,-123.136011,33,1.9491
322331,49.185192,-123.135874,34,1.9703
322331,49.185351,-123.135721,35,1.9912
322331,49.185968,-123.135123,36,2.0725
322331,49.187622,-123.133479,37,2.2921
322331,49.187885,-123.13322,38,2.3269
322331,49.188713,-123.132364,39,2.4381
322331,49.16996,-123.136308,4,0.2703
322331,49.189357,-123.131652,40,2.5266
322331,49.190073,-123.130854,41,2.6252
322331,49.190186,-123.130734,42,2.6405
322331,49.190312,-123.130607,43,2.6573
322331,49.190398,-123.130545,44,2.6679
322331,49.190522,-123.130454,45,2.6832
322331,49.190606,-123.130394,46,2.6935
322331,49.190703,-123.130335,47,2.7051
322331,49.190806,-123.130278,48,2.7173
322331,49.190893,-123.130236,49,2.7274
322331,49.170568,-123.136307,5,0.3379
322331,49.191017,-123.130182,50,2.7418
322331,49.191167,-123.130137,51,2.7588
322331,49.191326,-123.130087,52,2.7768
322331,49.191466,-123.130069,53,2.7925
322331,49.191713,-123.130069,54,2.8199
322331,49.192194,-123.130073,55,2.8734
322331,49.192548,-123.130066,56,2.9128
322331,49.192767,-123.130046,57,2.9372
322331,49.193009,-123.130034,58,2.9641
322331,49.193174,-123.12999,59,2.9828
322331,49.171041,-123.136329,6,0.3905
322331,49.193311,-123.129944,60,2.9984
322331,49.193453,-123.129855,61,3.0154
322331,49.193557,-123.129796,62,3.0278
322331,49.193874,-123.129516,63,3.0685
322331,49.194072,-123.129253,64,3.0977
322331,49.194359,-123.128724,65,3.1478
322331,49.194502,-123.128384,66,3.1772
322331,49.194762,-123.127763,67,3.2309
322331,49.195879,-123.125319,68,3.4481
322331,49.196346,-123.124339,69,3.5364
322331,49.171542,-123.136385,7,0.4464
322331,49.196555,-123.123998,70,3.5704
322331,49.196748,-123.123574,71,3.608
322331,49.19699,-123.122832,72,3.6685
322331,49.197389,-123.121596,73,3.7689
322331,49.197617,-123.121014,74,3.8183
322331,49.197905,-123.120416,75,3.8724
322331,49.198348,-123.119823,76,3.9379
322331,49.199048,-123.118954,77,4.0383
322331,49.199502,-123.118443,78,4.101
322331,49.199643,-123.118299,79,4.1199
322331,49.17209,-123.136428,8,0.5074
322331,49.199934,-123.118086,80,4.1558
322331,49.200159,-123.117983,81,4.1819
322331,49.200452,-123.117902,82,4.215
322331,49.20141,-123.117801,83,4.3218
322331,49.202367,-123.117694,84,4.4285
322331,49.203253,-123.11762,85,4.5272
322331,49.204225,-123.117527,86,4.6355
322331,49.205235,-123.117468,87,4.7479
322331,49.207965,-123.117327,88,5.0517
322331,49.208101,-123.117321,89,5.0668
322331,49.173616,-123.136445,9,0.6771
322331,49.208297,-123.117261,90,5.0891
322331,49.208445,-123.117202,91,5.1061
322331,49.208538,-123.117176,92,5.1166
322331,49.208719,-123.117072,93,5.1381
322331,49.209065,-123.117007,94,5.1769
322331,49.20944,-123.116964,95,5.2187
322331,49.210045,-123.116998,96,5.286
322331,49.210219,-123.116967,97,5.3055
322331,49.236397,-123.115933,98,8.2179
322331,49.237872,-123.115855,99,8.382
322332,49.194309,-123.179452,1,0
322332,49.193095,-123.166733,10,0.9384
322332,49.240216,-123.117864,100,9.4179
322332,49.240318,-123.117963,101,9.4314
322332,49.240386,-123.11803,102,9.4404
322332,49.240423,-123.118061,103,9.4451
322332,49.240461,-123.118098,104,9.4501
322332,49.240501,-123.118123,105,9.4549
322332,49.24054,-123.118143,106,9.4594
322332,49.240573,-123.118165,107,9.4635
322332,49.24062,-123.118187,108,9.4689
322332,49.240668,-123.118209,109,9.4745
322332,49.193057,-123.165997,11,0.9922
322332,49.240737,-123.11824,110,9.4825
322332,49.240808,-123.118262,111,9.4905
322332,49.240881,-123.118277,112,9.4987
322332,49.241204,-123.118292,113,9.5347
322332,49.241547,-123.118278,114,9.5728
322332,49.242204,-123.118238,115,9.646
322332,49.242298,-123.118231,116,9.6564
322332,49.242381,-123.11822,117,9.6657
322332,49.24246,-123.118195,118,9.6747
322332,49.242558,-123.118173,119,9.6857
322332,49.193047,-123.164934,12,1.0697
322332,49.242624,-123.118154,120,9.6932
322332,49.242733,-123.118107,121,9.7058
322332,49.242804,-123.118074,122,9.714
322332,49.242896,-123.118016,123,9.7251
322332,49.243015,-123.117946,124,9.7393
322332,49.243122,-123.117846,125,9.7532
322332,49.243267,-123.117695,126,9.7727
322332,49.243369,-123.117572,127,9.7872
322332,49.243474,-123.117419,128,9.8033
322332,49.243617,-123.117185,129,9.8266
322332,49.193044,-123.164403,13,1.1084
322332,49.243764,-123.116898,130,9.8532
322332,49.243827,-123.116788,131,9.8638
322332,49.243888,-123.116673,132,9.8746
322332,49.243938,-123.116581,133,9.8833
322332,49.244055,-123.116379,134,9.9029
322332,49.244105,-123.116275,135,9.9123
322332,49.244144,-123.116219,136,9.9183
322332,49.244175,-123.116172,137,9.9231
322332,49.244218,-123.116107,138,9.9299
322332,49.24426,-123.116047,139,9.9363
322332,49.193045,-123.163722,14,1.1581
322332,49.244296,-123.116,140,9.9415
322332,49.244346,-123.115927,141,9.9492
322332,49.244402,-123.115862,142,9.957
322332,49.244465,-123.115802,143,9.9653
322332,49.244505,-123.115764,144,9.9705
322332,49.244528,-123.115738,145,9.9737
322332,49.244565,-123.1157,146,9.9787
322332,49.244596,-123.115669,147,9.9828
322332,49.244631,-123.11564,148,9.9872
322332,49.244661,-123.115622,149,9.9908
322332,49.193028,-123.160985,15,1.3576
322332,49.244692,-123.115604,150,9.9945
322332,49.244723,-123.115579,151,9.9984
322332,49.244753,-123.115555,152,10.0022
322332,49.244788,-123.115532,153,10.0064
322332,49.244823,-123.115512,154,10.0106
322332,49.244865,-123.115494,155,10.0154
322332,49.244916,-123.11547,156,10.0213
322332,49.244965,-123.115445,157,10.0271
322332,49.245021,-123.115423,158,10.0335
322332,49.245092,-123.1154,159,10.0416
322332,49.193031,-123.157151,16,1.637
322332,49.245162,-123.115382,160,10.0495
322332,49.245219,-123.115373,161,10.0559
322332,49.245356,-123.115344,162,10.0712
322332,49.245582,-123.115336,163,10.0964
322332,49.245904,-123.115318,164,10.1322
322332,49.246369,-123.115303,165,10.1839
322332,49.246714,-123.115293,166,10.2223
322332,49.247058,-123.115268,167,10.2606
322332,49.24744,-123.115251,168,10.3031
322332,49.247844,-123.115246,169,10.348
322332,49.193065,-123.156098,17,1.7139
322332,49.248305,-123.115276,170,10.3994
322332,49.248605,-123.115306,171,10.4328
322332,49.248993,-123.115343,172,10.476
322332,49.249455,-123.115339,173,10.5274
322332,49.249755,-123.115323,174,10.5608
322332,49.25033,-123.115303,175,10.6248
322332,49.250845,-123.115279,176,10.6821
322332,49.2513,-123.115263,177,10.7327
322332,49.25242,-123.115217,178,10.8573
322332,49.253925,-123.115151,179,11.0247
322332,49.193092,-123.155519,18,1.7562
322332,49.254892,-123.11511,180,11.1323
322332,49.255548,-123.115088,181,11.2053
322332,49.256139,-123.115044,182,11.2711
322332,49.256691,-123.115,183,11.3326
322332,49.257308,-123.114997,184,11.4012
322332,49.257826,-123.115002,185,11.4588
322332,49.258245,-123.115007,186,11.5054
322332,49.258908,-123.11499,187,11.5792
322332,49.260121,-123.114942,188,11.7141
322332,49.261219,-123.114883,189,11.8363
322332,49.193138,-123.155106,19,1.7867
322332,49.261606,-123.114852,190,11.8794
322332,49.264854,-123.1147,191,12.2408
322332,49.265063,-123.114703,192,12.264
322332,49.265167,-123.114722,193,12.2757
322332,49.265293,-123.114746,194,12.2898
322332,49.26537,-123.114771,195,12.2986
322332,49.265442,-123.114794,196,12.3067
322332,49.265516,-123.114821,197,12.3152
322332,49.265613,-123.114862,198,12.3264
322332,49.265689,-123.114895,199,12.3352
322332,49.193722,-123.174291,2,0.3818
322332,49.19329,-123.154426,20,1.8391
322332,49.26601,-123.11506,200,12.3728
322332,49.266294,-123.115181,201,12.4056
322332,49.266452,-123.115268,202,12.4243
322332,49.266686,-123.115378,203,12.4515
322332,49.267143,-123.11563,204,12.5056
322332,49.267328,-123.115772,205,12.5286
322332,49.267507,-123.115947,206,12.5522
322332,49.267749,-123.116188,207,12.5844
322332,49.268013,-123.11645,208,12.6194
322332,49.268277,-123.116735,209,12.6553
322332,49.193434,-123.15389,21,1.8813
322332,49.268477,-123.116931,210,12.6817
322332,49.269281,-123.117719,211,12.788
322332,49.269691,-123.118074,212,12.8404
322332,49.269759,-123.118135,213,12.8491
322332,49.27023,-123.118463,214,12.9067
322332,49.270744,-123.11877,215,12.9681
322332,49.271201,-123.118989,216,13.0213
322332,49.271707,-123.119274,217,13.0813
322332,49.272457,-123.119636,218,13.1688
322332,49.27302,-123.120052,219,13.2383
322332,49.193622,-123.15336,22,1.9252
322332,49.273207,-123.120238,220,13.2632
322332,49.273326,-123.120376,221,13.2798
322332,49.273482,-123.120581,222,13.3027
322332,49.273701,-123.120879,223,13.3353
322332,49.274179,-123.121633,224,13.4117
322332,49.275115,-123.123091,225,13.5603
322332,49.275262,-123.123317,226,13.5835
322332,49.275428,-123.123586,227,13.6104
322332,49.275595,-123.123849,228,13.6371
322332,49.275794,-123.12414,229,13.6677
322332,49.19381,-123.152911,23,1.9641
322332,49.275965,-123.124395,230,13.6943
322332,49.276101,-123.124548,231,13.713
322332,49.276301,-123.124738,232,13.7392
322332,49.276443,-123.124833,233,13.7565
322332,49.276591,-123.124928,234,13.7743
322332,49.276757,-123.124979,235,13.7932
322332,49.276914,-123.12503,236,13.811
322332,49.277076,-123.125053,237,13.8291
322332,49.277228,-123.12506,238,13.846
322332,49.277362,-123.125053,239,13.8609
322332,49.194013,-123.152494,24,2.0019
322332,49.277495,-123.12501,240,13.876
322332,49.277614,-123.124967,241,13.8896
322332,49.277714,-123.124931,242,13.9011
322332,49.277848,-123.124844,243,13.9173
322332,49.277986,-123.124757,244,13.9339
322332,49.278176,-123.124604,245,13.9577
322332,49.278405,-123.124307,246,13.9911
322332,49.278572,-123.124096,247,14.0152
322332,49.27872,-123.123871,248,14.0385
322332,49.278851,-123.123658,249,14.0597
322332,49.194156,-123.152245,25,2.0261
322332,49.279148,-123.123217,250,14.1058
322332,49.279305,-123.122959,251,14.1314
322332,49.279882,-123.1221,252,14.221
322332,49.280325,-123.121449,253,14.2893
322332,49.281373,-123.119869,254,14.4531
322332,49.282454,-123.118219,255,14.623
322332,49.283612,-123.116463,256,14.8044
322332,49.283621,-123.11645,257,14.8057
322332,49.284626,-123.114925,258,14.9632
322332,49.285294,-123.11392,259,15.0675
322332,49.194622,-123.151415,26,2.1057
322332,49.194771,-123.151166,27,2.1303
322332,49.195588,-123.149702,28,2.2704
322332,49.196079,-123.148837,29,2.3538
322332,49.193666,-123.173733,3,0.4229
322332,49.196188,-123.148617,30,2.3739
322332,49.196342,-123.148162,31,2.4113
322332,49.196402,-123.147935,32,2.4291
322332,49.196445,-123.147686,33,2.4479
322332,49.196556,-123.147065,34,2.4948
322332,49.196794,-123.145699,35,2.5978
322332,49.196834,-123.145264,36,2.6298
322332,49.196841,-123.144992,37,2.6497
322332,49.196834,-123.144638,38,2.6755
322332,49.196576,-123.142518,39,2.8326
322332,49.193646,-123.173475,4,0.4419
322332,49.196474,-123.1417,40,2.8933
322332,49.195952,-123.137345,41,3.216
322332,49.195863,-123.136598,42,3.2713
322332,49.195612,-123.134438,43,3.4312
322332,49.19552,-123.133726,44,3.4841
322332,49.195474,-123.133424,45,3.5067
322332,49.195439,-123.133198,46,3.5236
322332,49.195242,-123.132494,47,3.5794
322332,49.194812,-123.131458,48,3.6688
322332,49.194506,-123.130647,49,3.737
322332,49.193658,-123.172219,5,0.5334
322332,49.194368,-123.130113,50,3.7788
322332,49.194347,-123.129835,51,3.7992
322332,49.194333,-123.129546,52,3.8204
322332,49.194329,-123.129331,53,3.836
322332,49.194375,-123.128923,54,3.8662
322332,49.194502,-123.128384,55,3.908
322332,49.194762,-123.127763,56,3.9617
322332,49.195879,-123.125319,57,4.1788
322332,49.196346,-123.124339,58,4.2672
322332,49.196555,-123.123998,59,4.3012
322332,49.193633,-123.171584,6,0.5798
322332,49.196748,-123.123574,60,4.3388
322332,49.19699,-123.122832,61,4.3992
322332,49.197389,-123.121596,62,4.4996
322332,49.197617,-123.121014,63,4.5491
322332,49.197905,-123.120416,64,4.6031
322332,49.198348,-123.119823,65,4.6687
322332,49.199048,-123.118954,66,4.769
322332,49.199502,-123.118443,67,4.8318
322332,49.199643,-123.118299,68,4.8506
322332,49.199934,-123.118086,69,4.8865
322332,49.193514,-123.170575,7,0.6545
322332,49.200159,-123.117983,70,4.9127
322332,49.200452,-123.117902,71,4.9458
322332,49.20141,-123.117801,72,5.0526
322332,49.202367,-123.117694,73,5.1593
322332,49.203253,-123.11762,74,5.258
322332,49.204225,-123.117527,75,5.3663
322332,49.205235,-123.117468,76,5.4787
322332,49.207965,-123.117327,77,5.7825
322332,49.208101,-123.117321,78,5.7976
322332,49.208297,-123.117261,79,5.8198
322332,49.193347,-123.169094,8,0.7641
322332,49.208445,-123.117202,80,5.8369
322332,49.208538,-123.117176,81,5.8474
322332,49.208719,-123.117072,82,5.8689
322332,49.209065,-123.117007,83,5.9077
322332,49.20944,-123.116964,84,5.9495
322332,49.210045,-123.116998,85,6.0168
322332,49.210219,-123.116967,86,6.0363
322332,49.236397,-123.115933,87,8.9486
322332,49.237872,-123.115855,88,9.1128
322332,49.238187,-123.115875,89,9.1478
322332,49.193136,-123.167169,9,0.9063
322332,49.238258,-123.115897,90,9.1559
322332,49.238367,-123.115948,91,9.1686
322332,49.238465,-123.115996,92,9.18
322332,49.238546,-123.116056,93,9.19
322332,49.238604,-123.116109,94,9.1975
322332,49.238662,-123.116145,95,9.2045
322332,49.2387,-123.116184,96,9.2096
322332,49.238735,-123.11622,97,9.2143
322332,49.238795,-123.116282,98,9.2223
322332,49.239031,-123.116557,99,9.2554
322335,49.285294,-123.11392,1,0
322335,49.279148,-123.123217,10,0.9617
322335,49.245162,-123.115382,100,5.018
322335,49.245092,-123.1154,101,5.0259
322335,49.245021,-123.115423,102,5.034
322335,49.244965,-123.115445,103,5.0404
322335,49.244916,-123.11547,104,5.0461
322335,49.244865,-123.115494,105,5.0521
322335,49.244823,-123.115512,106,5.0569
322335,49.244788,-123.115532,107,5.0611
322335,49.244753,-123.115555,108,5.0653
322335,49.244723,-123.115579,109,5.0691
322335,49.278851,-123.123658,11,1.0077
322335,49.244692,-123.115604,110,5.073
322335,49.244661,-123.115622,111,5.0767
322335,49.244631,-123.11564,112,5.0802
322335,49.244596,-123.115669,113,5.0847
322335,49.244565,-123.1157,114,5.0888
322335,49.244528,-123.115738,115,5.0938
322335,49.244505,-123.115764,116,5.0969
322335,49.244465,-123.115802,117,5.1022
322335,49.244402,-123.115862,118,5.1104
322335,49.244346,-123.115927,119,5.1183
322335,49.27872,-123.123871,12,1.029
322335,49.244296,-123.116,120,5.1259
322335,49.24426,-123.116047,121,5.1312
322335,49.244218,-123.116107,122,5.1376
322335,49.244175,-123.116172,123,5.1443
322335,49.244144,-123.116219,124,5.1492
322335,49.244105,-123.116275,125,5.1551
322335,49.244055,-123.116379,126,5.1645
322335,49.243938,-123.116581,127,5.1842
322335,49.243888,-123.116673,128,5.1929
322335,49.243827,-123.116788,129,5.2037
322335,49.278572,-123.124096,13,1.0522
322335,49.243764,-123.116898,130,5.2143
322335,49.243617,-123.117185,131,5.2408
322335,49.243474,-123.117419,132,5.2641
322335,49.243369,-123.117572,133,5.2803
322335,49.243267,-123.117695,134,5.2947
322335,49.243122,-123.117846,135,5.3143
322335,49.243015,-123.117946,136,5.3282
322335,49.242896,-123.118016,137,5.3424
322335,49.242804,-123.118074,138,5.3535
322335,49.242733,-123.118107,139,5.3617
322335,49.278405,-123.124307,14,1.0763
322335,49.242624,-123.118154,140,5.3743
322335,49.242558,-123.118173,141,5.3818
322335,49.24246,-123.118195,142,5.3928
322335,49.242381,-123.11822,143,5.4018
322335,49.242298,-123.118231,144,5.411
322335,49.242204,-123.118238,145,5.4215
322335,49.241547,-123.118278,146,5.4946
322335,49.241204,-123.118292,147,5.5328
322335,49.240881,-123.118277,148,5.5687
322335,49.240808,-123.118262,149,5.5769
322335,49.278176,-123.124604,15,1.1097
322335,49.240737,-123.11824,150,5.585
322335,49.240668,-123.118209,151,5.593
322335,49.24062,-123.118187,152,5.5985
322335,49.240573,-123.118165,153,5.604
322335,49.24054,-123.118143,154,5.608
322335,49.240501,-123.118123,155,5.6126
322335,49.240461,-123.118098,156,5.6174
322335,49.240423,-123.118061,157,5.6224
322335,49.240386,-123.11803,158,5.6271
322335,49.240318,-123.117963,159,5.6361
322335,49.277986,-123.124757,16,1.1336
322335,49.240216,-123.117864,160,5.6495
322335,49.239031,-123.116557,161,5.8121
322335,49.238795,-123.116282,162,5.8451
322335,49.238735,-123.11622,163,5.8532
322335,49.2387,-123.116184,164,5.8579
322335,49.238662,-123.116145,165,5.863
322335,49.238604,-123.116109,166,5.8699
322335,49.238546,-123.116056,167,5.8774
322335,49.238465,-123.115996,168,5.8875
322335,49.238367,-123.115948,169,5.8989
322335,49.277848,-123.124844,17,1.1502
322335,49.238258,-123.115897,170,5.9116
322335,49.238187,-123.115875,171,5.9196
322335,49.237872,-123.115855,172,5.9547
322335,49.236397,-123.115933,173,6.1188
322335,49.210219,-123.116967,174,9.0312
322335,49.210045,-123.116998,175,9.0507
322335,49.20944,-123.116964,176,9.118
322335,49.209065,-123.117007,177,9.1598
322335,49.208719,-123.117072,178,9.1986
322335,49.208538,-123.117176,179,9.2201
322335,49.277714,-123.124931,18,1.1664
322335,49.208445,-123.117202,180,9.2306
322335,49.208297,-123.117261,181,9.2476
322335,49.208101,-123.117321,182,9.2698
322335,49.207965,-123.117327,183,9.285
322335,49.205235,-123.117468,184,9.5888
322335,49.204225,-123.117527,185,9.7012
322335,49.203253,-123.11762,186,9.8095
322335,49.202367,-123.117694,187,9.9082
322335,49.20141,-123.117801,188,10.0149
322335,49.200452,-123.117902,189,10.1217
322335,49.277614,-123.124967,19,1.1778
322335,49.200159,-123.117983,190,10.1548
322335,49.199934,-123.118086,191,10.1809
322335,49.199643,-123.118299,192,10.2168
322335,49.199502,-123.118443,193,10.2357
322335,49.199048,-123.118954,194,10.2984
322335,49.198348,-123.119823,195,10.3988
322335,49.197905,-123.120416,196,10.4643
322335,49.197617,-123.121014,197,10.5184
322335,49.197389,-123.121596,198,10.5678
322335,49.19699,-123.122832,199,10.6682
322335,49.284626,-123.114925,2,0.1042
322335,49.277495,-123.12501,20,1.1914
322335,49.196748,-123.123574,200,10.7286
322335,49.196555,-123.123998,201,10.7663
322335,49.196346,-123.124339,202,10.8003
322335,49.195879,-123.125319,203,10.8886
322335,49.194762,-123.127763,204,11.1058
322335,49.194502,-123.128384,205,11.1595
322335,49.194359,-123.128724,206,11.1889
322335,49.194072,-123.129253,207,11.239
322335,49.193874,-123.129516,208,11.2682
322335,49.193557,-123.129796,209,11.3089
322335,49.277362,-123.125053,21,1.2065
322335,49.193453,-123.129855,210,11.3213
322335,49.193311,-123.129944,211,11.3383
322335,49.193174,-123.12999,212,11.3539
322335,49.193009,-123.130034,213,11.3726
322335,49.192767,-123.130046,214,11.3995
322335,49.192548,-123.130066,215,11.4239
322335,49.192194,-123.130073,216,11.4633
322335,49.191713,-123.130069,217,11.5168
322335,49.191466,-123.130069,218,11.5442
322335,49.191326,-123.130087,219,11.5599
322335,49.277228,-123.12506,22,1.2215
322335,49.191167,-123.130137,220,11.5779
322335,49.191017,-123.130182,221,11.5949
322335,49.190893,-123.130236,222,11.6093
322335,49.190806,-123.130278,223,11.6194
322335,49.190703,-123.130335,224,11.6316
322335,49.190606,-123.130394,225,11.6432
322335,49.190522,-123.130454,226,11.6535
322335,49.190398,-123.130545,227,11.6688
322335,49.190312,-123.130607,228,11.6794
322335,49.190186,-123.130734,229,11.6962
322335,49.277076,-123.125053,23,1.2384
322335,49.190073,-123.130854,230,11.7115
322335,49.189357,-123.131652,231,11.8101
322335,49.188713,-123.132364,232,11.8986
322335,49.187885,-123.13322,233,12.0098
322335,49.187622,-123.133479,234,12.0446
322335,49.185968,-123.135123,235,12.2642
322335,49.185351,-123.135721,236,12.3455
322335,49.185192,-123.135874,237,12.3664
322335,49.185023,-123.136011,238,12.3876
322335,49.184827,-123.136135,239,12.4112
322335,49.276914,-123.12503,24,1.2565
322335,49.184725,-123.136187,240,12.4232
322335,49.184554,-123.136241,241,12.4426
322335,49.184371,-123.13628,242,12.4632
322335,49.183641,-123.13633,243,12.5444
322335,49.183172,-123.136362,244,12.5967
322335,49.182887,-123.13638,245,12.6284
322335,49.182662,-123.136397,246,12.6534
322335,49.182186,-123.136433,247,12.7064
322335,49.181889,-123.136458,248,12.7395
322335,49.181033,-123.136458,249,12.8347
322335,49.276757,-123.124979,25,1.2743
322335,49.179862,-123.136452,250,12.9649
322335,49.178897,-123.136452,251,13.0723
322335,49.178534,-123.136456,252,13.1126
322335,49.178191,-123.136453,253,13.1508
322335,49.177802,-123.136449,254,13.194
322335,49.177463,-123.136448,255,13.2317
322335,49.176634,-123.136449,256,13.3239
322335,49.175998,-123.136447,257,13.3947
322335,49.175428,-123.136456,258,13.4581
322335,49.175067,-123.136457,259,13.4982
322335,49.276591,-123.124928,26,1.2931
322335,49.174445,-123.136453,260,13.5674
322335,49.174085,-123.136449,261,13.6074
322335,49.173616,-123.136445,262,13.6596
322335,49.17209,-123.136428,263,13.8293
322335,49.171542,-123.136385,264,13.8903
322335,49.171041,-123.136329,265,13.9462
322335,49.170568,-123.136307,266,13.9988
322335,49.16996,-123.136308,267,14.0664
322335,49.169876,-123.136308,268,14.0758
322335,49.168081,-123.136329,269,14.2754
322335,49.276443,-123.124833,27,1.311
322335,49.16753,-123.13633,270,14.3367
322335,49.276301,-123.124738,28,1.3282
322335,49.276101,-123.124548,29,1.3544
322335,49.283621,-123.11645,3,0.2617
322335,49.275965,-123.124395,30,1.3732
322335,49.275794,-123.12414,31,1.3998
322335,49.275595,-123.123849,32,1.4304
322335,49.275428,-123.123586,33,1.4571
322335,49.275262,-123.123317,34,1.484
322335,49.275115,-123.123091,35,1.5072
322335,49.274179,-123.121633,36,1.6558
322335,49.273701,-123.120879,37,1.7322
322335,49.273482,-123.120581,38,1.7648
322335,49.273326,-123.120376,39,1.7877
322335,49.283612,-123.116463,4,0.2631
322335,49.273207,-123.120238,40,1.8043
322335,49.27302,-123.120052,41,1.8291
322335,49.272457,-123.119636,42,1.8987
322335,49.271707,-123.119274,43,1.9861
322335,49.271201,-123.118989,44,2.0461
322335,49.270744,-123.11877,45,2.0994
322335,49.27023,-123.118463,46,2.1608
322335,49.269759,-123.118135,47,2.2183
322335,49.269691,-123.118074,48,2.2271
322335,49.269281,-123.117719,49,2.2795
322335,49.282454,-123.118219,5,0.4445
322335,49.268477,-123.116931,50,2.3857
322335,49.268277,-123.116735,51,2.4122
322335,49.268013,-123.11645,52,2.4481
322335,49.267749,-123.116188,53,2.4831
322335,49.267507,-123.115947,54,2.5152
322335,49.267328,-123.115772,55,2.5389
322335,49.267143,-123.11563,56,2.5619
322335,49.266686,-123.115378,57,2.6159
322335,49.266452,-123.115268,58,2.6432
322335,49.266294,-123.115181,59,2.6618
322335,49.281373,-123.119869,6,0.6144
322335,49.26601,-123.11506,60,2.6946
322335,49.265689,-123.114895,61,2.7323
322335,49.265613,-123.114862,62,2.7411
322335,49.265516,-123.114821,63,2.7523
322335,49.265442,-123.114794,64,2.7607
322335,49.26537,-123.114771,65,2.7689
322335,49.265293,-123.114746,66,2.7777
322335,49.265167,-123.114722,67,2.7918
322335,49.265063,-123.114703,68,2.8034
322335,49.264854,-123.1147,69,2.8267
322335,49.280325,-123.121449,7,0.7781
322335,49.261606,-123.114852,70,3.1881
322335,49.261219,-123.114883,71,3.2312
322335,49.260121,-123.114942,72,3.3534
322335,49.258908,-123.11499,73,3.4883
322335,49.258245,-123.115007,74,3.5621
322335,49.257826,-123.115002,75,3.6087
322335,49.257308,-123.114997,76,3.6663
322335,49.256691,-123.115,77,3.7349
322335,49.256139,-123.115044,78,3.7964
322335,49.255548,-123.115088,79,3.8622
322335,49.279882,-123.1221,8,0.8465
322335,49.254892,-123.11511,80,3.9351
322335,49.253925,-123.115151,81,4.0427
322335,49.25242,-123.115217,82,4.2102
322335,49.2513,-123.115263,83,4.3348
322335,49.250845,-123.115279,84,4.3854
322335,49.25033,-123.115303,85,4.4427
322335,49.249755,-123.115323,86,4.5067
322335,49.249455,-123.115339,87,4.54
322335,49.248993,-123.115343,88,4.5914
322335,49.248605,-123.115306,89,4.6347
322335,49.279305,-123.122959,9,0.936
322335,49.248305,-123.115276,90,4.6681
322335,49.247844,-123.115246,91,4.7194
322335,49.24744,-123.115251,92,4.7643
322335,49.247058,-123.115268,93,4.8068
322335,49.246714,-123.115293,94,4.8452
322335,49.246369,-123.115303,95,4.8835
322335,49.245904,-123.115318,96,4.9353
322335,49.245582,-123.115336,97,4.9711
322335,49.245356,-123.115344,98,4.9962
322335,49.245219,-123.115373,99,5.0116
322336,49.285294,-123.11392,1,0
322336,49.279148,-123.123217,10,0.9617
322336,49.245162,-123.115382,100,5.018
322336,49.245092,-123.1154,101,5.0259
322336,49.245021,-123.115423,102,5.034
322336,49.244965,-123.115445,103,5.0404
322336,49.244916,-123.11547,104,5.0461
322336,49.244865,-123.115494,105,5.0521
322336,49.244823,-123.115512,106,5.0569
322336,49.244788,-123.115532,107,5.0611
322336,49.244753,-123.115555,108,5.0653
322336,49.244723,-123.115579,109,5.0691
322336,49.278851,-123.123658,11,1.0077
322336,49.244692,-123.115604,110,5.073
322336,49.244661,-123.115622,111,5.0767
322336,49.244631,-123.11564,112,5.0802
322336,49.244596,-123.115669,113,5.0847
322336,49.244565,-123.1157,114,5.0888
322336,49.244528,-123.115738,115,5.0938
322336,49.244505,-123.115764,116,5.0969
322336,49.244465,-123.115802,117,5.1022
322336,49.244402,-123.115862,118,5.1104
322336,49.244346,-123.115927,119,5.1183
322336,49.27872,-123.123871,12,1.029
322336,49.244296,-123.116,120,5.1259
322336,49.24426,-123.116047,121,5.1312
322336,49.244218,-123.116107,122,5.1376
322336,49.244175,-123.116172,123,5.1443
322336,49.244144,-123.116219,124,5.1492
322336,49.244105,-123.116275,125,5.1551
322336,49.244055,-123.116379,126,5.1645
322336,49.243938,-123.116581,127,5.1842
322336,49.243888,-123.116673,128,5.1929
322336,49.243827,-123.116788,129,5.2037
322336,49.278572,-123.124096,13,1.0522
322336,49.243764,-123.116898,130,5.2143
322336,49.243617,-123.117185,131,5.2408
322336,49.243474,-123.117419,132,5.2641
322336,49.243369,-123.117572,133,5.2803
322336,49.243267,-123.117695,134,5.2947
322336,49.243122,-123.117846,135,5.3143
322336,49.243015,-123.117946,136,5.3282
322336,49.242896,-123.118016,137,5.3424
322336,49.242804,-123.118074,138,5.3535
322336,49.242733,-123.118107,139,5.3617
322336,49.278405,-123.124307,14,1.0763
322336,49.242624,-123.118154,140,5.3743
322336,49.242558,-123.118173,141,5.3818
322336,49.24246,-123.118195,142,5.3928
322336,49.242381,-123.11822,143,5.4018
322336,49.242298,-123.118231,144,5.411
322336,49.242204,-123.118238,145,5.4215
322336,49.241547,-123.118278,146,5.4946
322336,49.241204,-123.118292,147,5.5328
322336,49.240881,-123.118277,148,5.5687
322336,49.240808,-123.118262,149,5.5769
322336,49.278176,-123.124604,15,1.1097
322336,49.240737,-123.11824,150,5.585
322336,49.240668,-123.118209,151,5.593
322336,49.24062,-123.118187,152,5.5985
322336,49.240573,-123.118165,153,5.604
322336,49.24054,-123.118143,154,5.608
322336,49.240501,-123.118123,155,5.6126
322336,49.240461,-123.118098,156,5.6174
322336,49.240423,-123.118061,157,5.6224
322336,49.240386,-123.11803,158,5.6271
322336,49.240318,-123.117963,159,5.6361
322336,49.277986,-123.124757,16,1.1336
322336,49.240216,-123.117864,160,5.6495
322336,49.239031,-123.116557,161,5.8121
322336,49.238795,-123.116282,162,5.8451
322336,49.238735,-123.11622,163,5.8532
322336,49.2387,-123.116184,164,5.8579
322336,49.238662,-123.116145,165,5.863
322336,49.238604,-123.116109,166,5.8699
322336,49.238546,-123.116056,167,5.8774
322336,49.238465,-123.115996,168,5.8875
322336,49.238367,-123.115948,169,5.8989
322336,49.277848,-123.124844,17,1.1502
322336,49.238258,-123.115897,170,5.9116
322336,49.238187,-123.115875,171,5.9196
322336,49.237872,-123.115855,172,5.9547
322336,49.236397,-123.115933,173,6.1188
322336,49.210219,-123.116967,174,9.0312
322336,49.210045,-123.116998,175,9.0507
322336,49.20944,-123.116964,176,9.118
322336,49.209065,-123.117007,177,9.1598
322336,49.208719,-123.117072,178,9.1986
322336,49.208538,-123.117176,179,9.2201
322336,49.277714,-123.124931,18,1.1664
322336,49.208445,-123.117202,180,9.2306
322336,49.208297,-123.117261,181,9.2476
322336,49.208101,-123.117321,182,9.2698
322336,49.207965,-123.117327,183,9.285
322336,49.205235,-123.117468,184,9.5888
322336,49.204225,-123.117527,185,9.7012
322336,49.203253,-123.11762,186,9.8095
322336,49.202367,-123.117694,187,9.9082
322336,49.20141,-123.117801,188,10.0149
322336,49.200452,-123.117902,189,10.1217
322336,49.277614,-123.124967,19,1.1778
322336,49.200159,-123.117983,190,10.1548
322336,49.199934,-123.118086,191,10.1809
322336,49.199643,-123.118299,192,10.2168
322336,49.199502,-123.118443,193,10.2357
322336,49.199048,-123.118954,194,10.2984
322336,49.198348,-123.119823,195,10.3988
322336,49.197905,-123.120416,196,10.4643
322336,49.197617,-123.121014,197,10.5184
322336,49.197389,-123.121596,198,10.5678
322336,49.19699,-123.122832,199,10.6682
322336,49.284626,-123.114925,2,0.1042
322336,49.277495,-123.12501,20,1.1914
322336,49.196748,-123.123574,200,10.7286
322336,49.196555,-123.123998,201,10.7663
322336,49.196346,-123.124339,202,10.8003
322336,49.195879,-123.125319,203,10.8886
322336,49.194762,-123.127763,204,11.1058
322336,49.194502,-123.128384,205,11.1595
322336,49.194375,-123.128923,206,11.2012
322336,49.194329,-123.129331,207,11.2314
322336,49.194333,-123.129546,208,11.2471
322336,49.194347,-123.129835,209,11.2682
322336,49.277362,-123.125053,21,1.2065
322336,49.194368,-123.130113,210,11.2886
322336,49.194506,-123.130647,211,11.3305
322336,49.194812,-123.131458,212,11.3987
322336,49.195242,-123.132494,213,11.488
322336,49.195439,-123.133198,214,11.5438
322336,49.195474,-123.133424,215,11.5608
322336,49.19552,-123.133726,216,11.5834
322336,49.195612,-123.134438,217,11.6362
322336,49.195863,-123.136598,218,11.7961
322336,49.195952,-123.137345,219,11.8515
322336,49.277228,-123.12506,22,1.2215
322336,49.196474,-123.1417,220,12.1741
322336,49.196576,-123.142518,221,12.2348
322336,49.196834,-123.144638,222,12.392
322336,49.196841,-123.144992,223,12.4178
322336,49.196834,-123.145264,224,12.4376
322336,49.196794,-123.145699,225,12.4697
322336,49.196556,-123.147065,226,12.5727
322336,49.196445,-123.147686,227,12.6196
322336,49.196402,-123.147935,228,12.6384
322336,49.196342,-123.148162,229,12.6562
322336,49.277076,-123.125053,23,1.2384
322336,49.196188,-123.148617,230,12.6935
322336,49.196079,-123.148837,231,12.7136
322336,49.195588,-123.149702,232,12.797
322336,49.194771,-123.151166,233,12.9372
322336,49.194622,-123.151415,234,12.9617
322336,49.194156,-123.152245,235,13.0414
322336,49.194013,-123.152494,236,13.0655
322336,49.19381,-123.152911,237,13.1034
322336,49.193622,-123.15336,238,13.1422
322336,49.193434,-123.15389,239,13.1862
322336,49.276914,-123.12503,24,1.2565
322336,49.19329,-123.154426,240,13.2284
322336,49.193138,-123.155106,241,13.2808
322336,49.193092,-123.155519,242,13.3113
322336,49.193065,-123.156098,243,13.3536
322336,49.193031,-123.157151,244,13.4304
322336,49.193028,-123.160985,245,13.7099
322336,49.193045,-123.163722,246,13.9094
322336,49.193044,-123.164403,247,13.959
322336,49.193047,-123.164934,248,13.9977
322336,49.193057,-123.165997,249,14.0752
322336,49.276757,-123.124979,25,1.2743
322336,49.193095,-123.166733,250,14.129
322336,49.193136,-123.167169,251,14.1611
322336,49.193347,-123.169094,252,14.3034
322336,49.193514,-123.170575,253,14.4129
322336,49.193633,-123.171584,254,14.4877
322336,49.193658,-123.172219,255,14.534
322336,49.193646,-123.173475,256,14.6256
322336,49.193666,-123.173733,257,14.6445
322336,49.193722,-123.174291,258,14.6857
322336,49.194309,-123.179452,259,15.0675
322336,49.276591,-123.124928,26,1.2931
322336,49.276443,-123.124833,27,1.311
322336,49.276301,-123.124738,28,1.3282
322336,49.276101,-123.124548,29,1.3544
322336,49.283621,-123.11645,3,0.2617
322336,49.275965,-123.124395,30,1.3732
322336,49.275794,-123.12414,31,1.3998
322336,49.275595,-123.123849,32,1.4304
322336,49.275428,-123.123586,33,1.4571
322336,49.275262,-123.123317,34,1.484
322336,49.275115,-123.123091,35,1.5072
322336,49.274179,-123.121633,36,1.6558
322336,49.273701,-123.120879,37,1.7322
322336,49.273482,-123.120581,38,1.7648
322336,49.273326,-123.120376,39,1.7877
322336,49.283612,-123.116463,4,0.2631
322336,49.273207,-123.120238,40,1.8043
322336,49.27302,-123.120052,41,1.8291
322336,49.272457,-123.119636,42,1.8987
322336,49.271707,-123.119274,43,1.9861
322336,49.271201,-123.118989,44,2.0461
322336,49.270744,-123.11877,45,2.0994
322336,49.27023,-123.118463,46,2.1608
322336,49.269759,-123.118135,47,2.2183
322336,49.269691,-123.118074,48,2.2271
322336,49.269281,-123.117719,49,2.2795
322336,49.282454,-123.118219,5,0.4445
322336,49.268477,-123.116931,50,2.3857
322336,49.268277,-123.116735,51,2.4122
322336,49.268013,-123.11645,52,2.4481
322336,49.267749,-123.116188,53,2.4831
322336,49.267507,-123.115947,54,2.5152
322336,49.267328,-123.115772,55,2.5389
322336,49.267143,-123.11563,56,2.5619
322336,49.266686,-123.115378,57,2.6159
322336,49.266452,-123.115268,58,2.6432
322336,49.266294,-123.115181,59,2.6618
322336,49.281373,-123.119869,6,0.6144
322336,49.26601,-123.11506,60,2.6946
322336,49.265689,-123.114895,61,2.7323
322336,49.265613,-123.114862,62,2.7411
322336,49.265516,-123.114821,63,2.7523
322336,49.265442,-123.114794,64,2.7607
322336,49.26537,-123.114771,65,2.7689
322336,49.265293,-123.114746,66,2.7777
322336,49.265167,-123.114722,67,2.7918
322336,49.265063,-123.114703,68,2.8034
322336,49.264854,-123.1147,69,2.8267
322336,49.280325,-123.121449,7,0.7781
322336,49.261606,-123.114852,70,3.1881
322336,49.261219,-123.114883,71,3.2312
322336,49.260121,-123.114942,72,3.3534
322336,49.258908,-123.11499,73,3.4883
322336,49.258245,-123.115007,74,3.5621
322336,49.257826,-123.115002,75,3.6087
322336,49.257308,-123.114997,76,3.6663
322336,49.256691,-123.115,77,3.7349
322336,49.256139,-123.115044,78,3.7964
322336,49.255548,-123.115088,79,3.8622
322336,49.279882,-123.1221,8,0.8465
322336,49.254892,-123.11511,80,3.9351
322336,49.253925,-123.115151,81,4.0427
322336,49.25242,-123.115217,82,4.2102
322336,49.2513,-123.115263,83,4.3348
322336,49.250845,-123.115279,84,4.3854
322336,49.25033,-123.115303,85,4.4427
322336,49.249755,-123.115323,86,4.5067
322336,49.249455,-123.115339,87,4.54
322336,49.248993,-123.115343,88,4.5914
322336,49.248605,-123.115306,89,4.6347
322336,49.279305,-123.122959,9,0.936
322336,49.248305,-123.115276,90,4.6681
322336,49.247844,-123.115246,91,4.7194
322336,49.24744,-123.115251,92,4.7643
322336,49.247058,-123.115268,93,4.8068
322336,49.246714,-123.115293,94,4.8452
322336,49.246369,-123.115303,95,4.8835
322336,49.245904,-123.115318,96,4.9353
322336,49.245582,-123.115336,97,4.9711
322336,49.245356,-123.115344,98,4.9962
322336,49.245219,-123.115373,99,5.0116
322339,49.266298,-123.081936,1,0
322339,49.263275,-123.069306,10,0.9826
322339,49.266488,-123.005186,100,6.101
322339,49.266479,-123.004809,101,6.1284
322339,49.266448,-123.003897,102,6.1949
322339,49.26642,-123.003167,103,6.2481
322339,49.266396,-123.00223,104,6.3164
322339,49.266383,-123.001723,105,6.3533
322339,49.266364,-123.000915,106,6.4122
322339,49.266352,-123.000375,107,6.4515
322339,49.266314,-122.998972,108,6.5537
322339,49.266299,-122.998283,109,6.6039
322339,49.263151,-123.068963,11,1.0111
322339,49.266277,-122.997863,110,6.6345
322339,49.266259,-122.997617,111,6.6525
322339,49.266229,-122.997285,112,6.6769
322339,49.266198,-122.997023,113,6.6963
322339,49.26617,-122.996826,114,6.711
322339,49.266137,-122.996599,115,6.7279
322339,49.266072,-122.996236,116,6.7553
322339,49.265983,-122.995795,117,6.7889
322339,49.265913,-122.995507,118,6.8112
322339,49.265821,-122.995167,119,6.838
322339,49.262208,-123.066662,12,1.2087
322339,49.265732,-122.994875,120,6.8615
322339,49.265605,-122.994464,121,6.8945
322339,49.265474,-122.994073,122,6.9265
322339,49.2653,-122.993526,123,6.9708
322339,49.26521,-122.99324,124,6.9939
322339,49.265147,-122.99301,125,7.012
322339,49.265075,-122.992708,126,7.0354
322339,49.265035,-122.992533,127,7.0489
322339,49.265008,-122.992384,128,7.0602
322339,49.264979,-122.992193,129,7.0744
322339,49.258584,-123.057634,13,1.9796
322339,49.264946,-122.991962,130,7.0916
322339,49.264923,-122.991749,131,7.1074
322339,49.264907,-122.991519,132,7.1242
322339,49.264893,-122.991321,133,7.1387
322339,49.264888,-122.991141,134,7.1518
322339,49.264882,-122.990765,135,7.1792
322339,49.264882,-122.988845,136,7.3189
322339,49.264882,-122.988345,137,7.3553
322339,49.264882,-122.987005,138,7.4528
322339,49.264882,-122.985824,139,7.5388
322339,49.258324,-123.056944,14,2.0376
322339,49.26488,-122.984842,140,7.6103
322339,49.264873,-122.98465,141,7.6243
322339,49.264868,-122.984462,142,7.638
322339,49.264861,-122.984238,143,7.6543
322339,49.264849,-122.983911,144,7.6781
322339,49.264824,-122.983504,145,7.7079
322339,49.264797,-122.983052,146,7.7409
322339,49.264777,-122.982795,147,7.7597
322339,49.264686,-122.981555,148,7.8506
322339,49.264645,-122.98104,149,7.8883
322339,49.258051,-123.055839,15,2.1236
322339,49.264624,-122.980765,150,7.9085
322339,49.264607,-122.980543,151,7.9247
322339,49.264584,-122.980326,152,7.9407
322339,49.264564,-122.980159,153,7.9531
322339,49.264541,-122.980004,154,7.9647
322339,49.264518,-122.979852,155,7.976
322339,49.264486,-122.979662,156,7.9903
322339,49.264456,-122.9795,157,8.0025
322339,49.264424,-122.979344,158,8.0144
322339,49.264379,-122.979147,159,8.0296
322339,49.257943,-123.05513,16,2.1766
322339,49.264335,-122.978979,160,8.0428
322339,49.264292,-122.978836,161,8.0543
322339,49.264209,-122.978576,162,8.0753
322339,49.264132,-122.978352,163,8.0937
322339,49.263474,-122.976502,164,8.247
322339,49.262852,-122.974761,165,8.3914
322339,49.262709,-122.974357,166,8.4248
322339,49.261978,-122.972453,167,8.5855
322339,49.261807,-122.972019,168,8.6223
322339,49.261667,-122.971656,169,8.653
322339,49.257875,-123.054495,17,2.2234
322339,49.261525,-122.971286,170,8.6842
322339,49.261382,-122.970892,171,8.717
322339,49.261045,-122.969919,172,8.7971
322339,49.260875,-122.969427,173,8.8376
322339,49.260602,-122.968643,174,8.9023
322339,49.260404,-122.968152,175,8.9443
322339,49.260012,-122.967275,176,9.0216
322339,49.259801,-122.966811,177,9.0627
322339,49.259725,-122.966643,178,9.0775
322339,49.259666,-122.966511,179,9.0892
322339,49.257845,-123.053906,18,2.2664
322339,49.25961,-122.96638,180,9.1006
322339,49.259557,-122.966245,181,9.112
322339,49.259514,-122.966122,182,9.1222
322339,49.259476,-122.966005,183,9.1317
322339,49.259421,-122.965814,184,9.1469
322339,49.259386,-122.965676,185,9.1577
322339,49.259344,-122.965464,186,9.1738
322339,49.25931,-122.965265,187,9.1887
322339,49.25928,-122.965028,188,9.2063
322339,49.259256,-122.964812,189,9.2223
322339,49.257847,-123.053495,19,2.2963
322339,49.25924,-122.964635,190,9.2353
322339,49.259151,-122.963746,191,9.3007
322339,49.259091,-122.963147,192,9.3448
322339,49.259044,-122.962692,193,9.3784
322339,49.25899,-122.962161,194,9.4175
322339,49.258961,-122.961858,195,9.4398
322339,49.258925,-122.961497,196,9.4664
322339,49.258895,-122.961204,197,9.4879
322339,49.25881,-122.960347,198,9.551
322339,49.258778,-122.960028,199,9.5745
322339,49.265673,-123.078159,2,0.2835
322339,49.257857,-123.052992,20,2.333
322339,49.258744,-122.959689,200,9.5995
322339,49.258703,-122.959284,201,9.6293
322339,49.258675,-122.958976,202,9.652
322339,49.258647,-122.958659,203,9.6753
322339,49.258626,-122.958388,204,9.6951
322339,49.258605,-122.958083,205,9.7174
322339,49.258587,-122.957768,206,9.7405
322339,49.258571,-122.957494,207,9.7605
322339,49.25856,-122.957229,208,9.7798
322339,49.258553,-122.956988,209,9.7974
322339,49.257896,-123.052438,21,2.3735
322339,49.258547,-122.956821,210,9.8095
322339,49.25854,-122.956557,211,9.8288
322339,49.258538,-122.956328,212,9.8454
322339,49.258535,-122.956157,213,9.8579
322339,49.258532,-122.955865,214,9.8792
322339,49.258532,-122.955334,215,9.9178
322339,49.258531,-122.955091,216,9.9355
322339,49.258528,-122.954799,217,9.9568
322339,49.258523,-122.954465,218,9.9811
322339,49.258516,-122.954277,219,9.9948
322339,49.258053,-123.051273,22,2.4601
322339,49.258507,-122.9541,220,10.0077
322339,49.258494,-122.953907,221,10.0218
322339,49.258476,-122.953724,222,10.0353
322339,49.258443,-122.953463,223,10.0547
322339,49.258382,-122.953107,224,10.0814
322339,49.258316,-122.952797,225,10.1052
322339,49.258229,-122.952429,226,10.1336
322339,49.258123,-122.952024,227,10.1654
322339,49.258045,-122.951737,228,10.188
322339,49.25799,-122.95155,229,10.2029
322339,49.25822,-123.050169,23,2.5426
322339,49.25792,-122.951316,230,10.2217
322339,49.257831,-122.95103,231,10.2447
322339,49.257439,-122.949832,232,10.3422
322339,49.25726,-122.949282,233,10.3869
322339,49.257157,-122.948964,234,10.4128
322339,49.257067,-122.948685,235,10.4354
322339,49.25696,-122.948365,236,10.4616
322339,49.256776,-122.947801,237,10.5074
322339,49.256561,-122.947126,238,10.5621
322339,49.25629,-122.946289,239,10.6301
322339,49.258538,-123.0481,24,2.6973
322339,49.256104,-122.945719,240,10.6764
322339,49.255512,-122.943906,241,10.8239
322339,49.255379,-122.943501,242,10.8569
322339,49.255181,-122.942894,243,10.9063
322339,49.255099,-122.942636,244,10.9271
322339,49.255058,-122.942494,245,10.9384
322339,49.255015,-122.942339,246,10.9507
322339,49.254969,-122.942149,247,10.9654
322339,49.254943,-122.942033,248,10.9744
322339,49.254922,-122.941931,249,10.9822
322339,49.258715,-123.046933,25,2.7845
322339,49.254905,-122.941832,250,10.9896
322339,49.254878,-122.941659,251,11.0026
322339,49.254854,-122.941486,252,11.0154
322339,49.254828,-122.941249,253,11.0329
322339,49.254789,-122.940849,254,11.0624
322339,49.254726,-122.940188,255,11.111
322339,49.254569,-122.938457,256,11.2382
322339,49.254513,-122.93787,257,11.2814
322339,49.254479,-122.937521,258,11.3071
322339,49.254461,-122.937264,259,11.3259
322339,49.259075,-123.044228,26,2.9854
322339,49.25445,-122.937078,260,11.3395
322339,49.254439,-122.93684,261,11.3569
322339,49.254419,-122.936153,262,11.4069
322339,49.254394,-122.9351,263,11.4836
322339,49.254376,-122.934274,264,11.5438
322339,49.254369,-122.933288,265,11.6156
322339,49.254369,-122.932603,266,11.6654
322339,49.254371,-122.932187,267,11.6957
322339,49.254375,-122.931967,268,11.7117
322339,49.254384,-122.930191,269,11.841
322339,49.259206,-123.043066,27,3.0712
322339,49.254381,-122.929402,270,11.8985
322339,49.254376,-122.928081,271,11.9947
322339,49.254376,-122.927625,272,12.0278
322339,49.254369,-122.926474,273,12.1116
322339,49.254363,-122.926219,274,12.1302
322339,49.254356,-122.925949,275,12.1499
322339,49.254346,-122.925724,276,12.1663
322339,49.254326,-122.925421,277,12.1885
322339,49.254305,-122.925164,278,12.2073
322339,49.254277,-122.924877,279,12.2285
322339,49.259297,-123.042056,28,3.1455
322339,49.254251,-122.924654,280,12.2449
322339,49.25413,-122.923771,281,12.3106
322339,49.254019,-122.922982,282,12.3694
322339,49.253961,-122.922571,283,12.4
322339,49.253894,-122.9221,284,12.4351
322339,49.253848,-122.92177,285,12.4596
322339,49.25381,-122.921481,286,12.4811
322339,49.253792,-122.921327,287,12.4925
322339,49.253774,-122.921135,288,12.5066
322339,49.253748,-122.920826,289,12.5293
322339,49.259417,-123.041097,29,3.2165
322339,49.253682,-122.92009,290,12.5834
322339,49.253634,-122.9197,291,12.6122
322339,49.253586,-122.919308,292,12.6413
322339,49.253506,-122.918732,293,12.6841
322339,49.25333,-122.917525,294,12.7742
322339,49.253151,-122.916264,295,12.8681
322339,49.253115,-122.916051,296,12.8841
322339,49.253031,-122.915555,297,12.9214
322339,49.252975,-122.915169,298,12.9502
322339,49.252936,-122.914903,299,12.97
322339,49.265505,-123.077123,3,0.3612
322339,49.260172,-123.035441,30,3.6367
322339,49.252912,-122.91474,300,12.9822
322339,49.252856,-122.914348,301,13.0114
322339,49.252754,-122.913636,302,13.0645
322339,49.252678,-122.913102,303,13.1043
322339,49.252601,-122.912548,304,13.1455
322339,49.252523,-122.912004,305,13.186
322339,49.252267,-122.910207,306,13.3199
322339,49.252206,-122.909773,307,13.3522
322339,49.252146,-122.909404,308,13.3799
322339,49.252065,-122.908976,309,13.4124
322339,49.26028,-123.034719,31,3.6906
322339,49.25198,-122.908564,310,13.4438
322339,49.251816,-122.907811,311,13.5016
322339,49.251752,-122.907522,312,13.5238
322339,49.251729,-122.907421,313,13.5316
322339,49.251707,-122.90732,314,13.5393
322339,49.25167,-122.907146,315,13.5526
322339,49.251652,-122.90705,316,13.5599
322339,49.251629,-122.906935,317,13.5687
322339,49.251607,-122.906812,318,13.5779
322339,49.251578,-122.906656,319,13.5898
322339,49.260316,-123.034518,32,3.7058
322339,49.251555,-122.906519,320,13.6
322339,49.251525,-122.906339,321,13.6136
322339,49.251506,-122.906228,322,13.6219
322339,49.251455,-122.905891,323,13.6471
322339,49.251365,-122.905251,324,13.6948
322339,49.251312,-122.904883,325,13.7222
322339,49.251256,-122.904495,326,13.7511
322339,49.251212,-122.904222,327,13.7716
322339,49.251203,-122.904169,328,13.7756
322339,49.251162,-122.903947,329,13.7924
322339,49.260451,-123.033984,33,3.7475
322339,49.251118,-122.903714,330,13.81
322339,49.251065,-122.903464,331,13.8292
322339,49.251027,-122.903289,332,13.8426
322339,49.251021,-122.903259,333,13.8449
322339,49.251002,-122.903172,334,13.8515
322339,49.250944,-122.902937,335,13.8698
322339,49.250844,-122.902541,336,13.9007
322339,49.250793,-122.902358,337,13.9152
322339,49.250773,-122.902294,338,13.9204
322339,49.250618,-122.901805,339,13.9599
322339,49.26095,-123.032216,34,3.8876
322339,49.250602,-122.901754,340,13.964
322339,49.250572,-122.90167,341,13.971
322339,49.250554,-122.901621,342,13.9751
322339,49.250534,-122.901564,343,13.9798
322339,49.250469,-122.901382,344,13.9949
322339,49.250379,-122.901146,345,14.0148
322339,49.250278,-122.900898,346,14.036
322339,49.25019,-122.900687,347,14.0543
322339,49.250059,-122.9004,348,14.0797
322339,49.249991,-122.900253,349,14.0928
322339,49.261216,-123.031301,35,3.9605
322339,49.249905,-122.90008,350,14.1087
322339,49.249718,-122.899721,351,14.1421
322339,49.249655,-122.8996,352,14.1533
322339,49.24958,-122.899454,353,14.1668
322339,49.249518,-122.899302,354,14.1799
322339,49.249505,-122.89927,355,14.1826
322339,49.249456,-122.89914,356,14.1935
322339,49.249431,-122.89907,357,14.1993
322339,49.249272,-122.898636,358,14.2355
322339,49.249244,-122.898559,359,14.242
322339,49.261448,-123.030579,36,4.019
322339,49.249115,-122.898205,360,14.2715
322339,49.249017,-122.897924,361,14.2946
322339,49.248893,-122.897561,362,14.3244
322339,49.248014,-122.895901,363,14.4799
322339,49.247322,-122.894612,364,14.6013
322339,49.247258,-122.894439,365,14.6157
322339,49.247224,-122.894274,366,14.6283
322339,49.24721,-122.894082,367,14.6424
322339,49.247222,-122.893841,368,14.66
322339,49.247245,-122.893713,369,14.6697
322339,49.261928,-123.029168,37,4.1348
322339,49.24731,-122.893495,370,14.6871
322339,49.247393,-122.89332,371,14.7028
322339,49.247514,-122.893154,372,14.7209
322339,49.24764,-122.893034,373,14.7374
322339,49.247748,-122.892985,374,14.75
322339,49.247927,-122.892906,375,14.7707
322339,49.248159,-122.892839,376,14.7969
322339,49.248642,-122.892846,377,14.8507
322339,49.25068,-122.892892,378,15.0773
322339,49.256584,-122.89301,379,15.734
322339,49.262099,-123.028615,38,4.1793
322339,49.257918,-122.893026,380,15.8824
322339,49.25821,-122.893021,381,15.9148
322339,49.258333,-122.893033,382,15.9286
322339,49.258447,-122.893013,383,15.9413
322339,49.258492,-122.892998,384,15.9464
322339,49.258568,-122.892972,385,15.9551
322339,49.258684,-122.892912,386,15.9687
322339,49.25878,-122.892855,387,15.9802
322339,49.258952,-122.892755,388,16.0006
322339,49.259099,-122.892648,389,16.0187
322339,49.262186,-123.028327,39,4.2024
322339,49.259215,-122.892553,390,16.0334
322339,49.259359,-122.892428,391,16.0518
322339,49.259503,-122.89226,392,16.072
322339,49.259627,-122.892117,393,16.0892
322339,49.26026,-122.89129,394,16.1819
322339,49.260685,-122.890714,395,16.245
322339,49.261163,-122.890123,396,16.3134
322339,49.26178,-122.889319,397,16.4036
322339,49.261887,-122.889194,398,16.4186
322339,49.262148,-122.888969,399,16.4519
322339,49.26512,-123.075708,4,0.4728
322339,49.262257,-123.028021,40,4.226
322339,49.262416,-122.888799,400,16.4842
322339,49.262973,-122.888536,401,16.549
322339,49.263105,-122.88844,402,16.5653
322339,49.263318,-122.88826,403,16.5924
322339,49.263752,-122.887731,404,16.6541
322339,49.263852,-122.887608,405,16.6684
322339,49.264091,-122.887313,406,16.7025
322339,49.26504,-122.886117,407,16.8394
322339,49.265553,-122.885473,408,16.9132
322339,49.26613,-122.884649,409,17.001
322339,49.262332,-123.027619,41,4.2564
322339,49.266525,-122.884066,410,17.0621
322339,49.267591,-122.882622,411,17.2205
322339,49.267995,-122.882043,412,17.2821
322339,49.268333,-122.881561,413,17.3336
322339,49.268887,-122.880818,414,17.4155
322339,49.270281,-122.878989,415,17.6199
322339,49.271175,-122.877842,416,17.7497
322339,49.271418,-122.877531,417,17.7849
322339,49.271987,-122.876799,418,17.8677
322339,49.272306,-122.876418,419,17.9127
322339,49.262398,-123.027172,42,4.2898
322339,49.272597,-122.876143,420,17.9507
322339,49.272913,-122.875872,421,17.991
322339,49.273436,-122.875483,422,18.0557
322339,49.274382,-122.874818,423,18.1715
322339,49.274703,-122.874575,424,18.2114
322339,49.275181,-122.874257,425,18.2693
322339,49.276053,-122.873652,426,18.3758
322339,49.277137,-122.872878,427,18.5089
322339,49.277343,-122.872748,428,18.5337
322339,49.27751,-122.872611,429,18.5548
322339,49.262443,-123.026592,43,4.3323
322339,49.277634,-122.872479,430,18.5716
322339,49.27801,-122.872071,431,18.6229
322339,49.278396,-122.871526,432,18.6813
322339,49.278689,-122.870972,433,18.7331
322339,49.278931,-122.870382,434,18.7838
322339,49.279115,-122.869672,435,18.8394
322339,49.279201,-122.869313,436,18.8672
322339,49.279272,-122.868853,437,18.9016
322339,49.279331,-122.868326,438,18.9405
322339,49.279342,-122.867985,439,18.9653
322339,49.262449,-123.025848,44,4.3865
322339,49.27933,-122.867422,440,19.0063
322339,49.279241,-122.866498,441,19.0743
322339,49.279131,-122.865435,442,19.1526
322339,49.279072,-122.864909,443,19.1914
322339,49.278912,-122.863622,444,19.2867
322339,49.27884,-122.863035,445,19.3302
322339,49.278788,-122.862599,446,19.3624
322339,49.278746,-122.862253,447,19.388
322339,49.278707,-122.861899,448,19.4142
322339,49.278611,-122.86124,449,19.4633
322339,49.26242,-123.023678,45,4.5444
322339,49.278024,-122.857908,450,19.7144
322339,49.277934,-122.85734,451,19.7569
322339,49.277889,-122.856671,452,19.8058
322339,49.277871,-122.85619,453,19.8409
322339,49.277877,-122.855723,454,19.8749
322339,49.277874,-122.854736,455,19.9467
322339,49.277879,-122.854154,456,19.989
322339,49.278013,-122.851959,457,20.1494
322339,49.278023,-122.851278,458,20.199
322339,49.278015,-122.850455,459,20.2589
322339,49.262419,-123.023612,46,4.5492
322339,49.277998,-122.848921,460,20.3705
322339,49.277977,-122.84778,461,20.4536
322339,49.277937,-122.845022,462,20.6543
322339,49.277923,-122.843731,463,20.7483
322339,49.277937,-122.84294,464,20.8059
322339,49.277938,-122.841739,465,20.8932
322339,49.27793,-122.840157,466,21.0084
322339,49.277863,-122.836836,467,21.2501
322339,49.277832,-122.836173,468,21.2985
322339,49.277808,-122.835819,469,21.3244
322339,49.262419,-123.023534,47,4.5549
322339,49.277781,-122.835505,470,21.3474
322339,49.277715,-122.835196,471,21.3711
322339,49.277645,-122.834587,472,21.4161
322339,49.277631,-122.834235,473,21.4417
322339,49.277612,-122.833946,474,21.4629
322339,49.277615,-122.833707,475,21.4803
322339,49.277648,-122.833436,476,21.5003
322339,49.277652,-122.8334,477,21.503
322339,49.277736,-122.833059,478,21.5295
322339,49.277765,-122.832787,479,21.5495
322339,49.262416,-123.023188,48,4.5801
322339,49.277773,-122.832382,480,21.579
322339,49.27776,-122.832031,481,21.6046
322339,49.277716,-122.831496,482,21.6438
322339,49.277616,-122.830778,483,21.6973
322339,49.277441,-122.829377,484,21.801
322339,49.277379,-122.828927,485,21.8345
322339,49.277212,-122.828037,486,21.9019
322339,49.277,-122.826949,487,21.9845
322339,49.276876,-122.82624,488,22.0379
322339,49.276849,-122.825956,489,22.0588
322339,49.262401,-123.022382,49,4.6388
322339,49.276833,-122.825649,490,22.0812
322339,49.276822,-122.825173,491,22.1158
322339,49.276786,-122.823735,492,22.2205
322339,49.276755,-122.822461,493,22.3133
322339,49.276694,-122.819237,494,22.548
322339,49.276664,-122.818204,495,22.6232
322339,49.276643,-122.816928,496,22.7161
322339,49.276621,-122.816038,497,22.7809
322339,49.276585,-122.814021,498,22.9278
322339,49.276552,-122.812273,499,23.055
322339,49.264419,-123.073515,5,0.6504
322339,49.262393,-123.021765,50,4.6837
322339,49.276531,-122.811123,500,23.1387
322339,49.276512,-122.810021,501,23.2189
322339,49.276529,-122.808283,502,23.3454
322339,49.276514,-122.807585,503,23.3962
322339,49.276472,-122.806985,504,23.4401
322339,49.276144,-122.804786,505,23.6043
322339,49.27599,-122.804093,506,23.6575
322339,49.275453,-122.802578,507,23.7829
322339,49.275229,-122.801979,508,23.8331
322339,49.274873,-122.80076,509,23.9302
322339,49.262369,-123.019927,51,4.8175
322339,49.274744,-122.800303,510,23.9665
322339,49.27465,-122.799973,511,23.9927
322339,49.274613,-122.799694,512,24.0134
322339,49.274627,-122.799352,513,24.0383
322339,49.27465,-122.799218,514,24.0484
322339,49.27469,-122.799076,515,24.0596
322339,49.274747,-122.798928,516,24.0721
322339,49.274972,-122.798667,517,24.1035
322339,49.27542,-122.798347,518,24.1585
322339,49.275755,-122.798061,519,24.2012
322339,49.262343,-123.018001,52,4.9577
322339,49.276267,-122.79757,520,24.2684
322339,49.277238,-122.796633,521,24.3962
322339,49.277928,-122.796067,522,24.4832
322339,49.278808,-122.795374,523,24.5933
322339,49.279605,-122.794725,524,24.6938
322339,49.280035,-122.794333,525,24.7495
322339,49.280547,-122.793867,526,24.8157
322339,49.280812,-122.793626,527,24.85
322339,49.281117,-122.793343,528,24.8897
322339,49.281264,-122.793217,529,24.9084
322339,49.262334,-123.017247,53,5.0126
322339,49.281556,-122.793061,530,24.9428
322339,49.281711,-122.793002,531,24.9606
322339,49.281874,-122.792947,532,24.9792
322339,49.282009,-122.792928,533,24.9943
322339,49.282246,-122.792941,534,25.0206
322339,49.28269,-122.792939,535,25.07
322339,49.28312,-122.792932,536,25.1178
322339,49.283252,-122.792921,537,25.1325
322339,49.283301,-122.792914,538,25.138
322339,49.283356,-122.792902,539,25.1442
322339,49.262333,-123.017048,54,5.0271
322339,49.283459,-122.792858,540,25.1561
322339,49.283856,-122.792649,541,25.2028
322339,49.28453,-122.79227,542,25.2826
322339,49.284901,-122.792036,543,25.3273
322339,49.285078,-122.791926,544,25.3485
322339,49.286591,-122.791084,545,25.5276
322339,49.26234,-123.016895,55,5.0383
322339,49.262345,-123.016781,56,5.0466
322339,49.262362,-123.01663,57,5.0577
322339,49.262388,-123.016477,58,5.0693
322339,49.262418,-123.016339,59,5.0798
322339,49.264115,-123.072566,6,0.7273
322339,49.262452,-123.016204,60,5.0904
322339,49.262485,-123.016105,61,5.0984
322339,49.262515,-123.016024,62,5.1052
322339,49.26255,-123.015935,63,5.1128
322339,49.262626,-123.015769,64,5.1275
322339,49.262709,-123.01563,65,5.1412
322339,49.262824,-123.015464,66,5.1588
322339,49.262948,-123.01532,67,5.1761
322339,49.263054,-123.015227,68,5.1897
322339,49.263232,-123.015107,69,5.2114
322339,49.263851,-123.071587,7,0.8044
322339,49.26336,-123.015038,70,5.2265
322339,49.263492,-123.014975,71,5.2418
322339,49.263922,-123.014774,72,5.2919
322339,49.264105,-123.014665,73,5.3137
322339,49.26417,-123.01462,74,5.3216
322339,49.264245,-123.014555,75,5.3312
322339,49.264319,-123.014484,76,5.3409
322339,49.2644,-123.014388,77,5.3523
322339,49.264481,-123.014284,78,5.3641
322339,49.264721,-123.013901,79,5.4027
322339,49.2635,-123.07003,8,0.9242
322339,49.26546,-123.012679,80,5.5238
322339,49.265741,-123.012206,81,5.5703
322339,49.265831,-123.012052,82,5.5853
322339,49.265945,-123.011861,83,5.6041
322339,49.266004,-123.011744,84,5.6149
322339,49.266061,-123.011614,85,5.6263
322339,49.266132,-123.011434,86,5.6416
322339,49.26619,-123.011256,87,5.656
322339,49.266244,-123.011061,88,5.6715
322339,49.266288,-123.010822,89,5.6895
322339,49.263357,-123.069534,9,0.9637
322339,49.266317,-123.010621,90,5.7045
322339,49.266344,-123.010308,91,5.7275
322339,49.266363,-123.009951,92,5.7536
322339,49.266377,-123.009696,93,5.7722
322339,49.2664,-123.009204,94,5.8081
322339,49.266419,-123.0088,95,5.8376
322339,49.266466,-123.008047,96,5.8926
322339,49.266497,-123.00726,97,5.95
322339,49.266507,-123.006709,98,5.9901
322339,49.266509,-123.006221,99,6.0256
322343,49.286591,-122.791084,1,0
322343,49.28312,-122.792932,10,0.4098
322343,49.278788,-122.862599,100,6.1652
322343,49.27884,-122.863035,101,6.1974
322343,49.278912,-122.863622,102,6.2409
322343,49.279072,-122.864909,103,6.3362
322343,49.279131,-122.865435,104,6.375
322343,49.279241,-122.866498,105,6.4533
322343,49.27933,-122.867422,106,6.5213
322343,49.279342,-122.867985,107,6.5623
322343,49.279331,-122.868326,108,6.5871
322343,49.279272,-122.868853,109,6.626
322343,49.28269,-122.792939,11,0.4576
322343,49.279201,-122.869313,110,6.6604
322343,49.279115,-122.869672,111,6.6882
322343,49.278931,-122.870382,112,6.7438
322343,49.278689,-122.870972,113,6.7945
322343,49.278396,-122.871526,114,6.8463
322343,49.27801,-122.872071,115,6.9047
322343,49.277634,-122.872479,116,6.956
322343,49.27751,-122.872611,117,6.9728
322343,49.277343,-122.872748,118,6.9939
322343,49.277137,-122.872878,119,7.0187
322343,49.282246,-122.792941,12,0.507
322343,49.276053,-122.873652,120,7.1518
322343,49.275181,-122.874257,121,7.2583
322343,49.274703,-122.874575,122,7.3162
322343,49.274382,-122.874818,123,7.3561
322343,49.273436,-122.875483,124,7.4719
322343,49.272913,-122.875872,125,7.5366
322343,49.272597,-122.876143,126,7.5769
322343,49.272306,-122.876418,127,7.6149
322343,49.271987,-122.876799,128,7.66
322343,49.271418,-122.877531,129,7.7427
322343,49.282009,-122.792928,13,0.5334
322343,49.271175,-122.877842,130,7.7779
322343,49.270281,-122.878989,131,7.9077
322343,49.268887,-122.880818,132,8.1121
322343,49.268333,-122.881561,133,8.1941
322343,49.267995,-122.882043,134,8.2455
322343,49.267591,-122.882622,135,8.3071
322343,49.266525,-122.884066,136,8.4655
322343,49.26613,-122.884649,137,8.5266
322343,49.265553,-122.885473,138,8.6144
322343,49.26504,-122.886117,139,8.6882
322343,49.281874,-122.792947,14,0.5484
322343,49.264091,-122.887313,140,8.8251
322343,49.263852,-122.887608,141,8.8592
322343,49.263752,-122.887731,142,8.8735
322343,49.263318,-122.88826,143,8.9352
322343,49.263105,-122.88844,144,8.9623
322343,49.262973,-122.888536,145,8.9786
322343,49.262416,-122.888799,146,9.0434
322343,49.262148,-122.888969,147,9.0757
322343,49.261887,-122.889194,148,9.109
322343,49.26178,-122.889319,149,9.124
322343,49.281711,-122.793002,15,0.567
322343,49.261163,-122.890123,150,9.2142
322343,49.260685,-122.890714,151,9.2826
322343,49.26026,-122.89129,152,9.3457
322343,49.259627,-122.892117,153,9.4384
322343,49.259503,-122.89226,154,9.4557
322343,49.259359,-122.892428,155,9.4758
322343,49.259215,-122.892553,156,9.4942
322343,49.259099,-122.892648,157,9.5089
322343,49.258952,-122.892755,158,9.527
322343,49.25878,-122.892855,159,9.5474
322343,49.281556,-122.793061,16,0.5848
322343,49.258684,-122.892912,160,9.5589
322343,49.258568,-122.892972,161,9.5725
322343,49.258492,-122.892998,162,9.5812
322343,49.258447,-122.893013,163,9.5863
322343,49.258333,-122.893033,164,9.5991
322343,49.25821,-122.893021,165,9.6128
322343,49.257918,-122.893026,166,9.6452
322343,49.256584,-122.89301,167,9.7936
322343,49.25068,-122.892892,168,10.4503
322343,49.248642,-122.892846,169,10.677
322343,49.281264,-122.793217,17,0.6192
322343,49.248159,-122.892839,170,10.7307
322343,49.247927,-122.892906,171,10.7569
322343,49.247748,-122.892985,172,10.7776
322343,49.24764,-122.893034,173,10.7902
322343,49.247514,-122.893154,174,10.8067
322343,49.247393,-122.89332,175,10.8248
322343,49.24731,-122.893495,176,10.8405
322343,49.247245,-122.893713,177,10.858
322343,49.247222,-122.893841,178,10.8676
322343,49.24721,-122.894082,179,10.8852
322343,49.281117,-122.793343,18,0.6379
322343,49.247224,-122.894274,180,10.8993
322343,49.247258,-122.894439,181,10.9119
322343,49.247322,-122.894612,182,10.9263
322343,49.248014,-122.895901,183,11.0477
322343,49.248893,-122.897561,184,11.2032
322343,49.249017,-122.897924,185,11.233
322343,49.249115,-122.898205,186,11.2562
322343,49.249244,-122.898559,187,11.2857
322343,49.249272,-122.898636,188,11.2921
322343,49.249431,-122.89907,189,11.3283
322343,49.280812,-122.793626,19,0.6776
322343,49.249456,-122.89914,190,11.3341
322343,49.249505,-122.89927,191,11.345
322343,49.249518,-122.899302,192,11.3477
322343,49.24958,-122.899454,193,11.3608
322343,49.249655,-122.8996,194,11.3743
322343,49.249718,-122.899721,195,11.3855
322343,49.249905,-122.90008,196,11.419
322343,49.249991,-122.900253,197,11.4348
322343,49.250059,-122.9004,198,11.4479
322343,49.25019,-122.900687,199,11.4733
322343,49.285078,-122.791926,2,0.1791
322343,49.280547,-122.793867,20,0.7119
322343,49.250278,-122.900898,200,11.4916
322343,49.250379,-122.901146,201,11.5128
322343,49.250469,-122.901382,202,11.5327
322343,49.250534,-122.901564,203,11.5478
322343,49.250554,-122.901621,204,11.5525
322343,49.250572,-122.90167,205,11.5566
322343,49.250602,-122.901754,206,11.5636
322343,49.250618,-122.901805,207,11.5677
322343,49.250773,-122.902294,208,11.6072
322343,49.250793,-122.902358,209,11.6124
322343,49.280035,-122.794333,21,0.7782
322343,49.250844,-122.902541,210,11.6269
322343,49.250944,-122.902937,211,11.6578
322343,49.251002,-122.903172,212,11.6761
322343,49.251021,-122.903259,213,11.6827
322343,49.251027,-122.903289,214,11.685
322343,49.251065,-122.903464,215,11.6985
322343,49.251118,-122.903714,216,11.7176
322343,49.251162,-122.903947,217,11.7352
322343,49.251203,-122.904169,218,11.752
322343,49.251212,-122.904222,219,11.756
322343,49.279605,-122.794725,22,0.8338
322343,49.251256,-122.904495,220,11.7765
322343,49.251312,-122.904883,221,11.8054
322343,49.251365,-122.905251,222,11.8328
322343,49.251455,-122.905891,223,11.8805
322343,49.251506,-122.906228,224,11.9057
322343,49.251525,-122.906339,225,11.914
322343,49.251555,-122.906519,226,11.9276
322343,49.251578,-122.906656,227,11.9379
322343,49.251607,-122.906812,228,11.9497
322343,49.251629,-122.906935,229,11.9589
322343,49.278808,-122.795374,23,0.9343
322343,49.251652,-122.90705,230,11.9677
322343,49.25167,-122.907146,231,11.975
322343,49.251707,-122.90732,232,11.9883
322343,49.251729,-122.907421,233,11.996
322343,49.251752,-122.907522,234,12.0038
322343,49.251816,-122.907811,235,12.026
322343,49.25198,-122.908564,236,12.0838
322343,49.252065,-122.908976,237,12.1153
322343,49.252146,-122.909404,238,12.1477
322343,49.252206,-122.909773,239,12.1754
322343,49.277928,-122.796067,24,1.0444
322343,49.252267,-122.910207,240,12.2077
322343,49.252523,-122.912004,241,12.3416
322343,49.252601,-122.912548,242,12.3821
322343,49.252678,-122.913102,243,12.4233
322343,49.252754,-122.913636,244,12.4631
322343,49.252856,-122.914348,245,12.5162
322343,49.252912,-122.91474,246,12.5454
322343,49.252936,-122.914903,247,12.5576
322343,49.252975,-122.915169,248,12.5774
322343,49.253031,-122.915555,249,12.6062
322343,49.277238,-122.796633,25,1.1315
322343,49.253115,-122.916051,250,12.6435
322343,49.253151,-122.916264,251,12.6595
322343,49.25333,-122.917525,252,12.7534
322343,49.253506,-122.918732,253,12.8435
322343,49.253586,-122.919308,254,12.8863
322343,49.253634,-122.9197,255,12.9154
322343,49.253682,-122.92009,256,12.9443
322343,49.253748,-122.920826,257,12.9983
322343,49.253774,-122.921135,258,13.021
322343,49.253792,-122.921327,259,13.0351
322343,49.276267,-122.79757,26,1.2592
322343,49.25381,-122.921481,260,13.0465
322343,49.253848,-122.92177,261,13.068
322343,49.253894,-122.9221,262,13.0925
322343,49.253961,-122.922571,263,13.1276
322343,49.254019,-122.922982,264,13.1582
322343,49.25413,-122.923771,265,13.217
322343,49.254251,-122.924654,266,13.2827
322343,49.254277,-122.924877,267,13.2992
322343,49.254305,-122.925164,268,13.3203
322343,49.254326,-122.925421,269,13.3391
322343,49.275755,-122.798061,27,1.3264
322343,49.254346,-122.925724,270,13.3613
322343,49.254356,-122.925949,271,13.3777
322343,49.254363,-122.926219,272,13.3974
322343,49.254369,-122.926474,273,13.416
322343,49.254376,-122.927625,274,13.4998
322343,49.254376,-122.928081,275,13.533
322343,49.254381,-122.929402,276,13.6291
322343,49.254384,-122.930191,277,13.6866
322343,49.254375,-122.931967,278,13.8159
322343,49.254371,-122.932187,279,13.8319
322343,49.27542,-122.798347,28,1.3691
322343,49.254369,-122.932603,280,13.8622
322343,49.254369,-122.933288,281,13.912
322343,49.254376,-122.934274,282,13.9838
322343,49.254394,-122.9351,283,14.044
322343,49.254419,-122.936153,284,14.1207
322343,49.254439,-122.93684,285,14.1707
322343,49.25445,-122.937078,286,14.1881
322343,49.254461,-122.937264,287,14.2017
322343,49.254479,-122.937521,288,14.2205
322343,49.254513,-122.93787,289,14.2462
322343,49.274972,-122.798667,29,1.4241
322343,49.254569,-122.938457,290,14.2894
322343,49.254726,-122.940188,291,14.4166
322343,49.254789,-122.940849,292,14.4652
322343,49.254828,-122.941249,293,14.4947
322343,49.254854,-122.941486,294,14.5122
322343,49.254878,-122.941659,295,14.5251
322343,49.254905,-122.941832,296,14.538
322343,49.254922,-122.941931,297,14.5454
322343,49.254943,-122.942033,298,14.5532
322343,49.254969,-122.942149,299,14.5622
322343,49.284901,-122.792036,3,0.2003
322343,49.274747,-122.798928,30,1.4555
322343,49.255015,-122.942339,300,14.5769
322343,49.255058,-122.942494,301,14.5892
322343,49.255099,-122.942636,302,14.6005
322343,49.255181,-122.942894,303,14.6213
322343,49.255379,-122.943501,304,14.6707
322343,49.255512,-122.943906,305,14.7037
322343,49.256104,-122.945719,306,14.8512
322343,49.25629,-122.946289,307,14.8975
322343,49.256561,-122.947126,308,14.9655
322343,49.256776,-122.947801,309,15.0202
322343,49.27469,-122.799076,31,1.468
322343,49.25696,-122.948365,310,15.066
322343,49.257067,-122.948685,311,15.0922
322343,49.257157,-122.948964,312,15.1148
322343,49.25726,-122.949282,313,15.1407
322343,49.257439,-122.949832,314,15.1854
322343,49.257831,-122.95103,315,15.2829
322343,49.25792,-122.951316,316,15.3059
322343,49.25799,-122.95155,317,15.3247
322343,49.258045,-122.951737,318,15.3396
322343,49.258123,-122.952024,319,15.3622
322343,49.27465,-122.799218,32,1.4792
322343,49.258229,-122.952429,320,15.394
322343,49.258316,-122.952797,321,15.4224
322343,49.258382,-122.953107,322,15.4462
322343,49.258443,-122.953463,323,15.473
322343,49.258476,-122.953724,324,15.4923
322343,49.258494,-122.953907,325,15.5058
322343,49.258507,-122.9541,326,15.5199
322343,49.258516,-122.954277,327,15.5328
322343,49.258523,-122.954465,328,15.5465
322343,49.258528,-122.954799,329,15.5708
322343,49.274627,-122.799352,33,1.4893
322343,49.258531,-122.955091,330,15.5921
322343,49.258532,-122.955334,331,15.6098
322343,49.258532,-122.955865,332,15.6484
322343,49.258535,-122.956157,333,15.6697
322343,49.258538,-122.956328,334,15.6822
322343,49.25854,-122.956557,335,15.6988
322343,49.258547,-122.956821,336,15.7181
322343,49.258553,-122.956988,337,15.7302
322343,49.25856,-122.957229,338,15.7478
322343,49.258571,-122.957494,339,15.7671
322343,49.274613,-122.799694,34,1.5142
322343,49.258587,-122.957768,340,15.7871
322343,49.258605,-122.958083,341,15.8102
322343,49.258626,-122.958388,342,15.8325
322343,49.258647,-122.958659,343,15.8524
322343,49.258675,-122.958976,344,15.8756
322343,49.258703,-122.959284,345,15.8983
322343,49.258744,-122.959689,346,15.9281
322343,49.258778,-122.960028,347,15.9531
322343,49.25881,-122.960347,348,15.9766
322343,49.258895,-122.961204,349,16.0397
322343,49.27465,-122.799973,35,1.535
322343,49.258925,-122.961497,350,16.0612
322343,49.258961,-122.961858,351,16.0878
322343,49.25899,-122.962161,352,16.1101
322343,49.259044,-122.962692,353,16.1492
322343,49.259091,-122.963147,354,16.1828
322343,49.259151,-122.963746,355,16.2269
322343,49.25924,-122.964635,356,16.2923
322343,49.259256,-122.964812,357,16.3053
322343,49.25928,-122.965028,358,16.3213
322343,49.25931,-122.965265,359,16.3389
322343,49.274744,-122.800303,36,1.5611
322343,49.259344,-122.965464,360,16.3538
322343,49.259386,-122.965676,361,16.37
322343,49.259421,-122.965814,362,16.3807
322343,49.259476,-122.966005,363,16.3959
322343,49.259514,-122.966122,364,16.4054
322343,49.259557,-122.966245,365,16.4156
322343,49.25961,-122.96638,366,16.427
322343,49.259666,-122.966511,367,16.4384
322343,49.259725,-122.966643,368,16.4501
322343,49.259801,-122.966811,369,16.4649
322343,49.274873,-122.80076,37,1.5974
322343,49.260012,-122.967275,370,16.5061
322343,49.260404,-122.968152,371,16.5834
322343,49.260602,-122.968643,372,16.6253
322343,49.260875,-122.969427,373,16.69
322343,49.261045,-122.969919,374,16.7305
322343,49.261382,-122.970892,375,16.8106
322343,49.261525,-122.971286,376,16.8434
322343,49.261667,-122.971656,377,16.8746
322343,49.261807,-122.972019,378,16.9053
322343,49.261978,-122.972453,379,16.9422
322343,49.275229,-122.801979,38,1.6945
322343,49.262709,-122.974357,380,17.1028
322343,49.262852,-122.974761,381,17.1363
322343,49.263474,-122.976502,382,17.2806
322343,49.264132,-122.978352,383,17.4339
322343,49.264209,-122.978576,384,17.4523
322343,49.264292,-122.978836,385,17.4734
322343,49.264335,-122.978979,386,17.4848
322343,49.264379,-122.979147,387,17.498
322343,49.264424,-122.979344,388,17.5132
322343,49.264456,-122.9795,389,17.5251
322343,49.275453,-122.802578,39,1.7447
322343,49.264486,-122.979662,390,17.5373
322343,49.264518,-122.979852,391,17.5516
322343,49.264541,-122.980004,392,17.5629
322343,49.264564,-122.980159,393,17.5745
322343,49.264584,-122.980326,394,17.5869
322343,49.264607,-122.980543,395,17.6029
322343,49.264624,-122.980765,396,17.6191
322343,49.264645,-122.98104,397,17.6393
322343,49.264686,-122.981555,398,17.6771
322343,49.264777,-122.982795,399,17.7679
322343,49.28453,-122.79227,4,0.245
322343,49.27599,-122.804093,40,1.8701
322343,49.264797,-122.983052,400,17.7867
322343,49.264824,-122.983504,401,17.8197
322343,49.264849,-122.983911,402,17.8495
322343,49.264861,-122.984238,403,17.8733
322343,49.264868,-122.984462,404,17.8897
322343,49.264873,-122.98465,405,17.9033
322343,49.26488,-122.984842,406,17.9173
322343,49.264882,-122.985824,407,17.9888
322343,49.264882,-122.987005,408,18.0748
322343,49.264882,-122.988345,409,18.1723
322343,49.276144,-122.804786,41,1.9233
322343,49.264882,-122.988845,410,18.2087
322343,49.264882,-122.990765,411,18.3484
322343,49.264888,-122.991141,412,18.3758
322343,49.264893,-122.991321,413,18.3889
322343,49.264907,-122.991519,414,18.4034
322343,49.264923,-122.991749,415,18.4203
322343,49.264946,-122.991962,416,18.436
322343,49.264979,-122.992193,417,18.4532
322343,49.265008,-122.992384,418,18.4674
322343,49.265035,-122.992533,419,18.4787
322343,49.276472,-122.806985,42,2.0875
322343,49.265075,-122.992708,420,18.4922
322343,49.265147,-122.99301,421,18.5156
322343,49.26521,-122.99324,422,18.5337
322343,49.2653,-122.993526,423,18.5568
322343,49.265474,-122.994073,424,18.6011
322343,49.265605,-122.994464,425,18.6331
322343,49.265732,-122.994875,426,18.6661
322343,49.265821,-122.995167,427,18.6896
322343,49.265913,-122.995507,428,18.7164
322343,49.265983,-122.995795,429,18.7387
322343,49.276514,-122.807585,43,2.1314
322343,49.266072,-122.996236,430,18.7723
322343,49.266137,-122.996599,431,18.7997
322343,49.26617,-122.996826,432,18.8166
322343,49.266198,-122.997023,433,18.8313
322343,49.266229,-122.997285,434,18.8507
322343,49.266259,-122.997617,435,18.8751
322343,49.266277,-122.997863,436,18.8931
322343,49.266299,-122.998283,437,18.9238
322343,49.266314,-122.998972,438,18.9739
322343,49.266352,-123.000375,439,19.0761
322343,49.276529,-122.808283,44,2.1822
322343,49.266364,-123.000915,440,19.1155
322343,49.266383,-123.001723,441,19.1743
322343,49.266396,-123.00223,442,19.2112
322343,49.26642,-123.003167,443,19.2795
322343,49.266448,-123.003897,444,19.3327
322343,49.266479,-123.004809,445,19.3992
322343,49.266488,-123.005186,446,19.4266
322343,49.266509,-123.006221,447,19.502
322343,49.266507,-123.006709,448,19.5375
322343,49.266497,-123.00726,449,19.5776
322343,49.276512,-122.810021,45,2.3087
322343,49.266466,-123.008047,450,19.635
322343,49.266419,-123.0088,451,19.69
322343,49.2664,-123.009204,452,19.7195
322343,49.266377,-123.009696,453,19.7554
322343,49.266363,-123.009951,454,19.7741
322343,49.266344,-123.010308,455,19.8001
322343,49.266317,-123.010621,456,19.8231
322343,49.266288,-123.010822,457,19.8381
322343,49.266244,-123.011061,458,19.8561
322343,49.26619,-123.011256,459,19.8716
322343,49.276531,-122.811123,46,2.3889
322343,49.266132,-123.011434,460,19.886
322343,49.266061,-123.011614,461,19.9013
322343,49.266004,-123.011744,462,19.9127
322343,49.265945,-123.011861,463,19.9235
322343,49.265831,-123.012052,464,19.9423
322343,49.265741,-123.012206,465,19.9573
322343,49.26546,-123.012679,466,20.0038
322343,49.264721,-123.013901,467,20.1249
322343,49.264481,-123.014284,468,20.1635
322343,49.2644,-123.014388,469,20.1753
322343,49.276552,-122.812273,47,2.4726
322343,49.264319,-123.014484,470,20.1867
322343,49.264245,-123.014555,471,20.1964
322343,49.26417,-123.01462,472,20.206
322343,49.264105,-123.014665,473,20.2139
322343,49.263922,-123.014774,474,20.2358
322343,49.263492,-123.014975,475,20.2858
322343,49.26336,-123.015038,476,20.3011
322343,49.263232,-123.015107,477,20.3162
322343,49.263054,-123.015227,478,20.3379
322343,49.262948,-123.01532,479,20.3515
322343,49.276585,-122.814021,48,2.5998
322343,49.262824,-123.015464,480,20.3688
322343,49.262709,-123.01563,481,20.3864
322343,49.262626,-123.015769,482,20.4001
322343,49.26255,-123.015935,483,20.4148
322343,49.262515,-123.016024,484,20.4224
322343,49.262485,-123.016105,485,20.4292
322343,49.262452,-123.016204,486,20.4372
322343,49.262418,-123.016339,487,20.4478
322343,49.262388,-123.016477,488,20.4584
322343,49.262362,-123.01663,489,20.4699
322343,49.276621,-122.816038,49,2.7467
322343,49.262345,-123.016781,490,20.481
322343,49.26234,-123.016895,491,20.4893
322343,49.262333,-123.017048,492,20.5005
322343,49.262334,-123.017247,493,20.515
322343,49.262343,-123.018001,494,20.5699
322343,49.262369,-123.019927,495,20.7101
322343,49.262393,-123.021765,496,20.8439
322343,49.262401,-123.022382,497,20.8888
322343,49.262416,-123.023188,498,20.9475
322343,49.262419,-123.023534,499,20.9727
322343,49.283856,-122.792649,5,0.3248
322343,49.276643,-122.816928,50,2.8115
322343,49.262419,-123.023612,500,20.9784
322343,49.26242,-123.023678,501,20.9832
322343,49.262449,-123.025848,502,21.1412
322343,49.262443,-123.026592,503,21.1953
322343,49.262398,-123.027172,504,21.2378
322343,49.262332,-123.027619,505,21.2712
322343,49.262257,-123.028021,506,21.3016
322343,49.262186,-123.028327,507,21.3252
322343,49.262099,-123.028615,508,21.3483
322343,49.261928,-123.029168,509,21.3928
322343,49.276664,-122.818204,51,2.9044
322343,49.261448,-123.030579,510,21.5086
322343,49.261216,-123.031301,511,21.5671
322343,49.26095,-123.032216,512,21.64
322343,49.260451,-123.033984,513,21.7802
322343,49.260316,-123.034518,514,21.8218
322343,49.26028,-123.034719,515,21.837
322343,49.260172,-123.035441,516,21.8909
322343,49.259417,-123.041097,517,22.3111
322343,49.259297,-123.042056,518,22.3821
322343,49.259206,-123.043066,519,22.4564
322343,49.276694,-122.819237,52,2.9796
322343,49.259075,-123.044228,520,22.5422
322343,49.258715,-123.046933,521,22.7431
322343,49.258538,-123.0481,522,22.8303
322343,49.25822,-123.050169,523,22.985
322343,49.258053,-123.051273,524,23.0675
322343,49.257896,-123.052438,525,23.1541
322343,49.257857,-123.052992,526,23.1947
322343,49.257847,-123.053495,527,23.2313
322343,49.257845,-123.053906,528,23.2612
322343,49.257875,-123.054495,529,23.3042
322343,49.276755,-122.822461,53,3.2143
322343,49.257943,-123.05513,530,23.351
322343,49.258051,-123.055839,531,23.404
322343,49.258324,-123.056944,532,23.49
322343,49.258584,-123.057634,533,23.548
322343,49.262208,-123.066662,534,24.3189
322343,49.263151,-123.068963,535,24.5165
322343,49.263275,-123.069306,536,24.545
322343,49.263357,-123.069534,537,24.5639
322343,49.2635,-123.07003,538,24.6034
322343,49.263851,-123.071587,539,24.7232
322343,49.276786,-122.823735,54,3.3071
322343,49.264115,-123.072566,540,24.8003
322343,49.264419,-123.073515,541,24.8772
322343,49.26512,-123.075708,542,25.0548
322343,49.265505,-123.077123,543,25.1664
322343,49.265673,-123.078159,544,25.2441
322343,49.266298,-123.081936,545,25.5276
322343,49.276822,-122.825173,55,3.4118
322343,49.276833,-122.825649,56,3.4464
322343,49.276849,-122.825956,57,3.4688
322343,49.276876,-122.82624,58,3.4897
322343,49.277,-122.826949,59,3.5431
322343,49.283459,-122.792858,6,0.3715
322343,49.277212,-122.828037,60,3.6257
322343,49.277379,-122.828927,61,3.6931
322343,49.277441,-122.829377,62,3.7266
322343,49.277616,-122.830778,63,3.8303
322343,49.277716,-122.831496,64,3.8838
322343,49.27776,-122.832031,65,3.923
322343,49.277773,-122.832382,66,3.9486
322343,49.277765,-122.832787,67,3.9781
322343,49.277736,-122.833059,68,3.9981
322343,49.277652,-122.8334,69,4.0246
322343,49.283356,-122.792902,7,0.3834
322343,49.277648,-122.833436,70,4.0273
322343,49.277615,-122.833707,71,4.0473
322343,49.277612,-122.833946,72,4.0647
322343,49.277631,-122.834235,73,4.0859
322343,49.277645,-122.834587,74,4.1115
322343,49.277715,-122.835196,75,4.1565
322343,49.277781,-122.835505,76,4.1802
322343,49.277808,-122.835819,77,4.2032
322343,49.277832,-122.836173,78,4.2291
322343,49.277863,-122.836836,79,4.2775
322343,49.283301,-122.792914,8,0.3896
322343,49.27793,-122.840157,80,4.5192
322343,49.277938,-122.841739,81,4.6344
322343,49.277937,-122.84294,82,4.7217
322343,49.277923,-122.843731,83,4.7793
322343,49.277937,-122.845022,84,4.8733
322343,49.277977,-122.84778,85,5.074
322343,49.277998,-122.848921,86,5.1571
322343,49.278015,-122.850455,87,5.2687
322343,49.278023,-122.851278,88,5.3286
322343,49.278013,-122.851959,89,5.3782
322343,49.283252,-122.792921,9,0.3951
322343,49.277879,-122.854154,90,5.5386
322343,49.277874,-122.854736,91,5.5809
322343,49.277877,-122.855723,92,5.6527
322343,49.277871,-122.85619,93,5.6867
322343,49.277889,-122.856671,94,5.7218
322343,49.277934,-122.85734,95,5.7707
322343,49.278024,-122.857908,96,5.8132
322343,49.278611,-122.86124,97,6.0643
322343,49.278707,-122.861899,98,6.1134
322343,49.278746,-122.862253,99,6.1396
322353,49.28601,-123.111859,1,0
322353,49.288141,-123.118775,10,0.5624
322353,49.26613,-123.077524,100,4.9614
322353,49.266029,-123.077217,101,4.9864
322353,49.265786,-123.076454,102,5.0481
322353,49.26539,-123.075236,103,5.1471
322353,49.26494,-123.073818,104,5.2618
322353,49.264779,-123.073322,105,5.3021
322353,49.264606,-123.072774,106,5.3464
322353,49.264173,-123.071423,107,5.4559
322353,49.263954,-123.070747,108,5.5108
322353,49.263784,-123.070214,109,5.5539
322353,49.288118,-123.119145,11,0.5895
322353,49.26366,-123.069869,110,5.5826
322353,49.263562,-123.069663,111,5.6011
322353,49.263452,-123.069481,112,5.6192
322353,49.263333,-123.069354,113,5.6353
322353,49.263275,-123.069306,114,5.6426
322353,49.263227,-123.069266,115,5.6487
322353,49.263129,-123.069203,116,5.6605
322353,49.263046,-123.069166,117,5.6702
322353,49.262954,-123.069137,118,5.6806
322353,49.262801,-123.069116,119,5.6977
322353,49.288064,-123.119454,12,0.6127
322353,49.262462,-123.069101,120,5.7354
322353,49.261444,-123.069125,121,5.8486
322353,49.261359,-123.069133,122,5.8581
322353,49.260935,-123.06914,123,5.9053
322353,49.260652,-123.06914,124,5.9367
322353,49.260328,-123.069127,125,5.9728
322353,49.26004,-123.069115,126,6.0048
322353,49.25975,-123.069105,127,6.0371
322353,49.259311,-123.0691,128,6.0859
322353,49.258483,-123.069114,129,6.178
322353,49.28793,-123.1199,13,0.6484
322353,49.258136,-123.06912,130,6.2166
322353,49.257299,-123.06913,131,6.3097
322353,49.256776,-123.069136,132,6.3679
322353,49.256377,-123.06912,133,6.4122
322353,49.255997,-123.06905,134,6.4548
322353,49.255733,-123.068964,135,6.4848
322353,49.25552,-123.06887,136,6.5095
322353,49.255228,-123.068706,137,6.5441
322353,49.255001,-123.068544,138,6.572
322353,49.254762,-123.068346,139,6.6022
322353,49.28773,-123.120268,14,0.6832
322353,49.254518,-123.068099,140,6.6347
322353,49.254356,-123.067917,141,6.6571
322353,49.254227,-123.067754,142,6.6757
322353,49.254022,-123.067489,143,6.7056
322353,49.253605,-123.066941,144,6.7668
322353,49.253085,-123.06626,145,6.8429
322353,49.252607,-123.065638,146,6.9128
322353,49.252406,-123.065356,147,6.9431
322353,49.252259,-123.065144,148,6.9656
322353,49.252035,-123.064766,149,7.0027
322353,49.28742,-123.120583,15,0.7246
322353,49.251873,-123.064454,150,7.0317
322353,49.251657,-123.063968,151,7.0745
322353,49.251439,-123.063455,152,7.119
322353,49.251258,-123.063005,153,7.1575
322353,49.250679,-123.061623,154,7.2769
322353,49.250484,-123.061143,155,7.3181
322353,49.250093,-123.06019,156,7.3999
322353,49.249699,-123.059223,157,7.4829
322353,49.249116,-123.057813,158,7.6043
322353,49.248888,-123.057259,159,7.6519
322353,49.287173,-123.12071,16,0.7536
322353,49.24863,-123.056648,160,7.7049
322353,49.24839,-123.056069,161,7.7548
322353,49.248096,-123.055362,162,7.8157
322353,49.247774,-123.054583,163,7.8828
322353,49.24743,-123.05376,164,7.9539
322353,49.246891,-123.052464,165,8.0657
322353,49.246617,-123.051805,166,8.1225
322353,49.246247,-123.050924,167,8.1987
322353,49.245764,-123.049765,168,8.2988
322353,49.245661,-123.049512,169,8.3205
322353,49.287025,-123.120737,17,0.7702
322353,49.245416,-123.048923,170,8.3713
322353,49.245213,-123.048412,171,8.4148
322353,49.244751,-123.047251,172,8.5137
322353,49.244112,-123.04573,173,8.6453
322353,49.242909,-123.042764,174,8.8994
322353,49.242707,-123.042285,175,8.9409
322353,49.242615,-123.042066,176,8.9598
322353,49.24251,-123.041817,177,8.9814
322353,49.242365,-123.041468,178,9.0115
322353,49.242276,-123.041253,179,9.03
322353,49.286807,-123.120754,18,0.7945
322353,49.242209,-123.0411,180,9.0434
322353,49.242001,-123.040595,181,9.0868
322353,49.24187,-123.04028,182,9.114
322353,49.241682,-123.039832,183,9.1528
322353,49.240836,-123.037821,184,9.3268
322353,49.240586,-123.037222,185,9.3785
322353,49.239957,-123.035689,186,9.5103
322353,49.239403,-123.034312,187,9.628
322353,49.238742,-123.032607,188,9.7723
322353,49.238079,-123.030978,189,9.9119
322353,49.286653,-123.120731,19,0.8117
322353,49.237917,-123.030594,190,9.9452
322353,49.237753,-123.030202,191,9.9791
322353,49.237632,-123.029941,192,10.0024
322353,49.237468,-123.029587,193,10.0339
322353,49.237057,-123.028768,194,10.1091
322353,49.236887,-123.028429,195,10.1402
322353,49.236618,-123.027892,196,10.1894
322353,49.236412,-123.027468,197,10.2279
322353,49.236074,-123.026729,198,10.2935
322353,49.235245,-123.024929,199,10.4538
322353,49.286479,-123.11302,2,0.0993
322353,49.286476,-123.120681,20,0.8317
322353,49.234668,-123.023677,200,10.5653
322353,49.234629,-123.02359,201,10.5729
322353,49.234627,-123.023585,202,10.5734
322353,49.234234,-123.022717,203,10.6502
322353,49.234069,-123.022334,204,10.6836
322353,49.233843,-123.021756,205,10.7326
322353,49.233617,-123.021144,206,10.7838
322353,49.233412,-123.020602,207,10.8294
322353,49.233274,-123.020266,208,10.8583
322353,49.233106,-123.01988,209,10.892
322353,49.286339,-123.12059,21,0.8483
322353,49.232921,-123.019469,210,10.9284
322353,49.232777,-123.019158,211,10.9561
322353,49.23245,-123.018443,212,11.0196
322353,49.232106,-123.017699,213,11.0859
322353,49.231671,-123.016741,214,11.1709
322353,49.231394,-123.016138,215,11.2245
322353,49.231038,-123.015365,216,11.2933
322353,49.230925,-123.015126,217,11.3148
322353,49.23046,-123.014146,218,11.4029
322353,49.23005,-123.013268,219,11.4815
322353,49.286187,-123.120466,22,0.8675
322353,49.229959,-123.013073,220,11.4989
322353,49.22953,-123.012141,221,11.5819
322353,49.229394,-123.011846,222,11.6082
322353,49.229165,-123.011321,223,11.6541
322353,49.228928,-123.010793,224,11.7007
322353,49.228657,-123.010176,225,11.7548
322353,49.228317,-123.009416,226,11.8219
322353,49.22814,-123.009035,227,11.8559
322353,49.227947,-123.008612,228,11.8934
322353,49.227708,-123.008088,229,11.94
322353,49.286066,-123.120325,23,0.8844
322353,49.227454,-123.007538,230,11.989
322353,49.227224,-123.007035,231,12.0337
322353,49.227023,-123.006595,232,12.0727
322353,49.226831,-123.006163,233,12.1108
322353,49.226737,-123.005946,234,12.1297
322353,49.226652,-123.005756,235,12.1465
322353,49.226393,-123.005153,236,12.199
322353,49.226185,-123.004688,237,12.24
322353,49.226006,-123.004315,238,12.2737
322353,49.225619,-123.003436,239,12.3508
322353,49.285552,-123.119478,24,0.9685
322353,49.225174,-123.002519,240,12.434
322353,49.224984,-123.00215,241,12.4682
322353,49.224605,-123.00139,242,12.5377
322353,49.224107,-123.000407,243,12.6283
322353,49.223852,-122.999891,244,12.6754
322353,49.223612,-122.999399,245,12.72
322353,49.223378,-122.998914,246,12.7639
322353,49.223053,-122.998207,247,12.8268
322353,49.222928,-122.997934,248,12.8511
322353,49.222677,-122.997395,249,12.8993
322353,49.284809,-123.118276,25,1.0888
322353,49.222503,-122.997006,250,12.9336
322353,49.222372,-122.996719,251,12.9591
322353,49.221987,-122.99588,252,13.0337
322353,49.221839,-122.995553,253,13.0627
322353,49.221651,-122.995111,254,13.101
322353,49.221565,-122.994885,255,13.1201
322353,49.221458,-122.994584,256,13.145
322353,49.221339,-122.994217,257,13.1749
322353,49.221227,-122.993829,258,13.2058
322353,49.221156,-122.99355,259,13.2276
322353,49.283704,-123.11658,26,1.2629
322353,49.221088,-122.993267,260,13.2495
322353,49.220989,-122.992798,261,13.2854
322353,49.220856,-122.992148,262,13.335
322353,49.220759,-122.991672,263,13.3713
322353,49.22065,-122.991155,264,13.4109
322353,49.220567,-122.990791,265,13.439
322353,49.220403,-122.99004,266,13.4966
322353,49.220347,-122.989771,267,13.5172
322353,49.220205,-122.98909,268,13.5693
322353,49.219976,-122.987992,269,13.6532
322353,49.283621,-123.11645,27,1.2761
322353,49.219843,-122.987341,270,13.7029
322353,49.219757,-122.986931,271,13.7343
322353,49.219619,-122.986302,272,13.7826
322353,49.219534,-122.985903,273,13.8131
322353,49.219321,-122.98485,274,13.8934
322353,49.219216,-122.984313,275,13.9343
322353,49.219139,-122.983927,276,13.9637
322353,49.218974,-122.98308,277,14.028
322353,49.218805,-122.982224,278,14.0932
322353,49.218599,-122.981169,279,14.1734
322353,49.283309,-123.115961,28,1.3258
322353,49.218467,-122.980499,280,14.2243
322353,49.21841,-122.980236,281,14.2445
322353,49.218332,-122.979888,282,14.2713
322353,49.218229,-122.97948,283,14.3032
322353,49.218136,-122.979153,284,14.3291
322353,49.218049,-122.978874,285,14.3516
322353,49.217951,-122.978571,286,14.3763
322353,49.217865,-122.978329,287,14.3963
322353,49.217755,-122.978037,288,14.4209
322353,49.217662,-122.977802,289,14.4409
322353,49.282098,-123.114088,29,1.5174
322353,49.217521,-122.977479,290,14.4691
322353,49.217402,-122.977224,291,14.4919
322353,49.217309,-122.977022,292,14.5099
322353,49.217206,-122.976811,293,14.5291
322353,49.216866,-122.976102,294,14.5931
322353,49.216501,-122.975343,295,14.6617
322353,49.21631,-122.974944,296,14.6977
322353,49.216082,-122.974469,297,14.7406
322353,49.21588,-122.974049,298,14.7786
322353,49.21564,-122.973548,299,14.8238
322353,49.286844,-123.113858,3,0.1725
322353,49.281114,-123.112552,30,1.6738
322353,49.215488,-122.97322,300,14.8531
322353,49.2154,-122.973014,301,14.871
322353,49.215258,-122.972656,302,14.9015
322353,49.215184,-122.972433,303,14.9197
322353,49.215116,-122.97222,304,14.937
322353,49.215021,-122.971866,305,14.9648
322353,49.214951,-122.971549,306,14.9892
322353,49.214894,-122.971237,307,15.0128
322353,49.214854,-122.970962,308,15.0333
322353,49.214841,-122.970835,309,15.0427
322353,49.280876,-123.112183,31,1.7116
322353,49.214818,-122.970629,310,15.0579
322353,49.214801,-122.970413,311,15.0738
322353,49.214791,-122.970225,312,15.0875
322353,49.214787,-122.970079,313,15.0981
322353,49.214782,-122.969747,314,15.1223
322353,49.214785,-122.969443,315,15.1445
322353,49.2148,-122.968875,316,15.1859
322353,49.214822,-122.968222,317,15.2335
322353,49.214857,-122.967185,318,15.3092
322353,49.214884,-122.966312,319,15.3729
322353,49.280582,-123.11166,32,1.7617
322353,49.214913,-122.965423,320,15.4377
322353,49.214931,-122.964913,321,15.4749
322353,49.214946,-122.964421,322,15.5108
322353,49.214965,-122.963806,323,15.5557
322353,49.21497,-122.963486,324,15.579
322353,49.214968,-122.963248,325,15.5963
322353,49.214957,-122.963032,326,15.6121
322353,49.214945,-122.962846,327,15.6257
322353,49.21492,-122.962643,328,15.6408
322353,49.214896,-122.962482,329,15.6528
322353,49.280481,-123.111437,33,1.7815
322353,49.214866,-122.962325,330,15.6647
322353,49.21481,-122.962096,331,15.6825
322353,49.214736,-122.961854,332,15.702
322353,49.214658,-122.961642,333,15.7197
322353,49.214578,-122.961468,334,15.7352
322353,49.214484,-122.961283,335,15.7523
322353,49.214382,-122.961121,336,15.7686
322353,49.214284,-122.960974,337,15.7839
322353,49.214201,-122.960878,338,15.7955
322353,49.214045,-122.960702,339,15.8171
322353,49.280356,-123.111123,34,1.8082
322353,49.213867,-122.96054,340,15.8401
322353,49.21362,-122.960339,341,15.8712
322353,49.21319,-122.96002,342,15.9244
322353,49.212737,-122.959684,343,15.9804
322353,49.212454,-122.959485,344,16.0151
322353,49.211841,-122.959031,345,16.0909
322353,49.21075,-122.958174,346,16.2273
322353,49.209965,-122.957631,347,16.3232
322353,49.209582,-122.957373,348,16.3697
322353,49.209174,-122.957054,349,16.4207
322353,49.280238,-123.110781,35,1.8363
322353,49.208873,-122.956845,350,16.4575
322353,49.208644,-122.956709,351,16.4848
322353,49.208337,-122.956586,352,16.5201
322353,49.208149,-122.956557,353,16.5411
322353,49.207937,-122.956536,354,16.5647
322353,49.20772,-122.956562,355,16.589
322353,49.207547,-122.956587,356,16.6083
322353,49.20734,-122.956663,357,16.632
322353,49.206981,-122.956864,358,16.6745
322353,49.206643,-122.957116,359,16.7163
322353,49.280141,-123.11055,36,1.8563
322353,49.205669,-122.957832,360,16.8366
322353,49.205336,-122.958082,361,16.8778
322353,49.204836,-122.958468,362,16.9401
322353,49.204711,-122.958531,363,16.9548
322353,49.204487,-122.958654,364,16.9813
322353,49.204267,-122.958727,365,17.0063
322353,49.204023,-122.958768,366,17.0336
322353,49.203802,-122.958783,367,17.0582
322353,49.203532,-122.958791,368,17.0882
322353,49.202786,-122.958764,369,17.1712
322353,49.280008,-123.110281,37,1.8808
322353,49.202505,-122.958691,370,17.2029
322353,49.202249,-122.958604,371,17.2321
322353,49.202001,-122.958486,372,17.261
322353,49.201835,-122.958388,373,17.2808
322353,49.201561,-122.958185,374,17.3146
322353,49.20136,-122.958003,375,17.3406
322353,49.201265,-122.957905,376,17.3534
322353,49.201147,-122.957782,377,17.3693
322353,49.201063,-122.95768,378,17.3812
322353,49.20088,-122.957448,379,17.4077
322353,49.279797,-123.109953,38,1.9143
322353,49.200771,-122.957297,380,17.4241
322353,49.200629,-122.957076,381,17.4466
322353,49.200479,-122.956822,382,17.4715
322353,49.200355,-122.956587,383,17.4935
322353,49.200267,-122.956405,384,17.51
322353,49.200209,-122.956282,385,17.521
322353,49.200127,-122.956086,386,17.538
322353,49.200034,-122.955849,387,17.5581
322353,49.199936,-122.955575,388,17.5809
322353,49.199862,-122.955337,389,17.6001
322353,49.279173,-123.108969,39,2.014
322353,49.199814,-122.955163,390,17.6138
322353,49.199752,-122.954926,391,17.6324
322353,49.19969,-122.954653,392,17.6535
322353,49.199641,-122.95439,393,17.6734
322353,49.199585,-122.954049,394,17.699
322353,49.199552,-122.953787,395,17.7185
322353,49.199529,-122.953526,396,17.7377
322353,49.199503,-122.953159,397,17.7646
322353,49.199491,-122.952877,398,17.7852
322353,49.199485,-122.952606,399,17.8049
322353,49.287236,-123.114745,4,0.2504
322353,49.278539,-123.108003,40,2.1136
322353,49.199491,-122.952229,400,17.8324
322353,49.199514,-122.951808,401,17.8632
322353,49.199541,-122.951481,402,17.8872
322353,49.199576,-122.95117,403,17.9102
322353,49.199629,-122.95082,404,17.9364
322353,49.199686,-122.95049,405,17.9613
322353,49.199743,-122.950216,406,17.9822
322353,49.199807,-122.949941,407,18.0035
322353,49.199979,-122.949222,408,18.0593
322353,49.200602,-122.946794,409,18.2493
322353,49.27834,-123.107698,41,2.1449
322353,49.20073,-122.946269,410,18.2901
322353,49.200814,-122.945882,411,18.3198
322353,49.200919,-122.945308,412,18.3633
322353,49.200988,-122.944814,413,18.4001
322353,49.201072,-122.944017,414,18.4589
322353,49.201141,-122.94328,415,18.5132
322353,49.201176,-122.942884,416,18.5423
322353,49.201218,-122.942482,417,18.5719
322353,49.201244,-122.942264,418,18.5881
322353,49.201276,-122.942048,419,18.6042
322353,49.278245,-123.107516,42,2.1619
322353,49.201301,-122.941896,420,18.6157
322353,49.201329,-122.941762,421,18.6259
322353,49.201393,-122.941496,422,18.6466
322353,49.20145,-122.9413,423,18.6622
322353,49.201497,-122.941148,424,18.6744
322353,49.201555,-122.940988,425,18.6878
322353,49.201654,-122.940731,426,18.7095
322353,49.201912,-122.940137,427,18.7614
322353,49.202099,-122.939715,428,18.7985
322353,49.202196,-122.93949,429,18.8182
322353,49.278104,-123.107225,43,2.1882
322353,49.202317,-122.939192,430,18.8437
322353,49.202364,-122.939071,431,18.854
322353,49.202455,-122.938823,432,18.8747
322353,49.202531,-122.938619,433,18.8918
322353,49.202652,-122.938265,434,18.9209
322353,49.203039,-122.937037,435,19.0202
322353,49.203117,-122.936792,436,19.04
322353,49.203209,-122.936504,437,19.0634
322353,49.203311,-122.936185,438,19.0892
322353,49.203433,-122.935795,439,19.1207
322353,49.27801,-123.106937,44,2.2116
322353,49.203542,-122.935436,440,19.1496
322353,49.203573,-122.935326,441,19.1583
322353,49.203606,-122.935198,442,19.1683
322353,49.20364,-122.935066,443,19.1787
322353,49.203669,-122.934947,444,19.1879
322353,49.203719,-122.934698,445,19.2069
322353,49.203743,-122.934568,446,19.2167
322353,49.203758,-122.934448,447,19.2256
322353,49.203775,-122.934322,448,19.235
322353,49.203789,-122.934181,449,19.2454
322353,49.277921,-123.106647,45,2.2349
322353,49.203797,-122.934084,450,19.2525
322353,49.203801,-122.934005,451,19.2583
322353,49.203808,-122.933887,452,19.2669
322353,49.203811,-122.933745,453,19.2773
322353,49.20381,-122.933616,454,19.2867
322353,49.203809,-122.933511,455,19.2943
322353,49.203805,-122.933415,456,19.3013
322353,49.203795,-122.933191,457,19.3177
322353,49.203782,-122.933031,458,19.3295
322353,49.203765,-122.932835,459,19.3439
322353,49.277852,-123.106237,46,2.2657
322353,49.203747,-122.932643,460,19.358
322353,49.203729,-122.932485,461,19.3697
322353,49.20369,-122.932135,462,19.3956
322353,49.203641,-122.931698,463,19.4279
322353,49.203617,-122.93149,464,19.4433
322353,49.203569,-122.931064,465,19.4748
322353,49.203531,-122.930715,466,19.5005
322353,49.203479,-122.93027,467,19.5335
322353,49.203426,-122.92978,468,19.5697
322353,49.203378,-122.929355,469,19.6011
322353,49.277784,-123.105772,47,2.3004
322353,49.203349,-122.92911,470,19.6192
322353,49.203327,-122.928945,471,19.6315
322353,49.203308,-122.928824,472,19.6406
322353,49.203279,-122.928645,473,19.654
322353,49.203246,-122.928477,474,19.6668
322353,49.203179,-122.928205,475,19.688
322353,49.203111,-122.927983,476,19.7058
322353,49.203084,-122.927903,477,19.7124
322353,49.203029,-122.927757,478,19.7247
322353,49.202973,-122.927618,479,19.7366
322353,49.277732,-123.105124,48,2.3479
322353,49.20292,-122.927504,480,19.7467
322353,49.202866,-122.927393,481,19.7568
322353,49.202774,-122.927226,482,19.7727
322353,49.202665,-122.927045,483,19.7906
322353,49.202559,-122.926891,484,19.8069
322353,49.20249,-122.926799,485,19.8171
322353,49.202318,-122.926576,486,19.8422
322353,49.202197,-122.92642,487,19.8598
322353,49.201895,-122.926041,488,19.9033
322353,49.20161,-122.92567,489,19.945
322353,49.277658,-123.104442,49,2.3982
322353,49.201567,-122.925606,490,19.9516
322353,49.201506,-122.925517,491,19.961
322353,49.201436,-122.92541,492,19.972
322353,49.201372,-122.925301,493,19.9827
322353,49.201303,-122.925174,494,19.9947
322353,49.201256,-122.92508,495,20.0033
322353,49.201196,-122.924946,496,20.0152
322353,49.201155,-122.924851,497,20.0235
322353,49.20111,-122.924734,498,20.0334
322353,49.201062,-122.924602,499,20.0444
322353,49.287432,-123.115264,5,0.294
322353,49.277492,-123.103814,50,2.4475
322353,49.201005,-122.924418,500,20.0592
322353,49.200983,-122.924341,501,20.0653
322353,49.200922,-122.924103,502,20.0839
322353,49.20089,-122.923957,503,20.0952
322353,49.200851,-122.92377,504,20.1095
322353,49.200634,-122.922575,505,20.1998
322353,49.200455,-122.921566,506,20.276
322353,49.200422,-122.921375,507,20.2904
322353,49.200391,-122.921172,508,20.3056
322353,49.200348,-122.920861,509,20.3288
322353,49.277378,-123.103536,51,2.4714
322353,49.20032,-122.920603,510,20.3478
322353,49.200303,-122.920418,511,20.3614
322353,49.20029,-122.920248,512,20.3739
322353,49.200267,-122.919915,513,20.3983
322353,49.200234,-122.919395,514,20.4364
322353,49.200184,-122.91862,515,20.4931
322353,49.200123,-122.917673,516,20.5625
322353,49.200087,-122.917121,517,20.6029
322353,49.200071,-122.916795,518,20.6267
322353,49.200061,-122.916537,519,20.6456
322353,49.277191,-123.103222,52,2.5023
322353,49.200058,-122.916361,520,20.6584
322353,49.200061,-122.9162,521,20.6701
322353,49.200067,-122.916031,522,20.6825
322353,49.200078,-122.91588,523,20.6935
322353,49.20009,-122.915768,524,20.7018
322353,49.200102,-122.915654,525,20.7102
322353,49.200121,-122.915533,526,20.7193
322353,49.200139,-122.915439,527,20.7264
322353,49.200159,-122.915332,528,20.7345
322353,49.200179,-122.915242,529,20.7415
322353,49.276998,-123.102981,53,2.53
322353,49.200214,-122.915105,530,20.7522
322353,49.200258,-122.914958,531,20.764
322353,49.200303,-122.914822,532,20.7751
322353,49.200344,-122.914708,533,20.7845
322353,49.200434,-122.914492,534,20.8032
322353,49.200558,-122.914236,535,20.8264
322353,49.201027,-122.913347,536,20.9096
322353,49.201491,-122.912503,537,20.9899
322353,49.202237,-122.911126,538,21.1201
322353,49.202908,-122.909889,539,21.2371
322353,49.276787,-123.102812,54,2.5565
322353,49.203213,-122.909336,540,21.2898
322353,49.203489,-122.908815,541,21.3386
322353,49.204644,-122.906462,542,21.5528
322353,49.204835,-122.906089,543,21.5873
322353,49.205703,-122.904307,544,21.7491
322353,49.20577,-122.904157,545,21.7624
322353,49.205863,-122.903968,546,21.7796
322353,49.20591,-122.903872,547,21.7883
322353,49.205987,-122.903714,548,21.8027
322353,49.206052,-122.903579,549,21.8149
322353,49.276506,-123.102666,55,2.5895
322353,49.20613,-122.903417,550,21.8295
322353,49.206185,-122.903301,551,21.84
322353,49.206257,-122.903144,552,21.8539
322353,49.206282,-122.903089,553,21.8588
322353,49.206319,-122.903,554,21.8665
322353,49.206339,-122.902948,555,21.8709
322353,49.206366,-122.902871,556,21.8772
322353,49.206414,-122.902716,557,21.8897
322353,49.206436,-122.902641,558,21.8957
322353,49.206454,-122.902569,559,21.9013
322353,49.276167,-123.102584,56,2.6277
322353,49.206488,-122.902419,560,21.9129
322353,49.206518,-122.902257,561,21.9252
322353,49.206541,-122.902097,562,21.9371
322353,49.20656,-122.901919,563,21.9502
322353,49.206563,-122.90187,564,21.9538
322353,49.206571,-122.901558,565,21.9766
322353,49.206566,-122.901392,566,21.9887
322353,49.206555,-122.901222,567,22.0011
322353,49.206533,-122.901037,568,22.0148
322353,49.206498,-122.900819,569,22.0312
322353,49.274487,-123.102344,57,2.8153
322353,49.206467,-122.900672,570,22.0425
322353,49.206336,-122.900126,571,22.0848
322353,49.206024,-122.898825,572,22.1858
322353,49.205611,-122.897118,573,22.3184
322353,49.205303,-122.895838,574,22.4177
322353,49.205038,-122.894748,575,22.5025
322353,49.20477,-122.893687,576,22.5853
322353,49.204618,-122.89301,577,22.6375
322353,49.204428,-122.892225,578,22.6985
322353,49.204305,-122.891703,579,22.7389
322353,49.27403,-123.102252,58,2.8666
322353,49.204038,-122.890621,580,22.8231
322353,49.203732,-122.889326,581,22.9234
322353,49.20361,-122.888748,582,22.9677
322353,49.203509,-122.888187,583,23.0101
322353,49.203455,-122.887819,584,23.0376
322353,49.20341,-122.887495,585,23.0617
322353,49.203378,-122.887194,586,23.0839
322353,49.203344,-122.886837,587,23.1102
322353,49.203319,-122.886506,588,23.1345
322353,49.203306,-122.886334,589,23.1471
322353,49.27378,-123.102197,59,2.8947
322353,49.203295,-122.886157,590,23.1601
322353,49.203284,-122.885923,591,23.1772
322353,49.203278,-122.885643,592,23.1976
322353,49.203272,-122.885347,593,23.2192
322353,49.20327,-122.885023,594,23.2428
322353,49.203279,-122.884513,595,23.28
322353,49.203298,-122.884138,596,23.3074
322353,49.203317,-122.883817,597,23.3309
322353,49.203348,-122.883441,598,23.3585
322353,49.203379,-122.883167,599,23.3787
322353,49.287583,-123.11576,6,0.3338
322353,49.273646,-123.102096,60,2.9113
322353,49.20342,-122.882802,600,23.4057
322353,49.203447,-122.882566,601,23.4232
322353,49.203506,-122.882054,602,23.4611
322353,49.203571,-122.8815,603,23.5021
322353,49.203655,-122.880771,604,23.556
322353,49.203784,-122.879656,605,23.6385
322353,49.203873,-122.878848,606,23.6982
322353,49.204094,-122.876953,607,23.8385
322353,49.204264,-122.875561,608,23.9417
322353,49.204428,-122.874106,609,24.0493
322353,49.273539,-123.101964,61,2.9266
322353,49.204503,-122.873506,610,24.0938
322353,49.20467,-122.872095,611,24.1983
322353,49.204711,-122.871708,612,24.2268
322353,49.204774,-122.871228,613,24.2625
322353,49.204821,-122.8709,614,24.287
322353,49.204868,-122.870618,615,24.3082
322353,49.204952,-122.870166,616,24.3424
322353,49.205066,-122.869624,617,24.3839
322353,49.205111,-122.869412,618,24.4001
322353,49.20519,-122.869096,619,24.4248
322353,49.273441,-123.101787,62,2.9435
322353,49.205257,-122.868822,620,24.4461
322353,49.205328,-122.868554,621,24.4672
322353,49.205449,-122.868079,622,24.5043
322353,49.205575,-122.867581,623,24.5432
322353,49.205676,-122.867191,624,24.5738
322353,49.205992,-122.865977,625,24.669
322353,49.206196,-122.865189,626,24.7307
322353,49.206394,-122.864402,627,24.7921
322353,49.206825,-122.86272,628,24.9237
322353,49.206889,-122.862448,629,24.9448
322353,49.273355,-123.101541,63,2.9638
322353,49.206947,-122.86217,630,24.966
322353,49.206995,-122.861942,631,24.9835
322353,49.207046,-122.861639,632,25.0063
322353,49.207081,-122.861357,633,25.0272
322353,49.207109,-122.861043,634,25.0503
322353,49.20712,-122.860791,635,25.0687
322353,49.207131,-122.860447,636,25.0938
322353,49.207124,-122.860162,637,25.1146
322353,49.207114,-122.859914,638,25.1327
322353,49.207094,-122.85965,639,25.152
322353,49.273302,-123.101245,64,2.9861
322353,49.20707,-122.859417,640,25.1692
322353,49.207038,-122.859175,641,25.1872
322353,49.206988,-122.858895,642,25.2084
322353,49.206942,-122.858674,643,25.2253
322353,49.206889,-122.858447,644,25.2428
322353,49.206809,-122.858147,645,25.2664
322353,49.206733,-122.857892,646,25.2868
322353,49.206635,-122.857617,647,25.3097
322353,49.206522,-122.857346,648,25.3331
322353,49.206428,-122.857146,649,25.351
322353,49.273234,-123.100888,65,3.0131
322353,49.206365,-122.857016,650,25.3628
322353,49.206287,-122.856875,651,25.3762
322353,49.206182,-122.856678,652,25.3947
322353,49.206087,-122.856526,653,25.41
322353,49.205885,-122.856202,654,25.4426
322353,49.205833,-122.856118,655,25.4511
322353,49.205784,-122.856045,656,25.4587
322353,49.205649,-122.855839,657,25.4799
322353,49.205553,-122.855699,658,25.4947
322353,49.205395,-122.855458,659,25.5195
322353,49.273111,-123.100131,66,3.0699
322353,49.2053,-122.855319,660,25.5341
322353,49.20496,-122.854801,661,25.5876
322353,49.204577,-122.854227,662,25.6473
322353,49.20436,-122.853897,663,25.6813
322353,49.203813,-122.853076,664,25.7667
322353,49.203738,-122.852958,665,25.7786
322353,49.203491,-122.852589,666,25.8171
322353,49.203261,-122.852241,667,25.8531
322353,49.20303,-122.851896,668,25.889
322353,49.202852,-122.851647,669,25.9159
322353,49.272991,-123.099419,67,3.1234
322353,49.202689,-122.851445,670,25.9393
322353,49.20256,-122.851302,671,25.957
322353,49.202464,-122.85121,672,25.9696
322353,49.202369,-122.851123,673,25.9819
322353,49.202183,-122.850983,674,26.005
322353,49.202034,-122.85089,675,26.0229
322353,49.201881,-122.850811,676,26.0408
322353,49.201614,-122.850709,677,26.0715
322353,49.20145,-122.850672,678,26.0899
322353,49.20125,-122.850633,679,26.1123
322353,49.27291,-123.099026,68,3.1534
322353,49.201069,-122.85062,680,26.1325
322353,49.200855,-122.850615,681,26.1563
322353,49.200458,-122.850603,682,26.2004
322353,49.19966,-122.850602,683,26.2892
322353,49.199392,-122.850603,684,26.319
322353,49.198509,-122.850611,685,26.4172
322353,49.198024,-122.850589,686,26.4712
322353,49.197723,-122.850623,687,26.5047
322353,49.197502,-122.850621,688,26.5293
322353,49.196422,-122.850623,689,26.6494
322353,49.272802,-123.09864,69,3.1839
322353,49.196188,-122.850628,690,26.6754
322353,49.195743,-122.850638,691,26.7249
322353,49.19539,-122.850653,692,26.7642
322353,49.195183,-122.850654,693,26.7872
322353,49.195038,-122.850653,694,26.8034
322353,49.19488,-122.85064,695,26.821
322353,49.194765,-122.850622,696,26.8338
322353,49.194653,-122.850597,697,26.8464
322353,49.194564,-122.850572,698,26.8565
322353,49.194473,-122.850541,699,26.8668
322353,49.287749,-123.116457,7,0.3878
322353,49.272664,-123.098198,70,3.2196
322353,49.194367,-122.850489,700,26.8792
322353,49.194268,-122.850433,701,26.891
322353,49.194198,-122.850388,702,26.8994
322353,49.194112,-122.850328,703,26.9099
322353,49.193996,-122.850229,704,26.9247
322353,49.193893,-122.850132,705,26.9382
322353,49.193644,-122.849869,706,26.9718
322353,49.193466,-122.849662,707,26.9967
322353,49.193158,-122.849305,708,27.0397
322353,49.192731,-122.848812,709,27.0993
322353,49.272432,-123.097554,71,3.2731
322353,49.192572,-122.848626,710,27.1216
322353,49.192447,-122.8485,711,27.1382
322353,49.192256,-122.848327,712,27.1629
322353,49.192122,-122.848216,713,27.1799
322353,49.191866,-122.84805,714,27.2108
322353,49.191711,-122.847974,715,27.2289
322353,49.191566,-122.847923,716,27.2455
322353,49.191415,-122.847888,717,27.2625
322353,49.191225,-122.847861,718,27.2837
322353,49.191048,-122.847847,719,27.3034
322353,49.272343,-123.097188,72,3.3015
322353,49.190708,-122.847843,720,27.3412
322353,49.190254,-122.847846,721,27.3917
322353,49.189935,-122.847852,722,27.4272
322353,49.189479,-122.847856,723,27.4779
322353,49.189166,-122.847868,724,27.5127
322353,49.188901,-122.84787,725,27.5422
322353,49.188673,-122.847856,726,27.5676
322353,49.188536,-122.847829,727,27.5829
322353,49.1884,-122.847792,728,27.5983
322353,49.188264,-122.847737,729,27.614
322353,49.272278,-123.096838,73,3.328
322353,49.188076,-122.847637,730,27.6361
322353,49.187913,-122.847531,731,27.6558
322353,49.187745,-122.84741,732,27.6765
322353,49.187581,-122.847294,733,27.6966
322353,49.187478,-122.847233,734,27.7089
322353,49.187374,-122.847175,735,27.7212
322353,49.187271,-122.847127,736,27.7331
322353,49.187128,-122.847069,737,27.7496
322353,49.186965,-122.847035,738,27.7679
322353,49.186777,-122.84702,739,27.7888
322353,49.271693,-123.093411,74,3.5857
322353,49.185901,-122.847026,740,27.8863
322353,49.185421,-122.847034,741,27.9396
322353,49.185031,-122.847041,742,27.983
322353,49.184896,-122.847041,743,27.998
322353,49.184708,-122.847048,744,28.019
322353,49.184511,-122.847044,745,28.0409
322353,49.184375,-122.847032,746,28.056
322353,49.184175,-122.846988,747,28.0785
322353,49.183995,-122.846907,748,28.0994
322353,49.183903,-122.846852,749,28.1103
322353,49.271255,-123.090814,75,3.7809
322353,49.183788,-122.846759,750,28.1248
322353,49.183636,-122.846608,751,28.145
322353,49.183521,-122.846446,752,28.1624
322353,49.183434,-122.846296,753,28.177
322353,49.183291,-122.845977,754,28.2052
322353,49.183216,-122.845795,755,28.2208
322353,49.183064,-122.845414,756,28.2534
322353,49.182523,-122.844084,757,28.3675
322353,49.270745,-123.087801,76,4.0074
322353,49.270366,-123.085637,77,4.1704
322353,49.270072,-123.08429,78,4.2737
322353,49.269673,-123.082453,79,4.4146
322353,49.288039,-123.117954,8,0.5013
322353,49.269559,-123.082084,80,4.4443
322353,49.26948,-123.081868,81,4.4623
322353,49.269364,-123.081587,82,4.4865
322353,49.269259,-123.081362,83,4.5066
322353,49.269144,-123.081152,84,4.5265
322353,49.26905,-123.081,85,4.5417
322353,49.26887,-123.080739,86,4.5693
322353,49.26869,-123.080524,87,4.5947
322353,49.268584,-123.080414,88,4.609
322353,49.268476,-123.080312,89,4.6231
322353,49.288122,-123.118399,9,0.535
322353,49.268348,-123.080202,90,4.6394
322353,49.268068,-123.079986,91,4.6743
322353,49.267732,-123.079733,92,4.716
322353,49.267175,-123.079285,93,4.786
322353,49.26704,-123.079154,94,4.8038
322353,49.266851,-123.078936,95,4.8301
322353,49.266619,-123.078599,96,4.8657
322353,49.266449,-123.078303,97,4.8944
322353,49.266335,-123.078065,98,4.9158
322353,49.26623,-123.077812,99,4.9376
322354,49.28601,-123.111859,1,0
322354,49.288141,-123.118775,10,0.5624
322354,49.26613,-123.077524,100,4.9614
322354,49.266029,-123.077217,101,4.9864
322354,49.265786,-123.076454,102,5.0481
322354,49.26539,-123.075236,103,5.1471
322354,49.26494,-123.073818,104,5.2618
322354,49.264779,-123.073322,105,5.3021
322354,49.264606,-123.072774,106,5.3464
322354,49.264173,-123.071423,107,5.4559
322354,49.263954,-123.070747,108,5.5108
322354,49.263784,-123.070214,109,5.5539
322354,49.288118,-123.119145,11,0.5895
322354,49.26366,-123.069869,110,5.5826
322354,49.263562,-123.069663,111,5.6011
322354,49.263452,-123.069481,112,5.6192
322354,49.263333,-123.069354,113,5.6353
322354,49.263275,-123.069306,114,5.6426
322354,49.263227,-123.069266,115,5.6487
322354,49.263129,-123.069203,116,5.6605
322354,49.263046,-123.069166,117,5.6702
322354,49.262954,-123.069137,118,5.6806
322354,49.262801,-123.069116,119,5.6977
322354,49.288064,-123.119454,12,0.6127
322354,49.262462,-123.069101,120,5.7354
322354,49.261444,-123.069125,121,5.8486
322354,49.261359,-123.069133,122,5.8581
322354,49.260935,-123.06914,123,5.9053
322354,49.260652,-123.06914,124,5.9367
322354,49.260328,-123.069127,125,5.9728
322354,49.26004,-123.069115,126,6.0048
322354,49.25975,-123.069105,127,6.0371
322354,49.259311,-123.0691,128,6.0859
322354,49.258483,-123.069114,129,6.178
322354,49.28793,-123.1199,13,0.6484
322354,49.258136,-123.06912,130,6.2166
322354,49.257299,-123.06913,131,6.3097
322354,49.256776,-123.069136,132,6.3679
322354,49.256377,-123.06912,133,6.4122
322354,49.255997,-123.06905,134,6.4548
322354,49.255733,-123.068964,135,6.4848
322354,49.25552,-123.06887,136,6.5095
322354,49.255228,-123.068706,137,6.5441
322354,49.255001,-123.068544,138,6.572
322354,49.254762,-123.068346,139,6.6022
322354,49.28773,-123.120268,14,0.6832
322354,49.254518,-123.068099,140,6.6347
322354,49.254356,-123.067917,141,6.6571
322354,49.254227,-123.067754,142,6.6757
322354,49.254022,-123.067489,143,6.7056
322354,49.253605,-123.066941,144,6.7668
322354,49.253085,-123.06626,145,6.8429
322354,49.252607,-123.065638,146,6.9128
322354,49.252406,-123.065356,147,6.9431
322354,49.252259,-123.065144,148,6.9656
322354,49.252035,-123.064766,149,7.0027
322354,49.28742,-123.120583,15,0.7246
322354,49.251873,-123.064454,150,7.0317
322354,49.251657,-123.063968,151,7.0745
322354,49.251439,-123.063455,152,7.119
322354,49.251258,-123.063005,153,7.1575
322354,49.250679,-123.061623,154,7.2769
322354,49.250484,-123.061143,155,7.3181
322354,49.250093,-123.06019,156,7.3999
322354,49.249699,-123.059223,157,7.4829
322354,49.249116,-123.057813,158,7.6043
322354,49.248888,-123.057259,159,7.6519
322354,49.287173,-123.12071,16,0.7536
322354,49.24863,-123.056648,160,7.7049
322354,49.24839,-123.056069,161,7.7548
322354,49.248096,-123.055362,162,7.8157
322354,49.247774,-123.054583,163,7.8828
322354,49.24743,-123.05376,164,7.9539
322354,49.246891,-123.052464,165,8.0657
322354,49.246617,-123.051805,166,8.1225
322354,49.246247,-123.050924,167,8.1987
322354,49.245764,-123.049765,168,8.2988
322354,49.245661,-123.049512,169,8.3205
322354,49.287025,-123.120737,17,0.7702
322354,49.245416,-123.048923,170,8.3713
322354,49.245213,-123.048412,171,8.4148
322354,49.244751,-123.047251,172,8.5137
322354,49.244112,-123.04573,173,8.6453
322354,49.242909,-123.042764,174,8.8994
322354,49.242707,-123.042285,175,8.9409
322354,49.242615,-123.042066,176,8.9598
322354,49.24251,-123.041817,177,8.9814
322354,49.242365,-123.041468,178,9.0115
322354,49.242276,-123.041253,179,9.03
322354,49.286807,-123.120754,18,0.7945
322354,49.242209,-123.0411,180,9.0434
322354,49.242001,-123.040595,181,9.0868
322354,49.24187,-123.04028,182,9.114
322354,49.241682,-123.039832,183,9.1528
322354,49.240836,-123.037821,184,9.3268
322354,49.240586,-123.037222,185,9.3785
322354,49.239957,-123.035689,186,9.5103
322354,49.239403,-123.034312,187,9.628
322354,49.238742,-123.032607,188,9.7723
322354,49.238079,-123.030978,189,9.9119
322354,49.286653,-123.120731,19,0.8117
322354,49.237917,-123.030594,190,9.9452
322354,49.237753,-123.030202,191,9.9791
322354,49.237632,-123.029941,192,10.0024
322354,49.237468,-123.029587,193,10.0339
322354,49.237057,-123.028768,194,10.1091
322354,49.236887,-123.028429,195,10.1402
322354,49.236618,-123.027892,196,10.1894
322354,49.236412,-123.027468,197,10.2279
322354,49.236074,-123.026729,198,10.2935
322354,49.235245,-123.024929,199,10.4538
322354,49.286479,-123.11302,2,0.0993
322354,49.286476,-123.120681,20,0.8317
322354,49.234668,-123.023677,200,10.5653
322354,49.234629,-123.02359,201,10.5729
322354,49.234627,-123.023585,202,10.5734
322354,49.234234,-123.022717,203,10.6502
322354,49.234069,-123.022334,204,10.6836
322354,49.233843,-123.021756,205,10.7326
322354,49.233617,-123.021144,206,10.7838
322354,49.233412,-123.020602,207,10.8294
322354,49.233274,-123.020266,208,10.8583
322354,49.233106,-123.01988,209,10.892
322354,49.286339,-123.12059,21,0.8483
322354,49.232921,-123.019469,210,10.9284
322354,49.232777,-123.019158,211,10.9561
322354,49.23245,-123.018443,212,11.0196
322354,49.232106,-123.017699,213,11.0859
322354,49.231671,-123.016741,214,11.1709
322354,49.231394,-123.016138,215,11.2245
322354,49.231038,-123.015365,216,11.2933
322354,49.230925,-123.015126,217,11.3148
322354,49.23046,-123.014146,218,11.4029
322354,49.23005,-123.013268,219,11.4815
322354,49.286187,-123.120466,22,0.8675
322354,49.229959,-123.013073,220,11.4989
322354,49.22953,-123.012141,221,11.5819
322354,49.229394,-123.011846,222,11.6082
322354,49.229165,-123.011321,223,11.6541
322354,49.228928,-123.010793,224,11.7007
322354,49.228657,-123.010176,225,11.7548
322354,49.228317,-123.009416,226,11.8219
322354,49.22814,-123.009035,227,11.8559
322354,49.227947,-123.008612,228,11.8934
322354,49.227708,-123.008088,229,11.94
322354,49.286066,-123.120325,23,0.8844
322354,49.227454,-123.007538,230,11.989
322354,49.227224,-123.007035,231,12.0337
322354,49.227023,-123.006595,232,12.0727
322354,49.226831,-123.006163,233,12.1108
322354,49.226737,-123.005946,234,12.1297
322354,49.226652,-123.005756,235,12.1465
322354,49.226393,-123.005153,236,12.199
322354,49.226185,-123.004688,237,12.24
322354,49.226006,-123.004315,238,12.2737
322354,49.225619,-123.003436,239,12.3508
322354,49.285552,-123.119478,24,0.9685
322354,49.225174,-123.002519,240,12.434
322354,49.224984,-123.00215,241,12.4682
322354,49.224605,-123.00139,242,12.5377
322354,49.224107,-123.000407,243,12.6283
322354,49.223852,-122.999891,244,12.6754
322354,49.223612,-122.999399,245,12.72
322354,49.223378,-122.998914,246,12.7639
322354,49.223053,-122.998207,247,12.8268
322354,49.222928,-122.997934,248,12.8511
322354,49.222677,-122.997395,249,12.8993
322354,49.284809,-123.118276,25,1.0888
322354,49.222503,-122.997006,250,12.9336
322354,49.222372,-122.996719,251,12.9591
322354,49.221987,-122.99588,252,13.0337
322354,49.221839,-122.995553,253,13.0627
322354,49.221651,-122.995111,254,13.101
322354,49.221565,-122.994885,255,13.1201
322354,49.221458,-122.994584,256,13.145
322354,49.221339,-122.994217,257,13.1749
322354,49.221227,-122.993829,258,13.2058
322354,49.221156,-122.99355,259,13.2276
322354,49.283704,-123.11658,26,1.2629
322354,49.221088,-122.993267,260,13.2495
322354,49.220989,-122.992798,261,13.2854
322354,49.220856,-122.992148,262,13.335
322354,49.220759,-122.991672,263,13.3713
322354,49.22065,-122.991155,264,13.4109
322354,49.220567,-122.990791,265,13.439
322354,49.220403,-122.99004,266,13.4966
322354,49.220347,-122.989771,267,13.5172
322354,49.220205,-122.98909,268,13.5693
322354,49.219976,-122.987992,269,13.6532
322354,49.283621,-123.11645,27,1.2761
322354,49.219843,-122.987341,270,13.7029
322354,49.219757,-122.986931,271,13.7343
322354,49.219619,-122.986302,272,13.7826
322354,49.219534,-122.985903,273,13.8131
322354,49.219321,-122.98485,274,13.8934
322354,49.219216,-122.984313,275,13.9343
322354,49.219139,-122.983927,276,13.9637
322354,49.218974,-122.98308,277,14.028
322354,49.218805,-122.982224,278,14.0932
322354,49.218599,-122.981169,279,14.1734
322354,49.283309,-123.115961,28,1.3258
322354,49.218467,-122.980499,280,14.2243
322354,49.21841,-122.980236,281,14.2445
322354,49.218332,-122.979888,282,14.2713
322354,49.218229,-122.97948,283,14.3032
322354,49.218136,-122.979153,284,14.3291
322354,49.218049,-122.978874,285,14.3516
322354,49.217951,-122.978571,286,14.3763
322354,49.217865,-122.978329,287,14.3963
322354,49.217755,-122.978037,288,14.4209
322354,49.217662,-122.977802,289,14.4409
322354,49.282098,-123.114088,29,1.5174
322354,49.217521,-122.977479,290,14.4691
322354,49.217402,-122.977224,291,14.4919
322354,49.217309,-122.977022,292,14.5099
322354,49.217206,-122.976811,293,14.5291
322354,49.216866,-122.976102,294,14.5931
322354,49.216501,-122.975343,295,14.6617
322354,49.21631,-122.974944,296,14.6977
322354,49.216082,-122.974469,297,14.7406
322354,49.21588,-122.974049,298,14.7786
322354,49.21564,-122.973548,299,14.8238
322354,49.286844,-123.113858,3,0.1725
322354,49.281114,-123.112552,30,1.6738
322354,49.215488,-122.97322,300,14.8531
322354,49.2154,-122.973014,301,14.871
322354,49.215258,-122.972656,302,14.9015
322354,49.215184,-122.972433,303,14.9197
322354,49.215116,-122.97222,304,14.937
322354,49.215021,-122.971866,305,14.9648
322354,49.214951,-122.971549,306,14.9892
322354,49.214894,-122.971237,307,15.0128
322354,49.214854,-122.970962,308,15.0333
322354,49.214841,-122.970835,309,15.0427
322354,49.280876,-123.112183,31,1.7116
322354,49.214818,-122.970629,310,15.0579
322354,49.214801,-122.970413,311,15.0738
322354,49.214791,-122.970225,312,15.0875
322354,49.214787,-122.970079,313,15.0981
322354,49.214782,-122.969747,314,15.1223
322354,49.214785,-122.969443,315,15.1445
322354,49.2148,-122.968875,316,15.1859
322354,49.214822,-122.968222,317,15.2335
322354,49.214857,-122.967185,318,15.3092
322354,49.214884,-122.966312,319,15.3729
322354,49.280582,-123.11166,32,1.7617
322354,49.214913,-122.965423,320,15.4377
322354,49.214931,-122.964913,321,15.4749
322354,49.214946,-122.964421,322,15.5108
322354,49.214965,-122.963806,323,15.5557
322354,49.21497,-122.963486,324,15.579
322354,49.214968,-122.963248,325,15.5963
322354,49.214957,-122.963032,326,15.6121
322354,49.214945,-122.962846,327,15.6257
322354,49.21492,-122.962643,328,15.6408
322354,49.214896,-122.962482,329,15.6528
322354,49.280481,-123.111437,33,1.7815
322354,49.214866,-122.962325,330,15.6647
322354,49.21481,-122.962096,331,15.6825
322354,49.214736,-122.961854,332,15.702
322354,49.214658,-122.961642,333,15.7197
322354,49.214578,-122.961468,334,15.7352
322354,49.214484,-122.961283,335,15.7523
322354,49.214382,-122.961121,336,15.7686
322354,49.214284,-122.960974,337,15.7839
322354,49.214201,-122.960878,338,15.7955
322354,49.214045,-122.960702,339,15.8171
322354,49.280356,-123.111123,34,1.8082
322354,49.213867,-122.96054,340,15.8401
322354,49.21362,-122.960339,341,15.8712
322354,49.21319,-122.96002,342,15.9244
322354,49.212737,-122.959684,343,15.9804
322354,49.212454,-122.959485,344,16.0151
322354,49.211841,-122.959031,345,16.0909
322354,49.21075,-122.958174,346,16.2273
322354,49.209965,-122.957631,347,16.3232
322354,49.209582,-122.957373,348,16.3697
322354,49.209174,-122.957054,349,16.4207
322354,49.280238,-123.110781,35,1.8363
322354,49.208873,-122.956845,350,16.4575
322354,49.208644,-122.956709,351,16.4848
322354,49.208337,-122.956586,352,16.5201
322354,49.208149,-122.956557,353,16.5411
322354,49.207937,-122.956536,354,16.5647
322354,49.20772,-122.956562,355,16.589
322354,49.207547,-122.956587,356,16.6083
322354,49.20734,-122.956663,357,16.632
322354,49.206981,-122.956864,358,16.6745
322354,49.206643,-122.957116,359,16.7163
322354,49.280141,-123.11055,36,1.8563
322354,49.205669,-122.957832,360,16.8366
322354,49.205336,-122.958082,361,16.8778
322354,49.204836,-122.958468,362,16.9401
322354,49.204711,-122.958531,363,16.9548
322354,49.204487,-122.958654,364,16.9813
322354,49.204267,-122.958727,365,17.0063
322354,49.204023,-122.958768,366,17.0336
322354,49.203802,-122.958783,367,17.0582
322354,49.203532,-122.958791,368,17.0882
322354,49.202786,-122.958764,369,17.1712
322354,49.280008,-123.110281,37,1.8808
322354,49.202505,-122.958691,370,17.2029
322354,49.202249,-122.958604,371,17.2321
322354,49.202001,-122.958486,372,17.261
322354,49.201835,-122.958388,373,17.2808
322354,49.201561,-122.958185,374,17.3146
322354,49.20136,-122.958003,375,17.3406
322354,49.201265,-122.957905,376,17.3534
322354,49.201147,-122.957782,377,17.3693
322354,49.201063,-122.95768,378,17.3812
322354,49.20088,-122.957448,379,17.4077
322354,49.279797,-123.109953,38,1.9143
322354,49.200771,-122.957297,380,17.4241
322354,49.200629,-122.957076,381,17.4466
322354,49.200479,-122.956822,382,17.4715
322354,49.200355,-122.956587,383,17.4935
322354,49.200267,-122.956405,384,17.51
322354,49.200209,-122.956282,385,17.521
322354,49.200127,-122.956086,386,17.538
322354,49.200034,-122.955849,387,17.5581
322354,49.199936,-122.955575,388,17.5809
322354,49.199862,-122.955337,389,17.6001
322354,49.279173,-123.108969,39,2.014
322354,49.199814,-122.955163,390,17.6138
322354,49.199752,-122.954926,391,17.6324
322354,49.19969,-122.954653,392,17.6535
322354,49.199641,-122.95439,393,17.6734
322354,49.199585,-122.954049,394,17.699
322354,49.199552,-122.953787,395,17.7185
322354,49.199529,-122.953526,396,17.7377
322354,49.199503,-122.953159,397,17.7646
322354,49.199491,-122.952877,398,17.7852
322354,49.199485,-122.952606,399,17.8049
322354,49.287236,-123.114745,4,0.2504
322354,49.278539,-123.108003,40,2.1136
322354,49.199491,-122.952229,400,17.8324
322354,49.199514,-122.951808,401,17.8632
322354,49.199541,-122.951481,402,17.8872
322354,49.199576,-122.95117,403,17.9102
322354,49.199629,-122.95082,404,17.9364
322354,49.199686,-122.95049,405,17.9613
322354,49.199743,-122.950216,406,17.9822
322354,49.199807,-122.949941,407,18.0035
322354,49.199979,-122.949222,408,18.0593
322354,49.200602,-122.946794,409,18.2493
322354,49.27834,-123.107698,41,2.1449
322354,49.20073,-122.946269,410,18.2901
322354,49.200814,-122.945882,411,18.3198
322354,49.200919,-122.945308,412,18.3633
322354,49.200988,-122.944814,413,18.4001
322354,49.201072,-122.944017,414,18.4589
322354,49.201141,-122.94328,415,18.5132
322354,49.201176,-122.942884,416,18.5423
322354,49.201218,-122.942482,417,18.5719
322354,49.201244,-122.942264,418,18.5881
322354,49.201276,-122.942048,419,18.6042
322354,49.278245,-123.107516,42,2.1619
322354,49.201301,-122.941896,420,18.6157
322354,49.201329,-122.941762,421,18.6259
322354,49.201393,-122.941496,422,18.6466
322354,49.20145,-122.9413,423,18.6622
322354,49.201497,-122.941148,424,18.6744
322354,49.201555,-122.940988,425,18.6878
322354,49.201654,-122.940731,426,18.7095
322354,49.201912,-122.940137,427,18.7614
322354,49.202099,-122.939715,428,18.7985
322354,49.202196,-122.93949,429,18.8182
322354,49.278104,-123.107225,43,2.1882
322354,49.202317,-122.939192,430,18.8437
322354,49.202364,-122.939071,431,18.854
322354,49.202455,-122.938823,432,18.8747
322354,49.202531,-122.938619,433,18.8918
322354,49.202652,-122.938265,434,18.9209
322354,49.203039,-122.937037,435,19.0202
322354,49.203117,-122.936792,436,19.04
322354,49.203209,-122.936504,437,19.0634
322354,49.203311,-122.936185,438,19.0892
322354,49.203433,-122.935795,439,19.1207
322354,49.27801,-123.106937,44,2.2116
322354,49.203542,-122.935436,440,19.1496
322354,49.203573,-122.935326,441,19.1583
322354,49.203606,-122.935198,442,19.1683
322354,49.20364,-122.935066,443,19.1787
322354,49.203669,-122.934947,444,19.1879
322354,49.203719,-122.934698,445,19.2069
322354,49.203743,-122.934568,446,19.2167
322354,49.203758,-122.934448,447,19.2256
322354,49.203775,-122.934322,448,19.235
322354,49.203789,-122.934181,449,19.2454
322354,49.277921,-123.106647,45,2.2349
322354,49.203797,-122.934084,450,19.2525
322354,49.203801,-122.934005,451,19.2583
322354,49.203808,-122.933887,452,19.2669
322354,49.203811,-122.933745,453,19.2773
322354,49.20381,-122.933616,454,19.2867
322354,49.203809,-122.933511,455,19.2943
322354,49.203805,-122.933415,456,19.3013
322354,49.203795,-122.933191,457,19.3177
322354,49.203782,-122.933031,458,19.3295
322354,49.203765,-122.932835,459,19.3439
322354,49.277852,-123.106237,46,2.2657
322354,49.203747,-122.932643,460,19.358
322354,49.203729,-122.932485,461,19.3697
322354,49.20369,-122.932135,462,19.3956
322354,49.203641,-122.931698,463,19.4279
322354,49.203617,-122.93149,464,19.4433
322354,49.203569,-122.931064,465,19.4748
322354,49.203531,-122.930715,466,19.5005
322354,49.203479,-122.93027,467,19.5335
322354,49.203426,-122.92978,468,19.5697
322354,49.203378,-122.929355,469,19.6011
322354,49.277784,-123.105772,47,2.3004
322354,49.203349,-122.92911,470,19.6192
322354,49.203327,-122.928945,471,19.6315
322354,49.203308,-122.928824,472,19.6406
322354,49.203279,-122.928645,473,19.654
322354,49.203246,-122.928477,474,19.6668
322354,49.203179,-122.928205,475,19.688
322354,49.203111,-122.927983,476,19.7058
322354,49.203084,-122.927903,477,19.7124
322354,49.203029,-122.927757,478,19.7247
322354,49.202973,-122.927618,479,19.7366
322354,49.277732,-123.105124,48,2.3479
322354,49.20292,-122.927504,480,19.7467
322354,49.202866,-122.927393,481,19.7568
322354,49.202774,-122.927226,482,19.7727
322354,49.202665,-122.927045,483,19.7906
322354,49.202559,-122.926891,484,19.8069
322354,49.20249,-122.926799,485,19.8171
322354,49.202318,-122.926576,486,19.8422
322354,49.202197,-122.92642,487,19.8598
322354,49.201895,-122.926041,488,19.9033
322354,49.20161,-122.92567,489,19.945
322354,49.277658,-123.104442,49,2.3982
322354,49.201567,-122.925606,490,19.9516
322354,49.201506,-122.925517,491,19.961
322354,49.201436,-122.92541,492,19.972
322354,49.201372,-122.925301,493,19.9827
322354,49.201303,-122.925174,494,19.9947
322354,49.201256,-122.92508,495,20.0033
322354,49.201196,-122.924946,496,20.0152
322354,49.201155,-122.924851,497,20.0235
322354,49.20111,-122.924734,498,20.0334
322354,49.201062,-122.924602,499,20.0444
322354,49.287432,-123.115264,5,0.294
322354,49.277492,-123.103814,50,2.4475
322354,49.201005,-122.924418,500,20.0592
322354,49.200983,-122.924341,501,20.0653
322354,49.200922,-122.924103,502,20.0839
322354,49.20089,-122.923957,503,20.0952
322354,49.200851,-122.92377,504,20.1095
322354,49.200634,-122.922575,505,20.1998
322354,49.200455,-122.921566,506,20.276
322354,49.200422,-122.921375,507,20.2904
322354,49.200391,-122.921172,508,20.3056
322354,49.200348,-122.920861,509,20.3288
322354,49.277378,-123.103536,51,2.4714
322354,49.20032,-122.920603,510,20.3478
322354,49.200303,-122.920418,511,20.3614
322354,49.20029,-122.920248,512,20.3739
322354,49.200267,-122.919915,513,20.3983
322354,49.200234,-122.919395,514,20.4364
322354,49.200184,-122.91862,515,20.4931
322354,49.200123,-122.917673,516,20.5625
322354,49.200087,-122.917121,517,20.6029
322354,49.200071,-122.916795,518,20.6267
322354,49.200061,-122.916537,519,20.6456
322354,49.277191,-123.103222,52,2.5023
322354,49.200058,-122.916361,520,20.6584
322354,49.200061,-122.9162,521,20.6701
322354,49.200067,-122.916031,522,20.6825
322354,49.200078,-122.91588,523,20.6935
322354,49.20009,-122.915768,524,20.7018
322354,49.200102,-122.915654,525,20.7102
322354,49.200121,-122.915533,526,20.7193
322354,49.200139,-122.915439,527,20.7264
322354,49.200159,-122.915332,528,20.7345
322354,49.200179,-122.915242,529,20.7415
322354,49.276998,-123.102981,53,2.53
322354,49.200214,-122.915105,530,20.7522
322354,49.200258,-122.914958,531,20.764
322354,49.200303,-122.914822,532,20.7751
322354,49.200344,-122.914708,533,20.7845
322354,49.200434,-122.914492,534,20.8032
322354,49.200558,-122.914236,535,20.8264
322354,49.201027,-122.913347,536,20.9096
322354,49.201491,-122.912503,537,20.9899
322354,49.202237,-122.911126,538,21.1201
322354,49.202908,-122.909889,539,21.2371
322354,49.276787,-123.102812,54,2.5565
322354,49.203213,-122.909336,540,21.2898
322354,49.203489,-122.908815,541,21.3386
322354,49.204644,-122.906462,542,21.5528
322354,49.204835,-122.906089,543,21.5873
322354,49.205703,-122.904307,544,21.7491
322354,49.205752,-122.904234,545,21.7568
322354,49.205899,-122.903951,546,21.7831
322354,49.205962,-122.903855,547,21.793
322354,49.206096,-122.903659,548,21.8136
322354,49.206202,-122.90341,549,21.8352
322354,49.276506,-123.102666,55,2.5895
322354,49.2063,-122.903182,550,21.8551
322354,49.206413,-122.902905,551,21.8789
322354,49.206553,-122.902582,552,21.9071
322354,49.206734,-122.902142,553,21.945
322354,49.210981,-122.897416,554,22.5295
322354,49.21183,-122.896273,555,22.6554
322354,49.212181,-122.895777,556,22.7086
322354,49.212434,-122.895464,557,22.7448
322354,49.212683,-122.895206,558,22.7783
322354,49.212972,-122.894967,559,22.8148
322354,49.276167,-123.102584,56,2.6277
322354,49.213376,-122.894708,560,22.8636
322354,49.214408,-122.89415,561,22.9853
322354,49.214728,-122.894047,562,23.0217
322354,49.21601,-122.893616,563,23.1677
322354,49.216624,-122.893425,564,23.2374
322354,49.21739,-122.893184,565,23.3244
322354,49.21945,-122.892584,566,23.5576
322354,49.220583,-122.892312,567,23.6852
322354,49.221259,-122.892151,568,23.7612
322354,49.221616,-122.892077,569,23.8013
322354,49.274487,-123.102344,57,2.8153
322354,49.222039,-122.891975,570,23.8489
322354,49.222453,-122.891756,571,23.8977
322354,49.222843,-122.891501,572,23.9449
322354,49.223138,-122.891209,573,23.984
322354,49.22435,-122.889775,574,24.1545
322354,49.225026,-122.888989,575,24.249
322354,49.226414,-122.887321,576,24.4454
322354,49.227374,-122.8862,577,24.5798
322354,49.228601,-122.884692,578,24.755
322354,49.228986,-122.884175,579,24.812
322354,49.27403,-123.102252,58,2.8666
322354,49.229271,-122.883804,580,24.8537
322354,49.229518,-122.883506,581,24.8887
322354,49.229713,-122.883272,582,24.9163
322354,49.229913,-122.883076,583,24.9427
322354,49.230154,-122.882867,584,24.9735
322354,49.230438,-122.882695,585,25.0075
322354,49.230736,-122.882558,586,25.0421
322354,49.231035,-122.882489,587,25.0757
322354,49.231289,-122.882465,588,25.104
322354,49.231632,-122.882464,589,25.1422
322354,49.27378,-123.102197,59,2.8947
322354,49.232618,-122.88269,590,25.2531
322354,49.23335,-122.882871,591,25.3355
322354,49.234336,-122.883051,592,25.446
322354,49.23505,-122.883227,593,25.5264
322354,49.23517,-122.883257,594,25.5399
322354,49.235611,-122.883427,595,25.5905
322354,49.235954,-122.883597,596,25.6306
322354,49.236223,-122.883767,597,25.663
322354,49.236425,-122.883949,598,25.6891
322354,49.236679,-122.884234,599,25.7241
322354,49.287583,-123.11576,6,0.3338
322354,49.273646,-123.102096,60,2.9113
322354,49.236906,-122.884503,600,25.7561
322354,49.237278,-122.885099,601,25.8161
322354,49.238243,-122.886694,602,25.9742
322354,49.239323,-122.888548,603,26.1549
322354,49.240297,-122.890227,604,26.3183
322354,49.240713,-122.89093,605,26.3873
322354,49.241185,-122.891766,606,26.4676
322354,49.241456,-122.892093,607,26.5061
322354,49.241794,-122.892398,608,26.5497
322354,49.242006,-122.892542,609,26.5755
322354,49.273539,-123.101964,61,2.9266
322354,49.242123,-122.892601,610,26.5892
322354,49.242318,-122.892698,611,26.612
322354,49.242542,-122.892756,612,26.6373
322354,49.242742,-122.892784,613,26.6596
322354,49.243213,-122.892805,614,26.712
322354,49.245236,-122.892859,615,26.9371
322354,49.245527,-122.892858,616,26.9694
322354,49.245712,-122.892865,617,26.99
322354,49.245819,-122.892889,618,27.002
322354,49.245998,-122.892966,619,27.0227
322354,49.273441,-123.101787,62,2.9435
322354,49.246087,-122.89302,620,27.0334
322354,49.246287,-122.893169,621,27.0581
322354,49.246415,-122.893314,622,27.0758
322354,49.246558,-122.893518,623,27.0976
322354,49.248403,-122.896791,624,27.4121
322354,49.248935,-122.897799,625,27.5063
322354,49.249011,-122.897908,626,27.5179
322354,49.249017,-122.897924,627,27.5193
322354,49.249115,-122.898205,628,27.5425
322354,49.249244,-122.898559,629,27.572
322354,49.273355,-123.101541,63,2.9638
322354,49.249272,-122.898636,630,27.5784
322354,49.249431,-122.89907,631,27.6146
322354,49.249456,-122.89914,632,27.6204
322354,49.249505,-122.89927,633,27.6313
322354,49.249518,-122.899302,634,27.634
322354,49.24958,-122.899454,635,27.6471
322354,49.249655,-122.8996,636,27.6606
322354,49.249718,-122.899721,637,27.6718
322354,49.249905,-122.90008,638,27.7053
322354,49.249991,-122.900253,639,27.7211
322354,49.273302,-123.101245,64,2.9861
322354,49.250059,-122.9004,640,27.7342
322354,49.25019,-122.900687,641,27.7596
322354,49.250278,-122.900898,642,27.7779
322354,49.250379,-122.901146,643,27.7991
322354,49.250469,-122.901382,644,27.819
322354,49.250534,-122.901564,645,27.8341
322354,49.250554,-122.901621,646,27.8388
322354,49.250572,-122.90167,647,27.8429
322354,49.250602,-122.901754,648,27.8499
322354,49.250618,-122.901805,649,27.854
322354,49.273234,-123.100888,65,3.0131
322354,49.250773,-122.902294,650,27.8935
322354,49.250793,-122.902358,651,27.8987
322354,49.250844,-122.902541,652,27.9132
322354,49.250944,-122.902937,653,27.9441
322354,49.251002,-122.903172,654,27.9624
322354,49.251021,-122.903259,655,27.969
322354,49.251027,-122.903289,656,27.9713
322354,49.251065,-122.903464,657,27.9848
322354,49.251118,-122.903714,658,28.0039
322354,49.251162,-122.903947,659,28.0215
322354,49.273111,-123.100131,66,3.0699
322354,49.251203,-122.904169,660,28.0383
322354,49.251212,-122.904222,661,28.0423
322354,49.251256,-122.904495,662,28.0628
322354,49.251312,-122.904883,663,28.0917
322354,49.251365,-122.905251,664,28.1191
322354,49.251455,-122.905891,665,28.1668
322354,49.251506,-122.906228,666,28.192
322354,49.251525,-122.906339,667,28.2003
322354,49.251555,-122.906519,668,28.2139
322354,49.251578,-122.906656,669,28.2242
322354,49.272991,-123.099419,67,3.1234
322354,49.251607,-122.906812,670,28.236
322354,49.251629,-122.906935,671,28.2452
322354,49.251652,-122.90705,672,28.254
322354,49.25167,-122.907146,673,28.2613
322354,49.251707,-122.90732,674,28.2746
322354,49.251729,-122.907421,675,28.2823
322354,49.251752,-122.907522,676,28.2901
322354,49.251816,-122.907811,677,28.3123
322354,49.25198,-122.908564,678,28.3701
322354,49.252065,-122.908976,679,28.4016
322354,49.27291,-123.099026,68,3.1534
322354,49.252146,-122.909404,680,28.434
322354,49.252206,-122.909773,681,28.4617
322354,49.252267,-122.910207,682,28.494
322354,49.252523,-122.912004,683,28.6279
322354,49.252601,-122.912548,684,28.6684
322354,49.252678,-122.913102,685,28.7096
322354,49.252754,-122.913636,686,28.7494
322354,49.252856,-122.914348,687,28.8025
322354,49.252912,-122.91474,688,28.8317
322354,49.252936,-122.914903,689,28.8439
322354,49.272802,-123.09864,69,3.1839
322354,49.252975,-122.915169,690,28.8637
322354,49.253031,-122.915555,691,28.8925
322354,49.253115,-122.916051,692,28.9298
322354,49.253151,-122.916264,693,28.9458
322354,49.25333,-122.917525,694,29.0397
322354,49.253506,-122.918732,695,29.1298
322354,49.287749,-123.116457,7,0.3878
322354,49.272664,-123.098198,70,3.2196
322354,49.272432,-123.097554,71,3.2731
322354,49.272343,-123.097188,72,3.3015
322354,49.272278,-123.096838,73,3.328
322354,49.271693,-123.093411,74,3.5857
322354,49.271255,-123.090814,75,3.7809
322354,49.270745,-123.087801,76,4.0074
322354,49.270366,-123.085637,77,4.1704
322354,49.270072,-123.08429,78,4.2737
322354,49.269673,-123.082453,79,4.4146
322354,49.288039,-123.117954,8,0.5013
322354,49.269559,-123.082084,80,4.4443
322354,49.26948,-123.081868,81,4.4623
322354,49.269364,-123.081587,82,4.4865
322354,49.269259,-123.081362,83,4.5066
322354,49.269144,-123.081152,84,4.5265
322354,49.26905,-123.081,85,4.5417
322354,49.26887,-123.080739,86,4.5693
322354,49.26869,-123.080524,87,4.5947
322354,49.268584,-123.080414,88,4.609
322354,49.268476,-123.080312,89,4.6231
322354,49.288122,-123.118399,9,0.535
322354,49.268348,-123.080202,90,4.6394
322354,49.268068,-123.079986,91,4.6743
322354,49.267732,-123.079733,92,4.716
322354,49.267175,-123.079285,93,4.786
322354,49.26704,-123.079154,94,4.8038
322354,49.266851,-123.078936,95,4.8301
322354,49.266619,-123.078599,96,4.8657
322354,49.266449,-123.078303,97,4.8944
322354,49.266335,-123.078065,98,4.9158
322354,49.26623,-123.077812,99,4.9376
322371,49.182523,-122.844084,1,0
322371,49.183995,-122.846907,10,0.2681
322371,49.205553,-122.855699,100,2.8728
322371,49.205649,-122.855839,101,2.8876
322371,49.205784,-122.856045,102,2.9088
322371,49.205833,-122.856118,103,2.9164
322371,49.205885,-122.856202,104,2.9248
322371,49.206087,-122.856526,105,2.9574
322371,49.206182,-122.856678,106,2.9727
322371,49.206287,-122.856875,107,2.9912
322371,49.206365,-122.857016,108,3.0047
322371,49.206428,-122.857146,109,3.0165
322371,49.184175,-122.846988,11,0.289
322371,49.206522,-122.857346,110,3.0344
322371,49.206635,-122.857617,111,3.0578
322371,49.206733,-122.857892,112,3.0806
322371,49.206809,-122.858147,113,3.101
322371,49.206889,-122.858447,114,3.1246
322371,49.206942,-122.858674,115,3.1422
322371,49.206988,-122.858895,116,3.1591
322371,49.207038,-122.859175,117,3.1803
322371,49.20707,-122.859417,118,3.1982
322371,49.207094,-122.85965,119,3.2154
322371,49.184375,-122.847032,12,0.3115
322371,49.207114,-122.859914,120,3.2348
322371,49.207124,-122.860162,121,3.2529
322371,49.207131,-122.860447,122,3.2737
322371,49.20712,-122.860791,123,3.2988
322371,49.207109,-122.861043,124,3.3172
322371,49.207081,-122.861357,125,3.3403
322371,49.207046,-122.861639,126,3.3612
322371,49.206995,-122.861942,127,3.384
322371,49.206947,-122.86217,128,3.4014
322371,49.206889,-122.862448,129,3.4227
322371,49.184511,-122.847044,13,0.3266
322371,49.206825,-122.86272,130,3.4438
322371,49.206394,-122.864402,131,3.5754
322371,49.206196,-122.865189,132,3.6368
322371,49.205992,-122.865977,133,3.6985
322371,49.205676,-122.867191,134,3.7937
322371,49.205575,-122.867581,135,3.8243
322371,49.205449,-122.868079,136,3.8632
322371,49.205328,-122.868554,137,3.9003
322371,49.205257,-122.868822,138,3.9214
322371,49.20519,-122.869096,139,3.9427
322371,49.184708,-122.847048,14,0.3485
322371,49.205111,-122.869412,140,3.9673
322371,49.205066,-122.869624,141,3.9836
322371,49.204952,-122.870166,142,4.0251
322371,49.204868,-122.870618,143,4.0593
322371,49.204821,-122.8709,144,4.0805
322371,49.204774,-122.871228,145,4.105
322371,49.204711,-122.871708,146,4.1406
322371,49.20467,-122.872095,147,4.1692
322371,49.204503,-122.873506,148,4.2737
322371,49.204428,-122.874106,149,4.3182
322371,49.184896,-122.847041,15,0.3694
322371,49.204264,-122.875561,150,4.4258
322371,49.204094,-122.876953,151,4.529
322371,49.203873,-122.878848,152,4.6692
322371,49.203784,-122.879656,153,4.7289
322371,49.203655,-122.880771,154,4.8115
322371,49.203571,-122.8815,155,4.8654
322371,49.203506,-122.882054,156,4.9064
322371,49.203447,-122.882566,157,4.9443
322371,49.20342,-122.882802,158,4.9618
322371,49.203379,-122.883167,159,4.9887
322371,49.185031,-122.847041,16,0.3845
322371,49.203348,-122.883441,160,5.009
322371,49.203317,-122.883817,161,5.0366
322371,49.203298,-122.884138,162,5.0601
322371,49.203279,-122.884513,163,5.0875
322371,49.20327,-122.885023,164,5.1247
322371,49.203272,-122.885347,165,5.1483
322371,49.203278,-122.885643,166,5.1699
322371,49.203284,-122.885923,167,5.1903
322371,49.203295,-122.886157,168,5.2074
322371,49.203306,-122.886334,169,5.2204
322371,49.185421,-122.847034,17,0.4278
322371,49.203319,-122.886506,170,5.233
322371,49.203344,-122.886837,171,5.2573
322371,49.203378,-122.887194,172,5.2835
322371,49.20341,-122.887495,173,5.3058
322371,49.203455,-122.887819,174,5.3299
322371,49.203509,-122.888187,175,5.3574
322371,49.20361,-122.888748,176,5.3998
322371,49.203732,-122.889326,177,5.444
322371,49.204038,-122.890621,178,5.5443
322371,49.204305,-122.891703,179,5.6286
322371,49.185901,-122.847026,18,0.4812
322371,49.204428,-122.892225,180,5.669
322371,49.204618,-122.89301,181,5.73
322371,49.20477,-122.893687,182,5.7822
322371,49.205038,-122.894748,183,5.865
322371,49.205303,-122.895838,184,5.9497
322371,49.205611,-122.897118,185,6.0491
322371,49.206024,-122.898825,186,6.1817
322371,49.206336,-122.900126,187,6.2827
322371,49.206467,-122.900672,188,6.325
322371,49.206498,-122.900819,189,6.3363
322371,49.186777,-122.84702,19,0.5786
322371,49.206533,-122.901037,190,6.3526
322371,49.206555,-122.901222,191,6.3663
322371,49.206566,-122.901392,192,6.3788
322371,49.206571,-122.901558,193,6.3909
322371,49.206563,-122.90187,194,6.4136
322371,49.20656,-122.901919,195,6.4172
322371,49.206541,-122.902097,196,6.4304
322371,49.206518,-122.902257,197,6.4423
322371,49.206488,-122.902419,198,6.4546
322371,49.206454,-122.902569,199,6.4661
322371,49.183064,-122.845414,2,0.1141
322371,49.186965,-122.847035,20,0.5996
322371,49.206436,-122.902641,200,6.4718
322371,49.206414,-122.902716,201,6.4777
322371,49.206366,-122.902871,202,6.4902
322371,49.206339,-122.902948,203,6.4966
322371,49.206319,-122.903,204,6.501
322371,49.206282,-122.903089,205,6.5087
322371,49.206257,-122.903144,206,6.5136
322371,49.206185,-122.903301,207,6.5275
322371,49.20613,-122.903417,208,6.538
322371,49.206052,-122.903579,209,6.5526
322371,49.187128,-122.847069,21,0.6179
322371,49.205987,-122.903714,210,6.5648
322371,49.20591,-122.903872,211,6.5792
322371,49.205863,-122.903968,212,6.5879
322371,49.20577,-122.904157,213,6.6051
322371,49.205703,-122.904307,214,6.6183
322371,49.204835,-122.906089,215,6.7801
322371,49.204644,-122.906462,216,6.8146
322371,49.203489,-122.908815,217,7.0289
322371,49.203213,-122.909336,218,7.0777
322371,49.202908,-122.909889,219,7.1304
322371,49.187271,-122.847127,22,0.6343
322371,49.202237,-122.911126,220,7.2474
322371,49.201491,-122.912503,221,7.3776
322371,49.201027,-122.913347,222,7.4579
322371,49.200558,-122.914236,223,7.5411
322371,49.200434,-122.914492,224,7.5643
322371,49.200344,-122.914708,225,7.5829
322371,49.200303,-122.914822,226,7.5924
322371,49.200258,-122.914958,227,7.6035
322371,49.200214,-122.915105,228,7.6153
322371,49.200179,-122.915242,229,7.626
322371,49.187374,-122.847175,23,0.6463
322371,49.200159,-122.915332,230,7.6329
322371,49.200139,-122.915439,231,7.641
322371,49.200121,-122.915533,232,7.6482
322371,49.200102,-122.915654,233,7.6573
322371,49.20009,-122.915768,234,7.6657
322371,49.200078,-122.91588,235,7.6739
322371,49.200067,-122.916031,236,7.685
322371,49.200061,-122.9162,237,7.6973
322371,49.200058,-122.916361,238,7.7091
322371,49.200061,-122.916537,239,7.7219
322371,49.187478,-122.847233,24,0.6586
322371,49.200071,-122.916795,240,7.7407
322371,49.200087,-122.917121,241,7.7646
322371,49.200123,-122.917673,242,7.805
322371,49.200184,-122.91862,243,7.8743
322371,49.200234,-122.919395,244,7.9311
322371,49.200267,-122.919915,245,7.9692
322371,49.20029,-122.920248,246,7.9936
322371,49.200303,-122.920418,247,8.0061
322371,49.20032,-122.920603,248,8.0197
322371,49.200348,-122.920861,249,8.0387
322371,49.187581,-122.847294,25,0.6709
322371,49.200391,-122.921172,250,8.0619
322371,49.200422,-122.921375,251,8.0771
322371,49.200455,-122.921566,252,8.0915
322371,49.200634,-122.922575,253,8.1677
322371,49.200851,-122.92377,254,8.258
322371,49.20089,-122.923957,255,8.2723
322371,49.200922,-122.924103,256,8.2835
322371,49.200983,-122.924341,257,8.3022
322371,49.201005,-122.924418,258,8.3083
322371,49.201062,-122.924602,259,8.3231
322371,49.187745,-122.84741,26,0.691
322371,49.20111,-122.924734,260,8.3341
322371,49.201155,-122.924851,261,8.344
322371,49.201196,-122.924946,262,8.3523
322371,49.201256,-122.92508,263,8.3641
322371,49.201303,-122.925174,264,8.3727
322371,49.201372,-122.925301,265,8.3848
322371,49.201436,-122.92541,266,8.3954
322371,49.201506,-122.925517,267,8.4065
322371,49.201567,-122.925606,268,8.4158
322371,49.20161,-122.92567,269,8.4225
322371,49.187913,-122.847531,27,0.7117
322371,49.201895,-122.926041,270,8.4642
322371,49.202197,-122.92642,271,8.5077
322371,49.202318,-122.926576,272,8.5253
322371,49.20249,-122.926799,273,8.5504
322371,49.202559,-122.926891,274,8.5606
322371,49.202665,-122.927045,275,8.5768
322371,49.202774,-122.927226,276,8.5948
322371,49.202866,-122.927393,277,8.6107
322371,49.20292,-122.927504,278,8.6207
322371,49.202973,-122.927618,279,8.6309
322371,49.188076,-122.847637,28,0.7314
322371,49.203029,-122.927757,280,8.6428
322371,49.203084,-122.927903,281,8.6551
322371,49.203111,-122.927983,282,8.6616
322371,49.203179,-122.928205,283,8.6795
322371,49.203246,-122.928477,284,8.7007
322371,49.203279,-122.928645,285,8.7135
322371,49.203308,-122.928824,286,8.7269
322371,49.203327,-122.928945,287,8.736
322371,49.203349,-122.92911,288,8.7482
322371,49.203378,-122.929355,289,8.7664
322371,49.188264,-122.847737,29,0.7535
322371,49.203426,-122.92978,290,8.7978
322371,49.203479,-122.93027,291,8.834
322371,49.203531,-122.930715,292,8.8669
322371,49.203569,-122.931064,293,8.8927
322371,49.203617,-122.93149,294,8.9242
322371,49.203641,-122.931698,295,8.9396
322371,49.20369,-122.932135,296,8.9719
322371,49.203729,-122.932485,297,8.9978
322371,49.203747,-122.932643,298,9.0095
322371,49.203765,-122.932835,299,9.0236
322371,49.183216,-122.845795,3,0.1466
322371,49.1884,-122.847792,30,0.7692
322371,49.203782,-122.933031,300,9.038
322371,49.203795,-122.933191,301,9.0498
322371,49.203805,-122.933415,302,9.0661
322371,49.203809,-122.933511,303,9.0731
322371,49.20381,-122.933616,304,9.0808
322371,49.203811,-122.933745,305,9.0902
322371,49.203808,-122.933887,306,9.1005
322371,49.203801,-122.934005,307,9.1092
322371,49.203797,-122.934084,308,9.115
322371,49.203789,-122.934181,309,9.1221
322371,49.188536,-122.847829,31,0.7845
322371,49.203775,-122.934322,310,9.1325
322371,49.203758,-122.934448,311,9.1418
322371,49.203743,-122.934568,312,9.1507
322371,49.203719,-122.934698,313,9.1606
322371,49.203669,-122.934947,314,9.1796
322371,49.20364,-122.935066,315,9.1888
322371,49.203606,-122.935198,316,9.1992
322371,49.203573,-122.935326,317,9.2092
322371,49.203542,-122.935436,318,9.2179
322371,49.203433,-122.935795,319,9.2467
322371,49.188673,-122.847856,32,0.7999
322371,49.203311,-122.936185,320,9.2782
322371,49.203209,-122.936504,321,9.3041
322371,49.203117,-122.936792,322,9.3274
322371,49.203039,-122.937037,323,9.3473
322371,49.202652,-122.938265,324,9.4466
322371,49.202531,-122.938619,325,9.4757
322371,49.202455,-122.938823,326,9.4928
322371,49.202364,-122.939071,327,9.5135
322371,49.202317,-122.939192,328,9.5238
322371,49.202196,-122.93949,329,9.5493
322371,49.188901,-122.84787,33,0.8253
322371,49.202099,-122.939715,330,9.5689
322371,49.201912,-122.940137,331,9.6061
322371,49.201654,-122.940731,332,9.658
322371,49.201555,-122.940988,333,9.6797
322371,49.201497,-122.941148,334,9.693
322371,49.20145,-122.9413,335,9.7053
322371,49.201393,-122.941496,336,9.7209
322371,49.201329,-122.941762,337,9.7416
322371,49.201301,-122.941896,338,9.7518
322371,49.201276,-122.942048,339,9.7632
322371,49.189166,-122.847868,34,0.8547
322371,49.201244,-122.942264,340,9.7794
322371,49.201218,-122.942482,341,9.7955
322371,49.201176,-122.942884,342,9.8252
322371,49.201141,-122.94328,343,9.8543
322371,49.201072,-122.944017,344,9.9086
322371,49.200988,-122.944814,345,9.9674
322371,49.200919,-122.945308,346,10.0042
322371,49.200814,-122.945882,347,10.0476
322371,49.20073,-122.946269,348,10.0774
322371,49.200602,-122.946794,349,10.1182
322371,49.189479,-122.847856,35,0.8896
322371,49.199979,-122.949222,350,10.3082
322371,49.199807,-122.949941,351,10.364
322371,49.199743,-122.950216,352,10.3853
322371,49.199686,-122.95049,353,10.4062
322371,49.199629,-122.95082,354,10.4311
322371,49.199576,-122.95117,355,10.4573
322371,49.199541,-122.951481,356,10.4803
322371,49.199514,-122.951808,357,10.5043
322371,49.199491,-122.952229,358,10.5351
322371,49.199485,-122.952606,359,10.5625
322371,49.189935,-122.847852,36,0.9403
322371,49.199491,-122.952877,360,10.5823
322371,49.199503,-122.953159,361,10.6029
322371,49.199529,-122.953526,362,10.6298
322371,49.199552,-122.953787,363,10.649
322371,49.199585,-122.954049,364,10.6684
322371,49.199641,-122.95439,365,10.6941
322371,49.19969,-122.954653,366,10.714
322371,49.199752,-122.954926,367,10.735
322371,49.199814,-122.955163,368,10.7536
322371,49.199862,-122.955337,369,10.7674
322371,49.190254,-122.847846,37,0.9758
322371,49.199936,-122.955575,370,10.7866
322371,49.200034,-122.955849,371,10.8094
322371,49.200127,-122.956086,372,10.8295
322371,49.200209,-122.956282,373,10.8464
322371,49.200267,-122.956405,374,10.8575
322371,49.200355,-122.956587,375,10.874
322371,49.200479,-122.956822,376,10.8959
322371,49.200629,-122.957076,377,10.9209
322371,49.200771,-122.957297,378,10.9434
322371,49.20088,-122.957448,379,10.9598
322371,49.190708,-122.847843,38,1.0263
322371,49.201063,-122.95768,380,10.9863
322371,49.201147,-122.957782,381,10.9982
322371,49.201265,-122.957905,382,11.0141
322371,49.20136,-122.958003,383,11.0268
322371,49.201561,-122.958185,384,11.0528
322371,49.201835,-122.958388,385,11.0867
322371,49.202001,-122.958486,386,11.1065
322371,49.202249,-122.958604,387,11.1354
322371,49.202505,-122.958691,388,11.1646
322371,49.202786,-122.958764,389,11.1963
322371,49.191048,-122.847847,39,1.0641
322371,49.203532,-122.958791,390,11.2792
322371,49.203802,-122.958783,391,11.3093
322371,49.204023,-122.958768,392,11.3339
322371,49.204267,-122.958727,393,11.3612
322371,49.204487,-122.958654,394,11.3862
322371,49.204711,-122.958531,395,11.4127
322371,49.204836,-122.958468,396,11.4273
322371,49.205336,-122.958082,397,11.4897
322371,49.205669,-122.957832,398,11.5309
322371,49.206643,-122.957116,399,11.6512
322371,49.183291,-122.845977,4,0.1623
322371,49.191225,-122.847861,40,1.0838
322371,49.206981,-122.956864,400,11.693
322371,49.20734,-122.956663,401,11.7355
322371,49.207547,-122.956587,402,11.7592
322371,49.20772,-122.956562,403,11.7785
322371,49.207937,-122.956536,404,11.8027
322371,49.208149,-122.956557,405,11.8264
322371,49.208337,-122.956586,406,11.8474
322371,49.208644,-122.956709,407,11.8827
322371,49.208873,-122.956845,408,11.91
322371,49.209174,-122.957054,409,11.9468
322371,49.191415,-122.847888,41,1.105
322371,49.209582,-122.957373,410,11.9978
322371,49.209965,-122.957631,411,12.0443
322371,49.21075,-122.958174,412,12.1402
322371,49.211841,-122.959031,413,12.2766
322371,49.212454,-122.959485,414,12.3524
322371,49.212737,-122.959684,415,12.3871
322371,49.21319,-122.96002,416,12.4431
322371,49.21362,-122.960339,417,12.4962
322371,49.213867,-122.96054,418,12.5274
322371,49.214045,-122.960702,419,12.5504
322371,49.191566,-122.847923,42,1.122
322371,49.214201,-122.960878,420,12.572
322371,49.214284,-122.960974,421,12.5836
322371,49.214382,-122.961121,422,12.5989
322371,49.214484,-122.961283,423,12.6152
322371,49.214578,-122.961468,424,12.6323
322371,49.214658,-122.961642,425,12.6478
322371,49.214736,-122.961854,426,12.6655
322371,49.21481,-122.962096,427,12.6849
322371,49.214866,-122.962325,428,12.7027
322371,49.214896,-122.962482,429,12.7147
322371,49.191711,-122.847974,43,1.1385
322371,49.21492,-122.962643,430,12.7267
322371,49.214945,-122.962846,431,12.7417
322371,49.214957,-122.963032,432,12.7554
322371,49.214968,-122.963248,433,12.7711
322371,49.21497,-122.963486,434,12.7885
322371,49.214965,-122.963806,435,12.8118
322371,49.214946,-122.964421,436,12.8567
322371,49.214931,-122.964913,437,12.8925
322371,49.214913,-122.965423,438,12.9298
322371,49.214884,-122.966312,439,12.9946
322371,49.191866,-122.84805,44,1.1566
322371,49.214857,-122.967185,440,13.0583
322371,49.214822,-122.968222,441,13.1339
322371,49.2148,-122.968875,442,13.1816
322371,49.214785,-122.969443,443,13.223
322371,49.214782,-122.969747,444,13.2451
322371,49.214787,-122.970079,445,13.2693
322371,49.214791,-122.970225,446,13.28
322371,49.214801,-122.970413,447,13.2937
322371,49.214818,-122.970629,448,13.3096
322371,49.214841,-122.970835,449,13.3248
322371,49.192122,-122.848216,45,1.1876
322371,49.214854,-122.970962,450,13.3342
322371,49.214894,-122.971237,451,13.3547
322371,49.214951,-122.971549,452,13.3783
322371,49.215021,-122.971866,453,13.4027
322371,49.215116,-122.97222,454,13.4305
322371,49.215184,-122.972433,455,13.4478
322371,49.215258,-122.972656,456,13.466
322371,49.2154,-122.973014,457,13.4965
322371,49.215488,-122.97322,458,13.5144
322371,49.21564,-122.973548,459,13.5437
322371,49.192256,-122.848327,46,1.2045
322371,49.21588,-122.974049,460,13.5889
322371,49.216082,-122.974469,461,13.6269
322371,49.21631,-122.974944,462,13.6698
322371,49.216501,-122.975343,463,13.7058
322371,49.216866,-122.976102,464,13.7744
322371,49.217206,-122.976811,465,13.8384
322371,49.217309,-122.977022,466,13.8575
322371,49.217402,-122.977224,467,13.8755
322371,49.217521,-122.977479,468,13.8983
322371,49.217662,-122.977802,469,13.9266
322371,49.192447,-122.8485,47,1.2292
322371,49.217755,-122.978037,470,13.9466
322371,49.217865,-122.978329,471,13.9712
322371,49.217951,-122.978571,472,13.9912
322371,49.218049,-122.978874,473,14.0158
322371,49.218136,-122.979153,474,14.0383
322371,49.218229,-122.97948,475,14.0643
322371,49.218332,-122.979888,476,14.0962
322371,49.21841,-122.980236,477,14.123
322371,49.218467,-122.980499,478,14.1432
322371,49.218599,-122.981169,479,14.1941
322371,49.192572,-122.848626,48,1.2459
322371,49.218805,-122.982224,480,14.2743
322371,49.218974,-122.98308,481,14.3395
322371,49.219139,-122.983927,482,14.4038
322371,49.219216,-122.984313,483,14.4332
322371,49.219321,-122.98485,484,14.474
322371,49.219534,-122.985903,485,14.5543
322371,49.219619,-122.986302,486,14.5849
322371,49.219757,-122.986931,487,14.6332
322371,49.219843,-122.987341,488,14.6646
322371,49.219976,-122.987992,489,14.7143
322371,49.192731,-122.848812,49,1.2682
322371,49.220205,-122.98909,490,14.7982
322371,49.220347,-122.989771,491,14.8503
322371,49.220403,-122.99004,492,14.8708
322371,49.220567,-122.990791,493,14.9285
322371,49.22065,-122.991155,494,14.9566
322371,49.220759,-122.991672,495,14.9961
322371,49.220856,-122.992148,496,15.0325
322371,49.220989,-122.992798,497,15.0821
322371,49.221088,-122.993267,498,15.118
322371,49.221156,-122.99355,499,15.1399
322371,49.183434,-122.846296,5,0.1905
322371,49.193158,-122.849305,50,1.3277
322371,49.221227,-122.993829,500,15.1617
322371,49.221339,-122.994217,501,15.1926
322371,49.221458,-122.994584,502,15.2224
322371,49.221565,-122.994885,503,15.2474
322371,49.221651,-122.995111,504,15.2664
322371,49.221839,-122.995553,505,15.3048
322371,49.221987,-122.99588,506,15.3338
322371,49.222372,-122.996719,507,15.4084
322371,49.222503,-122.997006,508,15.4339
322371,49.222677,-122.997395,509,15.4682
322371,49.193466,-122.849662,51,1.3707
322371,49.222928,-122.997934,510,15.5164
322371,49.223053,-122.998207,511,15.5406
322371,49.223378,-122.998914,512,15.6036
322371,49.223612,-122.999399,513,15.6474
322371,49.223852,-122.999891,514,15.6921
322371,49.224107,-123.000407,515,15.7392
322371,49.224605,-123.00139,516,15.8297
322371,49.224984,-123.00215,517,15.8993
322371,49.225174,-123.002519,518,15.9335
322371,49.225619,-123.003436,519,16.0166
322371,49.193644,-122.849869,52,1.3956
322371,49.226006,-123.004315,520,16.0938
322371,49.226185,-123.004688,521,16.1275
322371,49.226393,-123.005153,522,16.1685
322371,49.226652,-123.005756,523,16.221
322371,49.226737,-123.005946,524,16.2378
322371,49.226831,-123.006163,525,16.2567
322371,49.227023,-123.006595,526,16.2947
322371,49.227224,-123.007035,527,16.3338
322371,49.227454,-123.007538,528,16.3785
322371,49.227708,-123.008088,529,16.4275
322371,49.193893,-122.850132,53,1.4293
322371,49.227947,-123.008612,530,16.474
322371,49.22814,-123.009035,531,16.5116
322371,49.228317,-123.009416,532,16.5456
322371,49.228657,-123.010176,533,16.6126
322371,49.228928,-123.010793,534,16.6667
322371,49.229165,-123.011321,535,16.7134
322371,49.229394,-123.011846,536,16.7593
322371,49.22953,-123.012141,537,16.7856
322371,49.229959,-123.013073,538,16.8686
322371,49.23005,-123.013268,539,16.886
322371,49.193996,-122.850229,54,1.4428
322371,49.23046,-123.014146,540,16.9645
322371,49.230925,-123.015126,541,17.0527
322371,49.231038,-123.015365,542,17.0742
322371,49.231394,-123.016138,543,17.143
322371,49.231671,-123.016741,544,17.1966
322371,49.232106,-123.017699,545,17.2815
322371,49.23245,-123.018443,546,17.3479
322371,49.232777,-123.019158,547,17.4114
322371,49.232921,-123.019469,548,17.4391
322371,49.233106,-123.01988,549,17.4754
322371,49.194112,-122.850328,55,1.4576
322371,49.233274,-123.020266,550,17.5092
322371,49.233412,-123.020602,551,17.5381
322371,49.233617,-123.021144,552,17.5837
322371,49.233843,-123.021756,553,17.6348
322371,49.234069,-123.022334,554,17.6839
322371,49.234234,-123.022717,555,17.7173
322371,49.234627,-123.023585,556,17.7941
322371,49.234629,-123.02359,557,17.7945
322371,49.234668,-123.023677,558,17.8022
322371,49.235245,-123.024929,559,17.9137
322371,49.194198,-122.850388,56,1.4681
322371,49.236074,-123.026729,560,18.074
322371,49.236412,-123.027468,561,18.1396
322371,49.236618,-123.027892,562,18.1781
322371,49.236887,-123.028429,563,18.2273
322371,49.237057,-123.028768,564,18.2584
322371,49.237468,-123.029587,565,18.3335
322371,49.237632,-123.029941,566,18.3651
322371,49.237753,-123.030202,567,18.3884
322371,49.237917,-123.030594,568,18.4223
322371,49.238079,-123.030978,569,18.4555
322371,49.194268,-122.850433,57,1.4765
322371,49.238742,-123.032607,570,18.5952
322371,49.239403,-123.034312,571,18.7395
322371,49.239957,-123.035689,572,18.8572
322371,49.240586,-123.037222,573,18.9889
322371,49.240836,-123.037821,574,19.0407
322371,49.241682,-123.039832,575,19.2147
322371,49.24187,-123.04028,576,19.2535
322371,49.242001,-123.040595,577,19.2806
322371,49.242209,-123.0411,578,19.3241
322371,49.242276,-123.041253,579,19.3375
322371,49.194367,-122.850489,58,1.4883
322371,49.242365,-123.041468,580,19.356
322371,49.24251,-123.041817,581,19.3861
322371,49.242615,-123.042066,582,19.4077
322371,49.242707,-123.042285,583,19.4266
322371,49.242909,-123.042764,584,19.4681
322371,49.244112,-123.04573,585,19.7222
322371,49.244751,-123.047251,586,19.8538
322371,49.245213,-123.048412,587,19.9527
322371,49.245416,-123.048923,588,19.9962
322371,49.245661,-123.049512,589,20.047
322371,49.194473,-122.850541,59,1.5006
322371,49.245764,-123.049765,590,20.0687
322371,49.246247,-123.050924,591,20.1687
322371,49.246617,-123.051805,592,20.2449
322371,49.246891,-123.052464,593,20.3018
322371,49.24743,-123.05376,594,20.4136
322371,49.247774,-123.054583,595,20.4847
322371,49.248096,-123.055362,596,20.5517
322371,49.24839,-123.056069,597,20.6127
322371,49.24863,-123.056648,598,20.6626
322371,49.248888,-123.057259,599,20.7156
322371,49.183521,-122.846446,6,0.2051
322371,49.194564,-122.850572,60,1.511
322371,49.249116,-123.057813,600,20.7632
322371,49.249699,-123.059223,601,20.8846
322371,49.250093,-123.06019,602,20.9675
322371,49.250484,-123.061143,603,21.0494
322371,49.250679,-123.061623,604,21.0906
322371,49.251258,-123.063005,605,21.21
322371,49.251439,-123.063455,606,21.2485
322371,49.251657,-123.063968,607,21.293
322371,49.251873,-123.064454,608,21.3358
322371,49.252035,-123.064766,609,21.3647
322371,49.194653,-122.850597,61,1.5211
322371,49.252259,-123.065144,610,21.4019
322371,49.252406,-123.065356,611,21.4244
322371,49.252607,-123.065638,612,21.4547
322371,49.253085,-123.06626,613,21.5245
322371,49.253605,-123.066941,614,21.6007
322371,49.254022,-123.067489,615,21.6619
322371,49.254227,-123.067754,616,21.6917
322371,49.254356,-123.067917,617,21.7104
322371,49.254518,-123.068099,618,21.7327
322371,49.254762,-123.068346,619,21.7653
322371,49.194765,-122.850622,62,1.5337
322371,49.255001,-123.068544,620,21.7955
322371,49.255228,-123.068706,621,21.8234
322371,49.25552,-123.06887,622,21.858
322371,49.255733,-123.068964,623,21.8826
322371,49.255997,-123.06905,624,21.9127
322371,49.256377,-123.06912,625,21.9552
322371,49.256776,-123.069136,626,21.9996
322371,49.257299,-123.06913,627,22.0578
322371,49.258136,-123.06912,628,22.1509
322371,49.258483,-123.069114,629,22.1895
322371,49.19488,-122.85064,63,1.5465
322371,49.259311,-123.0691,630,22.2816
322371,49.25975,-123.069105,631,22.3304
322371,49.26004,-123.069115,632,22.3626
322371,49.260328,-123.069127,633,22.3947
322371,49.260652,-123.06914,634,22.4307
322371,49.260935,-123.06914,635,22.4622
322371,49.261359,-123.069133,636,22.5094
322371,49.261444,-123.069125,637,22.5188
322371,49.262462,-123.069101,638,22.6321
322371,49.262801,-123.069116,639,22.6698
322371,49.195038,-122.850653,64,1.5641
322371,49.262954,-123.069137,640,22.6869
322371,49.263046,-123.069166,641,22.6973
322371,49.263129,-123.069203,642,22.7069
322371,49.263227,-123.069266,643,22.7188
322371,49.263275,-123.069306,644,22.7248
322371,49.263333,-123.069354,645,22.7322
322371,49.263452,-123.069481,646,22.7483
322371,49.263562,-123.069663,647,22.7663
322371,49.26366,-123.069869,648,22.7849
322371,49.263784,-123.070214,649,22.8135
322371,49.195183,-122.850654,65,1.5803
322371,49.263954,-123.070747,650,22.8567
322371,49.264173,-123.071423,651,22.9116
322371,49.264606,-123.072774,652,23.0211
322371,49.264779,-123.073322,653,23.0654
322371,49.26494,-123.073818,654,23.1057
322371,49.26539,-123.075236,655,23.2204
322371,49.265786,-123.076454,656,23.3193
322371,49.266029,-123.077217,657,23.3811
322371,49.26613,-123.077524,658,23.4061
322371,49.26623,-123.077812,659,23.4298
322371,49.19539,-122.850653,66,1.6033
322371,49.266335,-123.078065,660,23.4516
322371,49.266449,-123.078303,661,23.4731
322371,49.266619,-123.078599,662,23.5018
322371,49.266851,-123.078936,663,23.5374
322371,49.26704,-123.079154,664,23.5637
322371,49.267175,-123.079285,665,23.5815
322371,49.267732,-123.079733,666,23.6515
322371,49.268068,-123.079986,667,23.6932
322371,49.268348,-123.080202,668,23.728
322371,49.268476,-123.080312,669,23.7444
322371,49.195743,-122.850638,67,1.6425
322371,49.268584,-123.080414,670,23.7585
322371,49.26869,-123.080524,671,23.7727
322371,49.26887,-123.080739,672,23.7981
322371,49.26905,-123.081,673,23.8257
322371,49.269144,-123.081152,674,23.841
322371,49.269259,-123.081362,675,23.8609
322371,49.269364,-123.081587,676,23.881
322371,49.26948,-123.081868,677,23.9052
322371,49.269559,-123.082084,678,23.9232
322371,49.269673,-123.082453,679,23.9529
322371,49.196188,-122.850628,68,1.692
322371,49.270072,-123.08429,680,24.0938
322371,49.270366,-123.085637,681,24.1971
322371,49.270745,-123.087801,682,24.3601
322371,49.271255,-123.090814,683,24.5866
322371,49.271693,-123.093411,684,24.7818
322371,49.272278,-123.096838,685,25.0395
322371,49.272343,-123.097188,686,25.066
322371,49.272432,-123.097554,687,25.0944
322371,49.272664,-123.098198,688,25.1479
322371,49.272802,-123.09864,689,25.1835
322371,49.196422,-122.850623,69,1.7181
322371,49.27291,-123.099026,690,25.2141
322371,49.272991,-123.099419,691,25.2441
322371,49.273111,-123.100131,692,25.2976
322371,49.273234,-123.100888,693,25.3543
322371,49.273302,-123.101245,694,25.3814
322371,49.273355,-123.101541,695,25.4037
322371,49.273441,-123.101787,696,25.424
322371,49.273539,-123.101964,697,25.4409
322371,49.273646,-123.102096,698,25.4562
322371,49.27378,-123.102197,699,25.4728
322371,49.183636,-122.846608,7,0.2225
322371,49.197502,-122.850621,70,1.8382
322371,49.27403,-123.102252,700,25.5009
322371,49.274487,-123.102344,701,25.5522
322371,49.276167,-123.102584,702,25.7398
322371,49.276506,-123.102666,703,25.778
322371,49.276787,-123.102812,704,25.811
322371,49.276998,-123.102981,705,25.8375
322371,49.277191,-123.103222,706,25.8652
322371,49.277378,-123.103536,707,25.8961
322371,49.277492,-123.103814,708,25.92
322371,49.277658,-123.104442,709,25.9693
322371,49.197723,-122.850623,71,1.8628
322371,49.277732,-123.105124,710,26.0196
322371,49.277784,-123.105772,711,26.0671
322371,49.277852,-123.106237,712,26.1017
322371,49.277921,-123.106647,713,26.1325
322371,49.27801,-123.106937,714,26.1558
322371,49.278104,-123.107225,715,26.1793
322371,49.278245,-123.107516,716,26.2056
322371,49.27834,-123.107698,717,26.2226
322371,49.278539,-123.108003,718,26.2539
322371,49.279173,-123.108969,719,26.3535
322371,49.198024,-122.850589,72,1.8963
322371,49.279797,-123.109953,720,26.4532
322371,49.280008,-123.110281,721,26.4866
322371,49.280141,-123.11055,722,26.5112
322371,49.280238,-123.110781,723,26.5311
322371,49.280356,-123.111123,724,26.5593
322371,49.280481,-123.111437,725,26.586
322371,49.280582,-123.11166,726,26.6058
322371,49.280876,-123.112183,727,26.6559
322371,49.281114,-123.112552,728,26.6936
322371,49.282098,-123.114088,729,26.85
322371,49.198509,-122.850611,73,1.9503
322371,49.283309,-123.115961,730,27.0416
322371,49.283621,-123.11645,731,27.0913
322371,49.283704,-123.11658,732,27.1046
322371,49.284809,-123.118276,733,27.2787
322371,49.285552,-123.119478,734,27.399
322371,49.286066,-123.120325,735,27.4831
322371,49.286187,-123.120466,736,27.5
322371,49.286339,-123.12059,737,27.5192
322371,49.286476,-123.120681,738,27.5358
322371,49.286653,-123.120731,739,27.5558
322371,49.199392,-122.850603,74,2.0485
322371,49.286807,-123.120754,740,27.573
322371,49.287025,-123.120737,741,27.5973
322371,49.287173,-123.12071,742,27.6138
322371,49.28742,-123.120583,743,27.6428
322371,49.28773,-123.120268,744,27.6842
322371,49.28793,-123.1199,745,27.719
322371,49.288064,-123.119454,746,27.7547
322371,49.288118,-123.119145,747,27.778
322371,49.288141,-123.118775,748,27.805
322371,49.288122,-123.118399,749,27.8325
322371,49.19966,-122.850602,75,2.0783
322371,49.288039,-123.117954,750,27.8661
322371,49.287749,-123.116457,751,27.9797
322371,49.287583,-123.11576,752,28.0337
322371,49.287432,-123.115264,753,28.0735
322371,49.287236,-123.114745,754,28.1171
322371,49.286844,-123.113858,755,28.195
322371,49.286479,-123.11302,756,28.2682
322371,49.28601,-123.111859,757,28.3675
322371,49.200458,-122.850603,76,2.167
322371,49.200855,-122.850615,77,2.2112
322371,49.201069,-122.85062,78,2.235
322371,49.20125,-122.850633,79,2.2552
322371,49.183788,-122.846759,8,0.2427
322371,49.20145,-122.850672,80,2.2776
322371,49.201614,-122.850709,81,2.296
322371,49.201881,-122.850811,82,2.3266
322371,49.202034,-122.85089,83,2.3446
322371,49.202183,-122.850983,84,2.3625
322371,49.202369,-122.851123,85,2.3856
322371,49.202464,-122.85121,86,2.3979
322371,49.20256,-122.851302,87,2.4105
322371,49.202689,-122.851445,88,2.4282
322371,49.202852,-122.851647,89,2.4516
322371,49.183903,-122.846852,9,0.2571
322371,49.20303,-122.851896,90,2.4784
322371,49.203261,-122.852241,91,2.5144
322371,49.203491,-122.852589,92,2.5504
322371,49.203738,-122.852958,93,2.5888
322371,49.203813,-122.853076,94,2.6008
322371,49.20436,-122.853897,95,2.6861
322371,49.204577,-122.854227,96,2.7202
322371,49.20496,-122.854801,97,2.7799
322371,49.2053,-122.855319,98,2.8333
322371,49.205395,-122.855458,99,2.848
322380,49.253506,-122.918732,1,0
322380,49.252754,-122.913636,10,0.3803
322380,49.235954,-122.883597,100,3.4991
322380,49.235611,-122.883427,101,3.5392
322380,49.23517,-122.883257,102,3.5898
322380,49.23505,-122.883227,103,3.6033
322380,49.234336,-122.883051,104,3.6838
322380,49.23335,-122.882871,105,3.7942
322380,49.232618,-122.88269,106,3.8767
322380,49.231632,-122.882464,107,3.9876
322380,49.231289,-122.882465,108,4.0257
322380,49.231035,-122.882489,109,4.054
322380,49.252678,-122.913102,11,0.4201
322380,49.230736,-122.882558,110,4.0876
322380,49.230438,-122.882695,111,4.1223
322380,49.230154,-122.882867,112,4.1562
322380,49.229913,-122.883076,113,4.1871
322380,49.229713,-122.883272,114,4.2135
322380,49.229518,-122.883506,115,4.2411
322380,49.229271,-122.883804,116,4.2761
322380,49.228986,-122.884175,117,4.3177
322380,49.228601,-122.884692,118,4.3748
322380,49.227374,-122.8862,119,4.5499
322380,49.252601,-122.912548,12,0.4613
322380,49.226414,-122.887321,120,4.6843
322380,49.225026,-122.888989,121,4.8808
322380,49.22435,-122.889775,122,4.9753
322380,49.223138,-122.891209,123,5.1458
322380,49.222843,-122.891501,124,5.1849
322380,49.222453,-122.891756,125,5.2321
322380,49.222039,-122.891975,126,5.2808
322380,49.221616,-122.892077,127,5.3285
322380,49.221259,-122.892151,128,5.3685
322380,49.220583,-122.892312,129,5.4446
322380,49.252523,-122.912004,13,0.5019
322380,49.21945,-122.892584,130,5.5722
322380,49.21739,-122.893184,131,5.8054
322380,49.216624,-122.893425,132,5.8924
322380,49.21601,-122.893616,133,5.9621
322380,49.214728,-122.894047,134,6.1081
322380,49.214408,-122.89415,135,6.1444
322380,49.213376,-122.894708,136,6.2662
322380,49.212972,-122.894967,137,6.3149
322380,49.212683,-122.895206,138,6.3515
322380,49.212434,-122.895464,139,6.3849
322380,49.252267,-122.910207,14,0.6358
322380,49.212181,-122.895777,140,6.4212
322380,49.21183,-122.896273,141,6.4744
322380,49.210981,-122.897416,142,6.6003
322380,49.206734,-122.902142,143,7.1848
322380,49.206553,-122.902582,144,7.2226
322380,49.206413,-122.902905,145,7.2509
322380,49.2063,-122.903182,146,7.2746
322380,49.206202,-122.90341,147,7.2945
322380,49.206096,-122.903659,148,7.3162
322380,49.205962,-122.903855,149,7.3368
322380,49.252206,-122.909773,15,0.6681
322380,49.205899,-122.903951,150,7.3467
322380,49.205752,-122.904234,151,7.373
322380,49.205703,-122.904307,152,7.3806
322380,49.204835,-122.906089,153,7.5424
322380,49.204644,-122.906462,154,7.5769
322380,49.203489,-122.908815,155,7.7912
322380,49.203213,-122.909336,156,7.84
322380,49.202908,-122.909889,157,7.8927
322380,49.202237,-122.911126,158,8.0097
322380,49.201491,-122.912503,159,8.1399
322380,49.252146,-122.909404,16,0.6958
322380,49.201027,-122.913347,160,8.2202
322380,49.252065,-122.908976,17,0.7282
322380,49.25198,-122.908564,18,0.7597
322380,49.251816,-122.907811,19,0.8174
322380,49.25333,-122.917525,2,0.09
322380,49.251752,-122.907522,20,0.8396
322380,49.251729,-122.907421,21,0.8474
322380,49.251707,-122.90732,22,0.8552
322380,49.25167,-122.907146,23,0.8685
322380,49.251652,-122.90705,24,0.8758
322380,49.251629,-122.906935,25,0.8845
322380,49.251607,-122.906812,26,0.8938
322380,49.251578,-122.906656,27,0.9056
322380,49.251555,-122.906519,28,0.9159
322380,49.251525,-122.906339,29,0.9294
322380,49.253151,-122.916264,3,0.184
322380,49.251506,-122.906228,30,0.9378
322380,49.251455,-122.905891,31,0.963
322380,49.251365,-122.905251,32,1.0106
322380,49.251312,-122.904883,33,1.0381
322380,49.251256,-122.904495,34,1.067
322380,49.251212,-122.904222,35,1.0874
322380,49.251203,-122.904169,36,1.0914
322380,49.251162,-122.903947,37,1.1082
322380,49.251118,-122.903714,38,1.1259
322380,49.251065,-122.903464,39,1.145
322380,49.253115,-122.916051,4,0.2
322380,49.251027,-122.903289,40,1.1584
322380,49.251021,-122.903259,41,1.1607
322380,49.251002,-122.903172,42,1.1674
322380,49.250944,-122.902937,43,1.1857
322380,49.250844,-122.902541,44,1.2166
322380,49.250793,-122.902358,45,1.2311
322380,49.250773,-122.902294,46,1.2362
322380,49.250618,-122.901805,47,1.2758
322380,49.250602,-122.901754,48,1.2799
322380,49.250572,-122.90167,49,1.2869
322380,49.253031,-122.915555,5,0.2373
322380,49.250554,-122.901621,50,1.291
322380,49.250534,-122.901564,51,1.2957
322380,49.250469,-122.901382,52,1.3108
322380,49.250379,-122.901146,53,1.3306
322380,49.250278,-122.900898,54,1.3519
322380,49.25019,-122.900687,55,1.3701
322380,49.250059,-122.9004,56,1.3956
322380,49.249991,-122.900253,57,1.4087
322380,49.249905,-122.90008,58,1.4245
322380,49.249718,-122.899721,59,1.4579
322380,49.252975,-122.915169,6,0.2661
322380,49.249655,-122.8996,60,1.4692
322380,49.24958,-122.899454,61,1.4827
322380,49.249518,-122.899302,62,1.4957
322380,49.249505,-122.89927,63,1.4985
322380,49.249456,-122.89914,64,1.5094
322380,49.249431,-122.89907,65,1.5152
322380,49.249272,-122.898636,66,1.5514
322380,49.249244,-122.898559,67,1.5578
322380,49.249115,-122.898205,68,1.5873
322380,49.249017,-122.897924,69,1.6105
322380,49.252936,-122.914903,7,0.2859
322380,49.249011,-122.897908,70,1.6118
322380,49.248935,-122.897799,71,1.6234
322380,49.248403,-122.896791,72,1.7177
322380,49.246558,-122.893518,73,2.0322
322380,49.246415,-122.893314,74,2.0539
322380,49.246287,-122.893169,75,2.0716
322380,49.246087,-122.89302,76,2.0964
322380,49.245998,-122.892966,77,2.107
322380,49.245819,-122.892889,78,2.1277
322380,49.245712,-122.892865,79,2.1398
322380,49.252912,-122.91474,8,0.2981
322380,49.245527,-122.892858,80,2.1603
322380,49.245236,-122.892859,81,2.1927
322380,49.243213,-122.892805,82,2.4177
322380,49.242742,-122.892784,83,2.4701
322380,49.242542,-122.892756,84,2.4925
322380,49.242318,-122.892698,85,2.5177
322380,49.242123,-122.892601,86,2.5405
322380,49.242006,-122.892542,87,2.5542
322380,49.241794,-122.892398,88,2.58
322380,49.241456,-122.892093,89,2.6237
322380,49.252856,-122.914348,9,0.3273
322380,49.241185,-122.891766,90,2.6621
322380,49.240713,-122.89093,91,2.7425
322380,49.240297,-122.890227,92,2.8115
322380,49.239323,-122.888548,93,2.9748
322380,49.238243,-122.886694,94,3.1556
322380,49.237278,-122.885099,95,3.3137
322380,49.236906,-122.884503,96,3.3737
322380,49.236679,-122.884234,97,3.4056
322380,49.236425,-122.883949,98,3.4407
322380,49.236223,-122.883767,99,3.4668
