shape_id,shape_pt_lat,shape_pt_lon,shape_pt_sequence,shape_dist_traveled
309200001,41.87426515,-87.81732358,1,0
309200001,41.87414801,-87.81591136,2,387
309200001,41.87410952,-87.81556579,3,482
309200001,41.87407851,-87.81523993,4,571
309200001,41.8740406,-87.81502282,5,632
309200001,41.8739881,-87.81484537,6,684
309200001,41.87392091,-87.8146878,7,733
309200001,41.87382396,-87.81448105,8,799
309200001,41.8737493,-87.81430378,9,854
309200001,41.87365978,-87.81410686,10,917
309200001,41.8736147,-87.81393922,11,966
309200001,41.87358934,-87.81371001,12,1029
309200001,41.87361027,-87.81343096,13,1105
309200001,41.87361856,-87.813218,14,1163
309200001,41.87363754,-87.81302734,15,1215
309200001,41.87366163,-87.8128662,16,1260
309200001,41.87368042,-87.81269023,17,1308
309200001,41.87368948,-87.81241848,18,1382
309200001,41.87372619,-87.81213268,19,1461
309200001,41.87374438,-87.81197818,20,1504
309200001,41.87376329,-87.81181749,21,1548
309200001,41.87380597,-87.81149508,22,1637
309200001,41.87381898,-87.81134103,23,1679
309200001,41.87382218,-87.81125342,24,1703
309200001,41.87382755,-87.81110602,25,1743
309200001,41.87384798,-87.81080514,26,1825
309200001,41.87384711,-87.8104523,27,1921
309200001,41.87370122,-87.80900822,28,2318
309200001,41.87349789,-87.80696667,29,2879
309200001,41.87337101,-87.80569287,30,3229
309200001,41.87325668,-87.80448915,31,3559
309200001,41.87297493,-87.80152341,32,4373
309200001,41.87251469,-87.79636024,33,5789
309200001,41.87222031,-87.79279595,34,6766
309200001,41.87211582,-87.79160795,35,7092
309200001,41.87173176,-87.78724271,36,8289
309200001,41.8714584,-87.78418874,37,9127
309200001,41.87130915,-87.78252163,38,9584
309200001,41.87098605,-87.77826813,39,10748
309200001,41.87089424,-87.77679106,40,11152
309200001,41.87075024,-87.77445673,41,11790
309200001,41.87072777,-87.77395952,42,11926
309200001,41.87063601,-87.77246311,43,12335
309200001,41.87049682,-87.77014897,44,12967
309200001,41.87038383,-87.76825513,45,13484
309200001,41.87032068,-87.76739498,46,13719
309200001,41.87010574,-87.76490932,47,14401
309200001,41.87005337,-87.76432652,48,14561
309200001,41.8700463,-87.76385052,49,14691
309200001,41.87005419,-87.76354147,50,14775
309200001,41.87007891,-87.76329849,51,14842
309200001,41.87011288,-87.76302074,52,14919
309200001,41.87015874,-87.76276496,53,14991
309200001,41.87020472,-87.7625344,54,15056
309200001,41.87023929,-87.76237645,55,15101
309200001,41.87031815,-87.76212352,56,15176
309200001,41.87039711,-87.76188951,57,15246
309200001,41.87049262,-87.76166797,58,15316
309200001,41.87068148,-87.76126272,59,15446
309200001,41.87083529,-87.76091769,60,15555
309200001,41.8709657,-87.7606044,61,15653
309200001,41.8710332,-87.7604367,62,15705
309200001,41.87114235,-87.76011413,63,15801
309200001,41.87126562,-87.75978829,64,15900
309200001,41.87135795,-87.75940282,65,16010
309200001,41.87141916,-87.75891988,66,16143
309200001,41.87143984,-87.75834273,67,16300
309200001,41.8714694,-87.75765829,68,16487
309200001,41.87148841,-87.7567501,69,16734
309200001,41.87149565,-87.75584517,70,16980
309200001,41.87150668,-87.75335747,71,17658
309200001,41.87156505,-87.74999284,72,18575
309200001,41.8716159,-87.74517796,73,19887
309200001,41.87161191,-87.74485956,74,19974
309200001,41.87164189,-87.74381254,75,20259
309200001,41.87167458,-87.74146335,76,20899
309200001,41.87169167,-87.74066552,77,21116
309200001,41.87171041,-87.74018611,78,21247
309200001,41.87174594,-87.73976645,79,21362
309200001,41.87179596,-87.73941287,80,21460
309200001,41.87191534,-87.73880326,81,21632
309200001,41.87197985,-87.7385189,82,21713
309200001,41.87207231,-87.73817123,83,21814
309200001,41.87215091,-87.73787728,84,21899
309200001,41.87230662,-87.7374565,85,22027
309200001,41.87243916,-87.73711476,86,22132
309200001,41.87287765,-87.73624048,87,22419
309200001,41.87306881,-87.73584143,88,22548
309200001,41.87338515,-87.73504394,89,22794
309200001,41.87348236,-87.73470567,90,22893
309200001,41.87361414,-87.73421888,91,23034
309200001,41.87370362,-87.73375456,92,23165
309200001,41.87378079,-87.73318946,93,23321
309200001,41.87381586,-87.73268466,94,23459
309200001,41.87383619,-87.73026929,95,24117
309200001,41.87388298,-87.72707174,96,24988
309200001,41.87389657,-87.72563071,97,25381
309200001,41.87390109,-87.72514826,98,25512
309200001,41.87392447,-87.72422422,99,25764
309200001,41.87397581,-87.71970237,100,26996
309200001,41.87402463,-87.71562195,101,28107
309200001,41.87404537,-87.71422183,102,28488
309200001,41.87407157,-87.71252843,103,28949
309200001,41.87407262,-87.71076276,104,29430
309200001,41.8741044,-87.70945396,105,29787
309200001,41.87414033,-87.70826178,106,30112
309200001,41.87418292,-87.70786094,107,30222
309200001,41.87421645,-87.70752639,108,30314
309200001,41.87426179,-87.70719804,109,30405
309200001,41.8743207,-87.70676551,110,30525
309200001,41.87440398,-87.70619632,111,30683
309200001,41.87443336,-87.70598407,112,30742
309200001,41.87473181,-87.70394585,113,31308
309200001,41.87509288,-87.70147354,114,31994
309200001,41.87518457,-87.70081923,115,32175
309200001,41.87522297,-87.70043956,116,32279
309200001,41.87527062,-87.70000879,117,32398
309200001,41.87530416,-87.69961005,118,32507
309200001,41.87533746,-87.69916986,119,32627
309200001,41.87536391,-87.69878393,120,32733
309200001,41.87538751,-87.69831197,121,32862
309200001,41.87540604,-87.69778588,122,33005
309200001,41.87540365,-87.69673547,123,33291
309200001,41.87541701,-87.6960229,124,33485
309200001,41.8754777,-87.69233522,125,34490
309200001,41.87547949,-87.69148324,126,34722
309200001,41.87549953,-87.69104051,127,34843
309200001,41.87553742,-87.68844028,128,35551
309200001,41.87554613,-87.68703354,129,35934
309200001,41.87555298,-87.68613464,130,36179
309200001,41.87558864,-87.68027372,131,37775
309200001,41.87561714,-87.67645717,132,38814
309200001,41.87564328,-87.67395164,133,39496
309200001,41.87565897,-87.67336501,134,39656
309200001,41.87566263,-87.67275937,135,39821
309200001,41.87574243,-87.66887019,136,40881
309200001,41.87576968,-87.66753683,137,41244
309200001,41.87577994,-87.66658707,138,41503
309200001,41.87581805,-87.664996,139,41937
309200001,41.87587907,-87.66018924,140,43246
309200001,41.87589349,-87.65946127,141,43444
309200001,41.87588868,-87.6593502,142,43474
309200001,41.8758907,-87.65898627,143,43573
309200001,41.87590319,-87.6586389,144,43668
309200001,41.87590433,-87.65821388,145,43784
309200001,41.8759082,-87.65786863,146,43878
309200001,41.87588398,-87.65739138,147,44008
309200001,41.8758547,-87.65697897,148,44121
309200001,41.8758428,-87.65681143,149,44167
309200001,41.87578711,-87.6558483,150,44430
309200001,41.87560661,-87.65376121,151,45002
309200001,41.87547341,-87.65180096,152,45538
309200001,41.87548496,-87.650404,153,45918
309200001,41.87552406,-87.64964799,154,46124
309200001,41.87552966,-87.64710613,155,46816
309200001,41.87552047,-87.6419136,156,48230
309200001,41.87554676,-87.64098997,157,48482
309200001,41.87561182,-87.63730452,158,49486
309200001,41.87557648,-87.63363132,159,50486
309200001,41.87557548,-87.63172783,160,51004
309200001,41.87561613,-87.62969603,161,51558
309200001,41.87563649,-87.62955375,162,51597
309200001,41.87567331,-87.6294264,163,51634
309200001,41.87574849,-87.62929153,164,51680
309200001,41.87586904,-87.62923243,165,51727
309200001,41.87598473,-87.62922653,166,51769
309200001,41.87631412,-87.62923961,167,51889
309200001,41.87650614,-87.62924593,168,51959
309200001,41.87685123,-87.6292573,169,52085
309200001,41.87689399,-87.62925871,170,52101
309200001,41.87819037,-87.62930141,171,52574
309200001,41.87820741,-87.62930197,172,52580
309200001,41.87873824,-87.62931946,173,52773
309200001,41.87904338,-87.62932951,174,52884
309200001,41.8795054,-87.62934445,175,53052
309200001,41.88071131,-87.62938345,176,53492
309200001,41.88076642,-87.62938523,177,53512
309200001,41.88135272,-87.62940419,178,53726
309200001,41.8820108,-87.62942548,179,53966
309200001,41.88213577,-87.62942952,180,54012
309200001,41.88317228,-87.62944581,181,54390
309200001,41.88537697,-87.62947134,182,55193
309200001,41.88547283,-87.62947315,183,55228
309200001,41.88552295,-87.62947635,184,55246
309200001,41.88557868,-87.62948375,185,55266
309200001,41.88564091,-87.62953044,186,55292
309200001,41.88568552,-87.62958916,187,55315
309200001,41.88571567,-87.62966604,188,55339
309200001,41.8857308,-87.62971012,189,55352
309200001,41.8857411,-87.62975855,190,55366
309200001,41.88574626,-87.62982204,191,55383
309200001,41.88574601,-87.6299274,192,55412
309200001,41.88574557,-87.6301197,193,55464
309200001,41.88574537,-87.63020427,194,55487
309200001,41.88574484,-87.63089177,195,55674
309200001,41.88574451,-87.63204551,196,55988
309200001,41.885738,-87.63285147,197,56207
309200001,41.88573238,-87.63391893,198,56498
309200001,41.88572392,-87.63606304,199,57082
309200001,41.88571562,-87.63815614,200,57652
309200001,41.88571048,-87.63944895,201,58004
309200001,41.88573891,-87.63970349,202,58074
309200001,41.88575842,-87.63985484,203,58116
309200001,41.88579883,-87.63994335,204,58144
309200001,41.88584718,-87.64001327,205,58170
309200001,41.88626469,-87.64058084,206,58387
309200001,41.88647019,-87.6408602,207,58494
309200001,41.8867204,-87.64120035,208,58624
309200001,41.88728245,-87.64196462,209,58916
309200001,41.88779433,-87.64266072,210,59182
309200001,41.88830934,-87.64335911,211,59449
309200001,41.88910718,-87.64444954,212,59865
309200001,41.88952613,-87.64506188,213,60091
309200001,41.88997748,-87.64572158,214,60335
309200001,41.89067476,-87.64678302,215,60720
309200001,41.89119715,-87.64758407,216,61010
309200001,41.89184904,-87.64859165,217,61373
309200001,41.89237695,-87.64942871,218,61671
309200001,41.89303195,-87.65044892,219,62037
309200001,41.89398538,-87.65193481,220,62570
309200001,41.89460354,-87.65285324,221,62907
309200001,41.89520976,-87.65380607,222,63248
309200001,41.89585809,-87.65485153,223,63618
309200001,41.89608309,-87.65522004,224,63748
309200001,41.89645185,-87.65580256,225,63956
309200001,41.89706086,-87.65672279,226,64291
309200001,41.89778171,-87.65782003,227,64689
309200001,41.89840287,-87.65879139,228,65037
309200001,41.89910479,-87.65987464,229,65427
309200001,41.89975266,-87.66090721,230,65794
309200001,41.90022812,-87.66162808,231,66056
309200001,41.90083179,-87.6625927,232,66399
309200001,41.90146997,-87.66358024,233,66754
309200001,41.90185029,-87.66417589,234,66967
309200001,41.90252851,-87.66524265,235,67348
309200001,41.90297935,-87.66593216,236,67597
309200001,41.90336294,-87.66650183,237,67806
309200001,41.90441129,-87.6682817,238,68423
309200001,41.90465936,-87.66900577,239,68640
309200001,41.90514585,-87.67014862,240,68998
309200001,41.90538471,-87.67064111,241,69158
309200001,41.90561097,-87.67104148,242,69295
309200001,41.90726644,-87.67363365,243,70223
309200001,41.90860797,-87.67572618,244,70974
309200001,41.90975165,-87.67744242,245,71600
309200001,41.91092547,-87.6792833,246,72259
309200001,41.91204449,-87.68099917,247,72879
309200001,41.91274302,-87.68209795,248,73272
309200001,41.91386992,-87.68382437,249,73896
309200001,41.91477469,-87.68522658,250,74400
309200001,41.91616529,-87.68737015,251,75173
309200001,41.91715589,-87.68897334,252,75739
309200001,41.91847383,-87.69113414,253,76498
309200001,41.92024567,-87.69406784,254,77525
309200001,41.92194703,-87.69689557,255,78513
309200001,41.92278232,-87.69823619,256,78988
309200001,41.9238291,-87.69994871,257,79590
309200001,41.92506742,-87.70203337,258,80315
309200001,41.92627489,-87.70395814,259,80999
309200001,41.92658082,-87.70437746,260,81159
309200001,41.92683903,-87.70471027,261,81290
309200001,41.92710299,-87.7050031,262,81415
309200001,41.92737891,-87.70530381,263,81545
309200001,41.92761283,-87.70555702,264,81655
309200001,41.92796675,-87.70594479,265,81822
309200001,41.92833889,-87.70639627,266,82005
309200001,41.92869955,-87.70692771,267,82200
309200001,41.92900306,-87.70735561,268,82361
309200001,41.9297359,-87.70854716,269,82781
309200001,41.93083804,-87.71032622,270,83410
309200001,41.9316018,-87.7116042,271,83855
309200001,41.93174539,-87.71180201,272,83930
309200001,41.93182846,-87.71192991,273,83976
309200001,41.9319459,-87.71206667,274,84033
309200001,41.93208364,-87.71214807,275,84088
309200001,41.93224167,-87.71217412,276,84146
309200001,41.93242946,-87.71220335,277,84215
309200001,41.93458297,-87.71225253,278,85000
309200001,41.93677317,-87.71231403,279,85798
309200001,41.93813953,-87.71236513,280,86296
309200001,41.9392724,-87.71240011,281,86709
309200001,41.94014945,-87.71242318,282,87029
309200001,41.94046613,-87.7124853,283,87146
309200001,41.94066132,-87.71258118,284,87222
309200001,41.94091796,-87.71279055,285,87332
309200001,41.94110161,-87.71300062,286,87420
309200001,41.94127352,-87.7132923,287,87521
309200001,41.94143345,-87.71361668,288,87627
309200001,41.94156904,-87.71394131,289,87728
309200001,41.9417377,-87.714284,290,87840
309200001,41.94186183,-87.71452879,291,87921
309200001,41.94196367,-87.71473604,292,87989
309200001,41.9421399,-87.71503361,293,88092
309200001,41.94231265,-87.71529965,294,88188
309200001,41.94256188,-87.71562869,295,88316
309200001,41.9427947,-87.71594,296,88436
309200001,41.94300559,-87.71617408,297,88536
309200001,41.94322816,-87.71636657,298,88633
309200001,41.9434053,-87.71652759,299,88711
309200001,41.94358226,-87.71665351,300,88784
309200001,41.94380224,-87.71680774,301,88874
309200001,41.94417271,-87.7170371,302,89023
309200001,41.94457179,-87.71727256,303,89182
309200001,41.94499227,-87.71750144,304,89347
309200001,41.94536739,-87.71771162,305,89495
309200001,41.94569475,-87.71789992,306,89625
309200001,41.94610578,-87.71814167,307,89789
309200001,41.94641638,-87.71831418,308,89912
309200001,41.94666991,-87.71850639,309,90018
309200001,41.94694718,-87.71868241,310,90130
309200001,41.94707166,-87.71879609,311,90185
309200001,41.94720809,-87.71891603,312,90244
309200001,41.94736796,-87.71910509,313,90322
309200001,41.94751977,-87.71928401,314,90396
309200001,41.94768724,-87.71950221,315,90481
309200001,41.94784737,-87.71972442,316,90565
309200001,41.94796368,-87.71992539,317,90634
309200001,41.94806303,-87.72012538,318,90699
309200001,41.94821138,-87.72043238,319,90798
309200001,41.94833528,-87.72073945,320,90893
309200001,41.94845265,-87.72098843,321,90973
309200001,41.94854922,-87.72122232,322,91046
309200001,41.94869558,-87.72155312,323,91151
309200001,41.94881652,-87.72181384,324,91235
309200001,41.94910972,-87.72240886,325,91429
309200001,41.94944403,-87.72302235,326,91636
309200001,41.94975732,-87.72357369,327,91824
309200001,41.95085631,-87.72548138,328,92480
309200001,41.95132785,-87.72632702,329,92767
309200001,41.95227581,-87.72798429,330,93335
309200001,41.95294812,-87.72918305,331,93743
309200001,41.9536503,-87.73043696,332,94169
309200001,41.95495822,-87.73273515,333,94955
309200001,41.95595826,-87.73447143,334,95552
309200001,41.95671156,-87.73594838,335,96039
309200001,41.95743461,-87.73725054,336,96480
309200001,41.95941467,-87.74074613,337,97674
309200001,41.95970865,-87.74122008,338,97842
309200001,41.96000609,-87.74169852,339,98011
309200001,41.96029066,-87.74215129,340,98172
309200001,41.96056648,-87.74251578,341,98313
309200001,41.9607654,-87.74275012,342,98410
309200001,41.96098349,-87.74300663,343,98516
309200001,41.96118285,-87.74326992,344,98618
309200001,41.9613382,-87.74343499,345,98690
309200001,41.9614945,-87.74362277,346,98767
309200001,41.96169834,-87.74388899,347,98871
309200001,41.96185904,-87.74410135,348,98953
309200001,41.96202222,-87.74433603,349,99040
309200001,41.96216871,-87.74456448,350,99122
309200001,41.9623008,-87.74477391,351,99197
309200001,41.96243788,-87.74502798,352,99282
309200001,41.96256863,-87.74526097,353,99361
309200001,41.96266883,-87.74546951,354,99428
309200001,41.96279188,-87.74577478,355,99522
309200001,41.96291989,-87.74611831,356,99626
309200001,41.96305793,-87.74656069,357,99756
309200001,41.96318163,-87.74699363,358,99882
309200001,41.96336336,-87.7475952,359,100059
309200001,41.96351564,-87.74802788,360,100189
309200001,41.96363177,-87.74837791,361,100293
309200001,41.96373585,-87.74870252,362,100389
309200001,41.96382749,-87.74892191,363,100457
309200001,41.96396257,-87.74925262,364,100560
309200001,41.96408302,-87.74951643,365,100644
309200001,41.96419859,-87.74975795,366,100722
309200001,41.96433085,-87.75000251,367,100804
309200001,41.9647841,-87.75086409,368,101091
309200001,41.96537299,-87.7516368,369,101391
309200001,41.96574025,-87.75218884,370,101592
309200001,41.96602352,-87.75262036,371,101748
309200001,41.96646065,-87.75332818,372,101998
309200001,41.96683073,-87.75396959,373,102218
309200001,41.96722731,-87.75466822,374,102457
309200001,41.96759026,-87.7553129,375,102677
309200001,41.96790035,-87.75586869,376,102866
309200001,41.96820321,-87.75640593,377,103049
309200001,41.9687709,-87.75738914,378,103387
309200001,41.96944563,-87.75857435,379,103792
309200001,41.96980125,-87.75918722,380,104003
309200001,41.97008417,-87.75970411,381,104177
309200001,41.97031374,-87.76013208,382,104320
309200001,41.97050486,-87.76057796,383,104460
309200001,41.970642,-87.76089808,384,104560
309200001,41.97088641,-87.76149561,385,104745
309200001,41.97108171,-87.76210065,386,104924
309200001,41.97122731,-87.76268951,387,105093
309200001,41.9713532,-87.76320782,388,105241
309200001,41.97146315,-87.76371541,389,105385
309200001,41.97162234,-87.76430296,390,105555
309200001,41.97176254,-87.76472054,391,105680
309200001,41.97192176,-87.7651354,392,105807
309200001,41.97201587,-87.76535068,393,105875
309200001,41.97217278,-87.76572334,394,105991
309200001,41.97244208,-87.76624462,395,106163
309200001,41.9729928,-87.7672289,396,106498
309200001,41.97339345,-87.76797347,397,106748
309200001,41.97421948,-87.76944578,398,107249
309200001,41.97563973,-87.77193537,399,108101
309200001,41.97664076,-87.77368889,400,108701
309200001,41.97751931,-87.77524266,401,109231
309200001,41.97853273,-87.77702067,402,109839
309200001,41.9792874,-87.77838758,403,110301
309200001,41.98011519,-87.77983599,404,110797
309200001,41.98068872,-87.7808327,405,111139
309200001,41.98120235,-87.78175811,406,111453
309200001,41.98164674,-87.78252849,407,111718
309200001,41.98189948,-87.78307306,408,111892
309200001,41.98212556,-87.78364978,409,112069
309200001,41.98227711,-87.7842072,410,112230
309200001,41.98238365,-87.78469317,411,112368
309200001,41.98245441,-87.78516747,412,112500
309200001,41.98248897,-87.78554631,413,112604
309200001,41.98250893,-87.78598513,414,112724
309200001,41.98250548,-87.78651195,415,112867
309200001,41.98249354,-87.78713064,416,113035
309200001,41.98248542,-87.78792888,417,113252
309200001,41.98246858,-87.79065758,418,113994
309200001,41.98243925,-87.79403888,419,114913
309200001,41.9824042,-87.79876754,420,116199
309200001,41.98239109,-87.80107277,421,116826
309200001,41.98237175,-87.80307155,422,117370
309200001,41.98235457,-87.80606324,423,118183
309200001,41.98234783,-87.80719031,424,118489
309200001,41.98233123,-87.80890075,425,118954
309200001,41.98232178,-87.80984916,426,119212
309200001,41.98229774,-87.81112869,427,119560
309200001,41.98229012,-87.81248659,428,119929
309200001,41.98231561,-87.81304061,429,120080
309200001,41.98235701,-87.81355755,430,120221
309200001,41.98246334,-87.81420943,431,120402
309200001,41.98254368,-87.8147045,432,120540
309200001,41.98266576,-87.81528545,433,120704
309200001,41.98284104,-87.81594602,434,120895
309200001,41.98306426,-87.81685439,435,121155
309200001,41.98326748,-87.81773353,436,121405
309200001,41.9834495,-87.81861285,437,121653
309200001,41.98358293,-87.81949481,438,121898
309200001,41.98375629,-87.82075892,439,122247
309200001,41.98389645,-87.82179544,440,122533
309200001,41.98404429,-87.82300897,441,122867
309200001,41.98417069,-87.82405485,442,123155
309200001,41.98432086,-87.82528222,443,123493
309200001,41.98444265,-87.82685006,444,123922
309200001,41.98451356,-87.82834441,445,124329
309200001,41.98455582,-87.82959728,446,124670
309200001,41.98458106,-87.83116435,447,125096
309200001,41.98454439,-87.83276117,448,125530
309200001,41.98447495,-87.83422429,449,125929
309200001,41.98440317,-87.83561815,450,126309
309200001,41.98434797,-87.83679209,451,126629
309200001,41.98430192,-87.83803181,452,126966
309200001,41.98419713,-87.84022411,453,127563
309200001,41.9841023,-87.84186275,454,128010
309200001,41.98403855,-87.84339708,455,128428
309200001,41.98398586,-87.84477951,456,128804
309200001,41.98398383,-87.84568178,457,129049
309200001,41.98388912,-87.84814909,458,129721
309200001,41.98379619,-87.85067317,459,130408
309200001,41.98377973,-87.85238744,460,130874
309200001,41.98375356,-87.85360215,461,131204
309200001,41.98362973,-87.85669168,462,132045
309200001,41.98351515,-87.85939353,463,132781
309200001,41.98344792,-87.86130383,464,133301
309200001,41.98335779,-87.86395971,465,134024
309200001,41.98330558,-87.86633271,466,134669
309200001,41.98327214,-87.86877193,467,135332
309200001,41.98324131,-87.87033177,468,135756
309200001,41.98321899,-87.87093753,469,135921
309200001,41.98321764,-87.87139598,470,136046
309200001,41.98319827,-87.87194147,471,136194
309200001,41.98316287,-87.87237311,472,136312
309200001,41.98313349,-87.87276323,473,136419
309200001,41.98307326,-87.87317845,474,136534
309200001,41.98298228,-87.87364367,475,136665
309200001,41.98284787,-87.87408432,476,136794
309200001,41.98278085,-87.87435026,477,136870
309200001,41.98267057,-87.87463311,478,136957
309200001,41.98224157,-87.87570634,479,137288
309200001,41.98098848,-87.87874421,480,138232
309200001,41.98098619,-87.8787499,481,138234
309200001,41.97823734,-87.88551367,482,140328
309200001,41.977474,-87.88726091,483,140879
309200001,41.97737546,-87.88747802,484,140948
309200001,41.97728532,-87.88772283,485,141022
309200001,41.97717854,-87.88805525,486,141120
309200001,41.97710172,-87.88840658,487,141220
309200001,41.97705207,-87.88875317,488,141316
309200001,41.97703947,-87.88901295,489,141387
309200001,41.97703953,-87.88902632,490,141391
309200001,41.97704048,-87.88927363,491,141458
309200001,41.97704515,-87.88960061,492,141547
309200001,41.97709064,-87.88993743,493,141640
309200001,41.97716349,-87.89031507,494,141746
309200001,41.97724981,-87.89066071,495,141845
309200001,41.97736313,-87.89095606,496,141935
309200001,41.97749682,-87.89124216,497,142027
309200001,41.97763374,-87.89148723,498,142110
309200001,41.97779437,-87.89170936,499,142194
309200001,41.9787141,-87.89279619,500,142641
309200001,41.97965497,-87.89383222,501,143085
309200001,41.98119128,-87.89562529,502,143827
309200001,41.98119501,-87.89562924,503,143829
309200001,41.98132633,-87.89576815,504,143890
309200001,41.98147528,-87.89601852,505,143977
309200001,41.9815941,-87.89627925,506,144060
309200001,41.98168175,-87.89658984,507,144150
309200001,41.98174609,-87.89713871,508,144301
309200001,41.98176359,-87.89778347,509,144476
309200001,41.98181708,-87.89842627,510,144652
309200001,41.98181988,-87.89916521,511,144853
309200001,41.98163904,-87.89994645,512,145075
309200001,41.98126365,-87.90057847,513,145295
309200001,41.98079548,-87.90097848,514,145497
309200001,41.9804291,-87.9012957,515,145656
309200001,41.98025626,-87.90148844,516,145738
309200001,41.98003246,-87.9017089,517,145839
309200001,41.97980876,-87.90195672,518,145945
309200001,41.97944264,-87.90234234,519,146115
309200001,41.97767312,-87.90422891,520,146939
309200008,41.72238381,-87.62442048,1,0
309200008,41.72800917,-87.62454944,2,2050
309200008,41.72905256,-87.62458982,3,2430
309200008,41.73212529,-87.62464,4,3550
309200008,41.73449091,-87.6247275,5,4412
309200008,41.73537904,-87.62475881,6,4736
309200008,41.73614271,-87.62478962,7,5014
309200008,41.73949124,-87.62482856,8,6234
309200008,41.74303762,-87.62497273,9,7527
309200008,41.74460729,-87.62500379,10,8099
309200008,41.75042018,-87.62518409,11,10218
309200008,41.75129125,-87.62519665,12,10535
309200008,41.75189545,-87.62521059,13,10755
309200008,41.75264779,-87.62525582,14,11029
309200008,41.75316903,-87.62531184,15,11220
309200008,41.75388402,-87.62538056,16,11481
309200008,41.75516632,-87.62550141,17,11949
309200008,41.75604717,-87.62553864,18,12270
309200008,41.75815482,-87.62558006,19,13038
309200008,41.76290358,-87.62567791,20,14769
309200008,41.76542351,-87.62569682,21,15687
309200008,41.7683757,-87.62581509,22,16763
309200008,41.77015679,-87.62585457,23,17412
309200008,41.77187936,-87.62590355,24,18040
309200008,41.77218895,-87.62592574,25,18153
309200008,41.77253214,-87.62595937,26,18278
309200008,41.77259409,-87.62596853,27,18301
309200008,41.77287213,-87.62601272,28,18403
309200008,41.7729651,-87.62603336,29,18437
309200008,41.77344047,-87.62618108,30,18615
309200008,41.77349661,-87.62619976,31,18636
309200008,41.77383797,-87.62635546,32,18767
309200008,41.77398205,-87.62642081,33,18822
309200008,41.77402865,-87.62644983,34,18841
309200008,41.77416836,-87.62652408,35,18896
309200008,41.7744583,-87.62670496,36,19013
309200008,41.77463963,-87.62683683,37,19088
309200008,41.77491352,-87.62704545,38,19203
309200008,41.77501422,-87.62712505,39,19246
309200008,41.77515133,-87.62725643,40,19307
309200008,41.77541666,-87.62750943,41,19426
309200008,41.7762407,-87.62853207,42,19836
309200008,41.77644972,-87.62882631,43,19947
309200008,41.77677751,-87.62926197,44,20115
309200008,41.77698739,-87.62954513,45,20224
309200008,41.77723667,-87.62979586,46,20338
309200008,41.777497,-87.63004525,47,20455
309200008,41.77784017,-87.63028635,48,20596
309200008,41.77815639,-87.63048961,49,20724
309200008,41.77847605,-87.63065223,50,20849
309200008,41.77874993,-87.63077259,51,20954
309200008,41.77893116,-87.63082444,52,21022
309200008,41.77942927,-87.63093779,53,21206
309200008,41.77983006,-87.63097705,54,21352
309200008,41.78054217,-87.63100619,55,21612
309200008,41.78270768,-87.63105072,56,22401
309200008,41.78336764,-87.63106579,57,22642
309200008,41.78559009,-87.63112781,58,23452
309200008,41.78722334,-87.63103692,59,24048
309200008,41.78772964,-87.63100953,60,24233
309200008,41.79168028,-87.63110491,61,25673
309200008,41.79390951,-87.63115048,62,26485
309200008,41.7954261,-87.63117491,63,27038
309200008,41.79776157,-87.63124705,64,27889
309200008,41.80084511,-87.63132784,65,29013
309200008,41.80189742,-87.6313508,66,29397
309200008,41.80306098,-87.63146761,67,29822
309200008,41.80535535,-87.63162605,68,30659
309200008,41.8069065,-87.63173864,69,31225
309200008,41.80769015,-87.63179485,70,31511
309200008,41.80805364,-87.63181247,71,31644
309200008,41.80830674,-87.6317972,72,31736
309200008,41.80853735,-87.63177742,73,31820
309200008,41.80870823,-87.63174632,74,31883
309200008,41.80896134,-87.63170145,75,31976
309200008,41.80899999,-87.63168607,76,31991
309200008,41.80919675,-87.63161948,77,32065
309200008,41.80924746,-87.63160627,78,32084
309200008,41.80929387,-87.63159195,79,32101
309200008,41.80933766,-87.63157306,80,32118
309200008,41.8094751,-87.63152208,81,32170
309200008,41.8098554,-87.63134186,82,32317
309200008,41.81034598,-87.63103154,83,32515
309200008,41.81109387,-87.63056305,84,32816
309200008,41.81139261,-87.63042054,85,32932
309200008,41.81148021,-87.63038506,86,32965
309200008,41.81182652,-87.6302777,87,33095
309200008,41.8121462,-87.63022426,88,33212
309200008,41.8124752,-87.63019925,89,33332
309200008,41.81281868,-87.63019204,90,33457
309200008,41.81351534,-87.63021665,91,33711
309200008,41.81524784,-87.63025754,92,34342
309200008,41.81647494,-87.63028486,93,34789
309200008,41.8176945,-87.6303147,94,35233
309200008,41.8226934,-87.63044186,95,37055
309200008,41.82519784,-87.63050757,96,37968
309200008,41.82749159,-87.63056472,97,38804
309200008,41.83119841,-87.63064204,98,40155
309200008,41.83495409,-87.63075213,99,41524
309200008,41.83721954,-87.63081707,100,42350
309200008,41.83953315,-87.63087273,101,43193
309200008,41.84037359,-87.63093614,102,43500
309200008,41.84184509,-87.63103737,103,44037
309200008,41.84285945,-87.63114151,104,44408
309200008,41.84459102,-87.63126228,105,45040
309200008,41.84547944,-87.63128497,106,45364
309200008,41.8458642,-87.63127751,107,45504
309200008,41.84648031,-87.63120923,108,45729
309200008,41.84669734,-87.631176,109,45809
309200008,41.84686158,-87.63115509,110,45869
309200008,41.84718281,-87.63109423,111,45987
309200008,41.84748487,-87.63101765,112,46099
309200008,41.84837004,-87.63085504,113,46425
309200008,41.84897674,-87.63073052,114,46649
309200008,41.84961016,-87.63069173,115,46880
309200008,41.85108007,-87.6306945,116,47416
309200008,41.85179905,-87.63074063,117,47678
309200008,41.85243623,-87.63082648,118,47911
309200008,41.85268415,-87.63085563,119,48002
309200008,41.85294678,-87.63091169,120,48099
309200008,41.85321365,-87.63097357,121,48198
309200008,41.85352108,-87.63106742,122,48313
309200008,41.85390093,-87.63116095,123,48454
309200008,41.85454796,-87.63128301,124,48692
309200008,41.85575976,-87.63136697,125,49134
309200008,41.85746873,-87.63142443,126,49757
309200008,41.85870035,-87.63144621,127,50206
309200008,41.85894808,-87.63144351,128,50296
309200008,41.85923859,-87.6314244,129,50402
309200008,41.8595265,-87.63137026,130,50508
309200008,41.85977144,-87.63130067,131,50599
309200008,41.8599686,-87.63120929,132,50675
309200008,41.86013723,-87.63112778,133,50740
309200008,41.86028354,-87.63102009,134,50801
309200008,41.86035292,-87.63095015,135,50833
309200008,41.86093622,-87.63058735,136,51067
309200008,41.86138924,-87.63018358,137,51265
309200008,41.86212258,-87.629347,138,51616
309200008,41.86269385,-87.62849626,139,51928
309200008,41.86297215,-87.62804069,140,52088
309200008,41.86316354,-87.62778683,141,52186
309200008,41.86326204,-87.62768313,142,52232
309200008,41.86338132,-87.62756137,143,52287
309200008,41.86364067,-87.62739805,144,52391
309200008,41.86404445,-87.62731475,145,52540
309200008,41.86576184,-87.6273652,146,53166
309200008,41.86737552,-87.62740813,147,53754
309200008,41.8692225,-87.62745716,148,54427
309200008,41.87077122,-87.6274748,149,54991
309200008,41.87189859,-87.6274624,150,55402
309200008,41.8730651,-87.62749291,151,55827
309200008,41.8740471,-87.62748487,152,56185
309200008,41.87472209,-87.6275174,153,56431
309200008,41.87593278,-87.62754907,154,56872
309200008,41.87688237,-87.62757157,155,57218
309200008,41.87816061,-87.62760185,156,57684
309200008,41.88075241,-87.62770221,157,58629
309200008,41.88322256,-87.62775412,158,59529
309200008,41.88481672,-87.62781913,159,60110
309200008,41.88574827,-87.62784094,160,60450
309200008,41.88596891,-87.6278366,161,60530
309200008,41.88784034,-87.62794073,162,61213
309200008,41.88965646,-87.62799508,163,61875
309200008,41.89072257,-87.62800109,164,62264
309200008,41.89167306,-87.62802701,165,62610
309200008,41.89234206,-87.62804525,166,62854
309200008,41.8941267,-87.62809392,167,63504
309200008,41.89563081,-87.62813494,168,64052
309200008,41.89667907,-87.6281821,169,64434
309200008,41.89914434,-87.6282699,170,65333
309200008,41.90026955,-87.6283031,171,65743
309200008,41.90212819,-87.6283537,172,66420
309200008,41.90317122,-87.62862588,173,66807
309200008,41.90365025,-87.62864816,174,66982
309200008,41.90376398,-87.62867225,175,67024
309200008,41.90382636,-87.62870053,176,67048
309200008,41.90387805,-87.62875064,177,67071
309200008,41.90391085,-87.6288082,178,67091
309200008,41.90394399,-87.62892006,179,67124
309200008,41.9039531,-87.62908286,180,67168
309200008,41.90392817,-87.63141805,181,67804
309200008,41.90387616,-87.63447589,182,68637
309200008,41.90383265,-87.6369863,183,69321
309200008,41.90379837,-87.63896239,184,69859
309200008,41.90379868,-87.63926276,185,69941
309200008,41.90384152,-87.63951128,186,70010
309200008,41.90392543,-87.63971786,187,70074
309200008,41.90404864,-87.63993979,188,70149
309200008,41.90458837,-87.64069186,189,70433
309200008,41.90807489,-87.6455511,190,72267
309200008,41.90971558,-87.64786012,191,73134
309200008,41.91066244,-87.64918303,192,73633
309200008,41.91175337,-87.65070378,193,74207
309200008,41.91226345,-87.65141278,194,74475
309200008,41.91294141,-87.65235859,195,74832
309200008,41.91299535,-87.65243015,196,74860
309200008,41.91308909,-87.65249158,197,74898
309200008,41.9131697,-87.65249675,198,74927
309200008,41.91327602,-87.65249957,199,74966
309200008,41.91406733,-87.65250619,200,75254
309200008,41.91563365,-87.65255411,201,75825
309200008,41.91718721,-87.65261557,202,76391
309200008,41.91764042,-87.65263065,203,76556
309200008,41.91808958,-87.65264558,204,76720
309200008,41.91822443,-87.65265007,205,76769
309200008,41.92113642,-87.6527469,206,77830
309200008,41.92172606,-87.65276564,207,78045
309200008,41.92353018,-87.65282296,208,78703
309200008,41.92505923,-87.6528716,209,79260
309200008,41.92537635,-87.65288083,210,79376
309200008,41.92599911,-87.65289711,211,79603
309200008,41.92715665,-87.65292736,212,80025
309200008,41.92768595,-87.6529412,213,80218
309200008,41.92842599,-87.65296055,214,80488
309200008,41.92871064,-87.65296799,215,80592
309200008,41.92951536,-87.65299894,216,80885
309200008,41.93030959,-87.65302948,217,81175
309200008,41.9309096,-87.65305256,218,81394
309200008,41.93152254,-87.65307613,219,81617
309200008,41.93218483,-87.65310161,220,81858
309200008,41.93273936,-87.65313662,221,82060
309200008,41.93312462,-87.65314307,222,82200
309200008,41.93445997,-87.65320224,223,82687
309200008,41.93491807,-87.65322253,224,82854
309200008,41.9353278,-87.65324069,225,83003
309200008,41.93604047,-87.65327221,226,83263
309200008,41.93627449,-87.6532809,227,83348
309200008,41.93717744,-87.65331441,228,83677
309200008,41.93764005,-87.65333158,229,83846
309200008,41.93865814,-87.65336938,230,84217
309200008,41.93893662,-87.65337365,231,84318
309200008,41.93939549,-87.65338068,232,84485
309200008,41.93975861,-87.65338625,233,84617
309200008,41.93992164,-87.65338875,234,84676
309200008,41.94084027,-87.65340284,235,85011
309200008,41.94146471,-87.65342868,236,85239
309200008,41.94186021,-87.6534477,237,85383
309200008,41.94218468,-87.65345968,238,85501
309200008,41.94238011,-87.65343025,239,85573
309200008,41.94269004,-87.65340322,240,85686
309200008,41.94288927,-87.6533833,241,85759
309200008,41.94318156,-87.65336833,242,85866
309200008,41.9435804,-87.65339376,243,86012
309200008,41.94389945,-87.65340817,244,86128
309200008,41.94407231,-87.65342414,245,86191
309200008,41.94421852,-87.65342852,246,86244
309200008,41.94435616,-87.65348046,247,86296
309200008,41.94448486,-87.65352063,248,86344
309200008,41.94539755,-87.6535406,249,86677
309200008,41.9468998,-87.65362552,250,87225
309200008,41.94743586,-87.6536317,251,87420
309200008,41.94820673,-87.65364131,252,87701
309200008,41.95060781,-87.6536514,253,88576
309200008,41.95109075,-87.65366408,254,88752
309200008,41.95200333,-87.65366625,255,89085
309200008,41.95246384,-87.65363169,256,89253
309200008,41.9531194,-87.65367735,257,89492
309200008,41.95332815,-87.65369045,258,89568
309200008,41.95343882,-87.65369848,259,89608
309200008,41.95352323,-87.65373912,260,89641
309200008,41.95358999,-87.65379182,261,89669
309200008,41.95365239,-87.65385644,262,89698
309200008,41.95371051,-87.65394484,263,89730
309200008,41.9537419,-87.65408439,264,89770
309200008,41.95376141,-87.65431225,265,89832
309200008,41.95378281,-87.65493516,266,90002
309200008,41.95377331,-87.6555762,267,90176
309200008,41.95377178,-87.65606879,268,90310
309200008,41.95378166,-87.65624079,269,90357
309200008,41.9538089,-87.65635326,270,90389
309200008,41.95388491,-87.65647114,271,90431
309200008,41.95397409,-87.65657109,272,90473
309200008,41.95404989,-87.65665337,273,90509
309200008,41.95417434,-87.65672327,274,90558
309200008,41.95430736,-87.6567456,275,90607
309200008,41.95441811,-87.65674443,276,90647
309200008,41.95491444,-87.65677479,277,90828
309200008,41.95693046,-87.65684249,278,91563
309200008,41.95861858,-87.65689585,279,92178
309200008,41.96182205,-87.65700442,280,93346
309200008,41.96397833,-87.65756924,281,94147
309200008,41.96428056,-87.65759328,282,94257
309200008,41.96582716,-87.6580271,283,94833
309200008,41.96622633,-87.65819611,284,94986
309200008,41.9665115,-87.65832475,285,95096
309200008,41.96669789,-87.65836435,286,95165
309200008,41.96688937,-87.65839005,287,95235
309200008,41.96746683,-87.65842786,288,95446
309200008,41.96838401,-87.65847134,289,95780
309200008,41.96914681,-87.65849873,290,96058
309200008,41.97118784,-87.65849398,291,96802
309200008,41.97346119,-87.65853573,292,97631
309200008,41.97523586,-87.6585937,293,98278
309200008,41.97799186,-87.65867419,294,99283
309200008,41.97967653,-87.65872216,295,99897
309200008,41.98060069,-87.65875624,296,100234
309200008,41.98185196,-87.65879782,297,100690
309200008,41.9835121,-87.65884605,298,101295
309200008,41.98450984,-87.65887936,299,101659
309200008,41.98760942,-87.65898912,300,102789
309200008,41.98881974,-87.65902018,301,103230
309200008,41.99026737,-87.65908163,302,103758
309200008,41.99083976,-87.65908655,303,103967
309200008,41.9923609,-87.65913626,304,104521
309200008,41.99367213,-87.65920805,305,104999
309200008,41.99464248,-87.6591889,306,105353
309200008,41.99549799,-87.65919495,307,105665
309200008,41.9963306,-87.65921699,308,105968
309200008,41.99723234,-87.65926296,309,106297
309200008,41.99751756,-87.65927228,310,106401
309200008,41.9979913,-87.65927345,311,106574
309200008,41.9982307,-87.65931409,312,106662
309200008,41.99850233,-87.65936055,313,106762
309200008,41.9988109,-87.65943128,314,106876
309200008,41.99900439,-87.65948474,315,106948
309200008,41.99922562,-87.65956256,316,107031
309200008,41.99944232,-87.65965276,317,107114
309200008,41.99969606,-87.65978574,318,107213
309200008,41.99989451,-87.6599008,319,107292
309200008,42.00009317,-87.66005286,320,107375
309200008,42.00028271,-87.66021735,321,107457
309200008,42.0004445,-87.66035746,322,107527
309200008,42.0005971,-87.66049767,323,107594
309200008,42.00076371,-87.66067585,324,107672
309200008,42.00090723,-87.66083355,325,107740
309200008,42.00108123,-87.66106647,326,107830
309200008,42.00137464,-87.66142601,327,107975
309200008,42.00153284,-87.66166325,328,108061
309200008,42.00187675,-87.66225499,329,108265
309200008,42.00227308,-87.6628863,330,108489
309200008,42.00262572,-87.66343646,331,108686
309200008,42.00264578,-87.66346757,332,108697
309200008,42.00308916,-87.66404806,333,108923
309200008,42.00348793,-87.6644812,334,109110
309200008,42.00382323,-87.66477402,335,109256
309200008,42.00415573,-87.66500487,336,109392
309200008,42.00467313,-87.66527697,337,109595
309200008,42.00525755,-87.66553138,338,109819
309200008,42.00586755,-87.66571824,339,110047
309200008,42.00619233,-87.66577548,340,110166
309200008,42.00687393,-87.66583738,341,110415
309200008,42.00836969,-87.66591486,342,110960
309200008,42.01059767,-87.66597704,343,111772
309200008,42.01184076,-87.6660196,344,112225
309200008,42.012276,-87.66606134,345,112384
309200008,42.01260094,-87.66613201,346,112504
309200008,42.0129817,-87.66630395,347,112650
309200008,42.01355674,-87.66664051,348,112879
309200008,42.01388965,-87.66689628,349,113019
309200008,42.01422277,-87.66718909,350,113164
309200008,42.01467084,-87.66769798,351,113378
309200008,42.01588406,-87.66909789,352,113961
309200008,42.01658467,-87.66988791,353,114295
309200008,42.01698432,-87.67037088,354,114491
309200008,42.01733363,-87.67079302,355,114662
309200008,42.01785791,-87.67142664,356,114919
309200008,42.0181506,-87.67178036,357,115063
309200008,42.01860324,-87.67233005,358,115286
309200008,42.0190711,-87.67289823,359,115516
309200009,41.77896124,-87.6638506,1,0
309200009,41.7789996,-87.66156845,2,623
309200009,41.77908487,-87.65709564,3,1843
309200009,41.7791374,-87.65263001,4,3061
309200009,41.7791873,-87.64959323,5,3890
309200009,41.779223,-87.64639263,6,4763
309200009,41.77915952,-87.64603903,7,4862
309200009,41.77909185,-87.64571768,8,4953
309200009,41.77903522,-87.64541085,9,5039
309200009,41.77903024,-87.64494537,10,5166
309200009,41.7790357,-87.64402887,11,5416
309200009,41.77908576,-87.63960133,12,6624
309200009,41.77912666,-87.6373054,13,7250
309200009,41.77914952,-87.6356538,14,7701
309200009,41.77923152,-87.63472183,15,7957
309200009,41.77926769,-87.6341827,16,8105
309200009,41.77930018,-87.63376073,17,8221
309200009,41.77931417,-87.63353805,18,8282
309200009,41.77935046,-87.63337955,19,8327
309200009,41.77949123,-87.63310279,20,8418
309200009,41.77966301,-87.63288133,21,8505
309200009,41.77999577,-87.63246194,22,8672
309200009,41.78020231,-87.63219032,23,8778
309200009,41.78029821,-87.63210436,24,8820
309200009,41.78036367,-87.6320568,25,8847
309200009,41.78046426,-87.63202057,26,8885
309200009,41.78054935,-87.63200845,27,8916
309200009,41.7807461,-87.63200614,28,8988
309200009,41.78155138,-87.63203507,29,9282
309200009,41.78190641,-87.63203413,30,9411
309200009,41.78330369,-87.63205697,31,9920
309200009,41.78368061,-87.63205287,32,10057
309200009,41.78574489,-87.63202159,33,10809
309200009,41.78614169,-87.63204069,34,10954
309200009,41.78625764,-87.63200721,35,10997
309200009,41.78633845,-87.63196241,36,11029
309200009,41.78642139,-87.63190587,37,11063
309200009,41.78648464,-87.6318554,38,11090
309200009,41.78653465,-87.63179043,39,11115
309200009,41.78659766,-87.6317019,40,11148
309200009,41.78666696,-87.63156644,41,11193
309200009,41.78672283,-87.63138428,42,11247
309200009,41.78676345,-87.63121692,43,11295
309200009,41.7867795,-87.6309737,44,11362
309200009,41.78678888,-87.63071591,45,11432
309200009,41.78682696,-87.62941827,46,11786
309200009,41.78685291,-87.62793336,47,12191
309200009,41.78691375,-87.62571013,48,12798
309200009,41.78690099,-87.62470588,49,13072
309200009,41.78691272,-87.62412009,50,13232
309200009,41.78692741,-87.62295155,51,13551
309200009,41.78694606,-87.62065558,52,14177
309200009,41.786978,-87.61874013,53,14700
309200009,41.78700534,-87.61855535,54,14751
309200009,41.78704844,-87.61843774,55,14787
309200009,41.78712006,-87.61832567,56,14827
309200009,41.78721154,-87.61823387,57,14869
309200009,41.78729669,-87.61818314,58,14903
309200009,41.78747619,-87.61814894,59,14969
309200009,41.78897325,-87.61818208,60,15515
309200009,41.78931491,-87.61814607,61,15640
309200009,41.7915421,-87.6182326,62,16452
309200009,41.79330112,-87.61827747,63,17093
309200009,41.79518449,-87.61832985,64,17779
309200009,41.79568379,-87.61834471,65,17961
309200009,41.79704338,-87.61837,66,18456
309200009,41.79933295,-87.61845538,67,19291
309200009,41.80156419,-87.61849879,68,20104
309200009,41.80209943,-87.61850734,69,20299
309200009,41.80393238,-87.6185865,70,20967
309200009,41.80580144,-87.61860919,71,21648
309200009,41.80609693,-87.61862501,72,21756
309200009,41.80621853,-87.61864276,73,21801
309200009,41.8063736,-87.61867925,74,21858
309200009,41.80649051,-87.61870979,75,21901
309200009,41.80675547,-87.61877344,76,21999
309200009,41.80921668,-87.61883187,77,22896
309200009,41.81060334,-87.61886398,78,23401
309200009,41.8127083,-87.61892612,79,24168
309200009,41.81476099,-87.61898449,80,24916
309200009,41.81647107,-87.61904152,81,25539
309200009,41.81869685,-87.61909795,82,26350
309200009,41.82096034,-87.61916515,83,27175
309200009,41.82114141,-87.61916951,84,27241
309200009,41.82133912,-87.61916731,85,27313
309200009,41.82147664,-87.61920118,86,27364
309200009,41.82159467,-87.61927275,87,27411
309200009,41.82168336,-87.61936093,88,27451
309200009,41.82175797,-87.61948431,89,27494
309200009,41.82179918,-87.6195985,90,27529
309200009,41.8218335,-87.61975417,91,27573
309200009,41.82184949,-87.62002787,92,27648
309200009,41.82182304,-87.62146855,93,28041
309200009,41.82179862,-87.62354433,94,28607
309200009,41.82177552,-87.62443311,95,28849
309200009,41.82176356,-87.62481222,96,28952
309200009,41.82177458,-87.62505413,97,29018
309200009,41.82179435,-87.62516856,98,29050
309200009,41.82184053,-87.62531773,99,29094
309200009,41.82191775,-87.6254793,100,29146
309200009,41.82199443,-87.6255517,101,29180
309200009,41.82205902,-87.62559558,102,29206
309200009,41.82215546,-87.62564141,103,29243
309200009,41.82246924,-87.62567386,104,29358
309200009,41.82479436,-87.62571554,105,30205
309200009,41.82785666,-87.6257886,106,31321
309200009,41.83098337,-87.62587225,107,32461
309200009,41.83168587,-87.62588722,108,32717
309200009,41.85312293,-87.62640813,109,40530
309200009,41.85332663,-87.62641264,110,40604
309200009,41.85538505,-87.62645052,111,41354
309200009,41.85646906,-87.62647044,112,41749
309200009,41.85807717,-87.62649416,113,42335
309200009,41.85839666,-87.62646152,114,42452
309200009,41.85876656,-87.62642374,115,42587
309200009,41.86016949,-87.62647842,116,43098
309200009,41.8618961,-87.62650534,117,43727
309200009,41.86574092,-87.62656904,118,45128
309200009,41.86741281,-87.62659564,119,45737
309200009,41.86998258,-87.62671674,120,46674
309200009,41.87361926,-87.6267984,121,47999
309200009,41.87379192,-87.62680199,122,48062
309200009,41.87390296,-87.62681177,123,48103
309200009,41.87400568,-87.62680514,124,48140
309200009,41.87410419,-87.62678206,125,48176
309200009,41.87422092,-87.62674017,126,48220
309200009,41.87432967,-87.62668608,127,48262
309200009,41.87447706,-87.62659096,128,48322
309200009,41.87458759,-87.62651825,129,48367
309200009,41.87470611,-87.62640695,130,48420
309200009,41.87479195,-87.62632901,131,48458
309200009,41.87490642,-87.62622875,132,48508
309200009,41.87500058,-87.62616722,133,48546
309200009,41.87511118,-87.6261055,134,48590
309200009,41.87527097,-87.62602124,135,48653
309200009,41.87539006,-87.62600343,136,48697
309200009,41.87570137,-87.62598439,137,48811
309200009,41.87697364,-87.62603967,138,49275
309200009,41.87831481,-87.62605954,139,49764
309200009,41.87951807,-87.62610365,140,50203
309200009,41.88203875,-87.62616192,141,51122
309200009,41.88322886,-87.62619456,142,51556
309200009,41.88444275,-87.62622786,143,51998
309200009,41.88535057,-87.62626248,144,52329
309200009,41.88552922,-87.62626051,145,52394
309200009,41.88557788,-87.6262587,146,52412
309200009,41.88562562,-87.62627344,147,52430
309200009,41.88566611,-87.62630802,148,52448
309200009,41.88569726,-87.62635259,149,52465
309200009,41.88573037,-87.62642642,150,52488
309200009,41.88574084,-87.62650898,151,52511
309200009,41.8857441,-87.62656012,152,52525
309200009,41.88574631,-87.62661795,153,52541
309200009,41.88574666,-87.62683561,154,52600
309200009,41.88574827,-87.62784093,155,52874
309200009,41.88574844,-87.62887754,156,53156
309200009,41.88574704,-87.62948396,157,53321
309200009,41.88574626,-87.62982204,158,53413
309200009,41.88574601,-87.6299274,159,53442
309200009,41.88574557,-87.6301197,160,53494
309200009,41.88574537,-87.63020427,161,53517
309200009,41.88574484,-87.63089177,162,53704
309200009,41.88574451,-87.63204551,163,54018
309200009,41.885738,-87.63285147,164,54237
309200009,41.88573238,-87.63391893,165,54528
309200009,41.8857275,-87.63515744,166,54865
309200009,41.8857194,-87.63720512,167,55423
309200009,41.88571289,-87.63884382,168,55869
309200009,41.88571128,-87.64177706,169,56668
309200009,41.88571032,-87.64280517,170,56948
309200009,41.88571471,-87.64394707,171,57259
309200009,41.88570219,-87.64506698,172,57564
309200009,41.88568675,-87.64634394,173,57912
309200009,41.88567167,-87.64736091,174,58189
309200009,41.88565354,-87.64851177,175,58502
309200009,41.88563,-87.64972704,176,58833
309200009,41.88561188,-87.65088562,177,59149
309200009,41.88558893,-87.6518795,178,59420
309200009,41.88558461,-87.65213569,179,59490
309200009,41.88556809,-87.65311527,180,59757
309200009,41.88554267,-87.6555924,181,60432
309200009,41.88551003,-87.65673277,182,60743
309200009,41.88549092,-87.65835201,183,61184
309200009,41.88544128,-87.66148521,184,62037
309200009,41.8853972,-87.66312865,185,62485
309200009,41.88538525,-87.66414906,186,62763
309200009,41.88535898,-87.66516961,187,63041
309200009,41.88531925,-87.6669567,188,63528
309200009,41.8852505,-87.66943443,189,64203
309200009,41.88521191,-87.67082431,190,64582
309200009,41.88514476,-87.67222654,191,64965
309200009,41.88510921,-87.67308642,192,65200
309200009,41.88506411,-87.67430258,193,65532
309200009,41.88501482,-87.67579755,194,65939
309200009,41.88498502,-87.67665736,195,66173
309200009,41.88497405,-87.67689149,196,66237
309200009,41.88422738,-87.69623999,197,71513
309200009,41.88413807,-87.69787469,198,71959
309200009,41.88412007,-87.69880405,199,72212
309200009,41.88408358,-87.69953228,200,72411
309200009,41.88406564,-87.70023764,201,72603
309200009,41.88404668,-87.7006312,202,72710
309200009,41.88403926,-87.70108276,203,72833
309200009,41.88403023,-87.70129586,204,72891
309200009,41.8840293,-87.7013179,205,72897
309200009,41.8841223,-87.70277972,206,73297
309200009,41.88418207,-87.70371929,207,73554
309200009,41.88421194,-87.70418898,208,73682
309200009,41.88429622,-87.70560947,209,74070
309200009,41.88430034,-87.70567887,210,74089
309200009,41.88432664,-87.70612217,211,74210
309200009,41.88432895,-87.70616119,212,74221
309200009,41.88436036,-87.70669071,213,74366
309200009,41.88440566,-87.70745459,214,74575
309200009,41.88447241,-87.70858019,215,74882
309200009,41.88451416,-87.70935341,216,75093
309200009,41.88460677,-87.71106896,217,75561
309200009,41.88466131,-87.7120796,218,75837
309200009,41.88469398,-87.71268513,219,76002
309200009,41.88477292,-87.71414814,220,76401
309200009,41.88479663,-87.71455753,221,76513
309200009,41.88484039,-87.71530371,222,76717
309200009,41.88488218,-87.71601626,223,76912
309200009,41.88491223,-87.71652861,224,77052
309200009,41.88492843,-87.71680485,225,77127
309200009,41.88511354,-87.7199625,226,77989
309200009,41.88516481,-87.72087399,227,78238
309200009,41.88520353,-87.72156234,228,78426
309200009,41.88525216,-87.72242707,229,78662
309200009,41.88528275,-87.7229711,230,78811
309200009,41.88537559,-87.72462251,231,79262
309200009,41.88541983,-87.72540955,232,79477
309200009,41.88543831,-87.72573472,233,79566
309200009,41.88546796,-87.72625164,234,79707
309200009,41.8854962,-87.72674416,235,79842
309200009,41.88564049,-87.72926126,236,80529
309200009,41.88567995,-87.72994971,237,80717
309200009,41.88574807,-87.73113851,238,81042
309200009,41.88580023,-87.7320488,239,81291
309200009,41.88586158,-87.7331197,240,81583
309200009,41.88590083,-87.73380511,241,81770
309200009,41.88592967,-87.73431808,242,81910
309200009,41.88600124,-87.73559126,243,82258
309200009,41.88614006,-87.73806143,244,82933
309200009,41.88628014,-87.74054863,245,83612
309200009,41.88632504,-87.74130359,246,83818
309200009,41.88642389,-87.74296607,247,84272
309200009,41.88652676,-87.74469676,248,84745
309200009,41.8865272,-87.74470418,249,84747
309200009,41.88660197,-87.74547289,250,84958
309200009,41.8866649,-87.74646348,251,85229
309200009,41.88679786,-87.74870789,252,85842
309200009,41.88690461,-87.7503563,253,86293
309200009,41.88696312,-87.75162571,254,86639
309200009,41.88705247,-87.75327428,255,87089
309200009,41.88717107,-87.75499228,256,87559
309200009,41.88718429,-87.75531739,257,87648
309200009,41.88724429,-87.75574275,258,87766
309200009,41.88731,-87.75615257,259,87880
309200009,41.88738701,-87.75650808,260,87981
309200009,41.88742308,-87.75677879,261,88056
309200009,41.88745322,-87.75701857,262,88122
309200009,41.88748343,-87.75727383,263,88192
309200009,41.88750227,-87.75756792,264,88272
309200009,41.88750929,-87.75781566,265,88340
309200009,41.88748325,-87.75846397,266,88517
309200009,41.88744799,-87.76078053,267,89148
309200009,41.88744638,-87.76260178,268,89644
309200009,41.88741863,-87.76400362,269,90026
309200009,41.8873946,-87.76513729,270,90335
309200009,41.88739686,-87.7656553,271,90476
309200009,41.88739628,-87.76650501,272,90707
309200009,41.88738921,-87.76741882,273,90956
309200009,41.88736912,-87.76803848,274,91125
309200009,41.88736817,-87.76902193,275,91393
309200009,41.8873615,-87.77002092,276,91665
309200009,41.88734179,-87.77190279,277,92177
309200009,41.88731323,-87.77316525,278,92521
309200009,41.88730063,-87.77414105,279,92787
309200009,41.88729959,-87.77511675,280,93053
309200009,41.88727563,-87.77613912,281,93332
309200009,41.88726427,-87.77737819,282,93669
309200009,41.88724111,-87.77857091,283,93994
309200009,41.88723548,-87.77980219,284,94329
309200009,41.88721815,-87.78101034,285,94658
309200009,41.88720207,-87.78248176,286,95059
309200009,41.88716725,-87.78366683,287,95382
309200009,41.88715396,-87.78451874,288,95614
309200009,41.88713305,-87.78619928,289,96072
309200009,41.88710662,-87.78794181,290,96547
309200009,41.88708085,-87.78860798,291,96729
309200009,41.88706804,-87.78956829,292,96991
309200009,41.88704705,-87.79124882,293,97449
309200009,41.88701807,-87.79246481,294,97780
309200009,41.88699537,-87.79378915,295,98141
309200009,41.88698185,-87.79450025,296,98335
309200009,41.8869653,-87.79557617,297,98628
309200009,41.88695315,-87.79644441,298,98864
309200009,41.88694347,-87.79713517,299,99052
309200009,41.88693198,-87.79795577,300,99275
309200009,41.88692755,-87.79863742,301,99461
309200009,41.88691917,-87.79992677,302,99812
309200009,41.88690224,-87.80072087,303,100028
309200009,41.88688863,-87.80135887,304,100202
309200009,41.88687258,-87.80211083,305,100407
309200009,41.88685615,-87.80318179,306,100699
309200010,41.78031661,-87.60586315,1,0
309200010,41.78025249,-87.60971146,2,1050
309200010,41.78018031,-87.6122942,3,1755
309200010,41.78013756,-87.61555162,4,2644
309200010,41.78009634,-87.61709408,5,3065
309200010,41.78006345,-87.61751173,6,3180
309200010,41.78007877,-87.61769175,7,3229
309200010,41.78015058,-87.61782372,8,3274
309200010,41.78022919,-87.6179082,9,3311
309200010,41.78036429,-87.61794463,10,3361
309200010,41.78146466,-87.61796085,11,3762
309200010,41.78381593,-87.61800829,12,4619
309200010,41.78477406,-87.61801988,13,4968
309200010,41.78747619,-87.61814894,14,5953
309200010,41.78897325,-87.61818208,15,6499
309200010,41.78931491,-87.61814607,16,6624
309200010,41.7915421,-87.6182326,17,7436
309200010,41.79330112,-87.61827747,18,8077
309200010,41.79518449,-87.61832985,19,8763
309200010,41.79568379,-87.61834471,20,8945
309200010,41.79704338,-87.61837,21,9440
309200010,41.79933295,-87.61845538,22,10275
309200010,41.80156419,-87.61849879,23,11088
309200010,41.80209943,-87.61850734,24,11283
309200010,41.80393238,-87.6185865,25,11951
309200010,41.80580144,-87.61860919,26,12632
309200010,41.80609693,-87.61862501,27,12740
309200010,41.80621853,-87.61864276,28,12785
309200010,41.8063736,-87.61867925,29,12842
309200010,41.80649051,-87.61870979,30,12885
309200010,41.80675547,-87.61877344,31,12983
309200010,41.80921668,-87.61883187,32,13880
309200010,41.81060334,-87.61886398,33,14385
309200010,41.8127083,-87.61892612,34,15152
309200010,41.81476099,-87.61898449,35,15900
309200010,41.81647107,-87.61904152,36,16523
309200010,41.81869685,-87.61909795,37,17334
309200010,41.82096034,-87.61916515,38,18159
309200010,41.82114141,-87.61916951,39,18225
309200010,41.82133912,-87.61916731,40,18297
309200010,41.82147664,-87.61920118,41,18348
309200010,41.82159467,-87.61927275,42,18395
309200010,41.82168336,-87.61936093,43,18435
309200010,41.82175797,-87.61948431,44,18478
309200010,41.82179918,-87.6195985,45,18513
309200010,41.8218335,-87.61975417,46,18557
309200010,41.82184949,-87.62002787,47,18632
309200010,41.82182304,-87.62146855,48,19025
309200010,41.82179862,-87.62354433,49,19591
309200010,41.82177552,-87.62443311,50,19833
309200010,41.82176356,-87.62481222,51,19936
309200010,41.82177458,-87.62505413,52,20002
309200010,41.82179435,-87.62516856,53,20034
309200010,41.82184053,-87.62531773,54,20078
309200010,41.82191775,-87.6254793,55,20130
309200010,41.82199443,-87.6255517,56,20164
309200010,41.82205902,-87.62559558,57,20190
309200010,41.82215546,-87.62564141,58,20227
309200010,41.82246924,-87.62567386,59,20342
309200010,41.82479436,-87.62571554,60,21189
309200010,41.82785666,-87.6257886,61,22305
309200010,41.83098337,-87.62587225,62,23445
309200010,41.83168587,-87.62588722,63,23701
309200010,41.85312293,-87.62640813,64,31514
309200010,41.85332663,-87.62641264,65,31588
309200010,41.85538505,-87.62645052,66,32338
309200010,41.85646906,-87.62647044,67,32733
309200010,41.85807717,-87.62649416,68,33319
309200010,41.85839666,-87.62646152,69,33436
309200010,41.85876656,-87.62642374,70,33571
309200010,41.86016949,-87.62647842,71,34082
309200010,41.8618961,-87.62650534,72,34711
309200010,41.86574092,-87.62656904,73,36112
309200010,41.86741281,-87.62659564,74,36721
309200010,41.86998258,-87.62671674,75,37658
309200010,41.87361926,-87.6267984,76,38983
309200010,41.87379192,-87.62680199,77,39046
309200010,41.87390296,-87.62681177,78,39087
309200010,41.87400568,-87.62680514,79,39124
309200010,41.87410419,-87.62678206,80,39160
309200010,41.87422092,-87.62674017,81,39204
309200010,41.87432967,-87.62668608,82,39246
309200010,41.87447706,-87.62659096,83,39306
309200010,41.87458759,-87.62651825,84,39351
309200010,41.87470611,-87.62640695,85,39404
309200010,41.87479195,-87.62632901,86,39442
309200010,41.87490642,-87.62622875,87,39492
309200010,41.87500058,-87.62616722,88,39530
309200010,41.87511118,-87.6261055,89,39574
309200010,41.87527097,-87.62602124,90,39637
309200010,41.87539006,-87.62600343,91,39681
309200010,41.87570137,-87.62598439,92,39795
309200010,41.87697364,-87.62603967,93,40259
309200010,41.87831481,-87.62605954,94,40748
309200010,41.87951807,-87.62610365,95,41187
309200010,41.88203875,-87.62616192,96,42106
309200010,41.88322886,-87.62619456,97,42540
309200010,41.88444275,-87.62622786,98,42982
309200010,41.88535057,-87.62626248,99,43313
309200010,41.88552922,-87.62626051,100,43378
309200010,41.88557788,-87.6262587,101,43396
309200010,41.88562562,-87.62627344,102,43414
309200010,41.88566611,-87.62630802,103,43432
309200010,41.88569726,-87.62635259,104,43449
309200010,41.88573037,-87.62642642,105,43472
309200010,41.88574084,-87.62650898,106,43495
309200010,41.8857441,-87.62656012,107,43509
309200010,41.88574631,-87.62661795,108,43525
309200010,41.88574666,-87.62683561,109,43584
309200010,41.88574827,-87.62784093,110,43858
309200010,41.88574844,-87.62887754,111,44140
309200010,41.88574704,-87.62948396,112,44305
309200010,41.88574626,-87.62982204,113,44397
309200010,41.88574601,-87.6299274,114,44426
309200010,41.88574557,-87.6301197,115,44478
309200010,41.88574537,-87.63020427,116,44501
309200010,41.88574484,-87.63089177,117,44688
309200010,41.88574451,-87.63204551,118,45002
309200010,41.885738,-87.63285147,119,45221
309200010,41.88573238,-87.63391893,120,45512
309200010,41.8857275,-87.63515744,121,45849
309200010,41.8857194,-87.63720512,122,46407
309200010,41.88571289,-87.63884382,123,46853
309200010,41.88571128,-87.64177706,124,47652
309200010,41.88571032,-87.64280517,125,47932
309200010,41.88571471,-87.64394707,126,48243
309200010,41.88570219,-87.64506698,127,48548
309200010,41.88568675,-87.64634394,128,48896
309200010,41.88567167,-87.64736091,129,49173
309200010,41.88565354,-87.64851177,130,49486
309200010,41.88563,-87.64972704,131,49817
309200010,41.88561188,-87.65088562,132,50133
309200010,41.88558893,-87.6518795,133,50404
309200010,41.88558461,-87.65213569,134,50474
309200010,41.88556809,-87.65311527,135,50741
309200010,41.88554267,-87.6555924,136,51416
309200010,41.88551003,-87.65673277,137,51727
309200010,41.88549092,-87.65835201,138,52168
309200010,41.88544128,-87.66148521,139,53021
309200010,41.8853972,-87.66312865,140,53469
309200010,41.88538525,-87.66414906,141,53747
309200010,41.88535898,-87.66516961,142,54025
309200010,41.88531925,-87.6669567,143,54512
309200010,41.8852505,-87.66943443,144,55187
309200010,41.88521191,-87.67082431,145,55566
309200010,41.88514476,-87.67222654,146,55949
309200010,41.88510921,-87.67308642,147,56184
309200010,41.88506411,-87.67430258,148,56516
309200010,41.88501482,-87.67579755,149,56923
309200010,41.88498502,-87.67665736,150,57157
309200010,41.88497405,-87.67689149,151,57221
309200010,41.88422738,-87.69623999,152,62497
309200010,41.88413807,-87.69787469,153,62943
309200010,41.88412007,-87.69880405,154,63196
309200010,41.88408358,-87.69953228,155,63395
309200010,41.88406564,-87.70023764,156,63587
309200010,41.88404668,-87.7006312,157,63694
309200010,41.88403926,-87.70108276,158,63817
309200010,41.88403023,-87.70129586,159,63875
309200010,41.8840293,-87.7013179,160,63881
309200010,41.8841223,-87.70277972,161,64281
309200010,41.88418207,-87.70371929,162,64538
309200010,41.88421194,-87.70418898,163,64666
309200010,41.88429622,-87.70560947,164,65054
309200010,41.88430034,-87.70567887,165,65073
309200010,41.88432664,-87.70612217,166,65194
309200010,41.88432895,-87.70616119,167,65205
309200010,41.88436036,-87.70669071,168,65350
309200010,41.88440566,-87.70745459,169,65559
309200010,41.88447241,-87.70858019,170,65866
309200010,41.88451416,-87.70935341,171,66077
309200010,41.88460677,-87.71106896,172,66545
309200010,41.88466131,-87.7120796,173,66821
309200010,41.88469398,-87.71268513,174,66986
309200010,41.88477292,-87.71414814,175,67385
309200010,41.88479663,-87.71455753,176,67497
309200010,41.88484039,-87.71530371,177,67701
309200010,41.88488218,-87.71601626,178,67896
309200010,41.88491223,-87.71652861,179,68036
309200010,41.88492843,-87.71680485,180,68111
309200010,41.88511354,-87.7199625,181,68973
309200010,41.88516481,-87.72087399,182,69222
309200010,41.88520353,-87.72156234,183,69410
309200010,41.88525216,-87.72242707,184,69646
309200010,41.88528275,-87.7229711,185,69795
309200010,41.88537559,-87.72462251,186,70246
309200010,41.88541983,-87.72540955,187,70461
309200010,41.88543831,-87.72573472,188,70550
309200010,41.88546796,-87.72625164,189,70691
309200010,41.8854962,-87.72674416,190,70826
309200010,41.88564049,-87.72926126,191,71513
309200010,41.88567995,-87.72994971,192,71701
309200010,41.88574807,-87.73113851,193,72026
309200010,41.88580023,-87.7320488,194,72275
309200010,41.88586158,-87.7331197,195,72567
309200010,41.88590083,-87.73380511,196,72754
309200010,41.88592967,-87.73431808,197,72894
309200010,41.88600124,-87.73559126,198,73242
309200010,41.88614006,-87.73806143,199,73917
309200010,41.88628014,-87.74054863,200,74596
309200010,41.88632504,-87.74130359,201,74802
309200010,41.88642389,-87.74296607,202,75256
309200010,41.88652676,-87.74469676,203,75729
309200010,41.8865272,-87.74470418,204,75731
309200010,41.88660197,-87.74547289,205,75942
309200010,41.8866649,-87.74646348,206,76213
309200010,41.88679786,-87.74870789,207,76826
309200010,41.88690461,-87.7503563,208,77277
309200010,41.88696312,-87.75162571,209,77623
309200010,41.88705247,-87.75327428,210,78073
309200010,41.88717107,-87.75499228,211,78543
309200010,41.88718429,-87.75531739,212,78632
309200010,41.88724429,-87.75574275,213,78750
309200010,41.88731,-87.75615257,214,78864
309200010,41.88738701,-87.75650808,215,78965
309200010,41.88742308,-87.75677879,216,79040
309200010,41.88745322,-87.75701857,217,79106
309200010,41.88748343,-87.75727383,218,79176
309200010,41.88750227,-87.75756792,219,79256
309200010,41.88750929,-87.75781566,220,79324
309200010,41.88748325,-87.75846397,221,79501
309200010,41.88744799,-87.76078053,222,80132
309200010,41.88744638,-87.76260178,223,80628
309200010,41.88741863,-87.76400362,224,81010
309200010,41.8873946,-87.76513729,225,81319
309200010,41.88739686,-87.7656553,226,81460
309200010,41.88739628,-87.76650501,227,81691
309200010,41.88738921,-87.76741882,228,81940
309200010,41.88736912,-87.76803848,229,82109
309200010,41.88736817,-87.76902193,230,82377
309200010,41.8873615,-87.77002092,231,82649
309200010,41.88734179,-87.77190279,232,83161
309200010,41.88731323,-87.77316525,233,83505
309200010,41.88730063,-87.77414105,234,83771
309200010,41.88729959,-87.77511675,235,84037
309200010,41.88727563,-87.77613912,236,84316
309200010,41.88726427,-87.77737819,237,84653
309200010,41.88724111,-87.77857091,238,84978
309200010,41.88723548,-87.77980219,239,85313
309200010,41.88721815,-87.78101034,240,85642
309200010,41.88720207,-87.78248176,241,86043
309200010,41.88716725,-87.78366683,242,86366
309200010,41.88715396,-87.78451874,243,86598
309200010,41.88713305,-87.78619928,244,87056
309200010,41.88710662,-87.78794181,245,87531
309200010,41.88708085,-87.78860798,246,87713
309200010,41.88706804,-87.78956829,247,87975
309200010,41.88704705,-87.79124882,248,88433
309200010,41.88701807,-87.79246481,249,88764
309200010,41.88699537,-87.79378915,250,89125
309200010,41.88698185,-87.79450025,251,89319
309200010,41.8869653,-87.79557617,252,89612
309200010,41.88695315,-87.79644441,253,89848
309200010,41.88694347,-87.79713517,254,90036
309200010,41.88693198,-87.79795577,255,90259
309200010,41.88692755,-87.79863742,256,90445
309200010,41.88691917,-87.79992677,257,90796
309200010,41.88690224,-87.80072087,258,91012
309200010,41.88688863,-87.80135887,259,91186
309200010,41.88687258,-87.80211083,260,91391
309200010,41.88685615,-87.80318179,261,91683
309200017,41.96793602,-87.71314782,1,0
309200017,41.96667453,-87.71312096,2,460
309200017,41.96644218,-87.71311606,3,545
309200017,41.96636119,-87.71310441,4,575
309200017,41.96630312,-87.71309315,5,596
309200017,41.9662228,-87.71303947,6,629
309200017,41.9661582,-87.71298514,7,657
309200017,41.96612284,-87.71292593,8,678
309200017,41.96607948,-87.71280828,9,714
309200017,41.96605479,-87.71268686,10,748
309200017,41.96605677,-87.71255803,11,783
309200017,41.96605349,-87.71240445,12,825
309200017,41.96606013,-87.71219303,13,883
309200017,41.96606876,-87.71173177,14,1008
309200017,41.96608235,-87.71108461,15,1184
309200017,41.96608275,-87.71028026,16,1403
309200017,41.96610047,-87.70884958,17,1792
309200017,41.966116,-87.70763388,18,2123
309200017,41.96612387,-87.706456,19,2443
309200017,41.96614139,-87.70399809,20,3111
309200017,41.96614603,-87.70267342,21,3471
309200017,41.96615476,-87.70166151,22,3746
309200017,41.96615455,-87.70075822,23,3992
309200017,41.96615976,-87.69954206,24,4323
309200017,41.9661672,-87.69873445,25,4543
309200017,41.96619116,-87.69789794,26,4771
309200017,41.96620627,-87.6967551,27,5082
309200017,41.96621336,-87.69502823,28,5552
309200017,41.96621782,-87.6941169,29,5800
309200017,41.96623868,-87.69145148,30,6525
309200017,41.96625107,-87.69026079,31,6849
309200017,41.96626092,-87.68946911,32,7064
309200017,41.96625791,-87.68850838,33,7325
309200017,41.9662886,-87.68718664,34,7685
309200017,41.96631698,-87.68545955,35,8155
309200017,41.9663325,-87.68399113,36,8554
309200017,41.96636104,-87.68272047,37,8900
309200017,41.96637136,-87.68160001,38,9205
309200017,41.96639043,-87.68034541,39,9546
309200017,41.96641884,-87.67864066,40,10010
309200017,41.96642998,-87.67767021,41,10274
309200017,41.96642137,-87.67741495,42,10343
309200017,41.96641077,-87.67722674,43,10394
309200017,41.96638781,-87.67696045,44,10467
309200017,41.96632889,-87.67665464,45,10553
309200017,41.96623922,-87.67638744,46,10633
309200017,41.96612342,-87.67613328,47,10714
309200017,41.9659696,-87.67589547,48,10800
309200017,41.96579699,-87.67570254,49,10882
309200017,41.96565336,-87.67557954,50,10944
309200017,41.96547872,-87.67545047,51,11017
309200017,41.96537019,-87.67539679,52,11059
309200017,41.96519682,-87.67530974,53,11126
309200017,41.96504163,-87.6752475,54,11185
309200017,41.96491768,-87.67523441,55,11230
309200017,41.96477707,-87.67522309,56,11281
309200017,41.96457653,-87.67521973,57,11354
309200017,41.96434357,-87.67521062,58,11439
309200017,41.96371925,-87.67519568,59,11667
309200017,41.96175958,-87.67517116,60,12381
309200017,41.96077937,-87.67513657,61,12738
309200017,41.9579928,-87.67505992,62,13754
309200017,41.95666569,-87.67501295,63,14238
309200017,41.95513854,-87.6749776,64,14795
309200017,41.954531,-87.67496151,65,15016
309200017,41.95393043,-87.67491344,66,15235
309200017,41.9530307,-87.67487165,67,15563
309200017,41.95202919,-87.67485962,68,15928
309200017,41.95102144,-87.67484127,69,16295
309200017,41.94959525,-87.67479851,70,16815
309200017,41.94859936,-87.67477047,71,17178
309200017,41.94703652,-87.67474188,72,17748
309200017,41.94597045,-87.67468903,73,18137
309200017,41.94513895,-87.67466568,74,18440
309200017,41.94494821,-87.67463574,75,18510
309200017,41.94474539,-87.6745772,76,18586
309200017,41.94455918,-87.67450573,77,18657
309200017,41.94438958,-87.67442452,78,18723
309200017,41.94424406,-87.67430477,79,18785
309200017,41.94415056,-87.67420043,80,18829
309200017,41.94404967,-87.6740547,81,18883
309200017,41.94394138,-87.67386437,82,18948
309200017,41.94387122,-87.67367684,83,19005
309200017,41.94380817,-87.67348285,84,19063
309200017,41.94377165,-87.67334602,85,19103
309200017,41.94373459,-87.67311348,86,19168
309200017,41.94370954,-87.67289996,87,19227
309200017,41.94369372,-87.67263529,88,19299
309200017,41.94369443,-87.67234493,89,19378
309200017,41.94370984,-87.67150596,90,19606
309200017,41.94371701,-87.67088971,91,19774
309200017,41.94373455,-87.66938988,92,20182
309200017,41.94377597,-87.66749255,93,20698
309200017,41.94379027,-87.66585235,94,21144
309200017,41.94379772,-87.6650865,95,21352
309200017,41.94382012,-87.66361533,96,21752
309200017,41.94391519,-87.65910101,97,22981
309200017,41.94391869,-87.65767151,98,23370
309200017,41.94394034,-87.65608867,99,23801
309200017,41.94394878,-87.65550148,100,23961
309200017,41.94394951,-87.65522069,101,24037
309200017,41.9439365,-87.65503576,102,24088
309200017,41.9439118,-87.65488606,103,24130
309200017,41.94386785,-87.65470465,104,24182
309200017,41.94380975,-87.65454892,105,24229
309200017,41.9437542,-87.65441869,106,24270
309200017,41.94364841,-87.65425389,107,24329
309200017,41.94352128,-87.65410528,108,24390
309200017,41.94342781,-87.65401055,109,24433
309200017,41.94331771,-87.65392237,110,24480
309200017,41.94319328,-87.65382797,111,24532
309200017,41.94307135,-87.65375269,112,24581
309200017,41.94292794,-87.65367126,113,24638
309200017,41.94281087,-87.65361347,114,24683
309200017,41.94269383,-87.65356047,115,24728
309200017,41.94257923,-87.65351702,116,24771
309200017,41.94239083,-87.65348073,117,24840
309200017,41.94218468,-87.65345968,118,24915
309200017,41.93975861,-87.65338625,119,25799
309200017,41.93939549,-87.65338068,120,25931
309200017,41.93893662,-87.65337365,121,26098
309200017,41.93865814,-87.65336938,122,26199
309200017,41.93764005,-87.65333158,123,26570
309200017,41.93717744,-87.65331441,124,26739
309200017,41.93627449,-87.6532809,125,27068
309200017,41.93604047,-87.65327221,126,27153
309200017,41.9353278,-87.65324069,127,27413
309200017,41.93491807,-87.65322253,128,27562
309200017,41.93445997,-87.65320224,129,27729
309200017,41.93312462,-87.65314307,130,28216
309200017,41.93273936,-87.65313662,131,28356
309200017,41.93218483,-87.65310161,132,28558
309200017,41.93152254,-87.65307613,133,28799
309200017,41.9309096,-87.65305256,134,29022
309200017,41.93030959,-87.65302948,135,29241
309200017,41.92951536,-87.65299894,136,29531
309200017,41.92871064,-87.65296799,137,29824
309200017,41.92842599,-87.65296055,138,29928
309200017,41.92768595,-87.6529412,139,30198
309200017,41.92715665,-87.65292736,140,30391
309200017,41.92599911,-87.65289711,141,30813
309200017,41.92537635,-87.65288083,142,31040
309200017,41.92505923,-87.6528716,143,31156
309200017,41.92353018,-87.65282296,144,31713
309200017,41.92172606,-87.65276564,145,32371
309200017,41.92113642,-87.6527469,146,32586
309200017,41.91822443,-87.65265007,147,33647
309200017,41.91808958,-87.65264558,148,33696
309200017,41.91764042,-87.65263065,149,33860
309200017,41.91718721,-87.65261557,150,34025
309200017,41.91563365,-87.65255411,151,34591
309200017,41.91406733,-87.65250619,152,35162
309200017,41.91377308,-87.65242762,153,35271
309200017,41.91362647,-87.6523498,154,35328
309200017,41.91351494,-87.65223417,155,35379
309200017,41.91339614,-87.65208388,156,35439
309200017,41.91322486,-87.65183313,157,35531
309200017,41.91260872,-87.65093199,158,35864
309200017,41.91203824,-87.65017403,159,36157
309200017,41.91180523,-87.64985449,160,36279
309200017,41.91172188,-87.64971962,161,36327
309200017,41.91165262,-87.64957197,162,36374
309200017,41.91160966,-87.64948719,163,36402
309200017,41.9115879,-87.64939586,164,36428
309200017,41.91153491,-87.64921015,165,36482
309200017,41.91150775,-87.64900523,166,36539
309200017,41.91150675,-87.64883791,167,36585
309200017,41.9115126,-87.64863264,168,36641
309200017,41.91152015,-87.6479222,169,36834
309200017,41.91150774,-87.64781814,170,36863
309200017,41.91146686,-87.64768598,171,36902
309200017,41.91139303,-87.64756364,172,36945
309200017,41.91122813,-87.64745424,173,37012
309200017,41.9111326,-87.64741025,174,37049
309200017,41.91102043,-87.64739645,175,37090
309200017,41.91086606,-87.64738302,176,37146
309200017,41.91071501,-87.64736253,177,37201
309200017,41.91062055,-87.64734144,178,37236
309200017,41.9105188,-87.64728255,179,37276
309200017,41.91045218,-87.64718539,180,37312
309200017,41.91040451,-87.64710066,181,37341
309200017,41.91037075,-87.64697474,182,37377
309200017,41.91034626,-87.64682346,183,37419
309200017,41.91033787,-87.64664932,184,37466
309200017,41.91034049,-87.64646175,185,37517
309200017,41.9103496,-87.64580959,186,37695
309200017,41.91034854,-87.64523542,187,37851
309200017,41.91037105,-87.64348458,188,38328
309200017,41.91039499,-87.64255542,189,38581
309200017,41.91040487,-87.64100553,190,39003
309200017,41.91040883,-87.64038362,191,39172
309200017,41.91041285,-87.63975191,192,39344
309200017,41.91041704,-87.63930792,193,39465
309200017,41.91042681,-87.63814496,194,39782
309200017,41.91041707,-87.63798162,195,39827
309200017,41.91040031,-87.63787698,196,39856
309200017,41.91034869,-87.63771724,197,39903
309200017,41.91027875,-87.63757619,198,39949
309200017,41.91021591,-87.63746589,199,39987
309200017,41.9101163,-87.63736833,200,40032
309200017,41.90999845,-87.63730179,201,40079
309200017,41.90986674,-87.63727432,202,40128
309200017,41.90973718,-87.63726802,203,40175
309200017,41.90951546,-87.63725501,204,40256
309200017,41.90874966,-87.6372325,205,40535
309200017,41.90758363,-87.63718737,206,40960
309200017,41.90607503,-87.63713826,207,41510
309200017,41.90544163,-87.63711431,208,41741
309200017,41.90381913,-87.63702127,209,42333
309200017,41.90368528,-87.63702936,210,42382
309200017,41.90334553,-87.63701379,211,42506
309200017,41.90322743,-87.63699966,212,42549
309200017,41.90312351,-87.6369507,213,42589
309200017,41.90300223,-87.63688652,214,42637
309200017,41.9029328,-87.63682948,215,42667
309200017,41.9027997,-87.63671533,216,42725
309200017,41.90266082,-87.6365974,217,42785
309200017,41.9025568,-87.63653303,218,42827
309200017,41.90245871,-87.63649556,219,42864
309200017,41.90235776,-87.63646198,220,42902
309200017,41.90221677,-87.63647122,221,42953
309200017,41.90211894,-87.63647614,222,42989
309200017,41.9020299,-87.63650793,223,43023
309200017,41.90190918,-87.63653622,224,43068
309200017,41.90178001,-87.63659541,225,43118
309200017,41.90156454,-87.63666326,226,43199
309200017,41.9014352,-87.63669549,227,43247
309200017,41.90132012,-87.63670444,228,43289
309200017,41.90120214,-87.63670958,229,43332
309200017,41.90029502,-87.63664238,230,43663
309200017,41.90008704,-87.63664507,231,43739
309200017,41.89975973,-87.63662786,232,43858
309200017,41.89892344,-87.63658388,233,44163
309200017,41.89867382,-87.63657075,234,44254
309200017,41.89761751,-87.6365482,235,44639
309200017,41.89738435,-87.63654688,236,44724
309200017,41.89726316,-87.63649811,237,44770
309200017,41.89715615,-87.63641452,238,44815
309200017,41.89708665,-87.63634592,239,44846
309200017,41.89699385,-87.63623135,240,44892
309200017,41.89678203,-87.63595241,241,45000
309200017,41.89667595,-87.63583984,242,45049
309200017,41.8965528,-87.63574075,243,45101
309200017,41.89645959,-87.63569075,244,45138
309200017,41.89633571,-87.63568891,245,45183
309200017,41.89542788,-87.63565097,246,45514
309200017,41.8943439,-87.63563407,247,45909
309200017,41.89327888,-87.63560103,248,46297
309200017,41.89261417,-87.63558594,249,46539
309200017,41.89147522,-87.63554095,250,46954
309200017,41.89051993,-87.63553222,251,47302
309200017,41.89031002,-87.63548668,252,47379
309200017,41.89021424,-87.63540484,253,47420
309200017,41.89013281,-87.6353324,254,47456
309200017,41.89007795,-87.63524568,255,47487
309200017,41.89001934,-87.63508496,256,47536
309200017,41.88997795,-87.63493876,257,47579
309200017,41.88994413,-87.6347597,258,47629
309200017,41.88991964,-87.63462152,259,47668
309200017,41.88989421,-87.63447345,260,47709
309200017,41.88984824,-87.63436951,261,47742
309200017,41.88979512,-87.63425213,262,47779
309200017,41.88970982,-87.63414252,263,47822
309200017,41.88963159,-87.63407745,264,47856
309200017,41.88952979,-87.63402581,265,47896
309200017,41.88943406,-87.63399917,266,47932
309200017,41.88897579,-87.63397911,267,48099
309200017,41.88707713,-87.6339614,268,48791
309200017,41.88573238,-87.63391893,269,49281
309200017,41.88441348,-87.63389482,270,49762
309200017,41.88270287,-87.63385928,271,50385
309200017,41.88144742,-87.63385066,272,50842
309200017,41.88014877,-87.63378832,273,51316
309200017,41.87873114,-87.63374573,274,51833
309200017,41.87726911,-87.6336922,275,52366
309200017,41.87707066,-87.63369886,276,52438
309200017,41.87696061,-87.63365097,277,52480
309200017,41.87691498,-87.63359091,278,52503
309200017,41.87688843,-87.63353383,279,52521
309200017,41.87686651,-87.63345438,280,52544
309200017,41.87685415,-87.6333812,281,52564
309200017,41.87685673,-87.63263213,282,52768
309200017,41.87686319,-87.63173959,283,53011
309200017,41.87689399,-87.62925871,284,53687
309200017,41.87691619,-87.62821489,285,53971
309200017,41.87693997,-87.62757293,286,54146
309200017,41.87696715,-87.6265018,287,54438
309200017,41.87696833,-87.62635488,288,54478
309200017,41.87697364,-87.62603967,289,54564
309200017,41.87831481,-87.62605954,290,55053
309200017,41.87951807,-87.62610365,291,55492
309200017,41.88203875,-87.62616192,292,56411
309200017,41.88322886,-87.62619456,293,56845
309200017,41.88444275,-87.62622786,294,57287
309200017,41.88535057,-87.62626248,295,57618
309200017,41.88552922,-87.62626051,296,57683
309200017,41.88557788,-87.6262587,297,57701
309200017,41.88562562,-87.62627344,298,57719
309200017,41.88566611,-87.62630802,299,57737
309200017,41.88569726,-87.62635259,300,57754
309200017,41.88573037,-87.62642642,301,57777
309200017,41.88574084,-87.62650898,302,57800
309200017,41.8857441,-87.62656012,303,57814
309200017,41.88574631,-87.62661795,304,57830
309200017,41.88574666,-87.62683561,305,57889
309200017,41.88574827,-87.62784093,306,58163
309200017,41.88574844,-87.62887754,307,58445
309200017,41.88574704,-87.62948396,308,58610
309200017,41.88574626,-87.62982204,309,58702
309200017,41.88574601,-87.6299274,310,58731
309200017,41.88574557,-87.6301197,311,58783
309200017,41.88574537,-87.63020427,312,58806
309200017,41.88574484,-87.63089177,313,58993
309200017,41.88574451,-87.63204551,314,59307
309200017,41.885738,-87.63285147,315,59526
309200017,41.88573238,-87.63391893,316,59817
309200017,41.88707713,-87.6339614,317,60307
309200017,41.88897579,-87.63397911,318,60999
309200017,41.88943406,-87.63399917,319,61166
309200017,41.88952979,-87.63402581,320,61202
309200017,41.88963159,-87.63407745,321,61242
309200017,41.88970982,-87.63414252,322,61276
309200017,41.88979512,-87.63425213,323,61319
309200017,41.88984824,-87.63436951,324,61356
309200017,41.88989421,-87.63447345,325,61389
309200017,41.88991964,-87.63462152,326,61430
309200017,41.88994413,-87.6347597,327,61469
309200017,41.88997795,-87.63493876,328,61519
309200017,41.89001934,-87.63508496,329,61562
309200017,41.89007795,-87.63524568,330,61611
309200017,41.89013281,-87.6353324,331,61642
309200017,41.89021424,-87.63540484,332,61678
309200017,41.89031002,-87.63548668,333,61719
309200017,41.89051993,-87.63553222,334,61796
309200017,41.89147522,-87.63554095,335,62144
309200017,41.89261417,-87.63558594,336,62559
309200017,41.89327888,-87.63560103,337,62801
309200017,41.8943439,-87.63563407,338,63189
309200017,41.89542788,-87.63565097,339,63584
309200017,41.89633571,-87.63568891,340,63915
309200017,41.89645959,-87.63569075,341,63960
309200017,41.8965528,-87.63574075,342,63997
309200017,41.89667595,-87.63583984,343,64049
309200017,41.89678203,-87.63595241,344,64098
309200017,41.89699385,-87.63623135,345,64206
309200017,41.89708665,-87.63634592,346,64252
309200017,41.89715615,-87.63641452,347,64283
309200017,41.89726316,-87.63649811,348,64328
309200017,41.89738435,-87.63654688,349,64374
309200017,41.89761751,-87.6365482,350,64459
309200017,41.89867382,-87.63657075,351,64844
309200017,41.89892344,-87.63658388,352,64935
309200017,41.89975973,-87.63662786,353,65240
309200017,41.90008704,-87.63664507,354,65359
309200017,41.90029502,-87.63664238,355,65435
309200017,41.90120214,-87.63670958,356,65766
309200017,41.90132012,-87.63670444,357,65809
309200017,41.9014352,-87.63669549,358,65851
309200017,41.90156454,-87.63666326,359,65899
309200017,41.90178001,-87.63659541,360,65980
309200017,41.90190918,-87.63653622,361,66030
309200017,41.9020299,-87.63650793,362,66075
309200017,41.90211894,-87.63647614,363,66109
309200017,41.90221677,-87.63647122,364,66145
309200017,41.90235776,-87.63646198,365,66196
309200017,41.90245871,-87.63649556,366,66234
309200017,41.9025568,-87.63653303,367,66271
309200017,41.90266082,-87.6365974,368,66313
309200017,41.9027997,-87.63671533,369,66373
309200017,41.9029328,-87.63682948,370,66431
309200017,41.90300223,-87.63688652,371,66461
309200017,41.90312351,-87.6369507,372,66509
309200017,41.90322743,-87.63699966,373,66549
309200017,41.90334553,-87.63701379,374,66592
309200017,41.90368528,-87.63702936,375,66716
309200017,41.90381913,-87.63702127,376,66765
309200017,41.90544163,-87.63711431,377,67357
309200017,41.90607503,-87.63713826,378,67588
309200017,41.90758363,-87.63718737,379,68138
309200017,41.90874966,-87.6372325,380,68563
309200017,41.90951546,-87.63725501,381,68842
309200017,41.90973718,-87.63726802,382,68923
309200017,41.90986674,-87.63727432,383,68970
309200017,41.90999845,-87.63730179,384,69019
309200017,41.9101163,-87.63736833,385,69066
309200017,41.91021591,-87.63746589,386,69111
309200017,41.91027875,-87.63757619,387,69149
309200017,41.91034869,-87.63771724,388,69195
309200017,41.91040031,-87.63787698,389,69242
309200017,41.91041707,-87.63798162,390,69271
309200017,41.91042681,-87.63814496,391,69316
309200017,41.91041704,-87.63930792,392,69633
309200017,41.91041285,-87.63975191,393,69754
309200017,41.91040883,-87.64038362,394,69926
309200017,41.91040487,-87.64100553,395,70095
309200017,41.91039499,-87.64255542,396,70517
309200017,41.91037105,-87.64348458,397,70770
309200017,41.91034854,-87.64523542,398,71247
309200017,41.9103496,-87.64580959,399,71403
309200017,41.91034049,-87.64646175,400,71581
309200017,41.91033787,-87.64664932,401,71632
309200017,41.91034626,-87.64682346,402,71679
309200017,41.91037075,-87.64697474,403,71721
309200017,41.91040451,-87.64710066,404,71757
309200017,41.91045218,-87.64718539,405,71786
309200017,41.9105188,-87.64728255,406,71822
309200017,41.91062055,-87.64734144,407,71862
309200017,41.91071501,-87.64736253,408,71897
309200017,41.91086606,-87.64738302,409,71952
309200017,41.91102043,-87.64739645,410,72008
309200017,41.9111326,-87.64741025,411,72049
309200017,41.91122813,-87.64745424,412,72086
309200017,41.91139303,-87.64756364,413,72153
309200017,41.91146686,-87.64768598,414,72196
309200017,41.91150774,-87.64781814,415,72235
309200017,41.91152015,-87.6479222,416,72264
309200017,41.9115126,-87.64863264,417,72457
309200017,41.91150675,-87.64883791,418,72513
309200017,41.91150775,-87.64900523,419,72559
309200017,41.91153491,-87.64921015,420,72616
309200017,41.9115879,-87.64939586,421,72670
309200017,41.91160966,-87.64948719,422,72696
309200017,41.91165262,-87.64957197,423,72724
309200017,41.91172188,-87.64971962,424,72771
309200017,41.91180523,-87.64985449,425,72819
309200017,41.91203824,-87.65017403,426,72941
309200017,41.91260872,-87.65093199,427,73234
309200017,41.91322486,-87.65183313,428,73567
309200017,41.91339614,-87.65208388,429,73659
309200017,41.91351494,-87.65223417,430,73719
309200017,41.91362647,-87.6523498,431,73770
309200017,41.91377308,-87.65242762,432,73827
309200017,41.91406733,-87.65250619,433,73936
309200017,41.91563365,-87.65255411,434,74507
309200017,41.91718721,-87.65261557,435,75073
309200017,41.91764042,-87.65263065,436,75238
309200017,41.91808958,-87.65264558,437,75402
309200017,41.91822443,-87.65265007,438,75451
309200017,41.92113642,-87.6527469,439,76512
309200017,41.92172606,-87.65276564,440,76727
309200017,41.92353018,-87.65282296,441,77385
309200017,41.92505923,-87.6528716,442,77942
309200017,41.92537635,-87.65288083,443,78058
309200017,41.92599911,-87.65289711,444,78285
309200017,41.92715665,-87.65292736,445,78707
309200017,41.92768595,-87.6529412,446,78900
309200017,41.92842599,-87.65296055,447,79170
309200017,41.92871064,-87.65296799,448,79274
309200017,41.92951536,-87.65299894,449,79567
309200017,41.93030959,-87.65302948,450,79857
309200017,41.9309096,-87.65305256,451,80076
309200017,41.93152254,-87.65307613,452,80299
309200017,41.93218483,-87.65310161,453,80540
309200017,41.93273936,-87.65313662,454,80742
309200017,41.93312462,-87.65314307,455,80882
309200017,41.93445997,-87.65320224,456,81369
309200017,41.93491807,-87.65322253,457,81536
309200017,41.9353278,-87.65324069,458,81685
309200017,41.93604047,-87.65327221,459,81945
309200017,41.93627449,-87.6532809,460,82030
309200017,41.93717744,-87.65331441,461,82359
309200017,41.93764005,-87.65333158,462,82528
309200017,41.93865814,-87.65336938,463,82899
309200017,41.93893662,-87.65337365,464,83000
309200017,41.93939549,-87.65338068,465,83167
309200017,41.93975861,-87.65338625,466,83299
309200017,41.94218468,-87.65345968,467,84183
309200017,41.94239083,-87.65348073,468,84258
309200017,41.94257923,-87.65351702,469,84327
309200017,41.94269383,-87.65356047,470,84370
309200017,41.94281087,-87.65361347,471,84415
309200017,41.94292794,-87.65367126,472,84460
309200017,41.94307135,-87.65375269,473,84517
309200017,41.94319328,-87.65382797,474,84566
309200017,41.94331771,-87.65392237,475,84618
309200017,41.94342781,-87.65401055,476,84665
309200017,41.94352128,-87.65410528,477,84708
309200017,41.94364841,-87.65425389,478,84769
309200017,41.9437542,-87.65441869,479,84828
309200017,41.94380975,-87.65454892,480,84869
309200017,41.94386785,-87.65470465,481,84916
309200017,41.9439118,-87.65488606,482,84968
309200017,41.9439365,-87.65503576,483,85010
309200017,41.94394951,-87.65522069,484,85061
309200017,41.94394878,-87.65550148,485,85137
309200017,41.94394034,-87.65608867,486,85297
309200017,41.94391869,-87.65767151,487,85728
309200017,41.94391519,-87.65910101,488,86117
309200017,41.94382012,-87.66361533,489,87346
309200017,41.94379772,-87.6650865,490,87746
309200017,41.94379027,-87.66585235,491,87954
309200017,41.94377597,-87.66749255,492,88400
309200017,41.94373455,-87.66938988,493,88916
309200017,41.94371701,-87.67088971,494,89324
309200017,41.94370984,-87.67150596,495,89492
309200017,41.94369443,-87.67234493,496,89720
309200017,41.94369372,-87.67263529,497,89799
309200017,41.94370954,-87.67289996,498,89871
309200017,41.94373459,-87.67311348,499,89930
309200017,41.94377165,-87.67334602,500,89995
309200017,41.94380817,-87.67348285,501,90035
309200017,41.94387122,-87.67367684,502,90093
309200017,41.94394138,-87.67386437,503,90150
309200017,41.94404967,-87.6740547,504,90215
309200017,41.94415056,-87.67420043,505,90269
309200017,41.94424406,-87.67430477,506,90313
309200017,41.94438958,-87.67442452,507,90375
309200017,41.94455918,-87.67450573,508,90441
309200017,41.94474539,-87.6745772,509,90512
309200017,41.94494821,-87.67463574,510,90588
309200017,41.94513895,-87.67466568,511,90658
309200017,41.94597045,-87.67468903,512,90961
309200017,41.94703652,-87.67474188,513,91350
309200017,41.94859936,-87.67477047,514,91920
309200017,41.94959525,-87.67479851,515,92283
309200017,41.95102144,-87.67484127,516,92803
309200017,41.95202919,-87.67485962,517,93170
309200017,41.9530307,-87.67487165,518,93535
309200017,41.95393043,-87.67491344,519,93863
309200017,41.954531,-87.67496151,520,94082
309200017,41.95513854,-87.6749776,521,94303
309200017,41.95666569,-87.67501295,522,94860
309200017,41.9579928,-87.67505992,523,95344
309200017,41.96077937,-87.67513657,524,96360
309200017,41.96175958,-87.67517116,525,96717
309200017,41.96371925,-87.67519568,526,97431
309200017,41.96434357,-87.67521062,527,97659
309200017,41.96457653,-87.67521973,528,97744
309200017,41.96477707,-87.67522309,529,97817
309200017,41.96491768,-87.67523441,530,97868
309200017,41.96504163,-87.6752475,531,97913
309200017,41.96519682,-87.67530974,532,97972
309200017,41.96537019,-87.67539679,533,98039
309200017,41.96547872,-87.67545047,534,98081
309200017,41.96565336,-87.67557954,535,98154
309200017,41.96579699,-87.67570254,536,98216
309200017,41.9659696,-87.67589547,537,98298
309200017,41.96612342,-87.67613328,538,98384
309200017,41.96623922,-87.67638744,539,98465
309200017,41.96632889,-87.67665464,540,98545
309200017,41.96638781,-87.67696045,541,98631
309200017,41.96641077,-87.67722674,542,98704
309200017,41.96642137,-87.67741495,543,98755
309200017,41.96642998,-87.67767021,544,98824
309200017,41.96641884,-87.67864066,545,99088
309200017,41.96639043,-87.68034541,546,99552
309200017,41.96637136,-87.68160001,547,99893
309200017,41.96636104,-87.68272047,548,100198
309200017,41.9663325,-87.68399113,549,100544
309200017,41.96631698,-87.68545955,550,100943
309200017,41.9662886,-87.68718664,551,101413
309200017,41.96625791,-87.68850838,552,101773
309200017,41.96626092,-87.68946911,553,102034
309200017,41.96625107,-87.69026079,554,102249
309200017,41.96623868,-87.69145148,555,102573
309200017,41.96621782,-87.6941169,556,103298
309200017,41.96621336,-87.69502823,557,103546
309200017,41.96620627,-87.6967551,558,104016
309200017,41.96619116,-87.69789794,559,104327
309200017,41.9661672,-87.69873445,560,104555
309200017,41.96615976,-87.69954206,561,104775
309200017,41.96615455,-87.70075822,562,105106
309200017,41.96615476,-87.70166151,563,105352
309200017,41.96614603,-87.70267342,564,105627
309200017,41.96614139,-87.70399809,565,105987
309200017,41.96612387,-87.706456,566,106655
309200017,41.966116,-87.70763388,567,106975
309200017,41.96610047,-87.70884958,568,107306
309200017,41.96608275,-87.71028026,569,107695
309200017,41.96608235,-87.71108461,570,107914
309200017,41.96606876,-87.71173177,571,108090
309200017,41.96606013,-87.71219303,572,108215
309200017,41.96605349,-87.71240445,573,108273
309200017,41.96605677,-87.71255803,574,108315
309200017,41.96605479,-87.71268686,575,108350
309200017,41.96607948,-87.71280828,576,108384
309200017,41.96612284,-87.71292593,577,108420
309200017,41.9661582,-87.71298514,578,108441
309200017,41.9662228,-87.71303947,579,108469
309200017,41.96630312,-87.71309315,580,108502
309200017,41.96636119,-87.71310441,581,108523
309200017,41.96644218,-87.71311606,582,108553
309200017,41.96667453,-87.71312096,583,108638
309200017,41.96793602,-87.71314782,584,109098
309200024,42.07316065,-87.69073531,1,0
309200024,42.07240268,-87.69032867,2,297
309200024,42.07162306,-87.68985798,3,609
309200024,42.07112637,-87.68954158,4,809
309200024,42.0706724,-87.68925332,5,992
309200024,42.07013301,-87.68891593,6,1209
309200024,42.0694124,-87.68853039,7,1492
309200024,42.06879331,-87.68821525,8,1733
309200024,42.06823287,-87.68792094,9,1952
309200024,42.06700301,-87.6873127,10,2430
309200024,42.06611758,-87.68681973,11,2779
309200024,42.06557194,-87.68651596,12,2994
309200024,42.06480126,-87.6860869,13,3298
309200024,42.06419328,-87.68573736,14,3539
309200024,42.06399443,-87.68562304,15,3618
309200024,42.06274914,-87.68485448,16,4117
309200024,42.06148907,-87.68417182,17,4612
309200024,42.06086745,-87.68382286,18,4858
309200024,42.06066419,-87.68374178,19,4935
309200024,42.06053438,-87.68369775,20,4984
309200024,42.06043841,-87.68366093,21,5020
309200024,42.06026349,-87.6836098,22,5085
309200024,42.06002652,-87.68354418,23,5173
309200024,42.05963721,-87.68343476,24,5318
309200024,42.05940041,-87.68339938,25,5405
309200024,42.05902839,-87.68335782,26,5541
309200024,42.058572,-87.68333979,27,5707
309200024,42.05845366,-87.68333344,28,5750
309200024,42.05829035,-87.68334266,29,5810
309200024,42.0579467,-87.68333861,30,5935
309200024,42.05739481,-87.68336692,31,6136
309200024,42.05691614,-87.68339447,32,6311
309200024,42.05577898,-87.68352701,33,6727
309200024,42.05530573,-87.68351672,34,6899
309200024,42.05464118,-87.68354617,35,7141
309200024,42.05416811,-87.68356611,36,7313
309200024,42.05297376,-87.68354805,37,7748
309200024,42.05234821,-87.68350152,38,7976
309200024,42.05217355,-87.68349574,39,8040
309200024,42.05166091,-87.6834934,40,8227
309200024,42.04900791,-87.68353556,41,9194
309200024,42.04849536,-87.68354834,42,9381
309200024,42.04771797,-87.68354871,43,9664
309200024,42.04709289,-87.68358531,44,9892
309200024,42.04700277,-87.68358623,45,9925
309200024,42.0467655,-87.68346772,46,10017
309200024,42.04639258,-87.68326747,47,10163
309200024,42.04583351,-87.68302376,48,10377
309200024,42.04528003,-87.68277245,49,10590
309200024,42.04445561,-87.68242566,50,10905
309200024,42.04393059,-87.68222697,51,11104
309200024,42.04275117,-87.68186115,52,11545
309200024,42.04166252,-87.68160777,53,11948
309200024,42.04132971,-87.68152805,54,12071
309200024,42.04105903,-87.68147791,55,12171
309200024,42.04051763,-87.68137009,56,12370
309200024,42.03824521,-87.6808549,57,13210
309200024,42.03592562,-87.68034023,58,14067
309200024,42.03423338,-87.67994196,59,14693
309200024,42.03397222,-87.67983129,60,14793
309200024,42.03364005,-87.67961746,61,14927
309200024,42.03346359,-87.6795437,62,14994
309200024,42.03212411,-87.67926463,63,15488
309200024,42.03060822,-87.67892127,64,16048
309200024,42.02895139,-87.67856049,65,16660
309200024,42.02761973,-87.6783352,66,17149
309200024,42.0261069,-87.67811559,67,17704
309200024,42.02432884,-87.67775935,68,18359
309200024,42.02321888,-87.67752604,69,18768
309200024,42.02275115,-87.67743815,70,18940
309200024,42.02241864,-87.67730809,71,19066
309200024,42.02224104,-87.67719127,72,19138
309200024,42.02209376,-87.6770593,73,19203
309200024,42.02198224,-87.67689731,74,19263
309200024,42.02130705,-87.67574146,75,19662
309200024,42.02002995,-87.67406222,76,20314
309200024,42.0198713,-87.67388825,77,20389
309200024,42.01956757,-87.67351474,78,20539
309200024,42.0190711,-87.67289823,79,20786
309200024,42.01860324,-87.67233005,80,21016
309200024,42.0181506,-87.67178036,81,21239
309200024,42.01785791,-87.67142664,82,21383
309200024,42.01733363,-87.67079302,83,21640
309200024,42.01698432,-87.67037088,84,21811
309200024,42.01658467,-87.66988791,85,22007
309200024,42.01588406,-87.66909789,86,22341
309200024,42.01467084,-87.66769798,87,22924
309200024,42.01422277,-87.66718909,88,23138
309200024,42.01388965,-87.66689628,89,23283
309200024,42.01355674,-87.66664051,90,23423
309200024,42.0129817,-87.66630395,91,23652
309200024,42.01260094,-87.66613201,92,23798
309200024,42.012276,-87.66606134,93,23918
309200024,42.01184076,-87.6660196,94,24077
309200024,42.01059767,-87.66597704,95,24530
309200024,42.00836969,-87.66591486,96,25342
309200024,42.00687393,-87.66583738,97,25887
309200024,42.00619233,-87.66577548,98,26136
309200024,42.00586755,-87.66571824,99,26255
309200024,42.00525755,-87.66553138,100,26483
309200024,42.00467313,-87.66527697,101,26707
309200024,42.00415573,-87.66500487,102,26910
309200024,42.00382323,-87.66477402,103,27046
309200024,42.00348793,-87.6644812,104,27192
309200024,42.00308916,-87.66404806,105,27379
309200024,42.00264578,-87.66346757,106,27605
309200024,42.00262572,-87.66343646,107,27616
309200024,42.00227308,-87.6628863,108,27813
309200024,42.00187675,-87.66225499,109,28037
309200024,42.00153284,-87.66166325,110,28241
309200024,42.00137464,-87.66142601,111,28327
309200024,42.00108123,-87.66106647,112,28472
309200024,42.00090723,-87.66083355,113,28562
309200024,42.00076371,-87.66067585,114,28630
309200024,42.0005971,-87.66049767,115,28708
309200024,42.0004445,-87.66035746,116,28775
309200024,42.00028271,-87.66021735,117,28845
309200024,42.00009317,-87.66005286,118,28927
309200024,41.99989451,-87.6599008,119,29010
309200024,41.99969606,-87.65978574,120,29089
309200024,41.99944232,-87.65965276,121,29188
309200024,41.99922562,-87.65956256,122,29271
309200024,41.99900439,-87.65948474,123,29354
309200024,41.9988109,-87.65943128,124,29426
309200024,41.99850233,-87.65936055,125,29540
309200024,41.9982307,-87.65931409,126,29640
309200024,41.9979913,-87.65927345,127,29728
309200024,41.99751756,-87.65927228,128,29901
309200024,41.99723234,-87.65926296,129,30005
309200024,41.9963306,-87.65921699,130,30334
309200024,41.99549799,-87.65919495,131,30637
309200024,41.99464248,-87.6591889,132,30949
309200024,41.99367213,-87.65920805,133,31303
309200024,41.9923609,-87.65913626,134,31781
309200024,41.99083976,-87.65908655,135,32335
309200024,41.99026737,-87.65908163,136,32544
309200024,41.98881974,-87.65902018,137,33072
309200024,41.98760942,-87.65898912,138,33513
309200024,41.98450984,-87.65887936,139,34643
309200024,41.9835121,-87.65884605,140,35007
309200024,41.98185196,-87.65879782,141,35612
309200024,41.98060069,-87.65875624,142,36068
309200024,41.97967653,-87.65872216,143,36405
309200024,41.97799186,-87.65867419,144,37019
309200024,41.97523586,-87.6585937,145,38024
309200024,41.97346119,-87.65853573,146,38671
309200024,41.97118784,-87.65849398,147,39500
309200024,41.96914681,-87.65849873,148,40244
309200024,41.96838401,-87.65847134,149,40522
309200024,41.96746683,-87.65842786,150,40856
309200024,41.96688937,-87.65839005,151,41067
309200024,41.96669789,-87.65836435,152,41137
309200024,41.9665115,-87.65832475,153,41206
309200024,41.96622633,-87.65819611,154,41316
309200024,41.96582716,-87.6580271,155,41469
309200024,41.96428056,-87.65759328,156,42045
309200024,41.96397833,-87.65756924,157,42155
309200024,41.96182205,-87.65700442,158,42956
309200024,41.95861858,-87.65689585,159,44124
309200024,41.95693046,-87.65684249,160,44739
309200024,41.95491444,-87.65677479,161,45474
309200024,41.95441811,-87.65674443,162,45655
309200024,41.95430736,-87.6567456,163,45695
309200024,41.95417434,-87.65672327,164,45744
309200024,41.95404989,-87.65665337,165,45793
309200024,41.95397409,-87.65657109,166,45829
309200024,41.95388491,-87.65647114,167,45871
309200024,41.9538089,-87.65635326,168,45913
309200024,41.95378166,-87.65624079,169,45945
309200024,41.95377178,-87.65606879,170,45992
309200024,41.95377331,-87.6555762,171,46126
309200024,41.95378281,-87.65493516,172,46300
309200024,41.95376141,-87.65431225,173,46470
309200024,41.9537419,-87.65408439,174,46532
309200024,41.95371051,-87.65394484,175,46572
309200024,41.95365239,-87.65385644,176,46604
309200024,41.95358999,-87.65379182,177,46633
309200024,41.95352323,-87.65373912,178,46661
309200024,41.95343882,-87.65369848,179,46694
309200024,41.95332815,-87.65369045,180,46734
309200024,41.9531194,-87.65367735,181,46810
309200024,41.95246384,-87.65363169,182,47049
309200024,41.95200333,-87.65366625,183,47217
309200024,41.95109075,-87.65366408,184,47550
309200024,41.95060781,-87.6536514,185,47726
309200024,41.94820673,-87.65364131,186,48601
309200024,41.94743586,-87.6536317,187,48882
309200024,41.9468998,-87.65362552,188,49077
309200024,41.94539755,-87.6535406,189,49625
309200024,41.94448486,-87.65352063,190,49958
309200024,41.94435616,-87.65348046,191,50006
309200024,41.94421852,-87.65342852,192,50058
309200024,41.94407231,-87.65342414,193,50111
309200024,41.94389945,-87.65340817,194,50174
309200024,41.9435804,-87.65339376,195,50290
309200024,41.94318156,-87.65336833,196,50436
309200024,41.94288927,-87.6533833,197,50543
309200024,41.94269004,-87.65340322,198,50616
309200024,41.94238011,-87.65343025,199,50729
309200024,41.94218468,-87.65345968,200,50801
309200024,41.93975861,-87.65338625,201,51685
309200024,41.93939549,-87.65338068,202,51817
309200024,41.93893662,-87.65337365,203,51984
309200024,41.93865814,-87.65336938,204,52085
309200024,41.93764005,-87.65333158,205,52456
309200024,41.93717744,-87.65331441,206,52625
309200024,41.93627449,-87.6532809,207,52954
309200024,41.93604047,-87.65327221,208,53039
309200024,41.9353278,-87.65324069,209,53299
309200024,41.93491807,-87.65322253,210,53448
309200024,41.93445997,-87.65320224,211,53615
309200024,41.93312462,-87.65314307,212,54102
309200024,41.93273936,-87.65313662,213,54242
309200024,41.93218483,-87.65310161,214,54444
309200024,41.93152254,-87.65307613,215,54685
309200024,41.9309096,-87.65305256,216,54908
309200024,41.93030959,-87.65302948,217,55127
309200024,41.92951536,-87.65299894,218,55417
309200024,41.92871064,-87.65296799,219,55710
309200024,41.92842599,-87.65296055,220,55814
309200024,41.92768595,-87.6529412,221,56084
309200024,41.92715665,-87.65292736,222,56277
309200024,41.92599911,-87.65289711,223,56699
309200024,41.92537635,-87.65288083,224,56926
309200024,41.92505923,-87.6528716,225,57042
309200024,41.92353018,-87.65282296,226,57599
309200024,41.92172606,-87.65276564,227,58257
309200024,41.92113642,-87.6527469,228,58472
309200024,41.91822443,-87.65265007,229,59533
309200024,41.91808958,-87.65264558,230,59582
309200024,41.91764042,-87.65263065,231,59746
309200024,41.91718721,-87.65261557,232,59911
309200024,41.91563365,-87.65255411,233,60477
309200024,41.91406733,-87.65250619,234,61048
309200024,41.91377308,-87.65242762,235,61157
309200024,41.91362647,-87.6523498,236,61214
309200024,41.91351494,-87.65223417,237,61265
309200024,41.91339614,-87.65208388,238,61325
309200024,41.91322486,-87.65183313,239,61417
309200024,41.91260872,-87.65093199,240,61750
309200024,41.91203824,-87.65017403,241,62043
309200024,41.91180523,-87.64985449,242,62165
309200024,41.91172188,-87.64971962,243,62213
309200024,41.91165262,-87.64957197,244,62260
309200024,41.91160966,-87.64948719,245,62288
309200024,41.9115879,-87.64939586,246,62314
309200024,41.91153491,-87.64921015,247,62368
309200024,41.91150775,-87.64900523,248,62425
309200024,41.91150675,-87.64883791,249,62471
309200024,41.9115126,-87.64863264,250,62527
309200024,41.91152015,-87.6479222,251,62720
309200024,41.91150774,-87.64781814,252,62749
309200024,41.91146686,-87.64768598,253,62788
309200024,41.91139303,-87.64756364,254,62831
309200024,41.91122813,-87.64745424,255,62898
309200024,41.9111326,-87.64741025,256,62935
309200024,41.91102043,-87.64739645,257,62976
309200024,41.91086606,-87.64738302,258,63032
309200024,41.91071501,-87.64736253,259,63087
309200024,41.91062055,-87.64734144,260,63122
309200024,41.9105188,-87.64728255,261,63162
309200024,41.91045218,-87.64718539,262,63198
309200024,41.91040451,-87.64710066,263,63227
309200024,41.91037075,-87.64697474,264,63263
309200024,41.91034626,-87.64682346,265,63305
309200024,41.91033787,-87.64664932,266,63352
309200024,41.91034049,-87.64646175,267,63403
309200024,41.9103496,-87.64580959,268,63581
309200024,41.91034854,-87.64523542,269,63737
309200024,41.91037105,-87.64348458,270,64214
309200024,41.91039499,-87.64255542,271,64467
309200024,41.91040487,-87.64100553,272,64889
309200024,41.91040883,-87.64038362,273,65058
309200024,41.91041285,-87.63975191,274,65230
309200024,41.91041704,-87.63930792,275,65351
309200024,41.91042681,-87.63814496,276,65668
309200024,41.91041707,-87.63798162,277,65713
309200024,41.91040031,-87.63787698,278,65742
309200024,41.91034869,-87.63771724,279,65789
309200024,41.91027875,-87.63757619,280,65835
309200024,41.91021591,-87.63746589,281,65873
309200024,41.9101163,-87.63736833,282,65918
309200024,41.90999845,-87.63730179,283,65965
309200024,41.90986674,-87.63727432,284,66014
309200024,41.90973718,-87.63726802,285,66061
309200024,41.90951546,-87.63725501,286,66142
309200024,41.90874966,-87.6372325,287,66421
309200024,41.90758363,-87.63718737,288,66846
309200024,41.90607503,-87.63713826,289,67396
309200024,41.90544163,-87.63711431,290,67627
309200024,41.90381913,-87.63702127,291,68219
309200024,41.90368528,-87.63702936,292,68268
309200024,41.90334553,-87.63701379,293,68392
309200024,41.90322743,-87.63699966,294,68435
309200024,41.90312351,-87.6369507,295,68475
309200024,41.90300223,-87.63688652,296,68523
309200024,41.9029328,-87.63682948,297,68553
309200024,41.9027997,-87.63671533,298,68611
309200024,41.90266082,-87.6365974,299,68671
309200024,41.9025568,-87.63653303,300,68713
309200024,41.90245871,-87.63649556,301,68750
309200024,41.90235776,-87.63646198,302,68788
309200024,41.90221677,-87.63647122,303,68839
309200024,41.90211894,-87.63647614,304,68875
309200024,41.9020299,-87.63650793,305,68909
309200024,41.90190918,-87.63653622,306,68954
309200024,41.90178001,-87.63659541,307,69004
309200024,41.90156454,-87.63666326,308,69085
309200024,41.9014352,-87.63669549,309,69133
309200024,41.90132012,-87.63670444,310,69175
309200024,41.90120214,-87.63670958,311,69218
309200024,41.90029502,-87.63664238,312,69549
309200024,41.90008704,-87.63664507,313,69625
309200024,41.89975973,-87.63662786,314,69744
309200024,41.89892344,-87.63658388,315,70049
309200024,41.89867382,-87.63657075,316,70140
309200024,41.89761751,-87.6365482,317,70525
309200024,41.89738435,-87.63654688,318,70610
309200024,41.89726316,-87.63649811,319,70656
309200024,41.89715615,-87.63641452,320,70701
309200024,41.89708665,-87.63634592,321,70732
309200024,41.89699385,-87.63623135,322,70778
309200024,41.89678203,-87.63595241,323,70886
309200024,41.89667595,-87.63583984,324,70935
309200024,41.8965528,-87.63574075,325,70987
309200024,41.89645959,-87.63569075,326,71024
309200024,41.89633571,-87.63568891,327,71069
309200024,41.89542788,-87.63565097,328,71400
309200024,41.8943439,-87.63563407,329,71795
309200024,41.89327888,-87.63560103,330,72183
309200024,41.89261417,-87.63558594,331,72425
309200024,41.89147522,-87.63554095,332,72840
309200024,41.89051993,-87.63553222,333,73188
309200024,41.89031002,-87.63548668,334,73265
309200024,41.89021424,-87.63540484,335,73306
309200024,41.89013281,-87.6353324,336,73342
309200024,41.89007795,-87.63524568,337,73373
309200024,41.89001934,-87.63508496,338,73422
309200024,41.88997795,-87.63493876,339,73465
309200024,41.88994413,-87.6347597,340,73515
309200024,41.88991964,-87.63462152,341,73554
309200024,41.88989421,-87.63447345,342,73595
309200024,41.88984824,-87.63436951,343,73628
309200024,41.88979512,-87.63425213,344,73665
309200024,41.88970982,-87.63414252,345,73708
309200024,41.88963159,-87.63407745,346,73742
309200024,41.88952979,-87.63402581,347,73782
309200024,41.88943406,-87.63399917,348,73818
309200024,41.88897579,-87.63397911,349,73985
309200024,41.88707713,-87.6339614,350,74677
309200024,41.88573238,-87.63391893,351,75167
309200024,41.885738,-87.63285147,352,75458
309200024,41.88574451,-87.63204551,353,75677
309200024,41.88574484,-87.63089177,354,75991
309200024,41.88574537,-87.63020427,355,76178
309200024,41.88574557,-87.6301197,356,76201
309200024,41.88574601,-87.6299274,357,76253
309200024,41.88574626,-87.62982204,358,76282
309200024,41.88574704,-87.62948396,359,76374
309200024,41.88574844,-87.62887754,360,76539
309200024,41.88574827,-87.62784094,361,76821
309200024,41.88574666,-87.62683561,362,77095
309200024,41.88574631,-87.62661795,363,77154
309200024,41.8857441,-87.62656012,364,77170
309200024,41.88574084,-87.62650898,365,77184
309200024,41.88573037,-87.62642642,366,77207
309200024,41.88569726,-87.62635259,367,77230
309200024,41.88566611,-87.62630802,368,77247
309200024,41.88562562,-87.62627344,369,77265
309200024,41.88557788,-87.6262587,370,77283
309200024,41.88552922,-87.62626051,371,77301
309200024,41.88535057,-87.62626248,372,77366
309200024,41.88444275,-87.62622786,373,77697
309200024,41.88322886,-87.62619456,374,78139
309200024,41.88203875,-87.62616192,375,78573
309200024,41.87951807,-87.62610365,376,79492
309200024,41.87831481,-87.62605954,377,79931
309200024,41.87697364,-87.62603967,378,80420
309200024,41.87696833,-87.62635488,379,80506
309200024,41.87696715,-87.6265018,380,80546
309200024,41.87693997,-87.62757293,381,80838
309200024,41.87691619,-87.62821489,382,81013
309200024,41.87689399,-87.62925871,383,81297
309200024,41.87686319,-87.63173959,384,81973
309200024,41.87685673,-87.63263213,385,82216
309200024,41.87685415,-87.6333812,386,82420
309200024,41.87686651,-87.63345438,387,82440
309200024,41.87688843,-87.63353383,388,82463
309200024,41.87691498,-87.63359091,389,82481
309200024,41.87696061,-87.63365097,390,82504
309200024,41.87707066,-87.63369886,391,82546
309200024,41.87726911,-87.6336922,392,82618
309200024,41.87873114,-87.63374573,393,83151
309200024,41.88014877,-87.63378832,394,83668
309200024,41.88144742,-87.63385066,395,84142
309200024,41.88270287,-87.63385928,396,84599
309200024,41.88441348,-87.63389482,397,85222
309200024,41.88573238,-87.63391893,398,85703
309200024,41.88707713,-87.6339614,399,86193
309200024,41.88897579,-87.63397911,400,86885
309200024,41.88943406,-87.63399917,401,87052
309200024,41.88952979,-87.63402581,402,87088
309200024,41.88963159,-87.63407745,403,87128
309200024,41.88970982,-87.63414252,404,87162
309200024,41.88979512,-87.63425213,405,87205
309200024,41.88984824,-87.63436951,406,87242
309200024,41.88989421,-87.63447345,407,87275
309200024,41.88991964,-87.63462152,408,87316
309200024,41.88994413,-87.6347597,409,87355
309200024,41.88997795,-87.63493876,410,87405
309200024,41.89001934,-87.63508496,411,87448
309200024,41.89007795,-87.63524568,412,87497
309200024,41.89013281,-87.6353324,413,87528
309200024,41.89021424,-87.63540484,414,87564
309200024,41.89031002,-87.63548668,415,87605
309200024,41.89051993,-87.63553222,416,87682
309200024,41.89147522,-87.63554095,417,88030
309200024,41.89261417,-87.63558594,418,88445
309200024,41.89327888,-87.63560103,419,88687
309200024,41.8943439,-87.63563407,420,89075
309200024,41.89542788,-87.63565097,421,89470
309200024,41.89633571,-87.63568891,422,89801
309200024,41.89645959,-87.63569075,423,89846
309200024,41.8965528,-87.63574075,424,89883
309200024,41.89667595,-87.63583984,425,89935
309200024,41.89678203,-87.63595241,426,89984
309200024,41.89699385,-87.63623135,427,90092
309200024,41.89708665,-87.63634592,428,90138
309200024,41.89715615,-87.63641452,429,90169
309200024,41.89726316,-87.63649811,430,90214
309200024,41.89738435,-87.63654688,431,90260
309200024,41.89761751,-87.6365482,432,90345
309200024,41.89867382,-87.63657075,433,90730
309200024,41.89892344,-87.63658388,434,90821
309200024,41.89975973,-87.63662786,435,91126
309200024,41.90008704,-87.63664507,436,91245
309200024,41.90029502,-87.63664238,437,91321
309200024,41.90120214,-87.63670958,438,91652
309200024,41.90132012,-87.63670444,439,91695
309200024,41.9014352,-87.63669549,440,91737
309200024,41.90156454,-87.63666326,441,91785
309200024,41.90178001,-87.63659541,442,91866
309200024,41.90190918,-87.63653622,443,91916
309200024,41.9020299,-87.63650793,444,91961
309200024,41.90211894,-87.63647614,445,91995
309200024,41.90221677,-87.63647122,446,92031
309200024,41.90235776,-87.63646198,447,92082
309200024,41.90245871,-87.63649556,448,92120
309200024,41.9025568,-87.63653303,449,92157
309200024,41.90266082,-87.6365974,450,92199
309200024,41.9027997,-87.63671533,451,92259
309200024,41.9029328,-87.63682948,452,92317
309200024,41.90300223,-87.63688652,453,92347
309200024,41.90312351,-87.6369507,454,92395
309200024,41.90322743,-87.63699966,455,92435
309200024,41.90334553,-87.63701379,456,92478
309200024,41.90368528,-87.63702936,457,92602
309200024,41.90381913,-87.63702127,458,92651
309200024,41.90544163,-87.63711431,459,93243
309200024,41.90607503,-87.63713826,460,93474
309200024,41.90758363,-87.63718737,461,94024
309200024,41.90874966,-87.6372325,462,94449
309200024,41.90951546,-87.63725501,463,94728
309200024,41.90973718,-87.63726802,464,94809
309200024,41.90986674,-87.63727432,465,94856
309200024,41.90999845,-87.63730179,466,94905
309200024,41.9101163,-87.63736833,467,94952
309200024,41.91021591,-87.63746589,468,94997
309200024,41.91027875,-87.63757619,469,95035
309200024,41.91034869,-87.63771724,470,95081
309200024,41.91040031,-87.63787698,471,95128
309200024,41.91041707,-87.63798162,472,95157
309200024,41.91042681,-87.63814496,473,95202
309200024,41.91041704,-87.63930792,474,95519
309200024,41.91041285,-87.63975191,475,95640
309200024,41.91040883,-87.64038362,476,95812
309200024,41.91040487,-87.64100553,477,95981
309200024,41.91039499,-87.64255542,478,96403
309200024,41.91037105,-87.64348458,479,96656
309200024,41.91034854,-87.64523542,480,97133
309200024,41.9103496,-87.64580959,481,97289
309200024,41.91034049,-87.64646175,482,97467
309200024,41.91033787,-87.64664932,483,97518
309200024,41.91034626,-87.64682346,484,97565
309200024,41.91037075,-87.64697474,485,97607
309200024,41.91040451,-87.64710066,486,97643
309200024,41.91045218,-87.64718539,487,97672
309200024,41.9105188,-87.64728255,488,97708
309200024,41.91062055,-87.64734144,489,97748
309200024,41.91071501,-87.64736253,490,97783
309200024,41.91086606,-87.64738302,491,97838
309200024,41.91102043,-87.64739645,492,97894
309200024,41.9111326,-87.64741025,493,97935
309200024,41.91122813,-87.64745424,494,97972
309200024,41.91139303,-87.64756364,495,98039
309200024,41.91146686,-87.64768598,496,98082
309200024,41.91150774,-87.64781814,497,98121
309200024,41.91152015,-87.6479222,498,98150
309200024,41.9115126,-87.64863264,499,98343
309200024,41.91150675,-87.64883791,500,98399
309200024,41.91150775,-87.64900523,501,98445
309200024,41.91153491,-87.64921015,502,98502
309200024,41.9115879,-87.64939586,503,98556
309200024,41.91160966,-87.64948719,504,98582
309200024,41.91165262,-87.64957197,505,98610
309200024,41.91172188,-87.64971962,506,98657
309200024,41.91180523,-87.64985449,507,98705
309200024,41.91203824,-87.65017403,508,98827
309200024,41.91260872,-87.65093199,509,99120
309200024,41.91322486,-87.65183313,510,99453
309200024,41.91339614,-87.65208388,511,99545
309200024,41.91351494,-87.65223417,512,99605
309200024,41.91362647,-87.6523498,513,99656
309200024,41.91377308,-87.65242762,514,99713
309200024,41.91406733,-87.65250619,515,99822
309200024,41.91563365,-87.65255411,516,100393
309200024,41.91718721,-87.65261557,517,100959
309200024,41.91764042,-87.65263065,518,101124
309200024,41.91808958,-87.65264558,519,101288
309200024,41.91822443,-87.65265007,520,101337
309200024,41.92113642,-87.6527469,521,102398
309200024,41.92172606,-87.65276564,522,102613
309200024,41.92353018,-87.65282296,523,103271
309200024,41.92505923,-87.6528716,524,103828
309200024,41.92537635,-87.65288083,525,103944
309200024,41.92599911,-87.65289711,526,104171
309200024,41.92715665,-87.65292736,527,104593
309200024,41.92768595,-87.6529412,528,104786
309200024,41.92842599,-87.65296055,529,105056
309200024,41.92871064,-87.65296799,530,105160
309200024,41.92951536,-87.65299894,531,105453
309200024,41.93030959,-87.65302948,532,105743
309200024,41.9309096,-87.65305256,533,105962
309200024,41.93152254,-87.65307613,534,106185
309200024,41.93218483,-87.65310161,535,106426
309200024,41.93273936,-87.65313662,536,106628
309200024,41.93312462,-87.65314307,537,106768
309200024,41.93445997,-87.65320224,538,107255
309200024,41.93491807,-87.65322253,539,107422
309200024,41.9353278,-87.65324069,540,107571
309200024,41.93604047,-87.65327221,541,107831
309200024,41.93627449,-87.6532809,542,107916
309200024,41.93717744,-87.65331441,543,108245
309200024,41.93764005,-87.65333158,544,108414
309200024,41.93865814,-87.65336938,545,108785
309200024,41.93893662,-87.65337365,546,108886
309200024,41.93939549,-87.65338068,547,109053
309200024,41.93975861,-87.65338625,548,109185
309200024,41.94218468,-87.65345968,549,110069
309200024,41.94238011,-87.65343025,550,110141
309200024,41.94269004,-87.65340322,551,110254
309200024,41.94288927,-87.6533833,552,110327
309200024,41.94318156,-87.65336833,553,110434
309200024,41.9435804,-87.65339376,554,110580
309200024,41.94389945,-87.65340817,555,110696
309200024,41.94407231,-87.65342414,556,110759
309200024,41.94421852,-87.65342852,557,110812
309200024,41.94435616,-87.65348046,558,110864
309200024,41.94448486,-87.65352063,559,110912
309200024,41.94539755,-87.6535406,560,111245
309200024,41.9468998,-87.65362552,561,111793
309200024,41.94743586,-87.6536317,562,111988
309200024,41.94820673,-87.65364131,563,112269
309200024,41.95060781,-87.6536514,564,113144
309200024,41.95109075,-87.65366408,565,113320
309200024,41.95200333,-87.65366625,566,113653
309200024,41.95246384,-87.65363169,567,113821
309200024,41.9531194,-87.65367735,568,114060
309200024,41.95332815,-87.65369045,569,114136
309200024,41.95343882,-87.65369848,570,114176
309200024,41.95352323,-87.65373912,571,114209
309200024,41.95358999,-87.65379182,572,114237
309200024,41.95365239,-87.65385644,573,114266
309200024,41.95371051,-87.65394484,574,114298
309200024,41.9537419,-87.65408439,575,114338
309200024,41.95376141,-87.65431225,576,114400
309200024,41.95378281,-87.65493516,577,114570
309200024,41.95377331,-87.6555762,578,114744
309200024,41.95377178,-87.65606879,579,114878
309200024,41.95378166,-87.65624079,580,114925
309200024,41.9538089,-87.65635326,581,114957
309200024,41.95388491,-87.65647114,582,114999
309200024,41.95397409,-87.65657109,583,115041
309200024,41.95404989,-87.65665337,584,115077
309200024,41.95417434,-87.65672327,585,115126
309200024,41.95430736,-87.6567456,586,115175
309200024,41.95441811,-87.65674443,587,115215
309200024,41.95491444,-87.65677479,588,115396
309200024,41.95693046,-87.65684249,589,116131
309200024,41.95861858,-87.65689585,590,116746
309200024,41.96182205,-87.65700442,591,117914
309200024,41.96397833,-87.65756924,592,118715
309200024,41.96428056,-87.65759328,593,118825
309200024,41.96582716,-87.6580271,594,119401
309200024,41.96622633,-87.65819611,595,119554
309200024,41.9665115,-87.65832475,596,119664
309200024,41.96669789,-87.65836435,597,119733
309200024,41.96688937,-87.65839005,598,119803
309200024,41.96746683,-87.65842786,599,120014
309200024,41.96838401,-87.65847134,600,120348
309200024,41.96914681,-87.65849873,601,120626
309200024,41.97118784,-87.65849398,602,121370
309200024,41.97346119,-87.65853573,603,122199
309200024,41.97523586,-87.6585937,604,122846
309200024,41.97799186,-87.65867419,605,123851
309200024,41.97967653,-87.65872216,606,124465
309200024,41.98060069,-87.65875624,607,124802
309200024,41.98185196,-87.65879782,608,125258
309200024,41.9835121,-87.65884605,609,125863
309200024,41.98450984,-87.65887936,610,126227
309200024,41.98760942,-87.65898912,611,127357
309200024,41.98881974,-87.65902018,612,127798
309200024,41.99026737,-87.65908163,613,128326
309200024,41.99083976,-87.65908655,614,128535
309200024,41.9923609,-87.65913626,615,129089
309200024,41.99367213,-87.65920805,616,129567
309200024,41.99464248,-87.6591889,617,129921
309200024,41.99549799,-87.65919495,618,130233
309200024,41.9963306,-87.65921699,619,130536
309200024,41.99723234,-87.65926296,620,130865
309200024,41.99751756,-87.65927228,621,130969
309200024,41.9979913,-87.65927345,622,131142
309200024,41.9982307,-87.65931409,623,131230
309200024,41.99850233,-87.65936055,624,131330
309200024,41.9988109,-87.65943128,625,131444
309200024,41.99900439,-87.65948474,626,131516
309200024,41.99922562,-87.65956256,627,131599
309200024,41.99944232,-87.65965276,628,131682
309200024,41.99969606,-87.65978574,629,131781
309200024,41.99989451,-87.6599008,630,131860
309200024,42.00009317,-87.66005286,631,131943
309200024,42.00028271,-87.66021735,632,132025
309200024,42.0004445,-87.66035746,633,132095
309200024,42.0005971,-87.66049767,634,132162
309200024,42.00076371,-87.66067585,635,132240
309200024,42.00090723,-87.66083355,636,132308
309200024,42.00108123,-87.66106647,637,132398
309200024,42.00137464,-87.66142601,638,132543
309200024,42.00153284,-87.66166325,639,132629
309200024,42.00187675,-87.66225499,640,132833
309200024,42.00227308,-87.6628863,641,133057
309200024,42.00262572,-87.66343646,642,133254
309200024,42.00264578,-87.66346757,643,133265
309200024,42.00308916,-87.66404806,644,133491
309200024,42.00348793,-87.6644812,645,133678
309200024,42.00382323,-87.66477402,646,133824
309200024,42.00415573,-87.66500487,647,133960
309200024,42.00467313,-87.66527697,648,134163
309200024,42.00525755,-87.66553138,649,134387
309200024,42.00586755,-87.66571824,650,134615
309200024,42.00619233,-87.66577548,651,134734
309200024,42.00687393,-87.66583738,652,134983
309200024,42.00836969,-87.66591486,653,135528
309200024,42.01059767,-87.66597704,654,136340
309200024,42.01184076,-87.6660196,655,136793
309200024,42.012276,-87.66606134,656,136952
309200024,42.01260094,-87.66613201,657,137072
309200024,42.0129817,-87.66630395,658,137218
309200024,42.01355674,-87.66664051,659,137447
309200024,42.01388965,-87.66689628,660,137587
309200024,42.01422277,-87.66718909,661,137732
309200024,42.01467084,-87.66769798,662,137946
309200024,42.01588406,-87.66909789,663,138529
309200024,42.01658467,-87.66988791,664,138863
309200024,42.01698432,-87.67037088,665,139059
309200024,42.01733363,-87.67079302,666,139230
309200024,42.01785791,-87.67142664,667,139487
309200024,42.0181506,-87.67178036,668,139631
309200024,42.01860324,-87.67233005,669,139854
309200024,42.0190711,-87.67289823,670,140084
309200024,42.01956757,-87.67351474,671,140331
309200024,42.0198713,-87.67388825,672,140481
309200024,42.02002995,-87.67406222,673,140556
309200024,42.02130705,-87.67574146,674,141208
309200024,42.02198224,-87.67689731,675,141607
309200024,42.02209376,-87.6770593,676,141667
309200024,42.02224104,-87.67719127,677,141732
309200024,42.02241864,-87.67730809,678,141804
309200024,42.02275115,-87.67743815,679,141930
309200024,42.02321888,-87.67752604,680,142102
309200024,42.02432884,-87.67775935,681,142511
309200024,42.0261069,-87.67811559,682,143166
309200024,42.02761973,-87.6783352,683,143721
309200024,42.02895139,-87.67856049,684,144210
309200024,42.03060822,-87.67892127,685,144822
309200024,42.03212411,-87.67926463,686,145382
309200024,42.03346359,-87.6795437,687,145876
309200024,42.03364005,-87.67961746,688,145943
309200024,42.03397222,-87.67983129,689,146077
309200024,42.03423338,-87.67994196,690,146177
309200024,42.03592562,-87.68034023,691,146803
309200024,42.03824521,-87.6808549,692,147660
309200024,42.04051763,-87.68137009,693,148500
309200024,42.04105903,-87.68147791,694,148699
309200024,42.04132971,-87.68152805,695,148799
309200024,42.04166252,-87.68160777,696,148922
309200024,42.04275117,-87.68186115,697,149325
309200024,42.04393059,-87.68222697,698,149766
309200024,42.04445561,-87.68242566,699,149965
309200024,42.04528003,-87.68277245,700,150280
309200024,42.04583351,-87.68302376,701,150493
309200024,42.04639258,-87.68326747,702,150707
309200024,42.0467655,-87.68346772,703,150853
309200024,42.04700277,-87.68358623,704,150945
309200024,42.04709289,-87.68358531,705,150978
309200024,42.04771797,-87.68354871,706,151206
309200024,42.04849536,-87.68354834,707,151489
309200024,42.04900791,-87.68353556,708,151676
309200024,42.05166091,-87.6834934,709,152643
309200024,42.05217355,-87.68349574,710,152830
309200024,42.05234821,-87.68350152,711,152894
309200024,42.05297376,-87.68354805,712,153122
309200024,42.05416811,-87.68356611,713,153557
309200024,42.05464118,-87.68354617,714,153729
309200024,42.05530573,-87.68351672,715,153971
309200024,42.05577898,-87.68352701,716,154143
309200024,42.05691614,-87.68339447,717,154559
309200024,42.05739481,-87.68336692,718,154734
309200024,42.0579467,-87.68333861,719,154935
309200024,42.05829035,-87.68334266,720,155060
309200024,42.05845366,-87.68333344,721,155120
309200024,42.058572,-87.68333979,722,155163
309200024,42.05902839,-87.68335782,723,155329
309200024,42.05940041,-87.68339938,724,155465
309200024,42.05963721,-87.68343476,725,155552
309200024,42.06002652,-87.68354418,726,155697
309200024,42.06026349,-87.6836098,727,155785
309200024,42.06043841,-87.68366093,728,155850
309200024,42.06053438,-87.68369775,729,155886
309200024,42.06066419,-87.68374178,730,155935
309200024,42.06086745,-87.68382286,731,156012
309200024,42.06148907,-87.68417182,732,156258
309200024,42.06274914,-87.68485448,733,156753
309200024,42.06399443,-87.68562304,734,157252
309200024,42.06419328,-87.68573736,735,157331
309200024,42.06480126,-87.6860869,736,157572
309200024,42.06557194,-87.68651596,737,157876
309200024,42.06611758,-87.68681973,738,158091
309200024,42.06700301,-87.6873127,739,158440
309200024,42.06823287,-87.68792094,740,158918
309200024,42.06879331,-87.68821525,741,159137
309200024,42.0694124,-87.68853039,742,159378
309200024,42.07013301,-87.68891593,743,159661
309200024,42.0706724,-87.68925332,744,159878
309200024,42.07112637,-87.68954158,745,160061
309200024,42.07162306,-87.68985798,746,160261
309200024,42.07240268,-87.69032867,747,160573
309200024,42.07316065,-87.69073531,748,160870
309200034,41.78662138,-87.73796215,1,0
309200034,41.79233259,-87.73817032,2,2082
309200034,41.79271133,-87.73816363,3,2220
309200034,41.79297552,-87.73811981,4,2317
309200034,41.79323489,-87.73806329,5,2413
309200034,41.79339168,-87.73797908,6,2475
309200034,41.79381437,-87.7377205,7,2644
309200034,41.79400418,-87.73757231,8,2724
309200034,41.79425297,-87.73731534,9,2839
309200034,41.79454897,-87.73697198,10,2982
309200034,41.79481389,-87.73660981,11,3120
309200034,41.79509284,-87.73619656,12,3272
309200034,41.79531238,-87.73580934,13,3404
309200034,41.79561911,-87.73524303,14,3595
309200034,41.79582637,-87.73478587,15,3741
309200034,41.79612253,-87.7340191,16,3976
309200034,41.79842894,-87.72819721,17,5772
309200034,41.79989566,-87.72445541,18,6924
309200034,41.80151729,-87.72075017,19,8094
309200034,41.80262061,-87.71814491,20,8910
309200034,41.80317306,-87.71677061,21,9335
309200034,41.80357734,-87.71575429,22,9649
309200034,41.80379754,-87.71506129,23,9854
309200034,41.80390967,-87.7146495,24,9973
309200034,41.80402835,-87.7141294,25,10121
309200034,41.80412096,-87.71363183,26,10261
309200034,41.80417598,-87.71323333,27,10371
309200034,41.80423648,-87.71252594,28,10565
309200034,41.80425864,-87.71177752,29,10769
309200034,41.80429316,-87.70979685,30,11309
309200034,41.80433847,-87.70673994,31,12143
309200034,41.80435625,-87.70432643,32,12801
309200034,41.80446312,-87.69820607,33,14470
309200034,41.80454616,-87.69427958,34,15541
309200034,41.80459988,-87.69109839,35,16409
309200034,41.80464292,-87.68687938,36,17559
309200034,41.8046914,-87.68407075,37,18325
309200034,41.80471178,-87.68304216,38,18606
309200034,41.80470107,-87.68241187,39,18778
309200034,41.80472325,-87.68212191,40,18857
309200034,41.80476912,-87.68180943,41,18944
309200034,41.80487607,-87.68134669,42,19076
309200034,41.8049744,-87.68104323,43,19166
309200034,41.80513925,-87.68070725,44,19276
309200034,41.80532107,-87.68042522,45,19378
309200034,41.80552923,-87.68016522,46,19482
309200034,41.80574009,-87.67996249,47,19577
309200034,41.80592042,-87.67983649,48,19651
309200034,41.80617929,-87.67969695,49,19753
309200034,41.80641227,-87.67961498,50,19841
309200034,41.80667403,-87.67956456,51,19937
309200034,41.80694067,-87.67953638,52,20034
309200034,41.80869424,-87.67958541,53,20673
309200034,41.81089329,-87.67963629,54,21474
309200034,41.8118964,-87.67967385,55,21840
309200034,41.81425508,-87.67972948,56,22700
309200034,41.81463417,-87.67978613,57,22839
309200034,41.8148177,-87.67980337,58,22906
309200034,41.81519217,-87.67988554,59,23044
309200034,41.81568602,-87.68001426,60,23227
309200034,41.8161134,-87.68018506,61,23390
309200034,41.81655516,-87.68037164,62,23559
309200034,41.81859717,-87.68171387,63,24388
309200034,41.82058934,-87.68309173,64,25205
309200034,41.82318923,-87.68494124,65,26278
309200034,41.82426546,-87.68569474,66,26721
309200034,41.82462902,-87.68595541,67,26871
309200034,41.82485361,-87.68607418,68,26959
309200034,41.82498978,-87.68614287,69,27012
309200034,41.82525933,-87.68620704,70,27112
309200034,41.82543806,-87.68621798,71,27177
309200034,41.82558096,-87.68621335,72,27229
309200034,41.82589022,-87.68613699,73,27344
309200034,41.82611357,-87.68603601,74,27430
309200034,41.82628916,-87.68591321,75,27502
309200034,41.82649998,-87.68570088,76,27598
309200034,41.82667025,-87.68547941,77,27685
309200034,41.82684956,-87.68517184,78,27791
309200034,41.82703809,-87.68481004,79,27911
309200034,41.8273044,-87.68430095,80,28080
309200034,41.8288884,-87.68174966,81,28984
309200034,41.82956793,-87.68059313,82,29385
309200034,41.8311824,-87.67797428,83,30310
309200034,41.83314838,-87.67476261,84,31441
309200034,41.83412122,-87.67326192,85,31982
309200034,41.83585315,-87.67079456,86,32904
309200034,41.83707242,-87.66907459,87,33550
309200034,41.83790387,-87.66785232,88,34000
309200034,41.83852259,-87.66691893,89,34340
309200034,41.83889985,-87.66624924,90,34568
309200034,41.83936372,-87.66531742,91,34873
309200034,41.84081101,-87.66227284,92,35856
309200034,41.84251735,-87.65873161,93,37004
309200034,41.84295497,-87.65780315,94,37303
309200034,41.8446426,-87.65434471,95,38428
309200034,41.84492632,-87.6535803,96,38661
309200034,41.84508804,-87.65313257,97,38796
309200034,41.8452424,-87.65264987,98,38939
309200034,41.84539856,-87.65206839,99,39107
309200034,41.84555437,-87.65142957,100,39290
309200034,41.84578563,-87.65065932,101,39516
309200034,41.84598719,-87.65010283,102,39684
309200034,41.84626425,-87.64942447,103,39895
309200034,41.84690929,-87.64813686,104,40317
309200034,41.84768586,-87.64653877,105,40836
309200034,41.84798153,-87.64579009,106,41067
309200034,41.84818968,-87.64514429,107,41259
309200034,41.84837339,-87.6443968,108,41473
309200034,41.84860631,-87.64351496,109,41728
309200034,41.84881961,-87.6428247,110,41931
309200034,41.84958572,-87.64123007,111,42447
309200034,41.84995622,-87.64061387,112,42662
309200034,41.850176,-87.64032156,113,42775
309200034,41.85030599,-87.6401513,114,42841
309200034,41.85167778,-87.638913,115,43444
309200034,41.8526895,-87.63800991,116,43887
309200034,41.85432684,-87.6365679,117,44601
309200034,41.85495915,-87.63595245,118,44886
309200034,41.8555433,-87.63525467,119,45171
309200034,41.85657658,-87.6339848,120,45682
309200034,41.85684569,-87.63358038,121,45829
309200034,41.85711645,-87.63305804,122,46002
309200034,41.85732755,-87.63251722,123,46168
309200034,41.8574696,-87.63198354,124,46322
309200034,41.85755296,-87.63159069,125,46433
309200034,41.85759887,-87.63130659,126,46512
309200034,41.85764318,-87.63076122,127,46661
309200034,41.8576943,-87.62783231,128,47459
309200034,41.85773225,-87.62741765,129,47573
309200034,41.85775996,-87.62727395,130,47613
309200034,41.85779959,-87.62713331,131,47654
309200034,41.857844,-87.62699581,132,47695
309200034,41.85791919,-87.62682609,133,47749
309200034,41.85799225,-87.62669783,134,47793
309200034,41.85807267,-87.62660454,135,47832
309200034,41.85812943,-87.62655349,136,47857
309200034,41.85825216,-87.62647552,137,47907
309200034,41.85839666,-87.62646152,138,47960
309200034,41.85876656,-87.62642374,139,48095
309200034,41.86016949,-87.62647842,140,48606
309200034,41.8618961,-87.62650534,141,49235
309200034,41.86574092,-87.62656904,142,50636
309200034,41.86741281,-87.62659564,143,51245
309200034,41.86998258,-87.62671674,144,52182
309200034,41.87361926,-87.6267984,145,53507
309200034,41.87379192,-87.62680199,146,53570
309200034,41.87390296,-87.62681177,147,53611
309200034,41.87400568,-87.62680514,148,53648
309200034,41.87410419,-87.62678206,149,53684
309200034,41.87422092,-87.62674017,150,53728
309200034,41.87432967,-87.62668608,151,53770
309200034,41.87447706,-87.62659096,152,53830
309200034,41.87458759,-87.62651825,153,53875
309200034,41.87470611,-87.62640695,154,53928
309200034,41.87479195,-87.62632901,155,53966
309200034,41.87490642,-87.62622875,156,54016
309200034,41.87500058,-87.62616722,157,54054
309200034,41.87511118,-87.6261055,158,54098
309200034,41.87527097,-87.62602124,159,54161
309200034,41.87539006,-87.62600343,160,54205
309200034,41.87570137,-87.62598439,161,54319
309200034,41.87697364,-87.62603967,162,54783
309200034,41.87696833,-87.62635488,163,54869
309200034,41.87696715,-87.6265018,164,54909
309200034,41.87693997,-87.62757293,165,55201
309200034,41.87691619,-87.62821489,166,55376
309200034,41.87689399,-87.62925871,167,55660
309200034,41.87686319,-87.63173959,168,56336
309200034,41.87685673,-87.63263213,169,56579
309200034,41.87685415,-87.6333812,170,56783
309200034,41.87686651,-87.63345438,171,56803
309200034,41.87688843,-87.63353383,172,56826
309200034,41.87691498,-87.63359091,173,56844
309200034,41.87696061,-87.63365097,174,56867
309200034,41.87707066,-87.63369886,175,56909
309200034,41.87726911,-87.6336922,176,56981
309200034,41.87873114,-87.63374573,177,57514
309200034,41.88014877,-87.63378832,178,58031
309200034,41.88144742,-87.63385066,179,58505
309200034,41.88270287,-87.63385928,180,58962
309200034,41.88441348,-87.63389482,181,59585
309200034,41.88573238,-87.63391893,182,60066
309200034,41.885738,-87.63285147,183,60357
309200034,41.88574451,-87.63204551,184,60576
309200034,41.88574484,-87.63089177,185,60890
309200034,41.88574537,-87.63020427,186,61077
309200034,41.88574557,-87.6301197,187,61100
309200034,41.88574601,-87.6299274,188,61152
309200034,41.88574626,-87.62982204,189,61181
309200034,41.88574704,-87.62948396,190,61273
309200034,41.88574844,-87.62887754,191,61438
309200034,41.88574827,-87.62784094,192,61720
309200034,41.88574666,-87.62683561,193,61994
309200034,41.88574631,-87.62661795,194,62053
309200034,41.8857441,-87.62656012,195,62069
309200034,41.88574084,-87.62650898,196,62083
309200034,41.88573037,-87.62642642,197,62106
309200034,41.88569726,-87.62635259,198,62129
309200034,41.88566611,-87.62630802,199,62146
309200034,41.88562562,-87.62627344,200,62164
309200034,41.88557788,-87.6262587,201,62182
309200034,41.88552922,-87.62626051,202,62200
309200034,41.88535057,-87.62626248,203,62265
309200034,41.88444275,-87.62622786,204,62596
309200034,41.88322886,-87.62619456,205,63038
309200034,41.88203875,-87.62616192,206,63472
309200034,41.87951807,-87.62610365,207,64391
309200034,41.87831481,-87.62605954,208,64830
309200034,41.87697364,-87.62603967,209,65319
309200034,41.87570137,-87.62598439,210,65783
309200034,41.87539006,-87.62600343,211,65897
309200034,41.87527097,-87.62602124,212,65941
309200034,41.87511118,-87.6261055,213,66004
309200034,41.87500058,-87.62616722,214,66048
309200034,41.87490642,-87.62622875,215,66086
309200034,41.87479195,-87.62632901,216,66136
309200034,41.87470611,-87.62640695,217,66174
309200034,41.87458759,-87.62651825,218,66227
309200034,41.87447706,-87.62659096,219,66272
309200034,41.87432967,-87.62668608,220,66332
309200034,41.87422092,-87.62674017,221,66374
309200034,41.87410419,-87.62678206,222,66418
309200034,41.87400568,-87.62680514,223,66454
309200034,41.87390296,-87.62681177,224,66491
309200034,41.87379192,-87.62680199,225,66532
309200034,41.87361926,-87.6267984,226,66595
309200034,41.86998258,-87.62671674,227,67920
309200034,41.86741281,-87.62659564,228,68857
309200034,41.86574092,-87.62656904,229,69466
309200034,41.8618961,-87.62650534,230,70867
309200034,41.86016949,-87.62647842,231,71496
309200034,41.85876656,-87.62642374,232,72007
309200034,41.85839666,-87.62646152,233,72142
309200034,41.85825216,-87.62647552,234,72195
309200034,41.85812943,-87.62655349,235,72245
309200034,41.85807267,-87.62660454,236,72270
309200034,41.85799225,-87.62669783,237,72309
309200034,41.85791919,-87.62682609,238,72353
309200034,41.857844,-87.62699581,239,72407
309200034,41.85779959,-87.62713331,240,72448
309200034,41.85775996,-87.62727395,241,72489
309200034,41.85773225,-87.62741765,242,72529
309200034,41.8576943,-87.62783231,243,72643
309200034,41.85764318,-87.63076122,244,73441
309200034,41.85759887,-87.63130659,245,73590
309200034,41.85755296,-87.63159069,246,73669
309200034,41.8574696,-87.63198354,247,73780
309200034,41.85732755,-87.63251722,248,73934
309200034,41.85711645,-87.63305804,249,74100
309200034,41.85684569,-87.63358038,250,74273
309200034,41.85657658,-87.6339848,251,74420
309200034,41.8555433,-87.63525467,252,74931
309200034,41.85495915,-87.63595245,253,75216
309200034,41.85432684,-87.6365679,254,75501
309200034,41.8526895,-87.63800991,255,76215
309200034,41.85167778,-87.638913,256,76658
309200034,41.85030599,-87.6401513,257,77261
309200034,41.850176,-87.64032156,258,77327
309200034,41.84995622,-87.64061387,259,77440
309200034,41.84958572,-87.64123007,260,77655
309200034,41.84881961,-87.6428247,261,78171
309200034,41.84860631,-87.64351496,262,78374
309200034,41.84837339,-87.6443968,263,78629
309200034,41.84818968,-87.64514429,264,78843
309200034,41.84798153,-87.64579009,265,79035
309200034,41.84768586,-87.64653877,266,79266
309200034,41.84690929,-87.64813686,267,79785
309200034,41.84626425,-87.64942447,268,80207
309200034,41.84598719,-87.65010283,269,80418
309200034,41.84578563,-87.65065932,270,80586
309200034,41.84555437,-87.65142957,271,80812
309200034,41.84539856,-87.65206839,272,80995
309200034,41.8452424,-87.65264987,273,81163
309200034,41.84508804,-87.65313257,274,81306
309200034,41.84492632,-87.6535803,275,81441
309200034,41.8446426,-87.65434471,276,81674
309200034,41.84295497,-87.65780315,277,82799
309200034,41.84251735,-87.65873161,278,83098
309200034,41.84081101,-87.66227284,279,84246
309200034,41.83936372,-87.66531742,280,85229
309200034,41.83889985,-87.66624924,281,85534
309200034,41.83852259,-87.66691893,282,85762
309200034,41.83790387,-87.66785232,283,86102
309200034,41.83707242,-87.66907459,284,86552
309200034,41.83585315,-87.67079456,285,87198
309200034,41.83412122,-87.67326192,286,88120
309200034,41.83314838,-87.67476261,287,88661
309200034,41.8311824,-87.67797428,288,89792
309200034,41.82956793,-87.68059313,289,90717
309200034,41.8288884,-87.68174966,290,91118
309200034,41.8273044,-87.68430095,291,92022
309200034,41.82703809,-87.68481004,292,92191
309200034,41.82684956,-87.68517184,293,92311
309200034,41.82667025,-87.68547941,294,92417
309200034,41.82649998,-87.68570088,295,92504
309200034,41.82628916,-87.68591321,296,92600
309200034,41.82611357,-87.68603601,297,92672
309200034,41.82589022,-87.68613699,298,92758
309200034,41.82558096,-87.68621335,299,92873
309200034,41.82543806,-87.68621798,300,92925
309200034,41.82525933,-87.68620704,301,92990
309200034,41.82498978,-87.68614287,302,93090
309200034,41.82485361,-87.68607418,303,93143
309200034,41.82462902,-87.68595541,304,93231
309200034,41.82426546,-87.68569474,305,93381
309200034,41.82318923,-87.68494124,306,93824
309200034,41.82058934,-87.68309173,307,94897
309200034,41.81859717,-87.68171387,308,95714
309200034,41.81655516,-87.68037164,309,96543
309200034,41.8161134,-87.68018506,310,96712
309200034,41.81568602,-87.68001426,311,96875
309200034,41.81519217,-87.67988554,312,97058
309200034,41.8148177,-87.67980337,313,97196
309200034,41.81463417,-87.67978613,314,97263
309200034,41.81425508,-87.67972948,315,97402
309200034,41.8118964,-87.67967385,316,98262
309200034,41.81089329,-87.67963629,317,98628
309200034,41.80869424,-87.67958541,318,99429
309200034,41.80694067,-87.67953638,319,100068
309200034,41.80667403,-87.67956456,320,100165
309200034,41.80641227,-87.67961498,321,100261
309200034,41.80617929,-87.67969695,322,100349
309200034,41.80592042,-87.67983649,323,100451
309200034,41.80574009,-87.67996249,324,100525
309200034,41.80552923,-87.68016522,325,100620
309200034,41.80532107,-87.68042522,326,100724
309200034,41.80513925,-87.68070725,327,100826
309200034,41.8049744,-87.68104323,328,100936
309200034,41.80487607,-87.68134669,329,101026
309200034,41.80476912,-87.68180943,330,101158
309200034,41.80472325,-87.68212191,331,101245
309200034,41.80470107,-87.68241187,332,101324
309200034,41.80471178,-87.68304216,333,101496
309200034,41.8046914,-87.68407075,334,101777
309200034,41.80464292,-87.68687938,335,102543
309200034,41.80459988,-87.69109839,336,103693
309200034,41.80454616,-87.69427958,337,104561
309200034,41.80446312,-87.69820607,338,105632
309200034,41.80435625,-87.70432643,339,107301
309200034,41.80433847,-87.70673994,340,107959
309200034,41.80429316,-87.70979685,341,108793
309200034,41.80425864,-87.71177752,342,109333
309200034,41.80423648,-87.71252594,343,109537
309200034,41.80417598,-87.71323333,344,109731
309200034,41.80412096,-87.71363183,345,109841
309200034,41.80402835,-87.7141294,346,109981
309200034,41.80390967,-87.7146495,347,110129
309200034,41.80379754,-87.71506129,348,110248
309200034,41.80357734,-87.71575429,349,110453
309200034,41.80317306,-87.71677061,350,110767
309200034,41.80262061,-87.71814491,351,111192
309200034,41.80151729,-87.72075017,352,112008
309200034,41.79989566,-87.72445541,353,113178
309200034,41.79842894,-87.72819721,354,114330
309200034,41.79612253,-87.7340191,355,116126
309200034,41.79582637,-87.73478587,356,116361
309200034,41.79561911,-87.73524303,357,116507
309200034,41.79531238,-87.73580934,358,116698
309200034,41.79509284,-87.73619656,359,116830
309200034,41.79481389,-87.73660981,360,116982
309200034,41.79454897,-87.73697198,361,117120
309200034,41.79425297,-87.73731534,362,117263
309200034,41.79400418,-87.73757231,363,117378
309200034,41.79381437,-87.7377205,364,117458
309200034,41.79339168,-87.73797908,365,117627
309200034,41.79323489,-87.73806329,366,117689
309200034,41.79297552,-87.73811981,367,117785
309200034,41.79271133,-87.73816363,368,117882
309200034,41.79233259,-87.73817032,369,118020
309200034,41.78662138,-87.73796215,370,120102
309200035,41.85178115,-87.7566978,1,0
309200035,41.85189157,-87.75213565,2,1244
309200035,41.85188755,-87.74921622,3,2039
309200035,41.85193256,-87.74534779,4,3093
309200035,41.8519685,-87.74253135,5,3860
309200035,41.85202452,-87.73988073,6,4582
309200035,41.85203803,-87.73903945,7,4811
309200035,41.85204485,-87.73794015,8,5111
309200035,41.85205647,-87.73777038,9,5157
309200035,41.85207711,-87.73761486,10,5200
309200035,41.85210687,-87.73749749,11,5234
309200035,41.85214372,-87.73736811,12,5272
309200035,41.8522114,-87.73717706,13,5330
309200035,41.8523291,-87.73694103,14,5407
309200035,41.852416,-87.73681835,15,5453
309200035,41.85260393,-87.73659522,16,5545
309200035,41.85308793,-87.73615972,17,5758
309200035,41.85333679,-87.73591605,18,5870
309200035,41.85341661,-87.73580538,19,5912
309200035,41.85348385,-87.73568049,20,5954
309200035,41.85354932,-87.735558,21,5995
309200035,41.85362064,-87.7353907,22,6047
309200035,41.85366905,-87.73521994,23,6097
309200035,41.85370059,-87.73510016,24,6132
309200035,41.85372312,-87.73496613,25,6169
309200035,41.85373647,-87.73478678,26,6218
309200035,41.85374174,-87.73461017,27,6266
309200035,41.85375853,-87.73326944,28,6631
309200035,41.85382197,-87.72995638,29,7534
309200035,41.85387443,-87.72736544,30,8240
309200035,41.85388298,-87.7259387,31,8629
309200035,41.85386468,-87.7243325,32,9067
309200035,41.85387508,-87.72303918,33,9419
309200035,41.8539201,-87.72014631,34,10207
309200035,41.8539535,-87.71671086,35,11143
309200035,41.8539998,-87.71488604,36,11640
309200035,41.85405418,-87.7097761,37,13032
309200035,41.85413843,-87.70543373,38,14215
309200035,41.85415595,-87.70426179,39,14534
309200035,41.85418498,-87.70231793,40,15064
309200035,41.8542022,-87.70116422,41,15378
309200035,41.85425553,-87.69830877,42,16156
309200035,41.85428748,-87.69482868,43,17104
309200035,41.85439164,-87.68852163,44,18823
309200035,41.85440468,-87.68518499,45,19732
309200035,41.85443621,-87.68322304,46,20267
309200035,41.85444135,-87.68291216,47,20352
309200035,41.85445022,-87.68235045,48,20505
309200035,41.85452271,-87.67597986,49,22241
309200035,41.85454703,-87.67461081,50,22614
309200035,41.85456517,-87.67357882,51,22895
309200035,41.854607,-87.6699607,52,23881
309200035,41.85461215,-87.66990036,53,23898
309200035,41.85462595,-87.66981639,54,23921
309200035,41.85463552,-87.66975894,55,23937
309200035,41.85465304,-87.66969718,56,23955
309200035,41.85467115,-87.6696468,57,23970
309200035,41.85469933,-87.66957592,58,23992
309200035,41.85472147,-87.66952766,59,24007
309200035,41.85474496,-87.66948133,60,24022
309200035,41.85482018,-87.66937026,61,24063
309200035,41.8548682,-87.66930946,62,24087
309200035,41.85493817,-87.66923962,63,24119
309200035,41.85499729,-87.66919636,64,24144
309200035,41.85504907,-87.66917458,65,24164
309200035,41.85510543,-87.66914816,66,24186
309200035,41.85518267,-87.66912238,67,24215
309200035,41.85522,-87.66911317,68,24229
309200035,41.85533318,-87.66910318,69,24270
309200035,41.85791556,-87.66916589,70,25211
309200035,41.86009527,-87.66922156,71,26005
309200035,41.86103639,-87.66925006,72,26348
309200035,41.86280186,-87.66929872,73,26991
309200035,41.8648163,-87.66935436,74,27725
309200035,41.86674572,-87.66942609,75,28428
309200035,41.86808657,-87.66946024,76,28917
309200035,41.86915381,-87.66948742,77,29306
309200035,41.86973504,-87.66950223,78,29518
309200035,41.87157086,-87.66954899,79,30187
309200035,41.87515757,-87.66964908,80,31494
309200035,41.87543436,-87.6697069,81,31596
309200035,41.87575424,-87.6697176,82,31713
309200035,41.876932,-87.66974176,83,32142
309200035,41.87755461,-87.66976006,84,32369
309200035,41.87776901,-87.66976619,85,32447
309200035,41.87780836,-87.66977156,86,32461
309200035,41.87787364,-87.66978115,87,32485
309200035,41.87791111,-87.66979359,88,32499
309200035,41.87795485,-87.66980982,89,32516
309200035,41.87800485,-87.66983241,90,32535
309200035,41.87805587,-87.66986461,91,32556
309200035,41.87817813,-87.66995007,92,32606
309200035,41.87827232,-87.67000562,93,32644
309200035,41.87837252,-87.6700436,94,32682
309200035,41.87848972,-87.67006146,95,32725
309200035,41.87858243,-87.67006207,96,32759
309200035,41.87893419,-87.67006345,97,32887
309200035,41.88058989,-87.67012491,98,33491
309200035,41.88275487,-87.67019283,99,34280
309200035,41.88307225,-87.67014056,100,34397
309200035,41.88341848,-87.67010221,101,34524
309200035,41.88400138,-87.67012575,102,34737
309200035,41.88439644,-87.67014384,103,34881
309200035,41.88456771,-87.67014946,104,34943
309200035,41.88469469,-87.67013706,105,34989
309200035,41.8848114,-87.67011876,106,35032
309200035,41.88488882,-87.67006743,107,35063
309200035,41.88495044,-87.6700175,108,35089
309200035,41.8850717,-87.66990031,109,35144
309200035,41.88513736,-87.66979244,110,35182
309200035,41.88520553,-87.6696402,111,35230
309200035,41.8852505,-87.66943443,112,35288
309200035,41.88531925,-87.6669567,113,35963
309200035,41.88535898,-87.66516961,114,36450
309200035,41.88538525,-87.66414906,115,36728
309200035,41.8853972,-87.66312865,116,37006
309200035,41.88544128,-87.66148521,117,37454
309200035,41.88549092,-87.65835201,118,38307
309200035,41.88551003,-87.65673277,119,38748
309200035,41.88554267,-87.6555924,120,39059
309200035,41.88556809,-87.65311527,121,39734
309200035,41.88558461,-87.65213569,122,40001
309200035,41.88558893,-87.6518795,123,40071
309200035,41.88561188,-87.65088562,124,40342
309200035,41.88563,-87.64972704,125,40658
309200035,41.88565354,-87.64851177,126,40989
309200035,41.88567167,-87.64736091,127,41302
309200035,41.88568675,-87.64634394,128,41579
309200035,41.88570219,-87.64506698,129,41927
309200035,41.88571471,-87.64394707,130,42232
309200035,41.88571032,-87.64280517,131,42543
309200035,41.88571128,-87.64177706,132,42823
309200035,41.88571289,-87.63884382,133,43622
309200035,41.8857194,-87.63720512,134,44068
309200035,41.8857275,-87.63515744,135,44626
309200035,41.88573238,-87.63391893,136,44963
309200035,41.885738,-87.63285147,137,45254
309200035,41.88574451,-87.63204551,138,45473
309200035,41.88574484,-87.63089177,139,45787
309200035,41.88574537,-87.63020427,140,45974
309200035,41.88574557,-87.6301197,141,45997
309200035,41.88574601,-87.6299274,142,46049
309200035,41.88574626,-87.62982204,143,46078
309200035,41.88574704,-87.62948396,144,46170
309200035,41.88574844,-87.62887754,145,46335
309200035,41.88574827,-87.62784094,146,46617
309200035,41.88574666,-87.62683561,147,46891
309200035,41.88574631,-87.62661795,148,46950
309200035,41.8857441,-87.62656012,149,46966
309200035,41.88574084,-87.62650898,150,46980
309200035,41.88573037,-87.62642642,151,47003
309200035,41.88569726,-87.62635259,152,47026
309200035,41.88566611,-87.62630802,153,47043
309200035,41.88562562,-87.62627344,154,47061
309200035,41.88557788,-87.6262587,155,47079
309200035,41.88552922,-87.62626051,156,47097
309200035,41.88535057,-87.62626248,157,47162
309200035,41.88444275,-87.62622786,158,47493
309200035,41.88322886,-87.62619456,159,47935
309200035,41.88203875,-87.62616192,160,48369
309200035,41.87951807,-87.62610365,161,49288
309200035,41.87831481,-87.62605954,162,49727
309200035,41.87697364,-87.62603967,163,50216
309200035,41.87696833,-87.62635488,164,50302
309200035,41.87696715,-87.6265018,165,50342
309200035,41.87693997,-87.62757293,166,50634
309200035,41.87691619,-87.62821489,167,50809
309200035,41.87689399,-87.62925871,168,51093
309200035,41.87686319,-87.63173959,169,51769
309200035,41.87685673,-87.63263213,170,52012
309200035,41.87685415,-87.6333812,171,52216
309200035,41.87686651,-87.63345438,172,52236
309200035,41.87688843,-87.63353383,173,52259
309200035,41.87691498,-87.63359091,174,52277
309200035,41.87696061,-87.63365097,175,52300
309200035,41.87707066,-87.63369886,176,52342
309200035,41.87726911,-87.6336922,177,52414
309200035,41.87873114,-87.63374573,178,52947
309200035,41.88014877,-87.63378832,179,53464
309200035,41.88144742,-87.63385066,180,53938
309200035,41.88270287,-87.63385928,181,54395
309200035,41.88441348,-87.63389482,182,55018
309200035,41.88573238,-87.63391893,183,55499
309200035,41.8857275,-87.63515744,184,55836
309200035,41.8857194,-87.63720512,185,56394
309200035,41.88571289,-87.63884382,186,56840
309200035,41.88571128,-87.64177706,187,57639
309200035,41.88571032,-87.64280517,188,57919
309200035,41.88571471,-87.64394707,189,58230
309200035,41.88570219,-87.64506698,190,58535
309200035,41.88568675,-87.64634394,191,58883
309200035,41.88567167,-87.64736091,192,59160
309200035,41.88565354,-87.64851177,193,59473
309200035,41.88563,-87.64972704,194,59804
309200035,41.88561188,-87.65088562,195,60120
309200035,41.88558893,-87.6518795,196,60391
309200035,41.88558461,-87.65213569,197,60461
309200035,41.88556809,-87.65311527,198,60728
309200035,41.88554267,-87.6555924,199,61403
309200035,41.88551003,-87.65673277,200,61714
309200035,41.88549092,-87.65835201,201,62155
309200035,41.88544128,-87.66148521,202,63008
309200035,41.8853972,-87.66312865,203,63456
309200035,41.88538525,-87.66414906,204,63734
309200035,41.88535898,-87.66516961,205,64012
309200035,41.88531925,-87.6669567,206,64499
309200035,41.8852505,-87.66943443,207,65174
309200035,41.88520553,-87.6696402,208,65232
309200035,41.88513736,-87.66979244,209,65280
309200035,41.8850717,-87.66990031,210,65318
309200035,41.88495044,-87.6700175,211,65373
309200035,41.88488882,-87.67006743,212,65399
309200035,41.8848114,-87.67011876,213,65430
309200035,41.88469469,-87.67013706,214,65473
309200035,41.88456771,-87.67014946,215,65519
309200035,41.88439644,-87.67014384,216,65581
309200035,41.88400138,-87.67012575,217,65725
309200035,41.88341848,-87.67010221,218,65938
309200035,41.88307225,-87.67014056,219,66065
309200035,41.88275487,-87.67019283,220,66182
309200035,41.88058989,-87.67012491,221,66971
309200035,41.87893419,-87.67006345,222,67575
309200035,41.87858243,-87.67006207,223,67703
309200035,41.87848972,-87.67006146,224,67737
309200035,41.87837252,-87.6700436,225,67780
309200035,41.87827232,-87.67000562,226,67818
309200035,41.87817813,-87.66995007,227,67856
309200035,41.87805587,-87.66986461,228,67906
309200035,41.87800485,-87.66983241,229,67927
309200035,41.87795485,-87.66980982,230,67946
309200035,41.87791111,-87.66979359,231,67963
309200035,41.87787364,-87.66978115,232,67977
309200035,41.87780836,-87.66977156,233,68001
309200035,41.87776901,-87.66976619,234,68015
309200035,41.87755461,-87.66976006,235,68093
309200035,41.876932,-87.66974176,236,68320
309200035,41.87575424,-87.6697176,237,68749
309200035,41.87543436,-87.6697069,238,68866
309200035,41.87515757,-87.66964908,239,68968
309200035,41.87157086,-87.66954899,240,70275
309200035,41.86973504,-87.66950223,241,70944
309200035,41.86915381,-87.66948742,242,71156
309200035,41.86808657,-87.66946024,243,71545
309200035,41.86674572,-87.66942609,244,72034
309200035,41.8648163,-87.66935436,245,72737
309200035,41.86280186,-87.66929872,246,73471
309200035,41.86103639,-87.66925006,247,74114
309200035,41.86009527,-87.66922156,248,74457
309200035,41.85791556,-87.66916589,249,75251
309200035,41.85533318,-87.66910318,250,76192
309200035,41.85522,-87.66911317,251,76233
309200035,41.85518267,-87.66912238,252,76247
309200035,41.85510543,-87.66914816,253,76276
309200035,41.85504907,-87.66917458,254,76298
309200035,41.85499729,-87.66919636,255,76318
309200035,41.85493817,-87.66923962,256,76343
309200035,41.8548682,-87.66930946,257,76375
309200035,41.85482018,-87.66937026,258,76399
309200035,41.85474496,-87.66948133,259,76440
309200035,41.85472147,-87.66952766,260,76455
309200035,41.85469933,-87.66957592,261,76470
309200035,41.85467115,-87.6696468,262,76492
309200035,41.85465304,-87.66969718,263,76507
309200035,41.85463552,-87.66975894,264,76525
309200035,41.85462595,-87.66981639,265,76541
309200035,41.85461215,-87.66990036,266,76564
309200035,41.854607,-87.6699607,267,76581
309200035,41.85456517,-87.67357882,268,77567
309200035,41.85454703,-87.67461081,269,77848
309200035,41.85452271,-87.67597986,270,78221
309200035,41.85445022,-87.68235045,271,79957
309200035,41.85444135,-87.68291216,272,80110
309200035,41.85443621,-87.68322304,273,80195
309200035,41.85440468,-87.68518499,274,80730
309200035,41.85439164,-87.68852163,275,81639
309200035,41.85428748,-87.69482868,276,83358
309200035,41.85425553,-87.69830877,277,84306
309200035,41.8542022,-87.70116422,278,85084
309200035,41.85418498,-87.70231793,279,85398
309200035,41.85415595,-87.70426179,280,85928
309200035,41.85413843,-87.70543373,281,86247
309200035,41.85405418,-87.7097761,282,87430
309200035,41.8539998,-87.71488604,283,88822
309200035,41.8539535,-87.71671086,284,89319
309200035,41.8539201,-87.72014631,285,90255
309200035,41.85387508,-87.72303918,286,91043
309200035,41.85386468,-87.7243325,287,91395
309200035,41.85388298,-87.7259387,288,91833
309200035,41.85387443,-87.72736544,289,92222
309200035,41.85382197,-87.72995638,290,92928
309200035,41.85375853,-87.73326944,291,93831
309200035,41.85374174,-87.73461017,292,94196
309200035,41.85373647,-87.73478678,293,94244
309200035,41.85372312,-87.73496613,294,94293
309200035,41.85370059,-87.73510016,295,94330
309200035,41.85366905,-87.73521994,296,94365
309200035,41.85362064,-87.7353907,297,94415
309200035,41.85354932,-87.735558,298,94467
309200035,41.85348385,-87.73568049,299,94508
309200035,41.85341661,-87.73580538,300,94550
309200035,41.85333679,-87.73591605,301,94592
309200035,41.85308793,-87.73615972,302,94704
309200035,41.85260393,-87.73659522,303,94917
309200035,41.852416,-87.73681835,304,95009
309200035,41.8523291,-87.73694103,305,95055
309200035,41.8522114,-87.73717706,306,95132
309200035,41.85214372,-87.73736811,307,95190
309200035,41.85210687,-87.73749749,308,95228
309200035,41.85207711,-87.73761486,309,95262
309200035,41.85205647,-87.73777038,310,95305
309200035,41.85204485,-87.73794015,311,95351
309200035,41.85203803,-87.73903945,312,95651
309200035,41.85202452,-87.73988073,313,95880
309200035,41.8519685,-87.74253135,314,96602
309200035,41.85193256,-87.74534779,315,97369
309200035,41.85188755,-87.74921622,316,98423
309200035,41.85189157,-87.75213565,317,99218
309200035,41.85178115,-87.7566978,318,100462
309200137,42.0190711,-87.67289823,1,0
309200137,42.01951809,-87.67345388,2,222
309200137,42.0198713,-87.67388825,3,397
309200137,42.02021331,-87.67449193,4,603
309200137,42.02036306,-87.67474351,5,690
309200137,42.02058104,-87.67513903,6,824
309200137,42.02081265,-87.67556153,7,966
309200137,42.02098982,-87.67589419,8,1077
309200137,42.02115388,-87.67629028,9,1200
309200137,42.02126354,-87.67660556,10,1295
309200137,42.02134983,-87.67692972,11,1389
309200137,42.02141007,-87.67717039,12,1458
309200137,42.02144001,-87.67733734,13,1505
309200137,42.02146646,-87.67748486,14,1546
309200137,42.0214915,-87.6776238,15,1585
309200137,42.02153672,-87.67783736,16,1645
309200137,42.02159036,-87.67812072,17,1724
309200137,42.02164367,-87.67862883,18,1863
309200137,42.02169028,-87.67916256,19,2009
309200137,42.02171732,-87.6796402,20,2139
309200137,42.02171288,-87.68217376,21,2827
309200137,42.02171524,-87.68484414,22,3553
309200137,42.02171602,-87.68574887,23,3799
309200137,42.02171629,-87.68606208,24,3884
309200137,42.02170321,-87.68746185,25,4264
309200137,42.0217044,-87.68801413,26,4414
309200137,42.02176531,-87.68878503,27,4625
309200137,42.02180747,-87.68923453,28,4748
309200137,42.02185942,-87.68960203,29,4850
309200137,42.02192851,-87.69005857,30,4977
309200137,42.02195589,-87.69049323,31,5096
309200137,42.0220084,-87.69096109,32,5225
309200137,42.02206895,-87.69135184,33,5333
309200137,42.02211663,-87.69161476,34,5407
309200137,42.02215845,-87.69186225,35,5476
309200137,42.02224903,-87.69256634,36,5670
309200137,42.02226486,-87.69333314,37,5878
309200137,42.02225293,-87.69430166,38,6141
309200137,42.02223935,-87.6949758,39,6324
309200137,42.0222093,-87.69580504,40,6550
309200137,42.02220239,-87.6966418,41,6777
309200137,42.02221126,-87.69719951,42,6929
309200137,42.02223609,-87.69750915,43,7014
309200137,42.02232837,-87.69856483,44,7303
309200137,42.02243602,-87.69947969,45,7555
309200137,42.02247583,-87.69978984,46,7641
309200137,42.02254044,-87.70031719,47,7786
309200137,42.02260205,-87.70101498,48,7977
309200137,42.02263537,-87.70182036,49,8196
309200137,42.02263033,-87.70300573,50,8518
309200137,42.02258468,-87.70416051,51,8832
309200137,42.02252875,-87.70660918,52,9498
309200137,42.02250954,-87.70732211,53,9692
309200137,42.02251715,-87.70787595,54,9843
309200137,42.02251252,-87.70832546,55,9965
309200137,42.02250279,-87.70879141,56,10092
309200137,42.02253817,-87.70982475,57,10373
309200137,42.02255183,-87.71022389,58,10482
309200137,42.02255781,-87.71039859,59,10530
309200137,42.02256343,-87.71074745,60,10625
309200137,42.02257286,-87.71133134,61,10784
309200137,42.02258491,-87.71180924,62,10914
309200137,42.02260904,-87.71274591,63,11169
309200137,42.02266007,-87.71382653,64,11463
309200137,42.02266726,-87.71440805,65,11621
309200137,42.02266847,-87.71496771,66,11773
309200137,42.02266312,-87.7153382,67,11874
309200137,42.02265315,-87.71602879,68,12062
309200137,42.02266141,-87.71691222,69,12302
309200137,42.0226556,-87.71790666,70,12572
309200137,42.02265338,-87.71805889,71,12613
309200137,42.02265119,-87.71820877,72,12654
309200137,42.02263121,-87.71852676,73,12741
309200137,42.0226224,-87.71914693,74,12910
309200137,42.02258132,-87.71980926,75,13091
309200137,42.02255557,-87.72011426,76,13174
309200137,42.02254115,-87.72046094,77,13268
309200137,42.02250669,-87.72089678,78,13387
309200137,42.02246584,-87.72132595,79,13505
309200137,42.02240527,-87.72195702,80,13678
309200137,42.02238399,-87.72219933,81,13744
309200137,42.02237021,-87.72243652,82,13809
309200137,42.02236051,-87.72273421,83,13890
309200137,42.02234863,-87.7233295,84,14052
309200137,42.02234543,-87.72821117,85,15378
309200137,42.02234368,-87.73081348,86,16085
309200137,42.02231845,-87.73788678,87,18007
309200137,42.02231694,-87.74059519,88,18743
309200137,42.02236121,-87.7412462,89,18921
309200137,42.02244075,-87.74201073,90,19131
309200137,42.02251514,-87.74239927,91,19240
309200137,42.0226061,-87.74278141,92,19349
309200137,42.02271332,-87.74315589,93,19458
309200137,42.02283645,-87.74352146,94,19567
309200137,42.02297508,-87.74387691,95,19676
309200137,42.02312874,-87.74422107,96,19785
309200137,42.02329694,-87.74455278,97,19894
309200137,42.0234791,-87.74487095,98,20003
309200137,42.02367463,-87.74517451,99,20112
309200137,42.02388287,-87.74546246,100,20221
309200137,42.02410314,-87.74573385,101,20330
309200137,42.0243347,-87.74598777,102,20439
309200137,42.02457678,-87.74622338,103,20548
309200137,42.02482858,-87.7464399,104,20657
309200137,42.02508926,-87.7466366,105,20766
309200137,42.02535795,-87.74681283,106,20875
309200137,42.02563378,-87.74696801,107,20984
309200137,42.0259158,-87.74710162,108,21093
309200137,42.02621445,-87.74721137,109,21206
309200137,42.02625136,-87.74722664,110,21220
309200137,42.0264915,-87.74732602,111,21312
309200137,42.02679583,-87.74743228,112,21427
309200137,42.02733738,-87.74758842,113,21629
309200137,42.0277742,-87.74772646,114,21793
309200137,42.02808484,-87.74783044,115,21910
309200137,42.02857945,-87.74799217,116,22096
309200137,42.03066005,-87.74861829,117,22873
309200137,42.03091969,-87.74868943,118,22970
309200137,42.03202647,-87.74908188,119,23387
309200137,42.0324692,-87.74921707,120,23552
309200137,42.03256269,-87.74924562,121,23587
309200137,42.03293883,-87.74937126,122,23728
309200137,42.0333587,-87.74948786,123,23884
309200137,42.0334694,-87.74952652,124,23926
309200137,42.03396736,-87.74970041,125,24114
309200137,42.03473601,-87.75006466,126,24411
309200137,42.03533724,-87.75033175,127,24642
309200137,42.0355081,-87.75040357,128,24707
309200137,42.03636197,-87.75080501,129,25037
309200137,42.03717778,-87.75117808,130,25351
309200137,42.03736447,-87.75126346,131,25423
309200137,42.03812024,-87.75161203,132,25714
309200137,42.03895857,-87.75192443,133,26031
