shape_id,shape_pt_lat,shape_pt_lon,shape_pt_sequence,shape_dist_traveled
8000008,42.377119,-71.094326,10001,
8000008,42.377084,-71.094261,10002,
8000008,42.37661,-71.093107,10003,
8000008,42.376414,-71.092464,10004,
8000008,42.376095,-71.090937,10005,
8000008,42.376042,-71.090565,10006,
8000008,42.375965,-71.089982,10007,
8000008,42.375514,-71.08639,10008,
8000008,42.375207,-71.083443,10009,
8000008,42.375168,-71.083187,10010,
8000008,42.375129,-71.082941,10011,
8000008,42.375095,-71.082714,10012,
8000008,42.375053,-71.082422,10013,
8000008,42.375011,-71.082121,10014,
8000008,42.374965,-71.081889,10015,
8000008,42.374927,-71.081748,10016,
8000008,42.374893,-71.081668,10017,
8000008,42.374826,-71.081528,10018,
8000008,42.374769,-71.081437,10019,
8000008,42.374694,-71.081342,10020,
8000008,42.374619,-71.081262,10021,
8000008,42.374552,-71.081192,10022,
8000008,42.374488,-71.081143,10023,
8000008,42.374321,-71.081098,10024,
8000008,42.374127,-71.080999,10025,
8000008,42.373996,-71.080904,10026,
8000008,42.373707,-71.080624,10027,
8000008,42.373447,-71.080345,10028,
8000008,42.373205,-71.079862,10029,
8000008,42.372184,-71.077722,10030,
8000008,42.37207,-71.077361,10031,
8000008,42.371947,-71.076976,10032,
8000008,42.371858,-71.076762,10033,
8000008,42.371718,-71.076548,10034,
8000008,42.371613,-71.076413,10035,
8000008,42.371525,-71.076329,10036,
8000008,42.371409,-71.076236,10037,
8000008,42.371256,-71.076114,10038,
8000008,42.371256,-71.076114,20001,
8000008,42.37125,-71.076109,20002,
8000008,42.371012,-71.075941,20003,
8000008,42.370578,-71.075403,20004,
8000008,42.370315,-71.07484,20005,
8000008,42.37024,-71.074681,20006,
8000008,42.369657,-71.073517,20007,
8000008,42.369377,-71.072975,20008,
8000008,42.368968,-71.072176,20009,
8000008,42.368429,-71.071138,20010,
8000008,42.367917,-71.070106,20011,
8000008,42.367683,-71.069654,20012,
8000008,42.367674,-71.069631,20013,
8000008,42.367674,-71.069631,30001,
8000008,42.367366,-71.068936,30002,
8000008,42.366933,-71.068095,30003,
8000008,42.3669,-71.068029,30004,
8000008,42.366707,-71.067651,30005,
8000008,42.366616,-71.06746,30006,
8000008,42.366512,-71.067251,30007,
8000008,42.366402,-71.067014,30008,
8000008,42.366303,-71.066764,30009,
8000008,42.366204,-71.066485,30010,
8000008,42.366089,-71.066057,30011,
8000008,42.36603,-71.065719,30012,
8000008,42.365971,-71.06546,30013,
8000008,42.36581,-71.064812,30014,
8000008,42.365664,-71.064487,30015,
8000008,42.365639,-71.064413,30016,
8000008,42.365627,-71.064332,30017,
8000008,42.365646,-71.064149,30018,
8000008,42.365682,-71.063979,30019,
8000008,42.365749,-71.063754,30020,
8000008,42.365954,-71.063284,30021,
8000008,42.366446,-71.062158,30022,
8000008,42.366505,-71.062022,30023,
8000008,42.366532,-71.061902,30024,
8000008,42.366554,-71.061694,30025,
8000008,42.366551,-71.061592,30026,
8000008,42.36653,-71.061508,30027,
8000008,42.366493,-71.061417,30028,
8000008,42.365743,-71.060677,30029,
8000008,42.365657,-71.0606,30030,
8000008,42.365657,-71.0606,40001,
8000008,42.363989,-71.059097,40002,
8000008,42.363543,-71.058602,40003,
8000008,42.363465,-71.058509,40004,
8000008,42.363258,-71.058332,40005,
8000008,42.363191,-71.058281,40006,
8000008,42.363046,-71.058192,40007,
8000008,42.363046,-71.058192,50001,
8000008,42.362973,-71.058147,50002,
8000008,42.362865,-71.058119,50003,
8000008,42.362731,-71.058096,50004,
8000008,42.362562,-71.058051,50005,
8000008,42.361266,-71.057954,50006,
8000008,42.361071,-71.057935,50007,
8000008,42.36096,-71.057951,50008,
8000008,42.360846,-71.058034,50009,
8000008,42.359782,-71.058984,50010,
8000008,42.359534,-71.05922,50011,
8000008,42.359435,-71.059307,50012,
8000008,42.359338,-71.059393,50013,
8000008,42.359338,-71.059393,60001,
8000008,42.359208,-71.059508,60002,
8000008,42.359069,-71.059616,60003,
8000008,42.35808,-71.060329,60004,
8000008,42.357811,-71.060584,60005,
8000008,42.357219,-71.061218,60006,
8000008,42.356984,-71.061489,60007,
8000008,42.356805,-71.061665,60008,
8000008,42.356693,-71.06176,60009,
8000008,42.356581,-71.061887,60010,
8000008,42.356334,-71.062194,60011,
8000008,42.356334,-71.062194,70001,
8000008,42.356219,-71.062336,70002,
8000008,42.355921,-71.06269,70003,
8000008,42.355781,-71.062846,70004,
8000008,42.355624,-71.063034,70005,
8000008,42.355495,-71.063168,70006,
8000008,42.355287,-71.063349,70007,
8000008,42.355047,-71.063499,70008,
8000008,42.354897,-71.06352,70009,
8000008,42.354773,-71.063596,70010,
8000008,42.354517,-71.063713,70011,
8000008,42.354002,-71.063991,70012,
8000008,42.353896,-71.064035,70013,
8000008,42.353725,-71.064129,70014,
8000008,42.353644,-71.064166,70015,
8000008,42.353564,-71.064264,70016,
8000008,42.353351,-71.064363,70017,
8000008,42.35318,-71.064467,70018,
8000008,42.353028,-71.064543,70019,
8000008,42.353014,-71.064548,70020,
8000008,42.353014,-71.064548,80001,
8000008,42.352584,-71.064688,80002,
8000008,42.352532,-71.064751,80003,
8000008,42.352502,-71.064808,80004,
8000008,42.352481,-71.06488,80005,
8000008,42.352464,-71.06504,80006,
8000008,42.352589,-71.067135,80007,
8000008,42.352528,-71.067633,80008,
8000008,42.352427,-71.068292,80009,
8000008,42.352242,-71.069109,80010,
8000008,42.351799,-71.070811,80011,
8000008,42.351799,-71.070811,90001,
8000008,42.351757,-71.07097,90002,
8000008,42.349978,-71.077448,90003,
8000008,42.349978,-71.077448,100001,
8000008,42.349906,-71.077713,100002,
8000008,42.349747,-71.078361,100003,
8000008,42.349615,-71.078855,100004,
8000008,42.347877,-71.0853,100005,
8000008,42.347838,-71.085472,100006,
8000008,42.347831,-71.085554,100007,
8000008,42.347829,-71.085651,100008,
8000008,42.348012,-71.087419,100009,
8000008,42.348034,-71.087653,100010,
8000008,42.348058,-71.087953,100011,
8000008,42.348058,-71.087953,110001,
8000008,42.348076,-71.088178,110002,
8000008,42.348082,-71.088564,110003,
8000008,42.347988,-71.091707,110004,
8000008,42.347998,-71.091797,110005,
8000008,42.348019,-71.091888,110006,
8000008,42.348056,-71.092005,110007,
8000008,42.348133,-71.092174,110008,
8000008,42.348184,-71.092252,110009,
8000008,42.34864,-71.092792,110010,
8000008,42.348905,-71.093123,110011,
8000008,42.348948,-71.093214,110012,
8000008,42.348962,-71.093277,110013,
8000008,42.348968,-71.093383,110014,
8000008,42.348969,-71.094102,110015,
8000008,42.348967,-71.094129,110016,
8000008,42.348967,-71.094129,120001,
8000008,42.348965,-71.094152,120002,
8000008,42.348875,-71.094781,120003,
8000008,42.348877,-71.094806,120004,
8000008,42.348855,-71.095352,120005,
8000008,42.348837,-71.09578,120006,
8000008,42.348825,-71.096785,120007,
8000008,42.348813,-71.096873,120008,
8000008,42.348813,-71.096873,130001,
8000008,42.348799,-71.096973,130002,
8000008,42.347639,-71.101425,130003,
8000008,42.347571,-71.101503,130004,
8000008,42.347522,-71.101549,130005,
8000008,42.347434,-71.10159,130006,
8000008,42.347142,-71.101644,130007,
8000008,42.346908,-71.101705,130008,
8000008,42.346797,-71.101747,130009,
8000008,42.346698,-71.101812,130010,
8000008,42.346617,-71.101917,130011,
8000008,42.346144,-71.102791,130012,
8000008,42.345827,-71.103363,130013,
8000008,42.345386,-71.104182,130014,
8000008,42.345386,-71.104182,140001,
8000008,42.345358,-71.104235,140002,
8000008,42.345282,-71.104368,140003,
8000008,42.345245,-71.104438,140004,
8000008,42.345173,-71.104555,140005,
8000008,42.345016,-71.104837,140006,
8000008,42.344864,-71.105111,140007,
8000008,42.344184,-71.106194,140008,
8000008,42.343815,-71.106764,140009,
8000008,42.343227,-71.107691,140010,
8000008,42.342469,-71.108901,140011,
8000008,42.342287,-71.109172,140012,
8000008,42.34212,-71.109397,140013,
8000008,42.341917,-71.109651,140014,
8000008,42.341655,-71.109936,140015,
8000008,42.341432,-71.110169,140016,
8000008,42.341201,-71.110375,140017,
8000008,42.341134,-71.110424,140018,
8000008,42.341134,-71.110424,150001,
8000008,42.340896,-71.1106,150002,
8000008,42.34066,-71.110736,150003,
8000008,42.340489,-71.110822,150004,
8000008,42.340417,-71.110849,150005,
8000008,42.340321,-71.110899,150006,
8000008,42.340038,-71.111012,150007,
8000008,42.339852,-71.111094,150008,
8000008,42.339477,-71.111225,150009,
8000008,42.338926,-71.111373,150010,
8000008,42.338566,-71.111483,150011,
8000008,42.338175,-71.111635,150012,
8000008,42.337473,-71.111977,150013,
8000008,42.337322,-71.112058,150014,
8000008,42.336999,-71.112255,150015,
8000008,42.336464,-71.112537,150016,
8000008,42.33591,-71.112867,150017,
8000008,42.335535,-71.113079,150018,
8000008,42.335476,-71.113121,150019,
8000008,42.335408,-71.113171,150020,
8000008,42.33518,-71.113312,150021,
8000008,42.335065,-71.113393,150022,
8000008,42.334866,-71.11356,150023,
8000008,42.334643,-71.113761,150024,
8000008,42.334252,-71.114139,150025,
8000008,42.333882,-71.114548,150026,
8000008,42.333703,-71.114802,150027,
8000008,42.333509,-71.115094,150028,
8000008,42.333347,-71.115359,150029,
8000008,42.333149,-71.115682,150030,
8000008,42.332972,-71.116011,150031,
8000008,42.332853,-71.116247,150032,
8000008,42.332853,-71.116247,160001,
8000008,42.332695,-71.116561,160002,
8000008,42.33258,-71.116828,160003,
8000008,42.332308,-71.117466,160004,
8000008,42.332085,-71.11797,160005,
8000008,42.332038,-71.118084,160006,
8000008,42.332006,-71.118155,160007,
8000008,42.331952,-71.118274,160008,
8000008,42.331821,-71.118602,160009,
8000008,42.331757,-71.118811,160010,
8000008,42.331668,-71.119143,160011,
8000008,42.331589,-71.119474,160012,
8000008,42.331549,-71.119702,160013,
8000008,42.331532,-71.119882,160014,
8000008,42.331515,-71.120159,160015,
8000008,42.331478,-71.121287,160016,
8000008,42.331477,-71.121384,160017,
8000008,42.33143,-71.122445,160018,
8000008,42.331413,-71.123008,160019,
8000008,42.3314,-71.123307,160020,
8000008,42.33137,-71.123656,160021,
8000008,42.331305,-71.124155,160022,
8000008,42.331248,-71.124462,160023,
8000008,42.3312,-71.124834,160024,
8000008,42.331174,-71.125255,160025,
8000008,42.331166,-71.125502,160026,
8000008,42.331171,-71.125724,160027,
8000008,42.33118,-71.125847,160028,
8000008,42.331189,-71.125965,160029,
8000008,42.331259,-71.126548,160030,
8000008,42.331278,-71.126703,160031,
8000008,42.331307,-71.127003,160032,
8000008,42.331307,-71.127003,170001,
8000008,42.331429,-71.128254,170002,
8000008,42.331523,-71.129339,170003,
8000008,42.331629,-71.130311,170004,
8000008,42.331712,-71.131218,170005,
8000008,42.331723,-71.131293,170006,
8000008,42.33174,-71.131405,170007,
8000008,42.331841,-71.132221,170008,
8000008,42.331891,-71.132571,170009,
8000008,42.332029,-71.133125,170010,
8000008,42.332097,-71.133378,170011,
8000008,42.332178,-71.133626,170012,
8000008,42.332326,-71.134014,170013,
8000008,42.332525,-71.13443,170014,
8000008,42.333031,-71.135324,170015,
8000008,42.333347,-71.135881,170016,
8000008,42.333547,-71.136246,170017,
8000008,42.333978,-71.136942,170018,
8000008,42.334959,-71.138639,170019,
8000008,42.335324,-71.139317,170020,
8000008,42.335467,-71.139666,170021,
8000008,42.335667,-71.140264,170022,
8000008,42.335696,-71.140353,170023,
8000008,42.335824,-71.14082,170024,
8000008,42.335826,-71.140833,170025,
8000008,42.335826,-71.140833,180001,
8000008,42.335879,-71.14113,180002,
8000008,42.335906,-71.141519,180003,
8000008,42.335907,-71.14162,180004,
8000008,42.335917,-71.141742,180005,
8000008,42.335943,-71.142119,180006,
8000008,42.335944,-71.142667,180007,
8000008,42.335933,-71.143095,180008,
8000008,42.335905,-71.143439,180009,
8000008,42.335868,-71.143704,180010,
8000008,42.335823,-71.143947,180011,
8000008,42.335752,-71.144213,180012,
8000008,42.335693,-71.144361,180013,
8000008,42.335648,-71.144524,180014,
8000008,42.335566,-71.144941,180015,
8000008,42.335516,-71.145223,180016,
8000008,42.335281,-71.146663,180017,
8000008,42.335236,-71.146984,180018,
8000008,42.335199,-71.1473,180019,
8000008,42.335196,-71.147538,180020,
8000008,42.335171,-71.147842,180021,
8000008,42.335141,-71.148109,180022,
8000008,42.335101,-71.148375,180023,
8000008,42.335031,-71.148726,180024,
8000008,42.334948,-71.149076,180025,
8000008,42.334948,-71.149076,190001,
8000008,42.334884,-71.149343,190002,
8000008,42.334844,-71.149477,190003,
8000008,42.334777,-71.149677,190004,
8000008,42.33462,-71.150069,190005,
8000008,42.334411,-71.150476,190006,
8000008,42.334238,-71.150801,190007,
8000008,42.33404,-71.151153,190008,
8000008,42.333832,-71.151478,190009,
8000008,42.333394,-71.152181,190010,
8000008,42.332231,-71.154114,190011,
8000008,42.331959,-71.154582,190012,
8000008,42.331234,-71.155774,190013,
8000008,42.330948,-71.156256,190014,
8000008,42.330906,-71.156321,190015,
8000008,42.330855,-71.156416,190016,
8000008,42.330613,-71.156796,190017,
8000008,42.329089,-71.159293,190018,
8000008,42.32842,-71.160408,190019,
8000008,42.327926,-71.161199,190020,
8000008,42.327767,-71.161483,190021,
8000008,42.327449,-71.162091,190022,
8000008,42.327308,-71.162414,190023,
8000008,42.327146,-71.162845,190024,
8000008,42.327018,-71.163228,190025,
8000008,42.326911,-71.163625,190026,
8000008,42.326833,-71.163943,190027,
8000008,42.326716,-71.164609,190028,
8000008,42.326709,-71.164646,190029,
8000008,42.326653,-71.165315,190030,
8000008,42.326653,-71.165315,200001,
8000008,42.326642,-71.16544,200002,
8000008,42.326643,-71.165503,200003,
8000008,42.326643,-71.16558,200004,
8000008,42.326645,-71.166224,200005,
8000008,42.326667,-71.166612,200006,
8000008,42.32672,-71.167097,200007,
8000008,42.326815,-71.16767,200008,
8000008,42.32702,-71.16867,200009,
8000008,42.327331,-71.170302,200010,
8000008,42.3275,-71.171137,200011,
8000008,42.327652,-71.171946,200012,
8000008,42.327919,-71.173289,200013,
8000008,42.328145,-71.174482,200014,
8000008,42.328271,-71.175102,200015,
8000008,42.328802,-71.177858,200016,
8000008,42.328832,-71.178032,200017,
8000008,42.328865,-71.17823,200018,
8000008,42.328993,-71.178895,200019,
8000008,42.329165,-71.179754,200020,
8000008,42.329296,-71.180501,200021,
8000008,42.329475,-71.181363,200022,
8000008,42.329672,-71.182342,200023,
8000008,42.329764,-71.182767,200024,
8000008,42.330109,-71.184504,200025,
8000008,42.330268,-71.185371,200026,
8000008,42.330339,-71.186046,200027,
8000008,42.330379,-71.186831,200028,
8000008,42.330391,-71.187228,200029,
8000008,42.330388,-71.187575,200030,
8000008,42.330372,-71.18808,200031,
8000008,42.330301,-71.188851,200032,
8000008,42.330182,-71.189636,200033,
8000008,42.330042,-71.190322,200034,
8000008,42.329906,-71.190887,200035,
8000008,42.329879,-71.19098,200036,
8000008,42.329833,-71.191115,200037,
8000008,42.329741,-71.191414,200038,
8000008,42.329503,-71.192083,200039,
8000008,42.329388,-71.192359,200040,
8000008,42.329367,-71.19241,200041,
8000008,42.329367,-71.19241,210001,
8000008,42.32924,-71.192719,210002,
8000008,42.329009,-71.193243,210003,
8000008,42.32895,-71.193371,210004,
8000008,42.328902,-71.193476,210005,
8000008,42.328677,-71.193917,210006,
8000008,42.328391,-71.19445,210007,
8000008,42.328343,-71.19454,210008,
8000008,42.328311,-71.194614,210009,
8000008,42.327545,-71.196162,210010,
8000008,42.327406,-71.196415,210011,
8000008,42.327269,-71.196684,210012,
8000008,42.32696,-71.197291,210013,
8000008,42.326865,-71.197501,210014,
8000008,42.326751,-71.197751,210015,
8000008,42.326579,-71.198104,210016,
8000008,42.326339,-71.198566,210017,
8000008,42.326094,-71.199055,210018,
8000008,42.325797,-71.199622,210019,
8000008,42.325093,-71.201003,210020,
8000008,42.324569,-71.201996,210021,
8000008,42.324538,-71.202045,210022,
8000008,42.324508,-71.202104,210023,
8000008,42.323954,-71.203245,210024,
8000008,42.323645,-71.203867,210025,
8000008,42.323457,-71.204172,210026,
8000008,42.323431,-71.204214,210027,
8000008,42.32341,-71.204238,210028,
8000008,42.323241,-71.20449,210029,
8000008,42.322977,-71.204811,210030,
8000008,42.322677,-71.205163,210031,
8000008,42.322351,-71.205486,210032,
8000008,42.322005,-71.205827,210033,
8000008,42.321771,-71.206078,210034,
8000008,42.321731,-71.206113,210035,
8000008,42.321731,-71.206113,220001,
8000008,42.321677,-71.20616,220002,
8000008,42.32156,-71.206258,220003,
8000008,42.320552,-71.207311,220004,
8000008,42.319945,-71.207913,220005,
8000008,42.319486,-71.208357,220006,
8000008,42.319413,-71.208445,220007,
8000008,42.319388,-71.208474,220008,
8000008,42.319301,-71.208566,220009,
8000008,42.319228,-71.208661,220010,
8000008,42.318897,-71.209009,220011,
8000008,42.318727,-71.209217,220012,
8000008,42.318539,-71.209464,220013,
8000008,42.318385,-71.20971,220014,
8000008,42.318256,-71.209952,220015,
8000008,42.318147,-71.210179,220016,
8000008,42.318023,-71.210484,220017,
8000008,42.31789,-71.210896,220018,
8000008,42.317792,-71.211288,220019,
8000008,42.317744,-71.211541,220020,
8000008,42.317704,-71.211837,220021,
8000008,42.317674,-71.212295,220022,
8000008,42.317671,-71.212538,220023,
8000008,42.317702,-71.213138,220024,
8000008,42.31772,-71.213358,220025,
8000008,42.317779,-71.213707,220026,
8000008,42.317868,-71.214076,220027,
8000008,42.317977,-71.21444,220028,
8000008,42.318075,-71.214727,220029,
8000008,42.31824,-71.215097,220030,
8000008,42.318359,-71.215347,220031,
8000008,42.318434,-71.2155,220032,
8000008,42.318797,-71.216233,220033,
8000008,42.31902,-71.216715,220034,
8000008,42.31902,-71.216715,230001,
8000008,42.319065,-71.216812,230002,
8000008,42.319755,-71.218269,230003,
8000008,42.320347,-71.219503,230004,
8000008,42.320683,-71.220226,230005,
8000008,42.321524,-71.222014,230006,
8000008,42.321811,-71.222607,230007,
8000008,42.322413,-71.223899,230008,
8000008,42.322818,-71.224738,230009,
8000008,42.323522,-71.226237,230010,
8000008,42.323742,-71.226694,230011,
8000008,42.323991,-71.22723,230012,
8000008,42.324124,-71.227503,230013,
8000008,42.324442,-71.228189,230014,
8000008,42.324738,-71.228792,230015,
8000008,42.324883,-71.22911,230016,
8000008,42.325051,-71.229443,230017,
8000008,42.325231,-71.229755,230018,
8000008,42.325493,-71.230179,230019,
8000008,42.325914,-71.230767,230020,
8000008,42.325914,-71.230767,240001,
8000008,42.325922,-71.230777,240002,
8000008,42.326178,-71.231147,240003,
8000008,42.326227,-71.231208,240004,
8000008,42.326283,-71.231292,240005,
8000008,42.3268,-71.232027,240006,
8000008,42.327333,-71.232762,240007,
8000008,42.32771,-71.233302,240008,
8000008,42.328031,-71.233797,240009,
8000008,42.328292,-71.234233,240010,
8000008,42.329392,-71.236402,240011,
8000008,42.329726,-71.237105,240012,
8000008,42.330527,-71.238713,240013,
8000008,42.330716,-71.239062,240014,
8000008,42.33105,-71.239754,240015,
8000008,42.331368,-71.240374,240016,
8000008,42.332075,-71.241787,240017,
8000008,42.332188,-71.242028,240018,
8000008,42.332297,-71.24225,240019,
8000008,42.332481,-71.242597,240020,
8000008,42.332874,-71.243375,240021,
8000008,42.333078,-71.243793,240022,
8000008,42.333346,-71.244328,240023,
8000008,42.333346,-71.244328,250001,
8000008,42.3336,-71.244833,250002,
8000008,42.333644,-71.244946,250003,
8000008,42.333701,-71.245082,250004,
8000008,42.333764,-71.245189,250005,
8000008,42.334036,-71.24573,250006,
8000008,42.334295,-71.246264,250007,
8000008,42.334942,-71.247562,250008,
8000008,42.335535,-71.248773,250009,
8000008,42.335986,-71.249671,250010,
8000008,42.336288,-71.250286,250011,
8000008,42.336384,-71.25048,250012,
8000008,42.336588,-71.250856,250013,
8000008,42.336976,-71.251613,250014,
8000008,42.337052,-71.25175,250015,
8000008,42.337239,-71.2522,250016,
8000008,42.337302,-71.25237,250017,
8000009,42.337303,-71.252372,10001,
8000009,42.337239,-71.2522,10002,
8000009,42.337052,-71.25175,10003,
8000009,42.336976,-71.251613,10004,
8000009,42.336588,-71.250856,10005,
8000009,42.336384,-71.25048,10006,
8000009,42.336288,-71.250286,10007,
8000009,42.335986,-71.249671,10008,
8000009,42.335535,-71.248773,10009,
8000009,42.334942,-71.247562,10010,
8000009,42.334295,-71.246264,10011,
8000009,42.334036,-71.24573,10012,
8000009,42.333764,-71.245189,10013,
8000009,42.333701,-71.245082,10014,
8000009,42.333644,-71.244946,10015,
8000009,42.3336,-71.244833,10016,
8000009,42.333346,-71.244327,10017,
8000009,42.333346,-71.244327,20001,
8000009,42.333078,-71.243793,20002,
8000009,42.332874,-71.243375,20003,
8000009,42.332481,-71.242597,20004,
8000009,42.332297,-71.24225,20005,
8000009,42.332188,-71.242028,20006,
8000009,42.332075,-71.241787,20007,
8000009,42.331368,-71.240374,20008,
8000009,42.33105,-71.239754,20009,
8000009,42.330716,-71.239062,20010,
8000009,42.330527,-71.238713,20011,
8000009,42.329726,-71.237105,20012,
8000009,42.329392,-71.236402,20013,
8000009,42.328292,-71.234233,20014,
8000009,42.328031,-71.233797,20015,
8000009,42.32771,-71.233302,20016,
8000009,42.327333,-71.232762,20017,
8000009,42.3268,-71.232027,20018,
8000009,42.326283,-71.231292,20019,
8000009,42.326227,-71.231208,20020,
8000009,42.326178,-71.231147,20021,
8000009,42.325922,-71.230777,20022,
8000009,42.325922,-71.230777,30001,
8000009,42.325922,-71.230777,30002,
8000009,42.325493,-71.230179,30003,
8000009,42.325231,-71.229755,30004,
8000009,42.325051,-71.229443,30005,
8000009,42.324883,-71.22911,30006,
8000009,42.324738,-71.228792,30007,
8000009,42.324442,-71.228189,30008,
8000009,42.324124,-71.227503,30009,
8000009,42.323991,-71.22723,30010,
8000009,42.323742,-71.226694,30011,
8000009,42.323522,-71.226237,30012,
8000009,42.322818,-71.224738,30013,
8000009,42.322413,-71.223899,30014,
8000009,42.321811,-71.222607,30015,
8000009,42.321524,-71.222014,30016,
8000009,42.320683,-71.220226,30017,
8000009,42.320347,-71.219503,30018,
8000009,42.319755,-71.218269,30019,
8000009,42.319065,-71.216812,30020,
8000009,42.319023,-71.21672,30021,
8000009,42.319023,-71.21672,40001,
8000009,42.318797,-71.216233,40002,
8000009,42.318434,-71.2155,40003,
8000009,42.318359,-71.215347,40004,
8000009,42.31824,-71.215097,40005,
8000009,42.318075,-71.214727,40006,
8000009,42.317977,-71.21444,40007,
8000009,42.317868,-71.214076,40008,
8000009,42.317779,-71.213707,40009,
8000009,42.31772,-71.213358,40010,
8000009,42.317702,-71.213138,40011,
8000009,42.317671,-71.212538,40012,
8000009,42.317674,-71.212295,40013,
8000009,42.317704,-71.211837,40014,
8000009,42.317744,-71.211541,40015,
8000009,42.317792,-71.211288,40016,
8000009,42.31789,-71.210896,40017,
8000009,42.318023,-71.210484,40018,
8000009,42.318147,-71.210179,40019,
8000009,42.318256,-71.209952,40020,
8000009,42.318385,-71.20971,40021,
8000009,42.318539,-71.209464,40022,
8000009,42.318727,-71.209217,40023,
8000009,42.318897,-71.209009,40024,
8000009,42.319228,-71.208661,40025,
8000009,42.319301,-71.208566,40026,
8000009,42.319388,-71.208474,40027,
8000009,42.319413,-71.208445,40028,
8000009,42.319486,-71.208357,40029,
8000009,42.319945,-71.207913,40030,
8000009,42.320552,-71.207311,40031,
8000009,42.32156,-71.206258,40032,
8000009,42.321677,-71.20616,40033,
8000009,42.321717,-71.206125,40034,
8000009,42.321717,-71.206125,50001,
8000009,42.321771,-71.206078,50002,
8000009,42.322005,-71.205827,50003,
8000009,42.322351,-71.205486,50004,
8000009,42.322677,-71.205163,50005,
8000009,42.322977,-71.204811,50006,
8000009,42.323241,-71.20449,50007,
8000009,42.32341,-71.204238,50008,
8000009,42.323431,-71.204214,50009,
8000009,42.323457,-71.204172,50010,
8000009,42.323645,-71.203867,50011,
8000009,42.323954,-71.203245,50012,
8000009,42.324508,-71.202104,50013,
8000009,42.324538,-71.202045,50014,
8000009,42.324569,-71.201996,50015,
8000009,42.325093,-71.201003,50016,
8000009,42.325797,-71.199622,50017,
8000009,42.326094,-71.199055,50018,
8000009,42.326339,-71.198566,50019,
8000009,42.326579,-71.198104,50020,
8000009,42.326751,-71.197751,50021,
8000009,42.326865,-71.197501,50022,
8000009,42.32696,-71.197291,50023,
8000009,42.327269,-71.196684,50024,
8000009,42.327406,-71.196415,50025,
8000009,42.327545,-71.196162,50026,
8000009,42.328311,-71.194614,50027,
8000009,42.328343,-71.19454,50028,
8000009,42.328391,-71.19445,50029,
8000009,42.328677,-71.193917,50030,
8000009,42.328902,-71.193476,50031,
8000009,42.32895,-71.193371,50032,
8000009,42.329009,-71.193243,50033,
8000009,42.32924,-71.192719,50034,
8000009,42.329367,-71.192409,50035,
8000009,42.329367,-71.192409,60001,
8000009,42.329388,-71.192359,60002,
8000009,42.329503,-71.192083,60003,
8000009,42.329741,-71.191414,60004,
8000009,42.329833,-71.191115,60005,
8000009,42.329879,-71.19098,60006,
8000009,42.329906,-71.190887,60007,
8000009,42.330042,-71.190322,60008,
8000009,42.330182,-71.189636,60009,
8000009,42.330301,-71.188851,60010,
8000009,42.330372,-71.18808,60011,
8000009,42.330388,-71.187575,60012,
8000009,42.330391,-71.187228,60013,
8000009,42.330379,-71.186831,60014,
8000009,42.330339,-71.186046,60015,
8000009,42.330268,-71.185371,60016,
8000009,42.330109,-71.184504,60017,
8000009,42.329764,-71.182767,60018,
8000009,42.329672,-71.182342,60019,
8000009,42.329475,-71.181363,60020,
8000009,42.329296,-71.180501,60021,
8000009,42.329165,-71.179754,60022,
8000009,42.328993,-71.178895,60023,
8000009,42.328865,-71.17823,60024,
8000009,42.328832,-71.178032,60025,
8000009,42.328802,-71.177858,60026,
8000009,42.328271,-71.175102,60027,
8000009,42.328145,-71.174482,60028,
8000009,42.327919,-71.173289,60029,
8000009,42.327652,-71.171946,60030,
8000009,42.3275,-71.171137,60031,
8000009,42.327331,-71.170302,60032,
8000009,42.32702,-71.16867,60033,
8000009,42.326815,-71.16767,60034,
8000009,42.32672,-71.167097,60035,
8000009,42.326667,-71.166612,60036,
8000009,42.326645,-71.166224,60037,
8000009,42.326643,-71.16558,60038,
8000009,42.326643,-71.165503,60039,
8000009,42.326642,-71.16544,60040,
8000009,42.326654,-71.165302,60041,
8000009,42.326654,-71.165302,70001,
8000009,42.326709,-71.164646,70002,
8000009,42.326716,-71.164609,70003,
8000009,42.326833,-71.163943,70004,
8000009,42.326911,-71.163625,70005,
8000009,42.327018,-71.163228,70006,
8000009,42.327146,-71.162845,70007,
8000009,42.327308,-71.162414,70008,
8000009,42.327449,-71.162091,70009,
8000009,42.327767,-71.161483,70010,
8000009,42.327926,-71.161199,70011,
8000009,42.32842,-71.160408,70012,
8000009,42.329089,-71.159293,70013,
8000009,42.330613,-71.156796,70014,
8000009,42.330855,-71.156416,70015,
8000009,42.330906,-71.156321,70016,
8000009,42.330948,-71.156256,70017,
8000009,42.331234,-71.155774,70018,
8000009,42.331959,-71.154582,70019,
8000009,42.332231,-71.154114,70020,
8000009,42.333394,-71.152181,70021,
8000009,42.333832,-71.151478,70022,
8000009,42.33404,-71.151153,70023,
8000009,42.334238,-71.150801,70024,
8000009,42.334411,-71.150476,70025,
8000009,42.33462,-71.150069,70026,
8000009,42.334777,-71.149677,70027,
8000009,42.334844,-71.149477,70028,
8000009,42.334884,-71.149343,70029,
8000009,42.334947,-71.149078,70030,
8000009,42.334947,-71.149078,80001,
8000009,42.335031,-71.148726,80002,
8000009,42.335101,-71.148375,80003,
8000009,42.335141,-71.148109,80004,
8000009,42.335171,-71.147842,80005,
8000009,42.335196,-71.147538,80006,
8000009,42.335199,-71.1473,80007,
8000009,42.335236,-71.146984,80008,
8000009,42.335281,-71.146663,80009,
8000009,42.335516,-71.145223,80010,
8000009,42.335566,-71.144941,80011,
8000009,42.335648,-71.144524,80012,
8000009,42.335693,-71.144361,80013,
8000009,42.335752,-71.144213,80014,
8000009,42.335823,-71.143947,80015,
8000009,42.335868,-71.143704,80016,
8000009,42.335905,-71.143439,80017,
8000009,42.335933,-71.143095,80018,
8000009,42.335944,-71.142667,80019,
8000009,42.335943,-71.142119,80020,
8000009,42.335917,-71.141742,80021,
8000009,42.335907,-71.14162,80022,
8000009,42.335906,-71.141519,80023,
8000009,42.335879,-71.14113,80024,
8000009,42.335827,-71.140835,80025,
8000009,42.335827,-71.140835,90001,
8000009,42.335824,-71.14082,90002,
8000009,42.335696,-71.140353,90003,
8000009,42.335667,-71.140264,90004,
8000009,42.335467,-71.139666,90005,
8000009,42.335324,-71.139317,90006,
8000009,42.334959,-71.138639,90007,
8000009,42.333978,-71.136942,90008,
8000009,42.333547,-71.136246,90009,
8000009,42.333347,-71.135881,90010,
8000009,42.333031,-71.135324,90011,
8000009,42.332525,-71.13443,90012,
8000009,42.332326,-71.134014,90013,
8000009,42.332178,-71.133626,90014,
8000009,42.332097,-71.133378,90015,
8000009,42.332029,-71.133125,90016,
8000009,42.331891,-71.132571,90017,
8000009,42.331841,-71.132221,90018,
8000009,42.33174,-71.131405,90019,
8000009,42.331723,-71.131293,90020,
8000009,42.331712,-71.131218,90021,
8000009,42.331629,-71.130311,90022,
8000009,42.331523,-71.129339,90023,
8000009,42.331429,-71.128254,90024,
8000009,42.331306,-71.126999,90025,
8000009,42.331306,-71.126999,100001,
8000009,42.331278,-71.126703,100002,
8000009,42.331259,-71.126548,100003,
8000009,42.331189,-71.125965,100004,
8000009,42.33118,-71.125847,100005,
8000009,42.331171,-71.125724,100006,
8000009,42.331166,-71.125502,100007,
8000009,42.331174,-71.125255,100008,
8000009,42.3312,-71.124834,100009,
8000009,42.331248,-71.124462,100010,
8000009,42.331305,-71.124155,100011,
8000009,42.33137,-71.123656,100012,
8000009,42.3314,-71.123307,100013,
8000009,42.331413,-71.123008,100014,
8000009,42.33143,-71.122445,100015,
8000009,42.331477,-71.121384,100016,
8000009,42.331478,-71.121287,100017,
8000009,42.331515,-71.120159,100018,
8000009,42.331532,-71.119882,100019,
8000009,42.331549,-71.119702,100020,
8000009,42.331589,-71.119474,100021,
8000009,42.331668,-71.119143,100022,
8000009,42.331757,-71.118811,100023,
8000009,42.331821,-71.118602,100024,
8000009,42.331952,-71.118274,100025,
8000009,42.332006,-71.118155,100026,
8000009,42.332038,-71.118084,100027,
8000009,42.332085,-71.11797,100028,
8000009,42.332308,-71.117466,100029,
8000009,42.33258,-71.116828,100030,
8000009,42.332695,-71.116561,100031,
8000009,42.332853,-71.116248,100032,
8000009,42.332853,-71.116248,110001,
8000009,42.332972,-71.116011,110002,
8000009,42.333149,-71.115682,110003,
8000009,42.333347,-71.115359,110004,
8000009,42.333509,-71.115094,110005,
8000009,42.333703,-71.114802,110006,
8000009,42.333882,-71.114548,110007,
8000009,42.334252,-71.114139,110008,
8000009,42.334643,-71.113761,110009,
8000009,42.334866,-71.11356,110010,
8000009,42.335065,-71.113393,110011,
8000009,42.33518,-71.113312,110012,
8000009,42.335408,-71.113171,110013,
8000009,42.335476,-71.113121,110014,
8000009,42.335535,-71.113079,110015,
8000009,42.33591,-71.112867,110016,
8000009,42.336464,-71.112537,110017,
8000009,42.336999,-71.112255,110018,
8000009,42.337322,-71.112058,110019,
8000009,42.337473,-71.111977,110020,
8000009,42.338175,-71.111635,110021,
8000009,42.338566,-71.111483,110022,
8000009,42.338926,-71.111373,110023,
8000009,42.339477,-71.111225,110024,
8000009,42.339852,-71.111094,110025,
8000009,42.340038,-71.111012,110026,
8000009,42.340321,-71.110899,110027,
8000009,42.340417,-71.110849,110028,
8000009,42.340489,-71.110822,110029,
8000009,42.34066,-71.110736,110030,
8000009,42.340896,-71.1106,110031,
8000009,42.341135,-71.110423,110032,
8000009,42.341135,-71.110423,120001,
8000009,42.341201,-71.110375,120002,
8000009,42.341432,-71.110169,120003,
8000009,42.341655,-71.109936,120004,
8000009,42.341917,-71.109651,120005,
8000009,42.34212,-71.109397,120006,
8000009,42.342287,-71.109172,120007,
8000009,42.342469,-71.108901,120008,
8000009,42.343227,-71.107691,120009,
8000009,42.343815,-71.106764,120010,
8000009,42.344184,-71.106194,120011,
8000009,42.344864,-71.105111,120012,
8000009,42.345016,-71.104837,120013,
8000009,42.345173,-71.104555,120014,
8000009,42.345245,-71.104438,120015,
8000009,42.345282,-71.104368,120016,
8000009,42.345358,-71.104235,120017,
8000009,42.345385,-71.104185,120018,
8000009,42.345385,-71.104185,130001,
8000009,42.345827,-71.103363,130002,
8000009,42.346144,-71.102791,130003,
8000009,42.346617,-71.101917,130004,
8000009,42.346698,-71.101812,130005,
8000009,42.346797,-71.101747,130006,
8000009,42.346908,-71.101705,130007,
8000009,42.347142,-71.101644,130008,
8000009,42.347434,-71.10159,130009,
8000009,42.347522,-71.101549,130010,
8000009,42.347571,-71.101503,130011,
8000009,42.347639,-71.101425,130012,
8000009,42.348799,-71.096973,130013,
8000009,42.348813,-71.096873,130014,
8000009,42.348813,-71.096873,140001,
8000009,42.348825,-71.096785,140002,
8000009,42.348837,-71.09578,140003,
8000009,42.348855,-71.095352,140004,
8000009,42.348877,-71.094806,140005,
8000009,42.348875,-71.094781,140006,
8000009,42.348965,-71.094152,140007,
8000009,42.348968,-71.094107,140008,
8000009,42.348968,-71.094107,150001,
8000009,42.348969,-71.094102,150002,
8000009,42.348968,-71.093383,150003,
8000009,42.348962,-71.093277,150004,
8000009,42.348948,-71.093214,150005,
8000009,42.348905,-71.093123,150006,
8000009,42.34864,-71.092792,150007,
8000009,42.348184,-71.092252,150008,
8000009,42.348133,-71.092174,150009,
8000009,42.348056,-71.092005,150010,
8000009,42.348019,-71.091888,150011,
8000009,42.347998,-71.091797,150012,
8000009,42.347988,-71.091707,150013,
8000009,42.348082,-71.088564,150014,
8000009,42.348076,-71.088178,150015,
8000009,42.348058,-71.087953,150016,
8000009,42.348058,-71.087953,160001,
8000009,42.348034,-71.087653,160002,
8000009,42.348012,-71.087419,160003,
8000009,42.347829,-71.085651,160004,
8000009,42.347831,-71.085554,160005,
8000009,42.347838,-71.085472,160006,
8000009,42.347877,-71.0853,160007,
8000009,42.349615,-71.078855,160008,
8000009,42.349747,-71.078361,160009,
8000009,42.349906,-71.077713,160010,
8000009,42.349979,-71.077446,160011,
8000009,42.349979,-71.077446,170001,
8000009,42.351757,-71.07097,170002,
8000009,42.351802,-71.070798,170003,
8000009,42.351802,-71.070798,180001,
8000009,42.352242,-71.069109,180002,
8000009,42.352427,-71.068292,180003,
8000009,42.352528,-71.067633,180004,
8000009,42.352589,-71.067135,180005,
8000009,42.352464,-71.06504,180006,
8000009,42.352481,-71.06488,180007,
8000009,42.352502,-71.064808,180008,
8000009,42.352532,-71.064751,180009,
8000009,42.352559,-71.064719,180010,
8000009,42.352559,-71.064719,190001,
8000009,42.352584,-71.064688,190002,
8000009,42.353028,-71.064543,190003,
8000009,42.35318,-71.064467,190004,
8000009,42.353351,-71.064363,190005,
8000009,42.353564,-71.064264,190006,
8000009,42.353644,-71.064166,190007,
8000009,42.353725,-71.064129,190008,
8000009,42.353896,-71.064035,190009,
8000009,42.354002,-71.063991,190010,
8000009,42.354517,-71.063713,190011,
8000009,42.354773,-71.063596,190012,
8000009,42.354897,-71.06352,190013,
8000009,42.355047,-71.063499,190014,
8000009,42.355287,-71.063349,190015,
8000009,42.355495,-71.063168,190016,
8000009,42.355624,-71.063034,190017,
8000009,42.355781,-71.062846,190018,
8000009,42.355921,-71.06269,190019,
8000009,42.356219,-71.062336,190020,
8000009,42.356333,-71.062194,190021,
8000009,42.356333,-71.062194,200001,
8000009,42.356581,-71.061887,200002,
8000009,42.356693,-71.06176,200003,
8000009,42.356805,-71.061665,200004,
8000009,42.356984,-71.061489,200005,
8000009,42.357219,-71.061218,200006,
8000009,42.357811,-71.060584,200007,
8000009,42.35808,-71.060329,200008,
8000009,42.359069,-71.059616,200009,
8000009,42.359208,-71.059508,200010,
8000009,42.359379,-71.059357,200011,
8000009,42.359379,-71.059357,210001,
8000009,42.359435,-71.059307,210002,
8000009,42.359534,-71.05922,210003,
8000009,42.359782,-71.058984,210004,
8000009,42.360846,-71.058034,210005,
8000009,42.36096,-71.057951,210006,
8000009,42.361071,-71.057935,210007,
8000009,42.361266,-71.057954,210008,
8000009,42.362562,-71.058051,210009,
8000009,42.362731,-71.058096,210010,
8000009,42.362865,-71.058119,210011,
8000009,42.362973,-71.058147,210012,
8000009,42.36303,-71.058182,210013,
8000009,42.36303,-71.058182,220001,
8000009,42.363191,-71.058281,220002,
8000009,42.363258,-71.058332,220003,
8000009,42.363465,-71.058509,220004,
8000009,42.363543,-71.058602,220005,
8000009,42.363989,-71.059097,220006,
8000009,42.365655,-71.060598,220007,
8000009,42.365655,-71.060598,230001,
8000009,42.365743,-71.060677,230002,
8000009,42.366493,-71.061417,230003,
8000009,42.36653,-71.061508,230004,
8000009,42.366551,-71.061592,230005,
8000009,42.366554,-71.061694,230006,
8000009,42.366532,-71.061902,230007,
8000009,42.366505,-71.062022,230008,
8000009,42.366446,-71.062158,230009,
8000009,42.365954,-71.063284,230010,
8000009,42.365749,-71.063754,230011,
8000009,42.365682,-71.063979,230012,
8000009,42.365646,-71.064149,230013,
8000009,42.365627,-71.064332,230014,
8000009,42.365639,-71.064413,230015,
8000009,42.365664,-71.064487,230016,
8000009,42.36581,-71.064812,230017,
8000009,42.365971,-71.06546,230018,
8000009,42.36603,-71.065719,230019,
8000009,42.366089,-71.066057,230020,
8000009,42.366204,-71.066485,230021,
8000009,42.366303,-71.066764,230022,
8000009,42.366402,-71.067014,230023,
8000009,42.366512,-71.067251,230024,
8000009,42.366616,-71.06746,230025,
8000009,42.366707,-71.067651,230026,
8000009,42.3669,-71.068029,230027,
8000009,42.366933,-71.068095,230028,
8000009,42.367366,-71.068936,230029,
8000009,42.367649,-71.069576,230030,
8000009,42.367649,-71.069576,240001,
8000009,42.367683,-71.069654,240002,
8000009,42.367917,-71.070106,240003,
8000009,42.368429,-71.071138,240004,
8000009,42.368968,-71.072176,240005,
8000009,42.369377,-71.072975,240006,
8000009,42.369657,-71.073517,240007,
8000009,42.37024,-71.074681,240008,
8000009,42.370315,-71.07484,240009,
8000009,42.370578,-71.075403,240010,
8000009,42.371012,-71.075941,240011,
8000009,42.37125,-71.076109,240012,
8000009,42.371261,-71.076118,240013,
8000009,42.371261,-71.076118,250001,
8000009,42.371409,-71.076236,250002,
8000009,42.371525,-71.076329,250003,
8000009,42.371613,-71.076413,250004,
8000009,42.371718,-71.076548,250005,
8000009,42.371858,-71.076762,250006,
8000009,42.371947,-71.076976,250007,
8000009,42.37207,-71.077361,250008,
8000009,42.372184,-71.077722,250009,
8000009,42.373205,-71.079862,250010,
8000009,42.373232,-71.079854,250011,
8000009,42.373269,-71.079879,250012,
8000009,42.373325,-71.079919,250013,
8000009,42.373378,-71.079949,250014,
8000009,42.373445,-71.079989,250015,
8000009,42.373505,-71.080008,250016,
8000009,42.373587,-71.080033,250017,
8000009,42.373729,-71.080042,250018,
8000009,42.374046,-71.08005,250019,
8000009,42.374334,-71.080088,250020,
8000009,42.374565,-71.080152,250021,
8000009,42.374674,-71.080217,250022,
8000009,42.374715,-71.080252,250023,
8000009,42.374764,-71.080332,250024,
8000009,42.374832,-71.080443,250025,
8000009,42.374885,-71.080613,250026,
8000009,42.374922,-71.080739,250027,
8000009,42.374945,-71.080865,250028,
8000009,42.374964,-71.081006,250029,
8000009,42.374984,-71.081182,250030,
8000009,42.375003,-71.081484,250031,
8000009,42.375207,-71.083443,250032,
8000009,42.375514,-71.08639,250033,
8000009,42.375965,-71.089982,250034,
8000009,42.376042,-71.090565,250035,
8000009,42.376095,-71.090937,250036,
8000009,42.376414,-71.092464,250037,
8000009,42.37661,-71.093107,250038,
8000009,42.377084,-71.094261,250039,
8000009,42.377104,-71.094299,250040,
8000014,42.340076,-71.16681,10001,
8000014,42.34002,-71.166556,10002,
8000014,42.339999,-71.166399,10003,
8000014,42.339988,-71.166278,10004,
8000014,42.33998,-71.165973,10005,
8000014,42.340037,-71.165419,10006,
8000014,42.340078,-71.164873,10007,
8000014,42.340093,-71.16442,10008,
8000014,42.340099,-71.163529,10009,
8000014,42.340043,-71.161462,10010,
8000014,42.340025,-71.160467,10011,
8000014,42.339995,-71.15998,10012,
8000014,42.33995,-71.159575,10013,
8000014,42.33989,-71.159123,10014,
8000014,42.339771,-71.158462,10015,
8000014,42.339712,-71.158181,10016,
8000014,42.339611,-71.157797,10017,
8000014,42.339585,-71.157708,10018,
8000014,42.339585,-71.157708,20001,
8000014,42.339446,-71.157241,20002,
8000014,42.339306,-71.156802,20003,
8000014,42.339194,-71.156521,20004,
8000014,42.339024,-71.15613,20005,
8000014,42.338834,-71.155746,20006,
8000014,42.338483,-71.155014,20007,
8000014,42.338235,-71.154473,20008,
8000014,42.338167,-71.15427,20009,
8000014,42.338102,-71.154047,20010,
8000014,42.338073,-71.153922,20011,
8000014,42.338,-71.153425,20012,
8000014,42.33802,-71.153317,20013,
8000014,42.338049,-71.153216,20014,
8000014,42.338111,-71.1531,20015,
8000014,42.338116,-71.153097,20016,
8000014,42.338116,-71.153097,30001,
8000014,42.338126,-71.153088,30002,
8000014,42.338225,-71.152959,30003,
8000014,42.3383,-71.152872,30004,
8000014,42.338329,-71.152839,30005,
8000014,42.33856,-71.152638,30006,
8000014,42.33869,-71.152546,30007,
8000014,42.338886,-71.15245,30008,
8000014,42.339086,-71.152337,30009,
8000014,42.339268,-71.152245,30010,
8000014,42.339514,-71.152081,30011,
8000014,42.339689,-71.151956,30012,
8000014,42.339871,-71.151797,30013,
8000014,42.34004,-71.151635,30014,
8000014,42.340176,-71.151481,30015,
8000014,42.340461,-71.151125,30016,
8000014,42.34079,-71.150644,30017,
8000014,42.340868,-71.150504,30018,
8000014,42.340868,-71.150504,40001,
8000014,42.341014,-71.150242,40002,
8000014,42.34118,-71.149864,40003,
8000014,42.34132,-71.149444,40004,
8000014,42.341406,-71.149132,40005,
8000014,42.341446,-71.148888,40006,
8000014,42.341487,-71.148569,40007,
8000014,42.341508,-71.148073,40008,
8000014,42.341495,-71.14785,40009,
8000014,42.341484,-71.147321,40010,
8000014,42.341483,-71.147011,40011,
8000014,42.341507,-71.146541,40012,
8000014,42.341538,-71.146329,40013,
8000014,42.34156,-71.146178,40014,
8000014,42.34156,-71.146178,50001,
8000014,42.341594,-71.145941,50002,
8000014,42.341642,-71.145714,50003,
8000014,42.341713,-71.145472,50004,
8000014,42.341813,-71.145152,50005,
8000014,42.341958,-71.144797,50006,
8000014,42.342097,-71.144508,50007,
8000014,42.34222,-71.144285,50008,
8000014,42.342486,-71.14389,50009,
8000014,42.342645,-71.143697,50010,
8000014,42.342797,-71.143525,50011,
8000014,42.342954,-71.14338,50012,
8000014,42.34319,-71.143177,50013,
8000014,42.343473,-71.142965,50014,
8000014,42.343815,-71.142737,50015,
8000014,42.343815,-71.142737,60001,
8000014,42.343847,-71.142716,60002,
8000014,42.344276,-71.142425,60003,
8000014,42.344579,-71.1422,60004,
8000014,42.345329,-71.141687,60005,
8000014,42.345555,-71.141552,60006,
8000014,42.345645,-71.141498,60007,
8000014,42.345791,-71.141392,60008,
8000014,42.346274,-71.141088,60009,
8000014,42.346717,-71.140866,60010,
8000014,42.346967,-71.140772,60011,
8000014,42.347147,-71.140715,60012,
8000014,42.347839,-71.14061,60013,
8000014,42.348038,-71.140544,60014,
8000014,42.34831,-71.140424,60015,
8000014,42.34831,-71.140424,70001,
8000014,42.348445,-71.140364,70002,
8000014,42.34856,-71.1403,70003,
8000014,42.348606,-71.140256,70004,
8000014,42.348703,-71.140133,70005,
8000014,42.348806,-71.139939,70006,
8000014,42.348871,-71.139756,70007,
8000014,42.348916,-71.139554,70008,
8000014,42.348948,-71.139269,70009,
8000014,42.348951,-71.139069,70010,
8000014,42.34894,-71.138915,70011,
8000014,42.348921,-71.138771,70012,
8000014,42.348874,-71.138601,70013,
8000014,42.348675,-71.137956,70014,
8000014,42.348664,-71.137925,70015,
8000014,42.348664,-71.137925,80001,
8000014,42.348386,-71.137122,80002,
8000014,42.348307,-71.136878,80003,
8000014,42.348252,-71.136642,80004,
8000014,42.348221,-71.136463,80005,
8000014,42.34821,-71.136292,80006,
8000014,42.34821,-71.136125,80007,
8000014,42.348223,-71.135933,80008,
8000014,42.348255,-71.135719,80009,
8000014,42.348303,-71.135504,80010,
8000014,42.34838,-71.135267,80011,
8000014,42.348536,-71.134929,80012,
8000014,42.348618,-71.134761,80013,
8000014,42.348618,-71.134761,90001,
8000014,42.348695,-71.134602,90002,
8000014,42.349134,-71.133656,90003,
8000014,42.349471,-71.132967,90004,
8000014,42.349729,-71.132398,90005,
8000014,42.349885,-71.132083,90006,
8000014,42.350202,-71.131406,90007,
8000014,42.350235,-71.131337,90008,
8000014,42.350235,-71.131337,100001,
8000014,42.350493,-71.130811,100002,
8000014,42.35057,-71.130592,100003,
8000014,42.350608,-71.130412,100004,
8000014,42.350637,-71.130211,100005,
8000014,42.350649,-71.129996,100006,
8000014,42.350645,-71.129769,100007,
8000014,42.350605,-71.129322,100008,
8000014,42.350541,-71.128705,100009,
8000014,42.350527,-71.128487,100010,
8000014,42.350526,-71.128132,100011,
8000014,42.350541,-71.12794,100012,
8000014,42.35057,-71.127685,100013,
8000014,42.350661,-71.127269,100014,
8000014,42.350715,-71.127075,100015,
8000014,42.350795,-71.126852,100016,
8000014,42.350909,-71.126611,100017,
8000014,42.35109,-71.126264,100018,
8000014,42.351275,-71.125943,100019,
8000014,42.351407,-71.125732,100020,
8000014,42.351663,-71.125354,100021,
8000014,42.351855,-71.125106,100022,
8000014,42.351948,-71.124984,100023,
8000014,42.351948,-71.124984,110001,
8000014,42.35207,-71.124824,110002,
8000014,42.352115,-71.124727,110003,
8000014,42.352131,-71.124649,110004,
8000014,42.352131,-71.124522,110005,
8000014,42.35192,-71.122822,110006,
8000014,42.351794,-71.121716,110007,
8000014,42.351622,-71.120318,110008,
8000014,42.351598,-71.120124,110009,
8000014,42.351598,-71.120124,120001,
8000014,42.351508,-71.119426,120002,
8000014,42.351464,-71.119044,120003,
8000014,42.351435,-71.118798,120004,
8000014,42.35138,-71.118163,120005,
8000014,42.351228,-71.116973,120006,
8000014,42.35113,-71.116121,120007,
8000014,42.350971,-71.114824,120008,
8000014,42.350971,-71.114824,130001,
8000014,42.350823,-71.113619,130002,
8000014,42.350747,-71.112924,130003,
8000014,42.3506,-71.111668,130004,
8000014,42.35058,-71.11155,130005,
8000014,42.350566,-71.111411,130006,
8000014,42.35053,-71.111127,130007,
8000014,42.350503,-71.110965,130008,
8000014,42.3505,-71.110928,130009,
8000014,42.350453,-71.110566,130010,
8000014,42.350303,-71.109342,130011,
8000014,42.350075,-71.107626,130012,
8000014,42.349978,-71.106775,130013,
8000014,42.349978,-71.106775,140001,
8000014,42.349918,-71.106243,140002,
8000014,42.349679,-71.104226,140003,
8000014,42.349636,-71.103853,140004,
8000014,42.349636,-71.103853,150001,
8000014,42.349474,-71.102461,150002,
8000014,42.349357,-71.101499,150003,
8000014,42.349263,-71.100664,150004,
8000014,42.349204,-71.100212,150005,
8000014,42.349204,-71.100212,160001,
8000014,42.349184,-71.100057,160002,
8000014,42.349122,-71.099484,160003,
8000014,42.348996,-71.098394,160004,
8000014,42.348878,-71.097219,160005,
8000014,42.34887,-71.096733,160006,
8000014,42.3489,-71.095358,160007,
8000014,42.348965,-71.094152,160008,
8000014,42.348968,-71.094105,160009,
8000014,42.348968,-71.094105,170001,
8000014,42.348969,-71.094102,170002,
8000014,42.348968,-71.093383,170003,
8000014,42.348962,-71.093277,170004,
8000014,42.348948,-71.093214,170005,
8000014,42.348905,-71.093123,170006,
8000014,42.34864,-71.092792,170007,
8000014,42.348184,-71.092252,170008,
8000014,42.348133,-71.092174,170009,
8000014,42.348056,-71.092005,170010,
8000014,42.348019,-71.091888,170011,
8000014,42.347998,-71.091797,170012,
8000014,42.347988,-71.091707,170013,
8000014,42.348082,-71.088564,170014,
8000014,42.348076,-71.088178,170015,
8000014,42.348058,-71.087953,170016,
8000014,42.348058,-71.087953,180001,
8000014,42.348034,-71.087653,180002,
8000014,42.348012,-71.087419,180003,
8000014,42.347829,-71.085651,180004,
8000014,42.347831,-71.085554,180005,
8000014,42.347838,-71.085472,180006,
8000014,42.347877,-71.0853,180007,
8000014,42.349615,-71.078855,180008,
8000014,42.349747,-71.078361,180009,
8000014,42.349906,-71.077713,180010,
8000014,42.349979,-71.077446,180011,
8000014,42.349979,-71.077446,190001,
8000014,42.351757,-71.07097,190002,
8000014,42.351802,-71.070798,190003,
8000014,42.351802,-71.070798,200001,
8000014,42.352242,-71.069109,200002,
8000014,42.352427,-71.068292,200003,
8000014,42.352528,-71.067633,200004,
8000014,42.352589,-71.067135,200005,
8000014,42.352464,-71.06504,200006,
8000014,42.352481,-71.06488,200007,
8000014,42.352502,-71.064808,200008,
8000014,42.352532,-71.064751,200009,
8000014,42.352559,-71.064719,200010,
8000014,42.352559,-71.064719,210001,
8000014,42.352584,-71.064688,210002,
8000014,42.353028,-71.064543,210003,
8000014,42.35318,-71.064467,210004,
8000014,42.353351,-71.064363,210005,
8000014,42.353564,-71.064264,210006,
8000014,42.353644,-71.064166,210007,
8000014,42.353725,-71.064129,210008,
8000014,42.353896,-71.064035,210009,
8000014,42.354002,-71.063991,210010,
8000014,42.354517,-71.063713,210011,
8000014,42.354773,-71.063596,210012,
8000014,42.354897,-71.06352,210013,
8000014,42.355047,-71.063499,210014,
8000014,42.355287,-71.063349,210015,
8000014,42.355495,-71.063168,210016,
8000014,42.355624,-71.063034,210017,
8000014,42.355781,-71.062846,210018,
8000014,42.355921,-71.06269,210019,
8000014,42.356219,-71.062336,210020,
8000014,42.356333,-71.062194,210021,
8000014,42.356333,-71.062194,220001,
8000014,42.356581,-71.061887,220002,
8000014,42.356693,-71.06176,220003,
8000014,42.356805,-71.061665,220004,
8000014,42.356984,-71.061489,220005,
8000014,42.357219,-71.061218,220006,
8000014,42.357811,-71.060584,220007,
8000014,42.35808,-71.060329,220008,
8000014,42.359069,-71.059616,220009,
8000014,42.359208,-71.059508,220010,
8000014,42.359379,-71.059357,220011,
8000014,42.359379,-71.059357,230001,
8000014,42.359435,-71.059307,230002,
8000014,42.359534,-71.05922,230003,
8000014,42.359782,-71.058984,230004,
8000014,42.360846,-71.058034,230005,
8000014,42.36096,-71.057951,230006,
8000014,42.361071,-71.057935,230007,
8000014,42.361266,-71.057954,230008,
8000014,42.362562,-71.058051,230009,
8000014,42.362731,-71.058096,230010,
8000014,42.362865,-71.058119,230011,
8000014,42.362973,-71.058147,230012,
8000014,42.36303,-71.058182,230013,
8000014,42.36303,-71.058182,240001,
8000014,42.363191,-71.058281,240002,
8000014,42.363258,-71.058332,240003,
8000014,42.363465,-71.058509,240004,
8000014,42.363543,-71.058602,240005,
8000014,42.363989,-71.059097,240006,
8000014,42.365655,-71.060598,240007,
8000014,42.365655,-71.060598,250001,
8000014,42.365743,-71.060677,250002,
8000014,42.366493,-71.061417,250003,
8000014,42.36653,-71.061508,250004,
8000014,42.366551,-71.061592,250005,
8000014,42.366554,-71.061694,250006,
8000014,42.366532,-71.061902,250007,
8000014,42.366505,-71.062022,250008,
8000014,42.366446,-71.062158,250009,
8000014,42.365954,-71.063284,250010,
8000014,42.365749,-71.063754,250011,
8000014,42.365682,-71.063979,250012,
8000014,42.365646,-71.064149,250013,
8000014,42.365627,-71.064332,250014,
8000014,42.365639,-71.064413,250015,
8000014,42.365664,-71.064487,250016,
8000014,42.36581,-71.064812,250017,
8000014,42.365971,-71.06546,250018,
8000014,42.36603,-71.065719,250019,
8000014,42.366089,-71.066057,250020,
8000014,42.366204,-71.066485,250021,
8000014,42.366303,-71.066764,250022,
8000014,42.366402,-71.067014,250023,
8000014,42.366512,-71.067251,250024,
8000014,42.366616,-71.06746,250025,
8000014,42.366707,-71.067651,250026,
8000014,42.3669,-71.068029,250027,
8000014,42.366933,-71.068095,250028,
8000014,42.367366,-71.068936,250029,
8000014,42.367649,-71.069576,250030,
8000014,42.367649,-71.069576,260001,
8000014,42.367683,-71.069654,260002,
8000014,42.367917,-71.070106,260003,
8000014,42.368429,-71.071138,260004,
8000014,42.368968,-71.072176,260005,
8000014,42.369377,-71.072975,260006,
8000014,42.369657,-71.073517,260007,
8000014,42.37024,-71.074681,260008,
8000014,42.370315,-71.07484,260009,
8000014,42.370578,-71.075403,260010,
8000014,42.371012,-71.075941,260011,
8000014,42.37125,-71.076109,260012,
8000014,42.371261,-71.076118,260013,
8000014,42.371261,-71.076118,270001,
8000014,42.371409,-71.076236,270002,
8000014,42.371525,-71.076329,270003,
8000014,42.371613,-71.076413,270004,
8000014,42.371718,-71.076548,270005,
8000014,42.371858,-71.076762,270006,
8000014,42.371947,-71.076976,270007,
8000014,42.37207,-71.077361,270008,
8000014,42.372184,-71.077722,270009,
8000014,42.373205,-71.079862,270010,
8000014,42.373447,-71.080345,270011,
8000014,42.373707,-71.080624,270012,
8000014,42.373996,-71.080904,270013,
8000014,42.374127,-71.080999,270014,
8000014,42.374321,-71.081098,270015,
8000014,42.374488,-71.081143,270016,
8000014,42.374584,-71.081169,270017,
8000014,42.374897,-71.081326,270018,
8000014,42.375031,-71.081425,270019,
8000014,42.375151,-71.081576,270020,
8000014,42.375301,-71.081786,270021,
8000014,42.375489,-71.082117,270022,
8000014,42.375632,-71.082422,270023,
8000014,42.375683,-71.082556,270024,
8000014,42.375763,-71.082716,270025,
8000014,42.375833,-71.08285,270026,
8000014,42.375993,-71.08305,270027,
8000014,42.376292,-71.08337,270028,
8000014,42.376632,-71.083716,270029,
8000014,42.376951,-71.084036,270030,
8000014,42.378991,-71.085991,270031,
8000014,42.379253,-71.086292,270032,
8000014,42.379576,-71.086713,270033,
8000014,42.379771,-71.086953,270034,
8000014,42.380373,-71.087547,270035,
8000014,42.380373,-71.087547,280001,
8000014,42.381172,-71.088334,280002,
8000014,42.382746,-71.089925,280003,
8000014,42.383652,-71.090755,280004,
8000014,42.384019,-71.091055,280005,
8000014,42.384551,-71.091464,280006,
8000014,42.384925,-71.091865,280007,
8000014,42.38515,-71.092115,280008,
8000014,42.38542,-71.092365,280009,
8000014,42.385825,-71.092806,280010,
8000014,42.386087,-71.093126,280011,
8000014,42.386305,-71.093407,280012,
8000014,42.386658,-71.093979,280013,
8000014,42.386996,-71.094581,280014,
8000014,42.387237,-71.095093,280015,
8000014,42.387726,-71.096188,280016,
8000014,42.388012,-71.09682,280017,
8000014,42.388203,-71.097243,280018,
8000014,42.388203,-71.097243,290001,
8000014,42.388253,-71.097353,290002,
8000014,42.388545,-71.097956,290003,
8000014,42.388765,-71.098408,290004,
8000014,42.388901,-71.098717,290005,
8000014,42.389121,-71.099161,290006,
8000014,42.389453,-71.099959,290007,
8000014,42.38964,-71.10038,290008,
8000014,42.390333,-71.101924,290009,
8000014,42.390779,-71.102842,290010,
8000014,42.390863,-71.10303,290011,
8000014,42.391032,-71.103362,290012,
8000014,42.391167,-71.103587,290013,
8000014,42.391398,-71.10394,290014,
8000014,42.39164,-71.104294,290015,
8000014,42.391781,-71.104497,290016,
8000014,42.391837,-71.104594,290017,
8000014,42.392101,-71.10491,290018,
8000014,42.392325,-71.105135,290019,
8000014,42.392629,-71.10545,290020,
8000014,42.392893,-71.105721,290021,
8000014,42.392999,-71.10581,290022,
8000014,42.39325,-71.106007,290023,
8000014,42.393497,-71.106184,290024,
8000014,42.393529,-71.106206,290025,
8000014,42.393529,-71.106206,300001,
8000014,42.393635,-71.106281,300002,
8000014,42.393941,-71.106509,300003,
8000014,42.394281,-71.106772,300004,
8000014,42.394576,-71.106989,300005,
8000014,42.394828,-71.107184,300006,
8000014,42.395003,-71.107304,300007,
8000014,42.395197,-71.107447,300008,
8000014,42.39539,-71.107585,300009,
8000014,42.395587,-71.107739,300010,
8000014,42.395646,-71.10778,300011,
8000014,42.395742,-71.107855,300012,
8000014,42.396034,-71.108068,300013,
8000014,42.396241,-71.108219,300014,
8000014,42.396413,-71.10835,300015,
8000014,42.39648,-71.10841,300016,
8000014,42.397003,-71.108804,300017,
8000014,42.397259,-71.108995,300018,
8000014,42.397523,-71.109197,300019,
8000014,42.39786,-71.109448,300020,
8000014,42.39809,-71.109621,300021,
8000014,42.398273,-71.109756,300022,
8000014,42.398551,-71.109962,300023,
8000014,42.398781,-71.110138,300024,
8000014,42.399071,-71.110352,300025,
8000014,42.399234,-71.110472,300026,
8000014,42.399554,-71.110708,300027,
8000014,42.399832,-71.110918,300028,
8000014,42.400068,-71.111096,300029,
8000014,42.400068,-71.111096,310001,
8000014,42.400115,-71.111132,310002,
8000014,42.400307,-71.111274,310003,
8000014,42.400531,-71.11145,310004,
8000014,42.400773,-71.111627,310005,
8000014,42.401113,-71.11187,310006,
8000014,42.401425,-71.112091,310007,
8000014,42.401576,-71.112208,310008,
8000014,42.401677,-71.112283,310009,
8000014,42.401852,-71.11241,310010,
8000014,42.402048,-71.11256,310011,
8000014,42.402228,-71.112695,310012,
8000014,42.402416,-71.11283,310013,
8000014,42.402618,-71.112976,310014,
8000014,42.402731,-71.113059,310015,
8000014,42.40293,-71.113213,310016,
8000014,42.403127,-71.11337,310017,
8000014,42.403469,-71.113629,310018,
8000014,42.403773,-71.113846,310019,
8000014,42.403927,-71.113962,310020,
8000014,42.404385,-71.114319,310021,
8000014,42.404466,-71.114375,310022,
8000014,42.404888,-71.11469,310023,
8000014,42.405744,-71.115339,310024,
8000014,42.406472,-71.115875,310025,
8000014,42.407166,-71.116393,310026,
8000014,42.407396,-71.116565,310027,
8000014,42.407478,-71.116633,310028,
8000014,42.407553,-71.116693,310029,
8000014,42.407654,-71.116767,310030,
8000015,42.328341,-71.110095,10001,
8000015,42.328357,-71.11008,10002,
8000015,42.328382,-71.110069,10003,
8000015,42.328463,-71.11009,10004,
8000015,42.328501,-71.110119,10005,
8000015,42.328555,-71.110188,10006,
8000015,42.328613,-71.11025,10007,
8000015,42.328731,-71.110415,10008,
8000015,42.328823,-71.110545,10009,
8000015,42.32898,-71.110743,10010,
8000015,42.329172,-71.110846,10011,
8000015,42.329528,-71.111021,10012,
8000015,42.330015,-71.111255,10013,
8000015,42.33014,-71.111304,10014,
8000015,42.33014,-71.111304,20001,
8000015,42.330784,-71.111554,20002,
8000015,42.331695,-71.111894,20003,
8000015,42.331695,-71.111894,30001,
8000015,42.331804,-71.111935,30002,
8000015,42.331939,-71.111978,30003,
8000015,42.331972,-71.111972,30004,
8000015,42.332,-71.111943,30005,
8000015,42.332091,-71.111807,30006,
8000015,42.332184,-71.111667,30007,
8000015,42.332266,-71.111518,30008,
8000015,42.332384,-71.111349,30009,
8000015,42.332523,-71.111143,30010,
8000015,42.33276,-71.110745,30011,
8000015,42.33283,-71.110585,30012,
8000015,42.332906,-71.110429,30013,
8000015,42.333038,-71.110158,30014,
8000015,42.333089,-71.109987,30015,
8000015,42.333133,-71.10986,30016,
8000015,42.333142,-71.109815,30017,
8000015,42.333159,-71.109698,30018,
8000015,42.333159,-71.109698,40001,
8000015,42.333176,-71.109587,40002,
8000015,42.33319,-71.109356,40003,
8000015,42.333193,-71.109078,40004,
8000015,42.333203,-71.108799,40005,
8000015,42.333203,-71.10852,40006,
8000015,42.33322,-71.108198,40007,
8000015,42.33323,-71.107447,40008,
8000015,42.333226,-71.107036,40009,
8000015,42.333233,-71.106898,40010,
8000015,42.333257,-71.106715,40011,
8000015,42.333332,-71.106456,40012,
8000015,42.333408,-71.106247,40013,
8000015,42.333561,-71.105937,40014,
8000015,42.333643,-71.105812,40015,
8000015,42.333695,-71.105713,40016,
8000015,42.333695,-71.105713,50001,
8000015,42.33383,-71.105456,50002,
8000015,42.334,-71.105107,50003,
8000015,42.334079,-71.104901,50004,
8000015,42.334178,-71.104641,50005,
8000015,42.334178,-71.104641,60001,
8000015,42.334207,-71.104567,60002,
8000015,42.334303,-71.104357,60003,
8000015,42.334521,-71.1038,60004,
8000015,42.334554,-71.103719,60005,
8000015,42.335021,-71.102494,60006,
8000015,42.335123,-71.102206,60007,
8000015,42.335347,-71.1015,60008,
8000015,42.335424,-71.101283,60009,
8000015,42.335639,-71.100734,60010,
8000015,42.33579,-71.100376,60011,
8000015,42.335869,-71.100168,60012,
8000015,42.335917,-71.100058,60013,
8000015,42.335917,-71.100058,70001,
8000015,42.336149,-71.099515,70002,
8000015,42.336382,-71.098892,70003,
8000015,42.337005,-71.097302,70004,
8000015,42.337513,-71.096018,70005,
8000015,42.337705,-71.095491,70006,
8000015,42.337705,-71.095491,80001,
8000015,42.337832,-71.095143,80002,
8000015,42.338306,-71.094008,80003,
8000015,42.33844,-71.093675,80004,
8000015,42.338798,-71.09275,80005,
8000015,42.338912,-71.092417,80006,
8000015,42.339065,-71.092016,80007,
8000015,42.339318,-71.091392,80008,
8000015,42.339572,-71.090735,80009,
8000015,42.339621,-71.090605,80010,
8000015,42.340081,-71.08947,80011,
8000015,42.340278,-71.088987,80012,
8000015,42.340367,-71.08878,80013,
8000015,42.340367,-71.08878,90001,
8000015,42.340631,-71.088168,90002,
8000015,42.340759,-71.087834,90003,
8000015,42.340908,-71.087452,90004,
8000015,42.340997,-71.087224,90005,
8000015,42.341081,-71.087026,90006,
8000015,42.341274,-71.086695,90007,
8000015,42.341388,-71.086512,90008,
8000015,42.341753,-71.086054,90009,
8000015,42.342552,-71.0851,90010,
8000015,42.34272,-71.084902,90011,
8000015,42.342944,-71.084625,90012,
8000015,42.342944,-71.084625,100001,
8000015,42.345318,-71.081698,100002,
8000015,42.345421,-71.081567,100003,
8000015,42.345421,-71.081567,110001,
8000015,42.345582,-71.081362,110002,
8000015,42.346671,-71.079935,110003,
8000015,42.346792,-71.079788,110004,
8000015,42.34695,-71.079659,110005,
8000015,42.34723,-71.079523,110006,
8000015,42.348719,-71.079145,110007,
8000015,42.348799,-71.079132,110008,
8000015,42.349354,-71.079329,110009,
8000015,42.349438,-71.079285,110010,
8000015,42.349486,-71.079188,110011,
8000015,42.349615,-71.078855,110012,
8000015,42.349747,-71.078361,110013,
8000015,42.349906,-71.077713,110014,
8000015,42.349979,-71.077446,110015,
8000015,42.349979,-71.077446,120001,
8000015,42.351757,-71.07097,120002,
8000015,42.351802,-71.070798,120003,
8000015,42.351802,-71.070798,130001,
8000015,42.352242,-71.069109,130002,
8000015,42.352427,-71.068292,130003,
8000015,42.352528,-71.067633,130004,
8000015,42.352589,-71.067135,130005,
8000015,42.352464,-71.06504,130006,
8000015,42.352481,-71.06488,130007,
8000015,42.352502,-71.064808,130008,
8000015,42.352532,-71.064751,130009,
8000015,42.352559,-71.064719,130010,
8000015,42.352559,-71.064719,140001,
8000015,42.352584,-71.064688,140002,
8000015,42.353028,-71.064543,140003,
8000015,42.35318,-71.064467,140004,
8000015,42.353351,-71.064363,140005,
8000015,42.353564,-71.064264,140006,
8000015,42.353644,-71.064166,140007,
8000015,42.353725,-71.064129,140008,
8000015,42.353896,-71.064035,140009,
8000015,42.354002,-71.063991,140010,
8000015,42.354517,-71.063713,140011,
8000015,42.354773,-71.063596,140012,
8000015,42.354897,-71.06352,140013,
8000015,42.355047,-71.063499,140014,
8000015,42.355287,-71.063349,140015,
8000015,42.355495,-71.063168,140016,
8000015,42.355624,-71.063034,140017,
8000015,42.355781,-71.062846,140018,
8000015,42.355921,-71.06269,140019,
8000015,42.356219,-71.062336,140020,
8000015,42.356333,-71.062194,140021,
8000015,42.356333,-71.062194,150001,
8000015,42.356581,-71.061887,150002,
8000015,42.356693,-71.06176,150003,
8000015,42.356805,-71.061665,150004,
8000015,42.356984,-71.061489,150005,
8000015,42.357219,-71.061218,150006,
8000015,42.357811,-71.060584,150007,
8000015,42.35808,-71.060329,150008,
8000015,42.359069,-71.059616,150009,
8000015,42.359208,-71.059508,150010,
8000015,42.359379,-71.059357,150011,
8000015,42.359379,-71.059357,160001,
8000015,42.359435,-71.059307,160002,
8000015,42.359534,-71.05922,160003,
8000015,42.359782,-71.058984,160004,
8000015,42.360846,-71.058034,160005,
8000015,42.36096,-71.057951,160006,
8000015,42.361071,-71.057935,160007,
8000015,42.361266,-71.057954,160008,
8000015,42.362562,-71.058051,160009,
8000015,42.362731,-71.058096,160010,
8000015,42.362865,-71.058119,160011,
8000015,42.362973,-71.058147,160012,
8000015,42.36303,-71.058182,160013,
8000015,42.36303,-71.058182,170001,
8000015,42.363191,-71.058281,170002,
8000015,42.363258,-71.058332,170003,
8000015,42.363465,-71.058509,170004,
8000015,42.363543,-71.058602,170005,
8000015,42.363989,-71.059097,170006,
8000015,42.365655,-71.060598,170007,
8000015,42.365655,-71.060598,180001,
8000015,42.365743,-71.060677,180002,
8000015,42.366493,-71.061417,180003,
8000015,42.36653,-71.061508,180004,
8000015,42.366551,-71.061592,180005,
8000015,42.366554,-71.061694,180006,
8000015,42.366532,-71.061902,180007,
8000015,42.366505,-71.062022,180008,
8000015,42.366446,-71.062158,180009,
8000015,42.365954,-71.063284,180010,
8000015,42.365749,-71.063754,180011,
8000015,42.365682,-71.063979,180012,
8000015,42.365646,-71.064149,180013,
8000015,42.365627,-71.064332,180014,
8000015,42.365639,-71.064413,180015,
8000015,42.365664,-71.064487,180016,
8000015,42.36581,-71.064812,180017,
8000015,42.365971,-71.06546,180018,
8000015,42.36603,-71.065719,180019,
8000015,42.366089,-71.066057,180020,
8000015,42.366204,-71.066485,180021,
8000015,42.366303,-71.066764,180022,
8000015,42.366402,-71.067014,180023,
8000015,42.366512,-71.067251,180024,
8000015,42.366616,-71.06746,180025,
8000015,42.366707,-71.067651,180026,
8000015,42.3669,-71.068029,180027,
8000015,42.366933,-71.068095,180028,
8000015,42.367366,-71.068936,180029,
8000015,42.367649,-71.069576,180030,
8000015,42.367649,-71.069576,190001,
8000015,42.367683,-71.069654,190002,
8000015,42.367917,-71.070106,190003,
8000015,42.368429,-71.071138,190004,
8000015,42.368968,-71.072176,190005,
8000015,42.369377,-71.072975,190006,
8000015,42.369657,-71.073517,190007,
8000015,42.37024,-71.074681,190008,
8000015,42.370315,-71.07484,190009,
8000015,42.370578,-71.075403,190010,
8000015,42.371012,-71.075941,190011,
8000015,42.37125,-71.076109,190012,
8000015,42.371261,-71.076118,190013,
8000015,42.371261,-71.076118,200001,
8000015,42.371409,-71.076236,200002,
8000015,42.371525,-71.076329,200003,
8000015,42.371613,-71.076413,200004,
8000015,42.371718,-71.076548,200005,
8000015,42.371858,-71.076762,200006,
8000015,42.371947,-71.076976,200007,
8000015,42.37207,-71.077361,200008,
8000015,42.372184,-71.077722,200009,
8000015,42.373205,-71.079862,200010,
8000015,42.373447,-71.080345,200011,
8000015,42.373707,-71.080624,200012,
8000015,42.373996,-71.080904,200013,
8000015,42.374127,-71.080999,200014,
8000015,42.374321,-71.081098,200015,
8000015,42.374488,-71.081143,200016,
8000015,42.374584,-71.081169,200017,
8000015,42.374897,-71.081326,200018,
8000015,42.375031,-71.081425,200019,
8000015,42.375151,-71.081576,200020,
8000015,42.375301,-71.081786,200021,
8000015,42.375489,-71.082117,200022,
8000015,42.375632,-71.082422,200023,
8000015,42.375683,-71.082556,200024,
8000015,42.375763,-71.082716,200025,
8000015,42.375833,-71.08285,200026,
8000015,42.375993,-71.08305,200027,
8000015,42.376292,-71.08337,200028,
8000015,42.376632,-71.083716,200029,
8000015,42.376951,-71.084036,200030,
8000015,42.378991,-71.085991,200031,
8000015,42.379253,-71.086292,200032,
8000015,42.379576,-71.086713,200033,
8000015,42.379771,-71.086953,200034,
8000015,42.380373,-71.087547,200035,
8000015,42.380373,-71.087547,210001,
8000015,42.381172,-71.088334,210002,
8000015,42.382746,-71.089925,210003,
8000015,42.383652,-71.090755,210004,
8000015,42.384019,-71.091055,210005,
8000015,42.384551,-71.091464,210006,
8000015,42.384925,-71.091865,210007,
8000015,42.38515,-71.092115,210008,
8000015,42.38542,-71.092365,210009,
8000015,42.385825,-71.092806,210010,
8000015,42.386087,-71.093126,210011,
8000015,42.386305,-71.093407,210012,
8000015,42.386658,-71.093979,210013,
8000015,42.386996,-71.094581,210014,
8000015,42.387237,-71.095093,210015,
8000015,42.387726,-71.096188,210016,
8000015,42.388012,-71.09682,210017,
8000015,42.388203,-71.097243,210018,
8000015,42.388203,-71.097243,220001,
8000015,42.388253,-71.097353,220002,
8000015,42.388545,-71.097956,220003,
8000015,42.388765,-71.098408,220004,
8000015,42.388901,-71.098717,220005,
8000015,42.389121,-71.099161,220006,
8000015,42.389453,-71.099959,220007,
8000015,42.38964,-71.10038,220008,
8000015,42.390333,-71.101924,220009,
8000015,42.390779,-71.102842,220010,
8000015,42.390863,-71.10303,220011,
8000015,42.391032,-71.103362,220012,
8000015,42.391167,-71.103587,220013,
8000015,42.391398,-71.10394,220014,
8000015,42.39164,-71.104294,220015,
8000015,42.391781,-71.104497,220016,
8000015,42.391837,-71.104594,220017,
8000015,42.392101,-71.10491,220018,
8000015,42.392325,-71.105135,220019,
8000015,42.392629,-71.10545,220020,
8000015,42.392893,-71.105721,220021,
8000015,42.392999,-71.10581,220022,
8000015,42.39325,-71.106007,220023,
8000015,42.393497,-71.106184,220024,
8000015,42.393529,-71.106206,220025,
8000015,42.393529,-71.106206,230001,
8000015,42.393635,-71.106281,230002,
8000015,42.393941,-71.106509,230003,
8000015,42.394281,-71.106772,230004,
8000015,42.394576,-71.106989,230005,
8000015,42.394828,-71.107184,230006,
8000015,42.395003,-71.107304,230007,
8000015,42.395197,-71.107447,230008,
8000015,42.39539,-71.107585,230009,
8000015,42.395587,-71.107739,230010,
8000015,42.395646,-71.10778,230011,
8000015,42.395742,-71.107855,230012,
8000015,42.396034,-71.108068,230013,
8000015,42.396241,-71.108219,230014,
8000015,42.396413,-71.10835,230015,
8000015,42.39648,-71.10841,230016,
8000015,42.397003,-71.108804,230017,
8000015,42.397259,-71.108995,230018,
8000015,42.397523,-71.109197,230019,
8000015,42.39786,-71.109448,230020,
8000015,42.39809,-71.109621,230021,
8000015,42.398273,-71.109756,230022,
8000015,42.398551,-71.109962,230023,
8000015,42.398781,-71.110138,230024,
8000015,42.399071,-71.110352,230025,
8000015,42.399234,-71.110472,230026,
8000015,42.399554,-71.110708,230027,
8000015,42.399832,-71.110918,230028,
8000015,42.400068,-71.111096,230029,
8000015,42.400068,-71.111096,240001,
8000015,42.400115,-71.111132,240002,
8000015,42.400307,-71.111274,240003,
8000015,42.400531,-71.11145,240004,
8000015,42.400773,-71.111627,240005,
8000015,42.401113,-71.11187,240006,
8000015,42.401425,-71.112091,240007,
8000015,42.401576,-71.112208,240008,
8000015,42.401677,-71.112283,240009,
8000015,42.401852,-71.11241,240010,
8000015,42.402048,-71.11256,240011,
8000015,42.402228,-71.112695,240012,
8000015,42.402416,-71.11283,240013,
8000015,42.402618,-71.112976,240014,
8000015,42.402731,-71.113059,240015,
8000015,42.40293,-71.113213,240016,
8000015,42.403127,-71.11337,240017,
8000015,42.403469,-71.113629,240018,
8000015,42.403773,-71.113846,240019,
8000015,42.403927,-71.113962,240020,
8000015,42.404385,-71.114319,240021,
8000015,42.404466,-71.114375,240022,
8000015,42.404888,-71.11469,240023,
8000015,42.405744,-71.115339,240024,
8000015,42.406472,-71.115875,240025,
8000015,42.407166,-71.116393,240026,
8000015,42.407396,-71.116565,240027,
8000015,42.407478,-71.116633,240028,
8000015,42.407553,-71.116693,240029,
8000015,42.407654,-71.116767,240030,
8000016,42.336152,-71.149186,10001,
8000016,42.336314,-71.148435,10002,
8000016,42.336397,-71.148102,10003,
8000016,42.336432,-71.147967,10004,
8000016,42.336628,-71.147112,10005,
8000016,42.336965,-71.145497,10006,
8000016,42.337007,-71.145323,10007,
8000016,42.337007,-71.145323,20001,
8000016,42.337044,-71.145168,20002,
8000016,42.337096,-71.144894,20003,
8000016,42.337201,-71.144355,20004,
8000016,42.337364,-71.143602,20005,
8000016,42.337536,-71.142709,20006,
8000016,42.337627,-71.142281,20007,
8000016,42.337655,-71.142111,20008,
8000016,42.33775,-71.141654,20009,
8000016,42.33775,-71.141654,30001,
8000016,42.337843,-71.141209,30002,
8000016,42.338055,-71.140278,30003,
8000016,42.338258,-71.139439,30004,
8000016,42.338414,-71.138769,30005,
8000016,42.338397,-71.138861,30006,
8000016,42.33844,-71.13869,30007,
8000016,42.33844,-71.13869,40001,
8000016,42.338651,-71.137838,40002,
8000016,42.339005,-71.136325,40003,
8000016,42.339115,-71.135897,40004,
8000016,42.33917,-71.135708,40005,
8000016,42.339198,-71.135644,40006,
8000016,42.339314,-71.135368,40007,
8000016,42.339376,-71.135194,40008,
8000016,42.339387,-71.135152,40009,
8000016,42.339387,-71.135152,50001,
8000016,42.339437,-71.13496,50002,
8000016,42.339471,-71.134827,50003,
8000016,42.339514,-71.134618,50004,
8000016,42.339573,-71.134112,50005,
8000016,42.339601,-71.133779,50006,
8000016,42.339612,-71.133492,50007,
8000016,42.339601,-71.132847,50008,
8000016,42.339599,-71.131969,50009,
8000016,42.33961,-71.131509,50010,
8000016,42.339616,-71.131429,50011,
8000016,42.339616,-71.131429,60001,
8000016,42.339624,-71.131299,60002,
8000016,42.339665,-71.130777,60003,
8000016,42.339718,-71.130272,60004,
8000016,42.339793,-71.129786,60005,
8000016,42.339863,-71.129397,60006,
8000016,42.339863,-71.129397,70001,
8000016,42.339887,-71.129266,70002,
8000016,42.340025,-71.128713,70003,
8000016,42.340122,-71.128337,70004,
8000016,42.340229,-71.127968,70005,
8000016,42.340421,-71.127394,70006,
8000016,42.340503,-71.12718,70007,
8000016,42.340661,-71.12679,70008,
8000016,42.340714,-71.126644,70009,
8000016,42.340768,-71.126517,70010,
8000016,42.340816,-71.126391,70011,
8000016,42.340989,-71.125874,70012,
8000016,42.341011,-71.125786,70013,
8000016,42.341155,-71.125265,70014,
8000016,42.341155,-71.125265,80001,
8000016,42.341197,-71.125113,80002,
8000016,42.341395,-71.124308,80003,
8000016,42.341455,-71.12403,80004,
8000016,42.341656,-71.123054,80005,
8000016,42.342004,-71.121719,80006,
8000016,42.342101,-71.121402,80007,
8000016,42.342126,-71.12129,80008,
8000016,42.342151,-71.121171,80009,
8000016,42.342151,-71.121171,90001,
8000016,42.342189,-71.120987,90002,
8000016,42.342201,-71.120859,90003,
8000016,42.342226,-71.120666,90004,
8000016,42.342365,-71.120112,90005,
8000016,42.342472,-71.119735,90006,
8000016,42.342651,-71.119135,90007,
8000016,42.343147,-71.117365,90008,
8000016,42.343302,-71.116778,90009,
8000016,42.343302,-71.116778,100001,
8000016,42.343356,-71.116573,100002,
8000016,42.343438,-71.116244,100003,
8000016,42.343697,-71.115368,100004,
8000016,42.343944,-71.114455,100005,
8000016,42.344052,-71.114067,100006,
8000016,42.344113,-71.113841,100007,
8000016,42.344113,-71.113841,110001,
8000016,42.344366,-71.112888,110002,
8000016,42.344541,-71.112294,110003,
8000016,42.344741,-71.11157,110004,
8000016,42.344845,-71.111175,110005,
8000016,42.344862,-71.111116,110006,
8000016,42.344862,-71.111116,120001,
8000016,42.345181,-71.109968,120002,
8000016,42.345305,-71.10954,120003,
8000016,42.34542,-71.109091,120004,
8000016,42.345494,-71.108804,120005,
8000016,42.345792,-71.107741,120006,
8000016,42.345849,-71.107562,120007,
8000016,42.345934,-71.107332,120008,
8000016,42.345934,-71.107332,130001,
8000016,42.345968,-71.107237,130002,
8000016,42.346054,-71.106994,130003,
8000016,42.346201,-71.106504,130004,
8000016,42.346464,-71.105515,130005,
8000016,42.347639,-71.101425,130006,
8000016,42.348799,-71.096973,130007,
8000016,42.348813,-71.096873,130008,
8000016,42.348813,-71.096873,140001,
8000016,42.348825,-71.096785,140002,
8000016,42.348837,-71.09578,140003,
8000016,42.348855,-71.095352,140004,
8000016,42.348877,-71.094806,140005,
8000016,42.348875,-71.094781,140006,
8000016,42.348965,-71.094152,140007,
8000016,42.348968,-71.094107,140008,
8000016,42.348968,-71.094107,150001,
8000016,42.348969,-71.094102,150002,
8000016,42.348968,-71.093383,150003,
8000016,42.348962,-71.093277,150004,
8000016,42.348948,-71.093214,150005,
8000016,42.348905,-71.093123,150006,
8000016,42.34864,-71.092792,150007,
8000016,42.348184,-71.092252,150008,
8000016,42.348133,-71.092174,150009,
8000016,42.348056,-71.092005,150010,
8000016,42.348019,-71.091888,150011,
8000016,42.347998,-71.091797,150012,
8000016,42.347988,-71.091707,150013,
8000016,42.348082,-71.088564,150014,
8000016,42.348076,-71.088178,150015,
8000016,42.348058,-71.087953,150016,
8000016,42.348058,-71.087953,160001,
8000016,42.348034,-71.087653,160002,
8000016,42.348012,-71.087419,160003,
8000016,42.347829,-71.085651,160004,
8000016,42.347831,-71.085554,160005,
8000016,42.347838,-71.085472,160006,
8000016,42.347877,-71.0853,160007,
8000016,42.349615,-71.078855,160008,
8000016,42.349747,-71.078361,160009,
8000016,42.349906,-71.077713,160010,
8000016,42.349979,-71.077446,160011,
8000016,42.349979,-71.077446,170001,
8000016,42.351757,-71.07097,170002,
8000016,42.351802,-71.070798,170003,
8000016,42.351802,-71.070798,180001,
8000016,42.352242,-71.069109,180002,
8000016,42.352427,-71.068292,180003,
8000016,42.352528,-71.067633,180004,
8000016,42.352589,-71.067135,180005,
8000016,42.352464,-71.06504,180006,
8000016,42.352481,-71.06488,180007,
8000016,42.352502,-71.064808,180008,
8000016,42.352532,-71.064751,180009,
8000016,42.352559,-71.064719,180010,
8000016,42.352559,-71.064719,190001,
8000016,42.352584,-71.064688,190002,
8000016,42.353028,-71.064543,190003,
8000016,42.35318,-71.064467,190004,
8000016,42.353351,-71.064363,190005,
8000016,42.353564,-71.064264,190006,
8000016,42.353644,-71.064166,190007,
8000016,42.353725,-71.064129,190008,
8000016,42.353896,-71.064035,190009,
8000016,42.354002,-71.063991,190010,
8000016,42.354517,-71.063713,190011,
8000016,42.354773,-71.063596,190012,
8000016,42.354897,-71.06352,190013,
8000016,42.355047,-71.063499,190014,
8000016,42.355287,-71.063349,190015,
8000016,42.355495,-71.063168,190016,
8000016,42.355624,-71.063034,190017,
8000016,42.355781,-71.062846,190018,
8000016,42.355921,-71.06269,190019,
8000016,42.356219,-71.062336,190020,
8000016,42.356333,-71.062194,190021,
8000016,42.356333,-71.062194,200001,
8000016,42.356581,-71.061887,200002,
8000016,42.356693,-71.06176,200003,
8000016,42.356805,-71.061665,200004,
8000016,42.356984,-71.061489,200005,
8000016,42.357219,-71.061218,200006,
8000016,42.357811,-71.060584,200007,
8000016,42.35808,-71.060329,200008,
8000016,42.359069,-71.059616,200009,
8000016,42.359208,-71.059508,200010,
8000016,42.359379,-71.059357,200011,
8000016,42.359379,-71.059357,210001,
8000016,42.359435,-71.059307,210002,
8000016,42.359534,-71.05922,210003,
8000016,42.359782,-71.058984,210004,
8000016,42.360846,-71.058034,210005,
8000016,42.36096,-71.057951,210006,
8000016,42.361071,-71.057935,210007,
8000016,42.361266,-71.057954,210008,
8000016,42.362562,-71.058051,210009,
8000016,42.362731,-71.058096,210010,
8000016,42.362865,-71.058119,210011,
8000016,42.362973,-71.058147,210012,
8000016,42.36303,-71.058182,210013,
8000016,42.36303,-71.058182,220001,
8000016,42.363191,-71.058281,220002,
8000016,42.363258,-71.058332,220003,
8000016,42.363465,-71.058509,220004,
8000016,42.363543,-71.058602,220005,
8000016,42.363989,-71.059097,220006,
8000016,42.365655,-71.060598,220007,
8000016,42.365655,-71.060598,230001,
8000016,42.365743,-71.060677,230002,
8000016,42.366493,-71.061417,230003,
8000016,42.36653,-71.061508,230004,
8000016,42.366551,-71.061592,230005,
8000016,42.366554,-71.061694,230006,
8000016,42.366532,-71.061902,230007,
8000016,42.366505,-71.062022,230008,
8000016,42.366446,-71.062158,230009,
8000016,42.365954,-71.063284,230010,
8000016,42.365749,-71.063754,230011,
8000016,42.365682,-71.063979,230012,
8000016,42.365646,-71.064149,230013,
8000016,42.365627,-71.064332,230014,
8000016,42.365639,-71.064413,230015,
8000016,42.365664,-71.064487,230016,
8000016,42.36581,-71.064812,230017,
8000016,42.365971,-71.06546,230018,
8000016,42.36603,-71.065719,230019,
8000016,42.366089,-71.066057,230020,
8000016,42.366204,-71.066485,230021,
8000016,42.366303,-71.066764,230022,
8000016,42.366402,-71.067014,230023,
8000016,42.366512,-71.067251,230024,
8000016,42.366616,-71.06746,230025,
8000016,42.366707,-71.067651,230026,
8000016,42.3669,-71.068029,230027,
8000016,42.366933,-71.068095,230028,
8000016,42.367366,-71.068936,230029,
8000016,42.367649,-71.069576,230030,
8000016,42.367649,-71.069576,240001,
8000016,42.367683,-71.069654,240002,
8000016,42.367917,-71.070106,240003,
8000016,42.368429,-71.071138,240004,
8000016,42.368968,-71.072176,240005,
8000016,42.369377,-71.072975,240006,
8000016,42.369657,-71.073517,240007,
8000016,42.37024,-71.074681,240008,
8000016,42.370315,-71.07484,240009,
8000016,42.370578,-71.075403,240010,
8000016,42.371012,-71.075941,240011,
8000016,42.37125,-71.076109,240012,
8000016,42.371261,-71.076118,240013,
8000016,42.371261,-71.076118,250001,
8000016,42.371409,-71.076236,250002,
8000016,42.371525,-71.076329,250003,
8000016,42.371613,-71.076413,250004,
8000016,42.371718,-71.076548,250005,
8000016,42.371858,-71.076762,250006,
8000016,42.371947,-71.076976,250007,
8000016,42.37207,-71.077361,250008,
8000016,42.372184,-71.077722,250009,
8000016,42.373205,-71.079862,250010,
8000016,42.373447,-71.080345,250011,
8000016,42.373707,-71.080624,250012,
8000016,42.373996,-71.080904,250013,
8000016,42.374127,-71.080999,250014,
8000016,42.374321,-71.081098,250015,
8000016,42.374488,-71.081143,250016,
8000016,42.374584,-71.081169,250017,
8000016,42.374897,-71.081326,250018,
8000016,42.375031,-71.081425,250019,
8000016,42.375151,-71.081576,250020,
8000016,42.375301,-71.081786,250021,
8000016,42.375489,-71.082117,250022,
8000016,42.375632,-71.082422,250023,
8000016,42.375683,-71.082556,250024,
8000016,42.375763,-71.082716,250025,
8000016,42.375833,-71.08285,250026,
8000016,42.375993,-71.08305,250027,
8000016,42.376292,-71.08337,250028,
8000016,42.376632,-71.083716,250029,
8000016,42.376951,-71.084036,250030,
8000016,42.378991,-71.085991,250031,
8000016,42.379253,-71.086292,250032,
8000016,42.379576,-71.086713,250033,
8000016,42.379771,-71.086953,250034,
8000016,42.380373,-71.087547,250035,
8000016,42.380373,-71.087547,260001,
8000016,42.381172,-71.088334,260002,
8000016,42.382746,-71.089925,260003,
8000016,42.383652,-71.090755,260004,
8000016,42.384019,-71.091055,260005,
8000016,42.384551,-71.091464,260006,
8000016,42.384925,-71.091865,260007,
8000016,42.38515,-71.092115,260008,
8000016,42.38542,-71.092365,260009,
8000016,42.385825,-71.092806,260010,
8000016,42.386087,-71.093126,260011,
8000016,42.386305,-71.093407,260012,
8000016,42.386658,-71.093979,260013,
8000016,42.386996,-71.094581,260014,
8000016,42.387237,-71.095093,260015,
8000016,42.387726,-71.096188,260016,
8000016,42.388012,-71.09682,260017,
8000016,42.388203,-71.097243,260018,
8000016,42.388203,-71.097243,270001,
8000016,42.388253,-71.097353,270002,
8000016,42.388545,-71.097956,270003,
8000016,42.388765,-71.098408,270004,
8000016,42.388901,-71.098717,270005,
8000016,42.389121,-71.099161,270006,
8000016,42.389453,-71.099959,270007,
8000016,42.38964,-71.10038,270008,
8000016,42.390333,-71.101924,270009,
8000016,42.390779,-71.102842,270010,
8000016,42.390863,-71.10303,270011,
8000016,42.391032,-71.103362,270012,
8000016,42.391167,-71.103587,270013,
8000016,42.391398,-71.10394,270014,
8000016,42.39164,-71.104294,270015,
8000016,42.391781,-71.104497,270016,
8000016,42.391837,-71.104594,270017,
8000016,42.392101,-71.10491,270018,
8000016,42.392325,-71.105135,270019,
8000016,42.392629,-71.10545,270020,
8000016,42.392893,-71.105721,270021,
8000016,42.392999,-71.10581,270022,
8000016,42.39325,-71.106007,270023,
8000016,42.393497,-71.106184,270024,
8000016,42.393529,-71.106206,270025,
8000016,42.393529,-71.106206,280001,
8000016,42.393635,-71.106281,280002,
8000016,42.393941,-71.106509,280003,
8000016,42.394281,-71.106772,280004,
8000016,42.394576,-71.106989,280005,
8000016,42.394828,-71.107184,280006,
8000016,42.395003,-71.107304,280007,
8000016,42.395197,-71.107447,280008,
8000016,42.39539,-71.107585,280009,
8000016,42.395587,-71.107739,280010,
8000016,42.395646,-71.10778,280011,
8000016,42.395742,-71.107855,280012,
8000016,42.396034,-71.108068,280013,
8000016,42.396241,-71.108219,280014,
8000016,42.396413,-71.10835,280015,
8000016,42.39648,-71.10841,280016,
8000016,42.397003,-71.108804,280017,
8000016,42.397259,-71.108995,280018,
8000016,42.397523,-71.109197,280019,
8000016,42.39786,-71.109448,280020,
8000016,42.39809,-71.109621,280021,
8000016,42.398273,-71.109756,280022,
8000016,42.398551,-71.109962,280023,
8000016,42.398781,-71.110138,280024,
8000016,42.399071,-71.110352,280025,
8000016,42.399234,-71.110472,280026,
8000016,42.399554,-71.110708,280027,
8000016,42.399832,-71.110918,280028,
8000016,42.400068,-71.111096,280029,
8000016,42.400068,-71.111096,290001,
8000016,42.400115,-71.111132,290002,
8000016,42.400307,-71.111274,290003,
8000016,42.400531,-71.11145,290004,
8000016,42.400773,-71.111627,290005,
8000016,42.401113,-71.11187,290006,
8000016,42.401425,-71.112091,290007,
8000016,42.401576,-71.112208,290008,
8000016,42.401677,-71.112283,290009,
8000016,42.401852,-71.11241,290010,
8000016,42.402048,-71.11256,290011,
8000016,42.402228,-71.112695,290012,
8000016,42.402416,-71.11283,290013,
8000016,42.402618,-71.112976,290014,
8000016,42.402731,-71.113059,290015,
8000016,42.40293,-71.113213,290016,
8000016,42.403127,-71.11337,290017,
8000016,42.403469,-71.113629,290018,
8000016,42.403773,-71.113846,290019,
8000016,42.403927,-71.113962,290020,
8000016,42.404385,-71.114319,290021,
8000016,42.404466,-71.114375,290022,
8000016,42.404888,-71.11469,290023,
8000016,42.405744,-71.115339,290024,
8000016,42.406472,-71.115875,290025,
8000016,42.407166,-71.116393,290026,
8000016,42.407396,-71.116565,290027,
8000016,42.407478,-71.116633,290028,
8000016,42.407553,-71.116693,290029,
8000016,42.407654,-71.116767,290030,
899_0005,42.284095,-71.063302,10001,
899_0005,42.283901,-71.063183,10002,
899_0005,42.283786,-71.063105,10003,
899_0005,42.283646,-71.063,10004,
899_0005,42.28348,-71.062886,10005,
899_0005,42.283209,-71.062733,10006,
899_0005,42.282775,-71.062477,10007,
899_0005,42.282454,-71.062268,10008,
899_0005,42.281687,-71.061738,10009,
899_0005,42.281239,-71.061436,10010,
899_0005,42.280766,-71.061138,10011,
899_0005,42.280445,-71.06091,10012,
899_0005,42.279704,-71.060422,10013,
899_0005,42.279687,-71.060412,10014,
899_0005,42.279687,-71.060412,20001,
899_0005,42.279663,-71.060398,20002,
899_0005,42.27937,-71.060211,20003,
899_0005,42.279334,-71.06018,20004,
899_0005,42.279141,-71.060065,20005,
899_0005,42.278894,-71.059932,20006,
899_0005,42.27873,-71.05985,20007,
899_0005,42.278511,-71.059758,20008,
899_0005,42.278408,-71.059705,20009,
899_0005,42.27829,-71.059651,20010,
899_0005,42.276912,-71.059156,20011,
899_0005,42.276864,-71.059136,20012,
899_0005,42.276312,-71.05893,20013,
899_0005,42.276088,-71.05886,20014,
899_0005,42.275921,-71.058823,20015,
899_0005,42.275726,-71.058807,20016,
899_0005,42.275503,-71.058829,20017,
899_0005,42.275339,-71.058865,20018,
899_0005,42.275248,-71.058894,20019,
899_0005,42.275047,-71.058974,20020,
899_0005,42.274941,-71.059026,20021,
899_0005,42.274832,-71.059096,20022,
899_0005,42.27473,-71.059179,20023,
899_0005,42.274594,-71.059279,20024,
899_0005,42.274513,-71.059356,20025,
899_0005,42.274364,-71.059544,20026,
899_0005,42.274101,-71.059921,20027,
899_0005,42.273783,-71.060402,20028,
899_0005,42.273461,-71.060901,20029,
899_0005,42.273075,-71.061472,20030,
899_0005,42.272588,-71.06218,20031,
899_0005,42.272345,-71.062552,20032,
899_0005,42.272332,-71.062572,20033,
899_0005,42.272332,-71.062572,30001,
899_0005,42.272019,-71.063043,30002,
899_0005,42.271688,-71.06352,30003,
899_0005,42.271285,-71.064159,30004,
899_0005,42.271088,-71.064508,30005,
899_0005,42.27106,-71.064574,30006,
899_0005,42.271033,-71.06465,30007,
899_0005,42.27087,-71.065012,30008,
899_0005,42.270786,-71.065263,30009,
899_0005,42.270711,-71.065485,30010,
899_0005,42.270588,-71.065849,30011,
899_0005,42.270459,-71.066274,30012,
899_0005,42.270346,-71.066867,30013,
899_0005,42.270311,-71.067167,30014,
899_0005,42.270308,-71.067244,30015,
899_0005,42.270297,-71.06748,30016,
899_0005,42.270295,-71.067674,30017,
899_0005,42.270295,-71.067674,40001,
899_0005,42.270295,-71.067738,40002,
899_0005,42.2703,-71.067865,40003,
899_0005,42.270305,-71.068007,40004,
899_0005,42.270292,-71.068405,40005,
899_0005,42.27028,-71.069905,40006,
899_0005,42.270265,-71.070638,40007,
899_0005,42.270251,-71.071019,40008,
899_0005,42.270222,-71.071418,40009,
899_0005,42.270065,-71.072693,40010,
899_0005,42.270026,-71.073093,40011,
899_0005,42.270015,-71.07319,40012,
899_0005,42.270003,-71.073294,40013,
899_0005,42.269998,-71.07333,40014,
899_0005,42.269998,-71.07333,50001,
899_0005,42.269961,-71.07361,50002,
899_0005,42.269875,-71.074385,50003,
899_0005,42.269789,-71.075178,50004,
899_0005,42.26972,-71.075667,50005,
899_0005,42.269674,-71.075921,50006,
899_0005,42.269611,-71.076214,50007,
899_0005,42.269489,-71.076724,50008,
899_0005,42.269333,-71.077339,50009,
899_0005,42.269242,-71.077722,50010,
899_0005,42.268948,-71.078904,50011,
899_0005,42.268807,-71.079503,50012,
899_0005,42.268646,-71.080141,50013,
899_0005,42.268451,-71.080955,50014,
899_0005,42.268312,-71.081505,50015,
899_0005,42.268299,-71.081557,50016,
899_0005,42.268299,-71.081557,60001,
899_0005,42.268233,-71.081817,60002,
899_0005,42.26768,-71.084082,60003,
899_0005,42.267571,-71.084511,60004,
899_0005,42.267482,-71.084894,60005,
899_0005,42.267409,-71.08526,60006,
899_0005,42.267377,-71.08556,60007,
899_0005,42.26737,-71.085769,60008,
899_0005,42.267371,-71.086033,60009,
899_0005,42.267379,-71.086247,60010,
899_0005,42.267403,-71.086512,60011,
899_0005,42.267465,-71.086907,60012,
899_0005,42.267539,-71.087206,60013,
899_0005,42.267608,-71.087533,60014,
899_0005,42.267663,-71.087772,60015,
899_0005,42.267663,-71.087772,70001,
899_0005,42.267698,-71.087922,70002,
899_0005,42.267861,-71.088719,70003,
899_0005,42.267892,-71.088987,70004,
899_0005,42.267906,-71.089215,70005,
899_0005,42.267907,-71.089501,70006,
899_0005,42.267885,-71.089963,70007,
899_0005,42.267869,-71.090237,70008,
899_0005,42.267844,-71.090541,70009,
899_0005,42.267812,-71.090768,70010,
899_0005,42.267754,-71.090893,70011,
899_0005,42.26769,-71.090989,70012,
899_0005,42.267667,-71.091041,70013,
899_0005,42.26765,-71.091164,70014,
899_0005,42.267516,-71.091986,70015,
899_0005,42.267504,-71.09204,70016,
903_0029,42.300731,-71.114102,10001,
903_0029,42.301103,-71.113837,10002,
903_0029,42.301979,-71.113242,10003,
903_0029,42.302063,-71.113184,10004,
903_0029,42.302143,-71.11313,10005,
903_0029,42.302369,-71.112936,10006,
903_0029,42.30244,-71.112876,10007,
903_0029,42.302972,-71.11251,10008,
903_0029,42.303392,-71.112192,10009,
903_0029,42.304175,-71.111647,10010,
903_0029,42.304624,-71.111329,10011,
903_0029,42.305258,-71.11091,10012,
903_0029,42.306021,-71.110418,10013,
903_0029,42.306368,-71.110181,10014,
903_0029,42.307568,-71.109421,10015,
903_0029,42.307619,-71.109388,10016,
903_0029,42.308458,-71.108858,10017,
903_0029,42.308743,-71.108649,10018,
903_0029,42.308946,-71.108509,10019,
903_0029,42.309259,-71.108304,10020,
903_0029,42.310064,-71.107786,10021,
903_0029,42.310406,-71.107568,10022,
903_0029,42.310496,-71.10751,10023,
903_0029,42.310496,-71.10751,20001,
903_0029,42.310671,-71.107398,20002,
903_0029,42.3108,-71.107317,20003,
903_0029,42.311567,-71.106832,20004,
903_0029,42.312494,-71.106312,20005,
903_0029,42.312954,-71.106096,20006,
903_0029,42.313753,-71.105744,20007,
903_0029,42.313754,-71.105737,20008,
903_0029,42.314155,-71.105585,20009,
903_0029,42.314686,-71.105355,20010,
903_0029,42.315036,-71.105221,20011,
903_0029,42.315963,-71.104889,20012,
903_0029,42.316064,-71.104846,20013,
903_0029,42.316429,-71.104689,20014,
903_0029,42.317021,-71.104387,20015,
903_0029,42.31721,-71.10428,20016,
903_0029,42.317272,-71.104246,20017,
903_0029,42.317272,-71.104246,30001,
903_0029,42.317391,-71.104179,30002,
903_0029,42.317776,-71.10396,30003,
903_0029,42.318221,-71.103689,30004,
903_0029,42.318497,-71.103509,30005,
903_0029,42.319187,-71.103013,30006,
903_0029,42.319591,-71.102699,30007,
903_0029,42.320426,-71.101965,30008,
903_0029,42.321188,-71.101309,30009,
903_0029,42.321662,-71.100939,30010,
903_0029,42.322054,-71.100624,30011,
903_0029,42.322487,-71.100315,30012,
903_0029,42.322578,-71.100248,30013,
903_0029,42.322782,-71.100095,30014,
903_0029,42.322875,-71.100028,30015,
903_0029,42.322952,-71.099985,30016,
903_0029,42.322952,-71.099985,40001,
903_0029,42.323392,-71.099733,40002,
903_0029,42.324851,-71.09899,40003,
903_0029,42.325049,-71.09892,40004,
903_0029,42.325096,-71.098903,40005,
903_0029,42.326166,-71.098486,40006,
903_0029,42.326307,-71.098437,40007,
903_0029,42.326539,-71.098357,40008,
903_0029,42.326951,-71.098189,40009,
903_0029,42.327268,-71.098048,40010,
903_0029,42.327575,-71.097942,40011,
903_0029,42.327823,-71.097839,40012,
903_0029,42.328067,-71.097706,40013,
903_0029,42.328274,-71.097603,40014,
903_0029,42.328423,-71.097501,40015,
903_0029,42.328728,-71.097335,40016,
903_0029,42.328915,-71.097242,40017,
903_0029,42.329091,-71.097121,40018,
903_0029,42.329328,-71.096988,40019,
903_0029,42.329667,-71.096747,40020,
903_0029,42.33007,-71.096443,40021,
903_0029,42.33106,-71.095644,40022,
903_0029,42.331372,-71.09537,40023,
903_0029,42.331372,-71.09537,50001,
903_0029,42.331372,-71.095369,50002,
903_0029,42.331539,-71.095223,50003,
903_0029,42.331615,-71.095156,50004,
903_0029,42.331856,-71.094924,50005,
903_0029,42.332336,-71.094391,50006,
903_0029,42.332422,-71.094313,50007,
903_0029,42.333418,-71.093109,50008,
903_0029,42.333499,-71.093011,50009,
903_0029,42.335642,-71.090472,50010,
903_0029,42.33574,-71.090355,50011,
903_0029,42.336494,-71.089431,50012,
903_0029,42.336494,-71.089431,60001,
903_0029,42.336592,-71.089311,60002,
903_0029,42.336766,-71.089097,60003,
903_0029,42.337498,-71.088198,60004,
903_0029,42.337857,-71.087766,60005,
903_0029,42.34032,-71.08472,60006,
903_0029,42.341203,-71.083629,60007,
903_0029,42.341376,-71.083399,60008,
903_0029,42.341558,-71.083157,60009,
903_0029,42.341706,-71.082959,60010,
903_0029,42.341706,-71.082959,70001,
903_0029,42.341968,-71.08261,70002,
903_0029,42.342841,-71.081571,70003,
903_0029,42.343418,-71.08091,70004,
903_0029,42.343661,-71.080621,70005,
903_0029,42.343723,-71.080565,70006,
903_0029,42.344174,-71.08002,70007,
903_0029,42.344332,-71.079816,70008,
903_0029,42.345848,-71.077993,70009,
903_0029,42.346353,-71.077351,70010,
903_0029,42.346819,-71.076738,70011,
903_0029,42.347101,-71.076388,70012,
903_0029,42.347208,-71.076226,70013,
903_0029,42.347309,-71.076049,70014,
903_0029,42.34734,-71.075982,70015,
903_0029,42.347399,-71.075797,70016,
903_0029,42.347402,-71.075785,70017,
903_0029,42.347402,-71.075785,80001,
903_0029,42.347458,-71.075585,80002,
903_0029,42.347519,-71.07511,80003,
903_0029,42.34756,-71.074718,80004,
903_0029,42.347569,-71.074335,80005,
903_0029,42.347579,-71.073841,80006,
903_0029,42.347593,-71.073569,80007,
903_0029,42.347588,-71.072294,80008,
903_0029,42.347596,-71.071599,80009,
903_0029,42.347583,-71.070204,80010,
903_0029,42.347565,-71.068987,80011,
903_0029,42.347546,-71.068647,80012,
903_0029,42.347465,-71.067868,80013,
903_0029,42.347464,-71.067673,80014,
903_0029,42.347481,-71.067527,80015,
903_0029,42.347542,-71.067344,80016,
903_0029,42.348989,-71.064201,80017,
903_0029,42.349072,-71.064112,80018,
903_0029,42.349524,-71.063995,80019,
903_0029,42.349524,-71.063995,90001,
903_0029,42.349826,-71.063918,90002,
903_0029,42.350443,-71.063318,90003,
903_0029,42.350737,-71.062986,90004,
903_0029,42.350838,-71.062918,90005,
903_0029,42.350966,-71.062858,90006,
903_0029,42.351596,-71.062699,90007,
903_0029,42.352431,-71.062528,90008,
903_0029,42.352536,-71.062512,90009,
903_0029,42.352536,-71.062512,100001,
903_0029,42.35283,-71.062467,100002,
903_0029,42.353068,-71.062446,100003,
903_0029,42.353281,-71.062439,100004,
903_0029,42.353504,-71.062363,100005,
903_0029,42.353618,-71.062304,100006,
903_0029,42.353888,-71.062045,100007,
903_0029,42.354067,-71.06185,100008,
903_0029,42.35492,-71.061027,100009,
903_0029,42.355291,-71.060598,100010,
903_0029,42.355565,-71.060333,100011,
903_0029,42.355576,-71.060321,100012,
903_0029,42.355576,-71.060321,110001,
903_0029,42.355996,-71.059847,110002,
903_0029,42.356503,-71.059266,110003,
903_0029,42.356942,-71.058665,110004,
903_0029,42.357914,-71.057795,110005,
903_0029,42.358026,-71.057719,110006,
903_0029,42.35811,-71.057709,110007,
903_0029,42.358872,-71.05771,110008,
903_0029,42.358977,-71.057708,110009,
903_0029,42.358977,-71.057708,120001,
903_0029,42.360395,-71.057691,120002,
903_0029,42.362708,-71.057892,120003,
903_0029,42.362969,-71.05794,120004,
903_0029,42.36314,-71.058043,120005,
903_0029,42.36314,-71.058043,130001,
903_0029,42.363321,-71.058165,130002,
903_0029,42.363533,-71.058364,130003,
903_0029,42.364186,-71.059114,130004,
903_0029,42.365743,-71.060455,130005,
903_0029,42.365743,-71.060455,140001,
903_0029,42.365832,-71.060531,140002,
903_0029,42.371298,-71.065725,140003,
903_0029,42.37131,-71.065748,140004,
903_0029,42.372677,-71.067739,140005,
903_0029,42.373453,-71.069084,140006,
903_0029,42.373642,-71.069578,140007,
903_0029,42.373657,-71.069613,140008,
903_0029,42.373657,-71.069613,150001,
903_0029,42.374109,-71.070642,150002,
903_0029,42.374366,-71.071204,150003,
903_0029,42.374488,-71.071477,150004,
903_0029,42.375065,-71.072442,150005,
903_0029,42.375461,-71.073003,150006,
903_0029,42.375918,-71.073634,150007,
903_0029,42.376445,-71.074194,150008,
903_0029,42.376996,-71.07468,150009,
903_0029,42.378895,-71.076313,150010,
903_0029,42.379358,-71.076605,150011,
903_0029,42.379536,-71.076679,150012,
903_0029,42.379593,-71.07671,150013,
903_0029,42.379743,-71.076783,150014,
903_0029,42.379995,-71.076868,150015,
903_0029,42.380169,-71.076908,150016,
903_0029,42.380307,-71.076932,150017,
903_0029,42.380549,-71.076935,150018,
903_0029,42.381775,-71.076955,150019,
903_0029,42.382587,-71.077017,150020,
903_0029,42.382872,-71.077006,150021,
903_0029,42.383007,-71.077001,150022,
903_0029,42.383106,-71.076998,150023,
903_0029,42.383675,-71.076967,150024,
903_0029,42.383675,-71.076967,160001,
903_0029,42.384131,-71.076943,160002,
903_0029,42.384489,-71.076918,160003,
903_0029,42.385151,-71.076919,160004,
903_0029,42.385274,-71.076927,160005,
903_0029,42.385596,-71.076927,160006,
903_0029,42.385786,-71.076923,160007,
903_0029,42.386191,-71.076929,160008,
903_0029,42.386303,-71.076923,160009,
903_0029,42.386457,-71.076925,160010,
903_0029,42.38697,-71.076938,160011,
903_0029,42.387402,-71.076947,160012,
903_0029,42.387963,-71.076995,160013,
903_0029,42.388473,-71.077017,160014,
903_0029,42.389523,-71.07705,160015,
903_0029,42.38998,-71.077044,160016,
903_0029,42.390653,-71.077048,160017,
903_0029,42.391317,-71.077086,160018,
903_0029,42.392354,-71.077191,160019,
903_0029,42.39266,-71.077216,160020,
903_0029,42.39266,-71.077216,170001,
903_0029,42.393336,-71.077273,170002,
903_0029,42.394309,-71.077294,170003,
903_0029,42.396978,-71.07728,170004,
903_0029,42.397769,-71.077266,170005,
903_0029,42.398491,-71.077262,170006,
903_0029,42.398849,-71.077236,170007,
903_0029,42.399364,-71.077232,170008,
903_0029,42.400069,-71.077209,170009,
903_0029,42.400432,-71.077209,170010,
903_0029,42.400793,-71.077191,170011,
903_0029,42.401673,-71.077153,170012,
903_0029,42.401673,-71.077153,180001,
903_0029,42.401722,-71.077151,180002,
903_0029,42.402447,-71.077121,180003,
903_0029,42.402646,-71.0771,180004,
903_0029,42.402716,-71.077092,180005,
903_0029,42.403722,-71.077045,180006,
903_0029,42.404159,-71.077001,180007,
903_0029,42.404288,-71.076998,180008,
903_0029,42.404411,-71.076996,180009,
903_0029,42.404896,-71.077003,180010,
903_0029,42.404992,-71.077003,180011,
903_0029,42.405784,-71.07699,180012,
903_0029,42.406351,-71.076988,180013,
903_0029,42.409317,-71.076932,180014,
903_0029,42.410595,-71.076891,180015,
903_0029,42.411038,-71.076913,180016,
903_0029,42.411561,-71.076908,180017,
903_0029,42.413161,-71.076867,180018,
903_0029,42.4147,-71.076825,180019,
903_0029,42.41591,-71.076804,180020,
903_0029,42.416433,-71.076805,180021,
903_0029,42.417129,-71.076831,180022,
903_0029,42.417641,-71.076835,180023,
903_0029,42.417822,-71.076835,180024,
903_0029,42.418976,-71.076807,180025,
903_0029,42.419499,-71.076744,180026,
903_0029,42.420264,-71.076624,180027,
903_0029,42.420656,-71.076547,180028,
903_0029,42.421633,-71.076285,180029,
903_0029,42.421711,-71.076258,180030,
903_0029,42.422051,-71.076139,180031,
903_0029,42.42246,-71.075987,180032,
903_0029,42.42331,-71.075647,180033,
903_0029,42.424474,-71.075168,180034,
903_0029,42.425946,-71.074571,180035,
903_0029,42.425997,-71.07455,180036,
903_0029,42.426572,-71.074314,180037,
903_0029,42.426713,-71.074257,180038,
903_0029,42.426713,-71.074257,190001,
903_0029,42.427275,-71.074027,190002,
903_0029,42.42741,-71.073974,190003,
903_0029,42.427858,-71.073801,190004,
903_0029,42.428226,-71.073647,190005,
903_0029,42.428529,-71.073511,190006,
903_0029,42.429877,-71.07297,190007,
903_0029,42.431566,-71.072312,190008,
903_0029,42.431941,-71.072164,190009,
903_0029,42.432017,-71.072134,190010,
903_0029,42.432094,-71.072104,190011,
903_0029,42.433,-71.071732,190012,
903_0029,42.433538,-71.071536,190013,
903_0029,42.433925,-71.071425,190014,
903_0029,42.434283,-71.071349,190015,
903_0029,42.435239,-71.071164,190016,
903_0029,42.43533,-71.071151,190017,
903_0029,42.435418,-71.071138,190018,
903_0029,42.435525,-71.071118,190019,
903_0029,42.435658,-71.071095,190020,
903_0029,42.436397,-71.070961,190021,
903_0029,42.436967,-71.070867,190022,
931_0010,42.284249,-71.063556,10001,
931_0010,42.284383,-71.063627,10002,
931_0010,42.285288,-71.064082,10003,
931_0010,42.285341,-71.064077,10004,
931_0010,42.285526,-71.06401,10005,
931_0010,42.285645,-71.064001,10006,
931_0010,42.285749,-71.064016,10007,
931_0010,42.286733,-71.064406,10008,
931_0010,42.286978,-71.064483,10009,
931_0010,42.287716,-71.064623,10010,
931_0010,42.287898,-71.064668,10011,
931_0010,42.290474,-71.065187,10012,
931_0010,42.293112,-71.065739,10013,
931_0010,42.293716,-71.065904,10014,
931_0010,42.293716,-71.065904,20001,
931_0010,42.294334,-71.066073,20002,
931_0010,42.295398,-71.066376,20003,
931_0010,42.29597,-71.066419,20004,
931_0010,42.29638,-71.066433,20005,
931_0010,42.296842,-71.066353,20006,
931_0010,42.297112,-71.066255,20007,
931_0010,42.297354,-71.06611,20008,
931_0010,42.29772,-71.065903,20009,
931_0010,42.29796,-71.065731,20010,
931_0010,42.298197,-71.065525,20011,
931_0010,42.298421,-71.065309,20012,
931_0010,42.298667,-71.065043,20013,
931_0010,42.298841,-71.06482,20014,
931_0010,42.298991,-71.064587,20015,
931_0010,42.299169,-71.064286,20016,
931_0010,42.299268,-71.064108,20017,
931_0010,42.299382,-71.06386,20018,
931_0010,42.299544,-71.063449,20019,
931_0010,42.29977,-71.062534,20020,
931_0010,42.299788,-71.062431,20021,
931_0010,42.30003,-71.061525,20022,
931_0010,42.30003,-71.061525,30001,
931_0010,42.30007,-71.061374,30002,
931_0010,42.300135,-71.061142,30003,
931_0010,42.300183,-71.060951,30004,
931_0010,42.300232,-71.060602,30005,
931_0010,42.300246,-71.060345,30006,
931_0010,42.30026,-71.060171,30007,
931_0010,42.300271,-71.059884,30008,
931_0010,42.300282,-71.059024,30009,
931_0010,42.300292,-71.058192,30010,
931_0010,42.30032,-71.057799,30011,
931_0010,42.300393,-71.057386,30012,
931_0010,42.300436,-71.057229,30013,
931_0010,42.300489,-71.057061,30014,
931_0010,42.300542,-71.056918,30015,
931_0010,42.300623,-71.056741,30016,
931_0010,42.300831,-71.056365,30017,
931_0010,42.300938,-71.05622,30018,
931_0010,42.301099,-71.056059,30019,
931_0010,42.301201,-71.055983,30020,
931_0010,42.301507,-71.055781,30021,
931_0010,42.301557,-71.05577,30022,
931_0010,42.301612,-71.05575,30023,
931_0010,42.301908,-71.055728,30024,
931_0010,42.302399,-71.055731,30025,
931_0010,42.302829,-71.055748,30026,
931_0010,42.303167,-71.055719,30027,
931_0010,42.303455,-71.055679,30028,
931_0010,42.303829,-71.055606,30029,
931_0010,42.304262,-71.055487,30030,
931_0010,42.304391,-71.055449,30031,
931_0010,42.304569,-71.055387,30032,
931_0010,42.305461,-71.055115,30033,
931_0010,42.307034,-71.054748,30034,
931_0010,42.307545,-71.054621,30035,
931_0010,42.307633,-71.054623,30036,
931_0010,42.307954,-71.054548,30037,
931_0010,42.308262,-71.054486,30038,
931_0010,42.308706,-71.054353,30039,
931_0010,42.30902,-71.054243,30040,
931_0010,42.309229,-71.054149,30041,
931_0010,42.309616,-71.054001,30042,
931_0010,42.309999,-71.053839,30043,
931_0010,42.310336,-71.05368,30044,
931_0010,42.310669,-71.05354,30045,
931_0010,42.311144,-71.053307,30046,
931_0010,42.311144,-71.053307,40001,
931_0010,42.311237,-71.053262,40002,
931_0010,42.311386,-71.053199,40003,
931_0010,42.311945,-71.052953,40004,
931_0010,42.312266,-71.052824,40005,
931_0010,42.31315,-71.052484,40006,
931_0010,42.313661,-71.052296,40007,
931_0010,42.314048,-71.052198,40008,
931_0010,42.314492,-71.052121,40009,
931_0010,42.315053,-71.052093,40010,
931_0010,42.315314,-71.052091,40011,
931_0010,42.316006,-71.052161,40012,
931_0010,42.316643,-71.052187,40013,
931_0010,42.317369,-71.052203,40014,
931_0010,42.318027,-71.052236,40015,
931_0010,42.318377,-71.052249,40016,
931_0010,42.318697,-71.052258,40017,
931_0010,42.31897,-71.052289,40018,
931_0010,42.319248,-71.052317,40019,
931_0010,42.319639,-71.052349,40020,
931_0010,42.320014,-71.052389,40021,
931_0010,42.320148,-71.052402,40022,
931_0010,42.320726,-71.052488,40023,
931_0010,42.321177,-71.052533,40024,
931_0010,42.321177,-71.052533,50001,
931_0010,42.321452,-71.052561,50002,
931_0010,42.321551,-71.052582,50003,
931_0010,42.321995,-71.052669,50004,
931_0010,42.322346,-71.052778,50005,
931_0010,42.32266,-71.052904,50006,
931_0010,42.322813,-71.052981,50007,
931_0010,42.32303,-71.053091,50008,
931_0010,42.323262,-71.053221,50009,
931_0010,42.323416,-71.053322,50010,
931_0010,42.323764,-71.053598,50011,
931_0010,42.323884,-71.053684,50012,
931_0010,42.324115,-71.053936,50013,
931_0010,42.324272,-71.054116,50014,
931_0010,42.325208,-71.055351,50015,
931_0010,42.325346,-71.055557,50016,
931_0010,42.32582,-71.056187,50017,
931_0010,42.326066,-71.056561,50018,
931_0010,42.326175,-71.056696,50019,
931_0010,42.326813,-71.05749,50020,
931_0010,42.32704,-71.057682,50021,
931_0010,42.327266,-71.057829,50022,
931_0010,42.327573,-71.057963,50023,
931_0010,42.327699,-71.057967,50024,
931_0010,42.327771,-71.057948,50025,
931_0010,42.327929,-71.057863,50026,
931_0010,42.328499,-71.057611,50027,
931_0010,42.329757,-71.056975,50028,
931_0010,42.329757,-71.056975,60001,
931_0010,42.329961,-71.056873,60002,
931_0010,42.342623,-71.057103,60003,
931_0010,42.342623,-71.057103,70001,
931_0010,42.34335,-71.057116,70002,
931_0010,42.349479,-71.052588,70003,
931_0010,42.349774,-71.052406,70004,
931_0010,42.349998,-71.052316,70005,
931_0010,42.350132,-71.052273,70006,
931_0010,42.350395,-71.052227,70007,
931_0010,42.350575,-71.052226,70008,
931_0010,42.350791,-71.052263,70009,
931_0010,42.351161,-71.052357,70010,
931_0010,42.351393,-71.052468,70011,
931_0010,42.351483,-71.052548,70012,
931_0010,42.351645,-71.052754,70013,
931_0010,42.352559,-71.055166,70014,
931_0010,42.352612,-71.055297,70015,
931_0010,42.352612,-71.055297,80001,
931_0010,42.352829,-71.055832,80002,
931_0010,42.353082,-71.056372,80003,
931_0010,42.353336,-71.056975,80004,
931_0010,42.353556,-71.057313,80005,
931_0010,42.355319,-71.060286,80006,
931_0010,42.355431,-71.060512,80007,
931_0010,42.355431,-71.060512,90001,
931_0010,42.356244,-71.062151,90002,
931_0010,42.356244,-71.062151,100001,
931_0010,42.35638,-71.062425,100002,
931_0010,42.356502,-71.062667,100003,
931_0010,42.356775,-71.063235,100004,
931_0010,42.356947,-71.063569,100005,
931_0010,42.357121,-71.063933,100006,
931_0010,42.357718,-71.065157,100007,
931_0010,42.357898,-71.065482,100008,
931_0010,42.358119,-71.065854,100009,
931_0010,42.358859,-71.066775,100010,
931_0010,42.360738,-71.069339,100011,
931_0010,42.360891,-71.069654,100012,
931_0010,42.360961,-71.069826,100013,
931_0010,42.361016,-71.069991,100014,
931_0010,42.361035,-71.070033,100015,
931_0010,42.361104,-71.070265,100016,
931_0010,42.361141,-71.07045,100017,
931_0010,42.361156,-71.070603,100018,
931_0010,42.36117,-71.070714,100019,
931_0010,42.361193,-71.071094,100020,
931_0010,42.361216,-71.071358,100021,
931_0010,42.361256,-71.071891,100022,
931_0010,42.36129,-71.072226,100023,
931_0010,42.36129,-71.072226,110001,
931_0010,42.361303,-71.072356,110002,
931_0010,42.361341,-71.072754,110003,
931_0010,42.361346,-71.072841,110004,
931_0010,42.361422,-71.073645,110005,
931_0010,42.361548,-71.075313,110006,
931_0010,42.361615,-71.076098,110007,
931_0010,42.361702,-71.077527,110008,
931_0010,42.361773,-71.078479,110009,
931_0010,42.361807,-71.078945,110010,
931_0010,42.361851,-71.079722,110011,
931_0010,42.362019,-71.081968,110012,
931_0010,42.362131,-71.083429,110013,
931_0010,42.36239,-71.08523,110014,
931_0010,42.362468,-71.086074,110015,
931_0010,42.362468,-71.086074,120001,
931_0010,42.362477,-71.086178,120002,
931_0010,42.36253,-71.086756,120003,
931_0010,42.362849,-71.091812,120004,
931_0010,42.363109,-71.094912,120005,
931_0010,42.363232,-71.096742,120006,
931_0010,42.36336,-71.09821,120007,
931_0010,42.363438,-71.09954,120008,
931_0010,42.363487,-71.100109,120009,
931_0010,42.363553,-71.100488,120010,
931_0010,42.363774,-71.100988,120011,
931_0010,42.363956,-71.101333,120012,
931_0010,42.364769,-71.102691,120013,
931_0010,42.365309,-71.103629,120014,
931_0010,42.365309,-71.103629,130001,
931_0010,42.365542,-71.104035,130002,
931_0010,42.367895,-71.107808,130003,
931_0010,42.368259,-71.108551,130004,
931_0010,42.368842,-71.109857,130005,
931_0010,42.369856,-71.112597,130006,
931_0010,42.37004,-71.113001,130007,
931_0010,42.370172,-71.113179,130008,
931_0010,42.37034,-71.113365,130009,
931_0010,42.37101,-71.114216,130010,
931_0010,42.372412,-71.115814,130011,
931_0010,42.37248,-71.1159,130012,
931_0010,42.372506,-71.115943,130013,
931_0010,42.373269,-71.118479,130014,
931_0010,42.373332,-71.118641,130015,
931_0010,42.373389,-71.118759,130016,
931_0010,42.373459,-71.118821,130017,
931_0010,42.373511,-71.118843,130018,
931_0010,42.373672,-71.118836,130019,
931_0010,42.374038,-71.118761,130020,
931_0010,42.374038,-71.118761,140001,
931_0010,42.374416,-71.118684,140002,
931_0010,42.374974,-71.118531,140003,
931_0010,42.375488,-71.118486,140004,
931_0010,42.375717,-71.118479,140005,
931_0010,42.375864,-71.118526,140006,
931_0010,42.375958,-71.118598,140007,
931_0010,42.376098,-71.118758,140008,
931_0010,42.37627,-71.119067,140009,
931_0010,42.376461,-71.119431,140010,
931_0010,42.3767,-71.119685,140011,
931_0010,42.377225,-71.1199,140012,
931_0010,42.377722,-71.120062,140013,
931_0010,42.378027,-71.120084,140014,
931_0010,42.37841,-71.120036,140015,
931_0010,42.380821,-71.119787,140016,
931_0010,42.388185,-71.118944,140017,
931_0010,42.388282,-71.11894,140018,
931_0010,42.388282,-71.11894,150001,
931_0010,42.390618,-71.118828,150002,
931_0010,42.393632,-71.119147,150003,
931_0010,42.394378,-71.119214,150004,
931_0010,42.394959,-71.119236,150005,
931_0010,42.395198,-71.119333,150006,
931_0010,42.395376,-71.119464,150007,
931_0010,42.395609,-71.119693,150008,
931_0010,42.395843,-71.12003,150009,
931_0010,42.396172,-71.120629,150010,
931_0010,42.396444,-71.121197,150011,
931_0010,42.39659,-71.121567,150012,
931_0010,42.39667,-71.121858,150013,
931_0010,42.39678,-71.122214,150014,
931_0010,42.396842,-71.122465,150015,
931_0010,42.396842,-71.122465,160001,
931_0010,42.397046,-71.123298,160002,
931_0010,42.397205,-71.124169,160003,
931_0010,42.397266,-71.124717,160004,
931_0010,42.397354,-71.125452,160005,
931_0010,42.397444,-71.126473,160006,
931_0010,42.397538,-71.128034,160007,
931_0010,42.397595,-71.129099,160008,
931_0010,42.397733,-71.130878,160009,
931_0010,42.397925,-71.134498,160010,
931_0010,42.397974,-71.135204,160011,
931_0010,42.397867,-71.136082,160012,
931_0010,42.397828,-71.136361,160013,
931_0010,42.397753,-71.136703,160014,
931_0010,42.397658,-71.137081,160015,
931_0010,42.397613,-71.137178,160016,
931_0010,42.397557,-71.137252,160017,
931_0010,42.397485,-71.137286,160018,
931_0010,42.397215,-71.137368,160019,
931_0010,42.396945,-71.137494,160020,
931_0010,42.396676,-71.137712,160021,
931_0010,42.396481,-71.138021,160022,
931_0010,42.396356,-71.138293,160023,
931_0010,42.396353,-71.138317,160024,
931_0010,42.396254,-71.138961,160025,
931_0010,42.396236,-71.139135,160026,
931_0010,42.396193,-71.139553,160027,
931_0010,42.396152,-71.142079,160028,
933_0019,42.207262,-71.001679,10001,
933_0019,42.208132,-71.001447,10002,
933_0019,42.208491,-71.001411,10003,
933_0019,42.208851,-71.00137,10004,
933_0019,42.209414,-71.001278,10005,
933_0019,42.210129,-71.001209,10006,
933_0019,42.210372,-71.001181,10007,
933_0019,42.210971,-71.001084,10008,
933_0019,42.211617,-71.001017,10009,
933_0019,42.213902,-71.000672,10010,
933_0019,42.214158,-71.000639,10011,
933_0019,42.214979,-71.000528,10012,
933_0019,42.216044,-71.000364,10013,
933_0019,42.216479,-71.000283,10014,
933_0019,42.216885,-71.000232,10015,
933_0019,42.217086,-71.000197,10016,
933_0019,42.217759,-71.000101,10017,
933_0019,42.218167,-71.000098,10018,
933_0019,42.218314,-71.000121,10019,
933_0019,42.218568,-71.00015,10020,
933_0019,42.218834,-71.000204,10021,
933_0019,42.219134,-71.000256,10022,
933_0019,42.219633,-71.000414,10023,
933_0019,42.219878,-71.000492,10024,
933_0019,42.220162,-71.000595,10025,
933_0019,42.220529,-71.000755,10026,
933_0019,42.220923,-71.000974,10027,
933_0019,42.221949,-71.001734,10028,
933_0019,42.222002,-71.001772,10029,
933_0019,42.22201,-71.001777,10030,
933_0019,42.222079,-71.001825,10031,
933_0019,42.223365,-71.002703,10032,
933_0019,42.223775,-71.002978,10033,
933_0019,42.224397,-71.003366,10034,
933_0019,42.225871,-71.004351,10035,
933_0019,42.22607,-71.004479,10036,
933_0019,42.226183,-71.004553,10037,
933_0019,42.226264,-71.004605,10038,
933_0019,42.226381,-71.004681,10039,
933_0019,42.226476,-71.004744,10040,
933_0019,42.226853,-71.004996,10041,
933_0019,42.226913,-71.005037,10042,
933_0019,42.22697,-71.005076,10043,
933_0019,42.227106,-71.005169,10044,
933_0019,42.227673,-71.005527,10045,
933_0019,42.228131,-71.005785,10046,
933_0019,42.22902,-71.006279,10047,
933_0019,42.229571,-71.006535,10048,
933_0019,42.229944,-71.006674,10049,
933_0019,42.230273,-71.006789,10050,
933_0019,42.230558,-71.006881,10051,
933_0019,42.230866,-71.006951,10052,
933_0019,42.231123,-71.007001,10053,
933_0019,42.231472,-71.007053,10054,
933_0019,42.231766,-71.007051,10055,
933_0019,42.232114,-71.007019,10056,
933_0019,42.232357,-71.006981,10057,
933_0019,42.23258,-71.006958,10058,
933_0019,42.232681,-71.006936,10059,
933_0019,42.232855,-71.006901,10060,
933_0019,42.232855,-71.006901,20001,
933_0019,42.233266,-71.006818,20002,
933_0019,42.233901,-71.006689,20003,
933_0019,42.233969,-71.006675,20004,
933_0019,42.234404,-71.006585,20005,
933_0019,42.234684,-71.006533,20006,
933_0019,42.235207,-71.006451,20007,
933_0019,42.235814,-71.00632,20008,
933_0019,42.23653,-71.006131,20009,
933_0019,42.239323,-71.005413,20010,
933_0019,42.24082,-71.005022,20011,
933_0019,42.241134,-71.004944,20012,
933_0019,42.241251,-71.004915,20013,
933_0019,42.241366,-71.004885,20014,
933_0019,42.241531,-71.004846,20015,
933_0019,42.243186,-71.004407,20016,
933_0019,42.243653,-71.004294,20017,
933_0019,42.24374,-71.004273,20018,
933_0019,42.243808,-71.004256,20019,
933_0019,42.243917,-71.00423,20020,
933_0019,42.244529,-71.004057,20021,
933_0019,42.245825,-71.003771,20022,
933_0019,42.246549,-71.003633,20023,
933_0019,42.247033,-71.003532,20024,
933_0019,42.247463,-71.003456,20025,
933_0019,42.247825,-71.003434,20026,
933_0019,42.248127,-71.00345,20027,
933_0019,42.248356,-71.003493,20028,
933_0019,42.248703,-71.003578,20029,
933_0019,42.24878,-71.003613,20030,
933_0019,42.248845,-71.003637,20031,
933_0019,42.248881,-71.003653,20032,
933_0019,42.249014,-71.003706,20033,
933_0019,42.249099,-71.00374,20034,
933_0019,42.249226,-71.00379,20035,
933_0019,42.249475,-71.003916,20036,
933_0019,42.249829,-71.004128,20037,
933_0019,42.250083,-71.004282,20038,
933_0019,42.250693,-71.00463,20039,
933_0019,42.250899,-71.004743,20040,
933_0019,42.250899,-71.004743,30001,
933_0019,42.251174,-71.004894,30002,
933_0019,42.251402,-71.005027,30003,
933_0019,42.251948,-71.005417,30004,
933_0019,42.25263,-71.005805,30005,
933_0019,42.252928,-71.006006,30006,
933_0019,42.253209,-71.006242,30007,
933_0019,42.253282,-71.0063,30008,
933_0019,42.25334,-71.006346,30009,
933_0019,42.253484,-71.006487,30010,
933_0019,42.253755,-71.006803,30011,
933_0019,42.255958,-71.009184,30012,
933_0019,42.256057,-71.00929,30013,
933_0019,42.256152,-71.009392,30014,
933_0019,42.256288,-71.009516,30015,
933_0019,42.257332,-71.010644,30016,
933_0019,42.257481,-71.010806,30017,
933_0019,42.25838,-71.01172,30018,
933_0019,42.25942,-71.012823,30019,
933_0019,42.259611,-71.013009,30020,
933_0019,42.260031,-71.013455,30021,
933_0019,42.260934,-71.014414,30022,
933_0019,42.26372,-71.017422,30023,
933_0019,42.264938,-71.018697,30024,
933_0019,42.265407,-71.019134,30025,
933_0019,42.265557,-71.019267,30026,
933_0019,42.265641,-71.019339,30027,
933_0019,42.265717,-71.019407,30028,
933_0019,42.265954,-71.019577,30029,
933_0019,42.266001,-71.019624,30030,
933_0019,42.266001,-71.019624,40001,
933_0019,42.266453,-71.020074,40002,
933_0019,42.266571,-71.020204,40003,
933_0019,42.267273,-71.020975,40004,
933_0019,42.267619,-71.02141,40005,
933_0019,42.269201,-71.023213,40006,
933_0019,42.270852,-71.024953,40007,
933_0019,42.272946,-71.02717,40008,
933_0019,42.273702,-71.027979,40009,
933_0019,42.274971,-71.02927,40010,
933_0019,42.274971,-71.02927,50001,
933_0019,42.275268,-71.029573,50002,
933_0019,42.27586,-71.030184,50003,
933_0019,42.276163,-71.030515,50004,
933_0019,42.276856,-71.03119,50005,
933_0019,42.277222,-71.031515,50006,
933_0019,42.277395,-71.031646,50007,
933_0019,42.277675,-71.031816,50008,
933_0019,42.277891,-71.031938,50009,
933_0019,42.278184,-71.03207,50010,
933_0019,42.278547,-71.032214,50011,
933_0019,42.279473,-71.032555,50012,
933_0019,42.279884,-71.032727,50013,
933_0019,42.280117,-71.032816,50014,
933_0019,42.280491,-71.033042,50015,
933_0019,42.280848,-71.033301,50016,
933_0019,42.281177,-71.033569,50017,
933_0019,42.281619,-71.033967,50018,
933_0019,42.28173,-71.034094,50019,
933_0019,42.282042,-71.034448,50020,
933_0019,42.282097,-71.034511,50021,
933_0019,42.282162,-71.034588,50022,
933_0019,42.282187,-71.034615,50023,
933_0019,42.282264,-71.034704,50024,
933_0019,42.282654,-71.035139,50025,
933_0019,42.283281,-71.035837,50026,
933_0019,42.284244,-71.036982,50027,
933_0019,42.28517,-71.038021,50028,
933_0019,42.286005,-71.038958,50029,
933_0019,42.286366,-71.039319,50030,
933_0019,42.286878,-71.039883,50031,
933_0019,42.287996,-71.041145,50032,
933_0019,42.288047,-71.041202,50033,
933_0019,42.288099,-71.041263,50034,
933_0019,42.288383,-71.041582,50035,
933_0019,42.288709,-71.041944,50036,
933_0019,42.28905,-71.042313,50037,
933_0019,42.289869,-71.04321,50038,
933_0019,42.289968,-71.043317,50039,
933_0019,42.290068,-71.043427,50040,
933_0019,42.290273,-71.043674,50041,
933_0019,42.290444,-71.043849,50042,
933_0019,42.29257,-71.046255,50043,
933_0019,42.293604,-71.047425,50044,
933_0019,42.294292,-71.048204,50045,
933_0019,42.296462,-71.050661,50046,
933_0019,42.297277,-71.051551,50047,
933_0019,42.29823,-71.052635,50048,
933_0019,42.299815,-71.054341,50049,
933_0019,42.300184,-71.054643,50050,
933_0019,42.300577,-71.054943,50051,
933_0019,42.300625,-71.054971,50052,
933_0019,42.300992,-71.055185,50053,
933_0019,42.301309,-71.055345,50054,
933_0019,42.301633,-71.055455,50055,
933_0019,42.301921,-71.055517,50056,
933_0019,42.302457,-71.055567,50057,
933_0019,42.302751,-71.055585,50058,
933_0019,42.303191,-71.055533,50059,
933_0019,42.303619,-71.055451,50060,
933_0019,42.304193,-71.055284,50061,
933_0019,42.304322,-71.055247,50062,
933_0019,42.308261,-71.054254,50063,
933_0019,42.309199,-71.053944,50064,
933_0019,42.309966,-71.053661,50065,
933_0019,42.311715,-71.052938,50066,
933_0019,42.312545,-71.052596,50067,
933_0019,42.313706,-71.052116,50068,
933_0019,42.314246,-71.051963,50069,
933_0019,42.314572,-71.051898,50070,
933_0019,42.3152,-71.051873,50071,
933_0019,42.316767,-71.052001,50072,
933_0019,42.317757,-71.052013,50073,
933_0019,42.318056,-71.052024,50074,
933_0019,42.319116,-71.052079,50075,
933_0019,42.319819,-71.052119,50076,
933_0019,42.319972,-71.052144,50077,
933_0019,42.32017,-71.052153,50078,
933_0019,42.32064,-71.052191,50079,
933_0019,42.320714,-71.052203,50080,
933_0019,42.320879,-71.052227,50081,
933_0019,42.321203,-71.052314,50082,
933_0019,42.321203,-71.052314,60001,
933_0019,42.32135,-71.052354,60002,
933_0019,42.321451,-71.052379,60003,
933_0019,42.321556,-71.0524,60004,
933_0019,42.321787,-71.052441,60005,
933_0019,42.322517,-71.052625,60006,
933_0019,42.322832,-71.052753,60007,
933_0019,42.323186,-71.052944,60008,
933_0019,42.323542,-71.053204,60009,
933_0019,42.323765,-71.053404,60010,
933_0019,42.323974,-71.053622,60011,
933_0019,42.324274,-71.053986,60012,
933_0019,42.32467,-71.054522,60013,
933_0019,42.325208,-71.055351,60014,
933_0019,42.325346,-71.055557,60015,
933_0019,42.32582,-71.056187,60016,
933_0019,42.326066,-71.056561,60017,
933_0019,42.326175,-71.056696,60018,
933_0019,42.326813,-71.05749,60019,
933_0019,42.32704,-71.057682,60020,
933_0019,42.327266,-71.057829,60021,
933_0019,42.327573,-71.057963,60022,
933_0019,42.327699,-71.057967,60023,
933_0019,42.327771,-71.057948,60024,
933_0019,42.327929,-71.057863,60025,
933_0019,42.328499,-71.057611,60026,
933_0019,42.329757,-71.056975,60027,
933_0019,42.329757,-71.056975,70001,
933_0019,42.329961,-71.056873,70002,
933_0019,42.342623,-71.057103,70003,
933_0019,42.342623,-71.057103,80001,
933_0019,42.34335,-71.057116,80002,
933_0019,42.349479,-71.052588,80003,
933_0019,42.349774,-71.052406,80004,
933_0019,42.349998,-71.052316,80005,
933_0019,42.350132,-71.052273,80006,
933_0019,42.350395,-71.052227,80007,
933_0019,42.350575,-71.052226,80008,
933_0019,42.350791,-71.052263,80009,
933_0019,42.351161,-71.052357,80010,
933_0019,42.351393,-71.052468,80011,
933_0019,42.351483,-71.052548,80012,
933_0019,42.351645,-71.052754,80013,
933_0019,42.352559,-71.055166,80014,
933_0019,42.352612,-71.055297,80015,
933_0019,42.352612,-71.055297,90001,
933_0019,42.352829,-71.055832,90002,
933_0019,42.353082,-71.056372,90003,
933_0019,42.353336,-71.056975,90004,
933_0019,42.353556,-71.057313,90005,
933_0019,42.355319,-71.060286,90006,
933_0019,42.355431,-71.060512,90007,
933_0019,42.355431,-71.060512,100001,
933_0019,42.356244,-71.062151,100002,
933_0019,42.356244,-71.062151,110001,
933_0019,42.35638,-71.062425,110002,
933_0019,42.356502,-71.062667,110003,
933_0019,42.356775,-71.063235,110004,
933_0019,42.356947,-71.063569,110005,
933_0019,42.357121,-71.063933,110006,
933_0019,42.357718,-71.065157,110007,
933_0019,42.357898,-71.065482,110008,
933_0019,42.358119,-71.065854,110009,
933_0019,42.358859,-71.066775,110010,
933_0019,42.360738,-71.069339,110011,
933_0019,42.360891,-71.069654,110012,
933_0019,42.360961,-71.069826,110013,
933_0019,42.361016,-71.069991,110014,
933_0019,42.361035,-71.070033,110015,
933_0019,42.361104,-71.070265,110016,
933_0019,42.361141,-71.07045,110017,
933_0019,42.361156,-71.070603,110018,
933_0019,42.36117,-71.070714,110019,
933_0019,42.361193,-71.071094,110020,
933_0019,42.361216,-71.071358,110021,
933_0019,42.361256,-71.071891,110022,
933_0019,42.36129,-71.072226,110023,
933_0019,42.36129,-71.072226,120001,
933_0019,42.361303,-71.072356,120002,
933_0019,42.361341,-71.072754,120003,
933_0019,42.361346,-71.072841,120004,
933_0019,42.361422,-71.073645,120005,
933_0019,42.361548,-71.075313,120006,
933_0019,42.361615,-71.076098,120007,
933_0019,42.361702,-71.077527,120008,
933_0019,42.361773,-71.078479,120009,
933_0019,42.361807,-71.078945,120010,
933_0019,42.361851,-71.079722,120011,
933_0019,42.362019,-71.081968,120012,
933_0019,42.362131,-71.083429,120013,
933_0019,42.36239,-71.08523,120014,
933_0019,42.362468,-71.086074,120015,
933_0019,42.362468,-71.086074,130001,
933_0019,42.362477,-71.086178,130002,
933_0019,42.36253,-71.086756,130003,
933_0019,42.362849,-71.091812,130004,
933_0019,42.363109,-71.094912,130005,
933_0019,42.363232,-71.096742,130006,
933_0019,42.36336,-71.09821,130007,
933_0019,42.363438,-71.09954,130008,
933_0019,42.363487,-71.100109,130009,
933_0019,42.363553,-71.100488,130010,
933_0019,42.363774,-71.100988,130011,
933_0019,42.363956,-71.101333,130012,
933_0019,42.364769,-71.102691,130013,
933_0019,42.365309,-71.103629,130014,
933_0019,42.365309,-71.103629,140001,
933_0019,42.365542,-71.104035,140002,
933_0019,42.367895,-71.107808,140003,
933_0019,42.368259,-71.108551,140004,
933_0019,42.368842,-71.109857,140005,
933_0019,42.369856,-71.112597,140006,
933_0019,42.37004,-71.113001,140007,
933_0019,42.370172,-71.113179,140008,
933_0019,42.37034,-71.113365,140009,
933_0019,42.37101,-71.114216,140010,
933_0019,42.372412,-71.115814,140011,
933_0019,42.37248,-71.1159,140012,
933_0019,42.372506,-71.115943,140013,
933_0019,42.373269,-71.118479,140014,
933_0019,42.373332,-71.118641,140015,
933_0019,42.373389,-71.118759,140016,
933_0019,42.373459,-71.118821,140017,
933_0019,42.373511,-71.118843,140018,
933_0019,42.373672,-71.118836,140019,
933_0019,42.374038,-71.118761,140020,
933_0019,42.374038,-71.118761,150001,
933_0019,42.374416,-71.118684,150002,
933_0019,42.374974,-71.118531,150003,
933_0019,42.375488,-71.118486,150004,
933_0019,42.375717,-71.118479,150005,
933_0019,42.375864,-71.118526,150006,
933_0019,42.375958,-71.118598,150007,
933_0019,42.376098,-71.118758,150008,
933_0019,42.37627,-71.119067,150009,
933_0019,42.376461,-71.119431,150010,
933_0019,42.3767,-71.119685,150011,
933_0019,42.377225,-71.1199,150012,
933_0019,42.377722,-71.120062,150013,
933_0019,42.378027,-71.120084,150014,
933_0019,42.37841,-71.120036,150015,
933_0019,42.380821,-71.119787,150016,
933_0019,42.388185,-71.118944,150017,
933_0019,42.388282,-71.11894,150018,
933_0019,42.388282,-71.11894,160001,
933_0019,42.390618,-71.118828,160002,
933_0019,42.393632,-71.119147,160003,
933_0019,42.394378,-71.119214,160004,
933_0019,42.394959,-71.119236,160005,
933_0019,42.395198,-71.119333,160006,
933_0019,42.395376,-71.119464,160007,
933_0019,42.395609,-71.119693,160008,
933_0019,42.395843,-71.12003,160009,
933_0019,42.396172,-71.120629,160010,
933_0019,42.396444,-71.121197,160011,
933_0019,42.39659,-71.121567,160012,
933_0019,42.39667,-71.121858,160013,
933_0019,42.39678,-71.122214,160014,
933_0019,42.396842,-71.122465,160015,
933_0019,42.396842,-71.122465,170001,
933_0019,42.397046,-71.123298,170002,
933_0019,42.397205,-71.124169,170003,
933_0019,42.397266,-71.124717,170004,
933_0019,42.397354,-71.125452,170005,
933_0019,42.397444,-71.126473,170006,
933_0019,42.397538,-71.128034,170007,
933_0019,42.397595,-71.129099,170008,
933_0019,42.397733,-71.130878,170009,
933_0019,42.397925,-71.134498,170010,
933_0019,42.397974,-71.135204,170011,
933_0019,42.397867,-71.136082,170012,
933_0019,42.397828,-71.136361,170013,
933_0019,42.397753,-71.136703,170014,
933_0019,42.397658,-71.137081,170015,
933_0019,42.397613,-71.137178,170016,
933_0019,42.397557,-71.137252,170017,
933_0019,42.397485,-71.137286,170018,
933_0019,42.397215,-71.137368,170019,
933_0019,42.396945,-71.137494,170020,
933_0019,42.396676,-71.137712,170021,
933_0019,42.396481,-71.138021,170022,
933_0019,42.396356,-71.138293,170023,
933_0019,42.396353,-71.138317,170024,
933_0019,42.396254,-71.138961,170025,
933_0019,42.396236,-71.139135,170026,
933_0019,42.396193,-71.139553,170027,
933_0019,42.396152,-71.142079,170028,
946_0014,42.36118,-71.062395,10001,
946_0014,42.361162,-71.06215,10002,
946_0014,42.361143,-71.06207,10003,
946_0014,42.361082,-71.061811,10004,
946_0014,42.361034,-71.061562,10005,
946_0014,42.360706,-71.060759,10006,
946_0014,42.360649,-71.060635,10007,
946_0014,42.360588,-71.060531,10008,
946_0014,42.360514,-71.060448,10009,
946_0014,42.360453,-71.060392,10010,
946_0014,42.360422,-71.060376,10011,
946_0014,42.360256,-71.060322,10012,
946_0014,42.360129,-71.060252,10013,
946_0014,42.360025,-71.060168,10014,
946_0014,42.359669,-71.059789,10015,
946_0014,42.359544,-71.059712,10016,
946_0014,42.359444,-71.059662,10017,
946_0014,42.359346,-71.059584,10018,
946_0014,42.359293,-71.059524,10019,
946_0014,42.359293,-71.059524,20001,
946_0014,42.359248,-71.059473,20002,
946_0014,42.359166,-71.059308,20003,
946_0014,42.359116,-71.059163,20004,
946_0014,42.359072,-71.058943,20005,
946_0014,42.359033,-71.058776,20006,
946_0014,42.358945,-71.058213,20007,
946_0014,42.358891,-71.057709,20008,
946_0014,42.358891,-71.057667,20009,
946_0014,42.358885,-71.057381,20010,
946_0014,42.358885,-71.057381,30001,
946_0014,42.358875,-71.056836,30002,
946_0014,42.358952,-71.056119,30003,
946_0014,42.359447,-71.05228,30004,
946_0014,42.359539,-71.051716,30005,
946_0014,42.359539,-71.051716,40001,
946_0014,42.359543,-71.051689,40002,
946_0014,42.359575,-71.051502,40003,
946_0014,42.359639,-71.051209,40004,
946_0014,42.359798,-71.050789,40005,
946_0014,42.359876,-71.050439,40006,
946_0014,42.360115,-71.047883,40007,
946_0014,42.366297,-71.042057,40008,
946_0014,42.368802,-71.039804,40009,
946_0014,42.368802,-71.039804,50001,
946_0014,42.369105,-71.039531,50002,
946_0014,42.369957,-71.038809,50003,
946_0014,42.370562,-71.038078,50004,
946_0014,42.370905,-71.037675,50005,
946_0014,42.371173,-71.037332,50006,
946_0014,42.371664,-71.036688,50007,
946_0014,42.372139,-71.036143,50008,
946_0014,42.372227,-71.036022,50009,
946_0014,42.37226,-71.035931,50010,
946_0014,42.372288,-71.035811,50011,
946_0014,42.372303,-71.035691,50012,
946_0014,42.372315,-71.033144,50013,
946_0014,42.372351,-71.032867,50014,
946_0014,42.372409,-71.032677,50015,
946_0014,42.372467,-71.032495,50016,
946_0014,42.372601,-71.032246,50017,
946_0014,42.372638,-71.032183,50018,
946_0014,42.372659,-71.032145,50019,
946_0014,42.372686,-71.0321,50020,
946_0014,42.372863,-71.031875,50021,
946_0014,42.373756,-71.030836,50022,
946_0014,42.373795,-71.030791,50023,
946_0014,42.373824,-71.030757,50024,
946_0014,42.374132,-71.030404,50025,
946_0014,42.374178,-71.030351,50026,
946_0014,42.374237,-71.030283,50027,
946_0014,42.374473,-71.03001,50028,
946_0014,42.374473,-71.03001,60001,
946_0014,42.374762,-71.029676,60002,
946_0014,42.374999,-71.02943,60003,
946_0014,42.375174,-71.029283,60004,
946_0014,42.375603,-71.028939,60005,
946_0014,42.375816,-71.02879,60006,
946_0014,42.375991,-71.028614,60007,
946_0014,42.376194,-71.028423,60008,
946_0014,42.37637,-71.028216,60009,
946_0014,42.376603,-71.027903,60010,
946_0014,42.376909,-71.027383,60011,
946_0014,42.377075,-71.027077,60012,
946_0014,42.377273,-71.02679,60013,
946_0014,42.377612,-71.026365,60014,
946_0014,42.378214,-71.025648,60015,
946_0014,42.378484,-71.025328,60016,
946_0014,42.378589,-71.025202,60017,
946_0014,42.378622,-71.025163,60018,
946_0014,42.378741,-71.024992,60019,
946_0014,42.378846,-71.024817,60020,
946_0014,42.378951,-71.024626,60021,
946_0014,42.379051,-71.024418,60022,
946_0014,42.379394,-71.023497,60023,
946_0014,42.379626,-71.022867,60024,
946_0014,42.379771,-71.022476,60025,
946_0014,42.379771,-71.022476,70001,
946_0014,42.379894,-71.022144,70002,
946_0014,42.379983,-71.02192,70003,
946_0014,42.380041,-71.021727,70004,
946_0014,42.380111,-71.021458,70005,
946_0014,42.380159,-71.021178,70006,
946_0014,42.380197,-71.020902,70007,
946_0014,42.380207,-71.020456,70008,
946_0014,42.380191,-71.018546,70009,
946_0014,42.380196,-71.018186,70010,
946_0014,42.380237,-71.017901,70011,
946_0014,42.380356,-71.017332,70012,
946_0014,42.38043,-71.017043,70013,
946_0014,42.380506,-71.016808,70014,
946_0014,42.380663,-71.016439,70015,
946_0014,42.380756,-71.016246,70016,
946_0014,42.38085,-71.016077,70017,
946_0014,42.380954,-71.015914,70018,
946_0014,42.381087,-71.015745,70019,
946_0014,42.381558,-71.01511,70020,
946_0014,42.381598,-71.015056,70021,
946_0014,42.381658,-71.014976,70022,
946_0014,42.383816,-71.012074,70023,
946_0014,42.384635,-71.010947,70024,
946_0014,42.384726,-71.010834,70025,
946_0014,42.384796,-71.01071,70026,
946_0014,42.384993,-71.010292,70027,
946_0014,42.38502,-71.010206,70028,
946_0014,42.385021,-71.010205,70029,
946_0014,42.385624,-71.008441,70030,
946_0014,42.386189,-71.006765,70031,
946_0014,42.386362,-71.006219,70032,
946_0014,42.386454,-71.005928,70033,
946_0014,42.386497,-71.00579,70034,
946_0014,42.386577,-71.005536,70035,
946_0014,42.386779,-71.004937,70036,
946_0014,42.386779,-71.004937,80001,
946_0014,42.387047,-71.004141,80002,
946_0014,42.387128,-71.003898,80003,
946_0014,42.387165,-71.003786,80004,
946_0014,42.387271,-71.003464,80005,
946_0014,42.387324,-71.003303,80006,
946_0014,42.387371,-71.003158,80007,
946_0014,42.387646,-71.002329,80008,
946_0014,42.387722,-71.002083,80009,
946_0014,42.38775,-71.001988,80010,
946_0014,42.38811,-71.000843,80011,
946_0014,42.388233,-71.000489,80012,
946_0014,42.388308,-71.000352,80013,
946_0014,42.388348,-71.000266,80014,
946_0014,42.388487,-70.999963,80015,
946_0014,42.388591,-70.999742,80016,
946_0014,42.388981,-70.999042,80017,
946_0014,42.389269,-70.998613,80018,
946_0014,42.389453,-70.998328,80019,
946_0014,42.389849,-70.997813,80020,
946_0014,42.390032,-70.997583,80021,
946_0014,42.390126,-70.997485,80022,
946_0014,42.390126,-70.997485,90001,
946_0014,42.390282,-70.997324,90002,
946_0014,42.390487,-70.997124,90003,
946_0014,42.390604,-70.99701,90004,
946_0014,42.390968,-70.996724,90005,
946_0014,42.391453,-70.996355,90006,
946_0014,42.392007,-70.995978,90007,
946_0014,42.393196,-70.995196,90008,
946_0014,42.393672,-70.99489,90009,
946_0014,42.394064,-70.994638,90010,
946_0014,42.395188,-70.993871,90011,
946_0014,42.395934,-70.993391,90012,
946_0014,42.396701,-70.992868,90013,
946_0014,42.397459,-70.992367,90014,
946_0014,42.397459,-70.992367,100001,
946_0014,42.397529,-70.992321,100002,
946_0014,42.39764,-70.992247,100003,
946_0014,42.39804,-70.991993,100004,
946_0014,42.398436,-70.99179,100005,
946_0014,42.39877,-70.991642,100006,
946_0014,42.399105,-70.99154,100007,
946_0014,42.399419,-70.991459,100008,
946_0014,42.399775,-70.991404,100009,
946_0014,42.399851,-70.991399,100010,
946_0014,42.400004,-70.991387,100011,
946_0014,42.400089,-70.99138,100012,
946_0014,42.400269,-70.991378,100013,
946_0014,42.400694,-70.991407,100014,
946_0014,42.401873,-70.991594,100015,
946_0014,42.403378,-70.991822,100016,
946_0014,42.404878,-70.992052,100017,
946_0014,42.405408,-70.992118,100018,
946_0014,42.407135,-70.992382,100019,
946_0014,42.407296,-70.992419,100020,
946_0014,42.407716,-70.992518,100021,
946_0014,42.407829,-70.992535,100022,
946_0014,42.407959,-70.992554,100023,
946_0014,42.408392,-70.992592,100024,
946_0014,42.408392,-70.992592,110001,
946_0014,42.408423,-70.992595,110002,
946_0014,42.408559,-70.992612,110003,
946_0014,42.409054,-70.992663,110004,
946_0014,42.409348,-70.992679,110005,
946_0014,42.409661,-70.992685,110006,
946_0014,42.410035,-70.992678,110007,
946_0014,42.410376,-70.99265,110008,
946_0014,42.410722,-70.992611,110009,
946_0014,42.411469,-70.992462,110010,
946_0014,42.411689,-70.992408,110011,
946_0014,42.412188,-70.992235,110012,
946_0014,42.4127,-70.992021,110013,
946_0014,42.413643,-70.991533,110014,
