shape_id,shape_pt_lat,shape_pt_lon,shape_pt_sequence,shape_dist_traveled
1124986,43.780757,-79.416009,1,0
1124986,43.779716,-79.415773,2,0.1174
1124986,43.778627,-79.415483,3,0.2407
1124986,43.777836,-79.415284,4,0.3302
1124986,43.776891,-79.415046,5,0.4379
1124986,43.77653,-79.414951,6,0.4785
1124986,43.775103,-79.414581,7,0.6403
1124986,43.773724,-79.414227,8,0.7968
1124986,43.772925,-79.414029,9,0.8872
1124986,43.772201,-79.413835,10,0.9696
1124986,43.771936,-79.413771,11,1.0002
1124986,43.770936,-79.413512,12,1.113
1124986,43.770516,-79.413411,13,1.1607
1124986,43.770083,-79.413307,14,1.2095
1124986,43.769221,-79.413102,15,1.3078
1124986,43.768339,-79.412867,16,1.4076
1124986,43.767898,-79.412761,17,1.4573
1124986,43.767417,-79.412645,18,1.5122
1124986,43.766885,-79.412514,19,1.5721
1124986,43.76651,-79.412409,20,1.615
1124986,43.765601,-79.412189,21,1.7174
1124986,43.764761,-79.411962,22,1.8131
1124986,43.764246,-79.411837,23,1.872
1124986,43.763944,-79.411762,24,1.9055
1124986,43.763835,-79.411736,25,1.9187
1124986,43.763207,-79.411575,26,1.9899
1124986,43.762295,-79.411354,27,2.0925
1124986,43.761454,-79.411135,28,2.1882
1124986,43.760912,-79.411,29,2.25
1124986,43.76066,-79.410945,30,2.2784
1124986,43.759892,-79.410757,31,2.3648
1124986,43.758996,-79.410537,32,2.4662
1124986,43.75817,-79.41032,33,2.5609
1124986,43.757962,-79.410262,34,2.5843
1124986,43.757532,-79.410139,35,2.6333
1124986,43.757284,-79.410078,36,2.6608
1124986,43.757171,-79.410048,37,2.6741
1124986,43.756601,-79.409892,38,2.7392
1124986,43.756429,-79.409838,39,2.7586
1124986,43.756276,-79.409786,40,2.7763
1124986,43.7558,-79.409657,41,2.8303
1124986,43.75545,-79.40953,42,2.8705
1124986,43.755141,-79.409394,43,2.9072
1124986,43.754858,-79.409284,44,2.9395
1124986,43.754502,-79.409193,45,2.9801
1124986,43.754155,-79.40914,46,3.0193
1124986,43.75378,-79.409086,47,3.0606
1124986,43.753464,-79.409012,48,3.097
1124986,43.753247,-79.408965,49,3.1213
1124986,43.753031,-79.408897,50,3.146
1124986,43.752722,-79.408825,51,3.1804
1124986,43.752328,-79.408754,52,3.2248
1124986,43.751815,-79.408714,53,3.2829
1124986,43.751161,-79.40873,54,3.3559
1124986,43.750899,-79.408692,55,3.3851
1124986,43.750623,-79.408673,56,3.4161
1124986,43.750249,-79.408619,57,3.4573
1124986,43.749906,-79.408537,58,3.4968
1124986,43.748697,-79.408172,59,3.6351
1124986,43.747973,-79.407957,60,3.7169
1124986,43.747774,-79.407808,61,3.7428
1124986,43.747607,-79.407577,62,3.7682
1124986,43.747223,-79.407253,63,3.8185
1124986,43.746893,-79.407099,64,3.8577
1124986,43.744217,-79.406412,65,4.1607
1124986,43.743532,-79.406212,66,4.2394
1124986,43.741836,-79.405841,67,4.4306
1124986,43.738684,-79.405266,68,4.7856
1124986,43.737923,-79.405205,69,4.8707
1124986,43.737434,-79.405362,70,4.9261
1124986,43.736923,-79.405338,71,4.9831
1124986,43.735957,-79.405131,72,5.0923
1124986,43.735474,-79.405032,73,5.1469
1124986,43.734309,-79.404771,74,5.2786
1124986,43.73421,-79.40475,75,5.2897
1124986,43.734114,-79.404729,76,5.3008
1124986,43.733844,-79.404652,77,5.3316
1124986,43.733608,-79.404593,78,5.3579
1124986,43.732944,-79.404419,79,5.4332
1124986,43.732846,-79.404404,80,5.4442
1124986,43.73192,-79.404202,81,5.5486
1124986,43.73183,-79.404176,82,5.5588
1124986,43.731079,-79.40396,83,5.6445
1124986,43.730813,-79.403914,84,5.6748
1124986,43.730212,-79.403752,85,5.7431
1124986,43.729877,-79.403664,86,5.7807
1124986,43.729376,-79.403546,87,5.8374
1124986,43.729105,-79.403492,88,5.8687
1124986,43.728521,-79.403325,89,5.9352
1124986,43.728265,-79.403264,90,5.9636
1124986,43.72778,-79.403142,91,6.0185
1124986,43.727379,-79.403037,92,6.0642
1124986,43.726236,-79.402712,93,6.1949
1124986,43.725625,-79.402562,94,6.2639
1124986,43.725046,-79.402393,95,6.3294
1124986,43.724902,-79.402388,96,6.3454
1124986,43.724271,-79.402266,97,6.4171
1124986,43.723733,-79.402137,98,6.478
1124986,43.723404,-79.402041,99,6.5158
1124986,43.723046,-79.402004,100,6.5559
1124986,43.721913,-79.401792,101,6.6831
1124986,43.720926,-79.401599,102,6.7941
1124986,43.719928,-79.401386,103,6.9064
1124986,43.719495,-79.40134,104,6.9555
1124986,43.718696,-79.401147,105,7.0458
1124986,43.71828,-79.401048,106,7.0925
1124986,43.717195,-79.400824,107,7.2138
1124986,43.71655,-79.400679,108,7.2868
1124986,43.716319,-79.40064,109,7.313
1124986,43.715398,-79.400429,110,7.4174
1124986,43.714892,-79.400306,111,7.4743
1124986,43.714513,-79.400235,112,7.5176
1124986,43.713596,-79.400037,113,7.6208
1124986,43.713476,-79.400019,114,7.634
1124986,43.712947,-79.399915,115,7.6935
1124986,43.712233,-79.399761,116,7.7744
1124986,43.711786,-79.399674,117,7.8249
1124986,43.711023,-79.399515,118,7.9109
1124986,43.710856,-79.399487,119,7.93
1124986,43.709528,-79.399194,120,8.0799
1124986,43.709031,-79.399066,121,8.1358
1124986,43.708156,-79.398876,122,8.235
1124986,43.707929,-79.398825,123,8.2603
1124986,43.706927,-79.398614,124,8.3736
1124986,43.706757,-79.398618,125,8.3926
1124986,43.706598,-79.398674,126,8.4112
1124986,43.706462,-79.398689,127,8.4263
1124986,43.705134,-79.398552,128,8.5747
1124986,43.704669,-79.398534,129,8.6267
1124986,43.704262,-79.398581,130,8.6719
1124986,43.703799,-79.398615,131,8.724
1124986,43.70312,-79.398547,132,8.8002
1124986,43.702408,-79.398462,133,8.8794
1124986,43.70066,-79.398129,134,9.0763
1124986,43.698773,-79.397718,135,9.2899
1124986,43.698237,-79.397601,136,9.3505
1124986,43.697932,-79.397477,137,9.386
1124986,43.696934,-79.397072,138,9.5018
1124986,43.696732,-79.396969,139,9.5261
1124986,43.696363,-79.396827,140,9.5686
1124986,43.691536,-79.395536,141,10.1165
1124986,43.691147,-79.395375,142,10.1624
1124986,43.690809,-79.39508,143,10.2074
1124986,43.69054,-79.394618,144,10.255
1124986,43.690189,-79.394335,145,10.2998
1124986,43.68818,-79.393586,146,10.5319
1124986,43.68218,-79.390974,147,11.2328
1124986,43.677119,-79.388769,148,11.8249
1124986,43.675541,-79.388082,149,12.0093
1124986,43.6751,-79.387877,150,12.0621
1124986,43.674438,-79.387585,151,12.1386
1124986,43.67386,-79.387225,152,12.2098
1124986,43.673475,-79.386936,153,12.2586
1124986,43.673106,-79.386757,154,12.3022
1124986,43.672315,-79.386454,155,12.3935
1124986,43.671504,-79.386141,156,12.4878
1124986,43.671153,-79.386007,157,12.5283
1124986,43.670767,-79.385863,158,12.5727
1124986,43.669917,-79.385552,159,12.671
1124986,43.665214,-79.383738,160,13.2159
1124986,43.664837,-79.383604,161,13.2593
1124986,43.664393,-79.383441,162,13.31
1124986,43.66405,-79.383359,163,13.3495
1124986,43.663509,-79.38327,164,13.41
1124986,43.66312,-79.383229,165,13.4531
1124986,43.662727,-79.383285,166,13.4974
1124986,43.662416,-79.383372,167,13.5331
1124986,43.662225,-79.383427,168,13.5544
1124986,43.661949,-79.383481,169,13.5857
1124986,43.661674,-79.383455,170,13.6168
1124986,43.661399,-79.383352,171,13.6478
1124986,43.661273,-79.3833,172,13.6624
1124986,43.660099,-79.382809,173,13.7993
1124986,43.659856,-79.382688,174,13.8288
1124986,43.659041,-79.382317,175,13.9236
1124986,43.658637,-79.382133,176,13.972
1124986,43.658615,-79.382124,177,13.9742
1124986,43.657853,-79.381786,178,14.0634
1124986,43.65736,-79.381569,179,14.121
1124986,43.656984,-79.381423,180,14.1647
1124986,43.656273,-79.381124,181,14.2472
1124986,43.655719,-79.380873,182,14.3124
1124986,43.654009,-79.380172,183,14.5114
1124986,43.652382,-79.379457,184,14.7024
1124986,43.651635,-79.379184,185,14.7883
1124986,43.651002,-79.378938,186,14.8618
1124986,43.650349,-79.37867,187,14.9371
1124986,43.649094,-79.378118,188,15.0839
1124986,43.648862,-79.378017,189,15.1111
1124986,43.648638,-79.377929,190,15.137
1124986,43.648443,-79.377858,191,15.1598
1124986,43.64824,-79.377802,192,15.1834
1124986,43.648088,-79.377761,193,15.2006
1124986,43.647867,-79.377713,194,15.225
1124986,43.647641,-79.377686,195,15.251
1124986,43.64743,-79.37769,196,15.274
1124986,43.647197,-79.377723,197,15.3002
1124986,43.646993,-79.377805,198,15.3242
1124986,43.64679,-79.377934,199,15.3493
1124986,43.646618,-79.378091,200,15.3723
1124986,43.646489,-79.378244,201,15.3908
1124986,43.646378,-79.378416,202,15.4099
1124986,43.646249,-79.378653,203,15.4335
1124986,43.64608,-79.379041,204,15.4698
1124986,43.645943,-79.37942,205,15.5034
1124986,43.645823,-79.379854,206,15.5407
1124986,43.645749,-79.380214,207,15.5711
1124986,43.645621,-79.380814,208,15.6211
1124986,43.64548,-79.381484,209,15.6774
1124986,43.645416,-79.381761,210,15.7005
1124986,43.64539,-79.381999,211,15.7197
1124986,43.645377,-79.382259,212,15.7408
1124986,43.645403,-79.382502,213,15.761
1124986,43.645431,-79.382689,214,15.7763
1124986,43.645519,-79.382984,215,15.8023
1124986,43.645629,-79.383228,216,15.8247
1124986,43.645763,-79.383463,217,15.849
1124986,43.646,-79.383774,218,15.885
1124986,43.646238,-79.38403,219,15.9192
1124986,43.646518,-79.38428,220,15.9561
1124986,43.646835,-79.384531,221,15.9964
1124986,43.647165,-79.384752,222,16.0376
1124986,43.647389,-79.384887,223,16.0645
1124986,43.647607,-79.385006,224,16.0914
1124986,43.648225,-79.385386,225,16.1671
1124986,43.64881,-79.385754,226,16.2383
1124986,43.64919,-79.386014,227,16.2852
1124986,43.649734,-79.386332,228,16.3515
1124986,43.650033,-79.38649,229,16.3866
1124986,43.650798,-79.386826,230,16.4768
1124986,43.651699,-79.387196,231,16.5812
1124986,43.652256,-79.387443,232,16.6463
1124986,43.652981,-79.387749,233,16.7308
1124986,43.653053,-79.387781,234,16.7393
1124986,43.653909,-79.388136,235,16.8393
1124986,43.654734,-79.388513,236,16.9364
1124986,43.654747,-79.38852,237,16.9374
1124986,43.655408,-79.388797,238,17.0146
1124986,43.655622,-79.388886,239,17.0399
1124986,43.656291,-79.389167,240,17.1181
1124986,43.656301,-79.389169,241,17.1191
1124986,43.657075,-79.389525,242,17.2098
1124986,43.657474,-79.389689,243,17.2567
1124986,43.657864,-79.389846,244,17.3016
1124986,43.658533,-79.390135,245,17.3801
1124986,43.658646,-79.390183,246,17.3927
1124986,43.659803,-79.390676,247,17.5284
1124986,43.660533,-79.390984,248,17.6132
1124986,43.660996,-79.391073,249,17.6657
1124986,43.661412,-79.391094,250,17.7117
1124986,43.661725,-79.391095,251,17.7467
1124986,43.661926,-79.391104,252,17.7697
1124986,43.662179,-79.391115,253,17.7977
1124986,43.662365,-79.391136,254,17.8178
1124986,43.662633,-79.391197,255,17.8482
1124986,43.662952,-79.39127,256,17.8847
1124986,43.663251,-79.391373,257,17.9186
1124986,43.663586,-79.391496,258,17.9579
1124986,43.663898,-79.391649,259,17.9949
1124986,43.664202,-79.391825,260,18.0312
1124986,43.664515,-79.392062,261,18.071
1124986,43.664814,-79.392299,262,18.11
1124986,43.665104,-79.392546,263,18.1472
1124986,43.665512,-79.392864,264,18.2
1124986,43.665883,-79.393137,265,18.2465
1124986,43.66721,-79.393724,266,18.4018
1124986,43.667585,-79.393912,267,18.4464
1124986,43.668053,-79.394175,268,18.5025
1124986,43.668437,-79.394449,269,18.5508
1124986,43.668618,-79.394655,270,18.5771
1124986,43.668743,-79.394906,271,18.6015
1124986,43.668829,-79.395219,272,18.6284
1124986,43.668875,-79.395549,273,18.6559
1124986,43.668865,-79.395885,274,18.6819
1124986,43.668813,-79.396333,275,18.7184
1124986,43.668717,-79.397042,276,18.7764
1124986,43.668576,-79.397845,277,18.8431
1124986,43.668374,-79.398839,278,18.9264
1124986,43.668077,-79.400226,279,19.0422
1124986,43.667716,-79.401977,280,19.1887
1124986,43.667648,-79.402352,281,19.2198
1124986,43.667598,-79.402665,282,19.2453
1124986,43.667553,-79.402995,283,19.2727
1124986,43.667502,-79.403367,284,19.3024
1124986,43.667508,-79.403813,285,19.3384
1124986,43.667618,-79.404138,286,19.367
1124986,43.667765,-79.404373,287,19.3918
1124986,43.667942,-79.404546,288,19.4163
1124986,43.66813,-79.40467,289,19.4395
1124986,43.668417,-79.404781,290,19.4728
1124986,43.668907,-79.404972,291,19.5298
1124986,43.670252,-79.405503,292,19.6858
1124986,43.672131,-79.40624,293,19.9039
1124986,43.674801,-79.40732,294,20.2134
1124986,43.675371,-79.407532,295,20.2796
1124986,43.675413,-79.407547,296,20.2847
1124986,43.675815,-79.407691,297,20.3311
1124986,43.677359,-79.408329,298,20.5107
1124986,43.678791,-79.408956,299,20.6784
1124986,43.678821,-79.408945,300,20.6815
1124986,43.678871,-79.408955,301,20.6876
1124986,43.679506,-79.409223,302,20.7617
1124986,43.680516,-79.409623,303,20.8781
1124986,43.681707,-79.410131,304,21.0173
1124986,43.681709,-79.41013,305,21.0173
1124986,43.681881,-79.410222,306,21.0385
1124986,43.682016,-79.410336,307,21.056
1124986,43.682122,-79.410416,308,21.069
1124986,43.682233,-79.410528,309,21.0849
1124986,43.682353,-79.410683,310,21.1025
1124986,43.682466,-79.410848,311,21.1216
1124986,43.68257,-79.411041,312,21.1403
1124986,43.68265,-79.411244,313,21.1586
1124986,43.682713,-79.411426,314,21.1752
1124986,43.682766,-79.411655,315,21.1941
1124986,43.682821,-79.411933,316,21.2179
1124986,43.682832,-79.412212,317,21.24
1124986,43.682832,-79.412489,318,21.262
1124986,43.682802,-79.41318,319,21.3181
1124986,43.68279,-79.413804,320,21.3681
1124986,43.682806,-79.414335,321,21.4112
1124986,43.682836,-79.414606,322,21.4324
1124986,43.682872,-79.414784,323,21.4479
1124986,43.682926,-79.414933,324,21.4613
1124986,43.682995,-79.415045,325,21.4734
1124986,43.683076,-79.415147,326,21.4854
1124986,43.683216,-79.415275,327,21.5043
1124986,43.683355,-79.415366,328,21.5209
1124986,43.683521,-79.415451,329,21.5411
1124986,43.683695,-79.415517,330,21.5607
1124986,43.684497,-79.415856,331,21.655
1124986,43.685925,-79.416458,332,21.8211
1124986,43.686707,-79.416892,333,21.9149
1124986,43.687529,-79.417433,334,22.0164
1124986,43.688193,-79.41792,335,22.1001
1124986,43.688839,-79.418488,336,22.1855
1124986,43.689465,-79.419407,337,22.2866
1124986,43.689855,-79.420408,338,22.3788
1124986,43.690247,-79.421707,339,22.4914
1124986,43.690541,-79.42314,340,22.611
1124986,43.690776,-79.424655,341,22.736
1124986,43.691107,-79.426332,342,22.875
1124986,43.691421,-79.427657,343,22.9876
1124986,43.691909,-79.428793,344,23.0934
1124986,43.69232,-79.429714,345,23.1805
1124986,43.692732,-79.430444,346,23.2545
1124986,43.693234,-79.431341,347,23.3457
1124986,43.693924,-79.432174,348,23.4478
1124986,43.69461,-79.433014,349,23.5505
1124986,43.695349,-79.433794,350,23.6533
1124986,43.696112,-79.434523,351,23.7568
1124986,43.697106,-79.435305,352,23.8839
1124986,43.698227,-79.435935,353,24.019
1124986,43.699038,-79.43633,354,24.1151
1124986,43.704626,-79.438452,355,24.7618
1124986,43.70535,-79.438693,356,24.8443
1124986,43.705941,-79.439053,357,24.916
1124986,43.709141,-79.441143,358,25.3105
1124986,43.709486,-79.441392,359,25.3544
1124986,43.710522,-79.442062,360,25.4823
1124986,43.71063,-79.442123,361,25.4953
1124986,43.710731,-79.442177,362,25.507
1124986,43.710743,-79.442183,363,25.508
1124986,43.710852,-79.442244,364,25.521
1124986,43.710966,-79.442303,365,25.535
1124986,43.71108,-79.442361,366,25.5489
1124986,43.711148,-79.442397,367,25.5562
1124986,43.711192,-79.44242,368,25.5615
1124986,43.711302,-79.442476,369,25.5755
1124986,43.711414,-79.442533,370,25.5881
1124986,43.711529,-79.442588,371,25.6021
1124986,43.711642,-79.442643,372,25.6157
1124986,43.711755,-79.442696,373,25.6283
1124986,43.711868,-79.442749,374,25.6422
1124986,43.711981,-79.442801,375,25.6549
1124986,43.712661,-79.44309,376,25.7343
1124986,43.712873,-79.443179,377,25.7593
1124986,43.714512,-79.443782,378,25.9485
1124986,43.714565,-79.443804,379,25.9548
1124986,43.715471,-79.444181,380,26.0602
1124986,43.716009,-79.444399,381,26.1228
1124986,43.716788,-79.444714,382,26.2133
1124986,43.718859,-79.445468,383,26.451
1124986,43.719086,-79.445554,384,26.477
1124986,43.722,-79.446636,385,26.8144
1124986,43.72354,-79.447277,386,26.9928
1124986,43.723756,-79.447369,387,27.0178
1124986,43.723914,-79.44743,388,27.0365
1124986,43.724073,-79.447491,389,27.0552
1124986,43.724231,-79.447551,390,27.0729
1124986,43.724391,-79.447611,391,27.0916
1124986,43.724582,-79.447694,392,27.1144
1124986,43.724597,-79.447698,393,27.1158
1124986,43.724754,-79.447756,394,27.1343
1124986,43.724914,-79.44781,395,27.1529
1124986,43.724967,-79.447837,396,27.1593
1124986,43.725018,-79.447862,397,27.1646
1124986,43.725071,-79.447887,398,27.171
1124986,43.725126,-79.447912,399,27.1773
1124986,43.725181,-79.447935,400,27.1836
1124986,43.725234,-79.447957,401,27.1899
1124986,43.72529,-79.44798,402,27.197
1124986,43.725343,-79.448001,403,27.2033
1124986,43.725397,-79.448021,404,27.2097
1124986,43.725452,-79.448041,405,27.2158
1124986,43.725506,-79.448061,406,27.2221
1124986,43.72556,-79.448078,407,27.2282
1124986,43.725614,-79.448097,408,27.2345
1124986,43.72562,-79.448096,409,27.2345
1124986,43.725673,-79.448113,410,27.2406
1124986,43.725728,-79.448129,411,27.2476
1124986,43.72576,-79.448138,412,27.2508
1124986,43.725782,-79.448145,413,27.254
1124986,43.725836,-79.448158,414,27.26
1124986,43.725895,-79.448172,415,27.2661
1124986,43.72595,-79.448185,416,27.2722
1124986,43.726004,-79.448197,417,27.2783
1124986,43.726062,-79.448208,418,27.2854
1124986,43.726117,-79.448217,419,27.2914
1124986,43.726193,-79.448241,420,27.2996
1124986,43.726266,-79.448263,421,27.3088
1124986,43.726342,-79.448285,422,27.3171
1124986,43.726419,-79.448305,423,27.3261
1124986,43.726491,-79.448326,424,27.3344
1124986,43.726569,-79.448345,425,27.3426
1124986,43.726644,-79.448364,426,27.3517
1124986,43.726717,-79.448381,427,27.3597
1124986,43.726794,-79.448399,428,27.368
1124986,43.72687,-79.448414,429,27.377
1124986,43.726947,-79.448429,430,27.3861
1124986,43.727024,-79.448444,431,27.3942
1124986,43.727101,-79.448457,432,27.4032
1124986,43.727178,-79.448469,433,27.4113
1124986,43.72725,-79.448482,434,27.4193
1124986,43.727327,-79.448498,435,27.4286
1124986,43.729496,-79.448858,436,27.6722
1124986,43.729614,-79.448879,437,27.6853
1124986,43.729764,-79.448903,438,27.7024
1124986,43.729808,-79.44891,439,27.7075
1124986,43.730007,-79.448943,440,27.7296
1124986,43.730197,-79.448976,441,27.7508
1124986,43.730319,-79.448997,442,27.765
1124986,43.730734,-79.449064,443,27.8113
1124986,43.730782,-79.449069,444,27.8163
1124986,43.730833,-79.449075,445,27.8223
1124986,43.730881,-79.449081,446,27.8283
1124986,43.730932,-79.449086,447,27.8334
1124986,43.730955,-79.44909,448,27.8364
1124986,43.730981,-79.449095,449,27.8394
1124986,43.73103,-79.449102,450,27.8445
1124986,43.73108,-79.449112,451,27.8506
1124986,43.73113,-79.449121,452,27.8556
1124986,43.73118,-79.449133,453,27.8617
1124986,43.731224,-79.449144,454,27.8668
1124986,43.731275,-79.449156,455,27.8719
1124986,43.731324,-79.449168,456,27.878
1124986,43.731375,-79.449182,457,27.8841
1124986,43.731424,-79.449197,458,27.8895
1124986,43.731468,-79.449212,459,27.8946
1124986,43.731518,-79.449228,460,27.9006
1124986,43.731568,-79.449246,461,27.9057
1124986,43.731609,-79.44926,462,27.9111
1124986,43.731613,-79.449264,463,27.9111
1124986,43.731663,-79.449281,464,27.9172
1124986,43.731714,-79.4493,465,27.9226
1124986,43.731758,-79.449322,466,27.928
1124986,43.731809,-79.449342,467,27.9341
1124986,43.731853,-79.449364,468,27.9394
1124986,43.731917,-79.449392,469,27.9467
1124986,43.731981,-79.449418,470,27.954
1124986,43.732044,-79.449446,471,27.9613
1124986,43.732108,-79.449472,472,27.9689
1124986,43.732171,-79.449497,473,27.9762
1124986,43.732234,-79.44952,474,27.9842
1124986,43.732297,-79.449544,475,27.9915
1124986,43.732361,-79.449566,476,27.9988
1124986,43.732424,-79.449587,477,28.0061
1124986,43.732492,-79.449609,478,28.0132
1124986,43.732556,-79.449627,479,28.0204
1124986,43.732619,-79.449647,480,28.0277
1124986,43.732682,-79.449664,481,28.0358
1124986,43.733989,-79.450115,482,28.1852
1124986,43.734133,-79.450165,483,28.2017
1124986,43.73487,-79.45042,484,28.287
1124986,43.736545,-79.451052,485,28.4809
1124986,43.737116,-79.451349,486,28.5483
1124986,43.737582,-79.451674,487,28.6064
1124986,43.738028,-79.452108,488,28.6669
1124986,43.738466,-79.452624,489,28.7314
1124986,43.738858,-79.453384,490,28.8066
1124986,43.739208,-79.453874,491,28.8618
1124986,43.739694,-79.45458,492,28.9403
1124986,43.740126,-79.455134,493,29.0054
1124986,43.740542,-79.455708,494,29.0712
1124986,43.741136,-79.45656,495,29.166
1124986,43.741634,-79.457327,496,29.2495
1124986,43.742178,-79.45803,497,29.3323
1124986,43.742627,-79.458646,498,29.403
1124986,43.743028,-79.459265,499,29.4689
1124986,43.74346,-79.459819,500,29.5354
1124986,43.744017,-79.460324,501,29.6092
1124986,43.744731,-79.460784,502,29.6973
1124986,43.745599,-79.46113,503,29.7973
1124986,43.746421,-79.461348,504,29.8909
1124986,43.746958,-79.461507,505,29.9523
1124986,43.748173,-79.461932,506,30.0925
1124986,43.748962,-79.46215,507,30.1821
1124986,43.749484,-79.462332,508,30.242
1124986,43.749926,-79.462471,509,30.2922
1124986,43.751592,-79.463131,510,30.4854
1124986,43.752657,-79.463648,511,30.6115
1124986,43.752832,-79.463778,512,30.6339
1124986,43.753063,-79.46396,513,30.6631
1124986,43.75327,-79.464155,514,30.6905
1124986,43.753395,-79.464305,515,30.709
1124986,43.753517,-79.464463,516,30.7281
1124986,43.753659,-79.464682,517,30.7521
1124986,43.753777,-79.464857,518,30.7713
1124986,43.753842,-79.464987,519,30.7835
1124986,43.753947,-79.465218,520,30.8059
1124986,43.754061,-79.465482,521,30.8306
1124986,43.75413,-79.465672,522,30.8476
1124986,43.754207,-79.465944,523,30.871
1124986,43.754264,-79.466147,524,30.8885
1124986,43.754341,-79.466536,525,30.9205
1124986,43.75441,-79.466971,526,30.9564
1124986,43.754458,-79.467315,527,30.9849
1124986,43.75469,-79.468861,528,31.1116
1124986,43.75484,-79.469989,529,31.2032
1124986,43.754856,-79.470455,530,31.2412
1124986,43.754888,-79.47106,531,31.2894
1124986,43.754872,-79.471502,532,31.3254
1124986,43.754868,-79.471843,533,31.3524
1124986,43.75482,-79.472488,534,31.4047
1124986,43.754763,-79.472942,535,31.4412
1124986,43.754698,-79.473373,536,31.4771
1124986,43.754588,-79.473965,537,31.5256
1124986,43.754458,-79.474561,538,31.5756
1124986,43.754353,-79.474987,539,31.6116
1124986,43.753805,-79.47747,540,31.8198
1124986,43.753302,-79.479795,541,32.015
1124986,43.75316,-79.480513,542,32.0739
1124986,43.753136,-79.480667,543,32.0873
1124986,43.753099,-79.480959,544,32.1106
1124986,43.753075,-79.481235,545,32.1328
1124986,43.753051,-79.481523,546,32.156
1124986,43.753034,-79.481819,547,32.18
1124986,43.753034,-79.482099,548,32.203
1124986,43.753043,-79.482428,549,32.2291
1124986,43.753111,-79.483369,550,32.3054
1124986,43.753172,-79.483819,551,32.3421
1124986,43.753274,-79.484302,552,32.3819
1124986,43.753343,-79.484602,553,32.4069
1124986,43.753408,-79.484862,554,32.4294
1124986,43.753497,-79.485146,555,32.4545
1124986,43.753679,-79.485661,556,32.5001
1124986,43.753911,-79.486193,557,32.5503
1124986,43.754199,-79.486749,558,32.6047
1124986,43.754629,-79.487446,559,32.6785
1124986,43.754905,-79.487807,560,32.7209
1124986,43.755156,-79.488091,561,32.7572
1124986,43.755298,-79.488225,562,32.7766
1124986,43.7554,-79.488343,563,32.7908
1124986,43.755489,-79.48842,564,32.8025
1124986,43.755753,-79.488647,565,32.838
1124986,43.756024,-79.488838,566,32.8715
1124986,43.756272,-79.489029,567,32.9024
1124986,43.756491,-79.489167,568,32.9297
1124986,43.756974,-79.48939,569,32.9866
1124986,43.757613,-79.489538,570,33.0586
1124986,43.75847,-79.489763,571,33.1563
1124986,43.759325,-79.48998,572,33.2528
1124986,43.759828,-79.490082,573,33.3094
1124986,43.763502,-79.491053,574,33.7266
1124986,43.765715,-79.491659,575,33.9784
1124986,43.766034,-79.491736,576,34.0149
1124986,43.766339,-79.49181,577,34.0494
1124986,43.767165,-79.492012,578,34.1428
1124986,43.767207,-79.492022,579,34.1479
1124986,43.767312,-79.492047,580,34.1591
1124986,43.769301,-79.492554,581,34.3846
1124986,43.769819,-79.492773,582,34.4454
1124986,43.770212,-79.492949,583,34.4915
1124986,43.770566,-79.493174,584,34.5354
1124986,43.770902,-79.493409,585,34.5765
1124986,43.771081,-79.493555,586,34.5999
1124986,43.771308,-79.493748,587,34.6295
1124986,43.771546,-79.494002,588,34.6632
1124986,43.771852,-79.494345,589,34.7066
1124986,43.771986,-79.494509,590,34.7264
1124986,43.772281,-79.494889,591,34.7717
1124986,43.772486,-79.495195,592,34.8049
1124986,43.772605,-79.495381,593,34.8248
1124986,43.772806,-79.49575,594,34.8626
1124986,43.773004,-79.496141,595,34.9006
1124986,43.773123,-79.496402,596,34.9253
1124986,43.773239,-79.496685,597,34.9517
1124986,43.773485,-79.497375,598,35.0134
1124986,43.773686,-79.498027,599,35.0699
1124986,43.773854,-79.498639,600,35.1225
1124986,43.774364,-79.500506,601,35.2829
1124986,43.774882,-79.502336,602,35.4409
1124986,43.775572,-79.504826,603,35.6543
1124986,43.776191,-79.507036,604,35.8447
1124986,43.776597,-79.508475,605,35.9691
1124986,43.77776,-79.51262,606,36.3256
1124986,43.778311,-79.514617,607,36.4972
1124986,43.779284,-79.517947,608,36.7856
1124986,43.779487,-79.518724,609,36.8517
1124986,43.779655,-79.51925,610,36.8974
1124986,43.779733,-79.519481,611,36.9185
1124986,43.779834,-79.519727,612,36.9404
1124986,43.779988,-79.52005,613,36.972
1124986,43.780225,-79.520504,614,37.0164
1124986,43.780451,-79.52088,615,37.0563
1124986,43.780626,-79.521134,616,37.0846
1124986,43.780818,-79.521348,617,37.1116
1124986,43.781016,-79.521589,618,37.1414
1124986,43.781286,-79.52184,619,37.1775
1124986,43.781966,-79.522341,620,37.2633
1124986,43.78226,-79.522495,621,37.2979
1124986,43.782612,-79.522679,622,37.3403
1124986,43.784044,-79.523421,623,37.5111
1124986,43.786238,-79.524576,624,37.7719
1124986,43.787391,-79.525172,625,37.9092
1124986,43.788366,-79.525616,626,38.024
1124986,43.788906,-79.525843,627,38.0866
1124986,43.789374,-79.526021,628,38.1415
1124986,43.789769,-79.526171,629,38.1871
1124986,43.790174,-79.52632,630,38.2336
1124986,43.790618,-79.526474,631,38.2841
1124986,43.79207,-79.526894,632,38.4496
1124986,43.796772,-79.528129,633,38.9837
1125246,43.796772,-79.528129,1,0
1125246,43.79207,-79.526894,2,0.5341
1125246,43.790618,-79.526474,3,0.6996
1125246,43.790174,-79.52632,4,0.75
1125246,43.789769,-79.526171,5,0.7966
1125246,43.789374,-79.526021,6,0.8422
1125246,43.788906,-79.525843,7,0.897
1125246,43.788366,-79.525616,8,0.9597
1125246,43.787391,-79.525172,9,1.0745
1125246,43.786238,-79.524576,10,1.2118
1125246,43.784044,-79.523421,11,1.4725
1125246,43.782612,-79.522679,12,1.6434
1125246,43.78226,-79.522495,13,1.6858
1125246,43.781966,-79.522341,14,1.7203
1125246,43.781286,-79.52184,15,1.8062
1125246,43.781016,-79.521589,16,1.8423
1125246,43.780818,-79.521348,17,1.8721
1125246,43.780626,-79.521134,18,1.8991
1125246,43.780451,-79.52088,19,1.9274
1125246,43.780225,-79.520504,20,1.9672
1125246,43.779988,-79.52005,21,2.0116
1125246,43.779834,-79.519727,22,2.0433
1125246,43.779733,-79.519481,23,2.0652
1125246,43.779655,-79.51925,24,2.0862
1125246,43.779487,-79.518724,25,2.1319
1125246,43.779284,-79.517947,26,2.1981
1125246,43.778311,-79.514617,27,2.4865
1125246,43.77776,-79.51262,28,2.6581
1125246,43.776597,-79.508475,29,3.0146
1125246,43.776191,-79.507036,30,3.139
1125246,43.775572,-79.504826,31,3.3294
1125246,43.774882,-79.502336,32,3.5427
1125246,43.774364,-79.500506,33,3.7008
1125246,43.773854,-79.498639,34,3.8612
1125246,43.773686,-79.498027,35,3.9138
1125246,43.773485,-79.497375,36,3.9702
1125246,43.773239,-79.496685,37,4.032
1125246,43.773123,-79.496402,38,4.0584
1125246,43.773004,-79.496141,39,4.0831
1125246,43.772806,-79.49575,40,4.1211
1125246,43.772605,-79.495381,41,4.1589
1125246,43.772486,-79.495195,42,4.1787
1125246,43.772281,-79.494889,43,4.212
1125246,43.771986,-79.494509,44,4.2573
1125246,43.771852,-79.494345,45,4.2771
1125246,43.771546,-79.494002,46,4.3205
1125246,43.771308,-79.493748,47,4.3541
1125246,43.771081,-79.493555,48,4.3838
1125246,43.770902,-79.493409,49,4.4071
1125246,43.770566,-79.493174,50,4.4483
1125246,43.770212,-79.492949,51,4.4921
1125246,43.769819,-79.492773,52,4.5383
1125246,43.769301,-79.492554,53,4.5991
1125246,43.767312,-79.492047,54,4.8246
1125246,43.767207,-79.492022,55,4.8358
1125246,43.767165,-79.492012,56,4.8409
1125246,43.766339,-79.49181,57,4.9343
1125246,43.766034,-79.491736,58,4.9688
1125246,43.765715,-79.491659,59,5.0053
1125246,43.763502,-79.491053,60,5.2571
1125246,43.759828,-79.490082,61,5.6743
1125246,43.759325,-79.48998,62,5.7309
1125246,43.75847,-79.489763,63,5.8274
1125246,43.757613,-79.489538,64,5.925
1125246,43.756974,-79.48939,65,5.997
1125246,43.756491,-79.489167,66,6.054
1125246,43.756272,-79.489029,67,6.0813
1125246,43.756024,-79.488838,68,6.1122
1125246,43.755753,-79.488647,69,6.1457
1125246,43.755489,-79.48842,70,6.1812
1125246,43.7554,-79.488343,71,6.1929
1125246,43.755298,-79.488225,72,6.2071
1125246,43.755156,-79.488091,73,6.2265
1125246,43.754905,-79.487807,74,6.2627
1125246,43.754629,-79.487446,75,6.3052
1125246,43.754199,-79.486749,76,6.379
1125246,43.753911,-79.486193,77,6.4334
1125246,43.753679,-79.485661,78,6.4836
1125246,43.753497,-79.485146,79,6.5292
1125246,43.753408,-79.484862,80,6.5543
1125246,43.753343,-79.484602,81,6.5768
1125246,43.753274,-79.484302,82,6.6018
1125246,43.753172,-79.483819,83,6.6416
1125246,43.753111,-79.483369,84,6.6783
1125246,43.753043,-79.482428,85,6.7546
1125246,43.753034,-79.482099,86,6.7806
1125246,43.753034,-79.481819,87,6.8036
1125246,43.753051,-79.481523,88,6.8277
1125246,43.753075,-79.481235,89,6.8509
1125246,43.753099,-79.480959,90,6.8731
1125246,43.753136,-79.480667,91,6.8964
1125246,43.75316,-79.480513,92,6.9097
1125246,43.753302,-79.479795,93,6.9687
1125246,43.753805,-79.47747,94,7.1639
1125246,43.754353,-79.474987,95,7.372
1125246,43.754458,-79.474561,96,7.4081
1125246,43.754588,-79.473965,97,7.4581
1125246,43.754698,-79.473373,98,7.5066
1125246,43.754763,-79.472942,99,7.5425
1125246,43.75482,-79.472488,100,7.579
1125246,43.754868,-79.471843,101,7.6312
1125246,43.754872,-79.471502,102,7.6583
1125246,43.754888,-79.47106,103,7.6943
1125246,43.754856,-79.470455,104,7.7425
1125246,43.75484,-79.469989,105,7.7805
1125246,43.75469,-79.468861,106,7.8721
1125246,43.754458,-79.467315,107,7.9988
1125246,43.75441,-79.466971,108,8.0273
1125246,43.754341,-79.466536,109,8.0632
1125246,43.754264,-79.466147,110,8.0952
1125246,43.754207,-79.465944,111,8.1126
1125246,43.75413,-79.465672,112,8.1361
1125246,43.754061,-79.465482,113,8.1531
1125246,43.753947,-79.465218,114,8.1777
1125246,43.753842,-79.464987,115,8.2002
1125246,43.753777,-79.464857,116,8.2124
1125246,43.753659,-79.464682,117,8.2315
1125246,43.753517,-79.464463,118,8.2556
1125246,43.753395,-79.464305,119,8.2747
1125246,43.75327,-79.464155,120,8.2932
1125246,43.753063,-79.46396,121,8.3206
1125246,43.752832,-79.463778,122,8.3498
1125246,43.752657,-79.463648,123,8.3721
1125246,43.751592,-79.463131,124,8.4983
1125246,43.749926,-79.462471,125,8.6915
1125246,43.749484,-79.462332,126,8.7417
1125246,43.748962,-79.46215,127,8.8016
1125246,43.748173,-79.461932,128,8.8912
1125246,43.746958,-79.461507,129,9.0314
1125246,43.746421,-79.461348,130,9.0928
1125246,43.745599,-79.46113,131,9.1864
1125246,43.744731,-79.460784,132,9.2864
1125246,43.744017,-79.460324,133,9.3745
1125246,43.74346,-79.459819,134,9.4483
1125246,43.743028,-79.459265,135,9.5148
1125246,43.742627,-79.458646,136,9.5807
1125246,43.742178,-79.45803,137,9.6514
1125246,43.741634,-79.457327,138,9.7342
1125246,43.741136,-79.45656,139,9.8177
1125246,43.740542,-79.455708,140,9.9125
1125246,43.740126,-79.455134,141,9.9783
1125246,43.739694,-79.45458,142,10.0434
1125246,43.739208,-79.453874,143,10.1219
1125246,43.738858,-79.453384,144,10.177
1125246,43.738466,-79.452624,145,10.2523
1125246,43.738028,-79.452108,146,10.3168
1125246,43.737582,-79.451674,147,10.3773
1125246,43.737116,-79.451349,148,10.4354
1125246,43.736545,-79.451052,149,10.5028
1125246,43.73487,-79.45042,150,10.6966
1125246,43.734133,-79.450165,151,10.782
1125246,43.733989,-79.450115,152,10.7985
1125246,43.732682,-79.449664,153,10.9479
1125246,43.732619,-79.449647,154,10.956
1125246,43.732556,-79.449627,155,10.9633
1125246,43.732492,-79.449609,156,10.9705
1125246,43.732424,-79.449587,157,10.9776
1125246,43.732361,-79.449566,158,10.9849
1125246,43.732297,-79.449544,159,10.9922
1125246,43.732234,-79.44952,160,10.9994
1125246,43.732171,-79.449497,161,11.0075
1125246,43.732108,-79.449472,162,11.0148
1125246,43.732044,-79.449446,163,11.0224
1125246,43.731981,-79.449418,164,11.0297
1125246,43.731917,-79.449392,165,11.037
1125246,43.731853,-79.449364,166,11.0442
1125246,43.731809,-79.449342,167,11.0496
1125246,43.731758,-79.449322,168,11.0557
1125246,43.731714,-79.4493,169,11.0611
1125246,43.731663,-79.449281,170,11.0665
1125246,43.731613,-79.449264,171,11.0726
1125246,43.731609,-79.44926,172,11.0726
1125246,43.731568,-79.449246,173,11.0779
1125246,43.731518,-79.449228,174,11.083
1125246,43.731468,-79.449212,175,11.0891
1125246,43.731424,-79.449197,176,11.0942
1125246,43.731375,-79.449182,177,11.0996
1125246,43.731324,-79.449168,178,11.1057
1125246,43.731275,-79.449156,179,11.1118
1125246,43.731224,-79.449144,180,11.1169
1125246,43.73118,-79.449133,181,11.122
1125246,43.73113,-79.449121,182,11.1281
1125246,43.73108,-79.449112,183,11.1331
1125246,43.73103,-79.449102,184,11.1391
1125246,43.730981,-79.449095,185,11.1442
1125246,43.730955,-79.44909,186,11.1472
1125246,43.730932,-79.449086,187,11.1502
1125246,43.730881,-79.449081,188,11.1553
1125246,43.730833,-79.449075,189,11.1613
1125246,43.730782,-79.449069,190,11.1674
1125246,43.730734,-79.449064,191,11.1724
1125246,43.730319,-79.448997,192,11.2187
1125246,43.730197,-79.448976,193,11.2328
1125246,43.730007,-79.448943,194,11.254
1125246,43.729808,-79.44891,195,11.2761
1125246,43.729764,-79.448903,196,11.2812
1125246,43.729614,-79.448879,197,11.2984
1125246,43.729496,-79.448858,198,11.3115
1125246,43.727327,-79.448498,199,11.5551
1125246,43.72725,-79.448482,200,11.5643
1125246,43.727178,-79.448469,201,11.5724
1125246,43.727101,-79.448457,202,11.5805
1125246,43.727024,-79.448444,203,11.5895
1125246,43.726947,-79.448429,204,11.5976
1125246,43.72687,-79.448414,205,11.6066
1125246,43.726794,-79.448399,206,11.6157
1125246,43.726717,-79.448381,207,11.6239
1125246,43.726644,-79.448364,208,11.632
1125246,43.726569,-79.448345,209,11.6411
1125246,43.726491,-79.448326,210,11.6493
1125246,43.726419,-79.448305,211,11.6576
1125246,43.726342,-79.448285,212,11.6666
1125246,43.726266,-79.448263,213,11.6749
1125246,43.726193,-79.448241,214,11.6841
1125246,43.726117,-79.448217,215,11.6923
1125246,43.726062,-79.448208,216,11.6983
1125246,43.726004,-79.448197,217,11.7054
1125246,43.72595,-79.448185,218,11.7115
1125246,43.725895,-79.448172,219,11.7176
1125246,43.725836,-79.448158,220,11.7236
1125246,43.725782,-79.448145,221,11.7297
1125246,43.72576,-79.448138,222,11.7329
1125246,43.725728,-79.448129,223,11.736
1125246,43.725673,-79.448113,224,11.7431
1125246,43.72562,-79.448096,225,11.7492
1125246,43.725614,-79.448097,226,11.7492
1125246,43.72556,-79.448078,227,11.7555
1125246,43.725506,-79.448061,228,11.7616
1125246,43.725452,-79.448041,229,11.7679
1125246,43.725397,-79.448021,230,11.774
1125246,43.725343,-79.448001,231,11.7803
1125246,43.72529,-79.44798,232,11.7867
1125246,43.725234,-79.447957,233,11.7937
1125246,43.725181,-79.447935,234,11.8001
1125246,43.725126,-79.447912,235,11.8064
1125246,43.725071,-79.447887,236,11.8127
1125246,43.725018,-79.447862,237,11.819
1125246,43.724967,-79.447837,238,11.8244
1125246,43.724914,-79.44781,239,11.8307
1125246,43.724754,-79.447756,240,11.8494
1125246,43.724597,-79.447698,241,11.8679
1125246,43.724582,-79.447694,242,11.8693
1125246,43.724391,-79.447611,243,11.8921
1125246,43.724231,-79.447551,244,11.9108
1125246,43.724073,-79.447491,245,11.9285
1125246,43.723914,-79.44743,246,11.9472
1125246,43.723756,-79.447369,247,11.9658
1125246,43.72354,-79.447277,248,11.9908
1125246,43.722,-79.446636,249,12.1693
1125246,43.719086,-79.445554,250,12.5067
1125246,43.718859,-79.445468,251,12.5327
1125246,43.716788,-79.444714,252,12.7704
1125246,43.716009,-79.444399,253,12.8609
1125246,43.715471,-79.444181,254,12.9235
1125246,43.714565,-79.443804,255,13.0289
1125246,43.714512,-79.443782,256,13.0352
1125246,43.712873,-79.443179,257,13.2244
1125246,43.712661,-79.44309,258,13.2494
1125246,43.711981,-79.442801,259,13.3288
1125246,43.711868,-79.442749,260,13.3414
1125246,43.711755,-79.442696,261,13.3554
1125246,43.711642,-79.442643,262,13.368
1125246,43.711529,-79.442588,263,13.3816
1125246,43.711414,-79.442533,264,13.3956
1125246,43.711302,-79.442476,265,13.4082
1125246,43.711192,-79.44242,266,13.4221
1125246,43.711148,-79.442397,267,13.4275
1125246,43.71108,-79.442361,268,13.4348
1125246,43.710966,-79.442303,269,13.4487
1125246,43.710852,-79.442244,270,13.4627
1125246,43.710743,-79.442183,271,13.4757
1125246,43.710731,-79.442177,272,13.4767
1125246,43.71063,-79.442123,273,13.4884
1125246,43.710522,-79.442062,274,13.5014
1125246,43.709486,-79.441392,275,13.6293
1125246,43.709141,-79.441143,276,13.6731
1125246,43.705941,-79.439053,277,14.0677
1125246,43.70535,-79.438693,278,14.1394
1125246,43.704626,-79.438452,279,14.2219
1125246,43.699038,-79.43633,280,14.8686
1125246,43.698227,-79.435935,281,14.9647
1125246,43.697106,-79.435305,282,15.0997
1125246,43.696112,-79.434523,283,15.2269
1125246,43.695349,-79.433794,284,15.3303
1125246,43.69461,-79.433014,285,15.4331
1125246,43.693924,-79.432174,286,15.5359
1125246,43.693234,-79.431341,287,15.6379
1125246,43.692732,-79.430444,288,15.7292
1125246,43.69232,-79.429714,289,15.8032
1125246,43.691909,-79.428793,290,15.8903
1125246,43.691421,-79.427657,291,15.9961
1125246,43.691107,-79.426332,292,16.1087
1125246,43.690776,-79.424655,293,16.2477
1125246,43.690541,-79.42314,294,16.3727
1125246,43.690247,-79.421707,295,16.4923
1125246,43.689855,-79.420408,296,16.6049
1125246,43.689465,-79.419407,297,16.697
1125246,43.688839,-79.418488,298,16.7982
1125246,43.688193,-79.41792,299,16.8836
1125246,43.687529,-79.417433,300,16.9673
1125246,43.686707,-79.416892,301,17.0688
1125246,43.685925,-79.416458,302,17.1626
1125246,43.684497,-79.415856,303,17.3287
1125246,43.683695,-79.415517,304,17.4229
1125246,43.683521,-79.415451,305,17.4426
1125246,43.683355,-79.415366,306,17.4628
1125246,43.683216,-79.415275,307,17.4794
1125246,43.683076,-79.415147,308,17.4983
1125246,43.682995,-79.415045,309,17.5103
1125246,43.682926,-79.414933,310,17.5223
1125246,43.682872,-79.414784,311,17.5358
1125246,43.682836,-79.414606,312,17.5513
1125246,43.682806,-79.414335,313,17.5725
1125246,43.68279,-79.413804,314,17.6155
1125246,43.682802,-79.41318,315,17.6655
1125246,43.682832,-79.412489,316,17.7217
1125246,43.682832,-79.412212,317,17.7437
1125246,43.682821,-79.411933,318,17.7658
1125246,43.682766,-79.411655,319,17.7895
1125246,43.682713,-79.411426,320,17.8085
1125246,43.68265,-79.411244,321,17.8251
1125246,43.68257,-79.411041,322,17.8434
1125246,43.682466,-79.410848,323,17.862
1125246,43.682353,-79.410683,324,17.8811
1125246,43.682233,-79.410528,325,17.8988
1125246,43.682122,-79.410416,326,17.9146
1125246,43.682016,-79.410336,327,17.9277
1125246,43.681881,-79.410222,328,17.9452
1125246,43.681709,-79.41013,329,17.9664
1125246,43.681707,-79.410131,330,17.9664
1125246,43.680516,-79.409623,331,18.1055
1125246,43.679506,-79.409223,332,18.222
1125246,43.678871,-79.408955,333,18.2961
1125246,43.678821,-79.408945,334,18.3021
1125246,43.678791,-79.408956,335,18.3053
1125246,43.677359,-79.408329,336,18.4729
1125246,43.675815,-79.407691,337,18.6526
1125246,43.675413,-79.407547,338,18.699
1125246,43.675371,-79.407532,339,18.704
1125246,43.674801,-79.40732,340,18.7703
1125246,43.672131,-79.40624,341,19.0797
1125246,43.670252,-79.405503,342,19.2979
1125246,43.668907,-79.404972,343,19.4539
1125246,43.668417,-79.404781,344,19.5109
1125246,43.66813,-79.40467,345,19.5442
1125246,43.667942,-79.404546,346,19.5674
1125246,43.667765,-79.404373,347,19.5918
1125246,43.667618,-79.404138,348,19.6167
1125246,43.667508,-79.403813,349,19.6453
1125246,43.667502,-79.403367,350,19.6813
1125246,43.667553,-79.402995,351,19.7109
1125246,43.667598,-79.402665,352,19.7384
1125246,43.667648,-79.402352,353,19.7639
1125246,43.667716,-79.401977,354,19.7949
1125246,43.668077,-79.400226,355,19.9415
1125246,43.668374,-79.398839,356,20.0573
1125246,43.668576,-79.397845,357,20.1406
1125246,43.668717,-79.397042,358,20.2073
1125246,43.668813,-79.396333,359,20.2653
1125246,43.668865,-79.395885,360,20.3018
1125246,43.668875,-79.395549,361,20.3278
1125246,43.668829,-79.395219,362,20.3553
1125246,43.668743,-79.394906,363,20.3822
1125246,43.668618,-79.394655,364,20.4066
1125246,43.668437,-79.394449,365,20.4329
1125246,43.668053,-79.394175,366,20.4812
1125246,43.667585,-79.393912,367,20.5373
1125246,43.66721,-79.393724,368,20.5819
1125246,43.665883,-79.393137,369,20.7371
1125246,43.665512,-79.392864,370,20.7837
1125246,43.665104,-79.392546,371,20.8365
1125246,43.664814,-79.392299,372,20.8737
1125246,43.664515,-79.392062,373,20.9127
1125246,43.664202,-79.391825,374,20.9525
1125246,43.663898,-79.391649,375,20.9887
1125246,43.663586,-79.391496,376,21.0257
1125246,43.663251,-79.391373,377,21.065
1125246,43.662952,-79.39127,378,21.099
1125246,43.662633,-79.391197,379,21.1355
1125246,43.662365,-79.391136,380,21.1659
1125246,43.662179,-79.391115,381,21.1859
1125246,43.661926,-79.391104,382,21.214
1125246,43.661725,-79.391095,383,21.237
1125246,43.661412,-79.391094,384,21.272
1125246,43.660996,-79.391073,385,21.318
1125246,43.660533,-79.390984,386,21.3705
1125246,43.659803,-79.390676,387,21.4553
1125246,43.658646,-79.390183,388,21.591
1125246,43.658533,-79.390135,389,21.6036
1125246,43.657864,-79.389846,390,21.6821
1125246,43.657474,-79.389689,391,21.727
1125246,43.657075,-79.389525,392,21.7738
1125246,43.656301,-79.389169,393,21.8646
1125246,43.656291,-79.389167,394,21.8656
1125246,43.655622,-79.388886,395,21.9438
1125246,43.655408,-79.388797,396,21.9691
1125246,43.654747,-79.38852,397,22.0463
1125246,43.654734,-79.388513,398,22.0473
1125246,43.653909,-79.388136,399,22.1443
1125246,43.653053,-79.387781,400,22.2443
1125246,43.652981,-79.387749,401,22.2529
1125246,43.652256,-79.387443,402,22.3374
1125246,43.651699,-79.387196,403,22.4025
1125246,43.650798,-79.386826,404,22.5069
1125246,43.650033,-79.38649,405,22.5971
1125246,43.649734,-79.386332,406,22.6322
1125246,43.64919,-79.386014,407,22.6985
1125246,43.64881,-79.385754,408,22.7454
1125246,43.648225,-79.385386,409,22.8166
1125246,43.647607,-79.385006,410,22.8923
1125246,43.647389,-79.384887,411,22.9192
1125246,43.647165,-79.384752,412,22.9461
1125246,43.646835,-79.384531,413,22.9873
1125246,43.646518,-79.38428,414,23.0276
1125246,43.646238,-79.38403,415,23.0645
1125246,43.646,-79.383774,416,23.0987
1125246,43.645763,-79.383463,417,23.1347
1125246,43.645629,-79.383228,418,23.1589
1125246,43.645519,-79.382984,419,23.1814
1125246,43.645431,-79.382689,420,23.2074
1125246,43.645403,-79.382502,421,23.2227
1125246,43.645377,-79.382259,422,23.2429
1125246,43.64539,-79.381999,423,23.264
1125246,43.645416,-79.381761,424,23.2832
1125246,43.64548,-79.381484,425,23.3063
1125246,43.645621,-79.380814,426,23.3626
1125246,43.645749,-79.380214,427,23.4126
1125246,43.645823,-79.379854,428,23.443
1125246,43.645943,-79.37942,429,23.4803
1125246,43.64608,-79.379041,430,23.5138
1125246,43.646249,-79.378653,431,23.5502
1125246,43.646378,-79.378416,432,23.5738
1125246,43.646489,-79.378244,433,23.5929
1125246,43.646618,-79.378091,434,23.6113
1125246,43.64679,-79.377934,435,23.6344
1125246,43.646993,-79.377805,436,23.6594
1125246,43.647197,-79.377723,437,23.6835
1125246,43.64743,-79.37769,438,23.7097
1125246,43.647641,-79.377686,439,23.7327
1125246,43.647867,-79.377713,440,23.7587
1125246,43.648088,-79.377761,441,23.7831
1125246,43.64824,-79.377802,442,23.8003
1125246,43.648443,-79.377858,443,23.8239
1125246,43.648638,-79.377929,444,23.8467
1125246,43.648862,-79.378017,445,23.8726
1125246,43.649094,-79.378118,446,23.8998
1125246,43.650349,-79.37867,447,24.0466
1125246,43.651002,-79.378938,448,24.1219
1125246,43.651635,-79.379184,449,24.1954
1125246,43.652382,-79.379457,450,24.2812
1125246,43.654009,-79.380172,451,24.4723
1125246,43.655719,-79.380873,452,24.6713
1125246,43.656273,-79.381124,453,24.7364
1125246,43.656984,-79.381423,454,24.819
1125246,43.65736,-79.381569,455,24.8627
1125246,43.657853,-79.381786,456,24.9203
1125246,43.658615,-79.382124,457,25.0094
1125246,43.658637,-79.382133,458,25.0117
1125246,43.659041,-79.382317,459,25.0601
1125246,43.659856,-79.382688,460,25.1549
1125246,43.660099,-79.382809,461,25.1843
1125246,43.661273,-79.3833,462,25.3213
1125246,43.661399,-79.383352,463,25.3359
1125246,43.661674,-79.383455,464,25.3669
1125246,43.661949,-79.383481,465,25.398
1125246,43.662225,-79.383427,466,25.4292
1125246,43.662416,-79.383372,467,25.4506
1125246,43.662727,-79.383285,468,25.4863
1125246,43.66312,-79.383229,469,25.5306
1125246,43.663509,-79.38327,470,25.5737
1125246,43.66405,-79.383359,471,25.6342
1125246,43.664393,-79.383441,472,25.6737
1125246,43.664837,-79.383604,473,25.7244
1125246,43.665214,-79.383738,474,25.7678
1125246,43.669917,-79.385552,475,26.3127
1125246,43.670767,-79.385863,476,26.411
1125246,43.671153,-79.386007,477,26.4553
1125246,43.671504,-79.386141,478,26.4959
1125246,43.672315,-79.386454,479,26.5902
1125246,43.673106,-79.386757,480,26.6814
1125246,43.673475,-79.386936,481,26.7251
1125246,43.67386,-79.387225,482,26.7739
1125246,43.674438,-79.387585,483,26.845
1125246,43.6751,-79.387877,484,26.9216
1125246,43.675541,-79.388082,485,26.9744
1125246,43.677119,-79.388769,486,27.1588
1125246,43.68218,-79.390974,487,27.7509
1125246,43.68818,-79.393586,488,28.4517
1125246,43.690189,-79.394335,489,28.6839
1125246,43.69054,-79.394618,490,28.7287
1125246,43.690809,-79.39508,491,28.7763
1125246,43.691147,-79.395375,492,28.8213
1125246,43.691536,-79.395536,493,28.8671
1125246,43.696363,-79.396827,494,29.4151
1125246,43.696732,-79.396969,495,29.4576
1125246,43.696934,-79.397072,496,29.4819
1125246,43.697932,-79.397477,497,29.5977
1125246,43.698237,-79.397601,498,29.6331
1125246,43.698773,-79.397718,499,29.6938
1125246,43.70066,-79.398129,500,29.9074
1125246,43.702408,-79.398462,501,30.1042
1125246,43.70312,-79.398547,502,30.1835
1125246,43.703799,-79.398615,503,30.2597
1125246,43.704262,-79.398581,504,30.3118
1125246,43.704669,-79.398534,505,30.357
1125246,43.705134,-79.398552,506,30.409
1125246,43.706462,-79.398689,507,30.5574
1125246,43.706598,-79.398674,508,30.5725
1125246,43.706757,-79.398618,509,30.5911
1125246,43.706927,-79.398614,510,30.6101
1125246,43.707929,-79.398825,511,30.7234
1125246,43.708156,-79.398876,512,30.7487
1125246,43.709031,-79.399066,513,30.8479
1125246,43.709528,-79.399194,514,30.9038
1125246,43.710856,-79.399487,515,31.0537
1125246,43.711023,-79.399515,516,31.0728
1125246,43.711786,-79.399674,517,31.1588
1125246,43.712233,-79.399761,518,31.2093
1125246,43.712947,-79.399915,519,31.2902
1125246,43.713476,-79.400019,520,31.3497
1125246,43.713596,-79.400037,521,31.3629
1125246,43.714513,-79.400235,522,31.4661
1125246,43.714892,-79.400306,523,31.5094
1125246,43.715398,-79.400429,524,31.5663
1125246,43.716319,-79.40064,525,31.6707
1125246,43.71655,-79.400679,526,31.6969
1125246,43.717195,-79.400824,527,31.7699
1125246,43.71828,-79.401048,528,31.8912
1125246,43.718696,-79.401147,529,31.9379
1125246,43.719495,-79.40134,530,32.0281
1125246,43.719928,-79.401386,531,32.0773
1125246,43.720926,-79.401599,532,32.1896
1125246,43.721913,-79.401792,533,32.3006
1125246,43.723046,-79.402004,534,32.4278
1125246,43.723404,-79.402041,535,32.4679
1125246,43.723733,-79.402137,536,32.5057
1125246,43.724271,-79.402266,537,32.5666
1125246,43.724902,-79.402388,538,32.6383
1125246,43.725046,-79.402393,539,32.6543
1125246,43.725625,-79.402562,540,32.7198
1125246,43.726236,-79.402712,541,32.7888
1125246,43.727379,-79.403037,542,32.9194
1125246,43.72778,-79.403142,543,32.9651
1125246,43.728265,-79.403264,544,33.0201
1125246,43.728521,-79.403325,545,33.0485
1125246,43.729105,-79.403492,546,33.115
1125246,43.729376,-79.403546,547,33.1463
1125246,43.729877,-79.403664,548,33.203
1125246,43.730212,-79.403752,549,33.2406
1125246,43.730813,-79.403914,550,33.3089
1125246,43.731079,-79.40396,551,33.3391
1125246,43.73183,-79.404176,552,33.4248
1125246,43.73192,-79.404202,553,33.435
1125246,43.732846,-79.404404,554,33.5394
1125246,43.732944,-79.404419,555,33.5505
1125246,43.733608,-79.404593,556,33.6258
1125246,43.733844,-79.404652,557,33.6521
1125246,43.734114,-79.404729,558,33.6829
1125246,43.73421,-79.40475,559,33.694
1125246,43.734309,-79.404771,560,33.7051
1125246,43.735474,-79.405032,561,33.8368
1125246,43.735957,-79.405131,562,33.8914
1125246,43.736923,-79.405338,563,34.0006
1125246,43.737434,-79.405362,564,34.0576
1125246,43.737923,-79.405205,565,34.1129
1125246,43.738684,-79.405266,566,34.1981
1125246,43.741836,-79.405841,567,34.5531
1125246,43.743532,-79.406212,568,34.7443
1125246,43.744217,-79.406412,569,34.8229
1125246,43.746893,-79.407099,570,35.126
1125246,43.747223,-79.407253,571,35.1652
1125246,43.747607,-79.407577,572,35.2154
1125246,43.747774,-79.407808,573,35.2409
1125246,43.747973,-79.407957,574,35.2668
1125246,43.748697,-79.408172,575,35.3486
1125246,43.749906,-79.408537,576,35.4869
1125246,43.750249,-79.408619,577,35.5264
1125246,43.750623,-79.408673,578,35.5676
1125246,43.750899,-79.408692,579,35.5986
1125246,43.751161,-79.40873,580,35.6278
1125246,43.751815,-79.408714,581,35.7008
1125246,43.752328,-79.408754,582,35.7589
1125246,43.752722,-79.408825,583,35.8033
1125246,43.753031,-79.408897,584,35.8376
1125246,43.753247,-79.408965,585,35.8624
1125246,43.753464,-79.409012,586,35.8867
1125246,43.75378,-79.409086,587,35.9231
1125246,43.754155,-79.40914,588,35.9644
1125246,43.754502,-79.409193,589,36.0036
1125246,43.754858,-79.409284,590,36.0442
1125246,43.755141,-79.409394,591,36.0765
1125246,43.75545,-79.40953,592,36.1131
1125246,43.7558,-79.409657,593,36.1534
1125246,43.756276,-79.409786,594,36.2073
1125246,43.756429,-79.409838,595,36.2251
1125246,43.756601,-79.409892,596,36.2445
1125246,43.757171,-79.410048,597,36.3096
1125246,43.757284,-79.410078,598,36.3229
1125246,43.757532,-79.410139,599,36.3504
1125246,43.757962,-79.410262,600,36.3994
1125246,43.75817,-79.41032,601,36.4228
1125246,43.758996,-79.410537,602,36.5175
1125246,43.759892,-79.410757,603,36.6189
1125246,43.76066,-79.410945,604,36.7052
1125246,43.760912,-79.411,605,36.7337
1125246,43.761454,-79.411135,606,36.7955
1125246,43.762295,-79.411354,607,36.8912
1125246,43.763207,-79.411575,608,36.9938
1125246,43.763835,-79.411736,609,37.065
1125246,43.763944,-79.411762,610,37.0781
1125246,43.764246,-79.411837,611,37.1117
1125246,43.764761,-79.411962,612,37.1705
1125246,43.765601,-79.412189,613,37.2663
1125246,43.76651,-79.412409,614,37.3687
1125246,43.766885,-79.412514,615,37.4116
1125246,43.767417,-79.412645,616,37.4715
1125246,43.767898,-79.412761,617,37.5264
1125246,43.768339,-79.412867,618,37.576
1125246,43.769221,-79.413102,619,37.6759
1125246,43.770083,-79.413307,620,37.7742
1125246,43.770516,-79.413411,621,37.823
1125246,43.770936,-79.413512,622,37.8707
1125246,43.771936,-79.413771,623,37.9835
1125246,43.772201,-79.413835,624,38.0141
1125246,43.772925,-79.414029,625,38.0964
1125246,43.773724,-79.414227,626,38.1869
1125246,43.775103,-79.414581,627,38.3434
1125246,43.77653,-79.414951,628,38.5052
1125246,43.776891,-79.415046,629,38.5458
1125246,43.777836,-79.415284,630,38.6535
1125246,43.778627,-79.415483,631,38.7429
1125246,43.779716,-79.415773,632,38.8663
1125246,43.780757,-79.416009,633,38.9837
1125423,43.637805,-79.535402,1,0
1125423,43.639132,-79.533858,2,0.1931
1125423,43.64136,-79.531674,3,0.498
1125423,43.643644,-79.529518,4,0.8053
1125423,43.643969,-79.529119,5,0.8542
1125423,43.644214,-79.528702,6,0.8974
1125423,43.644431,-79.528322,7,0.9366
1125423,43.644646,-79.527736,8,0.9894
1125423,43.644728,-79.527385,9,1.0188
1125423,43.645004,-79.526163,10,1.1216
1125423,43.64522,-79.525063,11,1.2135
1125423,43.645305,-79.52468,12,1.2452
1125423,43.645463,-79.523966,13,1.3056
1125423,43.645741,-79.522825,14,1.4017
1125423,43.646012,-79.521555,15,1.509
1125423,43.646202,-79.520555,16,1.592
1125423,43.646391,-79.519314,17,1.694
1125423,43.646731,-79.517364,18,1.8545
1125423,43.646734,-79.517328,19,1.8575
1125423,43.647007,-79.516109,20,1.9603
1125423,43.647296,-79.514874,21,2.0644
1125423,43.647346,-79.514537,22,2.0928
1125423,43.647457,-79.514056,23,2.133
1125423,43.647499,-79.513893,24,2.1466
1125423,43.647746,-79.512756,25,2.2427
1125423,43.647959,-79.511843,26,2.3196
1125423,43.648113,-79.511291,27,2.3667
1125423,43.648253,-79.510723,28,2.4151
1125423,43.648549,-79.50889,29,2.5658
1125423,43.648571,-79.508699,30,2.5819
1125423,43.648701,-79.508035,31,2.637
1125423,43.648898,-79.507392,32,2.6935
1125423,43.649152,-79.506433,33,2.7754
1125423,43.649317,-79.505758,34,2.8323
1125423,43.649563,-79.504612,35,2.9285
1125423,43.649831,-79.503508,36,3.0224
1125423,43.650087,-79.502348,37,3.1195
1125423,43.650602,-79.500071,38,3.3112
1125423,43.650663,-79.499716,39,3.341
1125423,43.650689,-79.499518,40,3.3573
1125423,43.650697,-79.499106,41,3.3903
1125423,43.650678,-79.498725,42,3.4204
1125423,43.65066,-79.498402,43,3.4466
1125423,43.650645,-79.497866,44,3.4896
1125423,43.650586,-79.497487,45,3.5213
1125423,43.65049,-79.49711,46,3.5533
1125423,43.650399,-79.496691,47,3.5887
1125423,43.650284,-79.496177,48,3.6318
1125423,43.650213,-79.495876,49,3.657
1125423,43.650053,-79.49534,50,3.7037
1125423,43.649934,-79.494989,51,3.7345
1125423,43.649715,-79.494318,52,3.7936
1125423,43.649639,-79.494102,53,3.8129
1125423,43.648651,-79.491482,54,4.0508
1125423,43.64847,-79.490968,55,4.0969
1125423,43.64838,-79.490041,56,4.1716
1125423,43.64837,-79.489268,57,4.2346
1125423,43.648342,-79.488507,58,4.2956
1125423,43.648358,-79.48812,59,4.3267
1125423,43.648389,-79.487763,60,4.3549
1125423,43.648444,-79.487444,61,4.3815
1125423,43.648543,-79.487069,62,4.4135
1125423,43.648641,-79.486697,63,4.4454
1125423,43.648694,-79.48655,64,4.4589
1125423,43.648758,-79.486397,65,4.4728
1125423,43.648838,-79.486267,66,4.487
1125423,43.648919,-79.486184,67,4.4978
1125423,43.649065,-79.485977,68,4.5211
1125423,43.649235,-79.485698,69,4.5502
1125423,43.649441,-79.485372,70,4.5857
1125423,43.649604,-79.485071,71,4.6157
1125423,43.649699,-79.48483,72,4.6376
1125423,43.649885,-79.484045,73,4.704
1125423,43.650123,-79.483042,74,4.7891
1125423,43.650257,-79.482518,75,4.8337
1125423,43.65045,-79.482044,76,4.8776
1125423,43.650644,-79.481556,77,4.9219
1125423,43.650815,-79.480902,78,4.9782
1125423,43.651108,-79.479516,79,5.094
1125423,43.651316,-79.478593,80,5.1715
1125423,43.651432,-79.478112,81,5.2126
1125423,43.651519,-79.477665,82,5.2497
1125423,43.651742,-79.476736,83,5.3288
1125423,43.651846,-79.476218,84,5.3715
1125423,43.651902,-79.47594,85,5.3953
1125423,43.651979,-79.475602,86,5.4237
1125423,43.652156,-79.474795,87,5.4914
1125423,43.652225,-79.474509,88,5.5158
1125423,43.652496,-79.47329,89,5.6183
1125423,43.652744,-79.472209,90,5.7087
1125423,43.652876,-79.4716,91,5.7597
1125423,43.653144,-79.47045,92,5.8574
1125423,43.653436,-79.469133,93,5.9684
1125423,43.653817,-79.467322,94,6.1194
1125423,43.65398,-79.466551,95,6.1839
1125423,43.654155,-79.465718,96,6.2539
1125423,43.654517,-79.464124,97,6.388
1125423,43.654819,-79.46276,98,6.5028
1125423,43.655112,-79.461455,99,6.6119
1125423,43.655323,-79.460467,100,6.6954
1125423,43.655461,-79.459875,101,6.7448
1125423,43.655609,-79.459235,102,6.7992
1125423,43.655638,-79.459074,103,6.8128
1125423,43.655972,-79.45747,104,6.947
1125423,43.656009,-79.457314,105,6.9596
1125423,43.656457,-79.455369,106,7.1235
1125423,43.656714,-79.454227,107,7.2196
1125423,43.656891,-79.453457,108,7.2848
1125423,43.656998,-79.453016,109,7.3218
1125423,43.657456,-79.451275,110,7.4708
1125423,43.657745,-79.450152,111,7.5672
1125423,43.658327,-79.447808,112,7.7662
1125423,43.658687,-79.44624,113,7.8983
1125423,43.659049,-79.444757,114,8.0239
1125423,43.65915,-79.444172,115,8.0724
1125423,43.659191,-79.443692,116,8.1116
1125423,43.659239,-79.443172,117,8.1529
1125423,43.659344,-79.441379,118,8.2974
1125423,43.659387,-79.440663,119,8.3556
1125423,43.659404,-79.440129,120,8.3987
1125423,43.65939,-79.439853,121,8.4208
1125423,43.659409,-79.439503,122,8.4488
1125423,43.659515,-79.438801,123,8.5061
1125423,43.659696,-79.4379,124,8.5818
1125423,43.659919,-79.436733,125,8.6791
1125423,43.660136,-79.435735,126,8.7626
1125423,43.660152,-79.435658,127,8.7689
1125423,43.660414,-79.434405,128,8.874
1125423,43.660455,-79.434128,129,8.8965
1125423,43.66063,-79.4333,130,8.9652
1125423,43.660727,-79.432818,131,9.0058
1125423,43.660897,-79.432055,132,9.0696
1125423,43.661029,-79.431515,133,9.1161
1125423,43.661366,-79.430144,134,9.2322
1125423,43.661602,-79.42935,135,9.3013
1125423,43.661791,-79.428768,136,9.3518
1125423,43.661972,-79.428073,137,9.4116
1125423,43.662111,-79.427401,138,9.4677
1125423,43.662321,-79.426388,139,9.5531
1125423,43.66236,-79.426202,140,9.5677
1125423,43.662571,-79.425188,141,9.6528
1125423,43.662622,-79.424975,142,9.6709
1125423,43.662885,-79.423811,143,9.7692
1125423,43.663152,-79.422602,144,9.8708
1125423,43.663398,-79.421457,145,9.9669
1125423,43.663859,-79.41929,146,10.1483
1125423,43.663981,-79.418757,147,10.1932
1125423,43.664218,-79.417637,148,10.2862
1125423,43.664455,-79.416533,149,10.3789
1125423,43.664627,-79.415883,150,10.4343
1125423,43.664846,-79.415116,151,10.5011
1125423,43.665156,-79.414168,152,10.5844
1125423,43.665423,-79.412955,153,10.6869
1125423,43.665716,-79.411486,154,10.8094
1125423,43.665929,-79.410511,155,10.891
1125423,43.666064,-79.409854,156,10.9461
1125423,43.666237,-79.40907,157,11.0119
1125423,43.666472,-79.407864,158,11.1114
1125423,43.666636,-79.407062,159,11.1788
1125423,43.666724,-79.406665,160,11.2123
1125423,43.66692,-79.405744,161,11.2895
1125423,43.667083,-79.404909,162,11.3589
1125423,43.667218,-79.404261,163,11.413
1125423,43.667463,-79.403097,164,11.5101
1125423,43.667716,-79.401977,165,11.6044
1125423,43.668077,-79.400226,166,11.751
1125423,43.668374,-79.398839,167,11.8668
1125423,43.668576,-79.397845,168,11.95
1125423,43.668893,-79.396265,169,12.0817
1125423,43.669279,-79.394531,170,12.2272
1125423,43.669881,-79.391447,171,12.4841
1125423,43.669969,-79.391004,172,12.5215
1125423,43.670173,-79.389995,173,12.6057
1125423,43.670384,-79.389168,174,12.6756
1125423,43.670716,-79.388381,175,12.7487
1125423,43.670919,-79.387713,176,12.8073
1125423,43.670992,-79.3871,177,12.857
1125423,43.671065,-79.385238,178,13.0072
1125423,43.671066,-79.384866,179,13.0362
1125423,43.671051,-79.384473,180,13.0682
1125423,43.67104,-79.384116,181,13.0973
1125423,43.671057,-79.38376,182,13.1254
1125423,43.671115,-79.383178,183,13.1729
1125423,43.671195,-79.38252,184,13.2266
1125423,43.67141,-79.3815,185,13.3121
1125423,43.671563,-79.38061,186,13.3851
1125423,43.671865,-79.378988,187,13.5192
1125423,43.672028,-79.377822,188,13.6151
1125423,43.672105,-79.376908,189,13.6876
1125423,43.672184,-79.375029,190,13.8388
1125423,43.672253,-79.373995,191,13.9222
1125423,43.672497,-79.372865,192,14.0171
1125423,43.672809,-79.371759,193,14.1128
1125423,43.673445,-79.370011,194,14.2697
1125423,43.673986,-79.368589,195,14.3995
1125423,43.674096,-79.368301,196,14.4254
1125423,43.674615,-79.366935,197,14.5489
1125423,43.674691,-79.366629,198,14.5754
1125423,43.675848,-79.360647,199,15.0725
1125423,43.675921,-79.360395,200,15.094
1125423,43.676009,-79.360183,201,15.1137
1125423,43.676114,-79.359985,202,15.1337
1125423,43.676234,-79.359794,203,15.1543
1125423,43.676775,-79.358876,204,15.2488
1125423,43.677104,-79.358318,205,15.3071
1125423,43.677178,-79.358185,206,15.3207
1125423,43.677226,-79.358036,207,15.3341
1125423,43.677252,-79.357885,208,15.3465
1125423,43.677436,-79.35685,209,15.4319
1125423,43.677691,-79.35554,210,15.5408
1125423,43.677894,-79.354537,211,15.6247
1125423,43.678054,-79.353738,212,15.6912
1125423,43.678137,-79.35327,213,15.7305
1125423,43.678293,-79.352498,214,15.7938
1125423,43.678544,-79.35123,215,15.8996
1125423,43.67874,-79.350212,216,15.9845
1125423,43.678762,-79.350104,217,15.9937
1125423,43.678979,-79.348989,218,16.0862
1125423,43.678989,-79.348964,219,16.0884
1125423,43.679022,-79.34879,220,16.1027
1125423,43.67921,-79.347826,221,16.1835
1125423,43.679419,-79.346746,222,16.2728
1125423,43.67945,-79.346598,223,16.2852
1125423,43.679814,-79.344753,224,16.4387
1125423,43.680053,-79.343565,225,16.5385
1125423,43.680318,-79.342259,226,16.6474
1125423,43.68054,-79.34109,227,16.7437
1125423,43.680636,-79.340594,228,16.7852
1125423,43.680761,-79.339916,229,16.8419
1125423,43.681063,-79.338299,230,16.9751
1125423,43.681172,-79.337797,231,17.0181
1125423,43.681594,-79.335848,232,17.181
1125423,43.681698,-79.335342,233,17.2235
1125423,43.682235,-79.332863,234,17.4313
1125423,43.682457,-79.33183,235,17.518
1125423,43.682772,-79.330427,236,17.6353
1125423,43.682896,-79.329813,237,17.6873
1125423,43.683107,-79.328751,238,17.7756
1125423,43.683337,-79.327653,239,17.8673
1125423,43.683563,-79.326687,240,17.9493
1125423,43.683688,-79.326098,241,17.9983
1125423,43.683866,-79.32525,242,18.0692
1125423,43.684115,-79.32412,243,18.1644
1125423,43.684176,-79.32382,244,18.1891
1125423,43.684614,-79.321671,245,18.368
1125423,43.684696,-79.321374,246,18.394
1125423,43.684834,-79.320685,247,18.451
1125423,43.685035,-79.319722,248,18.532
1125423,43.685272,-79.318703,249,18.6183
1125423,43.685378,-79.318151,250,18.664
1125423,43.685487,-79.317659,251,18.7048
1125423,43.685693,-79.316708,252,18.7851
1125423,43.685901,-79.315754,253,18.8645
1125423,43.686279,-79.314277,254,18.9907
1125423,43.686496,-79.313205,255,19.0803
1125423,43.68665,-79.312442,256,19.1436
1125423,43.686698,-79.312163,257,19.1671
1125423,43.686862,-79.31142,258,19.2291
1125423,43.686913,-79.31115,259,19.2517
1125423,43.687329,-79.309069,260,19.4252
1125423,43.687603,-79.30787,261,19.5261
1125423,43.688093,-79.305729,262,19.7063
1125423,43.688596,-79.303507,263,19.8932
1125423,43.688809,-79.302617,264,19.9688
1125423,43.688921,-79.302205,265,20.0043
1125423,43.689289,-79.300844,266,20.1207
1125423,43.689715,-79.299543,267,20.2353
1125423,43.692212,-79.295269,268,20.6774
1125423,43.693442,-79.292439,269,20.9426
1125423,43.694454,-79.289879,270,21.1775
1125423,43.694479,-79.289807,271,21.1842
1125423,43.694505,-79.289736,272,21.1901
1125423,43.69453,-79.289663,273,21.1968
1125423,43.695175,-79.287952,274,21.3515
1125423,43.695327,-79.287557,275,21.3878
1125423,43.695761,-79.286433,276,21.4898
1125423,43.696199,-79.28528,277,21.5949
1125423,43.696367,-79.284835,278,21.6356
1125423,43.696392,-79.284766,279,21.6414
1125423,43.696418,-79.284693,280,21.6481
1125423,43.696445,-79.284623,281,21.6548
1125423,43.696476,-79.284554,282,21.6607
1125423,43.696501,-79.284483,283,21.6674
1125423,43.696532,-79.284414,284,21.6732
1125423,43.696563,-79.284345,285,21.6804
1125423,43.696584,-79.284293,286,21.6849
1125423,43.696592,-79.284277,287,21.6863
1125423,43.696623,-79.284209,288,21.6935
1125423,43.696654,-79.284141,289,21.6994
1125423,43.696684,-79.284074,290,21.7061
1125423,43.696715,-79.284008,291,21.7125
1125423,43.69675,-79.283941,292,21.7189
1125423,43.696775,-79.283888,293,21.7247
1125423,43.696802,-79.283833,294,21.7297
1125423,43.696828,-79.283779,295,21.7347
1125423,43.696854,-79.283724,296,21.7401
1125423,43.696881,-79.283671,297,21.7451
1125423,43.696912,-79.283618,298,21.7507
1125423,43.696938,-79.283566,299,21.7557
1125423,43.696968,-79.283515,300,21.7607
1125423,43.696999,-79.283465,301,21.7664
1125423,43.697029,-79.283414,302,21.7722
1125423,43.697061,-79.283364,303,21.7779
1125423,43.697091,-79.283314,304,21.7829
1125423,43.697123,-79.283264,305,21.7885
1125423,43.697136,-79.283245,306,21.79
1125423,43.697153,-79.283217,307,21.7928
1125423,43.697184,-79.283168,308,21.7978
1125423,43.69722,-79.28312,309,21.8034
1125423,43.69725,-79.283073,310,21.8091
1125423,43.697285,-79.283028,311,21.8148
1125423,43.697321,-79.28298,312,21.8198
1125423,43.697352,-79.282934,313,21.8248
1125423,43.697386,-79.282889,314,21.8304
1125423,43.697423,-79.282844,315,21.8354
1125423,43.697457,-79.282799,316,21.8411
1125423,43.697492,-79.282755,317,21.8461
1125423,43.697528,-79.282712,318,21.8517
1125423,43.697568,-79.282668,319,21.8567
1125423,43.697604,-79.282627,320,21.8624
1125423,43.697638,-79.282586,321,21.8674
1125423,43.697679,-79.282544,322,21.8732
1125423,43.697714,-79.282504,323,21.8789
1125423,43.697754,-79.282463,324,21.8839
1125423,43.697793,-79.282425,325,21.8889
1125423,43.697829,-79.282386,326,21.8939
1125423,43.697869,-79.282348,327,21.8997
1125423,43.697914,-79.282306,328,21.9055
1125423,43.697953,-79.282266,329,21.9112
1125423,43.697993,-79.282226,330,21.917
1125423,43.698038,-79.282184,331,21.9229
1125423,43.698078,-79.282146,332,21.9279
1125423,43.698123,-79.282107,333,21.9337
1125423,43.698166,-79.282069,334,21.9395
1125423,43.698211,-79.28203,335,21.9459
1125423,43.698252,-79.281994,336,21.9513
1125423,43.698296,-79.281957,337,21.9571
1125423,43.69834,-79.281923,338,21.9621
1125423,43.698384,-79.281888,339,21.968
1125423,43.69843,-79.281853,340,21.9738
1125423,43.698473,-79.281819,341,21.9792
1125423,43.698523,-79.281787,342,21.9859
1125423,43.698568,-79.281755,343,21.9917
1125423,43.698611,-79.281724,344,21.9971
1125423,43.69866,-79.281693,345,22.0029
1125423,43.698705,-79.281664,346,22.0083
1125423,43.698799,-79.281605,347,22.0204
1125423,43.698892,-79.281551,348,22.0312
1125423,43.698986,-79.281499,349,22.0429
1125423,43.699084,-79.281451,350,22.0537
1125423,43.699184,-79.281404,351,22.0663
1125423,43.699281,-79.281356,352,22.0767
1125423,43.699385,-79.281311,353,22.0894
1125423,43.699487,-79.28127,354,22.1008
1125423,43.699594,-79.281231,355,22.1132
1125423,43.699697,-79.281197,356,22.1255
1125423,43.699801,-79.281165,357,22.1369
1125423,43.699908,-79.281136,358,22.1491
1125423,43.700017,-79.281111,359,22.1623
1125423,43.700097,-79.281094,360,22.1713
1125423,43.700228,-79.281071,361,22.1855
1125423,43.700335,-79.281057,362,22.1975
1125423,43.70056,-79.281017,363,22.2228
1125423,43.700734,-79.28099,364,22.2429
1125423,43.70082,-79.280977,365,22.252
1125423,43.700909,-79.280965,366,22.262
1125423,43.700995,-79.280955,367,22.272
1125423,43.70108,-79.280945,368,22.2811
1125423,43.701171,-79.280937,369,22.2911
1125423,43.70157,-79.280869,370,22.3364
1125423,43.702418,-79.280728,371,22.4322
1125423,43.702719,-79.280677,372,22.4654
1125423,43.703231,-79.280593,373,22.5227
1125423,43.704103,-79.280448,374,22.6214
1125423,43.704848,-79.280326,375,22.705
1125423,43.706515,-79.280037,376,22.8925
1125423,43.707825,-79.279832,377,23.0393
1125423,43.708374,-79.279731,378,23.1009
1125423,43.709567,-79.279505,379,23.2351
1125423,43.710635,-79.279298,380,23.3551
1125423,43.711393,-79.279162,381,23.4408
1125423,43.712531,-79.278958,382,23.5688
1125423,43.71424,-79.278602,383,23.762
1125423,43.714295,-79.278587,384,23.7681
1125423,43.71438,-79.278564,385,23.7773
1125423,43.714465,-79.278541,386,23.7875
1125423,43.714549,-79.278517,387,23.7968
1125423,43.714636,-79.278492,388,23.807
1125423,43.714721,-79.278465,389,23.8162
1125423,43.71481,-79.278438,390,23.8264
1125423,43.714895,-79.278409,391,23.8366
1125423,43.71498,-79.278381,392,23.8458
1125423,43.715066,-79.278351,393,23.8562
1125423,43.71515,-79.27832,394,23.8655
1125423,43.715236,-79.278289,395,23.8759
1125423,43.71532,-79.278257,396,23.8851
1125423,43.715401,-79.278225,397,23.8946
1125423,43.715486,-79.278191,398,23.905
1125423,43.715571,-79.278157,399,23.9143
1125423,43.715656,-79.278121,400,23.9247
1125423,43.715741,-79.278085,401,23.9342
1125423,43.715834,-79.278055,402,23.9456
1125423,43.715906,-79.278031,403,23.9536
1125423,43.71593,-79.278023,404,23.9559
1125423,43.716024,-79.277991,405,23.9673
1125423,43.716117,-79.277957,406,23.9775
1125423,43.716211,-79.277924,407,23.9889
1125423,43.716305,-79.27789,408,23.9993
1125423,43.716395,-79.277855,409,24.0098
1125423,43.716489,-79.277818,410,24.0209
1125423,43.716582,-79.277781,411,24.0314
1125423,43.716677,-79.277743,412,24.0428
1125423,43.71677,-79.277705,413,24.0536
1125423,43.716861,-79.277667,414,24.064
1125423,43.716954,-79.277627,415,24.0754
1125423,43.717047,-79.277586,416,24.0858
1125423,43.717137,-79.277546,417,24.0963
1125423,43.717231,-79.277504,418,24.108
1125423,43.71732,-79.277461,419,24.1184
1125423,43.717415,-79.277416,420,24.1292
1125423,43.717504,-79.277372,421,24.1396
1125423,43.717598,-79.277327,422,24.1513
1125423,43.717687,-79.277282,423,24.1608
1125423,43.717777,-79.277235,424,24.1725
1125423,43.717871,-79.277188,425,24.1833
1125423,43.718984,-79.276686,426,24.3126
1125423,43.721935,-79.275361,427,24.6593
1125423,43.722186,-79.275247,428,24.6887
1125423,43.722538,-79.275047,429,24.7308
1125423,43.723159,-79.274767,430,24.8036
1125423,43.723213,-79.274738,431,24.8099
1125423,43.723263,-79.274706,432,24.8162
1125423,43.723311,-79.274676,433,24.822
1125423,43.723364,-79.274644,434,24.8284
1125423,43.723413,-79.27461,435,24.8351
1125423,43.723462,-79.274577,436,24.8409
1125423,43.723511,-79.274543,437,24.8472
1125423,43.72356,-79.27451,438,24.853
1125423,43.72361,-79.274474,439,24.8598
1125423,43.723659,-79.274438,440,24.8656
1125423,43.723707,-79.2744,441,24.8714
1125423,43.723753,-79.274363,442,24.8781
1125423,43.723801,-79.274324,443,24.884
1125423,43.72385,-79.274286,444,24.8898
1125423,43.723895,-79.274246,445,24.8956
1125423,43.723944,-79.274205,446,24.9028
1125423,43.723988,-79.274164,447,24.9087
1125423,43.724033,-79.274121,448,24.9145
1125423,43.724082,-79.27408,449,24.9209
1125423,43.724125,-79.274034,450,24.9267
1125423,43.724169,-79.273992,451,24.9331
1125423,43.724215,-79.273947,452,24.939
1125423,43.724258,-79.273901,453,24.9454
1125423,43.724303,-79.273855,454,24.9518
1125423,43.724347,-79.273808,455,24.9576
1125423,43.726581,-79.271795,456,25.2547
1125423,43.727083,-79.271342,457,25.3212
1125423,43.728579,-79.269994,458,25.5201
1125423,43.72866,-79.269923,459,25.5309
1125423,43.728801,-79.269782,460,25.5503
1125423,43.730221,-79.268405,461,25.7437
1125423,43.730867,-79.26782,462,25.8297
1125423,43.731367,-79.267142,463,25.9075
1125423,43.73175,-79.266021,464,26.0072
1125423,43.732238,-79.264535,465,26.1379
1125629,43.732238,-79.264535,1,0
1125629,43.73175,-79.266021,2,0.1307
1125629,43.731367,-79.267142,3,0.2304
1125629,43.730867,-79.26782,4,0.3082
1125629,43.730221,-79.268405,5,0.3942
1125629,43.728801,-79.269782,6,0.5875
1125629,43.72866,-79.269923,7,0.607
1125629,43.728579,-79.269994,8,0.6178
1125629,43.727083,-79.271342,9,0.8167
1125629,43.726581,-79.271795,10,0.8832
1125629,43.724347,-79.273808,11,1.1803
1125629,43.724303,-79.273855,12,1.1861
1125629,43.724258,-79.273901,13,1.1925
1125629,43.724215,-79.273947,14,1.1989
1125629,43.724169,-79.273992,15,1.2048
1125629,43.724125,-79.274034,16,1.2112
1125629,43.724082,-79.27408,17,1.217
1125629,43.724033,-79.274121,18,1.2234
1125629,43.723988,-79.274164,19,1.2292
1125629,43.723944,-79.274205,20,1.2351
1125629,43.723895,-79.274246,21,1.2423
1125629,43.72385,-79.274286,22,1.2481
1125629,43.723801,-79.274324,23,1.2539
1125629,43.723753,-79.274363,24,1.2598
1125629,43.723707,-79.2744,25,1.2665
1125629,43.723659,-79.274438,26,1.2723
1125629,43.72361,-79.274474,27,1.2781
1125629,43.72356,-79.27451,28,1.2848
1125629,43.723511,-79.274543,29,1.2907
1125629,43.723462,-79.274577,30,1.297
1125629,43.723413,-79.27461,31,1.3028
1125629,43.723364,-79.274644,32,1.3095
1125629,43.723311,-79.274676,33,1.3159
1125629,43.723263,-79.274706,34,1.3217
1125629,43.723213,-79.274738,35,1.328
1125629,43.723159,-79.274767,36,1.3343
1125629,43.722538,-79.275047,37,1.4071
1125629,43.722186,-79.275247,38,1.4492
1125629,43.721935,-79.275361,39,1.4786
1125629,43.718984,-79.276686,40,1.8252
1125629,43.717871,-79.277188,41,1.9546
1125629,43.717777,-79.277235,42,1.9654
1125629,43.717687,-79.277282,43,1.9771
1125629,43.717598,-79.277327,44,1.9865
1125629,43.717504,-79.277372,45,1.9982
1125629,43.717415,-79.277416,46,2.0087
1125629,43.71732,-79.277461,47,2.0195
1125629,43.717231,-79.277504,48,2.0299
1125629,43.717137,-79.277546,49,2.0416
1125629,43.717047,-79.277586,50,2.052
1125629,43.716954,-79.277627,51,2.0625
1125629,43.716861,-79.277667,52,2.0739
1125629,43.71677,-79.277705,53,2.0843
1125629,43.716677,-79.277743,54,2.0951
1125629,43.716582,-79.277781,55,2.1065
1125629,43.716489,-79.277818,56,2.1169
1125629,43.716395,-79.277855,57,2.1281
1125629,43.716305,-79.27789,58,2.1386
1125629,43.716211,-79.277924,59,2.149
1125629,43.716117,-79.277957,60,2.1604
1125629,43.716024,-79.277991,61,2.1706
1125629,43.71593,-79.278023,62,2.182
1125629,43.715906,-79.278031,63,2.1842
1125629,43.715834,-79.278055,64,2.1923
1125629,43.715741,-79.278085,65,2.2037
1125629,43.715656,-79.278121,66,2.2132
1125629,43.715571,-79.278157,67,2.2236
1125629,43.715486,-79.278191,68,2.2328
1125629,43.715401,-79.278225,69,2.2433
1125629,43.71532,-79.278257,70,2.2528
1125629,43.715236,-79.278289,71,2.262
1125629,43.71515,-79.27832,72,2.2724
1125629,43.715066,-79.278351,73,2.2817
1125629,43.71498,-79.278381,74,2.2921
1125629,43.714895,-79.278409,75,2.3013
1125629,43.71481,-79.278438,76,2.3115
1125629,43.714721,-79.278465,77,2.3217
1125629,43.714636,-79.278492,78,2.3309
1125629,43.714549,-79.278517,79,2.3411
1125629,43.714465,-79.278541,80,2.3503
1125629,43.71438,-79.278564,81,2.3605
1125629,43.714295,-79.278587,82,2.3698
1125629,43.71424,-79.278602,83,2.3758
1125629,43.712531,-79.278958,84,2.569
1125629,43.711393,-79.279162,85,2.697
1125629,43.710635,-79.279298,86,2.7828
1125629,43.709567,-79.279505,87,2.9028
1125629,43.708374,-79.279731,88,3.037
1125629,43.707825,-79.279832,89,3.0986
1125629,43.706515,-79.280037,90,3.2454
1125629,43.704848,-79.280326,91,3.4328
1125629,43.704103,-79.280448,92,3.5164
1125629,43.703231,-79.280593,93,3.6152
1125629,43.702719,-79.280677,94,3.6725
1125629,43.702418,-79.280728,95,3.7057
1125629,43.70157,-79.280869,96,3.8015
1125629,43.701171,-79.280937,97,3.8468
1125629,43.70108,-79.280945,98,3.8568
1125629,43.700995,-79.280955,99,3.8659
1125629,43.700909,-79.280965,100,3.8759
1125629,43.70082,-79.280977,101,3.8859
1125629,43.700734,-79.28099,102,3.895
1125629,43.70056,-79.281017,103,3.9151
1125629,43.700335,-79.281057,104,3.9404
1125629,43.700228,-79.281071,105,3.9524
1125629,43.700097,-79.281094,106,3.9666
1125629,43.700017,-79.281111,107,3.9756
1125629,43.699908,-79.281136,108,3.9888
1125629,43.699801,-79.281165,109,4.001
1125629,43.699697,-79.281197,110,4.0124
1125629,43.699594,-79.281231,111,4.0247
1125629,43.699487,-79.28127,112,4.0371
1125629,43.699385,-79.281311,113,4.0485
1125629,43.699281,-79.281356,114,4.0611
1125629,43.699184,-79.281404,115,4.0716
1125629,43.699084,-79.281451,116,4.0842
1125629,43.698986,-79.281499,117,4.095
1125629,43.698892,-79.281551,118,4.1067
1125629,43.698799,-79.281605,119,4.1175
1125629,43.698705,-79.281664,120,4.1296
1125629,43.69866,-79.281693,121,4.1349
1125629,43.698611,-79.281724,122,4.1408
1125629,43.698568,-79.281755,123,4.1462
1125629,43.698523,-79.281787,124,4.152
1125629,43.698473,-79.281819,125,4.1587
1125629,43.69843,-79.281853,126,4.1641
1125629,43.698384,-79.281888,127,4.1699
1125629,43.69834,-79.281923,128,4.1757
1125629,43.698296,-79.281957,129,4.1807
1125629,43.698252,-79.281994,130,4.1866
1125629,43.698211,-79.28203,131,4.192
1125629,43.698166,-79.282069,132,4.1984
1125629,43.698123,-79.282107,133,4.2042
1125629,43.698078,-79.282146,134,4.21
1125629,43.698038,-79.282184,135,4.215
1125629,43.697993,-79.282226,136,4.2209
1125629,43.697953,-79.282266,137,4.2267
1125629,43.697914,-79.282306,138,4.2323
1125629,43.697869,-79.282348,139,4.2382
1125629,43.697829,-79.282386,140,4.244
1125629,43.697793,-79.282425,141,4.249
1125629,43.697754,-79.282463,142,4.254
1125629,43.697714,-79.282504,143,4.259
1125629,43.697679,-79.282544,144,4.2647
1125629,43.697638,-79.282586,145,4.2705
1125629,43.697604,-79.282627,146,4.2755
1125629,43.697568,-79.282668,147,4.2812
1125629,43.697528,-79.282712,148,4.2862
1125629,43.697492,-79.282755,149,4.2918
1125629,43.697457,-79.282799,150,4.2968
1125629,43.697423,-79.282844,151,4.3025
1125629,43.697386,-79.282889,152,4.3075
1125629,43.697352,-79.282934,153,4.3131
1125629,43.697321,-79.28298,154,4.3181
1125629,43.697285,-79.283028,155,4.3231
1125629,43.69725,-79.283073,156,4.3288
1125629,43.69722,-79.28312,157,4.3344
1125629,43.697184,-79.283168,158,4.3401
1125629,43.697153,-79.283217,159,4.3451
1125629,43.697136,-79.283245,160,4.3479
1125629,43.697123,-79.283264,161,4.3493
1125629,43.697091,-79.283314,162,4.355
1125629,43.697061,-79.283364,163,4.36
1125629,43.697029,-79.283414,164,4.3657
1125629,43.696999,-79.283465,165,4.3715
1125629,43.696968,-79.283515,166,4.3771
1125629,43.696938,-79.283566,167,4.3821
1125629,43.696912,-79.283618,168,4.3871
1125629,43.696881,-79.283671,169,4.3928
1125629,43.696854,-79.283724,170,4.3978
1125629,43.696828,-79.283779,171,4.4032
1125629,43.696802,-79.283833,172,4.4082
1125629,43.696775,-79.283888,173,4.4132
1125629,43.69675,-79.283941,174,4.419
1125629,43.696715,-79.284008,175,4.4254
1125629,43.696684,-79.284074,176,4.4318
1125629,43.696654,-79.284141,177,4.4385
1125629,43.696623,-79.284209,178,4.4444
1125629,43.696592,-79.284277,179,4.4516
1125629,43.696584,-79.284293,180,4.453
1125629,43.696563,-79.284345,181,4.4575
1125629,43.696532,-79.284414,182,4.4647
1125629,43.696501,-79.284483,183,4.4705
1125629,43.696476,-79.284554,184,4.4772
1125629,43.696445,-79.284623,185,4.483
1125629,43.696418,-79.284693,186,4.4897
1125629,43.696392,-79.284766,187,4.4965
1125629,43.696367,-79.284835,188,4.5023
1125629,43.696199,-79.28528,189,4.543
1125629,43.695761,-79.286433,190,4.6481
1125629,43.695327,-79.287557,191,4.7501
1125629,43.695175,-79.287952,192,4.7863
1125629,43.69453,-79.289663,193,4.9411
1125629,43.694505,-79.289736,194,4.9478
1125629,43.694479,-79.289807,195,4.9537
1125629,43.694454,-79.289879,196,4.9604
1125629,43.693442,-79.292439,197,5.1953
1125629,43.692212,-79.295269,198,5.4605
1125629,43.689715,-79.299543,199,5.9026
1125629,43.689289,-79.300844,200,6.0171
1125629,43.688921,-79.302205,201,6.1336
1125629,43.688809,-79.302617,202,6.1691
1125629,43.688596,-79.303507,203,6.2447
1125629,43.688093,-79.305729,204,6.4316
1125629,43.687603,-79.30787,205,6.6118
1125629,43.687329,-79.309069,206,6.7127
1125629,43.686913,-79.31115,207,6.8862
1125629,43.686862,-79.31142,208,6.9088
1125629,43.686698,-79.312163,209,6.9707
1125629,43.68665,-79.312442,210,6.9943
1125629,43.686496,-79.313205,211,7.0576
1125629,43.686279,-79.314277,212,7.1472
1125629,43.685901,-79.315754,213,7.2734
1125629,43.685693,-79.316708,214,7.3528
1125629,43.685487,-79.317659,215,7.4331
1125629,43.685378,-79.318151,216,7.4739
1125629,43.685272,-79.318703,217,7.5195
1125629,43.685035,-79.319722,218,7.6059
1125629,43.684834,-79.320685,219,7.6869
1125629,43.684696,-79.321374,220,7.7439
1125629,43.684614,-79.321671,221,7.7699
1125629,43.684176,-79.32382,222,7.9488
1125629,43.684115,-79.32412,223,7.9735
1125629,43.683866,-79.32525,224,8.0687
1125629,43.683688,-79.326098,225,8.1396
1125629,43.683563,-79.326687,226,8.1886
1125629,43.683337,-79.327653,227,8.2705
1125629,43.683107,-79.328751,228,8.3623
1125629,43.682896,-79.329813,229,8.4506
1125629,43.682772,-79.330427,230,8.5026
1125629,43.682457,-79.33183,231,8.6199
1125629,43.682235,-79.332863,232,8.7066
1125629,43.681698,-79.335342,233,8.9144
1125629,43.681594,-79.335848,234,8.9569
1125629,43.681172,-79.337797,235,9.1198
1125629,43.681063,-79.338299,236,9.1628
1125629,43.680761,-79.339916,237,9.296
1125629,43.680636,-79.340594,238,9.3527
1125629,43.68054,-79.34109,239,9.3942
1125629,43.680318,-79.342259,240,9.4905
1125629,43.680053,-79.343565,241,9.5994
1125629,43.679814,-79.344753,242,9.6992
1125629,43.67945,-79.346598,243,9.8527
1125629,43.679419,-79.346746,244,9.8651
1125629,43.67921,-79.347826,245,9.9544
1125629,43.679022,-79.34879,246,10.0352
1125629,43.678989,-79.348964,247,10.0495
1125629,43.678979,-79.348989,248,10.0517
1125629,43.678762,-79.350104,249,10.1442
1125629,43.67874,-79.350212,250,10.1534
1125629,43.678544,-79.35123,251,10.2383
1125629,43.678293,-79.352498,252,10.3441
1125629,43.678137,-79.35327,253,10.4074
1125629,43.678054,-79.353738,254,10.4467
1125629,43.677894,-79.354537,255,10.5132
1125629,43.677691,-79.35554,256,10.5971
1125629,43.677436,-79.35685,257,10.706
1125629,43.677252,-79.357885,258,10.7914
1125629,43.677226,-79.358036,259,10.8038
1125629,43.677178,-79.358185,260,10.8172
1125629,43.677104,-79.358318,261,10.8308
1125629,43.676775,-79.358876,262,10.889
1125629,43.676234,-79.359794,263,10.9835
1125629,43.676114,-79.359985,264,11.0042
1125629,43.676009,-79.360183,265,11.0242
1125629,43.675921,-79.360395,266,11.0439
1125629,43.675848,-79.360647,267,11.0654
1125629,43.674691,-79.366629,268,11.5625
1125629,43.674615,-79.366935,269,11.589
1125629,43.674096,-79.368301,270,11.7125
1125629,43.673986,-79.368589,271,11.7384
1125629,43.673445,-79.370011,272,11.8681
1125629,43.672809,-79.371759,273,12.0251
1125629,43.672497,-79.372865,274,12.1208
1125629,43.672253,-79.373995,275,12.2157
1125629,43.672184,-79.375029,276,12.2991
1125629,43.672105,-79.376908,277,12.4503
1125629,43.672028,-79.377822,278,12.5228
1125629,43.671865,-79.378988,279,12.6187
1125629,43.671563,-79.38061,280,12.7528
1125629,43.67141,-79.3815,281,12.8258
1125629,43.671195,-79.38252,282,12.9112
1125629,43.671115,-79.383178,283,12.965
1125629,43.671057,-79.38376,284,13.0125
1125629,43.67104,-79.384116,285,13.0406
1125629,43.671051,-79.384473,286,13.0697
1125629,43.671066,-79.384866,287,13.1017
1125629,43.671065,-79.385238,288,13.1307
1125629,43.670992,-79.3871,289,13.2809
1125629,43.670919,-79.387713,290,13.3305
1125629,43.670716,-79.388381,291,13.3892
1125629,43.670384,-79.389168,292,13.4623
1125629,43.670173,-79.389995,293,13.5322
1125629,43.669969,-79.391004,294,13.6164
1125629,43.669881,-79.391447,295,13.6538
1125629,43.669279,-79.394531,296,13.9106
1125629,43.668893,-79.396265,297,14.0561
1125629,43.668576,-79.397845,298,14.1879
1125629,43.668374,-79.398839,299,14.2711
1125629,43.668077,-79.400226,300,14.3869
1125629,43.667716,-79.401977,301,14.5335
1125629,43.667463,-79.403097,302,14.6277
1125629,43.667218,-79.404261,303,14.7249
1125629,43.667083,-79.404909,304,14.779
1125629,43.66692,-79.405744,305,14.8484
1125629,43.666724,-79.406665,306,14.9256
1125629,43.666636,-79.407062,307,14.9591
1125629,43.666472,-79.407864,308,15.0265
1125629,43.666237,-79.40907,309,15.126
1125629,43.666064,-79.409854,310,15.1918
1125629,43.665929,-79.410511,311,15.2469
1125629,43.665716,-79.411486,312,15.3285
1125629,43.665423,-79.412955,313,15.451
1125629,43.665156,-79.414168,314,15.5535
1125629,43.664846,-79.415116,315,15.6368
1125629,43.664627,-79.415883,316,15.7036
1125629,43.664455,-79.416533,317,15.759
1125629,43.664218,-79.417637,318,15.8517
1125629,43.663981,-79.418757,319,15.9447
1125629,43.663859,-79.41929,320,15.9896
1125629,43.663398,-79.421457,321,16.1709
1125629,43.663152,-79.422602,322,16.2671
1125629,43.662885,-79.423811,323,16.3686
1125629,43.662622,-79.424975,324,16.467
1125629,43.662571,-79.425188,325,16.485
1125629,43.66236,-79.426202,326,16.5702
1125629,43.662321,-79.426388,327,16.5848
1125629,43.662111,-79.427401,328,16.6702
1125629,43.661972,-79.428073,329,16.7262
1125629,43.661791,-79.428768,330,16.7861
1125629,43.661602,-79.42935,331,16.8366
1125629,43.661366,-79.430144,332,16.9057
1125629,43.661029,-79.431515,333,17.0218
1125629,43.660897,-79.432055,334,17.0682
1125629,43.660727,-79.432818,335,17.1321
1125629,43.66063,-79.4333,336,17.1727
1125629,43.660455,-79.434128,337,17.2413
1125629,43.660414,-79.434405,338,17.2639
1125629,43.660152,-79.435658,339,17.369
1125629,43.660136,-79.435735,340,17.3753
1125629,43.659919,-79.436733,341,17.4588
1125629,43.659696,-79.4379,342,17.5561
1125629,43.659515,-79.438801,343,17.6318
1125629,43.659409,-79.439503,344,17.6891
1125629,43.65939,-79.439853,345,17.7171
1125629,43.659404,-79.440129,346,17.7392
1125629,43.659387,-79.440663,347,17.7823
1125629,43.659344,-79.441379,348,17.8405
1125629,43.659239,-79.443172,349,17.985
1125629,43.659191,-79.443692,350,18.0263
1125629,43.65915,-79.444172,351,18.0655
1125629,43.659049,-79.444757,352,18.114
1125629,43.658687,-79.44624,353,18.2395
1125629,43.658327,-79.447808,354,18.3717
1125629,43.657745,-79.450152,355,18.5707
1125629,43.657456,-79.451275,356,18.6671
1125629,43.656998,-79.453016,357,18.8161
1125629,43.656891,-79.453457,358,18.8531
1125629,43.656714,-79.454227,359,18.9183
1125629,43.656457,-79.455369,360,19.0144
1125629,43.656009,-79.457314,361,19.1782
1125629,43.655972,-79.45747,362,19.1909
1125629,43.655638,-79.459074,363,19.3251
1125629,43.655609,-79.459235,364,19.3387
1125629,43.655461,-79.459875,365,19.3931
1125629,43.655323,-79.460467,366,19.4424
1125629,43.655112,-79.461455,367,19.526
1125629,43.654819,-79.46276,368,19.6351
1125629,43.654517,-79.464124,369,19.7499
1125629,43.654155,-79.465718,370,19.884
1125629,43.65398,-79.466551,371,19.9539
1125629,43.653817,-79.467322,372,20.0185
1125629,43.653436,-79.469133,373,20.1695
1125629,43.653144,-79.47045,374,20.2805
1125629,43.652876,-79.4716,375,20.3782
1125629,43.652744,-79.472209,376,20.4292
1125629,43.652496,-79.47329,377,20.5196
1125629,43.652225,-79.474509,378,20.6221
1125629,43.652156,-79.474795,379,20.6464
1125629,43.651979,-79.475602,380,20.7142
1125629,43.651902,-79.47594,381,20.7426
1125629,43.651846,-79.476218,382,20.7664
1125629,43.651742,-79.476736,383,20.8091
1125629,43.651519,-79.477665,384,20.8882
1125629,43.651432,-79.478112,385,20.9253
1125629,43.651316,-79.478593,386,20.9664
1125629,43.651108,-79.479516,387,21.0439
1125629,43.650815,-79.480902,388,21.1597
1125629,43.650644,-79.481556,389,21.216
1125629,43.65045,-79.482044,390,21.2603
1125629,43.650257,-79.482518,391,21.3042
1125629,43.650123,-79.483042,392,21.3488
1125629,43.649885,-79.484045,393,21.4339
1125629,43.649699,-79.48483,394,21.5003
1125629,43.649604,-79.485071,395,21.5222
1125629,43.649441,-79.485372,396,21.5522
1125629,43.649235,-79.485698,397,21.5877
1125629,43.649065,-79.485977,398,21.6168
1125629,43.648919,-79.486184,399,21.6401
1125629,43.648838,-79.486267,400,21.6509
1125629,43.648758,-79.486397,401,21.6651
1125629,43.648694,-79.48655,402,21.679
1125629,43.648641,-79.486697,403,21.6924
1125629,43.648543,-79.487069,404,21.7244
1125629,43.648444,-79.487444,405,21.7563
1125629,43.648389,-79.487763,406,21.783
1125629,43.648358,-79.48812,407,21.8112
1125629,43.648342,-79.488507,408,21.8423
1125629,43.64837,-79.489268,409,21.9033
1125629,43.64838,-79.490041,410,21.9663
1125629,43.64847,-79.490968,411,22.041
1125629,43.648651,-79.491482,412,22.0871
1125629,43.649639,-79.494102,413,22.325
1125629,43.649715,-79.494318,414,22.3443
1125629,43.649934,-79.494989,415,22.4034
1125629,43.650053,-79.49534,416,22.4342
1125629,43.650213,-79.495876,417,22.4808
1125629,43.650284,-79.496177,418,22.5061
1125629,43.650399,-79.496691,419,22.5491
1125629,43.65049,-79.49711,420,22.5846
1125629,43.650586,-79.497487,421,22.6165
1125629,43.650645,-79.497866,422,22.6483
1125629,43.65066,-79.498402,423,22.6913
1125629,43.650678,-79.498725,424,22.7175
1125629,43.650697,-79.499106,425,22.7476
1125629,43.650689,-79.499518,426,22.7806
1125629,43.650663,-79.499716,427,22.7969
1125629,43.650602,-79.500071,428,22.8267
1125629,43.650087,-79.502348,429,23.0184
1125629,43.649831,-79.503508,430,23.1155
1125629,43.649563,-79.504612,431,23.2094
1125629,43.649317,-79.505758,432,23.3056
1125629,43.649152,-79.506433,433,23.3625
1125629,43.648898,-79.507392,434,23.4444
1125629,43.648701,-79.508035,435,23.5009
1125629,43.648571,-79.508699,436,23.556
1125629,43.648549,-79.50889,437,23.5721
1125629,43.648253,-79.510723,438,23.7228
1125629,43.648113,-79.511291,439,23.7711
1125629,43.647959,-79.511843,440,23.8183
1125629,43.647746,-79.512756,441,23.8952
1125629,43.647499,-79.513893,442,23.9913
1125629,43.647457,-79.514056,443,24.0049
1125629,43.647346,-79.514537,444,24.0451
1125629,43.647296,-79.514874,445,24.0735
1125629,43.647007,-79.516109,446,24.1776
1125629,43.646734,-79.517328,447,24.2804
1125629,43.646731,-79.517364,448,24.2834
1125629,43.646391,-79.519314,449,24.4439
1125629,43.646202,-79.520555,450,24.5459
1125629,43.646012,-79.521555,451,24.6289
1125629,43.645741,-79.522825,452,24.7362
1125629,43.645463,-79.523966,453,24.8323
1125629,43.645305,-79.52468,454,24.8927
1125629,43.64522,-79.525063,455,24.9244
1125629,43.645004,-79.526163,456,25.0163
1125629,43.644728,-79.527385,457,25.1191
1125629,43.644646,-79.527736,458,25.1485
1125629,43.644431,-79.528322,459,25.2012
1125629,43.644214,-79.528702,460,25.2405
1125629,43.643969,-79.529119,461,25.2837
1125629,43.643644,-79.529518,462,25.3326
1125629,43.64136,-79.531674,463,25.6399
1125629,43.639132,-79.533858,464,25.9448
1125629,43.637805,-79.535402,465,26.1379
1125745,43.761454,-79.411135,1,0
1125745,43.76175,-79.409808,2,0.111
1125745,43.762048,-79.408461,3,0.2239
1125745,43.762279,-79.407368,4,0.3157
1125745,43.762831,-79.404955,5,0.5181
1125745,43.763013,-79.404128,6,0.5883
1125745,43.763242,-79.403068,7,0.6769
1125745,43.763377,-79.402503,8,0.7244
1125745,43.763939,-79.399885,9,0.9436
1125745,43.764528,-79.397251,10,1.1644
1125745,43.765045,-79.394914,11,1.3602
1125745,43.7654,-79.393322,12,1.4943
1125745,43.765646,-79.39222,13,1.5873
1125745,43.766077,-79.390237,14,1.7534
1125745,43.766319,-79.389106,15,1.8473
1125745,43.766434,-79.388642,16,1.8866
1125745,43.766907,-79.386733,17,2.0494
1125745,43.767749,-79.383338,18,2.3372
1125745,43.767986,-79.382253,19,2.428
1125745,43.768177,-79.381365,20,2.5021
1125745,43.768354,-79.380523,21,2.5729
1125745,43.768586,-79.379479,22,2.6599
1125745,43.768781,-79.378576,23,2.7362
1125745,43.768967,-79.377691,24,2.8102
1125745,43.769143,-79.376846,25,2.8789
1125745,43.769421,-79.37551,26,2.9912
1125745,43.769658,-79.374399,27,3.0842
1125745,43.769966,-79.372951,28,3.2051
1125745,43.770305,-79.371465,29,3.33
1125745,43.770682,-79.369769,30,3.4724
1125745,43.770965,-79.368512,31,3.578
1125745,43.770977,-79.368455,32,3.5825
1125745,43.771081,-79.367737,33,3.6415
1125745,43.771135,-79.36704,34,3.6979
1125745,43.771226,-79.366096,35,3.7737
1125745,43.771386,-79.364437,36,3.9077
1125745,43.771532,-79.363706,37,3.9691
1125745,43.771678,-79.363077,38,4.0216
1125745,43.7718,-79.362449,39,4.0745
1125745,43.771858,-79.361977,40,4.113
1125745,43.771894,-79.361757,41,4.1305
1125745,43.771928,-79.361551,42,4.1479
1125745,43.771969,-79.36128,43,4.1705
1125745,43.772048,-79.360885,44,4.2025
1125745,43.772299,-79.359811,45,4.2929
1125745,43.772486,-79.359002,46,4.3613
1125745,43.77252,-79.358865,47,4.373
1125745,43.772832,-79.357383,48,4.497
1125745,43.773223,-79.355563,49,4.6495
1125745,43.773545,-79.354117,50,4.7707
1125745,43.773675,-79.353522,51,4.8209
1125745,43.77404,-79.351874,52,4.9592
1125745,43.774744,-79.348641,53,5.2297
1125745,43.775053,-79.347239,54,5.347
1125751,43.775053,-79.347239,1,0
1125751,43.774744,-79.348641,2,0.1173
1125751,43.77404,-79.351874,3,0.3878
1125751,43.773675,-79.353522,4,0.5261
1125751,43.773545,-79.354117,5,0.5763
1125751,43.773223,-79.355563,6,0.6975
1125751,43.772832,-79.357383,7,0.85
1125751,43.77252,-79.358865,8,0.974
1125751,43.772486,-79.359002,9,0.9857
1125751,43.772299,-79.359811,10,1.054
1125751,43.772048,-79.360885,11,1.1445
1125751,43.771969,-79.36128,12,1.1765
1125751,43.771928,-79.361551,13,1.1991
1125751,43.771894,-79.361757,14,1.2165
1125751,43.771858,-79.361977,15,1.234
1125751,43.7718,-79.362449,16,1.2725
1125751,43.771678,-79.363077,17,1.3254
1125751,43.771532,-79.363706,18,1.3778
1125751,43.771386,-79.364437,19,1.4392
1125751,43.771226,-79.366096,20,1.5733
1125751,43.771135,-79.36704,21,1.6491
1125751,43.771081,-79.367737,22,1.7055
1125751,43.770977,-79.368455,23,1.7645
1125751,43.770965,-79.368512,24,1.769
1125751,43.770682,-79.369769,25,1.8746
1125751,43.770305,-79.371465,26,2.0169
1125751,43.769966,-79.372951,27,2.1419
1125751,43.769658,-79.374399,28,2.2627
1125751,43.769421,-79.37551,29,2.3558
1125751,43.769143,-79.376846,30,2.4681
1125751,43.768967,-79.377691,31,2.5368
1125751,43.768781,-79.378576,32,2.6108
1125751,43.768586,-79.379479,33,2.6871
1125751,43.768354,-79.380523,34,2.7741
1125751,43.768177,-79.381365,35,2.8449
1125751,43.767986,-79.382253,36,2.919
1125751,43.767749,-79.383338,37,3.0098
1125751,43.766907,-79.386733,38,3.2976
1125751,43.766434,-79.388642,39,3.4604
1125751,43.766319,-79.389106,40,3.4996
1125751,43.766077,-79.390237,41,3.5936
1125751,43.765646,-79.39222,42,3.7597
1125751,43.7654,-79.393322,43,3.8527
1125751,43.765045,-79.394914,44,3.9868
1125751,43.764528,-79.397251,45,4.1826
1125751,43.763939,-79.399885,46,4.4034
1125751,43.763377,-79.402503,47,4.6226
1125751,43.763242,-79.403068,48,4.6701
1125751,43.763013,-79.404128,49,4.7587
1125751,43.762831,-79.404955,50,4.8289
1125751,43.762279,-79.407368,51,5.0313
1125751,43.762048,-79.408461,52,5.123
1125751,43.76175,-79.409808,53,5.236
1125751,43.761454,-79.411135,54,5.347
1125765,43.687548,-79.486594,1,0
1125765,43.68757,-79.486493,2,0.0095
1125765,43.687985,-79.484594,3,0.1683
1125765,43.688175,-79.483726,4,0.2414
1125765,43.688368,-79.482878,5,0.3128
1125765,43.688811,-79.481038,6,0.4687
1125765,43.689296,-79.478898,7,0.6481
1125765,43.689669,-79.477181,8,0.792
1125765,43.689918,-79.476099,9,0.8834
1125765,43.690165,-79.475062,10,0.9717
1125765,43.690421,-79.473911,11,1.0681
1125765,43.690684,-79.472743,12,1.1665
1125765,43.690977,-79.471515,13,1.2699
1125765,43.691225,-79.470401,14,1.3639
1125765,43.691361,-79.469721,15,1.4199
1125765,43.691426,-79.469435,16,1.4443
1125765,43.691555,-79.468783,17,1.4991
1125765,43.69162,-79.468371,18,1.5328
1125765,43.691712,-79.467864,19,1.5753
1125765,43.691716,-79.467696,20,1.5883
1125765,43.69172,-79.467485,21,1.6053
1125765,43.691789,-79.466649,22,1.6727
1125765,43.691878,-79.465752,23,1.7454
1125765,43.69194,-79.465379,24,1.7762
1125765,43.692021,-79.465073,25,1.8028
1125765,43.692079,-79.464863,26,1.8208
1125765,43.692155,-79.46462,27,1.8419
1125765,43.692173,-79.464574,28,1.8463
1125765,43.692218,-79.464456,29,1.8566
1125765,43.692303,-79.464222,30,1.8776
1125765,43.692404,-79.463998,31,1.8987
1125765,43.692585,-79.46364,32,1.9345
1125765,43.692681,-79.463473,33,1.951
1125765,43.692708,-79.46343,34,1.956
1125765,43.692742,-79.463348,35,1.9632
1125765,43.692779,-79.463263,36,1.9712
1125765,43.692842,-79.463053,37,1.9896
1125765,43.692876,-79.462902,38,2.0023
1125765,43.692896,-79.462814,39,2.0095
1125765,43.69303,-79.462214,40,2.0598
1125765,43.693303,-79.460984,41,2.1636
1125765,43.693347,-79.460826,42,2.1772
1125765,43.693605,-79.459678,43,2.2736
1125765,43.693844,-79.458528,44,2.3695
1125765,43.694019,-79.457782,45,2.4324
1125765,43.694112,-79.457384,46,2.4663
1125765,43.694148,-79.457187,47,2.4828
1125765,43.694362,-79.456234,48,2.5622
1125765,43.694436,-79.455894,49,2.5916
1125765,43.694625,-79.455098,50,2.659
1125765,43.694875,-79.453956,51,2.7539
1125765,43.694978,-79.453497,52,2.7928
1125765,43.695145,-79.452798,53,2.8516
1125765,43.695242,-79.452329,54,2.8912
1125765,43.695418,-79.451572,55,2.9553
1125765,43.695476,-79.451201,56,2.9859
1125765,43.695692,-79.450278,57,3.0637
1125765,43.695897,-79.449336,58,3.1422
1125765,43.696258,-79.447685,59,3.2811
1125765,43.696358,-79.447332,60,3.3115
1125765,43.696764,-79.445313,61,3.4797
1125765,43.696787,-79.445209,62,3.4889
1125765,43.696968,-79.444375,63,3.5588
1125765,43.697302,-79.442793,64,3.6914
1125765,43.697845,-79.440255,65,3.903
1125765,43.69804,-79.43939,66,3.9764
1125765,43.698069,-79.439249,67,3.9878
1125765,43.698109,-79.439054,68,4.0043
1125765,43.698244,-79.438416,69,4.0575
1125765,43.698276,-79.438324,70,4.0655
1125765,43.698489,-79.437293,71,4.1519
1125765,43.698513,-79.437189,72,4.1612
1125765,43.698685,-79.436461,73,4.2225
1125765,43.698714,-79.436307,74,4.2349
1125765,43.698769,-79.436017,75,4.2596
1125765,43.698834,-79.435727,76,4.2837
1125765,43.698868,-79.435575,77,4.2963
1125765,43.69899,-79.435033,78,4.3425
1125765,43.699029,-79.434803,79,4.3609
1125765,43.699233,-79.433826,80,4.4432
1125765,43.699434,-79.432868,81,4.5233
1125765,43.699455,-79.432784,82,4.5296
1125765,43.699644,-79.431895,83,4.6046
1125765,43.699826,-79.431039,84,4.6758
1125765,43.699851,-79.430906,85,4.687
1125765,43.700063,-79.429902,86,4.7714
1125765,43.700297,-79.42883,87,4.8613
1125765,43.700527,-79.427765,88,4.9502
1125765,43.700566,-79.427612,89,4.9638
1125765,43.700758,-79.426686,90,5.0407
1125765,43.700992,-79.425561,91,5.1344
1125765,43.701508,-79.42314,92,5.3378
1125765,43.701737,-79.422092,93,5.4255
1125765,43.702,-79.42089,94,5.526
1125765,43.702185,-79.419884,95,5.6095
1125765,43.702351,-79.419108,96,5.6743
1125765,43.702522,-79.418328,97,5.7401
1125765,43.702571,-79.418104,98,5.7588
1125765,43.702719,-79.417379,99,5.8192
1125765,43.702782,-79.417093,100,5.8433
1125765,43.703029,-79.415962,101,5.9382
1125765,43.703118,-79.415504,102,5.9765
1125765,43.703244,-79.414946,103,6.0227
1125765,43.703356,-79.414393,104,6.0695
1125765,43.703473,-79.413883,105,6.1126
1125765,43.703612,-79.413231,106,6.1667
1125765,43.703845,-79.412075,107,6.2632
1125765,43.703939,-79.411645,108,6.299
1125765,43.704082,-79.410957,109,6.3572
1125765,43.70436,-79.409621,110,6.4686
1125765,43.704598,-79.408516,111,6.5604
1125765,43.704836,-79.407405,112,6.6543
1125765,43.705024,-79.406528,113,6.7274
1125765,43.705105,-79.406132,114,6.7607
1125765,43.705139,-79.405967,115,6.7743
1125765,43.70536,-79.404892,116,6.8636
1125765,43.705483,-79.404311,117,6.9126
1125765,43.705602,-79.40375,118,6.9594
1125765,43.705822,-79.402765,119,7.0423
1125765,43.706032,-79.401734,120,7.1284
1125765,43.7061,-79.401452,121,7.1528
1125765,43.706351,-79.400282,122,7.2499
1125765,43.706731,-79.398366,123,7.4095
1125765,43.706921,-79.397474,124,7.4845
1125765,43.706929,-79.397436,125,7.4877
1125765,43.707059,-79.396829,126,7.5389
1125765,43.707328,-79.395492,127,7.6501
1125765,43.707601,-79.394133,128,7.7631
1125765,43.707861,-79.392819,129,7.872
1125765,43.708134,-79.3915,130,7.9822
1125765,43.708407,-79.390197,131,8.0917
1125765,43.708653,-79.388879,132,8.2011
1125765,43.70886,-79.387888,133,8.2833
1125765,43.708927,-79.387542,134,8.3125
1125765,43.709191,-79.386201,135,8.4243
1125765,43.709455,-79.384909,136,8.5316
1125765,43.709737,-79.383591,137,8.642
1125765,43.709814,-79.383208,138,8.6743
1125765,43.71002,-79.382248,139,8.7547
1125765,43.710212,-79.381243,140,8.8383
1125765,43.71027,-79.38093,141,8.8643
1125765,43.710418,-79.380207,142,8.9245
1125765,43.710526,-79.379643,143,8.971
1125765,43.710772,-79.378347,144,9.0787
1125765,43.711036,-79.377158,145,9.1771
1125765,43.711161,-79.376573,146,9.2262
1125765,43.711732,-79.3739,147,9.4505
1125765,43.7118,-79.373575,148,9.4774
1125765,43.712095,-79.37207,149,9.6028
1125765,43.712573,-79.369659,150,9.8032
1125765,43.713078,-79.367228,151,10.0061
1125765,43.713565,-79.364802,152,10.2085
1125765,43.714089,-79.362317,153,10.416
1125765,43.714603,-79.359824,154,10.6249
1125765,43.714859,-79.358714,155,10.7185
1125765,43.715051,-79.357939,156,10.784
1125765,43.71515,-79.357441,157,10.8255
1125765,43.715261,-79.356855,158,10.8743
1125765,43.715431,-79.355923,159,10.9516
1125765,43.715523,-79.355462,160,10.99
1125765,43.715624,-79.354955,161,11.0314
1125765,43.715807,-79.354172,162,11.0978
1125765,43.716027,-79.353319,163,11.1709
1125765,43.716233,-79.352627,164,11.2305
1125765,43.716307,-79.352372,165,11.2524
1125765,43.716475,-79.351791,166,11.3028
1125765,43.716686,-79.351127,167,11.361
1125765,43.716923,-79.35045,168,11.4218
1125765,43.717098,-79.349979,169,11.4647
1125765,43.717419,-79.348838,170,11.5626
1125765,43.717631,-79.348129,171,11.6241
1125765,43.717729,-79.347746,172,11.657
1125765,43.717879,-79.347258,173,11.6995
1125765,43.718562,-79.345037,174,11.8927
1125765,43.719047,-79.343536,175,12.0242
1125765,43.719219,-79.343001,176,12.0717
1125765,43.719716,-79.341307,177,12.2184
1125765,43.720276,-79.339642,178,12.3664
1125765,43.72044,-79.339065,179,12.4158
1125765,43.720502,-79.338869,180,12.4333
1125765,43.720719,-79.338162,181,12.4951
1125765,43.721178,-79.336669,182,12.6246
1125765,43.721535,-79.335504,183,12.7268
1125765,43.721625,-79.335212,184,12.7519
1125765,43.721652,-79.335125,185,12.7595
1125765,43.721777,-79.334712,186,12.7953
1125765,43.722158,-79.333449,187,12.906
1125765,43.722588,-79.332024,188,13.0297
1125765,43.723092,-79.330357,189,13.1749
1125765,43.723164,-79.33007,190,13.1993
1125765,43.723567,-79.328495,191,13.3331
1125765,43.723978,-79.326908,192,13.4691
1125765,43.724166,-79.326195,193,13.5298
1125765,43.724399,-79.325299,194,13.6064
1125765,43.72483,-79.323652,195,13.7468
1125765,43.725111,-79.322654,196,13.833
1125765,43.725191,-79.32234,197,13.8596
1125765,43.7252,-79.322296,198,13.8637
1125765,43.72528,-79.321936,199,13.8931
1125765,43.725289,-79.321899,200,13.8963
1125765,43.725674,-79.320414,201,14.0237
1125765,43.725786,-79.319979,202,14.0598
1125765,43.725911,-79.319513,203,14.1003
1125765,43.725996,-79.319071,204,14.1367
1125765,43.726094,-79.318494,205,14.185
1125765,43.726134,-79.318294,206,14.2015
1125765,43.726179,-79.318098,207,14.2173
1125765,43.726188,-79.318025,208,14.2234
1125765,43.726215,-79.317797,209,14.2416
1125765,43.726228,-79.317627,210,14.2557
1125765,43.726232,-79.317359,211,14.2777
1125765,43.72625,-79.317147,212,14.2949
1125765,43.726258,-79.316879,213,14.3159
1125765,43.726276,-79.316642,214,14.335
1125765,43.726289,-79.316298,215,14.3631
1125765,43.726275,-79.316028,216,14.3842
1125765,43.726266,-79.315792,217,14.4032
1125765,43.726261,-79.315554,218,14.4222
1125765,43.726233,-79.315299,219,14.4434
1125765,43.726219,-79.315072,220,14.4615
1125765,43.726192,-79.314808,221,14.4827
1125765,43.726178,-79.314614,222,14.4988
1125765,43.726146,-79.314359,223,14.519
1125765,43.726128,-79.314233,224,14.5292
1125765,43.726105,-79.314036,225,14.5455
1125765,43.726064,-79.313841,226,14.562
1125765,43.726037,-79.313692,227,14.5744
1125765,43.726023,-79.313523,228,14.5875
1125765,43.72595,-79.312986,229,14.6322
1125765,43.725664,-79.311231,230,14.7758
1125765,43.725497,-79.309991,231,14.8774
1125765,43.725477,-79.309842,232,14.8898
1125765,43.725455,-79.309695,233,14.902
1125765,43.725391,-79.309282,234,14.9357
1125765,43.725349,-79.308959,235,14.9622
1125765,43.725323,-79.308802,236,14.9746
1125765,43.725245,-79.308309,237,15.0154
1125765,43.725213,-79.30811,238,15.0318
1125765,43.725122,-79.307495,239,15.0819
1125765,43.725058,-79.307014,240,15.1215
1125765,43.725027,-79.306749,241,15.1429
1125765,43.725022,-79.306734,242,15.1439
1125765,43.724967,-79.306423,243,15.1696
1125765,43.724936,-79.306212,244,15.187
1125765,43.724932,-79.306188,245,15.189
1125765,43.724904,-79.305999,246,15.2043
1125765,43.724872,-79.305773,247,15.2228
1125765,43.72484,-79.30563,248,15.2351
1125765,43.724808,-79.305418,249,15.2526
1125765,43.724794,-79.305226,250,15.2677
1125765,43.724776,-79.305056,251,15.2819
1125765,43.724762,-79.304939,252,15.2909
1125765,43.724758,-79.304807,253,15.302
1125765,43.724739,-79.304595,254,15.3191
1125765,43.724703,-79.304302,255,15.3424
1125765,43.724689,-79.304038,256,15.3645
1125765,43.724684,-79.303838,257,15.3805
1125765,43.724693,-79.303722,258,15.3895
1125765,43.724688,-79.303455,259,15.4105
1125765,43.724683,-79.303144,260,15.4356
1125765,43.724691,-79.302923,261,15.4536
1125765,43.724705,-79.302744,262,15.4677
1125765,43.724723,-79.302645,263,15.476
1125765,43.724713,-79.302295,264,15.504
1125765,43.724739,-79.301985,265,15.5291
1125765,43.724819,-79.301406,266,15.5769
1125765,43.724837,-79.301254,267,15.5891
1125765,43.724967,-79.300538,268,15.648
1125765,43.725003,-79.300354,269,15.6636
1125765,43.725016,-79.300291,270,15.6687
1125765,43.725178,-79.299529,271,15.7326
1125765,43.725203,-79.299413,272,15.7428
1125765,43.725507,-79.298115,273,15.8522
1125765,43.725651,-79.297515,274,15.9031
1125765,43.725668,-79.297428,275,15.9102
1125765,43.726355,-79.294318,276,16.1708
1125765,43.726376,-79.294227,277,16.1793
1125765,43.726996,-79.291464,278,16.4109
1125765,43.727338,-79.289939,279,16.5396
1125765,43.727846,-79.287616,280,16.7341
1125765,43.728177,-79.286153,281,16.8568
1125765,43.728471,-79.284829,282,16.9688
1125765,43.728909,-79.282871,283,17.1333
1125765,43.729257,-79.281238,284,17.27
1125765,43.729364,-79.280725,285,17.3127
1125765,43.729694,-79.279226,286,17.4383
1125765,43.729962,-79.277859,287,17.5523
1125765,43.730372,-79.275958,288,17.7111
1125765,43.730765,-79.274218,289,17.8578
1125765,43.730828,-79.27396,290,17.879
1125765,43.730845,-79.273889,291,17.8854
1125765,43.731086,-79.272825,292,17.9745
1125765,43.731264,-79.271978,293,18.0454
1125765,43.731434,-79.27121,294,18.1103
1125765,43.731755,-79.269841,295,18.226
1125765,43.732201,-79.267931,296,18.387
1125765,43.732478,-79.266838,297,18.4803
1125765,43.732674,-79.26606,298,18.5461
1125765,43.732969,-79.264842,299,18.6495
1125772,43.732969,-79.264842,1,0
1125772,43.732674,-79.26606,2,0.1034
1125772,43.732478,-79.266838,3,0.1692
1125772,43.732201,-79.267931,4,0.2625
1125772,43.731755,-79.269841,5,0.4235
1125772,43.731434,-79.27121,6,0.5392
1125772,43.731264,-79.271978,7,0.604
1125772,43.731086,-79.272825,8,0.6749
1125772,43.730845,-79.273889,9,0.7641
1125772,43.730828,-79.27396,10,0.7704
1125772,43.730765,-79.274218,11,0.7916
1125772,43.730372,-79.275958,12,0.9384
1125772,43.729962,-79.277859,13,1.0972
1125772,43.729694,-79.279226,14,1.2112
1125772,43.729364,-79.280725,15,1.3368
1125772,43.729257,-79.281238,16,1.3795
1125772,43.728909,-79.282871,17,1.5162
1125772,43.728471,-79.284829,18,1.6806
1125772,43.728177,-79.286153,19,1.7926
1125772,43.727846,-79.287616,20,1.9153
1125772,43.727338,-79.289939,21,2.1099
1125772,43.726996,-79.291464,22,2.2386
1125772,43.726376,-79.294227,23,2.4701
1125772,43.726355,-79.294318,24,2.4787
1125772,43.725668,-79.297428,25,2.7393
1125772,43.725651,-79.297515,26,2.7464
1125772,43.725507,-79.298115,27,2.7973
1125772,43.725203,-79.299413,28,2.9067
1125772,43.725178,-79.299529,29,2.9169
1125772,43.725016,-79.300291,30,2.9808
1125772,43.725003,-79.300354,31,2.9859
1125772,43.724967,-79.300538,32,3.0014
1125772,43.724837,-79.301254,33,3.0604
1125772,43.724819,-79.301406,34,3.0725
1125772,43.724739,-79.301985,35,3.1204
1125772,43.724713,-79.302295,36,3.1455
1125772,43.724723,-79.302645,37,3.1735
1125772,43.724705,-79.302744,38,3.1817
1125772,43.724691,-79.302923,39,3.1959
1125772,43.724683,-79.303144,40,3.2139
1125772,43.724688,-79.303455,41,3.2389
1125772,43.724693,-79.303722,42,3.2599
1125772,43.724684,-79.303838,43,3.269
1125772,43.724689,-79.304038,44,3.285
1125772,43.724703,-79.304302,45,3.307
1125772,43.724739,-79.304595,46,3.3304
1125772,43.724758,-79.304807,47,3.3475
1125772,43.724762,-79.304939,48,3.3585
1125772,43.724776,-79.305056,49,3.3676
1125772,43.724794,-79.305226,50,3.3817
1125772,43.724808,-79.305418,51,3.3969
1125772,43.72484,-79.30563,52,3.4143
1125772,43.724872,-79.305773,53,3.4267
1125772,43.724904,-79.305999,54,3.4451
1125772,43.724932,-79.306188,55,3.4604
1125772,43.724936,-79.306212,56,3.4624
1125772,43.724967,-79.306423,57,3.4799
1125772,43.725022,-79.306734,58,3.5056
1125772,43.725027,-79.306749,59,3.5066
1125772,43.725058,-79.307014,60,3.528
1125772,43.725122,-79.307495,61,3.5676
1125772,43.725213,-79.30811,62,3.6176
1125772,43.725245,-79.308309,63,3.6341
1125772,43.725323,-79.308802,64,3.6749
1125772,43.725349,-79.308959,65,3.6873
1125772,43.725391,-79.309282,66,3.7138
1125772,43.725455,-79.309695,67,3.7475
1125772,43.725478,-79.309844,68,3.7597
1125772,43.725497,-79.309991,69,3.772
1125772,43.725664,-79.311231,70,3.8736
1125772,43.72595,-79.312986,71,4.0172
1125772,43.726023,-79.313523,72,4.062
1125772,43.726037,-79.313692,73,4.0751
1125772,43.726064,-79.313841,74,4.0875
1125772,43.726105,-79.314036,75,4.104
1125772,43.726128,-79.314233,76,4.1203
1125772,43.726146,-79.314359,77,4.1305
1125772,43.726178,-79.314614,78,4.1507
1125772,43.726192,-79.314808,79,4.1668
1125772,43.726219,-79.315072,80,4.188
1125772,43.726233,-79.315299,81,4.206
1125772,43.726261,-79.315554,82,4.2273
1125772,43.726266,-79.315792,83,4.2463
1125772,43.726275,-79.316028,84,4.2653
1125772,43.726289,-79.316298,85,4.2864
1125772,43.726276,-79.316642,86,4.3145
1125772,43.726258,-79.316879,87,4.3336
1125772,43.72625,-79.317147,88,4.3546
1125772,43.726232,-79.317359,89,4.3717
1125772,43.726228,-79.317627,90,4.3937
1125772,43.726215,-79.317797,91,4.4079
1125772,43.726188,-79.318025,92,4.4261
1125772,43.726179,-79.318098,93,4.4322
1125772,43.726134,-79.318294,94,4.448
1125772,43.726094,-79.318494,95,4.4645
1125772,43.725996,-79.319071,96,4.5128
1125772,43.725911,-79.319513,97,4.5492
1125772,43.725786,-79.319979,98,4.5897
1125772,43.725674,-79.320414,99,4.6257
1125772,43.725289,-79.321899,100,4.7532
1125772,43.72528,-79.321936,101,4.7564
1125772,43.7252,-79.322296,102,4.7858
1125772,43.725191,-79.32234,103,4.7899
1125772,43.725111,-79.322654,104,4.8165
1125772,43.72483,-79.323652,105,4.9026
1125772,43.724399,-79.325299,106,5.0431
1125772,43.724166,-79.326195,107,5.1196
1125772,43.723978,-79.326908,108,5.1804
1125772,43.723567,-79.328495,109,5.3164
1125772,43.723164,-79.33007,110,5.4502
1125772,43.723092,-79.330357,111,5.4745
1125772,43.722588,-79.332024,112,5.6198
1125772,43.722158,-79.333449,113,5.7435
1125772,43.721777,-79.334712,114,5.8542
1125772,43.721652,-79.335125,115,5.89
1125772,43.721625,-79.335212,116,5.8976
1125772,43.721535,-79.335504,117,5.9227
1125772,43.721178,-79.336669,118,6.0248
1125772,43.720719,-79.338162,119,6.1543
1125772,43.7205,-79.338873,120,6.2162
1125772,43.72044,-79.339065,121,6.2336
1125772,43.720276,-79.339642,122,6.283
1125772,43.719716,-79.341307,123,6.4311
1125772,43.719219,-79.343001,124,6.5778
1125772,43.719047,-79.343536,125,6.6252
1125772,43.718562,-79.345037,126,6.7568
1125772,43.717879,-79.347258,127,6.95
1125772,43.717729,-79.347746,128,6.9925
1125772,43.717631,-79.348129,129,7.0254
1125772,43.717419,-79.348838,130,7.0869
1125772,43.717098,-79.349979,131,7.1847
1125772,43.716923,-79.35045,132,7.2277
1125772,43.716686,-79.351127,133,7.2885
1125772,43.716475,-79.351791,134,7.3467
1125772,43.716307,-79.352372,135,7.397
1125772,43.716233,-79.352627,136,7.419
1125772,43.716027,-79.353319,137,7.4786
1125772,43.715807,-79.354172,138,7.5516
1125772,43.715624,-79.354955,139,7.618
1125772,43.715523,-79.355462,140,7.6595
1125772,43.715431,-79.355923,141,7.6978
1125772,43.715261,-79.356855,142,7.7752
1125772,43.71515,-79.357441,143,7.824
1125772,43.715051,-79.357939,144,7.8655
1125772,43.714859,-79.358714,145,7.9309
1125772,43.714603,-79.359824,146,8.0245
1125772,43.714089,-79.362317,147,8.2335
1125772,43.713565,-79.364802,148,8.441
1125772,43.713078,-79.367228,149,8.6434
1125772,43.712573,-79.369659,150,8.8462
1125772,43.712095,-79.37207,151,9.0466
1125772,43.7118,-79.373575,152,9.1721
1125772,43.711732,-79.3739,153,9.199
1125772,43.711161,-79.376573,154,9.4233
1125772,43.711036,-79.377158,155,9.4724
1125772,43.710772,-79.378347,156,9.5707
1125772,43.710526,-79.379643,157,9.6784
1125772,43.710418,-79.380207,158,9.725
1125772,43.71027,-79.38093,159,9.7852
1125772,43.710212,-79.381243,160,9.8111
1125772,43.71002,-79.382248,161,9.8948
1125772,43.709814,-79.383208,162,9.9752
1125772,43.709737,-79.383591,163,10.0075
1125772,43.709455,-79.384909,164,10.1179
1125772,43.709191,-79.386201,165,10.2252
1125772,43.708927,-79.387542,166,10.337
1125772,43.70886,-79.387888,167,10.3661
1125772,43.708653,-79.388879,168,10.4484
1125772,43.708407,-79.390197,169,10.5578
1125772,43.708134,-79.3915,170,10.6673
1125772,43.707861,-79.392819,171,10.7774
1125772,43.707601,-79.394133,172,10.8864
1125772,43.707328,-79.395492,173,10.9994
1125772,43.707059,-79.396829,174,11.1105
1125772,43.706929,-79.397436,175,11.1618
1125772,43.706921,-79.397474,176,11.1649
1125772,43.706731,-79.398366,177,11.2399
1125772,43.706351,-79.400282,178,11.3996
1125772,43.7061,-79.401452,179,11.4967
1125772,43.706032,-79.401734,180,11.521
1125772,43.705822,-79.402765,181,11.6072
1125772,43.705602,-79.40375,182,11.69
1125772,43.705483,-79.404311,183,11.7369
1125772,43.70536,-79.404892,184,11.7859
1125772,43.705139,-79.405967,185,11.8752
1125772,43.705105,-79.406132,186,11.8888
1125772,43.705024,-79.406528,187,11.922
1125772,43.704836,-79.407405,188,11.9951
1125772,43.704598,-79.408516,189,12.0891
1125772,43.70436,-79.409621,190,12.1808
1125772,43.704082,-79.410957,191,12.2922
1125772,43.703939,-79.411645,192,12.3505
1125772,43.703845,-79.412075,193,12.3862
1125772,43.703612,-79.413231,194,12.4828
1125772,43.703473,-79.413883,195,12.5369
1125772,43.703356,-79.414393,196,12.5799
1125772,43.703244,-79.414946,197,12.6268
1125772,43.703118,-79.415504,198,12.6729
1125772,43.703029,-79.415962,199,12.7113
1125772,43.702782,-79.417093,200,12.8062
1125772,43.702719,-79.417379,201,12.8302
1125772,43.702571,-79.418104,202,12.8907
1125772,43.702522,-79.418328,203,12.9093
1125772,43.702351,-79.419108,204,12.9751
1125772,43.702185,-79.419884,205,13.04
1125772,43.702,-79.42089,206,13.1234
1125772,43.701737,-79.422092,207,13.224
1125772,43.701508,-79.42314,208,13.3116
1125772,43.700992,-79.425561,209,13.5151
1125772,43.700758,-79.426686,210,13.6088
1125772,43.700566,-79.427612,211,13.6857
1125772,43.700527,-79.427765,212,13.6993
1125772,43.700297,-79.42883,213,13.7882
1125772,43.700063,-79.429902,214,13.878
1125772,43.699851,-79.430906,215,13.9625
1125772,43.699826,-79.431039,216,13.9737
1125772,43.699644,-79.431895,217,14.0449
1125772,43.699455,-79.432784,218,14.1199
1125772,43.699434,-79.432868,219,14.1262
1125772,43.699233,-79.433826,220,14.2063
1125772,43.699029,-79.434803,221,14.2885
1125772,43.69899,-79.435033,222,14.307
1125772,43.698868,-79.435575,223,14.3532
1125772,43.698834,-79.435727,224,14.3658
1125772,43.698769,-79.436017,225,14.3898
1125772,43.698714,-79.436307,226,14.4146
1125772,43.698685,-79.436461,227,14.427
1125772,43.698513,-79.437189,228,14.4883
1125772,43.698489,-79.437293,229,14.4975
1125772,43.698276,-79.438324,230,14.5839
1125772,43.698244,-79.438416,231,14.592
1125772,43.698109,-79.439054,232,14.6451
1125772,43.698069,-79.439249,233,14.6616
1125772,43.69804,-79.43939,234,14.673
1125772,43.697845,-79.440255,235,14.7464
1125772,43.697302,-79.442793,236,14.9581
1125772,43.696968,-79.444375,237,15.0907
1125772,43.696787,-79.445209,238,15.1606
1125772,43.696764,-79.445313,239,15.1698
1125772,43.696358,-79.447332,240,15.3379
1125772,43.696258,-79.447685,241,15.3684
1125772,43.695897,-79.449336,242,15.5073
1125772,43.695692,-79.450278,243,15.5857
1125772,43.695476,-79.451201,244,15.6635
1125772,43.695418,-79.451572,245,15.6941
1125772,43.695242,-79.452329,246,15.7583
1125772,43.695145,-79.452798,247,15.7979
1125772,43.694978,-79.453497,248,15.8567
1125772,43.694875,-79.453956,249,15.8956
1125772,43.694625,-79.455098,250,15.9905
1125772,43.694436,-79.455894,251,16.0579
1125772,43.694362,-79.456234,252,16.0873
1125772,43.694148,-79.457187,253,16.1667
1125772,43.694112,-79.457384,254,16.1832
1125772,43.694019,-79.457782,255,16.217
1125772,43.693844,-79.458528,256,16.28
1125772,43.693605,-79.459678,257,16.3758
1125772,43.693347,-79.460826,258,16.4723
1125772,43.693303,-79.460984,259,16.4859
1125772,43.69303,-79.462214,260,16.5896
1125772,43.692896,-79.462814,261,16.6399
1125772,43.692876,-79.462902,262,16.6472
1125772,43.692842,-79.463053,263,16.6599
1125772,43.692779,-79.463263,264,16.6782
1125772,43.692742,-79.463348,265,16.6863
1125772,43.692708,-79.46343,266,16.6935
1125772,43.692681,-79.463473,267,16.6985
1125772,43.692585,-79.46364,268,16.7149
1125772,43.692404,-79.463998,269,16.7507
1125772,43.692303,-79.464222,270,16.7718
1125772,43.692218,-79.464456,271,16.7928
1125772,43.692173,-79.464574,272,16.8031
1125772,43.692155,-79.46462,273,16.8076
1125772,43.692079,-79.464863,274,16.8286
1125772,43.692021,-79.465073,275,16.8467
1125772,43.69194,-79.465379,276,16.8732
1125772,43.691878,-79.465752,277,16.904
1125772,43.691789,-79.466649,278,16.9767
1125772,43.69172,-79.467485,279,17.0442
1125772,43.691716,-79.467696,280,17.0612
1125772,43.691712,-79.467864,281,17.0742
1125772,43.69162,-79.468371,282,17.1167
1125772,43.691555,-79.468783,283,17.1504
1125772,43.691426,-79.469435,284,17.2052
1125772,43.691361,-79.469721,285,17.2296
1125772,43.691225,-79.470401,286,17.2856
1125772,43.690977,-79.471515,287,17.3796
1125772,43.690684,-79.472743,288,17.483
1125772,43.690421,-79.473911,289,17.5813
1125772,43.690165,-79.475062,290,17.6778
1125772,43.689918,-79.476099,291,17.766
1125772,43.689669,-79.477181,292,17.8574
1125772,43.689296,-79.478898,293,18.0014
1125772,43.688811,-79.481038,294,18.1807
1125772,43.688368,-79.482878,295,18.3366
1125772,43.688175,-79.483726,296,18.4081
1125772,43.687985,-79.484594,297,18.4812
1125772,43.68757,-79.486493,298,18.64
1125772,43.687548,-79.486594,299,18.6495
1125772,43.687515,-79.486772,300,18.6638
1125772,43.687462,-79.487075,301,18.6885
1125772,43.687312,-79.487825,302,18.7509
1125786,43.729937,-79.601361,1,0
1125786,43.730472,-79.601602,2,0.0632
1125786,43.733491,-79.602935,3,0.4165
1125786,43.734134,-79.6032,4,0.4915
1125786,43.734169,-79.603087,5,0.5014
1125786,43.734632,-79.601001,6,0.6769
1125786,43.73505,-79.599163,7,0.831
1125786,43.735118,-79.598859,8,0.8572
1125786,43.735271,-79.598185,9,0.9138
1125786,43.736017,-79.594956,10,1.1855
1125786,43.736772,-79.591703,11,1.4597
1125786,43.736939,-79.591075,12,1.5141
1125786,43.736974,-79.590942,13,1.5246
1125786,43.737045,-79.590724,14,1.5443
1125786,43.737121,-79.590522,15,1.5626
1125786,43.73722,-79.590382,16,1.5782
1125786,43.73732,-79.590237,17,1.5944
1125786,43.737449,-79.590123,18,1.6111
1125786,43.73752,-79.590088,19,1.6196
1125786,43.737611,-79.590054,20,1.6301
1125786,43.737738,-79.590028,21,1.6452
1125786,43.738073,-79.58999,22,1.6823
1125786,43.738808,-79.589906,23,1.7646
1125786,43.739086,-79.589867,24,1.7958
1125786,43.739222,-79.589847,25,1.8109
1125786,43.739854,-79.58973,26,1.8825
1125786,43.740001,-79.589703,27,1.8986
1125786,43.74012,-79.589664,28,1.9122
1125786,43.74025,-79.589616,29,1.9275
1125786,43.741093,-79.589232,30,2.0265
1125786,43.742032,-79.588806,31,2.1362
1125786,43.742224,-79.588701,32,2.1596
1125786,43.742383,-79.588583,33,2.1793
1125786,43.742532,-79.588443,34,2.1996
1125786,43.742669,-79.588283,35,2.2194
1125786,43.742793,-79.588103,36,2.2392
1125786,43.742902,-79.587906,37,2.2592
1125786,43.742996,-79.587694,38,2.2795
1125786,43.743073,-79.58747,39,2.2992
1125786,43.743123,-79.587279,40,2.3163
1125786,43.743355,-79.586257,41,2.4023
1125786,43.743396,-79.586049,42,2.4188
1125786,43.743431,-79.585805,43,2.4392
1125786,43.743451,-79.585558,44,2.4593
1125786,43.743457,-79.58531,45,2.4793
1125786,43.743449,-79.585062,46,2.4993
1125786,43.743426,-79.58482,47,2.5186
1125786,43.743395,-79.584608,48,2.5358
1125786,43.743285,-79.58398,49,2.5875
1125786,43.743264,-79.583848,50,2.5987
1125786,43.743232,-79.583604,51,2.6181
1125786,43.743211,-79.583357,52,2.6382
1125786,43.7432,-79.583109,53,2.6582
1125786,43.743199,-79.582861,54,2.6782
1125786,43.743209,-79.582613,55,2.6982
1125786,43.743228,-79.582366,56,2.7183
1125786,43.743263,-79.582116,57,2.7387
1125786,43.743284,-79.581945,58,2.7529
1125786,43.743627,-79.57959,59,2.9457
1125786,43.743657,-79.579451,60,2.9571
1125786,43.743885,-79.578401,61,3.0447
1125786,43.745071,-79.573466,62,3.4621
1125786,43.745713,-79.570882,63,3.6819
1125786,43.746247,-79.568621,64,3.8723
1125786,43.74632,-79.56828,65,3.9004
1125786,43.746346,-79.568154,66,3.9118
1125786,43.74643,-79.567711,67,3.948
1125786,43.746541,-79.567339,68,3.9807
1125786,43.746634,-79.566901,69,4.0171
1125786,43.74674,-79.566545,70,4.0485
1125786,43.746868,-79.566125,71,4.0843
1125786,43.74689,-79.566033,72,4.0928
1125786,43.746948,-79.565783,73,4.1137
1125786,43.747011,-79.565546,74,4.134
1125786,43.747135,-79.565076,75,4.1745
1125786,43.747232,-79.564714,76,4.2052
1125786,43.74731,-79.564415,77,4.2308
1125786,43.747765,-79.562359,78,4.4035
1125786,43.748557,-79.558784,79,4.7034
1125786,43.748794,-79.557633,80,4.7993
1125786,43.749944,-79.552316,81,5.2447
1125786,43.750648,-79.549075,82,5.5162
1125786,43.750981,-79.547519,83,5.6466
1125786,43.751322,-79.545924,84,5.7801
1125786,43.751369,-79.545698,85,5.7988
1125786,43.751396,-79.545566,86,5.8092
1125786,43.751542,-79.545039,87,5.8551
1125786,43.751648,-79.544564,88,5.8949
1125786,43.751747,-79.544084,89,5.9345
1125786,43.751862,-79.543518,90,5.9823
1125786,43.751947,-79.543043,91,6.0213
1125786,43.752089,-79.54238,92,6.0767
1125786,43.752162,-79.541728,93,6.1293
1125786,43.752357,-79.540601,94,6.2229
1125786,43.752492,-79.539969,95,6.2761
1125786,43.752868,-79.53821,96,6.4229
1125786,43.752977,-79.537696,97,6.4657
1125786,43.753103,-79.537107,98,6.5147
1125786,43.75312,-79.537028,99,6.522
1125786,43.75329,-79.536263,100,6.5859
1125786,43.753413,-79.535571,101,6.6436
1125786,43.753642,-79.534531,102,6.7303
1125786,43.754029,-79.532766,103,6.8786
1125786,43.754436,-79.530904,104,7.0343
1125786,43.754469,-79.530757,105,7.0469
1125786,43.754509,-79.530563,106,7.0625
1125786,43.754541,-79.530419,107,7.0751
1125786,43.754956,-79.528528,108,7.2339
1125786,43.755312,-79.526906,109,7.3699
1125786,43.755928,-79.524287,110,7.5907
1125786,43.756348,-79.522508,111,7.7412
1125786,43.756732,-79.520702,112,7.8922
1125786,43.757005,-79.51955,113,7.9892
1125786,43.757048,-79.519332,114,8.0077
1125786,43.75713,-79.518967,115,8.038
1125786,43.757162,-79.518564,116,8.0703
1125786,43.757209,-79.518078,117,8.1096
1125786,43.757234,-79.517731,118,8.1378
1125786,43.75731,-79.516959,119,8.2003
1125786,43.757338,-79.51679,120,8.2146
1125786,43.757386,-79.516445,121,8.2423
1125786,43.75742,-79.516289,122,8.2556
1125786,43.757441,-79.516161,123,8.266
1125786,43.757469,-79.51601,124,8.2784
1125786,43.757508,-79.515823,125,8.2939
1125786,43.757555,-79.515606,126,8.3126
1125786,43.757612,-79.515363,127,8.3329
1125786,43.758059,-79.513445,128,8.4945
1125786,43.758911,-79.509554,129,8.8206
1125786,43.759067,-79.508874,130,8.8782
1125786,43.759283,-79.50793,131,8.9569
1125786,43.759873,-79.505287,132,9.1799
1125786,43.759963,-79.504882,133,9.2134
1125786,43.760308,-79.503352,134,9.3422
1125786,43.761063,-79.500004,135,9.623
1125786,43.761421,-79.498354,136,9.7619
1125786,43.761701,-79.497067,137,9.8695
1125786,43.761927,-79.496069,138,9.9533
1125786,43.762109,-79.495271,139,10.0204
1125786,43.76218,-79.494918,140,10.0495
1125786,43.762267,-79.494558,141,10.0802
1125786,43.762313,-79.494395,142,10.0941
1125786,43.762335,-79.494297,143,10.1023
1125786,43.762395,-79.494134,144,10.1171
1125786,43.76243,-79.494043,145,10.126
1125786,43.762473,-79.493918,146,10.1372
1125786,43.762516,-79.493826,147,10.1458
1125786,43.7626,-79.493642,148,10.1633
1125786,43.762661,-79.493531,149,10.1747
1125786,43.762691,-79.493452,150,10.1814
1125786,43.762777,-79.493289,151,10.1978
1125786,43.762824,-79.493195,152,10.2073
1125786,43.762944,-79.492964,153,10.2295
1125786,43.763014,-79.492817,154,10.2439
1125786,43.763075,-79.492659,155,10.2586
1125786,43.763158,-79.49246,156,10.277
1125786,43.763216,-79.492263,157,10.2936
1125786,43.76327,-79.492063,158,10.3116
1125786,43.763322,-79.49189,159,10.3255
1125786,43.763224,-79.490716,160,10.4212
1125794,43.763224,-79.490716,1,0
1125794,43.763322,-79.49189,2,0.0956
1125794,43.76327,-79.492063,3,0.1096
1125794,43.763216,-79.492263,4,0.1276
1125794,43.763158,-79.49246,5,0.1441
1125794,43.763075,-79.492659,6,0.1625
1125794,43.763014,-79.492817,7,0.1773
1125794,43.762944,-79.492964,8,0.1917
1125794,43.762824,-79.493195,9,0.2139
1125794,43.762777,-79.493289,10,0.2233
1125794,43.762691,-79.493452,11,0.2397
1125794,43.762661,-79.493531,12,0.2464
1125794,43.7626,-79.493642,13,0.2578
1125794,43.762516,-79.493826,14,0.2753
1125794,43.762473,-79.493918,15,0.2839
1125794,43.76243,-79.494043,16,0.2951
1125794,43.762395,-79.494134,17,0.3041
1125794,43.762335,-79.494297,18,0.3188
1125794,43.762313,-79.494395,19,0.3271
1125794,43.762267,-79.494558,20,0.341
1125794,43.76218,-79.494918,21,0.3717
1125794,43.762109,-79.495271,22,0.4008
1125794,43.761927,-79.496069,23,0.4678
1125794,43.761701,-79.497067,24,0.5517
1125794,43.761421,-79.498354,25,0.6592
1125794,43.761063,-79.500004,26,0.7981
1125794,43.760308,-79.503352,27,1.079
1125794,43.759963,-79.504882,28,1.2077
1125794,43.759873,-79.505287,29,1.2412
1125794,43.759283,-79.50793,30,1.4642
1125794,43.759067,-79.508874,31,1.543
1125794,43.758911,-79.509554,32,1.6005
1125794,43.758059,-79.513445,33,1.9267
1125794,43.757612,-79.515363,34,2.0883
1125794,43.757555,-79.515606,35,2.1085
1125794,43.757508,-79.515823,36,2.1272
1125794,43.757469,-79.51601,37,2.1427
1125794,43.757441,-79.516161,38,2.1551
1125794,43.75742,-79.516289,39,2.1655
1125794,43.757386,-79.516445,40,2.1789
1125794,43.757338,-79.51679,41,2.2065
1125794,43.75731,-79.516959,42,2.2209
1125794,43.757234,-79.517731,43,2.2834
1125794,43.757209,-79.518078,44,2.3115
1125794,43.757162,-79.518564,45,2.3509
1125794,43.75713,-79.518967,46,2.3831
1125794,43.757048,-79.519332,47,2.4135
1125794,43.757005,-79.51955,48,2.4319
1125794,43.756732,-79.520702,49,2.529
1125794,43.756348,-79.522508,50,2.68
1125794,43.755928,-79.524287,51,2.8305
1125794,43.755312,-79.526906,52,3.0512
1125794,43.754956,-79.528528,53,3.1872
1125794,43.754541,-79.530419,54,3.346
1125794,43.754509,-79.530563,55,3.3587
1125794,43.754469,-79.530757,56,3.3742
1125794,43.754436,-79.530904,57,3.3869
1125794,43.754029,-79.532766,58,3.5425
1125794,43.753642,-79.534531,59,3.6909
1125794,43.753413,-79.535571,60,3.7776
1125794,43.75329,-79.536263,61,3.8353
1125794,43.75312,-79.537028,62,3.8992
1125794,43.753103,-79.537107,63,3.9065
1125794,43.752977,-79.537696,64,3.9555
1125794,43.752868,-79.53821,65,3.9982
1125794,43.752492,-79.539969,66,4.1451
1125794,43.752357,-79.540601,67,4.1982
1125794,43.752162,-79.541728,68,4.2918
1125794,43.752089,-79.54238,69,4.3444
1125794,43.751947,-79.543043,70,4.3998
1125794,43.751862,-79.543518,71,4.4389
1125794,43.751747,-79.544084,72,4.4867
1125794,43.751648,-79.544564,73,4.5262
1125794,43.751542,-79.545039,74,4.5661
1125794,43.751396,-79.545566,75,4.612
1125794,43.751369,-79.545698,76,4.6224
1125794,43.751322,-79.545924,77,4.6411
1125794,43.750981,-79.547519,78,4.7746
1125794,43.750648,-79.549075,79,4.905
1125794,43.749944,-79.552316,80,5.1764
1125794,43.748794,-79.557633,81,5.6219
1125794,43.748557,-79.558784,82,5.7178
1125794,43.747765,-79.562359,83,6.0177
1125794,43.74731,-79.564415,84,6.1904
1125794,43.747232,-79.564714,85,6.216
1125794,43.747135,-79.565076,86,6.2467
1125794,43.747011,-79.565546,87,6.2872
1125794,43.746948,-79.565783,88,6.3074
1125794,43.74689,-79.566033,89,6.3283
1125794,43.746868,-79.566125,90,6.3368
1125794,43.74674,-79.566545,91,6.3727
1125794,43.746634,-79.566901,92,6.4041
1125794,43.746541,-79.567339,93,6.4405
1125794,43.74643,-79.567711,94,6.4732
1125794,43.746346,-79.568154,95,6.5093
1125794,43.74632,-79.56828,96,6.5207
1125794,43.746247,-79.568621,97,6.5489
1125794,43.745713,-79.570882,98,6.7392
1125794,43.745071,-79.573466,99,6.959
1125794,43.743885,-79.578401,100,7.3765
1125794,43.743657,-79.579451,101,7.4641
1125794,43.743627,-79.57959,102,7.4755
1125794,43.743284,-79.581945,103,7.6683
1125794,43.743263,-79.582116,104,7.6824
1125794,43.743228,-79.582366,105,7.7028
1125794,43.743209,-79.582613,106,7.7229
1125794,43.743199,-79.582861,107,7.7429
1125794,43.7432,-79.583109,108,7.7629
1125794,43.743211,-79.583357,109,7.783
1125794,43.743232,-79.583604,110,7.8031
1125794,43.743264,-79.583848,111,7.8225
1125794,43.743285,-79.58398,112,7.8337
1125794,43.743395,-79.584608,113,7.8853
1125794,43.743426,-79.58482,114,7.9026
1125794,43.743449,-79.585062,115,7.9218
1125794,43.743457,-79.58531,116,7.9418
1125794,43.743451,-79.585558,117,7.9619
1125794,43.743431,-79.585805,118,7.982
1125794,43.743396,-79.586049,119,8.0024
1125794,43.743355,-79.586257,120,8.0189
1125794,43.743123,-79.587279,121,8.1049
1125794,43.743073,-79.58747,122,8.122
1125794,43.742996,-79.587694,123,8.1417
1125794,43.742902,-79.587906,124,8.1619
1125794,43.742793,-79.588103,125,8.1819
1125794,43.742669,-79.588283,126,8.2017
1125794,43.742532,-79.588443,127,8.2216
1125794,43.742383,-79.588583,128,8.2418
1125794,43.742224,-79.588701,129,8.2615
1125794,43.742032,-79.588806,130,8.2849
1125794,43.741093,-79.589232,131,8.3947
1125794,43.74025,-79.589616,132,8.4937
1125794,43.74012,-79.589664,133,8.509
1125794,43.740001,-79.589703,134,8.5226
1125794,43.739854,-79.58973,135,8.5387
1125794,43.739222,-79.589847,136,8.6102
1125794,43.739086,-79.589867,137,8.6254
1125794,43.738808,-79.589906,138,8.6565
1125794,43.738073,-79.58999,139,8.7388
1125794,43.737738,-79.590028,140,8.7759
1125794,43.737611,-79.590054,141,8.7911
1125794,43.73752,-79.590088,142,8.8015
1125794,43.737449,-79.590123,143,8.8101
1125794,43.73732,-79.590237,144,8.8267
1125794,43.73722,-79.590382,145,8.843
1125794,43.737121,-79.590522,146,8.8585
1125794,43.737045,-79.590724,147,8.8769
1125794,43.736974,-79.590942,148,8.8966
1125794,43.736939,-79.591075,149,8.907
1125794,43.736772,-79.591703,150,8.9615
1125794,43.736017,-79.594956,151,9.2356
1125794,43.735271,-79.598185,152,9.5073
1125794,43.735118,-79.598859,153,9.5639
1125794,43.73505,-79.599163,154,9.5902
1125794,43.734632,-79.601001,155,9.7442
1125794,43.734169,-79.603087,156,9.9198
1125794,43.734134,-79.6032,157,9.9296
1125794,43.733491,-79.602935,158,10.0046
1125794,43.730472,-79.601602,159,10.3579
1125794,43.729937,-79.601361,160,10.4212
