shape_id,shape_pt_sequence,shape_pt_lat,shape_pt_lon
1..N03R,0,40.702068,-74.013664
1..N03R,1,40.703199,-74.014792
1..N03R,2,40.703226,-74.014820
1..N03R,3,40.703253,-74.014846
1..N03R,4,40.703280,-74.014870
1..N03R,5,40.703307,-74.014893
1..N03R,6,40.703335,-74.014914
1..N03R,7,40.703363,-74.014933
1..N03R,8,40.703391,-74.014952
1..N03R,9,40.703419,-74.014968
1..N03R,10,40.703448,-74.014983
1..N03R,11,40.703477,-74.014997
1..N03R,12,40.703506,-74.015009
1..N03R,13,40.703536,-74.015019
1..N03R,14,40.703566,-74.015028
1..N03R,15,40.703596,-74.015035
1..N03R,16,40.703625,-74.015041
1..N03R,17,40.704168,-74.015122
1..N03R,18,40.704194,-74.015125
1..N03R,19,40.704221,-74.015126
1..N03R,20,40.704247,-74.015127
1..N03R,21,40.704274,-74.015127
1..N03R,22,40.704300,-74.015125
1..N03R,23,40.704327,-74.015123
1..N03R,24,40.704354,-74.015119
1..N03R,25,40.704380,-74.015115
1..N03R,26,40.704407,-74.015109
1..N03R,27,40.704434,-74.015102
1..N03R,28,40.704461,-74.015094
1..N03R,29,40.704487,-74.015086
1..N03R,30,40.704514,-74.015076
1..N03R,31,40.704541,-74.015065
1..N03R,32,40.704568,-74.015052
1..N03R,33,40.705092,-74.014830
1..N03R,34,40.707513,-74.013783
1..N03R,35,40.708242,-74.013471
1..N03R,36,40.710132,-74.012648
1..N03R,37,40.710500,-74.012529
1..N03R,38,40.711112,-74.012375
1..N03R,39,40.711565,-74.012259
1..N03R,40,40.711835,-74.012188
1..N03R,41,40.712105,-74.012108
1..N03R,42,40.712154,-74.012094
1..N03R,43,40.712203,-74.012076
1..N03R,44,40.712252,-74.012057
1..N03R,45,40.712300,-74.012035
1..N03R,46,40.712348,-74.012012
1..N03R,47,40.712394,-74.011986
1..N03R,48,40.712440,-74.011959
1..N03R,49,40.712486,-74.011929
1..N03R,50,40.712530,-74.011897
1..N03R,51,40.712574,-74.011864
1..N03R,52,40.712618,-74.011828
1..N03R,53,40.712660,-74.011791
1..N03R,54,40.712702,-74.011751
1..N03R,55,40.712743,-74.011710
1..N03R,56,40.712783,-74.011667
1..N03R,57,40.713212,-74.011138
1..N03R,58,40.713229,-74.011116
1..N03R,59,40.713246,-74.011094
1..N03R,60,40.713263,-74.011073
1..N03R,61,40.713280,-74.011052
1..N03R,62,40.713298,-74.011032
1..N03R,63,40.713315,-74.011011
1..N03R,64,40.713333,-74.010992
1..N03R,65,40.713351,-74.010972
1..N03R,66,40.713369,-74.010953
1..N03R,67,40.713388,-74.010935
1..N03R,68,40.713406,-74.010917
1..N03R,69,40.713425,-74.010899
1..N03R,70,40.713444,-74.010882
1..N03R,71,40.713463,-74.010865
1..N03R,72,40.713482,-74.010848
1..N03R,73,40.713841,-74.010573
1..N03R,74,40.713961,-74.010473
1..N03R,75,40.714303,-74.010188
1..N03R,76,40.715437,-74.009299
1..N03R,77,40.715478,-74.009266
1..N03R,78,40.718032,-74.007249
1..N03R,79,40.718063,-74.007227
1..N03R,80,40.718095,-74.007206
1..N03R,81,40.718127,-74.007186
1..N03R,82,40.718160,-74.007167
1..N03R,83,40.718193,-74.007150
1..N03R,84,40.718228,-74.007133
1..N03R,85,40.718262,-74.007117
1..N03R,86,40.718298,-74.007103
1..N03R,87,40.718334,-74.007089
1..N03R,88,40.718370,-74.007077
1..N03R,89,40.718408,-74.007066
1..N03R,90,40.718446,-74.007055
1..N03R,91,40.718484,-74.007046
1..N03R,92,40.718523,-74.007038
1..N03R,93,40.718563,-74.007031
1..N03R,94,40.719318,-74.006886
1..N03R,95,40.722854,-74.006277
1..N03R,96,40.728251,-74.005367
1..N03R,97,40.728935,-74.005260
1..N03R,98,40.729169,-74.005221
1..N03R,99,40.729283,-74.005197
1..N03R,100,40.729414,-74.005160
1..N03R,101,40.729532,-74.005112
1..N03R,102,40.729642,-74.005062
1..N03R,103,40.729881,-74.004935
1..N03R,104,40.730321,-74.004682
1..N03R,105,40.733422,-74.002906
1..N03R,106,40.735973,-74.001452
1..N03R,107,40.736162,-74.001345
1..N03R,108,40.736358,-74.001229
1..N03R,109,40.736585,-74.001089
1..N03R,110,40.736761,-74.000973
1..N03R,111,40.737826,-74.000201
1..N03R,112,40.741040,-73.997871
1..N03R,113,40.744081,-73.995657
1..N03R,114,40.747215,-73.993365
1..N03R,115,40.750373,-73.991057
1..N03R,116,40.755290,-73.987495
1..N03R,117,40.757342,-73.986009
1..N03R,118,40.757638,-73.985786
1..N03R,119,40.757758,-73.985709
1..N03R,120,40.757880,-73.985638
1..N03R,121,40.758014,-73.985569
1..N03R,122,40.758156,-73.985512
1..N03R,123,40.758375,-73.985421
1..N03R,124,40.758631,-73.985330
1..N03R,125,40.759405,-73.985063
1..N03R,126,40.759714,-73.984959
1..N03R,127,40.760017,-73.984841
1..N03R,128,40.760283,-73.984725
1..N03R,129,40.760592,-73.984577
1..N03R,130,40.760821,-73.984444
1..N03R,131,40.761040,-73.984294
1..N03R,132,40.761728,-73.983849
1..N03R,133,40.762486,-73.983358
1..N03R,134,40.762980,-73.983038
1..N03R,135,40.763412,-73.982793
1..N03R,136,40.763714,-73.982626
1..N03R,137,40.764029,-73.982464
1..N03R,138,40.764386,-73.982320
1..N03R,139,40.764821,-73.982156
1..N03R,140,40.765125,-73.982063
1..N03R,141,40.765461,-73.981977
1..N03R,142,40.765808,-73.981910
1..N03R,143,40.766808,-73.981755
1..N03R,144,40.767172,-73.981702
1..N03R,145,40.767324,-73.981689
1..N03R,146,40.767440,-73.981694
1..N03R,147,40.767561,-73.981697
1..N03R,148,40.767681,-73.981718
1..N03R,149,40.767778,-73.981745
1..N03R,150,40.767895,-73.981781
1..N03R,151,40.768247,-73.981929
1..N03R,152,40.768454,-73.982012
1..N03R,153,40.768582,-73.982053
1..N03R,154,40.768695,-73.982078
1..N03R,155,40.768794,-73.982088
1..N03R,156,40.769222,-73.982098
1..N03R,157,40.773440,-73.982209
1..N03R,158,40.774166,-73.982212
1..N03R,159,40.777496,-73.982091
1..N03R,160,40.777869,-73.982058
1..N03R,161,40.778211,-73.982008
1..N03R,162,40.778453,-73.981970
1..N03R,163,40.778822,-73.981906
1..N03R,164,40.779426,-73.981757
1..N03R,165,40.780996,-73.981314
1..N03R,166,40.782155,-73.980924
1..N03R,167,40.782374,-73.980847
1..N03R,168,40.782622,-73.980748
1..N03R,169,40.782794,-73.980664
1..N03R,170,40.782970,-73.980572
1..N03R,171,40.783149,-73.980473
1..N03R,172,40.783313,-73.980371
1..N03R,173,40.783934,-73.979917
1..N03R,174,40.786953,-73.977656
1..N03R,175,40.787601,-73.977107
1..N03R,176,40.788644,-73.976218
1..N03R,177,40.788957,-73.975942
1..N03R,178,40.793919,-73.972323
1..N03R,179,40.794005,-73.972265
1..N03R,180,40.798506,-73.968980
1..N03R,181,40.798570,-73.968931
1..N03R,182,40.798635,-73.968882
1..N03R,183,40.798699,-73.968835
1..N03R,184,40.798763,-73.968789
1..N03R,185,40.798827,-73.968745
1..N03R,186,40.798890,-73.968702
1..N03R,187,40.798954,-73.968660
1..N03R,188,40.799016,-73.968620
1..N03R,189,40.799079,-73.968582
1..N03R,190,40.799141,-73.968544
1..N03R,191,40.799203,-73.968509
1..N03R,192,40.799264,-73.968474
1..N03R,193,40.799326,-73.968441
1..N03R,194,40.799386,-73.968410
1..N03R,195,40.799446,-73.968379
1..N03R,196,40.799772,-73.968210
1..N03R,197,40.800124,-73.968082
1..N03R,198,40.800510,-73.967980
1..N03R,199,40.800870,-73.967929
1..N03R,200,40.801984,-73.967832
1..N03R,201,40.802298,-73.967789
1..N03R,202,40.802605,-73.967719
1..N03R,203,40.802781,-73.967649
1..N03R,204,40.802929,-73.967582
1..N03R,205,40.803121,-73.967465
1..N03R,206,40.803324,-73.967313
1..N03R,207,40.803967,-73.966847
1..N03R,208,40.807722,-73.964110
1..N03R,209,40.815581,-73.958372
1..N03R,210,40.822008,-73.953676
1..N03R,211,40.826551,-73.950360
1..N03R,212,40.834041,-73.944890
1..N03R,213,40.840556,-73.940133
1..N03R,214,40.849505,-73.933596
1..N03R,215,40.855225,-73.929412
1..N03R,216,40.860531,-73.925536
1..N03R,217,40.861000,-73.925190
1..N03R,218,40.861102,-73.925109
1..N03R,219,40.861204,-73.925016
1..N03R,220,40.861303,-73.924914
1..N03R,221,40.861396,-73.924807
1..N03R,222,40.861516,-73.924645
1..N03R,223,40.861621,-73.924492
1..N03R,224,40.861712,-73.924333
1..N03R,225,40.861805,-73.924151
1..N03R,226,40.861888,-73.923966
1..N03R,227,40.863121,-73.920631
1..N03R,228,40.863239,-73.920305
1..N03R,229,40.863349,-73.920049
1..N03R,230,40.863451,-73.919867
1..N03R,231,40.863561,-73.919696
1..N03R,232,40.863669,-73.919565
1..N03R,233,40.863782,-73.919442
1..N03R,234,40.863950,-73.919309
1..N03R,235,40.864621,-73.918822
1..N03R,236,40.869444,-73.915279
1..N03R,237,40.870276,-73.914666
1..N03R,238,40.870986,-73.914141
1..N03R,239,40.871376,-73.913803
1..N03R,240,40.871758,-73.913415
1..N03R,241,40.872111,-73.913000
1..N03R,242,40.872766,-73.912201
1..N03R,243,40.874278,-73.910249
1..N03R,244,40.874561,-73.909831
1..N03R,245,40.874686,-73.909650
1..N03R,246,40.875276,-73.908878
1..N03R,247,40.875770,-73.908261
1..N03R,248,40.876002,-73.907950
1..N03R,249,40.876213,-73.907623
1..N03R,250,40.876388,-73.907296
1..N03R,251,40.876597,-73.906883
1..N03R,252,40.876765,-73.906585
1..N03R,253,40.876957,-73.906305
1..N03R,254,40.877176,-73.906061
1..N03R,255,40.877584,-73.905744
1..N03R,256,40.878856,-73.904834
1..N03R,257,40.882525,-73.902223
1..N03R,258,40.882988,-73.901899
1..N03R,259,40.883467,-73.901602
1..N03R,260,40.884461,-73.900991
1..N03R,261,40.884667,-73.900870
1..N03R,262,40.884928,-73.900730
1..N03R,263,40.886309,-73.900041
1..N03R,264,40.887195,-73.899616
1..N03R,265,40.889248,-73.898583
2..N01R,0,40.632836,-73.947642
2..N01R,1,40.639967,-73.948411
2..N01R,2,40.645098,-73.948959
2..N01R,3,40.650843,-73.949575
2..N01R,4,40.656652,-73.950200
2..N01R,5,40.662742,-73.950850
2..N01R,6,40.663927,-73.950967
2..N01R,7,40.663989,-73.950974
2..N01R,8,40.664053,-73.950980
2..N01R,9,40.664120,-73.950985
2..N01R,10,40.664189,-73.950989
2..N01R,11,40.664260,-73.950991
2..N01R,12,40.664333,-73.950992
2..N01R,13,40.664409,-73.950992
2..N01R,14,40.664487,-73.950990
2..N01R,15,40.664568,-73.950987
2..N01R,16,40.664650,-73.950983
2..N01R,17,40.664735,-73.950978
2..N01R,18,40.664823,-73.950971
2..N01R,19,40.664912,-73.950963
2..N01R,20,40.665004,-73.950954
2..N01R,21,40.665098,-73.950942
2..N01R,22,40.667883,-73.950683
2..N01R,23,40.668466,-73.950632
2..N01R,24,40.669120,-73.950569
2..N01R,25,40.669213,-73.950559
2..N01R,26,40.669300,-73.950557
2..N01R,27,40.669381,-73.950570
2..N01R,28,40.669457,-73.950596
2..N01R,29,40.669528,-73.950634
2..N01R,30,40.669592,-73.950684
2..N01R,31,40.669652,-73.950748
2..N01R,32,40.669705,-73.950823
2..N01R,33,40.669753,-73.950912
2..N01R,34,40.669795,-73.951013
2..N01R,35,40.669832,-73.951126
2..N01R,36,40.669863,-73.951252
2..N01R,37,40.669889,-73.951391
2..N01R,38,40.669909,-73.951542
2..N01R,39,40.669922,-73.951706
2..N01R,40,40.670083,-73.954713
2..N01R,41,40.670096,-73.954983
2..N01R,42,40.670118,-73.955258
2..N01R,43,40.670157,-73.955542
2..N01R,44,40.670208,-73.955823
2..N01R,45,40.670682,-73.958131
2..N01R,46,40.671987,-73.964375
2..N01R,47,40.672915,-73.968465
2..N01R,48,40.672955,-73.968631
2..N01R,49,40.672999,-73.968779
2..N01R,50,40.673056,-73.968947
2..N01R,51,40.673121,-73.969088
2..N01R,52,40.673208,-73.969259
2..N01R,53,40.673299,-73.969397
2..N01R,54,40.673414,-73.969546
2..N01R,55,40.673552,-73.969694
2..N01R,56,40.673679,-73.969806
2..N01R,57,40.675235,-73.971046
2..N01R,58,40.680829,-73.975098
2..N01R,59,40.684359,-73.977666
2..N01R,60,40.685781,-73.978708
2..N01R,61,40.688246,-73.980492
2..N01R,62,40.688475,-73.980654
2..N01R,63,40.688533,-73.980697
2..N01R,64,40.688593,-73.980740
2..N01R,65,40.688649,-73.980785
2..N01R,66,40.688705,-73.980833
2..N01R,67,40.688757,-73.980884
2..N01R,68,40.688808,-73.980941
2..N01R,69,40.688856,-73.981001
2..N01R,70,40.688902,-73.981065
2..N01R,71,40.688945,-73.981133
2..N01R,72,40.688987,-73.981205
2..N01R,73,40.689027,-73.981280
2..N01R,74,40.689062,-73.981360
2..N01R,75,40.689096,-73.981444
2..N01R,76,40.689130,-73.981529
2..N01R,77,40.689164,-73.981616
2..N01R,78,40.690545,-73.985065
2..N01R,79,40.692195,-73.989185
2..N01R,80,40.692221,-73.989233
2..N01R,81,40.692246,-73.989278
2..N01R,82,40.692273,-73.989323
2..N01R,83,40.692301,-73.989366
2..N01R,84,40.692331,-73.989407
2..N01R,85,40.692361,-73.989447
2..N01R,86,40.692393,-73.989485
2..N01R,87,40.692427,-73.989522
2..N01R,88,40.692462,-73.989557
2..N01R,89,40.692498,-73.989591
2..N01R,90,40.692535,-73.989623
2..N01R,91,40.692574,-73.989653
2..N01R,92,40.692615,-73.989682
2..N01R,93,40.692656,-73.989709
2..N01R,94,40.692699,-73.989735
2..N01R,95,40.693219,-73.989998
2..N01R,96,40.693905,-73.990338
2..N01R,97,40.693941,-73.990356
2..N01R,98,40.693977,-73.990373
2..N01R,99,40.694013,-73.990390
2..N01R,100,40.694050,-73.990407
2..N01R,101,40.694087,-73.990423
2..N01R,102,40.694124,-73.990439
2..N01R,103,40.694162,-73.990454
2..N01R,104,40.694200,-73.990470
2..N01R,105,40.694238,-73.990484
2..N01R,106,40.694277,-73.990499
2..N01R,107,40.694316,-73.990513
2..N01R,108,40.694355,-73.990526
2..N01R,109,40.694394,-73.990540
2..N01R,110,40.694434,-73.990552
2..N01R,111,40.694474,-73.990565
2..N01R,112,40.696370,-73.991156
2..N01R,113,40.696442,-73.991177
2..N01R,114,40.696513,-73.991200
2..N01R,115,40.696579,-73.991225
2..N01R,116,40.696643,-73.991255
2..N01R,117,40.696705,-73.991288
2..N01R,118,40.696763,-73.991329
2..N01R,119,40.696818,-73.991374
2..N01R,120,40.696870,-73.991423
2..N01R,121,40.696918,-73.991477
2..N01R,122,40.696964,-73.991536
2..N01R,123,40.697007,-73.991599
2..N01R,124,40.697046,-73.991667
2..N01R,125,40.697083,-73.991740
2..N01R,126,40.697116,-73.991816
2..N01R,127,40.697148,-73.991897
2..N01R,128,40.697180,-73.992018
2..N01R,129,40.697466,-73.993086
2..N01R,130,40.700174,-74.002910
2..N01R,131,40.700423,-74.003652
2..N01R,132,40.700635,-74.004260
2..N01R,133,40.700828,-74.004710
2..N01R,134,40.701068,-74.005185
2..N01R,135,40.701345,-74.005659
2..N01R,136,40.701603,-74.006073
2..N01R,137,40.701924,-74.006508
2..N01R,138,40.702464,-74.007127
2..N01R,139,40.704571,-74.009504
2..N01R,140,40.704770,-74.009737
2..N01R,141,40.704970,-74.009892
2..N01R,142,40.705083,-74.009957
2..N01R,143,40.705177,-74.009987
2..N01R,144,40.705281,-74.009996
2..N01R,145,40.705380,-74.009981
2..N01R,146,40.705567,-74.009938
2..N01R,147,40.705735,-74.009889
2..N01R,148,40.705922,-74.009801
2..N01R,149,40.706141,-74.009670
2..N01R,150,40.706375,-74.009488
2..N01R,151,40.706821,-74.009100
2..N01R,152,40.707382,-74.008592
2..N01R,153,40.707811,-74.008172
2..N01R,154,40.709416,-74.006571
2..N01R,155,40.710148,-74.005869
2..N01R,156,40.710195,-74.005836
2..N01R,157,40.710254,-74.005803
2..N01R,158,40.710315,-74.005777
2..N01R,159,40.710376,-74.005763
2..N01R,160,40.710437,-74.005761
2..N01R,161,40.710496,-74.005772
2..N01R,162,40.710559,-74.005805
2..N01R,163,40.710620,-74.005848
2..N01R,164,40.710726,-74.005949
2..N01R,165,40.711582,-74.006854
2..N01R,166,40.711685,-74.006954
2..N01R,167,40.711788,-74.007035
2..N01R,168,40.712145,-74.007289
2..N01R,169,40.712239,-74.007371
2..N01R,170,40.712337,-74.007453
2..N01R,171,40.712431,-74.007548
2..N01R,172,40.712519,-74.007667
2..N01R,173,40.712596,-74.007813
2..N01R,174,40.712663,-74.007962
2..N01R,175,40.713051,-74.008811
2..N01R,176,40.713598,-74.010029
2..N01R,177,40.713629,-74.010099
2..N01R,178,40.713662,-74.010160
2..N01R,179,40.713699,-74.010213
2..N01R,180,40.713737,-74.010258
2..N01R,181,40.713777,-74.010294
2..N01R,182,40.713820,-74.010321
2..N01R,183,40.713865,-74.010341
2..N01R,184,40.713912,-74.010351
2..N01R,185,40.713961,-74.010353
2..N01R,186,40.714013,-74.010347
2..N01R,187,40.714066,-74.010333
2..N01R,188,40.714122,-74.010309
2..N01R,189,40.714180,-74.010278
2..N01R,190,40.714241,-74.010238
2..N01R,191,40.714303,-74.010188
2..N01R,192,40.715437,-74.009299
2..N01R,193,40.715478,-74.009266
2..N01R,194,40.718032,-74.007249
2..N01R,195,40.718063,-74.007227
2..N01R,196,40.718095,-74.007206
2..N01R,197,40.718127,-74.007186
2..N01R,198,40.718160,-74.007167
2..N01R,199,40.718193,-74.007150
2..N01R,200,40.718228,-74.007133
2..N01R,201,40.718262,-74.007117
2..N01R,202,40.718298,-74.007103
2..N01R,203,40.718334,-74.007089
2..N01R,204,40.718370,-74.007077
2..N01R,205,40.718408,-74.007066
2..N01R,206,40.718446,-74.007055
2..N01R,207,40.718484,-74.007046
2..N01R,208,40.718523,-74.007038
2..N01R,209,40.718563,-74.007031
2..N01R,210,40.719318,-74.006886
2..N01R,211,40.722854,-74.006277
2..N01R,212,40.728251,-74.005367
2..N01R,213,40.728935,-74.005260
2..N01R,214,40.729169,-74.005221
2..N01R,215,40.729283,-74.005197
2..N01R,216,40.729414,-74.005160
2..N01R,217,40.729532,-74.005112
2..N01R,218,40.729642,-74.005062
2..N01R,219,40.729881,-74.004935
2..N01R,220,40.730321,-74.004682
2..N01R,221,40.733422,-74.002906
2..N01R,222,40.735973,-74.001452
2..N01R,223,40.736162,-74.001345
2..N01R,224,40.736358,-74.001229
2..N01R,225,40.736585,-74.001089
2..N01R,226,40.736761,-74.000973
2..N01R,227,40.737826,-74.000201
2..N01R,228,40.741040,-73.997871
2..N01R,229,40.744081,-73.995657
2..N01R,230,40.747215,-73.993365
2..N01R,231,40.750373,-73.991057
2..N01R,232,40.755290,-73.987495
2..N01R,233,40.757342,-73.986009
2..N01R,234,40.757638,-73.985786
2..N01R,235,40.757758,-73.985709
2..N01R,236,40.757880,-73.985638
2..N01R,237,40.758014,-73.985569
2..N01R,238,40.758156,-73.985512
2..N01R,239,40.758375,-73.985421
2..N01R,240,40.758631,-73.985330
2..N01R,241,40.759405,-73.985063
2..N01R,242,40.759714,-73.984959
2..N01R,243,40.760017,-73.984841
2..N01R,244,40.760283,-73.984725
2..N01R,245,40.760592,-73.984577
2..N01R,246,40.760821,-73.984444
2..N01R,247,40.761040,-73.984294
2..N01R,248,40.761728,-73.983849
2..N01R,249,40.762486,-73.983358
2..N01R,250,40.762980,-73.983038
2..N01R,251,40.763412,-73.982793
2..N01R,252,40.763714,-73.982626
2..N01R,253,40.764029,-73.982464
2..N01R,254,40.764386,-73.982320
2..N01R,255,40.764821,-73.982156
2..N01R,256,40.765125,-73.982063
2..N01R,257,40.765461,-73.981977
2..N01R,258,40.765808,-73.981910
2..N01R,259,40.766808,-73.981755
2..N01R,260,40.767172,-73.981702
2..N01R,261,40.767324,-73.981689
2..N01R,262,40.767440,-73.981694
2..N01R,263,40.767561,-73.981697
2..N01R,264,40.767681,-73.981718
2..N01R,265,40.767778,-73.981745
2..N01R,266,40.767895,-73.981781
2..N01R,267,40.768247,-73.981929
2..N01R,268,40.768454,-73.982012
2..N01R,269,40.768582,-73.982053
2..N01R,270,40.768695,-73.982078
2..N01R,271,40.768794,-73.982088
2..N01R,272,40.769222,-73.982098
2..N01R,273,40.773440,-73.982209
2..N01R,274,40.774166,-73.982212
2..N01R,275,40.777496,-73.982091
2..N01R,276,40.777869,-73.982058
2..N01R,277,40.778211,-73.982008
2..N01R,278,40.778453,-73.981970
2..N01R,279,40.778822,-73.981906
2..N01R,280,40.779426,-73.981757
2..N01R,281,40.780996,-73.981314
2..N01R,282,40.782155,-73.980924
2..N01R,283,40.782374,-73.980847
2..N01R,284,40.782622,-73.980748
2..N01R,285,40.782794,-73.980664
2..N01R,286,40.782970,-73.980572
2..N01R,287,40.783149,-73.980473
2..N01R,288,40.783313,-73.980371
2..N01R,289,40.783934,-73.979917
2..N01R,290,40.786953,-73.977656
2..N01R,291,40.787601,-73.977107
2..N01R,292,40.788644,-73.976218
2..N01R,293,40.788957,-73.975942
2..N01R,294,40.793919,-73.972323
2..N01R,295,40.794005,-73.972265
2..N01R,296,40.798506,-73.968980
2..N01R,297,40.798651,-73.968852
2..N01R,298,40.798781,-73.968720
2..N01R,299,40.798896,-73.968582
2..N01R,300,40.798996,-73.968441
2..N01R,301,40.799080,-73.968295
2..N01R,302,40.799150,-73.968144
2..N01R,303,40.799204,-73.967988
2..N01R,304,40.799244,-73.967828
2..N01R,305,40.799268,-73.967664
2..N01R,306,40.799278,-73.967495
2..N01R,307,40.799272,-73.967321
2..N01R,308,40.799251,-73.967143
2..N01R,309,40.799215,-73.966960
2..N01R,310,40.799164,-73.966773
2..N01R,311,40.799099,-73.966582
2..N01R,312,40.797184,-73.962047
2..N01R,313,40.797093,-73.961824
2..N01R,314,40.797002,-73.961593
2..N01R,315,40.796934,-73.961388
2..N01R,316,40.796890,-73.961185
2..N01R,317,40.796872,-73.960984
2..N01R,318,40.796883,-73.960795
2..N01R,319,40.796904,-73.960573
2..N01R,320,40.797535,-73.956739
2..N01R,321,40.798111,-73.953676
2..N01R,322,40.798177,-73.953310
2..N01R,323,40.798251,-73.953008
2..N01R,324,40.798356,-73.952702
2..N01R,325,40.798469,-73.952470
2..N01R,326,40.798560,-73.952322
2..N01R,327,40.798665,-73.952174
2..N01R,328,40.798841,-73.952007
2..N01R,329,40.799075,-73.951822
2..N01R,330,40.802098,-73.949625
2..N01R,331,40.807754,-73.945495
2..N01R,332,40.814229,-73.940770
2..N01R,333,40.818371,-73.937754
2..N01R,334,40.818493,-73.937620
2..N01R,335,40.818607,-73.937480
2..N01R,336,40.818712,-73.937336
2..N01R,337,40.818808,-73.937187
2..N01R,338,40.818896,-73.937034
2..N01R,339,40.818975,-73.936877
2..N01R,340,40.819046,-73.936715
2..N01R,341,40.819108,-73.936548
2..N01R,342,40.819161,-73.936378
2..N01R,343,40.819206,-73.936202
2..N01R,344,40.819242,-73.936023
2..N01R,345,40.819270,-73.935839
2..N01R,346,40.819289,-73.935651
2..N01R,347,40.819299,-73.935458
2..N01R,348,40.819299,-73.935260
2..N01R,349,40.819335,-73.931501
2..N01R,350,40.819330,-73.931334
2..N01R,351,40.819322,-73.931165
2..N01R,352,40.819311,-73.930996
2..N01R,353,40.819298,-73.930827
2..N01R,354,40.819283,-73.930657
2..N01R,355,40.819264,-73.930486
2..N01R,356,40.819243,-73.930316
2..N01R,357,40.819220,-73.930144
2..N01R,358,40.819194,-73.929973
2..N01R,359,40.819165,-73.929801
2..N01R,360,40.819134,-73.929628
2..N01R,361,40.819100,-73.929455
2..N01R,362,40.819064,-73.929282
2..N01R,363,40.819025,-73.929108
2..N01R,364,40.818984,-73.928935
2..N01R,365,40.818685,-73.927782
2..N01R,366,40.818410,-73.926718
2..N01R,367,40.816109,-73.917757
2..N01R,368,40.815782,-73.916675
2..N01R,369,40.815732,-73.916492
2..N01R,370,40.815702,-73.916277
2..N01R,371,40.815684,-73.915934
2..N01R,372,40.815699,-73.915680
2..N01R,373,40.815740,-73.915469
2..N01R,374,40.815820,-73.915203
2..N01R,375,40.815913,-73.914951
2..N01R,376,40.815961,-73.914835
2..N01R,377,40.816005,-73.914728
2..N01R,378,40.816109,-73.914448
2..N01R,379,40.816171,-73.914233
2..N01R,380,40.816201,-73.914030
2..N01R,381,40.816213,-73.913796
2..N01R,382,40.816201,-73.913574
2..N01R,383,40.816180,-73.913328
2..N01R,384,40.816113,-73.912669
2..N01R,385,40.816033,-73.911842
2..N01R,386,40.815974,-73.911136
2..N01R,387,40.815949,-73.910726
2..N01R,388,40.815931,-73.910364
2..N01R,389,40.815931,-73.910082
2..N01R,390,40.815926,-73.909808
2..N01R,391,40.815936,-73.909395
2..N01R,392,40.815963,-73.909111
2..N01R,393,40.816003,-73.908903
2..N01R,394,40.816055,-73.908682
2..N01R,395,40.816174,-73.908375
2..N01R,396,40.816490,-73.907807
2..N01R,397,40.817578,-73.905946
2..N01R,398,40.817813,-73.905518
2..N01R,399,40.818004,-73.905114
2..N01R,400,40.818400,-73.904210
2..N01R,401,40.818818,-73.903268
2..N01R,402,40.819113,-73.902687
2..N01R,403,40.819585,-73.901770
2..N01R,404,40.822181,-73.896736
2..N01R,405,40.824073,-73.893064
2..N01R,406,40.824223,-73.892771
2..N01R,407,40.824431,-73.892368
2..N01R,408,40.824494,-73.892265
2..N01R,409,40.824554,-73.892182
2..N01R,410,40.824649,-73.892091
2..N01R,411,40.824739,-73.892021
2..N01R,412,40.824818,-73.891978
2..N01R,413,40.824901,-73.891946
2..N01R,414,40.824983,-73.891929
2..N01R,415,40.825069,-73.891922
2..N01R,416,40.825522,-73.891924
2..N01R,417,40.829842,-73.891875
2..N01R,418,40.829993,-73.891865
2..N01R,419,40.830113,-73.891849
2..N01R,420,40.830227,-73.891830
2..N01R,421,40.830395,-73.891793
2..N01R,422,40.830667,-73.891704
2..N01R,423,40.830888,-73.891611
2..N01R,424,40.831153,-73.891469
2..N01R,425,40.831358,-73.891340
2..N01R,426,40.836619,-73.888195
2..N01R,427,40.836830,-73.888068
2..N01R,428,40.837034,-73.887939
2..N01R,429,40.837218,-73.887800
2..N01R,430,40.837288,-73.887734
2..N01R,431,40.837371,-73.887650
2..N01R,432,40.837463,-73.887544
2..N01R,433,40.837713,-73.887183
2..N01R,434,40.838935,-73.885120
2..N01R,435,40.839063,-73.884886
2..N01R,436,40.839165,-73.884651
2..N01R,437,40.839252,-73.884441
2..N01R,438,40.839342,-73.884172
2..N01R,439,40.839419,-73.883891
2..N01R,440,40.839484,-73.883573
2..N01R,441,40.839521,-73.883293
2..N01R,442,40.839546,-73.883030
2..N01R,443,40.839567,-73.882597
2..N01R,444,40.839591,-73.882191
2..N01R,445,40.839613,-73.881967
2..N01R,446,40.839642,-73.881759
2..N01R,447,40.839719,-73.881408
2..N01R,448,40.839802,-73.881149
2..N01R,449,40.839913,-73.880850
2..N01R,450,40.840057,-73.880498
2..N01R,451,40.840155,-73.880284
2..N01R,452,40.840229,-73.880147
2..N01R,453,40.840295,-73.880049
2..N01R,454,40.840415,-73.879899
2..N01R,455,40.840583,-73.879734
2..N01R,456,40.841051,-73.879283
2..N01R,457,40.841151,-73.879175
2..N01R,458,40.841205,-73.879076
2..N01R,459,40.841245,-73.878966
2..N01R,460,40.841273,-73.878829
2..N01R,461,40.841277,-73.878707
2..N01R,462,40.841267,-73.878599
2..N01R,463,40.841249,-73.878512
2..N01R,464,40.841212,-73.878423
2..N01R,465,40.841130,-73.878219
2..N01R,466,40.841049,-73.878027
2..N01R,467,40.840945,-73.877782
2..N01R,468,40.840895,-73.877644
2..N01R,469,40.840846,-73.877474
2..N01R,470,40.840817,-73.877330
2..N01R,471,40.840795,-73.877172
2..N01R,472,40.840786,-73.877010
2..N01R,473,40.840784,-73.876841
2..N01R,474,40.840801,-73.876624
2..N01R,475,40.840847,-73.876313
2..N01R,476,40.841121,-73.874736
2..N01R,477,40.841170,-73.874543
2..N01R,478,40.841210,-73.874430
2..N01R,479,40.841252,-73.874329
2..N01R,480,40.841324,-73.874215
2..N01R,481,40.841402,-73.874109
2..N01R,482,40.841894,-73.873488
2..N01R,483,40.843250,-73.871790
2..N01R,484,40.843567,-73.871389
2..N01R,485,40.843910,-73.871028
2..N01R,486,40.844101,-73.870857
2..N01R,487,40.844293,-73.870717
2..N01R,488,40.844505,-73.870597
2..N01R,489,40.844767,-73.870472
2..N01R,490,40.845525,-73.870143
2..N01R,491,40.845968,-73.869952
2..N01R,492,40.846768,-73.869609
2..N01R,493,40.847153,-73.869431
2..N01R,494,40.847565,-73.869194
2..N01R,495,40.848828,-73.868457
2..N01R,496,40.849338,-73.868153
2..N01R,497,40.849629,-73.867986
2..N01R,498,40.849772,-73.867921
2..N01R,499,40.849929,-73.867873
2..N01R,500,40.850070,-73.867846
2..N01R,501,40.850249,-73.867834
2..N01R,502,40.857192,-73.867615
2..N01R,503,40.865462,-73.867352
2..N01R,504,40.871356,-73.867164
2..N01R,505,40.875827,-73.867025
2..N01R,506,40.876190,-73.867016
2..N01R,507,40.876367,-73.866997
2..N01R,508,40.876523,-73.866970
2..N01R,509,40.876693,-73.866928
2..N01R,510,40.876861,-73.866859
2..N01R,511,40.876988,-73.866787
2..N01R,512,40.877850,-73.866256
2..N01R,513,40.881715,-73.863846
2..N01R,514,40.883895,-73.862633
2..N01R,515,40.888022,-73.860341
2..N01R,516,40.893193,-73.857473
2..N01R,517,40.897451,-73.855124
2..N01R,518,40.897716,-73.854940
2..N01R,519,40.897900,-73.854784
2..N01R,520,40.898379,-73.854376
2..N01R,521,40.899595,-73.853333
2..N01R,522,40.899929,-73.853045
2..N01R,523,40.900260,-73.852766
2..N01R,524,40.900653,-73.852447
2..N01R,525,40.900798,-73.852340
2..N01R,526,40.901261,-73.852026
2..N01R,527,40.901669,-73.851769
2..N01R,528,40.901895,-73.851628
2..N01R,529,40.902066,-73.851510
2..N01R,530,40.902261,-73.851360
2..N01R,531,40.903125,-73.850620
2..N03R,0,40.666235,-73.884079
2..N03R,1,40.665449,-73.889395
2..N03R,2,40.664635,-73.894895
2..N03R,3,40.663515,-73.902447
2..N03R,4,40.662549,-73.908946
2..N03R,5,40.661453,-73.916327
2..N03R,6,40.661257,-73.917633
2..N03R,7,40.661201,-73.918036
2..N03R,8,40.661198,-73.918245
2..N03R,9,40.661222,-73.918438
2..N03R,10,40.661270,-73.918614
2..N03R,11,40.661345,-73.918789
2..N03R,12,40.661450,-73.918958
2..N03R,13,40.661573,-73.919094
2..N03R,14,40.664717,-73.922610
2..N03R,15,40.666124,-73.924177
2..N03R,16,40.666185,-73.924240
2..N03R,17,40.666249,-73.924293
2..N03R,18,40.666335,-73.924356
2..N03R,19,40.666422,-73.924410
2..N03R,20,40.666613,-73.924503
2..N03R,21,40.667332,-73.924808
2..N03R,22,40.667449,-73.924861
2..N03R,23,40.667552,-73.924915
2..N03R,24,40.667649,-73.924974
2..N03R,25,40.667735,-73.925038
2..N03R,26,40.667882,-73.925160
2..N03R,27,40.668087,-73.925356
2..N03R,28,40.668213,-73.925486
2..N03R,29,40.668271,-73.925553
2..N03R,30,40.668327,-73.925625
2..N03R,31,40.668373,-73.925706
2..N03R,32,40.668415,-73.925796
2..N03R,33,40.668473,-73.925986
2..N03R,34,40.668508,-73.926171
2..N03R,35,40.668536,-73.926368
2..N03R,36,40.668554,-73.926593
2..N03R,37,40.668897,-73.932942
2..N03R,38,40.669399,-73.942161
2..N03R,39,40.669847,-73.950466
2..N03R,40,40.669922,-73.951706
2..N03R,41,40.670083,-73.954713
2..N03R,42,40.670096,-73.954983
2..N03R,43,40.670118,-73.955258
2..N03R,44,40.670157,-73.955542
2..N03R,45,40.670208,-73.955823
2..N03R,46,40.670682,-73.958131
2..N03R,47,40.671987,-73.964375
2..N03R,48,40.672915,-73.968465
2..N03R,49,40.672955,-73.968631
2..N03R,50,40.672999,-73.968779
2..N03R,51,40.673056,-73.968947
2..N03R,52,40.673121,-73.969088
2..N03R,53,40.673208,-73.969259
2..N03R,54,40.673299,-73.969397
2..N03R,55,40.673414,-73.969546
2..N03R,56,40.673552,-73.969694
2..N03R,57,40.673679,-73.969806
2..N03R,58,40.675235,-73.971046
2..N03R,59,40.680829,-73.975098
2..N03R,60,40.684359,-73.977666
2..N03R,61,40.685781,-73.978708
2..N03R,62,40.688246,-73.980492
2..N03R,63,40.688475,-73.980654
2..N03R,64,40.688533,-73.980697
2..N03R,65,40.688593,-73.980740
2..N03R,66,40.688649,-73.980785
2..N03R,67,40.688705,-73.980833
2..N03R,68,40.688757,-73.980884
2..N03R,69,40.688808,-73.980941
2..N03R,70,40.688856,-73.981001
2..N03R,71,40.688902,-73.981065
2..N03R,72,40.688945,-73.981133
2..N03R,73,40.688987,-73.981205
2..N03R,74,40.689027,-73.981280
2..N03R,75,40.689062,-73.981360
2..N03R,76,40.689096,-73.981444
2..N03R,77,40.689130,-73.981529
2..N03R,78,40.689164,-73.981616
2..N03R,79,40.690545,-73.985065
2..N03R,80,40.692195,-73.989185
2..N03R,81,40.692221,-73.989233
2..N03R,82,40.692246,-73.989278
2..N03R,83,40.692273,-73.989323
2..N03R,84,40.692301,-73.989366
2..N03R,85,40.692331,-73.989407
2..N03R,86,40.692361,-73.989447
2..N03R,87,40.692393,-73.989485
2..N03R,88,40.692427,-73.989522
2..N03R,89,40.692462,-73.989557
2..N03R,90,40.692498,-73.989591
2..N03R,91,40.692535,-73.989623
2..N03R,92,40.692574,-73.989653
2..N03R,93,40.692615,-73.989682
2..N03R,94,40.692656,-73.989709
2..N03R,95,40.692699,-73.989735
2..N03R,96,40.693219,-73.989998
2..N03R,97,40.693905,-73.990338
2..N03R,98,40.693941,-73.990356
2..N03R,99,40.693977,-73.990373
2..N03R,100,40.694013,-73.990390
2..N03R,101,40.694050,-73.990407
2..N03R,102,40.694087,-73.990423
2..N03R,103,40.694124,-73.990439
2..N03R,104,40.694162,-73.990454
2..N03R,105,40.694200,-73.990470
2..N03R,106,40.694238,-73.990484
2..N03R,107,40.694277,-73.990499
2..N03R,108,40.694316,-73.990513
2..N03R,109,40.694355,-73.990526
2..N03R,110,40.694394,-73.990540
2..N03R,111,40.694434,-73.990552
2..N03R,112,40.694474,-73.990565
2..N03R,113,40.696370,-73.991156
2..N03R,114,40.696442,-73.991177
2..N03R,115,40.696513,-73.991200
2..N03R,116,40.696579,-73.991225
2..N03R,117,40.696643,-73.991255
2..N03R,118,40.696705,-73.991288
2..N03R,119,40.696763,-73.991329
2..N03R,120,40.696818,-73.991374
2..N03R,121,40.696870,-73.991423
2..N03R,122,40.696918,-73.991477
2..N03R,123,40.696964,-73.991536
2..N03R,124,40.697007,-73.991599
2..N03R,125,40.697046,-73.991667
2..N03R,126,40.697083,-73.991740
2..N03R,127,40.697116,-73.991816
2..N03R,128,40.697148,-73.991897
2..N03R,129,40.697180,-73.992018
2..N03R,130,40.697466,-73.993086
2..N03R,131,40.700174,-74.002910
2..N03R,132,40.700423,-74.003652
2..N03R,133,40.700635,-74.004260
2..N03R,134,40.700828,-74.004710
2..N03R,135,40.701068,-74.005185
2..N03R,136,40.701345,-74.005659
2..N03R,137,40.701603,-74.006073
2..N03R,138,40.701924,-74.006508
2..N03R,139,40.702464,-74.007127
2..N03R,140,40.704571,-74.009504
2..N03R,141,40.704770,-74.009737
2..N03R,142,40.704970,-74.009892
2..N03R,143,40.705083,-74.009957
2..N03R,144,40.705177,-74.009987
2..N03R,145,40.705281,-74.009996
2..N03R,146,40.705380,-74.009981
2..N03R,147,40.705567,-74.009938
2..N03R,148,40.705735,-74.009889
2..N03R,149,40.705922,-74.009801
2..N03R,150,40.706141,-74.009670
2..N03R,151,40.706375,-74.009488
2..N03R,152,40.706821,-74.009100
2..N03R,153,40.707382,-74.008592
2..N03R,154,40.707811,-74.008172
2..N03R,155,40.709416,-74.006571
2..N03R,156,40.710148,-74.005869
2..N03R,157,40.710195,-74.005836
2..N03R,158,40.710254,-74.005803
2..N03R,159,40.710315,-74.005777
2..N03R,160,40.710376,-74.005763
2..N03R,161,40.710437,-74.005761
2..N03R,162,40.710496,-74.005772
2..N03R,163,40.710559,-74.005805
2..N03R,164,40.710620,-74.005848
2..N03R,165,40.710726,-74.005949
2..N03R,166,40.711582,-74.006854
2..N03R,167,40.711685,-74.006954
2..N03R,168,40.711788,-74.007035
2..N03R,169,40.712145,-74.007289
2..N03R,170,40.712239,-74.007371
2..N03R,171,40.712337,-74.007453
2..N03R,172,40.712431,-74.007548
2..N03R,173,40.712519,-74.007667
2..N03R,174,40.712596,-74.007813
2..N03R,175,40.712663,-74.007962
2..N03R,176,40.713051,-74.008811
2..N03R,177,40.713598,-74.010029
2..N03R,178,40.713629,-74.010099
2..N03R,179,40.713662,-74.010160
2..N03R,180,40.713699,-74.010213
2..N03R,181,40.713737,-74.010258
2..N03R,182,40.713777,-74.010294
2..N03R,183,40.713820,-74.010321
2..N03R,184,40.713865,-74.010341
2..N03R,185,40.713912,-74.010351
2..N03R,186,40.713961,-74.010353
2..N03R,187,40.714013,-74.010347
2..N03R,188,40.714066,-74.010333
2..N03R,189,40.714122,-74.010309
2..N03R,190,40.714180,-74.010278
2..N03R,191,40.714241,-74.010238
2..N03R,192,40.714303,-74.010188
2..N03R,193,40.715437,-74.009299
2..N03R,194,40.715478,-74.009266
2..N03R,195,40.718032,-74.007249
2..N03R,196,40.718063,-74.007227
2..N03R,197,40.718095,-74.007206
2..N03R,198,40.718127,-74.007186
2..N03R,199,40.718160,-74.007167
2..N03R,200,40.718193,-74.007150
2..N03R,201,40.718228,-74.007133
2..N03R,202,40.718262,-74.007117
2..N03R,203,40.718298,-74.007103
2..N03R,204,40.718334,-74.007089
2..N03R,205,40.718370,-74.007077
2..N03R,206,40.718408,-74.007066
2..N03R,207,40.718446,-74.007055
2..N03R,208,40.718484,-74.007046
2..N03R,209,40.718523,-74.007038
2..N03R,210,40.718563,-74.007031
2..N03R,211,40.719318,-74.006886
2..N03R,212,40.722854,-74.006277
2..N03R,213,40.728251,-74.005367
2..N03R,214,40.728935,-74.005260
2..N03R,215,40.729169,-74.005221
2..N03R,216,40.729283,-74.005197
2..N03R,217,40.729414,-74.005160
2..N03R,218,40.729532,-74.005112
2..N03R,219,40.729642,-74.005062
2..N03R,220,40.729881,-74.004935
2..N03R,221,40.730321,-74.004682
2..N03R,222,40.733422,-74.002906
2..N03R,223,40.735973,-74.001452
2..N03R,224,40.736162,-74.001345
2..N03R,225,40.736358,-74.001229
2..N03R,226,40.736585,-74.001089
2..N03R,227,40.736761,-74.000973
2..N03R,228,40.737826,-74.000201
2..N03R,229,40.741040,-73.997871
2..N03R,230,40.744081,-73.995657
2..N03R,231,40.747215,-73.993365
2..N03R,232,40.750373,-73.991057
2..N03R,233,40.755290,-73.987495
2..N03R,234,40.757342,-73.986009
2..N03R,235,40.757638,-73.985786
2..N03R,236,40.757758,-73.985709
2..N03R,237,40.757880,-73.985638
2..N03R,238,40.758014,-73.985569
2..N03R,239,40.758156,-73.985512
2..N03R,240,40.758375,-73.985421
2..N03R,241,40.758631,-73.985330
2..N03R,242,40.759405,-73.985063
2..N03R,243,40.759714,-73.984959
2..N03R,244,40.760017,-73.984841
2..N03R,245,40.760283,-73.984725
2..N03R,246,40.760592,-73.984577
2..N03R,247,40.760821,-73.984444
2..N03R,248,40.761040,-73.984294
2..N03R,249,40.761728,-73.983849
2..N03R,250,40.762486,-73.983358
2..N03R,251,40.762980,-73.983038
2..N03R,252,40.763412,-73.982793
2..N03R,253,40.763714,-73.982626
2..N03R,254,40.764029,-73.982464
2..N03R,255,40.764386,-73.982320
2..N03R,256,40.764821,-73.982156
2..N03R,257,40.765125,-73.982063
2..N03R,258,40.765461,-73.981977
2..N03R,259,40.765808,-73.981910
2..N03R,260,40.766808,-73.981755
2..N03R,261,40.767172,-73.981702
2..N03R,262,40.767324,-73.981689
2..N03R,263,40.767440,-73.981694
2..N03R,264,40.767561,-73.981697
2..N03R,265,40.767681,-73.981718
2..N03R,266,40.767778,-73.981745
2..N03R,267,40.767895,-73.981781
2..N03R,268,40.768247,-73.981929
2..N03R,269,40.768454,-73.982012
2..N03R,270,40.768582,-73.982053
2..N03R,271,40.768695,-73.982078
2..N03R,272,40.768794,-73.982088
2..N03R,273,40.769222,-73.982098
2..N03R,274,40.773440,-73.982209
2..N03R,275,40.774166,-73.982212
2..N03R,276,40.777496,-73.982091
2..N03R,277,40.777869,-73.982058
2..N03R,278,40.778211,-73.982008
2..N03R,279,40.778453,-73.981970
2..N03R,280,40.778822,-73.981906
2..N03R,281,40.779426,-73.981757
2..N03R,282,40.780996,-73.981314
2..N03R,283,40.782155,-73.980924
2..N03R,284,40.782374,-73.980847
2..N03R,285,40.782622,-73.980748
2..N03R,286,40.782794,-73.980664
2..N03R,287,40.782970,-73.980572
2..N03R,288,40.783149,-73.980473
2..N03R,289,40.783313,-73.980371
2..N03R,290,40.783934,-73.979917
2..N03R,291,40.786953,-73.977656
2..N03R,292,40.787601,-73.977107
2..N03R,293,40.788644,-73.976218
2..N03R,294,40.788957,-73.975942
2..N03R,295,40.793919,-73.972323
2..N03R,296,40.794005,-73.972265
2..N03R,297,40.798506,-73.968980
2..N03R,298,40.798651,-73.968852
2..N03R,299,40.798781,-73.968720
2..N03R,300,40.798896,-73.968582
2..N03R,301,40.798996,-73.968441
2..N03R,302,40.799080,-73.968295
2..N03R,303,40.799150,-73.968144
2..N03R,304,40.799204,-73.967988
2..N03R,305,40.799244,-73.967828
2..N03R,306,40.799268,-73.967664
2..N03R,307,40.799278,-73.967495
2..N03R,308,40.799272,-73.967321
2..N03R,309,40.799251,-73.967143
2..N03R,310,40.799215,-73.966960
2..N03R,311,40.799164,-73.966773
2..N03R,312,40.799099,-73.966582
2..N03R,313,40.797184,-73.962047
2..N03R,314,40.797093,-73.961824
2..N03R,315,40.797002,-73.961593
2..N03R,316,40.796934,-73.961388
2..N03R,317,40.796890,-73.961185
2..N03R,318,40.796872,-73.960984
2..N03R,319,40.796883,-73.960795
2..N03R,320,40.796904,-73.960573
2..N03R,321,40.797535,-73.956739
2..N03R,322,40.798111,-73.953676
2..N03R,323,40.798177,-73.953310
2..N03R,324,40.798251,-73.953008
2..N03R,325,40.798356,-73.952702
2..N03R,326,40.798469,-73.952470
2..N03R,327,40.798560,-73.952322
2..N03R,328,40.798665,-73.952174
2..N03R,329,40.798841,-73.952007
2..N03R,330,40.799075,-73.951822
2..N03R,331,40.802098,-73.949625
2..N03R,332,40.807754,-73.945495
2..N03R,333,40.814229,-73.940770
2..N03R,334,40.818371,-73.937754
2..N03R,335,40.818493,-73.937620
2..N03R,336,40.818607,-73.937480
2..N03R,337,40.818712,-73.937336
2..N03R,338,40.818808,-73.937187
2..N03R,339,40.818896,-73.937034
2..N03R,340,40.818975,-73.936877
2..N03R,341,40.819046,-73.936715
2..N03R,342,40.819108,-73.936548
2..N03R,343,40.819161,-73.936378
2..N03R,344,40.819206,-73.936202
2..N03R,345,40.819242,-73.936023
2..N03R,346,40.819270,-73.935839
2..N03R,347,40.819289,-73.935651
2..N03R,348,40.819299,-73.935458
2..N03R,349,40.819299,-73.935260
2..N03R,350,40.819335,-73.931501
2..N03R,351,40.819330,-73.931334
2..N03R,352,40.819322,-73.931165
2..N03R,353,40.819311,-73.930996
2..N03R,354,40.819298,-73.930827
2..N03R,355,40.819283,-73.930657
2..N03R,356,40.819264,-73.930486
2..N03R,357,40.819243,-73.930316
2..N03R,358,40.819220,-73.930144
2..N03R,359,40.819194,-73.929973
2..N03R,360,40.819165,-73.929801
2..N03R,361,40.819134,-73.929628
2..N03R,362,40.819100,-73.929455
2..N03R,363,40.819064,-73.929282
2..N03R,364,40.819025,-73.929108
2..N03R,365,40.818984,-73.928935
2..N03R,366,40.818685,-73.927782
2..N03R,367,40.818410,-73.926718
2..N03R,368,40.816109,-73.917757
2..N03R,369,40.815782,-73.916675
2..N03R,370,40.815732,-73.916492
2..N03R,371,40.815702,-73.916277
2..N03R,372,40.815684,-73.915934
2..N03R,373,40.815699,-73.915680
2..N03R,374,40.815740,-73.915469
2..N03R,375,40.815820,-73.915203
2..N03R,376,40.815913,-73.914951
2..N03R,377,40.815961,-73.914835
2..N03R,378,40.816005,-73.914728
2..N03R,379,40.816109,-73.914448
2..N03R,380,40.816171,-73.914233
2..N03R,381,40.816201,-73.914030
2..N03R,382,40.816213,-73.913796
2..N03R,383,40.816201,-73.913574
2..N03R,384,40.816180,-73.913328
2..N03R,385,40.816113,-73.912669
2..N03R,386,40.816033,-73.911842
2..N03R,387,40.815974,-73.911136
2..N03R,388,40.815949,-73.910726
2..N03R,389,40.815931,-73.910364
2..N03R,390,40.815931,-73.910082
2..N03R,391,40.815926,-73.909808
2..N03R,392,40.815936,-73.909395
2..N03R,393,40.815963,-73.909111
2..N03R,394,40.816003,-73.908903
2..N03R,395,40.816055,-73.908682
2..N03R,396,40.816174,-73.908375
2..N03R,397,40.816490,-73.907807
2..N03R,398,40.817578,-73.905946
2..N03R,399,40.817813,-73.905518
2..N03R,400,40.818004,-73.905114
2..N03R,401,40.818400,-73.904210
2..N03R,402,40.818818,-73.903268
2..N03R,403,40.819113,-73.902687
2..N03R,404,40.819585,-73.901770
2..N03R,405,40.822181,-73.896736
2..N03R,406,40.824073,-73.893064
2..N03R,407,40.824223,-73.892771
2..N03R,408,40.824431,-73.892368
2..N03R,409,40.824494,-73.892265
2..N03R,410,40.824554,-73.892182
2..N03R,411,40.824649,-73.892091
2..N03R,412,40.824739,-73.892021
2..N03R,413,40.824818,-73.891978
2..N03R,414,40.824901,-73.891946
2..N03R,415,40.824983,-73.891929
2..N03R,416,40.825069,-73.891922
2..N03R,417,40.825522,-73.891924
2..N03R,418,40.829842,-73.891875
2..N03R,419,40.829993,-73.891865
2..N03R,420,40.830113,-73.891849
2..N03R,421,40.830227,-73.891830
2..N03R,422,40.830395,-73.891793
2..N03R,423,40.830667,-73.891704
2..N03R,424,40.830888,-73.891611
2..N03R,425,40.831153,-73.891469
2..N03R,426,40.831358,-73.891340
2..N03R,427,40.836619,-73.888195
2..N03R,428,40.836830,-73.888068
2..N03R,429,40.837034,-73.887939
2..N03R,430,40.837218,-73.887800
2..N03R,431,40.837288,-73.887734
2..N03R,432,40.837371,-73.887650
2..N03R,433,40.837463,-73.887544
2..N03R,434,40.837713,-73.887183
2..N03R,435,40.838935,-73.885120
2..N03R,436,40.839063,-73.884886
2..N03R,437,40.839165,-73.884651
2..N03R,438,40.839252,-73.884441
2..N03R,439,40.839342,-73.884172
2..N03R,440,40.839419,-73.883891
2..N03R,441,40.839484,-73.883573
2..N03R,442,40.839521,-73.883293
2..N03R,443,40.839546,-73.883030
2..N03R,444,40.839567,-73.882597
2..N03R,445,40.839591,-73.882191
2..N03R,446,40.839613,-73.881967
2..N03R,447,40.839642,-73.881759
2..N03R,448,40.839719,-73.881408
2..N03R,449,40.839802,-73.881149
2..N03R,450,40.839913,-73.880850
2..N03R,451,40.840057,-73.880498
2..N03R,452,40.840155,-73.880284
2..N03R,453,40.840229,-73.880147
2..N03R,454,40.840295,-73.880049
2..N03R,455,40.840415,-73.879899
2..N03R,456,40.840583,-73.879734
2..N03R,457,40.841051,-73.879283
2..N03R,458,40.841151,-73.879175
2..N03R,459,40.841205,-73.879076
2..N03R,460,40.841245,-73.878966
2..N03R,461,40.841273,-73.878829
2..N03R,462,40.841277,-73.878707
2..N03R,463,40.841267,-73.878599
2..N03R,464,40.841249,-73.878512
2..N03R,465,40.841212,-73.878423
2..N03R,466,40.841130,-73.878219
2..N03R,467,40.841049,-73.878027
2..N03R,468,40.840945,-73.877782
2..N03R,469,40.840895,-73.877644
2..N03R,470,40.840846,-73.877474
2..N03R,471,40.840817,-73.877330
2..N03R,472,40.840795,-73.877172
2..N03R,473,40.840786,-73.877010
2..N03R,474,40.840784,-73.876841
2..N03R,475,40.840801,-73.876624
2..N03R,476,40.840847,-73.876313
2..N03R,477,40.841121,-73.874736
2..N03R,478,40.841170,-73.874543
2..N03R,479,40.841210,-73.874430
2..N03R,480,40.841252,-73.874329
2..N03R,481,40.841324,-73.874215
2..N03R,482,40.841402,-73.874109
2..N03R,483,40.841894,-73.873488
2..N03R,484,40.843250,-73.871790
2..N03R,485,40.843567,-73.871389
2..N03R,486,40.843910,-73.871028
2..N03R,487,40.844101,-73.870857
2..N03R,488,40.844293,-73.870717
2..N03R,489,40.844505,-73.870597
2..N03R,490,40.844767,-73.870472
2..N03R,491,40.845525,-73.870143
2..N03R,492,40.845968,-73.869952
2..N03R,493,40.846768,-73.869609
2..N03R,494,40.847153,-73.869431
2..N03R,495,40.847565,-73.869194
2..N03R,496,40.848828,-73.868457
2..N03R,497,40.849338,-73.868153
2..N03R,498,40.849629,-73.867986
2..N03R,499,40.849772,-73.867921
2..N03R,500,40.849929,-73.867873
2..N03R,501,40.850070,-73.867846
2..N03R,502,40.850249,-73.867834
2..N03R,503,40.857192,-73.867615
2..N03R,504,40.865462,-73.867352
2..N03R,505,40.871356,-73.867164
2..N03R,506,40.875827,-73.867025
2..N03R,507,40.876190,-73.867016
2..N03R,508,40.876367,-73.866997
2..N03R,509,40.876523,-73.866970
2..N03R,510,40.876693,-73.866928
2..N03R,511,40.876861,-73.866859
2..N03R,512,40.876988,-73.866787
2..N03R,513,40.877850,-73.866256
2..N03R,514,40.881715,-73.863846
2..N03R,515,40.883895,-73.862633
2..N03R,516,40.888022,-73.860341
2..N03R,517,40.893193,-73.857473
2..N03R,518,40.897451,-73.855124
2..N03R,519,40.897716,-73.854940
2..N03R,520,40.897900,-73.854784
2..N03R,521,40.898379,-73.854376
2..N03R,522,40.899595,-73.853333
2..N03R,523,40.899929,-73.853045
2..N03R,524,40.900260,-73.852766
2..N03R,525,40.900653,-73.852447
2..N03R,526,40.900798,-73.852340
2..N03R,527,40.901261,-73.852026
2..N03R,528,40.901669,-73.851769
2..N03R,529,40.901895,-73.851628
2..N03R,530,40.902066,-73.851510
2..N03R,531,40.902261,-73.851360
2..N03R,532,40.903125,-73.850620
2..S08R,0,40.903125,-73.850620
2..S08R,1,40.902261,-73.851360
2..S08R,2,40.902066,-73.851510
2..S08R,3,40.901895,-73.851628
2..S08R,4,40.901669,-73.851769
2..S08R,5,40.901261,-73.852026
2..S08R,6,40.900798,-73.852340
2..S08R,7,40.900653,-73.852447
2..S08R,8,40.900260,-73.852766
2..S08R,9,40.899929,-73.853045
2..S08R,10,40.899595,-73.853333
2..S08R,11,40.898379,-73.854376
2..S08R,12,40.897900,-73.854784
2..S08R,13,40.897716,-73.854940
2..S08R,14,40.897451,-73.855124
2..S08R,15,40.893193,-73.857473
2..S08R,16,40.888022,-73.860341
2..S08R,17,40.883895,-73.862633
2..S08R,18,40.881715,-73.863846
2..S08R,19,40.877850,-73.866256
2..S08R,20,40.876988,-73.866787
2..S08R,21,40.876861,-73.866859
2..S08R,22,40.876693,-73.866928
2..S08R,23,40.876523,-73.866970
2..S08R,24,40.876367,-73.866997
2..S08R,25,40.876190,-73.867016
2..S08R,26,40.875827,-73.867025
2..S08R,27,40.871356,-73.867164
2..S08R,28,40.865462,-73.867352
2..S08R,29,40.857192,-73.867615
2..S08R,30,40.850249,-73.867834
2..S08R,31,40.850070,-73.867846
2..S08R,32,40.849929,-73.867873
2..S08R,33,40.849772,-73.867921
2..S08R,34,40.849629,-73.867986
2..S08R,35,40.849338,-73.868153
2..S08R,36,40.848828,-73.868457
2..S08R,37,40.847565,-73.869194
2..S08R,38,40.847153,-73.869431
2..S08R,39,40.846768,-73.869609
2..S08R,40,40.845968,-73.869952
2..S08R,41,40.845525,-73.870143
2..S08R,42,40.844767,-73.870472
2..S08R,43,40.844505,-73.870597
2..S08R,44,40.844293,-73.870717
2..S08R,45,40.844101,-73.870857
2..S08R,46,40.843910,-73.871028
2..S08R,47,40.843567,-73.871389
2..S08R,48,40.843250,-73.871790
2..S08R,49,40.841894,-73.873488
2..S08R,50,40.841402,-73.874109
2..S08R,51,40.841324,-73.874215
2..S08R,52,40.841252,-73.874329
2..S08R,53,40.841210,-73.874430
2..S08R,54,40.841170,-73.874543
2..S08R,55,40.841121,-73.874736
2..S08R,56,40.840847,-73.876313
2..S08R,57,40.840801,-73.876624
2..S08R,58,40.840784,-73.876841
2..S08R,59,40.840786,-73.877010
2..S08R,60,40.840795,-73.877172
2..S08R,61,40.840817,-73.877330
2..S08R,62,40.840846,-73.877474
2..S08R,63,40.840895,-73.877644
2..S08R,64,40.840945,-73.877782
2..S08R,65,40.841049,-73.878027
2..S08R,66,40.841130,-73.878219
2..S08R,67,40.841212,-73.878423
2..S08R,68,40.841249,-73.878512
2..S08R,69,40.841267,-73.878599
2..S08R,70,40.841277,-73.878707
2..S08R,71,40.841273,-73.878829
2..S08R,72,40.841245,-73.878966
2..S08R,73,40.841205,-73.879076
2..S08R,74,40.841151,-73.879175
2..S08R,75,40.841051,-73.879283
2..S08R,76,40.840583,-73.879734
2..S08R,77,40.840415,-73.879899
2..S08R,78,40.840295,-73.880049
2..S08R,79,40.840229,-73.880147
2..S08R,80,40.840155,-73.880284
2..S08R,81,40.840057,-73.880498
2..S08R,82,40.839913,-73.880850
2..S08R,83,40.839802,-73.881149
2..S08R,84,40.839719,-73.881408
2..S08R,85,40.839642,-73.881759
2..S08R,86,40.839613,-73.881967
2..S08R,87,40.839591,-73.882191
2..S08R,88,40.839567,-73.882597
2..S08R,89,40.839546,-73.883030
2..S08R,90,40.839521,-73.883293
2..S08R,91,40.839484,-73.883573
2..S08R,92,40.839419,-73.883891
2..S08R,93,40.839342,-73.884172
2..S08R,94,40.839252,-73.884441
2..S08R,95,40.839165,-73.884651
2..S08R,96,40.839063,-73.884886
2..S08R,97,40.838935,-73.885120
2..S08R,98,40.837713,-73.887183
2..S08R,99,40.837463,-73.887544
2..S08R,100,40.837371,-73.887650
2..S08R,101,40.837288,-73.887734
2..S08R,102,40.837218,-73.887800
2..S08R,103,40.837034,-73.887939
2..S08R,104,40.836830,-73.888068
2..S08R,105,40.836619,-73.888195
2..S08R,106,40.831358,-73.891340
2..S08R,107,40.831153,-73.891469
2..S08R,108,40.830888,-73.891611
2..S08R,109,40.830667,-73.891704
2..S08R,110,40.830395,-73.891793
2..S08R,111,40.830227,-73.891830
2..S08R,112,40.830113,-73.891849
2..S08R,113,40.829993,-73.891865
2..S08R,114,40.829842,-73.891875
2..S08R,115,40.825522,-73.891924
2..S08R,116,40.825069,-73.891922
2..S08R,117,40.824983,-73.891929
2..S08R,118,40.824901,-73.891946
2..S08R,119,40.824818,-73.891978
2..S08R,120,40.824739,-73.892021
2..S08R,121,40.824649,-73.892091
2..S08R,122,40.824554,-73.892182
2..S08R,123,40.824494,-73.892265
2..S08R,124,40.824431,-73.892368
2..S08R,125,40.824223,-73.892771
2..S08R,126,40.824073,-73.893064
2..S08R,127,40.822181,-73.896736
2..S08R,128,40.819585,-73.901770
2..S08R,129,40.819113,-73.902687
2..S08R,130,40.818818,-73.903268
2..S08R,131,40.818400,-73.904210
2..S08R,132,40.818004,-73.905114
2..S08R,133,40.817813,-73.905518
2..S08R,134,40.817578,-73.905946
2..S08R,135,40.816490,-73.907807
2..S08R,136,40.816174,-73.908375
2..S08R,137,40.816055,-73.908682
2..S08R,138,40.816003,-73.908903
2..S08R,139,40.815963,-73.909111
2..S08R,140,40.815936,-73.909395
2..S08R,141,40.815926,-73.909808
2..S08R,142,40.815931,-73.910082
2..S08R,143,40.815931,-73.910364
2..S08R,144,40.815949,-73.910726
2..S08R,145,40.815974,-73.911136
2..S08R,146,40.816033,-73.911842
2..S08R,147,40.816113,-73.912669
2..S08R,148,40.816180,-73.913328
2..S08R,149,40.816201,-73.913574
2..S08R,150,40.816213,-73.913796
2..S08R,151,40.816201,-73.914030
2..S08R,152,40.816171,-73.914233
2..S08R,153,40.816109,-73.914448
2..S08R,154,40.816005,-73.914728
2..S08R,155,40.815961,-73.914835
2..S08R,156,40.815913,-73.914951
2..S08R,157,40.815820,-73.915203
2..S08R,158,40.815740,-73.915469
2..S08R,159,40.815699,-73.915680
2..S08R,160,40.815684,-73.915934
2..S08R,161,40.815702,-73.916277
2..S08R,162,40.815732,-73.916492
2..S08R,163,40.815782,-73.916675
2..S08R,164,40.816109,-73.917757
2..S08R,165,40.818410,-73.926718
2..S08R,166,40.818685,-73.927782
2..S08R,167,40.818984,-73.928935
2..S08R,168,40.819025,-73.929108
2..S08R,169,40.819064,-73.929282
2..S08R,170,40.819100,-73.929455
2..S08R,171,40.819134,-73.929628
2..S08R,172,40.819165,-73.929801
2..S08R,173,40.819194,-73.929973
2..S08R,174,40.819220,-73.930144
2..S08R,175,40.819243,-73.930316
2..S08R,176,40.819264,-73.930486
2..S08R,177,40.819283,-73.930657
2..S08R,178,40.819298,-73.930827
2..S08R,179,40.819311,-73.930996
2..S08R,180,40.819322,-73.931165
2..S08R,181,40.819330,-73.931334
2..S08R,182,40.819335,-73.931501
2..S08R,183,40.819299,-73.935260
2..S08R,184,40.819299,-73.935458
2..S08R,185,40.819289,-73.935651
2..S08R,186,40.819270,-73.935839
2..S08R,187,40.819242,-73.936023
2..S08R,188,40.819206,-73.936202
2..S08R,189,40.819161,-73.936378
2..S08R,190,40.819108,-73.936548
2..S08R,191,40.819046,-73.936715
2..S08R,192,40.818975,-73.936877
2..S08R,193,40.818896,-73.937034
2..S08R,194,40.818808,-73.937187
2..S08R,195,40.818712,-73.937336
2..S08R,196,40.818607,-73.937480
2..S08R,197,40.818493,-73.937620
2..S08R,198,40.818371,-73.937754
2..S08R,199,40.814229,-73.940770
2..S08R,200,40.807754,-73.945495
2..S08R,201,40.802098,-73.949625
2..S08R,202,40.799075,-73.951822
2..S08R,203,40.798841,-73.952007
2..S08R,204,40.798665,-73.952174
2..S08R,205,40.798560,-73.952322
2..S08R,206,40.798469,-73.952470
2..S08R,207,40.798356,-73.952702
2..S08R,208,40.798251,-73.953008
2..S08R,209,40.798177,-73.953310
2..S08R,210,40.798111,-73.953676
2..S08R,211,40.797535,-73.956739
2..S08R,212,40.796904,-73.960573
2..S08R,213,40.796883,-73.960795
2..S08R,214,40.796872,-73.960984
2..S08R,215,40.796890,-73.961185
2..S08R,216,40.796934,-73.961388
2..S08R,217,40.797002,-73.961593
2..S08R,218,40.797093,-73.961824
2..S08R,219,40.797184,-73.962047
2..S08R,220,40.799099,-73.966582
2..S08R,221,40.799164,-73.966773
2..S08R,222,40.799215,-73.966960
2..S08R,223,40.799251,-73.967143
2..S08R,224,40.799272,-73.967321
2..S08R,225,40.799278,-73.967495
2..S08R,226,40.799268,-73.967664
2..S08R,227,40.799244,-73.967828
2..S08R,228,40.799204,-73.967988
2..S08R,229,40.799150,-73.968144
2..S08R,230,40.799080,-73.968295
2..S08R,231,40.798996,-73.968441
2..S08R,232,40.798896,-73.968582
2..S08R,233,40.798781,-73.968720
2..S08R,234,40.798651,-73.968852
2..S08R,235,40.798506,-73.968980
2..S08R,236,40.794005,-73.972265
2..S08R,237,40.793919,-73.972323
2..S08R,238,40.788957,-73.975942
2..S08R,239,40.788644,-73.976218
2..S08R,240,40.787601,-73.977107
2..S08R,241,40.786953,-73.977656
2..S08R,242,40.783934,-73.979917
2..S08R,243,40.783313,-73.980371
2..S08R,244,40.783149,-73.980473
2..S08R,245,40.782970,-73.980572
2..S08R,246,40.782794,-73.980664
2..S08R,247,40.782622,-73.980748
2..S08R,248,40.782374,-73.980847
2..S08R,249,40.782155,-73.980924
2..S08R,250,40.780996,-73.981314
2..S08R,251,40.779426,-73.981757
2..S08R,252,40.778822,-73.981906
2..S08R,253,40.778453,-73.981970
2..S08R,254,40.778211,-73.982008
2..S08R,255,40.777869,-73.982058
2..S08R,256,40.777496,-73.982091
2..S08R,257,40.774166,-73.982212
2..S08R,258,40.773440,-73.982209
2..S08R,259,40.769222,-73.982098
2..S08R,260,40.768794,-73.982088
2..S08R,261,40.768695,-73.982078
2..S08R,262,40.768582,-73.982053
2..S08R,263,40.768454,-73.982012
2..S08R,264,40.768247,-73.981929
2..S08R,265,40.767895,-73.981781
2..S08R,266,40.767778,-73.981745
2..S08R,267,40.767681,-73.981718
2..S08R,268,40.767561,-73.981697
2..S08R,269,40.767440,-73.981694
2..S08R,270,40.767324,-73.981689
2..S08R,271,40.767172,-73.981702
2..S08R,272,40.766808,-73.981755
2..S08R,273,40.765808,-73.981910
2..S08R,274,40.765461,-73.981977
2..S08R,275,40.765125,-73.982063
2..S08R,276,40.764821,-73.982156
2..S08R,277,40.764386,-73.982320
2..S08R,278,40.764029,-73.982464
2..S08R,279,40.763714,-73.982626
2..S08R,280,40.763412,-73.982793
2..S08R,281,40.762980,-73.983038
2..S08R,282,40.762486,-73.983358
2..S08R,283,40.761728,-73.983849
2..S08R,284,40.761040,-73.984294
2..S08R,285,40.760821,-73.984444
2..S08R,286,40.760592,-73.984577
2..S08R,287,40.760283,-73.984725
2..S08R,288,40.760017,-73.984841
2..S08R,289,40.759714,-73.984959
2..S08R,290,40.759405,-73.985063
2..S08R,291,40.758631,-73.985330
2..S08R,292,40.758375,-73.985421
2..S08R,293,40.758156,-73.985512
2..S08R,294,40.758014,-73.985569
2..S08R,295,40.757880,-73.985638
2..S08R,296,40.757758,-73.985709
2..S08R,297,40.757638,-73.985786
2..S08R,298,40.757342,-73.986009
2..S08R,299,40.755290,-73.987495
2..S08R,300,40.750373,-73.991057
2..S08R,301,40.747215,-73.993365
2..S08R,302,40.744081,-73.995657
2..S08R,303,40.741040,-73.997871
2..S08R,304,40.737826,-74.000201
2..S08R,305,40.736761,-74.000973
2..S08R,306,40.736585,-74.001089
2..S08R,307,40.736358,-74.001229
2..S08R,308,40.736162,-74.001345
2..S08R,309,40.735973,-74.001452
2..S08R,310,40.733422,-74.002906
2..S08R,311,40.730321,-74.004682
2..S08R,312,40.729881,-74.004935
2..S08R,313,40.729642,-74.005062
2..S08R,314,40.729532,-74.005112
2..S08R,315,40.729414,-74.005160
2..S08R,316,40.729283,-74.005197
2..S08R,317,40.729169,-74.005221
2..S08R,318,40.728935,-74.005260
2..S08R,319,40.728251,-74.005367
2..S08R,320,40.722854,-74.006277
2..S08R,321,40.719318,-74.006886
2..S08R,322,40.718563,-74.007031
2..S08R,323,40.718523,-74.007038
2..S08R,324,40.718484,-74.007046
2..S08R,325,40.718446,-74.007055
2..S08R,326,40.718408,-74.007066
2..S08R,327,40.718370,-74.007077
2..S08R,328,40.718334,-74.007089
2..S08R,329,40.718298,-74.007103
2..S08R,330,40.718262,-74.007117
2..S08R,331,40.718228,-74.007133
2..S08R,332,40.718193,-74.007150
2..S08R,333,40.718160,-74.007167
2..S08R,334,40.718127,-74.007186
2..S08R,335,40.718095,-74.007206
2..S08R,336,40.718063,-74.007227
2..S08R,337,40.718032,-74.007249
2..S08R,338,40.715478,-74.009266
2..S08R,339,40.715437,-74.009299
2..S08R,340,40.714303,-74.010188
2..S08R,341,40.714241,-74.010238
2..S08R,342,40.714180,-74.010278
2..S08R,343,40.714122,-74.010309
2..S08R,344,40.714066,-74.010333
2..S08R,345,40.714013,-74.010347
2..S08R,346,40.713961,-74.010353
2..S08R,347,40.713912,-74.010351
2..S08R,348,40.713865,-74.010341
2..S08R,349,40.713820,-74.010321
2..S08R,350,40.713777,-74.010294
2..S08R,351,40.713737,-74.010258
2..S08R,352,40.713699,-74.010213
2..S08R,353,40.713662,-74.010160
2..S08R,354,40.713629,-74.010099
2..S08R,355,40.713598,-74.010029
2..S08R,356,40.713051,-74.008811
2..S08R,357,40.712663,-74.007962
2..S08R,358,40.712596,-74.007813
2..S08R,359,40.712519,-74.007667
2..S08R,360,40.712431,-74.007548
2..S08R,361,40.712337,-74.007453
2..S08R,362,40.712239,-74.007371
2..S08R,363,40.712145,-74.007289
2..S08R,364,40.711788,-74.007035
2..S08R,365,40.711685,-74.006954
2..S08R,366,40.711582,-74.006854
2..S08R,367,40.710726,-74.005949
2..S08R,368,40.710620,-74.005848
2..S08R,369,40.710559,-74.005805
2..S08R,370,40.710496,-74.005772
2..S08R,371,40.710437,-74.005761
2..S08R,372,40.710376,-74.005763
2..S08R,373,40.710315,-74.005777
2..S08R,374,40.710254,-74.005803
2..S08R,375,40.710195,-74.005836
2..S08R,376,40.710148,-74.005869
2..S08R,377,40.709416,-74.006571
2..S08R,378,40.707811,-74.008172
2..S08R,379,40.707382,-74.008592
2..S08R,380,40.706821,-74.009100
2..S08R,381,40.706375,-74.009488
2..S08R,382,40.706141,-74.009670
2..S08R,383,40.705922,-74.009801
2..S08R,384,40.705735,-74.009889
2..S08R,385,40.705567,-74.009938
2..S08R,386,40.705380,-74.009981
2..S08R,387,40.705281,-74.009996
2..S08R,388,40.705177,-74.009987
2..S08R,389,40.705083,-74.009957
2..S08R,390,40.704970,-74.009892
2..S08R,391,40.704770,-74.009737
2..S08R,392,40.704571,-74.009504
2..S08R,393,40.702464,-74.007127
2..S08R,394,40.701924,-74.006508
2..S08R,395,40.701603,-74.006073
2..S08R,396,40.701345,-74.005659
2..S08R,397,40.701068,-74.005185
2..S08R,398,40.700828,-74.004710
2..S08R,399,40.700635,-74.004260
2..S08R,400,40.700423,-74.003652
2..S08R,401,40.700174,-74.002910
2..S08R,402,40.697466,-73.993086
2..S08R,403,40.697180,-73.992018
2..S08R,404,40.697148,-73.991897
2..S08R,405,40.697116,-73.991816
2..S08R,406,40.697083,-73.991740
2..S08R,407,40.697046,-73.991667
2..S08R,408,40.697007,-73.991599
2..S08R,409,40.696964,-73.991536
2..S08R,410,40.696918,-73.991477
2..S08R,411,40.696870,-73.991423
2..S08R,412,40.696818,-73.991374
2..S08R,413,40.696763,-73.991329
2..S08R,414,40.696705,-73.991288
2..S08R,415,40.696643,-73.991255
2..S08R,416,40.696579,-73.991225
2..S08R,417,40.696513,-73.991200
2..S08R,418,40.696442,-73.991177
2..S08R,419,40.696370,-73.991156
2..S08R,420,40.694474,-73.990565
2..S08R,421,40.694434,-73.990552
2..S08R,422,40.694394,-73.990540
2..S08R,423,40.694355,-73.990526
2..S08R,424,40.694316,-73.990513
2..S08R,425,40.694277,-73.990499
2..S08R,426,40.694238,-73.990484
2..S08R,427,40.694200,-73.990470
2..S08R,428,40.694162,-73.990454
2..S08R,429,40.694124,-73.990439
2..S08R,430,40.694087,-73.990423
2..S08R,431,40.694050,-73.990407
2..S08R,432,40.694013,-73.990390
2..S08R,433,40.693977,-73.990373
2..S08R,434,40.693941,-73.990356
2..S08R,435,40.693905,-73.990338
2..S08R,436,40.693219,-73.989998
2..S08R,437,40.692699,-73.989735
2..S08R,438,40.692656,-73.989709
2..S08R,439,40.692615,-73.989682
2..S08R,440,40.692574,-73.989653
2..S08R,441,40.692535,-73.989623
2..S08R,442,40.692498,-73.989591
2..S08R,443,40.692462,-73.989557
2..S08R,444,40.692427,-73.989522
2..S08R,445,40.692393,-73.989485
2..S08R,446,40.692361,-73.989447
2..S08R,447,40.692331,-73.989407
2..S08R,448,40.692301,-73.989366
2..S08R,449,40.692273,-73.989323
2..S08R,450,40.692246,-73.989278
2..S08R,451,40.692221,-73.989233
2..S08R,452,40.692195,-73.989185
2..S08R,453,40.690545,-73.985065
2..S08R,454,40.689164,-73.981616
2..S08R,455,40.689130,-73.981529
2..S08R,456,40.689096,-73.981444
2..S08R,457,40.689062,-73.981360
2..S08R,458,40.689027,-73.981280
2..S08R,459,40.688987,-73.981205
2..S08R,460,40.688945,-73.981133
2..S08R,461,40.688902,-73.981065
2..S08R,462,40.688856,-73.981001
2..S08R,463,40.688808,-73.980941
2..S08R,464,40.688757,-73.980884
2..S08R,465,40.688705,-73.980833
2..S08R,466,40.688649,-73.980785
2..S08R,467,40.688593,-73.980740
2..S08R,468,40.688533,-73.980697
2..S08R,469,40.688475,-73.980654
2..S08R,470,40.688246,-73.980492
2..S08R,471,40.685781,-73.978708
2..S08R,472,40.684359,-73.977666
2..S08R,473,40.680829,-73.975098
2..S08R,474,40.675235,-73.971046
2..S08R,475,40.673679,-73.969806
2..S08R,476,40.673552,-73.969694
2..S08R,477,40.673414,-73.969546
2..S08R,478,40.673299,-73.969397
2..S08R,479,40.673208,-73.969259
2..S08R,480,40.673121,-73.969088
2..S08R,481,40.673056,-73.968947
2..S08R,482,40.672999,-73.968779
2..S08R,483,40.672955,-73.968631
2..S08R,484,40.672915,-73.968465
2..S08R,485,40.671987,-73.964375
2..S08R,486,40.670682,-73.958131
2..S08R,487,40.670208,-73.955823
2..S08R,488,40.670157,-73.955542
2..S08R,489,40.670118,-73.955258
2..S08R,490,40.670096,-73.954983
2..S08R,491,40.670083,-73.954713
2..S08R,492,40.669922,-73.951706
2..S08R,493,40.669909,-73.951542
2..S08R,494,40.669889,-73.951391
2..S08R,495,40.669863,-73.951252
2..S08R,496,40.669832,-73.951126
2..S08R,497,40.669795,-73.951013
2..S08R,498,40.669753,-73.950912
2..S08R,499,40.669705,-73.950823
2..S08R,500,40.669652,-73.950748
2..S08R,501,40.669592,-73.950684
2..S08R,502,40.669528,-73.950634
2..S08R,503,40.669457,-73.950596
2..S08R,504,40.669381,-73.950570
2..S08R,505,40.669300,-73.950557
2..S08R,506,40.669213,-73.950559
2..S08R,507,40.669120,-73.950569
2..S08R,508,40.668466,-73.950632
2..S08R,509,40.667883,-73.950683
2..S08R,510,40.665098,-73.950942
2..S08R,511,40.665004,-73.950954
2..S08R,512,40.664912,-73.950963
2..S08R,513,40.664823,-73.950971
2..S08R,514,40.664735,-73.950978
2..S08R,515,40.664650,-73.950983
2..S08R,516,40.664568,-73.950987
2..S08R,517,40.664487,-73.950990
2..S08R,518,40.664409,-73.950992
2..S08R,519,40.664333,-73.950992
2..S08R,520,40.664260,-73.950991
2..S08R,521,40.664189,-73.950989
2..S08R,522,40.664120,-73.950985
2..S08R,523,40.664053,-73.950980
2..S08R,524,40.663989,-73.950974
2..S08R,525,40.663927,-73.950967
2..S08R,526,40.662742,-73.950850
2..S08R,527,40.656652,-73.950200
2..S08R,528,40.650843,-73.949575
2..S08R,529,40.645098,-73.948959
2..S08R,530,40.639967,-73.948411
2..S08R,531,40.632836,-73.947642
3..N01R,0,40.666235,-73.884079
3..N01R,1,40.665449,-73.889395
3..N01R,2,40.664635,-73.894895
3..N01R,3,40.663515,-73.902447
3..N01R,4,40.662549,-73.908946
3..N01R,5,40.661453,-73.916327
3..N01R,6,40.661257,-73.917633
3..N01R,7,40.661201,-73.918036
3..N01R,8,40.661198,-73.918245
3..N01R,9,40.661222,-73.918438
3..N01R,10,40.661270,-73.918614
3..N01R,11,40.661345,-73.918789
3..N01R,12,40.661450,-73.918958
3..N01R,13,40.661573,-73.919094
3..N01R,14,40.664717,-73.922610
3..N01R,15,40.666124,-73.924177
3..N01R,16,40.666185,-73.924240
3..N01R,17,40.666249,-73.924293
3..N01R,18,40.666335,-73.924356
3..N01R,19,40.666422,-73.924410
3..N01R,20,40.666613,-73.924503
3..N01R,21,40.667332,-73.924808
3..N01R,22,40.667449,-73.924861
3..N01R,23,40.667552,-73.924915
3..N01R,24,40.667649,-73.924974
3..N01R,25,40.667735,-73.925038
3..N01R,26,40.667882,-73.925160
3..N01R,27,40.668087,-73.925356
3..N01R,28,40.668213,-73.925486
3..N01R,29,40.668271,-73.925553
3..N01R,30,40.668327,-73.925625
3..N01R,31,40.668373,-73.925706
3..N01R,32,40.668415,-73.925796
3..N01R,33,40.668473,-73.925986
3..N01R,34,40.668508,-73.926171
3..N01R,35,40.668536,-73.926368
3..N01R,36,40.668554,-73.926593
3..N01R,37,40.668897,-73.932942
3..N01R,38,40.669399,-73.942161
3..N01R,39,40.669847,-73.950466
3..N01R,40,40.669922,-73.951706
3..N01R,41,40.670083,-73.954713
3..N01R,42,40.670096,-73.954983
3..N01R,43,40.670118,-73.955258
3..N01R,44,40.670157,-73.955542
3..N01R,45,40.670208,-73.955823
3..N01R,46,40.670682,-73.958131
3..N01R,47,40.671987,-73.964375
3..N01R,48,40.672915,-73.968465
3..N01R,49,40.672955,-73.968631
3..N01R,50,40.672999,-73.968779
3..N01R,51,40.673056,-73.968947
3..N01R,52,40.673121,-73.969088
3..N01R,53,40.673208,-73.969259
3..N01R,54,40.673299,-73.969397
3..N01R,55,40.673414,-73.969546
3..N01R,56,40.673552,-73.969694
3..N01R,57,40.673679,-73.969806
3..N01R,58,40.675235,-73.971046
3..N01R,59,40.680829,-73.975098
3..N01R,60,40.684359,-73.977666
3..N01R,61,40.685781,-73.978708
3..N01R,62,40.688246,-73.980492
3..N01R,63,40.688475,-73.980654
3..N01R,64,40.688533,-73.980697
3..N01R,65,40.688593,-73.980740
3..N01R,66,40.688649,-73.980785
3..N01R,67,40.688705,-73.980833
3..N01R,68,40.688757,-73.980884
3..N01R,69,40.688808,-73.980941
3..N01R,70,40.688856,-73.981001
3..N01R,71,40.688902,-73.981065
3..N01R,72,40.688945,-73.981133
3..N01R,73,40.688987,-73.981205
3..N01R,74,40.689027,-73.981280
3..N01R,75,40.689062,-73.981360
3..N01R,76,40.689096,-73.981444
3..N01R,77,40.689130,-73.981529
3..N01R,78,40.689164,-73.981616
3..N01R,79,40.690545,-73.985065
3..N01R,80,40.692195,-73.989185
3..N01R,81,40.692221,-73.989233
3..N01R,82,40.692246,-73.989278
3..N01R,83,40.692273,-73.989323
3..N01R,84,40.692301,-73.989366
3..N01R,85,40.692331,-73.989407
3..N01R,86,40.692361,-73.989447
3..N01R,87,40.692393,-73.989485
3..N01R,88,40.692427,-73.989522
3..N01R,89,40.692462,-73.989557
3..N01R,90,40.692498,-73.989591
3..N01R,91,40.692535,-73.989623
3..N01R,92,40.692574,-73.989653
3..N01R,93,40.692615,-73.989682
3..N01R,94,40.692656,-73.989709
3..N01R,95,40.692699,-73.989735
3..N01R,96,40.693219,-73.989998
3..N01R,97,40.693905,-73.990338
3..N01R,98,40.693941,-73.990356
3..N01R,99,40.693977,-73.990373
3..N01R,100,40.694013,-73.990390
3..N01R,101,40.694050,-73.990407
3..N01R,102,40.694087,-73.990423
3..N01R,103,40.694124,-73.990439
3..N01R,104,40.694162,-73.990454
3..N01R,105,40.694200,-73.990470
3..N01R,106,40.694238,-73.990484
3..N01R,107,40.694277,-73.990499
3..N01R,108,40.694316,-73.990513
3..N01R,109,40.694355,-73.990526
3..N01R,110,40.694394,-73.990540
3..N01R,111,40.694434,-73.990552
3..N01R,112,40.694474,-73.990565
3..N01R,113,40.696370,-73.991156
3..N01R,114,40.696442,-73.991177
3..N01R,115,40.696513,-73.991200
3..N01R,116,40.696579,-73.991225
3..N01R,117,40.696643,-73.991255
3..N01R,118,40.696705,-73.991288
3..N01R,119,40.696763,-73.991329
3..N01R,120,40.696818,-73.991374
3..N01R,121,40.696870,-73.991423
3..N01R,122,40.696918,-73.991477
3..N01R,123,40.696964,-73.991536
3..N01R,124,40.697007,-73.991599
3..N01R,125,40.697046,-73.991667
3..N01R,126,40.697083,-73.991740
3..N01R,127,40.697116,-73.991816
3..N01R,128,40.697148,-73.991897
3..N01R,129,40.697180,-73.992018
3..N01R,130,40.697466,-73.993086
3..N01R,131,40.700174,-74.002910
3..N01R,132,40.700423,-74.003652
3..N01R,133,40.700635,-74.004260
3..N01R,134,40.700828,-74.004710
3..N01R,135,40.701068,-74.005185
3..N01R,136,40.701345,-74.005659
3..N01R,137,40.701603,-74.006073
3..N01R,138,40.701924,-74.006508
3..N01R,139,40.702464,-74.007127
3..N01R,140,40.704571,-74.009504
3..N01R,141,40.704770,-74.009737
3..N01R,142,40.704970,-74.009892
3..N01R,143,40.705083,-74.009957
3..N01R,144,40.705177,-74.009987
3..N01R,145,40.705281,-74.009996
3..N01R,146,40.705380,-74.009981
3..N01R,147,40.705567,-74.009938
3..N01R,148,40.705735,-74.009889
3..N01R,149,40.705922,-74.009801
3..N01R,150,40.706141,-74.009670
3..N01R,151,40.706375,-74.009488
3..N01R,152,40.706821,-74.009100
3..N01R,153,40.707382,-74.008592
3..N01R,154,40.707811,-74.008172
3..N01R,155,40.709416,-74.006571
3..N01R,156,40.710148,-74.005869
3..N01R,157,40.710195,-74.005836
3..N01R,158,40.710254,-74.005803
3..N01R,159,40.710315,-74.005777
3..N01R,160,40.710376,-74.005763
3..N01R,161,40.710437,-74.005761
3..N01R,162,40.710496,-74.005772
3..N01R,163,40.710559,-74.005805
3..N01R,164,40.710620,-74.005848
3..N01R,165,40.710726,-74.005949
3..N01R,166,40.711582,-74.006854
3..N01R,167,40.711685,-74.006954
3..N01R,168,40.711788,-74.007035
3..N01R,169,40.712145,-74.007289
3..N01R,170,40.712239,-74.007371
3..N01R,171,40.712337,-74.007453
3..N01R,172,40.712431,-74.007548
3..N01R,173,40.712519,-74.007667
3..N01R,174,40.712596,-74.007813
3..N01R,175,40.712663,-74.007962
3..N01R,176,40.713051,-74.008811
3..N01R,177,40.713598,-74.010029
3..N01R,178,40.713629,-74.010099
3..N01R,179,40.713662,-74.010160
3..N01R,180,40.713699,-74.010213
3..N01R,181,40.713737,-74.010258
3..N01R,182,40.713777,-74.010294
3..N01R,183,40.713820,-74.010321
3..N01R,184,40.713865,-74.010341
3..N01R,185,40.713912,-74.010351
3..N01R,186,40.713961,-74.010353
3..N01R,187,40.714013,-74.010347
3..N01R,188,40.714066,-74.010333
3..N01R,189,40.714122,-74.010309
3..N01R,190,40.714180,-74.010278
3..N01R,191,40.714241,-74.010238
3..N01R,192,40.714303,-74.010188
3..N01R,193,40.715437,-74.009299
3..N01R,194,40.715478,-74.009266
3..N01R,195,40.718032,-74.007249
3..N01R,196,40.718063,-74.007227
3..N01R,197,40.718095,-74.007206
3..N01R,198,40.718127,-74.007186
3..N01R,199,40.718160,-74.007167
3..N01R,200,40.718193,-74.007150
3..N01R,201,40.718228,-74.007133
3..N01R,202,40.718262,-74.007117
3..N01R,203,40.718298,-74.007103
3..N01R,204,40.718334,-74.007089
3..N01R,205,40.718370,-74.007077
3..N01R,206,40.718408,-74.007066
3..N01R,207,40.718446,-74.007055
3..N01R,208,40.718484,-74.007046
3..N01R,209,40.718523,-74.007038
3..N01R,210,40.718563,-74.007031
3..N01R,211,40.719318,-74.006886
3..N01R,212,40.722854,-74.006277
3..N01R,213,40.728251,-74.005367
3..N01R,214,40.728935,-74.005260
3..N01R,215,40.729169,-74.005221
3..N01R,216,40.729283,-74.005197
3..N01R,217,40.729414,-74.005160
3..N01R,218,40.729532,-74.005112
3..N01R,219,40.729642,-74.005062
3..N01R,220,40.729881,-74.004935
3..N01R,221,40.730321,-74.004682
3..N01R,222,40.733422,-74.002906
3..N01R,223,40.735973,-74.001452
3..N01R,224,40.736162,-74.001345
3..N01R,225,40.736358,-74.001229
3..N01R,226,40.736585,-74.001089
3..N01R,227,40.736761,-74.000973
3..N01R,228,40.737826,-74.000201
3..N01R,229,40.741040,-73.997871
3..N01R,230,40.744081,-73.995657
3..N01R,231,40.747215,-73.993365
3..N01R,232,40.750373,-73.991057
3..N01R,233,40.755290,-73.987495
3..N01R,234,40.757342,-73.986009
3..N01R,235,40.757638,-73.985786
3..N01R,236,40.757758,-73.985709
3..N01R,237,40.757880,-73.985638
3..N01R,238,40.758014,-73.985569
3..N01R,239,40.758156,-73.985512
3..N01R,240,40.758375,-73.985421
3..N01R,241,40.758631,-73.985330
3..N01R,242,40.759405,-73.985063
3..N01R,243,40.759714,-73.984959
3..N01R,244,40.760017,-73.984841
3..N01R,245,40.760283,-73.984725
3..N01R,246,40.760592,-73.984577
3..N01R,247,40.760821,-73.984444
3..N01R,248,40.761040,-73.984294
3..N01R,249,40.761728,-73.983849
3..N01R,250,40.762486,-73.983358
3..N01R,251,40.762980,-73.983038
3..N01R,252,40.763412,-73.982793
3..N01R,253,40.763714,-73.982626
3..N01R,254,40.764029,-73.982464
3..N01R,255,40.764386,-73.982320
3..N01R,256,40.764821,-73.982156
3..N01R,257,40.765125,-73.982063
3..N01R,258,40.765461,-73.981977
3..N01R,259,40.765808,-73.981910
3..N01R,260,40.766808,-73.981755
3..N01R,261,40.767172,-73.981702
3..N01R,262,40.767324,-73.981689
3..N01R,263,40.767440,-73.981694
3..N01R,264,40.767561,-73.981697
3..N01R,265,40.767681,-73.981718
3..N01R,266,40.767778,-73.981745
3..N01R,267,40.767895,-73.981781
3..N01R,268,40.768247,-73.981929
3..N01R,269,40.768454,-73.982012
3..N01R,270,40.768582,-73.982053
3..N01R,271,40.768695,-73.982078
3..N01R,272,40.768794,-73.982088
3..N01R,273,40.769222,-73.982098
3..N01R,274,40.773440,-73.982209
3..N01R,275,40.774166,-73.982212
3..N01R,276,40.777496,-73.982091
3..N01R,277,40.777869,-73.982058
3..N01R,278,40.778211,-73.982008
3..N01R,279,40.778453,-73.981970
3..N01R,280,40.778822,-73.981906
3..N01R,281,40.779426,-73.981757
3..N01R,282,40.780996,-73.981314
3..N01R,283,40.782155,-73.980924
3..N01R,284,40.782374,-73.980847
3..N01R,285,40.782622,-73.980748
3..N01R,286,40.782794,-73.980664
3..N01R,287,40.782970,-73.980572
3..N01R,288,40.783149,-73.980473
3..N01R,289,40.783313,-73.980371
3..N01R,290,40.783934,-73.979917
3..N01R,291,40.786953,-73.977656
3..N01R,292,40.787601,-73.977107
3..N01R,293,40.788644,-73.976218
3..N01R,294,40.788957,-73.975942
3..N01R,295,40.793919,-73.972323
3..N01R,296,40.794005,-73.972265
3..N01R,297,40.798506,-73.968980
3..N01R,298,40.798651,-73.968852
3..N01R,299,40.798781,-73.968720
3..N01R,300,40.798896,-73.968582
3..N01R,301,40.798996,-73.968441
3..N01R,302,40.799080,-73.968295
3..N01R,303,40.799150,-73.968144
3..N01R,304,40.799204,-73.967988
3..N01R,305,40.799244,-73.967828
3..N01R,306,40.799268,-73.967664
3..N01R,307,40.799278,-73.967495
3..N01R,308,40.799272,-73.967321
3..N01R,309,40.799251,-73.967143
3..N01R,310,40.799215,-73.966960
3..N01R,311,40.799164,-73.966773
3..N01R,312,40.799099,-73.966582
3..N01R,313,40.797184,-73.962047
3..N01R,314,40.797093,-73.961824
3..N01R,315,40.797002,-73.961593
3..N01R,316,40.796934,-73.961388
3..N01R,317,40.796890,-73.961185
3..N01R,318,40.796872,-73.960984
3..N01R,319,40.796883,-73.960795
3..N01R,320,40.796904,-73.960573
3..N01R,321,40.797535,-73.956739
3..N01R,322,40.798111,-73.953676
3..N01R,323,40.798177,-73.953310
3..N01R,324,40.798251,-73.953008
3..N01R,325,40.798356,-73.952702
3..N01R,326,40.798469,-73.952470
3..N01R,327,40.798560,-73.952322
3..N01R,328,40.798665,-73.952174
3..N01R,329,40.798841,-73.952007
3..N01R,330,40.799075,-73.951822
3..N01R,331,40.802098,-73.949625
3..N01R,332,40.807754,-73.945495
3..N01R,333,40.814229,-73.940770
3..N01R,334,40.818371,-73.937754
3..N01R,335,40.820421,-73.936245
3..N01R,336,40.821157,-73.935700
3..N01R,337,40.821174,-73.935688
3..N01R,338,40.821190,-73.935677
3..N01R,339,40.821205,-73.935665
3..N01R,340,40.821220,-73.935654
3..N01R,341,40.821234,-73.935642
3..N01R,342,40.821248,-73.935630
3..N01R,343,40.821262,-73.935618
3..N01R,344,40.821276,-73.935606
3..N01R,345,40.821289,-73.935594
3..N01R,346,40.821301,-73.935582
3..N01R,347,40.821314,-73.935570
3..N01R,348,40.821326,-73.935557
3..N01R,349,40.821337,-73.935545
3..N01R,350,40.821348,-73.935532
3..N01R,351,40.821358,-73.935519
3..N01R,352,40.821629,-73.935242
3..N01R,353,40.821645,-73.935225
3..N01R,354,40.821660,-73.935208
3..N01R,355,40.821675,-73.935192
3..N01R,356,40.821691,-73.935177
3..N01R,357,40.821707,-73.935163
3..N01R,358,40.821724,-73.935149
3..N01R,359,40.821740,-73.935135
3..N01R,360,40.821758,-73.935123
3..N01R,361,40.821775,-73.935111
3..N01R,362,40.821793,-73.935099
3..N01R,363,40.821811,-73.935089
3..N01R,364,40.821830,-73.935078
3..N01R,365,40.821849,-73.935069
3..N01R,366,40.821868,-73.935060
3..N01R,367,40.821888,-73.935052
3..N01R,368,40.822494,-73.934809
3..N01R,369,40.822568,-73.934772
3..N01R,370,40.822641,-73.934745
3..N01R,371,40.822710,-73.934725
3..N01R,372,40.822777,-73.934714
3..N01R,373,40.822840,-73.934710
3..N01R,374,40.822901,-73.934715
3..N01R,375,40.822959,-73.934728
3..N01R,376,40.823014,-73.934748
3..N01R,377,40.823066,-73.934777
3..N01R,378,40.823115,-73.934814
3..N01R,379,40.823162,-73.934859
3..N01R,380,40.823205,-73.934911
3..N01R,381,40.823246,-73.934972
3..N01R,382,40.823283,-73.935041
3..N01R,383,40.823318,-73.935118
3..N01R,384,40.823880,-73.936470
4..N01R,0,40.666235,-73.884079
4..N01R,1,40.665449,-73.889395
4..N01R,2,40.664635,-73.894895
4..N01R,3,40.663515,-73.902447
4..N01R,4,40.662549,-73.908946
4..N01R,5,40.661453,-73.916327
4..N01R,6,40.661257,-73.917633
4..N01R,7,40.661201,-73.918036
4..N01R,8,40.661198,-73.918245
4..N01R,9,40.661222,-73.918438
4..N01R,10,40.661270,-73.918614
4..N01R,11,40.661345,-73.918789
4..N01R,12,40.661450,-73.918958
4..N01R,13,40.661573,-73.919094
4..N01R,14,40.664717,-73.922610
4..N01R,15,40.666124,-73.924177
4..N01R,16,40.666185,-73.924240
4..N01R,17,40.666249,-73.924293
4..N01R,18,40.666335,-73.924356
4..N01R,19,40.666422,-73.924410
4..N01R,20,40.666613,-73.924503
4..N01R,21,40.667332,-73.924808
4..N01R,22,40.667449,-73.924861
4..N01R,23,40.667552,-73.924915
4..N01R,24,40.667649,-73.924974
4..N01R,25,40.667735,-73.925038
4..N01R,26,40.667882,-73.925160
4..N01R,27,40.668087,-73.925356
4..N01R,28,40.668213,-73.925486
4..N01R,29,40.668271,-73.925553
4..N01R,30,40.668327,-73.925625
4..N01R,31,40.668373,-73.925706
4..N01R,32,40.668415,-73.925796
4..N01R,33,40.668473,-73.925986
4..N01R,34,40.668508,-73.926171
4..N01R,35,40.668536,-73.926368
4..N01R,36,40.668554,-73.926593
4..N01R,37,40.668897,-73.932942
4..N01R,38,40.669399,-73.942161
4..N01R,39,40.669847,-73.950466
4..N01R,40,40.669922,-73.951706
4..N01R,41,40.670083,-73.954713
4..N01R,42,40.670096,-73.954983
4..N01R,43,40.670118,-73.955258
4..N01R,44,40.670157,-73.955542
4..N01R,45,40.670208,-73.955823
4..N01R,46,40.670682,-73.958131
4..N01R,47,40.671987,-73.964375
4..N01R,48,40.672915,-73.968465
4..N01R,49,40.672955,-73.968631
4..N01R,50,40.672999,-73.968779
4..N01R,51,40.673056,-73.968947
4..N01R,52,40.673121,-73.969088
4..N01R,53,40.673208,-73.969259
4..N01R,54,40.673299,-73.969397
4..N01R,55,40.673414,-73.969546
4..N01R,56,40.673552,-73.969694
4..N01R,57,40.673679,-73.969806
4..N01R,58,40.675235,-73.971046
4..N01R,59,40.680829,-73.975098
4..N01R,60,40.684359,-73.977666
4..N01R,61,40.685781,-73.978708
4..N01R,62,40.688246,-73.980492
4..N01R,63,40.688475,-73.980654
4..N01R,64,40.688533,-73.980697
4..N01R,65,40.688593,-73.980740
4..N01R,66,40.688649,-73.980785
4..N01R,67,40.688705,-73.980833
4..N01R,68,40.688757,-73.980884
4..N01R,69,40.688808,-73.980941
4..N01R,70,40.688856,-73.981001
4..N01R,71,40.688902,-73.981065
4..N01R,72,40.688945,-73.981133
4..N01R,73,40.688987,-73.981205
4..N01R,74,40.689027,-73.981280
4..N01R,75,40.689062,-73.981360
4..N01R,76,40.689096,-73.981444
4..N01R,77,40.689130,-73.981529
4..N01R,78,40.689164,-73.981616
4..N01R,79,40.690545,-73.985065
4..N01R,80,40.692195,-73.989185
4..N01R,81,40.692211,-73.989230
4..N01R,82,40.692226,-73.989278
4..N01R,83,40.692242,-73.989328
4..N01R,84,40.692257,-73.989382
4..N01R,85,40.692271,-73.989438
4..N01R,86,40.692286,-73.989497
4..N01R,87,40.692300,-73.989558
4..N01R,88,40.692314,-73.989623
4..N01R,89,40.692328,-73.989690
4..N01R,90,40.692341,-73.989760
4..N01R,91,40.692354,-73.989832
4..N01R,92,40.692367,-73.989908
4..N01R,93,40.692380,-73.989986
4..N01R,94,40.692392,-73.990067
4..N01R,95,40.692404,-73.990151
4..N01R,96,40.693147,-73.995080
4..N01R,97,40.693837,-73.998992
4..N01R,98,40.693877,-73.999213
4..N01R,99,40.694217,-74.000520
4..N01R,100,40.694369,-74.001108
4..N01R,101,40.694560,-74.001884
4..N01R,102,40.694739,-74.002639
4..N01R,103,40.694909,-74.003274
4..N01R,104,40.695132,-74.003986
4..N01R,105,40.695366,-74.004589
4..N01R,106,40.695589,-74.005177
4..N01R,107,40.695813,-74.005764
4..N01R,108,40.696065,-74.006198
4..N01R,109,40.700938,-74.012544
4..N01R,110,40.702003,-74.013973
4..N01R,111,40.702119,-74.014111
4..N01R,112,40.702238,-74.014233
4..N01R,113,40.702361,-74.014341
4..N01R,114,40.702488,-74.014432
4..N01R,115,40.702618,-74.014509
4..N01R,116,40.702752,-74.014569
4..N01R,117,40.702890,-74.014615
4..N01R,118,40.703031,-74.014645
4..N01R,119,40.703176,-74.014660
4..N01R,120,40.703325,-74.014659
4..N01R,121,40.703477,-74.014643
4..N01R,122,40.703634,-74.014612
4..N01R,123,40.703793,-74.014565
4..N01R,124,40.703957,-74.014503
4..N01R,125,40.704123,-74.014428
4..N01R,126,40.704817,-74.014065
4..N01R,127,40.705053,-74.013932
4..N01R,128,40.705168,-74.013854
4..N01R,129,40.705299,-74.013759
4..N01R,130,40.707557,-74.011862
4..N01R,131,40.710368,-74.009509
4..N01R,132,40.711218,-74.008770
4..N01R,133,40.711238,-74.008748
4..N01R,134,40.711258,-74.008725
4..N01R,135,40.711278,-74.008700
4..N01R,136,40.711296,-74.008675
4..N01R,137,40.711314,-74.008649
4..N01R,138,40.711332,-74.008622
4..N01R,139,40.711348,-74.008594
4..N01R,140,40.711364,-74.008565
4..N01R,141,40.711379,-74.008536
4..N01R,142,40.711393,-74.008505
4..N01R,143,40.711406,-74.008473
4..N01R,144,40.711419,-74.008441
4..N01R,145,40.711431,-74.008407
4..N01R,146,40.711442,-74.008372
4..N01R,147,40.711451,-74.008338
4..N01R,148,40.712214,-74.005290
4..N01R,149,40.712228,-74.005233
4..N01R,150,40.712243,-74.005177
4..N01R,151,40.712260,-74.005124
4..N01R,152,40.712278,-74.005073
4..N01R,153,40.712297,-74.005023
4..N01R,154,40.712318,-74.004976
4..N01R,155,40.712340,-74.004930
4..N01R,156,40.712363,-74.004886
4..N01R,157,40.712387,-74.004845
4..N01R,158,40.712413,-74.004805
4..N01R,159,40.712440,-74.004767
4..N01R,160,40.712469,-74.004731
4..N01R,161,40.712498,-74.004697
4..N01R,162,40.712530,-74.004665
4..N01R,163,40.712564,-74.004631
4..N01R,164,40.713065,-74.004131
4..N01R,165,40.713850,-74.003437
4..N01R,166,40.713889,-74.003402
4..N01R,167,40.713930,-74.003369
4..N01R,168,40.713971,-74.003339
4..N01R,169,40.714014,-74.003311
4..N01R,170,40.714057,-74.003286
4..N01R,171,40.714102,-74.003263
4..N01R,172,40.714149,-74.003242
4..N01R,173,40.714196,-74.003224
4..N01R,174,40.714244,-74.003209
4..N01R,175,40.714294,-74.003195
4..N01R,176,40.714345,-74.003184
4..N01R,177,40.714396,-74.003176
4..N01R,178,40.714449,-74.003170
4..N01R,179,40.714504,-74.003166
4..N01R,180,40.714559,-74.003165
4..N01R,181,40.715371,-74.003063
4..N01R,182,40.715405,-74.003059
4..N01R,183,40.715438,-74.003054
4..N01R,184,40.715471,-74.003048
4..N01R,185,40.715503,-74.003040
4..N01R,186,40.715535,-74.003031
4..N01R,187,40.715566,-74.003020
4..N01R,188,40.715597,-74.003008
4..N01R,189,40.715627,-74.002994
4..N01R,190,40.715657,-74.002979
4..N01R,191,40.715687,-74.002963
4..N01R,192,40.715716,-74.002945
4..N01R,193,40.715744,-74.002925
4..N01R,194,40.715772,-74.002905
4..N01R,195,40.715800,-74.002883
4..N01R,196,40.715827,-74.002859
4..N01R,197,40.718803,-74.000193
4..N01R,198,40.720055,-73.999049
4..N01R,199,40.722125,-73.997276
4..N01R,200,40.722138,-73.997264
4..N01R,201,40.722151,-73.997253
4..N01R,202,40.722163,-73.997241
4..N01R,203,40.722176,-73.997231
4..N01R,204,40.722188,-73.997220
4..N01R,205,40.722201,-73.997210
4..N01R,206,40.722213,-73.997201
4..N01R,207,40.722225,-73.997191
4..N01R,208,40.722237,-73.997183
4..N01R,209,40.722249,-73.997174
4..N01R,210,40.722261,-73.997166
4..N01R,211,40.722273,-73.997158
4..N01R,212,40.722285,-73.997151
4..N01R,213,40.722301,-73.997141
4..N01R,214,40.722322,-73.997128
4..N01R,215,40.722336,-73.997120
4..N01R,216,40.722350,-73.997112
4..N01R,217,40.722364,-73.997104
4..N01R,218,40.722379,-73.997096
4..N01R,219,40.722393,-73.997088
4..N01R,220,40.722407,-73.997081
4..N01R,221,40.722421,-73.997073
4..N01R,222,40.722435,-73.997066
4..N01R,223,40.722450,-73.997060
4..N01R,224,40.722464,-73.997053
4..N01R,225,40.722478,-73.997047
4..N01R,226,40.722492,-73.997041
4..N01R,227,40.722507,-73.997035
4..N01R,228,40.722521,-73.997029
4..N01R,229,40.723289,-73.996736
4..N01R,230,40.723314,-73.996726
4..N01R,231,40.723340,-73.996714
4..N01R,232,40.723365,-73.996702
4..N01R,233,40.723390,-73.996690
4..N01R,234,40.723415,-73.996676
4..N01R,235,40.723439,-73.996662
4..N01R,236,40.723464,-73.996647
4..N01R,237,40.723488,-73.996631
4..N01R,238,40.723512,-73.996614
4..N01R,239,40.723536,-73.996597
4..N01R,240,40.723560,-73.996579
4..N01R,241,40.723584,-73.996560
4..N01R,242,40.723607,-73.996540
4..N01R,243,40.723631,-73.996519
4..N01R,244,40.723654,-73.996498
4..N01R,245,40.725915,-73.994659
4..N01R,246,40.727308,-73.993622
4..N01R,247,40.729514,-73.991740
4..N01R,248,40.729555,-73.991705
4..N01R,249,40.729595,-73.991669
4..N01R,250,40.729634,-73.991631
4..N01R,251,40.729673,-73.991592
4..N01R,252,40.729711,-73.991551
4..N01R,253,40.729748,-73.991509
4..N01R,254,40.729785,-73.991466
4..N01R,255,40.729821,-73.991422
4..N01R,256,40.729856,-73.991376
4..N01R,257,40.729891,-73.991328
4..N01R,258,40.729925,-73.991280
4..N01R,259,40.729958,-73.991229
4..N01R,260,40.729991,-73.991178
4..N01R,261,40.730023,-73.991125
4..N01R,262,40.730054,-73.991070
4..N01R,263,40.730098,-73.991003
4..N01R,264,40.730144,-73.990941
4..N01R,265,40.730194,-73.990882
4..N01R,266,40.730246,-73.990827
4..N01R,267,40.730300,-73.990775
4..N01R,268,40.730358,-73.990727
4..N01R,269,40.730419,-73.990682
4..N01R,270,40.730482,-73.990641
4..N01R,271,40.730548,-73.990603
4..N01R,272,40.730618,-73.990569
4..N01R,273,40.730690,-73.990538
4..N01R,274,40.730765,-73.990511
4..N01R,275,40.730843,-73.990488
4..N01R,276,40.730923,-73.990468
4..N01R,277,40.731008,-73.990453
4..N01R,278,40.733476,-73.989863
4..N01R,279,40.733543,-73.989854
4..N01R,280,40.733612,-73.989847
4..N01R,281,40.733682,-73.989842
4..N01R,282,40.733755,-73.989839
4..N01R,283,40.733829,-73.989838
4..N01R,284,40.733905,-73.989840
4..N01R,285,40.733983,-73.989843
4..N01R,286,40.734063,-73.989849
4..N01R,287,40.734145,-73.989857
4..N01R,288,40.734228,-73.989867
4..N01R,289,40.734314,-73.989880
4..N01R,290,40.734401,-73.989894
4..N01R,291,40.734490,-73.989911
4..N01R,292,40.734580,-73.989930
4..N01R,293,40.734673,-73.989951
4..N01R,294,40.734726,-73.989958
4..N01R,295,40.734779,-73.989964
4..N01R,296,40.734832,-73.989967
4..N01R,297,40.734884,-73.989969
4..N01R,298,40.734935,-73.989968
4..N01R,299,40.734986,-73.989965
4..N01R,300,40.735035,-73.989960
4..N01R,301,40.735084,-73.989953
4..N01R,302,40.735133,-73.989944
4..N01R,303,40.735181,-73.989933
4..N01R,304,40.735228,-73.989920
4..N01R,305,40.735274,-73.989904
4..N01R,306,40.735320,-73.989887
4..N01R,307,40.735365,-73.989867
4..N01R,308,40.735409,-73.989845
4..N01R,309,40.739864,-73.986599
4..N01R,310,40.743070,-73.984264
4..N01R,311,40.746081,-73.982076
4..N01R,312,40.751266,-73.978287
4..N01R,313,40.751298,-73.978260
4..N01R,314,40.751327,-73.978232
4..N01R,315,40.751355,-73.978203
4..N01R,316,40.751381,-73.978172
4..N01R,317,40.751406,-73.978141
4..N01R,318,40.751430,-73.978108
4..N01R,319,40.751452,-73.978074
4..N01R,320,40.751472,-73.978038
4..N01R,321,40.751491,-73.978002
4..N01R,322,40.751509,-73.977964
4..N01R,323,40.751525,-73.977925
4..N01R,324,40.751540,-73.977884
4..N01R,325,40.751553,-73.977843
4..N01R,326,40.751565,-73.977800
4..N01R,327,40.751575,-73.977756
4..N01R,328,40.751776,-73.976848
4..N01R,329,40.751967,-73.976038
4..N01R,330,40.751983,-73.975979
4..N01R,331,40.751998,-73.975923
4..N01R,332,40.752014,-73.975869
4..N01R,333,40.752032,-73.975817
4..N01R,334,40.752051,-73.975768
4..N01R,335,40.752072,-73.975721
4..N01R,336,40.752095,-73.975676
4..N01R,337,40.752119,-73.975634
4..N01R,338,40.752145,-73.975594
4..N01R,339,40.752173,-73.975556
4..N01R,340,40.752202,-73.975521
4..N01R,341,40.752233,-73.975487
4..N01R,342,40.752266,-73.975456
4..N01R,343,40.752300,-73.975427
4..N01R,344,40.752336,-73.975400
4..N01R,345,40.757107,-73.971920
4..N01R,346,40.762526,-73.967967
4..N01R,347,40.768141,-73.963870
4..N01R,348,40.773620,-73.959874
4..N01R,349,40.779492,-73.955589
4..N01R,350,40.785672,-73.951070
4..N01R,351,40.790600,-73.947478
4..N01R,352,40.795020,-73.944250
4..N01R,353,40.798629,-73.941617
4..N01R,354,40.804138,-73.937594
4..N01R,355,40.804172,-73.937570
4..N01R,356,40.808118,-73.934685
4..N01R,357,40.808149,-73.934662
4..N01R,358,40.808179,-73.934639
4..N01R,359,40.808209,-73.934616
4..N01R,360,40.808239,-73.934592
4..N01R,361,40.808267,-73.934569
4..N01R,362,40.808296,-73.934546
4..N01R,363,40.808323,-73.934523
4..N01R,364,40.808351,-73.934501
4..N01R,365,40.808377,-73.934478
4..N01R,366,40.808403,-73.934455
4..N01R,367,40.808429,-73.934433
4..N01R,368,40.808454,-73.934410
4..N01R,369,40.808479,-73.934388
4..N01R,370,40.808503,-73.934366
4..N01R,371,40.808526,-73.934344
4..N01R,372,40.812093,-73.930931
4..N01R,373,40.813224,-73.929849
4..N01R,374,40.813881,-73.929281
4..N01R,375,40.813931,-73.929244
4..N01R,376,40.813982,-73.929209
4..N01R,377,40.814033,-73.929174
4..N01R,378,40.814085,-73.929142
4..N01R,379,40.814137,-73.929110
4..N01R,380,40.814189,-73.929080
4..N01R,381,40.814242,-73.929051
4..N01R,382,40.814295,-73.929023
4..N01R,383,40.814348,-73.928997
4..N01R,384,40.814402,-73.928972
4..N01R,385,40.814456,-73.928949
4..N01R,386,40.814511,-73.928927
4..N01R,387,40.814566,-73.928906
4..N01R,388,40.814621,-73.928886
4..N01R,389,40.814677,-73.928868
4..N01R,390,40.816617,-73.928138
4..N01R,391,40.816675,-73.928118
4..N01R,392,40.816732,-73.928097
4..N01R,393,40.816790,-73.928076
4..N01R,394,40.816847,-73.928054
4..N01R,395,40.816905,-73.928031
4..N01R,396,40.816962,-73.928008
4..N01R,397,40.817019,-73.927985
4..N01R,398,40.817077,-73.927961
4..N01R,399,40.817134,-73.927936
4..N01R,400,40.817191,-73.927911
4..N01R,401,40.817247,-73.927885
4..N01R,402,40.817304,-73.927859
4..N01R,403,40.817361,-73.927832
4..N01R,404,40.817417,-73.927805
4..N01R,405,40.817474,-73.927778
4..N01R,406,40.818375,-73.927351
4..N01R,407,40.820256,-73.926469
4..N01R,408,40.820412,-73.926398
4..N01R,409,40.820563,-73.926341
4..N01R,410,40.820713,-73.926291
4..N01R,411,40.820861,-73.926251
4..N01R,412,40.821007,-73.926218
4..N01R,413,40.821152,-73.926194
4..N01R,414,40.821296,-73.926179
4..N01R,415,40.821438,-73.926171
4..N01R,416,40.821579,-73.926173
4..N01R,417,40.821718,-73.926182
4..N01R,418,40.821856,-73.926200
4..N01R,419,40.821992,-73.926226
4..N01R,420,40.822127,-73.926261
4..N01R,421,40.822260,-73.926304
4..N01R,422,40.822389,-73.926350
4..N01R,423,40.824371,-73.927026
4..N01R,424,40.824472,-73.927070
4..N01R,425,40.824562,-73.927106
4..N01R,426,40.824649,-73.927132
4..N01R,427,40.824773,-73.927165
4..N01R,428,40.824910,-73.927191
4..N01R,429,40.825108,-73.927210
4..N01R,430,40.825316,-73.927208
4..N01R,431,40.825624,-73.927148
4..N01R,432,40.825847,-73.927074
4..N01R,433,40.826064,-73.926972
4..N01R,434,40.826290,-73.926840
4..N01R,435,40.827994,-73.925831
4..N01R,436,40.835537,-73.921400
4..N01R,437,40.837105,-73.920476
4..N01R,438,40.837361,-73.920309
4..N01R,439,40.837556,-73.920130
4..N01R,440,40.837704,-73.919948
4..N01R,441,40.837967,-73.919553
4..N01R,442,40.838130,-73.919312
4..N01R,443,40.838292,-73.919114
4..N01R,444,40.838463,-73.918951
4..N01R,445,40.838699,-73.918774
4..N01R,446,40.840075,-73.917791
4..N01R,447,40.844434,-73.914685
4..N01R,448,40.848480,-73.911794
4..N01R,449,40.850105,-73.910631
4..N01R,450,40.850182,-73.910580
4..N01R,451,40.850257,-73.910527
4..N01R,452,40.850332,-73.910472
4..N01R,453,40.850407,-73.910417
4..N01R,454,40.850482,-73.910360
4..N01R,455,40.850556,-73.910302
4..N01R,456,40.850631,-73.910243
4..N01R,457,40.850705,-73.910183
4..N01R,458,40.850779,-73.910121
4..N01R,459,40.850853,-73.910058
4..N01R,460,40.850927,-73.909995
4..N01R,461,40.851000,-73.909929
4..N01R,462,40.851074,-73.909863
4..N01R,463,40.851147,-73.909796
4..N01R,464,40.851220,-73.909727
4..N01R,465,40.853453,-73.907684
4..N01R,466,40.855537,-73.905801
4..N01R,467,40.855612,-73.905731
4..N01R,468,40.855688,-73.905663
4..N01R,469,40.855764,-73.905597
4..N01R,470,40.855839,-73.905533
4..N01R,471,40.855915,-73.905470
4..N01R,472,40.855991,-73.905409
4..N01R,473,40.856067,-73.905350
4..N01R,474,40.856143,-73.905292
4..N01R,475,40.856219,-73.905236
4..N01R,476,40.856295,-73.905182
4..N01R,477,40.856371,-73.905129
4..N01R,478,40.856446,-73.905078
4..N01R,479,40.856522,-73.905029
4..N01R,480,40.856598,-73.904981
4..N01R,481,40.856673,-73.904933
4..N01R,482,40.858407,-73.903879
4..N01R,483,40.861321,-73.902090
4..N01R,484,40.861383,-73.902053
4..N01R,485,40.861442,-73.902017
4..N01R,486,40.861500,-73.901982
4..N01R,487,40.861555,-73.901948
4..N01R,488,40.861609,-73.901915
4..N01R,489,40.861660,-73.901882
4..N01R,490,40.861709,-73.901851
4..N01R,491,40.861756,-73.901821
4..N01R,492,40.861801,-73.901792
4..N01R,493,40.861844,-73.901763
4..N01R,494,40.861885,-73.901736
4..N01R,495,40.861924,-73.901710
4..N01R,496,40.861961,-73.901684
4..N01R,497,40.861995,-73.901660
4..N01R,498,40.862028,-73.901636
4..N01R,499,40.862803,-73.901034
4..N01R,500,40.867760,-73.897174
4..N01R,501,40.870029,-73.895412
4..N01R,502,40.870071,-73.895375
4..N01R,503,40.870113,-73.895338
4..N01R,504,40.870154,-73.895300
4..N01R,505,40.870194,-73.895261
4..N01R,506,40.870233,-73.895221
4..N01R,507,40.870271,-73.895180
4..N01R,508,40.870308,-73.895138
4..N01R,509,40.870344,-73.895095
4..N01R,510,40.870379,-73.895052
4..N01R,511,40.870413,-73.895007
4..N01R,512,40.870446,-73.894961
4..N01R,513,40.870477,-73.894915
4..N01R,514,40.870508,-73.894867
4..N01R,515,40.870538,-73.894819
4..N01R,516,40.870567,-73.894770
4..N01R,517,40.871644,-73.892543
4..N01R,518,40.871675,-73.892483
4..N01R,519,40.871707,-73.892422
4..N01R,520,40.871741,-73.892360
4..N01R,521,40.871776,-73.892297
4..N01R,522,40.871812,-73.892233
4..N01R,523,40.871849,-73.892168
4..N01R,524,40.871888,-73.892103
4..N01R,525,40.871928,-73.892037
4..N01R,526,40.871970,-73.891970
4..N01R,527,40.872012,-73.891902
4..N01R,528,40.872057,-73.891833
4..N01R,529,40.872102,-73.891764
4..N01R,530,40.872149,-73.891693
4..N01R,531,40.872197,-73.891622
4..N01R,532,40.872246,-73.891551
4..N01R,533,40.873412,-73.890064
4..N01R,534,40.874005,-73.889335
4..N01R,535,40.874041,-73.889294
4..N01R,536,40.874078,-73.889253
4..N01R,537,40.874115,-73.889214
4..N01R,538,40.874154,-73.889175
4..N01R,539,40.874193,-73.889138
4..N01R,540,40.874233,-73.889102
4..N01R,541,40.874273,-73.889066
4..N01R,542,40.874315,-73.889032
4..N01R,543,40.874357,-73.888999
4..N01R,544,40.874400,-73.888966
4..N01R,545,40.874444,-73.888935
4..N01R,546,40.874489,-73.888905
4..N01R,547,40.874535,-73.888875
4..N01R,548,40.874581,-73.888847
4..N01R,549,40.874628,-73.888820
4..N01R,550,40.876764,-73.887857
4..N01R,551,40.876819,-73.887827
4..N01R,552,40.876873,-73.887796
4..N01R,553,40.876926,-73.887764
4..N01R,554,40.876978,-73.887730
4..N01R,555,40.877029,-73.887695
4..N01R,556,40.877080,-73.887659
4..N01R,557,40.877129,-73.887621
4..N01R,558,40.877178,-73.887581
4..N01R,559,40.877226,-73.887540
4..N01R,560,40.877273,-73.887498
4..N01R,561,40.877320,-73.887454
4..N01R,562,40.877365,-73.887409
4..N01R,563,40.877409,-73.887363
4..N01R,564,40.877453,-73.887315
4..N01R,565,40.877496,-73.887266
4..N01R,566,40.879750,-73.884655
4..N01R,567,40.882310,-73.881692
4..N01R,568,40.882368,-73.881629
4..N01R,569,40.882426,-73.881567
4..N01R,570,40.882483,-73.881506
4..N01R,571,40.882541,-73.881447
4..N01R,572,40.882599,-73.881389
4..N01R,573,40.882656,-73.881332
4..N01R,574,40.882714,-73.881276
4..N01R,575,40.882772,-73.881222
4..N01R,576,40.882829,-73.881169
4..N01R,577,40.882887,-73.881118
4..N01R,578,40.882945,-73.881067
4..N01R,579,40.883002,-73.881018
4..N01R,580,40.883060,-73.880971
4..N01R,581,40.883117,-73.880924
4..N01R,582,40.883175,-73.880879
4..N01R,583,40.886037,-73.878751
4..S13R,0,40.886037,-73.878751
4..S13R,1,40.883175,-73.880879
4..S13R,2,40.883117,-73.880924
4..S13R,3,40.883060,-73.880971
4..S13R,4,40.883002,-73.881018
4..S13R,5,40.882945,-73.881067
4..S13R,6,40.882887,-73.881118
4..S13R,7,40.882829,-73.881169
4..S13R,8,40.882772,-73.881222
4..S13R,9,40.882714,-73.881276
4..S13R,10,40.882656,-73.881332
4..S13R,11,40.882599,-73.881389
4..S13R,12,40.882541,-73.881447
4..S13R,13,40.882483,-73.881506
4..S13R,14,40.882426,-73.881567
4..S13R,15,40.882368,-73.881629
4..S13R,16,40.882310,-73.881692
4..S13R,17,40.879750,-73.884655
4..S13R,18,40.877496,-73.887266
4..S13R,19,40.877453,-73.887315
4..S13R,20,40.877409,-73.887363
4..S13R,21,40.877365,-73.887409
4..S13R,22,40.877320,-73.887454
4..S13R,23,40.877273,-73.887498
4..S13R,24,40.877226,-73.887540
4..S13R,25,40.877178,-73.887581
4..S13R,26,40.877129,-73.887621
4..S13R,27,40.877080,-73.887659
4..S13R,28,40.877029,-73.887695
4..S13R,29,40.876978,-73.887730
4..S13R,30,40.876926,-73.887764
4..S13R,31,40.876873,-73.887796
4..S13R,32,40.876819,-73.887827
4..S13R,33,40.876764,-73.887857
4..S13R,34,40.874628,-73.888820
4..S13R,35,40.874581,-73.888847
4..S13R,36,40.874535,-73.888875
4..S13R,37,40.874489,-73.888905
4..S13R,38,40.874444,-73.888935
4..S13R,39,40.874400,-73.888966
4..S13R,40,40.874357,-73.888999
4..S13R,41,40.874315,-73.889032
4..S13R,42,40.874273,-73.889066
4..S13R,43,40.874233,-73.889102
4..S13R,44,40.874193,-73.889138
4..S13R,45,40.874154,-73.889175
4..S13R,46,40.874115,-73.889214
4..S13R,47,40.874078,-73.889253
4..S13R,48,40.874041,-73.889294
4..S13R,49,40.874005,-73.889335
4..S13R,50,40.873412,-73.890064
4..S13R,51,40.872246,-73.891551
4..S13R,52,40.872197,-73.891622
4..S13R,53,40.872149,-73.891693
4..S13R,54,40.872102,-73.891764
4..S13R,55,40.872057,-73.891833
4..S13R,56,40.872012,-73.891902
4..S13R,57,40.871970,-73.891970
4..S13R,58,40.871928,-73.892037
4..S13R,59,40.871888,-73.892103
4..S13R,60,40.871849,-73.892168
4..S13R,61,40.871812,-73.892233
4..S13R,62,40.871776,-73.892297
4..S13R,63,40.871741,-73.892360
4..S13R,64,40.871707,-73.892422
4..S13R,65,40.871675,-73.892483
4..S13R,66,40.871644,-73.892543
4..S13R,67,40.870567,-73.894770
4..S13R,68,40.870538,-73.894819
4..S13R,69,40.870508,-73.894867
4..S13R,70,40.870477,-73.894915
4..S13R,71,40.870446,-73.894961
4..S13R,72,40.870413,-73.895007
4..S13R,73,40.870379,-73.895052
4..S13R,74,40.870344,-73.895095
4..S13R,75,40.870308,-73.895138
4..S13R,76,40.870271,-73.895180
4..S13R,77,40.870233,-73.895221
4..S13R,78,40.870194,-73.895261
4..S13R,79,40.870154,-73.895300
4..S13R,80,40.870113,-73.895338
4..S13R,81,40.870071,-73.895375
4..S13R,82,40.870029,-73.895412
4..S13R,83,40.867760,-73.897174
4..S13R,84,40.862803,-73.901034
4..S13R,85,40.862028,-73.901636
4..S13R,86,40.861995,-73.901660
4..S13R,87,40.861961,-73.901684
4..S13R,88,40.861924,-73.901710
4..S13R,89,40.861885,-73.901736
4..S13R,90,40.861844,-73.901763
4..S13R,91,40.861801,-73.901792
4..S13R,92,40.861756,-73.901821
4..S13R,93,40.861709,-73.901851
4..S13R,94,40.861660,-73.901882
4..S13R,95,40.861609,-73.901915
4..S13R,96,40.861555,-73.901948
4..S13R,97,40.861500,-73.901982
4..S13R,98,40.861442,-73.902017
4..S13R,99,40.861383,-73.902053
4..S13R,100,40.861321,-73.902090
4..S13R,101,40.858407,-73.903879
4..S13R,102,40.856673,-73.904933
4..S13R,103,40.856598,-73.904981
4..S13R,104,40.856522,-73.905029
4..S13R,105,40.856446,-73.905078
4..S13R,106,40.856371,-73.905129
4..S13R,107,40.856295,-73.905182
4..S13R,108,40.856219,-73.905236
4..S13R,109,40.856143,-73.905292
4..S13R,110,40.856067,-73.905350
4..S13R,111,40.855991,-73.905409
4..S13R,112,40.855915,-73.905470
4..S13R,113,40.855839,-73.905533
4..S13R,114,40.855764,-73.905597
4..S13R,115,40.855688,-73.905663
4..S13R,116,40.855612,-73.905731
4..S13R,117,40.855537,-73.905801
4..S13R,118,40.853453,-73.907684
4..S13R,119,40.851220,-73.909727
4..S13R,120,40.851147,-73.909796
4..S13R,121,40.851074,-73.909863
4..S13R,122,40.851000,-73.909929
4..S13R,123,40.850927,-73.909995
4..S13R,124,40.850853,-73.910058
4..S13R,125,40.850779,-73.910121
4..S13R,126,40.850705,-73.910183
4..S13R,127,40.850631,-73.910243
4..S13R,128,40.850556,-73.910302
4..S13R,129,40.850482,-73.910360
4..S13R,130,40.850407,-73.910417
4..S13R,131,40.850332,-73.910472
4..S13R,132,40.850257,-73.910527
4..S13R,133,40.850182,-73.910580
4..S13R,134,40.850105,-73.910631
4..S13R,135,40.848480,-73.911794
4..S13R,136,40.844434,-73.914685
4..S13R,137,40.840075,-73.917791
4..S13R,138,40.838699,-73.918774
4..S13R,139,40.838463,-73.918951
4..S13R,140,40.838292,-73.919114
4..S13R,141,40.838130,-73.919312
4..S13R,142,40.837967,-73.919553
4..S13R,143,40.837704,-73.919948
4..S13R,144,40.837556,-73.920130
4..S13R,145,40.837361,-73.920309
4..S13R,146,40.837105,-73.920476
4..S13R,147,40.835537,-73.921400
4..S13R,148,40.827994,-73.925831
4..S13R,149,40.826290,-73.926840
4..S13R,150,40.826064,-73.926972
4..S13R,151,40.825847,-73.927074
4..S13R,152,40.825624,-73.927148
4..S13R,153,40.825316,-73.927208
4..S13R,154,40.825108,-73.927210
4..S13R,155,40.824910,-73.927191
4..S13R,156,40.824773,-73.927165
4..S13R,157,40.824649,-73.927132
4..S13R,158,40.824562,-73.927106
4..S13R,159,40.824472,-73.927070
4..S13R,160,40.824371,-73.927026
4..S13R,161,40.822389,-73.926350
4..S13R,162,40.822260,-73.926304
4..S13R,163,40.822127,-73.926261
4..S13R,164,40.821992,-73.926226
4..S13R,165,40.821856,-73.926200
4..S13R,166,40.821718,-73.926182
4..S13R,167,40.821579,-73.926173
4..S13R,168,40.821438,-73.926171
4..S13R,169,40.821296,-73.926179
4..S13R,170,40.821152,-73.926194
4..S13R,171,40.821007,-73.926218
4..S13R,172,40.820861,-73.926251
4..S13R,173,40.820713,-73.926291
4..S13R,174,40.820563,-73.926341
4..S13R,175,40.820412,-73.926398
4..S13R,176,40.820256,-73.926469
4..S13R,177,40.818375,-73.927351
4..S13R,178,40.817474,-73.927778
4..S13R,179,40.817417,-73.927805
4..S13R,180,40.817361,-73.927832
4..S13R,181,40.817304,-73.927859
4..S13R,182,40.817247,-73.927885
4..S13R,183,40.817191,-73.927911
4..S13R,184,40.817134,-73.927936
4..S13R,185,40.817077,-73.927961
4..S13R,186,40.817019,-73.927985
4..S13R,187,40.816962,-73.928008
4..S13R,188,40.816905,-73.928031
4..S13R,189,40.816847,-73.928054
4..S13R,190,40.816790,-73.928076
4..S13R,191,40.816732,-73.928097
4..S13R,192,40.816675,-73.928118
4..S13R,193,40.816617,-73.928138
4..S13R,194,40.814677,-73.928868
4..S13R,195,40.814621,-73.928886
4..S13R,196,40.814566,-73.928906
4..S13R,197,40.814511,-73.928927
4..S13R,198,40.814456,-73.928949
4..S13R,199,40.814402,-73.928972
4..S13R,200,40.814348,-73.928997
4..S13R,201,40.814295,-73.929023
4..S13R,202,40.814242,-73.929051
4..S13R,203,40.814189,-73.929080
4..S13R,204,40.814137,-73.929110
4..S13R,205,40.814085,-73.929142
4..S13R,206,40.814033,-73.929174
4..S13R,207,40.813982,-73.929209
4..S13R,208,40.813931,-73.929244
4..S13R,209,40.813881,-73.929281
4..S13R,210,40.813224,-73.929849
4..S13R,211,40.812093,-73.930931
4..S13R,212,40.808526,-73.934344
4..S13R,213,40.808503,-73.934366
4..S13R,214,40.808479,-73.934388
4..S13R,215,40.808454,-73.934410
4..S13R,216,40.808429,-73.934433
4..S13R,217,40.808403,-73.934455
4..S13R,218,40.808377,-73.934478
4..S13R,219,40.808351,-73.934501
4..S13R,220,40.808323,-73.934523
4..S13R,221,40.808296,-73.934546
4..S13R,222,40.808267,-73.934569
4..S13R,223,40.808239,-73.934592
4..S13R,224,40.808209,-73.934616
4..S13R,225,40.808179,-73.934639
4..S13R,226,40.808149,-73.934662
4..S13R,227,40.808118,-73.934685
4..S13R,228,40.804172,-73.937570
4..S13R,229,40.804138,-73.937594
4..S13R,230,40.798629,-73.941617
4..S13R,231,40.795020,-73.944250
4..S13R,232,40.790600,-73.947478
4..S13R,233,40.785672,-73.951070
4..S13R,234,40.779492,-73.955589
4..S13R,235,40.773620,-73.959874
4..S13R,236,40.768141,-73.963870
4..S13R,237,40.762526,-73.967967
4..S13R,238,40.757107,-73.971920
4..S13R,239,40.752336,-73.975400
4..S13R,240,40.752300,-73.975427
4..S13R,241,40.752266,-73.975456
4..S13R,242,40.752233,-73.975487
4..S13R,243,40.752202,-73.975521
4..S13R,244,40.752173,-73.975556
4..S13R,245,40.752145,-73.975594
4..S13R,246,40.752119,-73.975634
4..S13R,247,40.752095,-73.975676
4..S13R,248,40.752072,-73.975721
4..S13R,249,40.752051,-73.975768
4..S13R,250,40.752032,-73.975817
4..S13R,251,40.752014,-73.975869
4..S13R,252,40.751998,-73.975923
4..S13R,253,40.751983,-73.975979
4..S13R,254,40.751967,-73.976038
4..S13R,255,40.751776,-73.976848
4..S13R,256,40.751575,-73.977756
4..S13R,257,40.751565,-73.977800
4..S13R,258,40.751553,-73.977843
4..S13R,259,40.751540,-73.977884
4..S13R,260,40.751525,-73.977925
4..S13R,261,40.751509,-73.977964
4..S13R,262,40.751491,-73.978002
4..S13R,263,40.751472,-73.978038
4..S13R,264,40.751452,-73.978074
4..S13R,265,40.751430,-73.978108
4..S13R,266,40.751406,-73.978141
4..S13R,267,40.751381,-73.978172
4..S13R,268,40.751355,-73.978203
4..S13R,269,40.751327,-73.978232
4..S13R,270,40.751298,-73.978260
4..S13R,271,40.751266,-73.978287
4..S13R,272,40.746081,-73.982076
4..S13R,273,40.743070,-73.984264
4..S13R,274,40.739864,-73.986599
4..S13R,275,40.735409,-73.989845
4..S13R,276,40.735365,-73.989867
4..S13R,277,40.735320,-73.989887
4..S13R,278,40.735274,-73.989904
4..S13R,279,40.735228,-73.989920
4..S13R,280,40.735181,-73.989933
4..S13R,281,40.735133,-73.989944
4..S13R,282,40.735084,-73.989953
4..S13R,283,40.735035,-73.989960
4..S13R,284,40.734986,-73.989965
4..S13R,285,40.734935,-73.989968
4..S13R,286,40.734884,-73.989969
4..S13R,287,40.734832,-73.989967
4..S13R,288,40.734779,-73.989964
4..S13R,289,40.734726,-73.989958
4..S13R,290,40.734673,-73.989951
4..S13R,291,40.734580,-73.989930
4..S13R,292,40.734490,-73.989911
4..S13R,293,40.734401,-73.989894
4..S13R,294,40.734314,-73.989880
4..S13R,295,40.734228,-73.989867
4..S13R,296,40.734145,-73.989857
4..S13R,297,40.734063,-73.989849
4..S13R,298,40.733983,-73.989843
4..S13R,299,40.733905,-73.989840
4..S13R,300,40.733829,-73.989838
4..S13R,301,40.733755,-73.989839
4..S13R,302,40.733682,-73.989842
4..S13R,303,40.733612,-73.989847
4..S13R,304,40.733543,-73.989854
4..S13R,305,40.733476,-73.989863
4..S13R,306,40.731008,-73.990453
4..S13R,307,40.730923,-73.990468
4..S13R,308,40.730843,-73.990488
4..S13R,309,40.730765,-73.990511
4..S13R,310,40.730690,-73.990538
4..S13R,311,40.730618,-73.990569
4..S13R,312,40.730548,-73.990603
4..S13R,313,40.730482,-73.990641
4..S13R,314,40.730419,-73.990682
4..S13R,315,40.730358,-73.990727
4..S13R,316,40.730300,-73.990775
4..S13R,317,40.730246,-73.990827
4..S13R,318,40.730194,-73.990882
4..S13R,319,40.730144,-73.990941
4..S13R,320,40.730098,-73.991003
4..S13R,321,40.730054,-73.991070
4..S13R,322,40.730023,-73.991125
4..S13R,323,40.729991,-73.991178
4..S13R,324,40.729958,-73.991229
4..S13R,325,40.729925,-73.991280
4..S13R,326,40.729891,-73.991328
4..S13R,327,40.729856,-73.991376
4..S13R,328,40.729821,-73.991422
4..S13R,329,40.729785,-73.991466
4..S13R,330,40.729748,-73.991509
4..S13R,331,40.729711,-73.991551
4..S13R,332,40.729673,-73.991592
4..S13R,333,40.729634,-73.991631
4..S13R,334,40.729595,-73.991669
4..S13R,335,40.729555,-73.991705
4..S13R,336,40.729514,-73.991740
4..S13R,337,40.727308,-73.993622
4..S13R,338,40.725915,-73.994659
4..S13R,339,40.723654,-73.996498
4..S13R,340,40.723631,-73.996519
4..S13R,341,40.723607,-73.996540
4..S13R,342,40.723584,-73.996560
4..S13R,343,40.723560,-73.996579
4..S13R,344,40.723536,-73.996597
4..S13R,345,40.723512,-73.996614
4..S13R,346,40.723488,-73.996631
4..S13R,347,40.723464,-73.996647
4..S13R,348,40.723439,-73.996662
4..S13R,349,40.723415,-73.996676
4..S13R,350,40.723390,-73.996690
4..S13R,351,40.723365,-73.996702
4..S13R,352,40.723340,-73.996714
4..S13R,353,40.723314,-73.996726
4..S13R,354,40.723289,-73.996736
4..S13R,355,40.722521,-73.997029
4..S13R,356,40.722507,-73.997035
4..S13R,357,40.722492,-73.997041
4..S13R,358,40.722478,-73.997047
4..S13R,359,40.722464,-73.997053
4..S13R,360,40.722450,-73.997060
4..S13R,361,40.722435,-73.997066
4..S13R,362,40.722421,-73.997073
4..S13R,363,40.722407,-73.997081
4..S13R,364,40.722393,-73.997088
4..S13R,365,40.722379,-73.997096
4..S13R,366,40.722364,-73.997104
4..S13R,367,40.722350,-73.997112
4..S13R,368,40.722336,-73.997120
4..S13R,369,40.722322,-73.997128
4..S13R,370,40.722301,-73.997141
4..S13R,371,40.722285,-73.997151
4..S13R,372,40.722273,-73.997158
4..S13R,373,40.722261,-73.997166
4..S13R,374,40.722249,-73.997174
4..S13R,375,40.722237,-73.997183
4..S13R,376,40.722225,-73.997191
4..S13R,377,40.722213,-73.997201
4..S13R,378,40.722201,-73.997210
4..S13R,379,40.722188,-73.997220
4..S13R,380,40.722176,-73.997231
4..S13R,381,40.722163,-73.997241
4..S13R,382,40.722151,-73.997253
4..S13R,383,40.722138,-73.997264
4..S13R,384,40.722125,-73.997276
4..S13R,385,40.720055,-73.999049
4..S13R,386,40.718803,-74.000193
4..S13R,387,40.715827,-74.002859
4..S13R,388,40.715800,-74.002883
4..S13R,389,40.715772,-74.002905
4..S13R,390,40.715744,-74.002925
4..S13R,391,40.715716,-74.002945
4..S13R,392,40.715687,-74.002963
4..S13R,393,40.715657,-74.002979
4..S13R,394,40.715627,-74.002994
4..S13R,395,40.715597,-74.003008
4..S13R,396,40.715566,-74.003020
4..S13R,397,40.715535,-74.003031
4..S13R,398,40.715503,-74.003040
4..S13R,399,40.715471,-74.003048
4..S13R,400,40.715438,-74.003054
4..S13R,401,40.715405,-74.003059
4..S13R,402,40.715371,-74.003063
4..S13R,403,40.714559,-74.003165
4..S13R,404,40.714504,-74.003166
4..S13R,405,40.714449,-74.003170
4..S13R,406,40.714396,-74.003176
4..S13R,407,40.714345,-74.003184
4..S13R,408,40.714294,-74.003195
4..S13R,409,40.714244,-74.003209
4..S13R,410,40.714196,-74.003224
4..S13R,411,40.714149,-74.003242
4..S13R,412,40.714102,-74.003263
4..S13R,413,40.714057,-74.003286
4..S13R,414,40.714014,-74.003311
4..S13R,415,40.713971,-74.003339
4..S13R,416,40.713930,-74.003369
4..S13R,417,40.713889,-74.003402
4..S13R,418,40.713850,-74.003437
4..S13R,419,40.713065,-74.004131
4..S13R,420,40.712564,-74.004631
4..S13R,421,40.712530,-74.004665
4..S13R,422,40.712498,-74.004697
4..S13R,423,40.712469,-74.004731
4..S13R,424,40.712440,-74.004767
4..S13R,425,40.712413,-74.004805
4..S13R,426,40.712387,-74.004845
4..S13R,427,40.712363,-74.004886
4..S13R,428,40.712340,-74.004930
4..S13R,429,40.712318,-74.004976
4..S13R,430,40.712297,-74.005023
4..S13R,431,40.712278,-74.005073
4..S13R,432,40.712260,-74.005124
4..S13R,433,40.712243,-74.005177
4..S13R,434,40.712228,-74.005233
4..S13R,435,40.712214,-74.005290
4..S13R,436,40.711451,-74.008338
4..S13R,437,40.711442,-74.008372
4..S13R,438,40.711431,-74.008407
4..S13R,439,40.711419,-74.008441
4..S13R,440,40.711406,-74.008473
4..S13R,441,40.711393,-74.008505
4..S13R,442,40.711379,-74.008536
4..S13R,443,40.711364,-74.008565
4..S13R,444,40.711348,-74.008594
4..S13R,445,40.711332,-74.008622
4..S13R,446,40.711314,-74.008649
4..S13R,447,40.711296,-74.008675
4..S13R,448,40.711278,-74.008700
4..S13R,449,40.711258,-74.008725
4..S13R,450,40.711238,-74.008748
4..S13R,451,40.711218,-74.008770
4..S13R,452,40.710368,-74.009509
4..S13R,453,40.707557,-74.011862
4..S13R,454,40.705299,-74.013759
4..S13R,455,40.705168,-74.013854
4..S13R,456,40.705053,-74.013932
4..S13R,457,40.704817,-74.014065
4..S13R,458,40.704123,-74.014428
4..S13R,459,40.703957,-74.014503
4..S13R,460,40.703793,-74.014565
4..S13R,461,40.703634,-74.014612
4..S13R,462,40.703477,-74.014643
4..S13R,463,40.703325,-74.014659
4..S13R,464,40.703176,-74.014660
4..S13R,465,40.703031,-74.014645
4..S13R,466,40.702890,-74.014615
4..S13R,467,40.702752,-74.014569
4..S13R,468,40.702618,-74.014509
4..S13R,469,40.702488,-74.014432
4..S13R,470,40.702361,-74.014341
4..S13R,471,40.702238,-74.014233
4..S13R,472,40.702119,-74.014111
4..S13R,473,40.702003,-74.013973
4..S13R,474,40.700938,-74.012544
4..S13R,475,40.696065,-74.006198
4..S13R,476,40.695813,-74.005764
4..S13R,477,40.695589,-74.005177
4..S13R,478,40.695366,-74.004589
4..S13R,479,40.695132,-74.003986
4..S13R,480,40.694909,-74.003274
4..S13R,481,40.694739,-74.002639
4..S13R,482,40.694560,-74.001884
4..S13R,483,40.694369,-74.001108
4..S13R,484,40.694217,-74.000520
4..S13R,485,40.693877,-73.999213
4..S13R,486,40.693837,-73.998992
4..S13R,487,40.693147,-73.995080
4..S13R,488,40.692404,-73.990151
4..S13R,489,40.692392,-73.990067
4..S13R,490,40.692380,-73.989986
4..S13R,491,40.692367,-73.989908
4..S13R,492,40.692354,-73.989832
4..S13R,493,40.692341,-73.989760
4..S13R,494,40.692328,-73.989690
4..S13R,495,40.692314,-73.989623
4..S13R,496,40.692300,-73.989558
4..S13R,497,40.692286,-73.989497
4..S13R,498,40.692271,-73.989438
4..S13R,499,40.692257,-73.989382
4..S13R,500,40.692242,-73.989328
4..S13R,501,40.692226,-73.989278
4..S13R,502,40.692211,-73.989230
4..S13R,503,40.692195,-73.989185
4..S13R,504,40.690545,-73.985065
4..S13R,505,40.689164,-73.981616
4..S13R,506,40.689130,-73.981529
4..S13R,507,40.689096,-73.981444
4..S13R,508,40.689062,-73.981360
4..S13R,509,40.689027,-73.981280
4..S13R,510,40.688987,-73.981205
4..S13R,511,40.688945,-73.981133
4..S13R,512,40.688902,-73.981065
4..S13R,513,40.688856,-73.981001
4..S13R,514,40.688808,-73.980941
4..S13R,515,40.688757,-73.980884
4..S13R,516,40.688705,-73.980833
4..S13R,517,40.688649,-73.980785
4..S13R,518,40.688593,-73.980740
4..S13R,519,40.688533,-73.980697
4..S13R,520,40.688475,-73.980654
4..S13R,521,40.688246,-73.980492
4..S13R,522,40.685781,-73.978708
4..S13R,523,40.684359,-73.977666
4..S13R,524,40.680829,-73.975098
4..S13R,525,40.675235,-73.971046
4..S13R,526,40.673679,-73.969806
4..S13R,527,40.673552,-73.969694
4..S13R,528,40.673414,-73.969546
4..S13R,529,40.673299,-73.969397
4..S13R,530,40.673208,-73.969259
4..S13R,531,40.673121,-73.969088
4..S13R,532,40.673056,-73.968947
4..S13R,533,40.672999,-73.968779
4..S13R,534,40.672955,-73.968631
4..S13R,535,40.672915,-73.968465
4..S13R,536,40.671987,-73.964375
4..S13R,537,40.670682,-73.958131
4..S13R,538,40.670208,-73.955823
4..S13R,539,40.670157,-73.955542
4..S13R,540,40.670118,-73.955258
4..S13R,541,40.670096,-73.954983
4..S13R,542,40.670083,-73.954713
4..S13R,543,40.669922,-73.951706
4..S13R,544,40.669847,-73.950466
4..S13R,545,40.669399,-73.942161
4..S13R,546,40.668897,-73.932942
4..S13R,547,40.668554,-73.926593
4..S13R,548,40.668536,-73.926368
4..S13R,549,40.668508,-73.926171
4..S13R,550,40.668473,-73.925986
4..S13R,551,40.668415,-73.925796
4..S13R,552,40.668373,-73.925706
4..S13R,553,40.668327,-73.925625
4..S13R,554,40.668271,-73.925553
4..S13R,555,40.668213,-73.925486
4..S13R,556,40.668087,-73.925356
4..S13R,557,40.667882,-73.925160
4..S13R,558,40.667735,-73.925038
4..S13R,559,40.667649,-73.924974
4..S13R,560,40.667552,-73.924915
4..S13R,561,40.667449,-73.924861
4..S13R,562,40.667332,-73.924808
4..S13R,563,40.666613,-73.924503
4..S13R,564,40.666422,-73.924410
4..S13R,565,40.666335,-73.924356
4..S13R,566,40.666249,-73.924293
4..S13R,567,40.666185,-73.924240
4..S13R,568,40.666124,-73.924177
4..S13R,569,40.664717,-73.922610
4..S13R,570,40.661573,-73.919094
4..S13R,571,40.661450,-73.918958
4..S13R,572,40.661345,-73.918789
4..S13R,573,40.661270,-73.918614
4..S13R,574,40.661222,-73.918438
4..S13R,575,40.661198,-73.918245
4..S13R,576,40.661201,-73.918036
4..S13R,577,40.661257,-73.917633
4..S13R,578,40.661453,-73.916327
4..S13R,579,40.662549,-73.908946
4..S13R,580,40.663515,-73.902447
4..S13R,581,40.664635,-73.894895
4..S13R,582,40.665449,-73.889395
4..S13R,583,40.666235,-73.884079
5..N66R,0,40.632836,-73.947642
5..N66R,1,40.639967,-73.948411
5..N66R,2,40.645098,-73.948959
5..N66R,3,40.650843,-73.949575
5..N66R,4,40.656652,-73.950200
5..N66R,5,40.662742,-73.950850
5..N66R,6,40.663927,-73.950967
5..N66R,7,40.663989,-73.950974
5..N66R,8,40.664053,-73.950980
5..N66R,9,40.664120,-73.950985
5..N66R,10,40.664189,-73.950989
5..N66R,11,40.664260,-73.950991
5..N66R,12,40.664333,-73.950992
5..N66R,13,40.664409,-73.950992
5..N66R,14,40.664487,-73.950990
5..N66R,15,40.664568,-73.950987
5..N66R,16,40.664650,-73.950983
5..N66R,17,40.664735,-73.950978
5..N66R,18,40.664823,-73.950971
5..N66R,19,40.664912,-73.950963
5..N66R,20,40.665004,-73.950954
5..N66R,21,40.665098,-73.950942
5..N66R,22,40.667883,-73.950683
5..N66R,23,40.668466,-73.950632
5..N66R,24,40.669120,-73.950569
5..N66R,25,40.669213,-73.950559
5..N66R,26,40.669300,-73.950557
5..N66R,27,40.669381,-73.950570
5..N66R,28,40.669457,-73.950596
5..N66R,29,40.669528,-73.950634
5..N66R,30,40.669592,-73.950684
5..N66R,31,40.669652,-73.950748
5..N66R,32,40.669705,-73.950823
5..N66R,33,40.669753,-73.950912
5..N66R,34,40.669795,-73.951013
5..N66R,35,40.669832,-73.951126
5..N66R,36,40.669863,-73.951252
5..N66R,37,40.669889,-73.951391
5..N66R,38,40.669909,-73.951542
5..N66R,39,40.669922,-73.951706
5..N66R,40,40.670083,-73.954713
5..N66R,41,40.670096,-73.954983
5..N66R,42,40.670118,-73.955258
5..N66R,43,40.670157,-73.955542
5..N66R,44,40.670208,-73.955823
5..N66R,45,40.670682,-73.958131
5..N66R,46,40.671987,-73.964375
5..N66R,47,40.672915,-73.968465
5..N66R,48,40.672955,-73.968631
5..N66R,49,40.672999,-73.968779
5..N66R,50,40.673056,-73.968947
5..N66R,51,40.673121,-73.969088
5..N66R,52,40.673208,-73.969259
5..N66R,53,40.673299,-73.969397
5..N66R,54,40.673414,-73.969546
5..N66R,55,40.673552,-73.969694
5..N66R,56,40.673679,-73.969806
5..N66R,57,40.675235,-73.971046
5..N66R,58,40.680829,-73.975098
5..N66R,59,40.684359,-73.977666
5..N66R,60,40.685781,-73.978708
5..N66R,61,40.688246,-73.980492
5..N66R,62,40.688475,-73.980654
5..N66R,63,40.688533,-73.980697
5..N66R,64,40.688593,-73.980740
5..N66R,65,40.688649,-73.980785
5..N66R,66,40.688705,-73.980833
5..N66R,67,40.688757,-73.980884
5..N66R,68,40.688808,-73.980941
5..N66R,69,40.688856,-73.981001
5..N66R,70,40.688902,-73.981065
5..N66R,71,40.688945,-73.981133
5..N66R,72,40.688987,-73.981205
5..N66R,73,40.689027,-73.981280
5..N66R,74,40.689062,-73.981360
5..N66R,75,40.689096,-73.981444
5..N66R,76,40.689130,-73.981529
5..N66R,77,40.689164,-73.981616
5..N66R,78,40.690545,-73.985065
5..N66R,79,40.692195,-73.989185
5..N66R,80,40.692211,-73.989230
5..N66R,81,40.692226,-73.989278
5..N66R,82,40.692242,-73.989328
5..N66R,83,40.692257,-73.989382
5..N66R,84,40.692271,-73.989438
5..N66R,85,40.692286,-73.989497
5..N66R,86,40.692300,-73.989558
5..N66R,87,40.692314,-73.989623
5..N66R,88,40.692328,-73.989690
5..N66R,89,40.692341,-73.989760
5..N66R,90,40.692354,-73.989832
5..N66R,91,40.692367,-73.989908
5..N66R,92,40.692380,-73.989986
5..N66R,93,40.692392,-73.990067
5..N66R,94,40.692404,-73.990151
5..N66R,95,40.693147,-73.995080
5..N66R,96,40.693837,-73.998992
5..N66R,97,40.693877,-73.999213
5..N66R,98,40.694217,-74.000520
5..N66R,99,40.694369,-74.001108
5..N66R,100,40.694560,-74.001884
5..N66R,101,40.694739,-74.002639
5..N66R,102,40.694909,-74.003274
5..N66R,103,40.695132,-74.003986
5..N66R,104,40.695366,-74.004589
5..N66R,105,40.695589,-74.005177
5..N66R,106,40.695813,-74.005764
5..N66R,107,40.696065,-74.006198
5..N66R,108,40.700938,-74.012544
5..N66R,109,40.702003,-74.013973
5..N66R,110,40.702119,-74.014111
5..N66R,111,40.702238,-74.014233
5..N66R,112,40.702361,-74.014341
5..N66R,113,40.702488,-74.014432
5..N66R,114,40.702618,-74.014509
5..N66R,115,40.702752,-74.014569
5..N66R,116,40.702890,-74.014615
5..N66R,117,40.703031,-74.014645
5..N66R,118,40.703176,-74.014660
5..N66R,119,40.703325,-74.014659
5..N66R,120,40.703477,-74.014643
5..N66R,121,40.703634,-74.014612
5..N66R,122,40.703793,-74.014565
5..N66R,123,40.703957,-74.014503
5..N66R,124,40.704123,-74.014428
5..N66R,125,40.704817,-74.014065
5..N66R,126,40.705053,-74.013932
5..N66R,127,40.705168,-74.013854
5..N66R,128,40.705299,-74.013759
5..N66R,129,40.707557,-74.011862
5..N66R,130,40.710368,-74.009509
5..N66R,131,40.711218,-74.008770
5..N66R,132,40.711238,-74.008748
5..N66R,133,40.711258,-74.008725
5..N66R,134,40.711278,-74.008700
5..N66R,135,40.711296,-74.008675
5..N66R,136,40.711314,-74.008649
5..N66R,137,40.711332,-74.008622
5..N66R,138,40.711348,-74.008594
5..N66R,139,40.711364,-74.008565
5..N66R,140,40.711379,-74.008536
5..N66R,141,40.711393,-74.008505
5..N66R,142,40.711406,-74.008473
5..N66R,143,40.711419,-74.008441
5..N66R,144,40.711431,-74.008407
5..N66R,145,40.711442,-74.008372
5..N66R,146,40.711451,-74.008338
5..N66R,147,40.712214,-74.005290
5..N66R,148,40.712228,-74.005233
5..N66R,149,40.712243,-74.005177
5..N66R,150,40.712260,-74.005124
5..N66R,151,40.712278,-74.005073
5..N66R,152,40.712297,-74.005023
5..N66R,153,40.712318,-74.004976
5..N66R,154,40.712340,-74.004930
5..N66R,155,40.712363,-74.004886
5..N66R,156,40.712387,-74.004845
5..N66R,157,40.712413,-74.004805
5..N66R,158,40.712440,-74.004767
5..N66R,159,40.712469,-74.004731
5..N66R,160,40.712498,-74.004697
5..N66R,161,40.712530,-74.004665
5..N66R,162,40.712564,-74.004631
5..N66R,163,40.713065,-74.004131
5..N66R,164,40.713850,-74.003437
5..N66R,165,40.713889,-74.003402
5..N66R,166,40.713930,-74.003369
5..N66R,167,40.713971,-74.003339
5..N66R,168,40.714014,-74.003311
5..N66R,169,40.714057,-74.003286
5..N66R,170,40.714102,-74.003263
5..N66R,171,40.714149,-74.003242
5..N66R,172,40.714196,-74.003224
5..N66R,173,40.714244,-74.003209
5..N66R,174,40.714294,-74.003195
5..N66R,175,40.714345,-74.003184
5..N66R,176,40.714396,-74.003176
5..N66R,177,40.714449,-74.003170
5..N66R,178,40.714504,-74.003166
5..N66R,179,40.714559,-74.003165
5..N66R,180,40.715371,-74.003063
5..N66R,181,40.715405,-74.003059
5..N66R,182,40.715438,-74.003054
5..N66R,183,40.715471,-74.003048
5..N66R,184,40.715503,-74.003040
5..N66R,185,40.715535,-74.003031
5..N66R,186,40.715566,-74.003020
5..N66R,187,40.715597,-74.003008
5..N66R,188,40.715627,-74.002994
5..N66R,189,40.715657,-74.002979
5..N66R,190,40.715687,-74.002963
5..N66R,191,40.715716,-74.002945
5..N66R,192,40.715744,-74.002925
5..N66R,193,40.715772,-74.002905
5..N66R,194,40.715800,-74.002883
5..N66R,195,40.715827,-74.002859
5..N66R,196,40.718803,-74.000193
5..N66R,197,40.720055,-73.999049
5..N66R,198,40.722125,-73.997276
5..N66R,199,40.722138,-73.997264
5..N66R,200,40.722151,-73.997253
5..N66R,201,40.722163,-73.997241
5..N66R,202,40.722176,-73.997231
5..N66R,203,40.722188,-73.997220
5..N66R,204,40.722201,-73.997210
5..N66R,205,40.722213,-73.997201
5..N66R,206,40.722225,-73.997191
5..N66R,207,40.722237,-73.997183
5..N66R,208,40.722249,-73.997174
5..N66R,209,40.722261,-73.997166
5..N66R,210,40.722273,-73.997158
5..N66R,211,40.722285,-73.997151
5..N66R,212,40.722301,-73.997141
5..N66R,213,40.722322,-73.997128
5..N66R,214,40.722336,-73.997120
5..N66R,215,40.722350,-73.997112
5..N66R,216,40.722364,-73.997104
5..N66R,217,40.722379,-73.997096
5..N66R,218,40.722393,-73.997088
5..N66R,219,40.722407,-73.997081
5..N66R,220,40.722421,-73.997073
5..N66R,221,40.722435,-73.997066
5..N66R,222,40.722450,-73.997060
5..N66R,223,40.722464,-73.997053
5..N66R,224,40.722478,-73.997047
5..N66R,225,40.722492,-73.997041
5..N66R,226,40.722507,-73.997035
5..N66R,227,40.722521,-73.997029
5..N66R,228,40.723289,-73.996736
5..N66R,229,40.723314,-73.996726
5..N66R,230,40.723340,-73.996714
5..N66R,231,40.723365,-73.996702
5..N66R,232,40.723390,-73.996690
5..N66R,233,40.723415,-73.996676
5..N66R,234,40.723439,-73.996662
5..N66R,235,40.723464,-73.996647
5..N66R,236,40.723488,-73.996631
5..N66R,237,40.723512,-73.996614
5..N66R,238,40.723536,-73.996597
5..N66R,239,40.723560,-73.996579
5..N66R,240,40.723584,-73.996560
5..N66R,241,40.723607,-73.996540
5..N66R,242,40.723631,-73.996519
5..N66R,243,40.723654,-73.996498
5..N66R,244,40.725915,-73.994659
5..N66R,245,40.727308,-73.993622
5..N66R,246,40.729514,-73.991740
5..N66R,247,40.729555,-73.991705
5..N66R,248,40.729595,-73.991669
5..N66R,249,40.729634,-73.991631
5..N66R,250,40.729673,-73.991592
5..N66R,251,40.729711,-73.991551
5..N66R,252,40.729748,-73.991509
5..N66R,253,40.729785,-73.991466
5..N66R,254,40.729821,-73.991422
5..N66R,255,40.729856,-73.991376
5..N66R,256,40.729891,-73.991328
5..N66R,257,40.729925,-73.991280
5..N66R,258,40.729958,-73.991229
5..N66R,259,40.729991,-73.991178
5..N66R,260,40.730023,-73.991125
5..N66R,261,40.730054,-73.991070
5..N66R,262,40.730098,-73.991003
5..N66R,263,40.730144,-73.990941
5..N66R,264,40.730194,-73.990882
5..N66R,265,40.730246,-73.990827
5..N66R,266,40.730300,-73.990775
5..N66R,267,40.730358,-73.990727
5..N66R,268,40.730419,-73.990682
5..N66R,269,40.730482,-73.990641
5..N66R,270,40.730548,-73.990603
5..N66R,271,40.730618,-73.990569
5..N66R,272,40.730690,-73.990538
5..N66R,273,40.730765,-73.990511
5..N66R,274,40.730843,-73.990488
5..N66R,275,40.730923,-73.990468
5..N66R,276,40.731008,-73.990453
5..N66R,277,40.733476,-73.989863
5..N66R,278,40.733543,-73.989854
5..N66R,279,40.733612,-73.989847
5..N66R,280,40.733682,-73.989842
5..N66R,281,40.733755,-73.989839
5..N66R,282,40.733829,-73.989838
5..N66R,283,40.733905,-73.989840
5..N66R,284,40.733983,-73.989843
5..N66R,285,40.734063,-73.989849
5..N66R,286,40.734145,-73.989857
5..N66R,287,40.734228,-73.989867
5..N66R,288,40.734314,-73.989880
5..N66R,289,40.734401,-73.989894
5..N66R,290,40.734490,-73.989911
5..N66R,291,40.734580,-73.989930
5..N66R,292,40.734673,-73.989951
5..N66R,293,40.734726,-73.989958
5..N66R,294,40.734779,-73.989964
5..N66R,295,40.734832,-73.989967
5..N66R,296,40.734884,-73.989969
5..N66R,297,40.734935,-73.989968
5..N66R,298,40.734986,-73.989965
5..N66R,299,40.735035,-73.989960
5..N66R,300,40.735084,-73.989953
5..N66R,301,40.735133,-73.989944
5..N66R,302,40.735181,-73.989933
5..N66R,303,40.735228,-73.989920
5..N66R,304,40.735274,-73.989904
5..N66R,305,40.735320,-73.989887
5..N66R,306,40.735365,-73.989867
5..N66R,307,40.735409,-73.989845
5..N66R,308,40.739864,-73.986599
5..N66R,309,40.743070,-73.984264
5..N66R,310,40.746081,-73.982076
5..N66R,311,40.751266,-73.978287
5..N66R,312,40.751298,-73.978260
5..N66R,313,40.751327,-73.978232
5..N66R,314,40.751355,-73.978203
5..N66R,315,40.751381,-73.978172
5..N66R,316,40.751406,-73.978141
5..N66R,317,40.751430,-73.978108
5..N66R,318,40.751452,-73.978074
5..N66R,319,40.751472,-73.978038
5..N66R,320,40.751491,-73.978002
5..N66R,321,40.751509,-73.977964
5..N66R,322,40.751525,-73.977925
5..N66R,323,40.751540,-73.977884
5..N66R,324,40.751553,-73.977843
5..N66R,325,40.751565,-73.977800
5..N66R,326,40.751575,-73.977756
5..N66R,327,40.751776,-73.976848
5..N66R,328,40.751967,-73.976038
5..N66R,329,40.751983,-73.975979
5..N66R,330,40.751998,-73.975923
5..N66R,331,40.752014,-73.975869
5..N66R,332,40.752032,-73.975817
5..N66R,333,40.752051,-73.975768
5..N66R,334,40.752072,-73.975721
5..N66R,335,40.752095,-73.975676
5..N66R,336,40.752119,-73.975634
5..N66R,337,40.752145,-73.975594
5..N66R,338,40.752173,-73.975556
5..N66R,339,40.752202,-73.975521
5..N66R,340,40.752233,-73.975487
5..N66R,341,40.752266,-73.975456
5..N66R,342,40.752300,-73.975427
5..N66R,343,40.752336,-73.975400
5..N66R,344,40.757107,-73.971920
5..N66R,345,40.762526,-73.967967
5..N66R,346,40.768141,-73.963870
5..N66R,347,40.773620,-73.959874
5..N66R,348,40.779492,-73.955589
5..N66R,349,40.785672,-73.951070
5..N66R,350,40.790600,-73.947478
5..N66R,351,40.795020,-73.944250
5..N66R,352,40.798629,-73.941617
5..N66R,353,40.804138,-73.937594
5..N66R,354,40.804172,-73.937570
5..N66R,355,40.808118,-73.934685
5..N66R,356,40.808149,-73.934662
5..N66R,357,40.808179,-73.934639
5..N66R,358,40.808209,-73.934616
5..N66R,359,40.808239,-73.934592
5..N66R,360,40.808267,-73.934569
5..N66R,361,40.808296,-73.934546
5..N66R,362,40.808323,-73.934523
5..N66R,363,40.808351,-73.934501
5..N66R,364,40.808377,-73.934478
5..N66R,365,40.808403,-73.934455
5..N66R,366,40.808429,-73.934433
5..N66R,367,40.808454,-73.934410
5..N66R,368,40.808479,-73.934388
5..N66R,369,40.808503,-73.934366
5..N66R,370,40.808526,-73.934344
5..N66R,371,40.812093,-73.930931
5..N66R,372,40.813224,-73.929849
5..N66R,373,40.813881,-73.929281
5..N66R,374,40.813931,-73.929244
5..N66R,375,40.813982,-73.929209
5..N66R,376,40.814033,-73.929174
5..N66R,377,40.814085,-73.929142
5..N66R,378,40.814137,-73.929110
5..N66R,379,40.814189,-73.929080
5..N66R,380,40.814242,-73.929051
5..N66R,381,40.814295,-73.929023
5..N66R,382,40.814348,-73.928997
5..N66R,383,40.814402,-73.928972
5..N66R,384,40.814456,-73.928949
5..N66R,385,40.814511,-73.928927
5..N66R,386,40.814566,-73.928906
5..N66R,387,40.814621,-73.928886
5..N66R,388,40.814677,-73.928868
5..N66R,389,40.816617,-73.928138
5..N66R,390,40.816675,-73.928118
5..N66R,391,40.816732,-73.928097
5..N66R,392,40.816790,-73.928076
5..N66R,393,40.816847,-73.928054
5..N66R,394,40.816905,-73.928031
5..N66R,395,40.816962,-73.928008
5..N66R,396,40.817019,-73.927985
5..N66R,397,40.817077,-73.927961
5..N66R,398,40.817134,-73.927936
5..N66R,399,40.817191,-73.927911
5..N66R,400,40.817247,-73.927885
5..N66R,401,40.817304,-73.927859
5..N66R,402,40.817361,-73.927832
5..N66R,403,40.817417,-73.927805
5..N66R,404,40.817474,-73.927778
5..N66R,405,40.817511,-73.927767
5..N66R,406,40.817547,-73.927758
5..N66R,407,40.817581,-73.927755
5..N66R,408,40.817615,-73.927756
5..N66R,409,40.817648,-73.927763
5..N66R,410,40.817680,-73.927776
5..N66R,411,40.817711,-73.927793
5..N66R,412,40.817741,-73.927816
5..N66R,413,40.817770,-73.927844
5..N66R,414,40.817799,-73.927878
5..N66R,415,40.817826,-73.927916
5..N66R,416,40.817853,-73.927960
5..N66R,417,40.817879,-73.928010
5..N66R,418,40.817904,-73.928064
5..N66R,419,40.817930,-73.928110
5..N66R,420,40.817953,-73.928157
5..N66R,421,40.817978,-73.928189
5..N66R,422,40.818003,-73.928219
5..N66R,423,40.818028,-73.928247
5..N66R,424,40.818054,-73.928274
5..N66R,425,40.818080,-73.928298
5..N66R,426,40.818106,-73.928320
5..N66R,427,40.818132,-73.928341
5..N66R,428,40.818159,-73.928360
5..N66R,429,40.818186,-73.928376
5..N66R,430,40.818213,-73.928391
5..N66R,431,40.818240,-73.928404
5..N66R,432,40.818268,-73.928415
5..N66R,433,40.818296,-73.928424
5..N66R,434,40.818324,-73.928431
5..N66R,435,40.818387,-73.928426
5..N66R,436,40.818444,-73.928415
5..N66R,437,40.818496,-73.928399
5..N66R,438,40.818542,-73.928378
5..N66R,439,40.818583,-73.928351
5..N66R,440,40.818618,-73.928318
5..N66R,441,40.818647,-73.928281
5..N66R,442,40.818671,-73.928238
5..N66R,443,40.818690,-73.928189
5..N66R,444,40.818702,-73.928136
5..N66R,445,40.818710,-73.928077
5..N66R,446,40.818711,-73.928012
5..N66R,447,40.818707,-73.927942
5..N66R,448,40.818698,-73.927867
5..N66R,449,40.818685,-73.927782
5..N66R,450,40.818410,-73.926718
5..N66R,451,40.816109,-73.917757
5..N66R,452,40.815782,-73.916675
5..N66R,453,40.815732,-73.916492
5..N66R,454,40.815702,-73.916277
5..N66R,455,40.815684,-73.915934
5..N66R,456,40.815699,-73.915680
5..N66R,457,40.815740,-73.915469
5..N66R,458,40.815820,-73.915203
5..N66R,459,40.815913,-73.914951
5..N66R,460,40.815961,-73.914835
5..N66R,461,40.816005,-73.914728
5..N66R,462,40.816109,-73.914448
5..N66R,463,40.816171,-73.914233
5..N66R,464,40.816201,-73.914030
5..N66R,465,40.816213,-73.913796
5..N66R,466,40.816201,-73.913574
5..N66R,467,40.816180,-73.913328
5..N66R,468,40.816113,-73.912669
5..N66R,469,40.816033,-73.911842
5..N66R,470,40.815974,-73.911136
5..N66R,471,40.815949,-73.910726
5..N66R,472,40.815931,-73.910364
5..N66R,473,40.815931,-73.910082
5..N66R,474,40.815926,-73.909808
5..N66R,475,40.815936,-73.909395
5..N66R,476,40.815963,-73.909111
5..N66R,477,40.816003,-73.908903
5..N66R,478,40.816055,-73.908682
5..N66R,479,40.816174,-73.908375
5..N66R,480,40.816490,-73.907807
5..N66R,481,40.817578,-73.905946
5..N66R,482,40.817813,-73.905518
5..N66R,483,40.818004,-73.905114
5..N66R,484,40.818400,-73.904210
5..N66R,485,40.818818,-73.903268
5..N66R,486,40.819113,-73.902687
5..N66R,487,40.819585,-73.901770
5..N66R,488,40.822181,-73.896736
5..N66R,489,40.824073,-73.893064
5..N66R,490,40.824223,-73.892771
5..N66R,491,40.824431,-73.892368
5..N66R,492,40.824494,-73.892265
5..N66R,493,40.824554,-73.892182
5..N66R,494,40.824649,-73.892091
5..N66R,495,40.824739,-73.892021
5..N66R,496,40.824818,-73.891978
5..N66R,497,40.824901,-73.891946
5..N66R,498,40.824983,-73.891929
5..N66R,499,40.825069,-73.891922
5..N66R,500,40.825522,-73.891924
5..N66R,501,40.829842,-73.891875
5..N66R,502,40.829993,-73.891865
5..N66R,503,40.830113,-73.891849
5..N66R,504,40.830227,-73.891830
5..N66R,505,40.830395,-73.891793
5..N66R,506,40.830667,-73.891704
5..N66R,507,40.830888,-73.891611
5..N66R,508,40.831153,-73.891469
5..N66R,509,40.831358,-73.891340
5..N66R,510,40.836619,-73.888195
5..N66R,511,40.836830,-73.888068
5..N66R,512,40.837034,-73.887939
5..N66R,513,40.837218,-73.887800
5..N66R,514,40.837288,-73.887734
5..N66R,515,40.837371,-73.887650
5..N66R,516,40.837463,-73.887544
5..N66R,517,40.837713,-73.887183
5..N66R,518,40.838935,-73.885120
5..N66R,519,40.839063,-73.884886
5..N66R,520,40.839165,-73.884651
5..N66R,521,40.839252,-73.884441
5..N66R,522,40.839342,-73.884172
5..N66R,523,40.839419,-73.883891
5..N66R,524,40.839484,-73.883573
5..N66R,525,40.839521,-73.883293
5..N66R,526,40.839546,-73.883030
5..N66R,527,40.839567,-73.882597
5..N66R,528,40.839591,-73.882191
5..N66R,529,40.839613,-73.881967
5..N66R,530,40.839642,-73.881759
5..N66R,531,40.839719,-73.881408
5..N66R,532,40.839802,-73.881149
5..N66R,533,40.839913,-73.880850
5..N66R,534,40.840057,-73.880498
5..N66R,535,40.840155,-73.880284
5..N66R,536,40.840229,-73.880147
5..N66R,537,40.840295,-73.880049
5..N66R,538,40.840415,-73.879899
5..N66R,539,40.840583,-73.879734
5..N66R,540,40.841051,-73.879283
5..N66R,541,40.841151,-73.879175
5..N66R,542,40.841205,-73.879076
5..N66R,543,40.841245,-73.878966
5..N66R,544,40.841273,-73.878829
5..N66R,545,40.841277,-73.878707
5..N66R,546,40.841267,-73.878599
5..N66R,547,40.841249,-73.878512
5..N66R,548,40.841212,-73.878423
5..N66R,549,40.841130,-73.878219
5..N66R,550,40.841049,-73.878027
5..N66R,551,40.840945,-73.877782
5..N66R,552,40.840895,-73.877644
5..N66R,553,40.840846,-73.877474
5..N66R,554,40.840817,-73.877330
5..N66R,555,40.840795,-73.877172
5..N66R,556,40.840786,-73.877010
5..N66R,557,40.840784,-73.876841
5..N66R,558,40.840801,-73.876624
5..N66R,559,40.840847,-73.876313
5..N66R,560,40.841121,-73.874736
5..N66R,561,40.841170,-73.874543
5..N66R,562,40.841210,-73.874430
5..N66R,563,40.841252,-73.874329
5..N66R,564,40.841324,-73.874215
5..N66R,565,40.841402,-73.874109
5..N66R,566,40.841894,-73.873488
5..N66R,567,40.843250,-73.871790
5..N66R,568,40.843567,-73.871389
5..N66R,569,40.843910,-73.871028
5..N66R,570,40.844101,-73.870857
5..N66R,571,40.844293,-73.870717
5..N66R,572,40.844505,-73.870597
5..N66R,573,40.844767,-73.870472
5..N66R,574,40.845525,-73.870143
5..N66R,575,40.845968,-73.869952
5..N66R,576,40.846084,-73.869878
5..N66R,577,40.846191,-73.869804
5..N66R,578,40.846327,-73.869717
5..N66R,579,40.846454,-73.869629
5..N66R,580,40.846768,-73.869399
5..N66R,581,40.847056,-73.869192
5..N66R,582,40.847381,-73.868975
5..N66R,583,40.847477,-73.868897
5..N66R,584,40.847572,-73.868816
5..N66R,585,40.847683,-73.868713
5..N66R,586,40.847777,-73.868618
5..N66R,587,40.847897,-73.868480
5..N66R,588,40.848010,-73.868344
5..N66R,589,40.848206,-73.868114
5..N66R,590,40.854364,-73.860495
5..N66R,591,40.857109,-73.857103
5..N66R,592,40.857168,-73.857034
5..N66R,593,40.857229,-73.856964
5..N66R,594,40.857291,-73.856894
5..N66R,595,40.857355,-73.856824
5..N66R,596,40.857420,-73.856754
5..N66R,597,40.857487,-73.856684
5..N66R,598,40.857555,-73.856615
5..N66R,599,40.857624,-73.856545
5..N66R,600,40.857695,-73.856476
5..N66R,601,40.857767,-73.856407
5..N66R,602,40.857840,-73.856338
5..N66R,603,40.857915,-73.856268
5..N66R,604,40.857992,-73.856200
5..N66R,605,40.858070,-73.856131
5..N66R,606,40.858149,-73.856063
5..N66R,607,40.858985,-73.855359
5..N66R,608,40.869526,-73.846384
5..N66R,609,40.878663,-73.838591
5..N66R,610,40.881070,-73.836547
5..N66R,611,40.883768,-73.834236
5..N66R,612,40.885577,-73.832712
5..N66R,613,40.886110,-73.832289
5..N66R,614,40.887136,-73.831550
5..N66R,615,40.887513,-73.831315
5..N66R,616,40.888300,-73.830834
5..N76R,0,40.632836,-73.947642
5..N76R,1,40.639967,-73.948411
5..N76R,2,40.645098,-73.948959
5..N76R,3,40.650843,-73.949575
5..N76R,4,40.656652,-73.950200
5..N76R,5,40.662742,-73.950850
5..N76R,6,40.663927,-73.950967
5..N76R,7,40.663989,-73.950974
5..N76R,8,40.664053,-73.950980
5..N76R,9,40.664120,-73.950985
5..N76R,10,40.664189,-73.950989
5..N76R,11,40.664260,-73.950991
5..N76R,12,40.664333,-73.950992
5..N76R,13,40.664409,-73.950992
5..N76R,14,40.664487,-73.950990
5..N76R,15,40.664568,-73.950987
5..N76R,16,40.664650,-73.950983
5..N76R,17,40.664735,-73.950978
5..N76R,18,40.664823,-73.950971
5..N76R,19,40.664912,-73.950963
5..N76R,20,40.665004,-73.950954
5..N76R,21,40.665098,-73.950942
5..N76R,22,40.667883,-73.950683
5..N76R,23,40.668466,-73.950632
5..N76R,24,40.669120,-73.950569
5..N76R,25,40.669213,-73.950559
5..N76R,26,40.669300,-73.950557
5..N76R,27,40.669381,-73.950570
5..N76R,28,40.669457,-73.950596
5..N76R,29,40.669528,-73.950634
5..N76R,30,40.669592,-73.950684
5..N76R,31,40.669652,-73.950748
5..N76R,32,40.669705,-73.950823
5..N76R,33,40.669753,-73.950912
5..N76R,34,40.669795,-73.951013
5..N76R,35,40.669832,-73.951126
5..N76R,36,40.669863,-73.951252
5..N76R,37,40.669889,-73.951391
5..N76R,38,40.669909,-73.951542
5..N76R,39,40.669922,-73.951706
5..N76R,40,40.670083,-73.954713
5..N76R,41,40.670096,-73.954983
5..N76R,42,40.670118,-73.955258
5..N76R,43,40.670157,-73.955542
5..N76R,44,40.670208,-73.955823
5..N76R,45,40.670682,-73.958131
5..N76R,46,40.671987,-73.964375
5..N76R,47,40.672915,-73.968465
5..N76R,48,40.672955,-73.968631
5..N76R,49,40.672999,-73.968779
5..N76R,50,40.673056,-73.968947
5..N76R,51,40.673121,-73.969088
5..N76R,52,40.673208,-73.969259
5..N76R,53,40.673299,-73.969397
5..N76R,54,40.673414,-73.969546
5..N76R,55,40.673552,-73.969694
5..N76R,56,40.673679,-73.969806
5..N76R,57,40.675235,-73.971046
5..N76R,58,40.680829,-73.975098
5..N76R,59,40.684359,-73.977666
5..N76R,60,40.685781,-73.978708
5..N76R,61,40.688246,-73.980492
5..N76R,62,40.688475,-73.980654
5..N76R,63,40.688533,-73.980697
5..N76R,64,40.688593,-73.980740
5..N76R,65,40.688649,-73.980785
5..N76R,66,40.688705,-73.980833
5..N76R,67,40.688757,-73.980884
5..N76R,68,40.688808,-73.980941
5..N76R,69,40.688856,-73.981001
5..N76R,70,40.688902,-73.981065
5..N76R,71,40.688945,-73.981133
5..N76R,72,40.688987,-73.981205
5..N76R,73,40.689027,-73.981280
5..N76R,74,40.689062,-73.981360
5..N76R,75,40.689096,-73.981444
5..N76R,76,40.689130,-73.981529
5..N76R,77,40.689164,-73.981616
5..N76R,78,40.690545,-73.985065
5..N76R,79,40.692195,-73.989185
5..N76R,80,40.692211,-73.989230
5..N76R,81,40.692226,-73.989278
5..N76R,82,40.692242,-73.989328
5..N76R,83,40.692257,-73.989382
5..N76R,84,40.692271,-73.989438
5..N76R,85,40.692286,-73.989497
5..N76R,86,40.692300,-73.989558
5..N76R,87,40.692314,-73.989623
5..N76R,88,40.692328,-73.989690
5..N76R,89,40.692341,-73.989760
5..N76R,90,40.692354,-73.989832
5..N76R,91,40.692367,-73.989908
5..N76R,92,40.692380,-73.989986
5..N76R,93,40.692392,-73.990067
5..N76R,94,40.692404,-73.990151
5..N76R,95,40.693147,-73.995080
5..N76R,96,40.693837,-73.998992
5..N76R,97,40.693877,-73.999213
5..N76R,98,40.694217,-74.000520
5..N76R,99,40.694369,-74.001108
5..N76R,100,40.694560,-74.001884
5..N76R,101,40.694739,-74.002639
5..N76R,102,40.694909,-74.003274
5..N76R,103,40.695132,-74.003986
5..N76R,104,40.695366,-74.004589
5..N76R,105,40.695589,-74.005177
5..N76R,106,40.695813,-74.005764
5..N76R,107,40.696065,-74.006198
5..N76R,108,40.700938,-74.012544
5..N76R,109,40.702003,-74.013973
5..N76R,110,40.702119,-74.014111
5..N76R,111,40.702238,-74.014233
5..N76R,112,40.702361,-74.014341
5..N76R,113,40.702488,-74.014432
5..N76R,114,40.702618,-74.014509
5..N76R,115,40.702752,-74.014569
5..N76R,116,40.702890,-74.014615
5..N76R,117,40.703031,-74.014645
5..N76R,118,40.703176,-74.014660
5..N76R,119,40.703325,-74.014659
5..N76R,120,40.703477,-74.014643
5..N76R,121,40.703634,-74.014612
5..N76R,122,40.703793,-74.014565
5..N76R,123,40.703957,-74.014503
5..N76R,124,40.704123,-74.014428
5..N76R,125,40.704817,-74.014065
5..N76R,126,40.705053,-74.013932
5..N76R,127,40.705168,-74.013854
5..N76R,128,40.705299,-74.013759
5..N76R,129,40.707557,-74.011862
5..N76R,130,40.710368,-74.009509
5..N76R,131,40.711218,-74.008770
5..N76R,132,40.711238,-74.008748
5..N76R,133,40.711258,-74.008725
5..N76R,134,40.711278,-74.008700
5..N76R,135,40.711296,-74.008675
5..N76R,136,40.711314,-74.008649
5..N76R,137,40.711332,-74.008622
5..N76R,138,40.711348,-74.008594
5..N76R,139,40.711364,-74.008565
5..N76R,140,40.711379,-74.008536
5..N76R,141,40.711393,-74.008505
5..N76R,142,40.711406,-74.008473
5..N76R,143,40.711419,-74.008441
5..N76R,144,40.711431,-74.008407
5..N76R,145,40.711442,-74.008372
5..N76R,146,40.711451,-74.008338
5..N76R,147,40.712214,-74.005290
5..N76R,148,40.712228,-74.005233
5..N76R,149,40.712243,-74.005177
5..N76R,150,40.712260,-74.005124
5..N76R,151,40.712278,-74.005073
5..N76R,152,40.712297,-74.005023
5..N76R,153,40.712318,-74.004976
5..N76R,154,40.712340,-74.004930
5..N76R,155,40.712363,-74.004886
5..N76R,156,40.712387,-74.004845
5..N76R,157,40.712413,-74.004805
5..N76R,158,40.712440,-74.004767
5..N76R,159,40.712469,-74.004731
5..N76R,160,40.712498,-74.004697
5..N76R,161,40.712530,-74.004665
5..N76R,162,40.712564,-74.004631
5..N76R,163,40.713065,-74.004131
5..N76R,164,40.713850,-74.003437
5..N76R,165,40.713889,-74.003402
5..N76R,166,40.713930,-74.003369
5..N76R,167,40.713971,-74.003339
5..N76R,168,40.714014,-74.003311
5..N76R,169,40.714057,-74.003286
5..N76R,170,40.714102,-74.003263
5..N76R,171,40.714149,-74.003242
5..N76R,172,40.714196,-74.003224
5..N76R,173,40.714244,-74.003209
5..N76R,174,40.714294,-74.003195
5..N76R,175,40.714345,-74.003184
5..N76R,176,40.714396,-74.003176
5..N76R,177,40.714449,-74.003170
5..N76R,178,40.714504,-74.003166
5..N76R,179,40.714559,-74.003165
5..N76R,180,40.715371,-74.003063
5..N76R,181,40.715405,-74.003059
5..N76R,182,40.715438,-74.003054
5..N76R,183,40.715471,-74.003048
5..N76R,184,40.715503,-74.003040
5..N76R,185,40.715535,-74.003031
5..N76R,186,40.715566,-74.003020
5..N76R,187,40.715597,-74.003008
5..N76R,188,40.715627,-74.002994
5..N76R,189,40.715657,-74.002979
5..N76R,190,40.715687,-74.002963
5..N76R,191,40.715716,-74.002945
5..N76R,192,40.715744,-74.002925
5..N76R,193,40.715772,-74.002905
5..N76R,194,40.715800,-74.002883
5..N76R,195,40.715827,-74.002859
5..N76R,196,40.718803,-74.000193
5..N76R,197,40.720055,-73.999049
5..N76R,198,40.722125,-73.997276
5..N76R,199,40.722138,-73.997264
5..N76R,200,40.722151,-73.997253
5..N76R,201,40.722163,-73.997241
5..N76R,202,40.722176,-73.997231
5..N76R,203,40.722188,-73.997220
5..N76R,204,40.722201,-73.997210
5..N76R,205,40.722213,-73.997201
5..N76R,206,40.722225,-73.997191
5..N76R,207,40.722237,-73.997183
5..N76R,208,40.722249,-73.997174
5..N76R,209,40.722261,-73.997166
5..N76R,210,40.722273,-73.997158
5..N76R,211,40.722285,-73.997151
5..N76R,212,40.722301,-73.997141
5..N76R,213,40.722322,-73.997128
5..N76R,214,40.722336,-73.997120
5..N76R,215,40.722350,-73.997112
5..N76R,216,40.722364,-73.997104
5..N76R,217,40.722379,-73.997096
5..N76R,218,40.722393,-73.997088
5..N76R,219,40.722407,-73.997081
5..N76R,220,40.722421,-73.997073
5..N76R,221,40.722435,-73.997066
5..N76R,222,40.722450,-73.997060
5..N76R,223,40.722464,-73.997053
5..N76R,224,40.722478,-73.997047
5..N76R,225,40.722492,-73.997041
5..N76R,226,40.722507,-73.997035
5..N76R,227,40.722521,-73.997029
5..N76R,228,40.723289,-73.996736
5..N76R,229,40.723314,-73.996726
5..N76R,230,40.723340,-73.996714
5..N76R,231,40.723365,-73.996702
5..N76R,232,40.723390,-73.996690
5..N76R,233,40.723415,-73.996676
5..N76R,234,40.723439,-73.996662
5..N76R,235,40.723464,-73.996647
5..N76R,236,40.723488,-73.996631
5..N76R,237,40.723512,-73.996614
5..N76R,238,40.723536,-73.996597
5..N76R,239,40.723560,-73.996579
5..N76R,240,40.723584,-73.996560
5..N76R,241,40.723607,-73.996540
5..N76R,242,40.723631,-73.996519
5..N76R,243,40.723654,-73.996498
5..N76R,244,40.725915,-73.994659
5..N76R,245,40.727308,-73.993622
5..N76R,246,40.729514,-73.991740
5..N76R,247,40.729555,-73.991705
5..N76R,248,40.729595,-73.991669
5..N76R,249,40.729634,-73.991631
5..N76R,250,40.729673,-73.991592
5..N76R,251,40.729711,-73.991551
5..N76R,252,40.729748,-73.991509
5..N76R,253,40.729785,-73.991466
5..N76R,254,40.729821,-73.991422
5..N76R,255,40.729856,-73.991376
5..N76R,256,40.729891,-73.991328
5..N76R,257,40.729925,-73.991280
5..N76R,258,40.729958,-73.991229
5..N76R,259,40.729991,-73.991178
5..N76R,260,40.730023,-73.991125
5..N76R,261,40.730054,-73.991070
5..N76R,262,40.730098,-73.991003
5..N76R,263,40.730144,-73.990941
5..N76R,264,40.730194,-73.990882
5..N76R,265,40.730246,-73.990827
5..N76R,266,40.730300,-73.990775
5..N76R,267,40.730358,-73.990727
5..N76R,268,40.730419,-73.990682
5..N76R,269,40.730482,-73.990641
5..N76R,270,40.730548,-73.990603
5..N76R,271,40.730618,-73.990569
5..N76R,272,40.730690,-73.990538
5..N76R,273,40.730765,-73.990511
5..N76R,274,40.730843,-73.990488
5..N76R,275,40.730923,-73.990468
5..N76R,276,40.731008,-73.990453
5..N76R,277,40.733476,-73.989863
5..N76R,278,40.733543,-73.989854
5..N76R,279,40.733612,-73.989847
5..N76R,280,40.733682,-73.989842
5..N76R,281,40.733755,-73.989839
5..N76R,282,40.733829,-73.989838
5..N76R,283,40.733905,-73.989840
5..N76R,284,40.733983,-73.989843
5..N76R,285,40.734063,-73.989849
5..N76R,286,40.734145,-73.989857
5..N76R,287,40.734228,-73.989867
5..N76R,288,40.734314,-73.989880
5..N76R,289,40.734401,-73.989894
5..N76R,290,40.734490,-73.989911
5..N76R,291,40.734580,-73.989930
5..N76R,292,40.734673,-73.989951
5..N76R,293,40.734726,-73.989958
5..N76R,294,40.734779,-73.989964
5..N76R,295,40.734832,-73.989967
5..N76R,296,40.734884,-73.989969
5..N76R,297,40.734935,-73.989968
5..N76R,298,40.734986,-73.989965
5..N76R,299,40.735035,-73.989960
5..N76R,300,40.735084,-73.989953
5..N76R,301,40.735133,-73.989944
5..N76R,302,40.735181,-73.989933
5..N76R,303,40.735228,-73.989920
5..N76R,304,40.735274,-73.989904
5..N76R,305,40.735320,-73.989887
5..N76R,306,40.735365,-73.989867
5..N76R,307,40.735409,-73.989845
5..N76R,308,40.739864,-73.986599
5..N76R,309,40.743070,-73.984264
5..N76R,310,40.746081,-73.982076
5..N76R,311,40.751266,-73.978287
5..N76R,312,40.751298,-73.978260
5..N76R,313,40.751327,-73.978232
5..N76R,314,40.751355,-73.978203
5..N76R,315,40.751381,-73.978172
5..N76R,316,40.751406,-73.978141
5..N76R,317,40.751430,-73.978108
5..N76R,318,40.751452,-73.978074
5..N76R,319,40.751472,-73.978038
5..N76R,320,40.751491,-73.978002
5..N76R,321,40.751509,-73.977964
5..N76R,322,40.751525,-73.977925
5..N76R,323,40.751540,-73.977884
5..N76R,324,40.751553,-73.977843
5..N76R,325,40.751565,-73.977800
5..N76R,326,40.751575,-73.977756
5..N76R,327,40.751776,-73.976848
5..N76R,328,40.751967,-73.976038
5..N76R,329,40.751983,-73.975979
5..N76R,330,40.751998,-73.975923
5..N76R,331,40.752014,-73.975869
5..N76R,332,40.752032,-73.975817
5..N76R,333,40.752051,-73.975768
5..N76R,334,40.752072,-73.975721
5..N76R,335,40.752095,-73.975676
5..N76R,336,40.752119,-73.975634
5..N76R,337,40.752145,-73.975594
5..N76R,338,40.752173,-73.975556
5..N76R,339,40.752202,-73.975521
5..N76R,340,40.752233,-73.975487
5..N76R,341,40.752266,-73.975456
5..N76R,342,40.752300,-73.975427
5..N76R,343,40.752336,-73.975400
5..N76R,344,40.757107,-73.971920
5..N76R,345,40.762526,-73.967967
5..N76R,346,40.768141,-73.963870
5..N76R,347,40.773620,-73.959874
5..N76R,348,40.779492,-73.955589
5..N76R,349,40.785672,-73.951070
5..N76R,350,40.790600,-73.947478
5..N76R,351,40.795020,-73.944250
5..N76R,352,40.798629,-73.941617
5..N76R,353,40.804138,-73.937594
5..N76R,354,40.804172,-73.937570
5..N76R,355,40.808118,-73.934685
5..N76R,356,40.808149,-73.934662
5..N76R,357,40.808179,-73.934639
5..N76R,358,40.808209,-73.934616
5..N76R,359,40.808239,-73.934592
5..N76R,360,40.808267,-73.934569
5..N76R,361,40.808296,-73.934546
5..N76R,362,40.808323,-73.934523
5..N76R,363,40.808351,-73.934501
5..N76R,364,40.808377,-73.934478
5..N76R,365,40.808403,-73.934455
5..N76R,366,40.808429,-73.934433
5..N76R,367,40.808454,-73.934410
5..N76R,368,40.808479,-73.934388
5..N76R,369,40.808503,-73.934366
5..N76R,370,40.808526,-73.934344
5..N76R,371,40.812093,-73.930931
5..N76R,372,40.813224,-73.929849
5..N76R,373,40.813881,-73.929281
5..N76R,374,40.813931,-73.929244
5..N76R,375,40.813982,-73.929209
5..N76R,376,40.814033,-73.929174
5..N76R,377,40.814085,-73.929142
5..N76R,378,40.814137,-73.929110
5..N76R,379,40.814189,-73.929080
5..N76R,380,40.814242,-73.929051
5..N76R,381,40.814295,-73.929023
5..N76R,382,40.814348,-73.928997
5..N76R,383,40.814402,-73.928972
5..N76R,384,40.814456,-73.928949
5..N76R,385,40.814511,-73.928927
5..N76R,386,40.814566,-73.928906
5..N76R,387,40.814621,-73.928886
5..N76R,388,40.814677,-73.928868
5..N76R,389,40.816617,-73.928138
5..N76R,390,40.816675,-73.928118
5..N76R,391,40.816732,-73.928097
5..N76R,392,40.816790,-73.928076
5..N76R,393,40.816847,-73.928054
5..N76R,394,40.816905,-73.928031
5..N76R,395,40.816962,-73.928008
5..N76R,396,40.817019,-73.927985
5..N76R,397,40.817077,-73.927961
5..N76R,398,40.817134,-73.927936
5..N76R,399,40.817191,-73.927911
5..N76R,400,40.817247,-73.927885
5..N76R,401,40.817304,-73.927859
5..N76R,402,40.817361,-73.927832
5..N76R,403,40.817417,-73.927805
5..N76R,404,40.817474,-73.927778
5..N76R,405,40.817511,-73.927767
5..N76R,406,40.817547,-73.927758
5..N76R,407,40.817581,-73.927755
5..N76R,408,40.817615,-73.927756
5..N76R,409,40.817648,-73.927763
5..N76R,410,40.817680,-73.927776
5..N76R,411,40.817711,-73.927793
5..N76R,412,40.817741,-73.927816
5..N76R,413,40.817770,-73.927844
5..N76R,414,40.817799,-73.927878
5..N76R,415,40.817826,-73.927916
5..N76R,416,40.817853,-73.927960
5..N76R,417,40.817879,-73.928010
5..N76R,418,40.817904,-73.928064
5..N76R,419,40.817930,-73.928110
5..N76R,420,40.817953,-73.928157
5..N76R,421,40.817978,-73.928189
5..N76R,422,40.818003,-73.928219
5..N76R,423,40.818028,-73.928247
5..N76R,424,40.818054,-73.928274
5..N76R,425,40.818080,-73.928298
5..N76R,426,40.818106,-73.928320
5..N76R,427,40.818132,-73.928341
5..N76R,428,40.818159,-73.928360
5..N76R,429,40.818186,-73.928376
5..N76R,430,40.818213,-73.928391
5..N76R,431,40.818240,-73.928404
5..N76R,432,40.818268,-73.928415
5..N76R,433,40.818296,-73.928424
5..N76R,434,40.818324,-73.928431
5..N76R,435,40.818387,-73.928426
5..N76R,436,40.818444,-73.928415
5..N76R,437,40.818496,-73.928399
5..N76R,438,40.818542,-73.928378
5..N76R,439,40.818583,-73.928351
5..N76R,440,40.818618,-73.928318
5..N76R,441,40.818647,-73.928281
5..N76R,442,40.818671,-73.928238
5..N76R,443,40.818690,-73.928189
5..N76R,444,40.818702,-73.928136
5..N76R,445,40.818710,-73.928077
5..N76R,446,40.818711,-73.928012
5..N76R,447,40.818707,-73.927942
5..N76R,448,40.818698,-73.927867
5..N76R,449,40.818685,-73.927782
5..N76R,450,40.818410,-73.926718
5..N76R,451,40.816109,-73.917757
5..N76R,452,40.815782,-73.916675
5..N76R,453,40.815732,-73.916492
5..N76R,454,40.815702,-73.916277
5..N76R,455,40.815684,-73.915934
5..N76R,456,40.815699,-73.915680
5..N76R,457,40.815740,-73.915469
5..N76R,458,40.815820,-73.915203
5..N76R,459,40.815913,-73.914951
5..N76R,460,40.815961,-73.914835
5..N76R,461,40.816005,-73.914728
5..N76R,462,40.816109,-73.914448
5..N76R,463,40.816171,-73.914233
5..N76R,464,40.816201,-73.914030
5..N76R,465,40.816213,-73.913796
5..N76R,466,40.816201,-73.913574
5..N76R,467,40.816180,-73.913328
5..N76R,468,40.816113,-73.912669
5..N76R,469,40.816033,-73.911842
5..N76R,470,40.815974,-73.911136
5..N76R,471,40.815949,-73.910726
5..N76R,472,40.815931,-73.910364
5..N76R,473,40.815931,-73.910082
5..N76R,474,40.815926,-73.909808
5..N76R,475,40.815936,-73.909395
5..N76R,476,40.815963,-73.909111
5..N76R,477,40.816003,-73.908903
5..N76R,478,40.816055,-73.908682
5..N76R,479,40.816174,-73.908375
5..N76R,480,40.816490,-73.907807
5..N76R,481,40.817578,-73.905946
5..N76R,482,40.817813,-73.905518
5..N76R,483,40.818004,-73.905114
5..N76R,484,40.818400,-73.904210
5..N76R,485,40.818818,-73.903268
5..N76R,486,40.819113,-73.902687
5..N76R,487,40.819585,-73.901770
5..N76R,488,40.822181,-73.896736
5..N76R,489,40.824073,-73.893064
5..N76R,490,40.824223,-73.892771
5..N76R,491,40.824431,-73.892368
5..N76R,492,40.824494,-73.892265
5..N76R,493,40.824554,-73.892182
5..N76R,494,40.824649,-73.892091
5..N76R,495,40.824739,-73.892021
5..N76R,496,40.824818,-73.891978
5..N76R,497,40.824901,-73.891946
5..N76R,498,40.824983,-73.891929
5..N76R,499,40.825069,-73.891922
5..N76R,500,40.825522,-73.891924
5..N76R,501,40.829842,-73.891875
5..N76R,502,40.829993,-73.891865
5..N76R,503,40.830113,-73.891849
5..N76R,504,40.830227,-73.891830
5..N76R,505,40.830395,-73.891793
5..N76R,506,40.830667,-73.891704
5..N76R,507,40.830888,-73.891611
5..N76R,508,40.831153,-73.891469
5..N76R,509,40.831358,-73.891340
5..N76R,510,40.836619,-73.888195
5..N76R,511,40.836830,-73.888068
5..N76R,512,40.837034,-73.887939
5..N76R,513,40.837218,-73.887800
5..N76R,514,40.837288,-73.887734
5..N76R,515,40.837371,-73.887650
5..N76R,516,40.837463,-73.887544
5..N76R,517,40.837713,-73.887183
5..N76R,518,40.838935,-73.885120
5..N76R,519,40.839063,-73.884886
5..N76R,520,40.839165,-73.884651
5..N76R,521,40.839252,-73.884441
5..N76R,522,40.839342,-73.884172
5..N76R,523,40.839419,-73.883891
5..N76R,524,40.839484,-73.883573
5..N76R,525,40.839521,-73.883293
5..N76R,526,40.839546,-73.883030
5..N76R,527,40.839567,-73.882597
5..N76R,528,40.839591,-73.882191
5..N76R,529,40.839613,-73.881967
5..N76R,530,40.839642,-73.881759
5..N76R,531,40.839719,-73.881408
5..N76R,532,40.839802,-73.881149
5..N76R,533,40.839913,-73.880850
5..N76R,534,40.840057,-73.880498
5..N76R,535,40.840155,-73.880284
5..N76R,536,40.840229,-73.880147
5..N76R,537,40.840295,-73.880049
5..N76R,538,40.840415,-73.879899
5..N76R,539,40.840583,-73.879734
5..N76R,540,40.841051,-73.879283
5..N76R,541,40.841151,-73.879175
5..N76R,542,40.841205,-73.879076
5..N76R,543,40.841245,-73.878966
5..N76R,544,40.841273,-73.878829
5..N76R,545,40.841277,-73.878707
5..N76R,546,40.841267,-73.878599
5..N76R,547,40.841249,-73.878512
5..N76R,548,40.841212,-73.878423
5..N76R,549,40.841130,-73.878219
5..N76R,550,40.841049,-73.878027
5..N76R,551,40.840945,-73.877782
5..N76R,552,40.840895,-73.877644
5..N76R,553,40.840846,-73.877474
5..N76R,554,40.840817,-73.877330
5..N76R,555,40.840795,-73.877172
5..N76R,556,40.840786,-73.877010
5..N76R,557,40.840784,-73.876841
5..N76R,558,40.840801,-73.876624
5..N76R,559,40.840847,-73.876313
5..N76R,560,40.841121,-73.874736
5..N76R,561,40.841170,-73.874543
5..N76R,562,40.841210,-73.874430
5..N76R,563,40.841252,-73.874329
5..N76R,564,40.841324,-73.874215
5..N76R,565,40.841402,-73.874109
5..N76R,566,40.841894,-73.873488
5..N76R,567,40.843250,-73.871790
5..N76R,568,40.843567,-73.871389
5..N76R,569,40.843910,-73.871028
5..N76R,570,40.844101,-73.870857
5..N76R,571,40.844293,-73.870717
5..N76R,572,40.844505,-73.870597
5..N76R,573,40.844767,-73.870472
5..N76R,574,40.845525,-73.870143
5..N76R,575,40.845968,-73.869952
5..N76R,576,40.846768,-73.869609
5..N76R,577,40.847153,-73.869431
5..N76R,578,40.847565,-73.869194
5..N76R,579,40.848828,-73.868457
5..N76R,580,40.849338,-73.868153
5..N76R,581,40.849629,-73.867986
5..N76R,582,40.849772,-73.867921
5..N76R,583,40.849929,-73.867873
5..N76R,584,40.850070,-73.867846
5..N76R,585,40.850249,-73.867834
5..N76R,586,40.857192,-73.867615
5..N76R,587,40.865462,-73.867352
5..N76R,588,40.871356,-73.867164
5..N76R,589,40.875827,-73.867025
5..N76R,590,40.876190,-73.867016
5..N76R,591,40.876367,-73.866997
5..N76R,592,40.876523,-73.866970
5..N76R,593,40.876693,-73.866928
5..N76R,594,40.876861,-73.866859
5..N76R,595,40.876988,-73.866787
5..N76R,596,40.877850,-73.866256
5..N76R,597,40.881715,-73.863846
5..N76R,598,40.883895,-73.862633
5..N76R,599,40.888022,-73.860341
5..N76R,600,40.893193,-73.857473
5..N76R,601,40.897451,-73.855124
5..N76R,602,40.897716,-73.854940
5..N76R,603,40.897900,-73.854784
5..N76R,604,40.898379,-73.854376
5..S07R,0,40.888300,-73.830834
5..S07R,1,40.887513,-73.831315
5..S07R,2,40.887136,-73.831550
5..S07R,3,40.886110,-73.832289
5..S07R,4,40.885577,-73.832712
5..S07R,5,40.883768,-73.834236
5..S07R,6,40.881070,-73.836547
5..S07R,7,40.878663,-73.838591
5..S07R,8,40.869526,-73.846384
5..S07R,9,40.858985,-73.855359
5..S07R,10,40.858149,-73.856063
5..S07R,11,40.858070,-73.856131
5..S07R,12,40.857992,-73.856200
5..S07R,13,40.857915,-73.856268
5..S07R,14,40.857840,-73.856338
5..S07R,15,40.857767,-73.856407
5..S07R,16,40.857695,-73.856476
5..S07R,17,40.857624,-73.856545
5..S07R,18,40.857555,-73.856615
5..S07R,19,40.857487,-73.856684
5..S07R,20,40.857420,-73.856754
5..S07R,21,40.857355,-73.856824
5..S07R,22,40.857291,-73.856894
5..S07R,23,40.857229,-73.856964
5..S07R,24,40.857168,-73.857034
5..S07R,25,40.857109,-73.857103
5..S07R,26,40.854364,-73.860495
5..S07R,27,40.848206,-73.868114
5..S07R,28,40.848010,-73.868344
5..S07R,29,40.847897,-73.868480
5..S07R,30,40.847777,-73.868618
5..S07R,31,40.847683,-73.868713
5..S07R,32,40.847572,-73.868816
5..S07R,33,40.847477,-73.868897
5..S07R,34,40.847381,-73.868975
5..S07R,35,40.847056,-73.869192
5..S07R,36,40.846768,-73.869399
5..S07R,37,40.846454,-73.869629
5..S07R,38,40.846327,-73.869717
5..S07R,39,40.846191,-73.869804
5..S07R,40,40.846084,-73.869878
5..S07R,41,40.845968,-73.869952
5..S07R,42,40.845525,-73.870143
5..S07R,43,40.844767,-73.870472
5..S07R,44,40.844505,-73.870597
5..S07R,45,40.844293,-73.870717
5..S07R,46,40.844101,-73.870857
5..S07R,47,40.843910,-73.871028
5..S07R,48,40.843567,-73.871389
5..S07R,49,40.843250,-73.871790
5..S07R,50,40.841894,-73.873488
5..S07R,51,40.841402,-73.874109
5..S07R,52,40.841324,-73.874215
5..S07R,53,40.841252,-73.874329
5..S07R,54,40.841210,-73.874430
5..S07R,55,40.841170,-73.874543
5..S07R,56,40.841121,-73.874736
5..S07R,57,40.840847,-73.876313
5..S07R,58,40.840801,-73.876624
5..S07R,59,40.840784,-73.876841
5..S07R,60,40.840786,-73.877010
5..S07R,61,40.840795,-73.877172
5..S07R,62,40.840817,-73.877330
5..S07R,63,40.840846,-73.877474
5..S07R,64,40.840895,-73.877644
5..S07R,65,40.840945,-73.877782
5..S07R,66,40.841049,-73.878027
5..S07R,67,40.841130,-73.878219
5..S07R,68,40.841212,-73.878423
5..S07R,69,40.841249,-73.878512
5..S07R,70,40.841267,-73.878599
5..S07R,71,40.841277,-73.878707
5..S07R,72,40.841273,-73.878829
5..S07R,73,40.841245,-73.878966
5..S07R,74,40.841205,-73.879076
5..S07R,75,40.841151,-73.879175
5..S07R,76,40.841051,-73.879283
5..S07R,77,40.840583,-73.879734
5..S07R,78,40.840415,-73.879899
5..S07R,79,40.840295,-73.880049
5..S07R,80,40.840229,-73.880147
5..S07R,81,40.840155,-73.880284
5..S07R,82,40.840057,-73.880498
5..S07R,83,40.839913,-73.880850
5..S07R,84,40.839802,-73.881149
5..S07R,85,40.839719,-73.881408
5..S07R,86,40.839642,-73.881759
5..S07R,87,40.839613,-73.881967
5..S07R,88,40.839591,-73.882191
5..S07R,89,40.839567,-73.882597
5..S07R,90,40.839546,-73.883030
5..S07R,91,40.839521,-73.883293
5..S07R,92,40.839484,-73.883573
5..S07R,93,40.839419,-73.883891
5..S07R,94,40.839342,-73.884172
5..S07R,95,40.839252,-73.884441
5..S07R,96,40.839165,-73.884651
5..S07R,97,40.839063,-73.884886
5..S07R,98,40.838935,-73.885120
5..S07R,99,40.837713,-73.887183
5..S07R,100,40.837463,-73.887544
5..S07R,101,40.837371,-73.887650
5..S07R,102,40.837288,-73.887734
5..S07R,103,40.837218,-73.887800
5..S07R,104,40.837034,-73.887939
5..S07R,105,40.836830,-73.888068
5..S07R,106,40.836619,-73.888195
5..S07R,107,40.831358,-73.891340
5..S07R,108,40.831153,-73.891469
5..S07R,109,40.830888,-73.891611
5..S07R,110,40.830667,-73.891704
5..S07R,111,40.830395,-73.891793
5..S07R,112,40.830227,-73.891830
5..S07R,113,40.830113,-73.891849
5..S07R,114,40.829993,-73.891865
5..S07R,115,40.829842,-73.891875
5..S07R,116,40.825522,-73.891924
5..S07R,117,40.825069,-73.891922
5..S07R,118,40.824983,-73.891929
5..S07R,119,40.824901,-73.891946
5..S07R,120,40.824818,-73.891978
5..S07R,121,40.824739,-73.892021
5..S07R,122,40.824649,-73.892091
5..S07R,123,40.824554,-73.892182
5..S07R,124,40.824494,-73.892265
5..S07R,125,40.824431,-73.892368
5..S07R,126,40.824223,-73.892771
5..S07R,127,40.824073,-73.893064
5..S07R,128,40.822181,-73.896736
5..S07R,129,40.819585,-73.901770
5..S07R,130,40.819113,-73.902687
5..S07R,131,40.818818,-73.903268
5..S07R,132,40.818400,-73.904210
5..S07R,133,40.818004,-73.905114
5..S07R,134,40.817813,-73.905518
5..S07R,135,40.817578,-73.905946
5..S07R,136,40.816490,-73.907807
5..S07R,137,40.816174,-73.908375
5..S07R,138,40.816055,-73.908682
5..S07R,139,40.816003,-73.908903
5..S07R,140,40.815963,-73.909111
5..S07R,141,40.815936,-73.909395
5..S07R,142,40.815926,-73.909808
5..S07R,143,40.815931,-73.910082
5..S07R,144,40.815931,-73.910364
5..S07R,145,40.815949,-73.910726
5..S07R,146,40.815974,-73.911136
5..S07R,147,40.816033,-73.911842
5..S07R,148,40.816113,-73.912669
5..S07R,149,40.816180,-73.913328
5..S07R,150,40.816201,-73.913574
5..S07R,151,40.816213,-73.913796
5..S07R,152,40.816201,-73.914030
5..S07R,153,40.816171,-73.914233
5..S07R,154,40.816109,-73.914448
5..S07R,155,40.816005,-73.914728
5..S07R,156,40.815961,-73.914835
5..S07R,157,40.815913,-73.914951
5..S07R,158,40.815820,-73.915203
5..S07R,159,40.815740,-73.915469
5..S07R,160,40.815699,-73.915680
5..S07R,161,40.815684,-73.915934
5..S07R,162,40.815702,-73.916277
5..S07R,163,40.815732,-73.916492
5..S07R,164,40.815782,-73.916675
5..S07R,165,40.816109,-73.917757
5..S07R,166,40.818410,-73.926718
5..S07R,167,40.818685,-73.927782
5..S07R,168,40.818698,-73.927867
5..S07R,169,40.818707,-73.927942
5..S07R,170,40.818711,-73.928012
5..S07R,171,40.818710,-73.928077
5..S07R,172,40.818702,-73.928136
5..S07R,173,40.818690,-73.928189
5..S07R,174,40.818671,-73.928238
5..S07R,175,40.818647,-73.928281
5..S07R,176,40.818618,-73.928318
5..S07R,177,40.818583,-73.928351
5..S07R,178,40.818542,-73.928378
5..S07R,179,40.818496,-73.928399
5..S07R,180,40.818444,-73.928415
5..S07R,181,40.818387,-73.928426
5..S07R,182,40.818324,-73.928431
5..S07R,183,40.818296,-73.928424
5..S07R,184,40.818268,-73.928415
5..S07R,185,40.818240,-73.928404
5..S07R,186,40.818213,-73.928391
5..S07R,187,40.818186,-73.928376
5..S07R,188,40.818159,-73.928360
5..S07R,189,40.818132,-73.928341
5..S07R,190,40.818106,-73.928320
5..S07R,191,40.818080,-73.928298
5..S07R,192,40.818054,-73.928274
5..S07R,193,40.818028,-73.928247
5..S07R,194,40.818003,-73.928219
5..S07R,195,40.817978,-73.928189
5..S07R,196,40.817953,-73.928157
5..S07R,197,40.817930,-73.928110
5..S07R,198,40.817904,-73.928064
5..S07R,199,40.817879,-73.928010
5..S07R,200,40.817853,-73.927960
5..S07R,201,40.817826,-73.927916
5..S07R,202,40.817799,-73.927878
5..S07R,203,40.817770,-73.927844
5..S07R,204,40.817741,-73.927816
5..S07R,205,40.817711,-73.927793
5..S07R,206,40.817680,-73.927776
5..S07R,207,40.817648,-73.927763
5..S07R,208,40.817615,-73.927756
5..S07R,209,40.817581,-73.927755
5..S07R,210,40.817547,-73.927758
5..S07R,211,40.817511,-73.927767
5..S07R,212,40.817474,-73.927778
5..S07R,213,40.817417,-73.927805
5..S07R,214,40.817361,-73.927832
5..S07R,215,40.817304,-73.927859
5..S07R,216,40.817247,-73.927885
5..S07R,217,40.817191,-73.927911
5..S07R,218,40.817134,-73.927936
5..S07R,219,40.817077,-73.927961
5..S07R,220,40.817019,-73.927985
5..S07R,221,40.816962,-73.928008
5..S07R,222,40.816905,-73.928031
5..S07R,223,40.816847,-73.928054
5..S07R,224,40.816790,-73.928076
5..S07R,225,40.816732,-73.928097
5..S07R,226,40.816675,-73.928118
5..S07R,227,40.816617,-73.928138
5..S07R,228,40.814677,-73.928868
5..S07R,229,40.814621,-73.928886
5..S07R,230,40.814566,-73.928906
5..S07R,231,40.814511,-73.928927
5..S07R,232,40.814456,-73.928949
5..S07R,233,40.814402,-73.928972
5..S07R,234,40.814348,-73.928997
5..S07R,235,40.814295,-73.929023
5..S07R,236,40.814242,-73.929051
5..S07R,237,40.814189,-73.929080
5..S07R,238,40.814137,-73.929110
5..S07R,239,40.814085,-73.929142
5..S07R,240,40.814033,-73.929174
5..S07R,241,40.813982,-73.929209
5..S07R,242,40.813931,-73.929244
5..S07R,243,40.813881,-73.929281
5..S07R,244,40.813224,-73.929849
5..S07R,245,40.812093,-73.930931
5..S07R,246,40.808526,-73.934344
5..S07R,247,40.808503,-73.934366
5..S07R,248,40.808479,-73.934388
5..S07R,249,40.808454,-73.934410
5..S07R,250,40.808429,-73.934433
5..S07R,251,40.808403,-73.934455
5..S07R,252,40.808377,-73.934478
5..S07R,253,40.808351,-73.934501
5..S07R,254,40.808323,-73.934523
5..S07R,255,40.808296,-73.934546
5..S07R,256,40.808267,-73.934569
5..S07R,257,40.808239,-73.934592
5..S07R,258,40.808209,-73.934616
5..S07R,259,40.808179,-73.934639
5..S07R,260,40.808149,-73.934662
5..S07R,261,40.808118,-73.934685
5..S07R,262,40.804172,-73.937570
5..S07R,263,40.804138,-73.937594
5..S07R,264,40.798629,-73.941617
5..S07R,265,40.795020,-73.944250
5..S07R,266,40.790600,-73.947478
5..S07R,267,40.785672,-73.951070
5..S07R,268,40.779492,-73.955589
5..S07R,269,40.773620,-73.959874
5..S07R,270,40.768141,-73.963870
5..S07R,271,40.762526,-73.967967
5..S07R,272,40.757107,-73.971920
5..S07R,273,40.752336,-73.975400
5..S07R,274,40.752300,-73.975427
5..S07R,275,40.752266,-73.975456
5..S07R,276,40.752233,-73.975487
5..S07R,277,40.752202,-73.975521
5..S07R,278,40.752173,-73.975556
5..S07R,279,40.752145,-73.975594
5..S07R,280,40.752119,-73.975634
5..S07R,281,40.752095,-73.975676
5..S07R,282,40.752072,-73.975721
5..S07R,283,40.752051,-73.975768
5..S07R,284,40.752032,-73.975817
5..S07R,285,40.752014,-73.975869
5..S07R,286,40.751998,-73.975923
5..S07R,287,40.751983,-73.975979
5..S07R,288,40.751967,-73.976038
5..S07R,289,40.751776,-73.976848
5..S07R,290,40.751575,-73.977756
5..S07R,291,40.751565,-73.977800
5..S07R,292,40.751553,-73.977843
5..S07R,293,40.751540,-73.977884
5..S07R,294,40.751525,-73.977925
5..S07R,295,40.751509,-73.977964
5..S07R,296,40.751491,-73.978002
5..S07R,297,40.751472,-73.978038
5..S07R,298,40.751452,-73.978074
5..S07R,299,40.751430,-73.978108
5..S07R,300,40.751406,-73.978141
5..S07R,301,40.751381,-73.978172
5..S07R,302,40.751355,-73.978203
5..S07R,303,40.751327,-73.978232
5..S07R,304,40.751298,-73.978260
5..S07R,305,40.751266,-73.978287
5..S07R,306,40.746081,-73.982076
5..S07R,307,40.743070,-73.984264
5..S07R,308,40.739864,-73.986599
5..S07R,309,40.735409,-73.989845
5..S07R,310,40.735365,-73.989867
5..S07R,311,40.735320,-73.989887
5..S07R,312,40.735274,-73.989904
5..S07R,313,40.735228,-73.989920
5..S07R,314,40.735181,-73.989933
5..S07R,315,40.735133,-73.989944
5..S07R,316,40.735084,-73.989953
5..S07R,317,40.735035,-73.989960
5..S07R,318,40.734986,-73.989965
5..S07R,319,40.734935,-73.989968
5..S07R,320,40.734884,-73.989969
5..S07R,321,40.734832,-73.989967
5..S07R,322,40.734779,-73.989964
5..S07R,323,40.734726,-73.989958
5..S07R,324,40.734673,-73.989951
5..S07R,325,40.734580,-73.989930
5..S07R,326,40.734490,-73.989911
5..S07R,327,40.734401,-73.989894
5..S07R,328,40.734314,-73.989880
5..S07R,329,40.734228,-73.989867
5..S07R,330,40.734145,-73.989857
5..S07R,331,40.734063,-73.989849
5..S07R,332,40.733983,-73.989843
5..S07R,333,40.733905,-73.989840
5..S07R,334,40.733829,-73.989838
5..S07R,335,40.733755,-73.989839
5..S07R,336,40.733682,-73.989842
5..S07R,337,40.733612,-73.989847
5..S07R,338,40.733543,-73.989854
5..S07R,339,40.733476,-73.989863
5..S07R,340,40.731008,-73.990453
5..S07R,341,40.730923,-73.990468
5..S07R,342,40.730843,-73.990488
5..S07R,343,40.730765,-73.990511
5..S07R,344,40.730690,-73.990538
5..S07R,345,40.730618,-73.990569
5..S07R,346,40.730548,-73.990603
5..S07R,347,40.730482,-73.990641
5..S07R,348,40.730419,-73.990682
5..S07R,349,40.730358,-73.990727
5..S07R,350,40.730300,-73.990775
5..S07R,351,40.730246,-73.990827
5..S07R,352,40.730194,-73.990882
5..S07R,353,40.730144,-73.990941
5..S07R,354,40.730098,-73.991003
5..S07R,355,40.730054,-73.991070
5..S07R,356,40.730023,-73.991125
5..S07R,357,40.729991,-73.991178
5..S07R,358,40.729958,-73.991229
5..S07R,359,40.729925,-73.991280
5..S07R,360,40.729891,-73.991328
5..S07R,361,40.729856,-73.991376
5..S07R,362,40.729821,-73.991422
5..S07R,363,40.729785,-73.991466
5..S07R,364,40.729748,-73.991509
5..S07R,365,40.729711,-73.991551
5..S07R,366,40.729673,-73.991592
5..S07R,367,40.729634,-73.991631
5..S07R,368,40.729595,-73.991669
5..S07R,369,40.729555,-73.991705
5..S07R,370,40.729514,-73.991740
5..S07R,371,40.727308,-73.993622
5..S07R,372,40.725915,-73.994659
5..S07R,373,40.723654,-73.996498
5..S07R,374,40.723631,-73.996519
5..S07R,375,40.723607,-73.996540
5..S07R,376,40.723584,-73.996560
5..S07R,377,40.723560,-73.996579
5..S07R,378,40.723536,-73.996597
5..S07R,379,40.723512,-73.996614
5..S07R,380,40.723488,-73.996631
5..S07R,381,40.723464,-73.996647
5..S07R,382,40.723439,-73.996662
5..S07R,383,40.723415,-73.996676
5..S07R,384,40.723390,-73.996690
5..S07R,385,40.723365,-73.996702
5..S07R,386,40.723340,-73.996714
5..S07R,387,40.723314,-73.996726
5..S07R,388,40.723289,-73.996736
5..S07R,389,40.722521,-73.997029
5..S07R,390,40.722507,-73.997035
5..S07R,391,40.722492,-73.997041
5..S07R,392,40.722478,-73.997047
5..S07R,393,40.722464,-73.997053
5..S07R,394,40.722450,-73.997060
5..S07R,395,40.722435,-73.997066
5..S07R,396,40.722421,-73.997073
5..S07R,397,40.722407,-73.997081
5..S07R,398,40.722393,-73.997088
5..S07R,399,40.722379,-73.997096
5..S07R,400,40.722364,-73.997104
5..S07R,401,40.722350,-73.997112
5..S07R,402,40.722336,-73.997120
5..S07R,403,40.722322,-73.997128
5..S07R,404,40.722301,-73.997141
5..S07R,405,40.722285,-73.997151
5..S07R,406,40.722273,-73.997158
5..S07R,407,40.722261,-73.997166
5..S07R,408,40.722249,-73.997174
5..S07R,409,40.722237,-73.997183
5..S07R,410,40.722225,-73.997191
5..S07R,411,40.722213,-73.997201
5..S07R,412,40.722201,-73.997210
5..S07R,413,40.722188,-73.997220
5..S07R,414,40.722176,-73.997231
5..S07R,415,40.722163,-73.997241
5..S07R,416,40.722151,-73.997253
5..S07R,417,40.722138,-73.997264
5..S07R,418,40.722125,-73.997276
5..S07R,419,40.720055,-73.999049
5..S07R,420,40.718803,-74.000193
5..S07R,421,40.715827,-74.002859
5..S07R,422,40.715800,-74.002883
5..S07R,423,40.715772,-74.002905
5..S07R,424,40.715744,-74.002925
5..S07R,425,40.715716,-74.002945
5..S07R,426,40.715687,-74.002963
5..S07R,427,40.715657,-74.002979
5..S07R,428,40.715627,-74.002994
5..S07R,429,40.715597,-74.003008
5..S07R,430,40.715566,-74.003020
5..S07R,431,40.715535,-74.003031
5..S07R,432,40.715503,-74.003040
5..S07R,433,40.715471,-74.003048
5..S07R,434,40.715438,-74.003054
5..S07R,435,40.715405,-74.003059
5..S07R,436,40.715371,-74.003063
5..S07R,437,40.714559,-74.003165
5..S07R,438,40.714504,-74.003166
5..S07R,439,40.714449,-74.003170
5..S07R,440,40.714396,-74.003176
5..S07R,441,40.714345,-74.003184
5..S07R,442,40.714294,-74.003195
5..S07R,443,40.714244,-74.003209
5..S07R,444,40.714196,-74.003224
5..S07R,445,40.714149,-74.003242
5..S07R,446,40.714102,-74.003263
5..S07R,447,40.714057,-74.003286
5..S07R,448,40.714014,-74.003311
5..S07R,449,40.713971,-74.003339
5..S07R,450,40.713930,-74.003369
5..S07R,451,40.713889,-74.003402
5..S07R,452,40.713850,-74.003437
5..S07R,453,40.713065,-74.004131
5..S07R,454,40.712564,-74.004631
5..S07R,455,40.712530,-74.004665
5..S07R,456,40.712498,-74.004697
5..S07R,457,40.712469,-74.004731
5..S07R,458,40.712440,-74.004767
5..S07R,459,40.712413,-74.004805
5..S07R,460,40.712387,-74.004845
5..S07R,461,40.712363,-74.004886
5..S07R,462,40.712340,-74.004930
5..S07R,463,40.712318,-74.004976
5..S07R,464,40.712297,-74.005023
5..S07R,465,40.712278,-74.005073
5..S07R,466,40.712260,-74.005124
5..S07R,467,40.712243,-74.005177
5..S07R,468,40.712228,-74.005233
5..S07R,469,40.712214,-74.005290
5..S07R,470,40.711451,-74.008338
5..S07R,471,40.711442,-74.008372
5..S07R,472,40.711431,-74.008407
5..S07R,473,40.711419,-74.008441
5..S07R,474,40.711406,-74.008473
5..S07R,475,40.711393,-74.008505
5..S07R,476,40.711379,-74.008536
5..S07R,477,40.711364,-74.008565
5..S07R,478,40.711348,-74.008594
5..S07R,479,40.711332,-74.008622
5..S07R,480,40.711314,-74.008649
5..S07R,481,40.711296,-74.008675
5..S07R,482,40.711278,-74.008700
5..S07R,483,40.711258,-74.008725
5..S07R,484,40.711238,-74.008748
5..S07R,485,40.711218,-74.008770
5..S07R,486,40.710368,-74.009509
5..S07R,487,40.707557,-74.011862
5..S07R,488,40.705299,-74.013759
5..S07R,489,40.705168,-74.013854
5..S07R,490,40.705053,-74.013932
5..S07R,491,40.704817,-74.014065
5..S07R,492,40.704123,-74.014428
5..S07R,493,40.703957,-74.014503
5..S07R,494,40.703793,-74.014565
5..S07R,495,40.703634,-74.014612
5..S07R,496,40.703477,-74.014643
5..S07R,497,40.703325,-74.014659
5..S07R,498,40.703176,-74.014660
5..S07R,499,40.703031,-74.014645
5..S07R,500,40.702890,-74.014615
5..S07R,501,40.702752,-74.014569
5..S07R,502,40.702618,-74.014509
5..S07R,503,40.702488,-74.014432
5..S07R,504,40.702361,-74.014341
5..S07R,505,40.702238,-74.014233
5..S07R,506,40.702119,-74.014111
5..S07R,507,40.702003,-74.013973
5..S07R,508,40.700938,-74.012544
5..S07R,509,40.696065,-74.006198
5..S07R,510,40.695813,-74.005764
5..S07R,511,40.695589,-74.005177
5..S07R,512,40.695366,-74.004589
5..S07R,513,40.695132,-74.003986
5..S07R,514,40.694909,-74.003274
5..S07R,515,40.694739,-74.002639
5..S07R,516,40.694560,-74.001884
5..S07R,517,40.694369,-74.001108
5..S07R,518,40.694217,-74.000520
5..S07R,519,40.693877,-73.999213
5..S07R,520,40.693837,-73.998992
5..S07R,521,40.693147,-73.995080
5..S07R,522,40.692404,-73.990151
5..S07R,523,40.692392,-73.990067
5..S07R,524,40.692380,-73.989986
5..S07R,525,40.692367,-73.989908
5..S07R,526,40.692354,-73.989832
5..S07R,527,40.692341,-73.989760
5..S07R,528,40.692328,-73.989690
5..S07R,529,40.692314,-73.989623
5..S07R,530,40.692300,-73.989558
5..S07R,531,40.692286,-73.989497
5..S07R,532,40.692271,-73.989438
5..S07R,533,40.692257,-73.989382
5..S07R,534,40.692242,-73.989328
5..S07R,535,40.692226,-73.989278
5..S07R,536,40.692211,-73.989230
5..S07R,537,40.692195,-73.989185
5..S07R,538,40.690545,-73.985065
5..S07R,539,40.689164,-73.981616
5..S07R,540,40.689130,-73.981529
5..S07R,541,40.689096,-73.981444
5..S07R,542,40.689062,-73.981360
5..S07R,543,40.689027,-73.981280
5..S07R,544,40.688987,-73.981205
5..S07R,545,40.688945,-73.981133
5..S07R,546,40.688902,-73.981065
5..S07R,547,40.688856,-73.981001
5..S07R,548,40.688808,-73.980941
5..S07R,549,40.688757,-73.980884
5..S07R,550,40.688705,-73.980833
5..S07R,551,40.688649,-73.980785
5..S07R,552,40.688593,-73.980740
5..S07R,553,40.688533,-73.980697
5..S07R,554,40.688475,-73.980654
5..S07R,555,40.688246,-73.980492
5..S07R,556,40.685781,-73.978708
5..S07R,557,40.684359,-73.977666
5..S07R,558,40.680829,-73.975098
5..S07R,559,40.675235,-73.971046
5..S07R,560,40.673679,-73.969806
5..S07R,561,40.673552,-73.969694
5..S07R,562,40.673414,-73.969546
5..S07R,563,40.673299,-73.969397
5..S07R,564,40.673208,-73.969259
5..S07R,565,40.673121,-73.969088
5..S07R,566,40.673056,-73.968947
5..S07R,567,40.672999,-73.968779
5..S07R,568,40.672955,-73.968631
5..S07R,569,40.672915,-73.968465
5..S07R,570,40.671987,-73.964375
5..S07R,571,40.670682,-73.958131
5..S07R,572,40.670208,-73.955823
5..S07R,573,40.670157,-73.955542
5..S07R,574,40.670118,-73.955258
5..S07R,575,40.670096,-73.954983
5..S07R,576,40.670083,-73.954713
5..S07R,577,40.669922,-73.951706
5..S07R,578,40.669847,-73.950466
5..S07R,579,40.669399,-73.942161
5..S07R,580,40.668897,-73.932942
6..N01R,0,40.713065,-74.004131
6..N01R,1,40.713850,-74.003437
6..N01R,2,40.713889,-74.003402
6..N01R,3,40.713930,-74.003369
6..N01R,4,40.713971,-74.003339
6..N01R,5,40.714014,-74.003311
6..N01R,6,40.714057,-74.003286
6..N01R,7,40.714102,-74.003263
6..N01R,8,40.714149,-74.003242
6..N01R,9,40.714196,-74.003224
6..N01R,10,40.714244,-74.003209
6..N01R,11,40.714294,-74.003195
6..N01R,12,40.714345,-74.003184
6..N01R,13,40.714396,-74.003176
6..N01R,14,40.714449,-74.003170
6..N01R,15,40.714504,-74.003166
6..N01R,16,40.714559,-74.003165
6..N01R,17,40.715371,-74.003063
6..N01R,18,40.715405,-74.003059
6..N01R,19,40.715438,-74.003054
6..N01R,20,40.715471,-74.003048
6..N01R,21,40.715503,-74.003040
6..N01R,22,40.715535,-74.003031
6..N01R,23,40.715566,-74.003020
6..N01R,24,40.715597,-74.003008
6..N01R,25,40.715627,-74.002994
6..N01R,26,40.715657,-74.002979
6..N01R,27,40.715687,-74.002963
6..N01R,28,40.715716,-74.002945
6..N01R,29,40.715744,-74.002925
6..N01R,30,40.715772,-74.002905
6..N01R,31,40.715800,-74.002883
6..N01R,32,40.715827,-74.002859
6..N01R,33,40.718803,-74.000193
6..N01R,34,40.720055,-73.999049
6..N01R,35,40.722125,-73.997276
6..N01R,36,40.722138,-73.997264
6..N01R,37,40.722151,-73.997253
6..N01R,38,40.722163,-73.997241
6..N01R,39,40.722176,-73.997231
6..N01R,40,40.722188,-73.997220
6..N01R,41,40.722201,-73.997210
6..N01R,42,40.722213,-73.997201
6..N01R,43,40.722225,-73.997191
6..N01R,44,40.722237,-73.997183
6..N01R,45,40.722249,-73.997174
6..N01R,46,40.722261,-73.997166
6..N01R,47,40.722273,-73.997158
6..N01R,48,40.722285,-73.997151
6..N01R,49,40.722301,-73.997141
6..N01R,50,40.722322,-73.997128
6..N01R,51,40.722336,-73.997120
6..N01R,52,40.722350,-73.997112
6..N01R,53,40.722364,-73.997104
6..N01R,54,40.722379,-73.997096
6..N01R,55,40.722393,-73.997088
6..N01R,56,40.722407,-73.997081
6..N01R,57,40.722421,-73.997073
6..N01R,58,40.722435,-73.997066
6..N01R,59,40.722450,-73.997060
6..N01R,60,40.722464,-73.997053
6..N01R,61,40.722478,-73.997047
6..N01R,62,40.722492,-73.997041
6..N01R,63,40.722507,-73.997035
6..N01R,64,40.722521,-73.997029
6..N01R,65,40.723289,-73.996736
6..N01R,66,40.723314,-73.996726
6..N01R,67,40.723340,-73.996714
6..N01R,68,40.723365,-73.996702
6..N01R,69,40.723390,-73.996690
6..N01R,70,40.723415,-73.996676
6..N01R,71,40.723439,-73.996662
6..N01R,72,40.723464,-73.996647
6..N01R,73,40.723488,-73.996631
6..N01R,74,40.723512,-73.996614
6..N01R,75,40.723536,-73.996597
6..N01R,76,40.723560,-73.996579
6..N01R,77,40.723584,-73.996560
6..N01R,78,40.723607,-73.996540
6..N01R,79,40.723631,-73.996519
6..N01R,80,40.723654,-73.996498
6..N01R,81,40.725915,-73.994659
6..N01R,82,40.727308,-73.993622
6..N01R,83,40.729514,-73.991740
6..N01R,84,40.729555,-73.991705
6..N01R,85,40.729595,-73.991669
6..N01R,86,40.729634,-73.991631
6..N01R,87,40.729673,-73.991592
6..N01R,88,40.729711,-73.991551
6..N01R,89,40.729748,-73.991509
6..N01R,90,40.729785,-73.991466
6..N01R,91,40.729821,-73.991422
6..N01R,92,40.729856,-73.991376
6..N01R,93,40.729891,-73.991328
6..N01R,94,40.729925,-73.991280
6..N01R,95,40.729958,-73.991229
6..N01R,96,40.729991,-73.991178
6..N01R,97,40.730023,-73.991125
6..N01R,98,40.730054,-73.991070
6..N01R,99,40.730098,-73.991003
6..N01R,100,40.730144,-73.990941
6..N01R,101,40.730194,-73.990882
6..N01R,102,40.730246,-73.990827
6..N01R,103,40.730300,-73.990775
6..N01R,104,40.730358,-73.990727
6..N01R,105,40.730419,-73.990682
6..N01R,106,40.730482,-73.990641
6..N01R,107,40.730548,-73.990603
6..N01R,108,40.730618,-73.990569
6..N01R,109,40.730690,-73.990538
6..N01R,110,40.730765,-73.990511
6..N01R,111,40.730843,-73.990488
6..N01R,112,40.730923,-73.990468
6..N01R,113,40.731008,-73.990453
6..N01R,114,40.733476,-73.989863
6..N01R,115,40.733543,-73.989854
6..N01R,116,40.733612,-73.989847
6..N01R,117,40.733682,-73.989842
6..N01R,118,40.733755,-73.989839
6..N01R,119,40.733829,-73.989838
6..N01R,120,40.733905,-73.989840
6..N01R,121,40.733983,-73.989843
6..N01R,122,40.734063,-73.989849
6..N01R,123,40.734145,-73.989857
6..N01R,124,40.734228,-73.989867
6..N01R,125,40.734314,-73.989880
6..N01R,126,40.734401,-73.989894
6..N01R,127,40.734490,-73.989911
6..N01R,128,40.734580,-73.989930
6..N01R,129,40.734673,-73.989951
6..N01R,130,40.734726,-73.989958
6..N01R,131,40.734779,-73.989964
6..N01R,132,40.734832,-73.989967
6..N01R,133,40.734884,-73.989969
6..N01R,134,40.734935,-73.989968
6..N01R,135,40.734986,-73.989965
6..N01R,136,40.735035,-73.989960
6..N01R,137,40.735084,-73.989953
6..N01R,138,40.735133,-73.989944
6..N01R,139,40.735181,-73.989933
6..N01R,140,40.735228,-73.989920
6..N01R,141,40.735274,-73.989904
6..N01R,142,40.735320,-73.989887
6..N01R,143,40.735365,-73.989867
6..N01R,144,40.735409,-73.989845
6..N01R,145,40.739864,-73.986599
6..N01R,146,40.743070,-73.984264
6..N01R,147,40.746081,-73.982076
6..N01R,148,40.751266,-73.978287
6..N01R,149,40.751298,-73.978260
6..N01R,150,40.751327,-73.978232
6..N01R,151,40.751355,-73.978203
6..N01R,152,40.751381,-73.978172
6..N01R,153,40.751406,-73.978141
6..N01R,154,40.751430,-73.978108
6..N01R,155,40.751452,-73.978074
6..N01R,156,40.751472,-73.978038
6..N01R,157,40.751491,-73.978002
6..N01R,158,40.751509,-73.977964
6..N01R,159,40.751525,-73.977925
6..N01R,160,40.751540,-73.977884
6..N01R,161,40.751553,-73.977843
6..N01R,162,40.751565,-73.977800
6..N01R,163,40.751575,-73.977756
6..N01R,164,40.751776,-73.976848
6..N01R,165,40.751967,-73.976038
6..N01R,166,40.751983,-73.975979
6..N01R,167,40.751998,-73.975923
6..N01R,168,40.752014,-73.975869
6..N01R,169,40.752032,-73.975817
6..N01R,170,40.752051,-73.975768
6..N01R,171,40.752072,-73.975721
6..N01R,172,40.752095,-73.975676
6..N01R,173,40.752119,-73.975634
6..N01R,174,40.752145,-73.975594
6..N01R,175,40.752173,-73.975556
6..N01R,176,40.752202,-73.975521
6..N01R,177,40.752233,-73.975487
6..N01R,178,40.752266,-73.975456
6..N01R,179,40.752300,-73.975427
6..N01R,180,40.752336,-73.975400
6..N01R,181,40.757107,-73.971920
6..N01R,182,40.762526,-73.967967
6..N01R,183,40.768141,-73.963870
6..N01R,184,40.773620,-73.959874
6..N01R,185,40.779492,-73.955589
6..N01R,186,40.785672,-73.951070
6..N01R,187,40.790600,-73.947478
6..N01R,188,40.795020,-73.944250
6..N01R,189,40.798629,-73.941617
6..N01R,190,40.804138,-73.937594
6..N01R,191,40.804172,-73.937570
6..N01R,192,40.808118,-73.934685
6..N01R,193,40.808149,-73.934662
6..N01R,194,40.808179,-73.934639
6..N01R,195,40.808209,-73.934616
6..N01R,196,40.808239,-73.934592
6..N01R,197,40.808267,-73.934569
6..N01R,198,40.808296,-73.934546
6..N01R,199,40.808323,-73.934523
6..N01R,200,40.808351,-73.934501
6..N01R,201,40.808377,-73.934478
6..N01R,202,40.808403,-73.934455
6..N01R,203,40.808429,-73.934433
6..N01R,204,40.808454,-73.934410
6..N01R,205,40.808479,-73.934388
6..N01R,206,40.808503,-73.934366
6..N01R,207,40.808526,-73.934344
6..N01R,208,40.812093,-73.930931
6..N01R,209,40.812201,-73.930756
6..N01R,210,40.812284,-73.930598
6..N01R,211,40.812353,-73.930441
6..N01R,212,40.812408,-73.930284
6..N01R,213,40.812449,-73.930128
6..N01R,214,40.812475,-73.929972
6..N01R,215,40.812488,-73.929817
6..N01R,216,40.812486,-73.929661
6..N01R,217,40.812471,-73.929507
6..N01R,218,40.812441,-73.929352
6..N01R,219,40.812397,-73.929199
6..N01R,220,40.812339,-73.929045
6..N01R,221,40.812267,-73.928892
6..N01R,222,40.812181,-73.928739
6..N01R,223,40.812079,-73.928587
6..N01R,224,40.810980,-73.927147
6..N01R,225,40.810957,-73.927116
6..N01R,226,40.810933,-73.927084
6..N01R,227,40.810910,-73.927050
6..N01R,228,40.810887,-73.927015
6..N01R,229,40.810863,-73.926978
6..N01R,230,40.810840,-73.926939
6..N01R,231,40.810817,-73.926900
6..N01R,232,40.810795,-73.926858
6..N01R,233,40.810772,-73.926815
6..N01R,234,40.810749,-73.926771
6..N01R,235,40.810727,-73.926725
6..N01R,236,40.810704,-73.926677
6..N01R,237,40.810682,-73.926628
6..N01R,238,40.810659,-73.926578
6..N01R,239,40.810637,-73.926526
6..N01R,240,40.810476,-73.926138
6..N01R,241,40.807566,-73.919240
6..N01R,242,40.805368,-73.914042
6..N01R,243,40.804902,-73.912932
6..N01R,244,40.804878,-73.912872
6..N01R,245,40.804858,-73.912813
6..N01R,246,40.804840,-73.912754
6..N01R,247,40.804826,-73.912696
6..N01R,248,40.804815,-73.912640
6..N01R,249,40.804807,-73.912584
6..N01R,250,40.804802,-73.912528
6..N01R,251,40.804801,-73.912474
6..N01R,252,40.804802,-73.912420
6..N01R,253,40.804807,-73.912368
6..N01R,254,40.804815,-73.912316
6..N01R,255,40.804826,-73.912264
6..N01R,256,40.804841,-73.912214
6..N01R,257,40.804858,-73.912165
6..N01R,258,40.804879,-73.912116
6..N01R,259,40.806334,-73.908910
6..N01R,260,40.806368,-73.908840
6..N01R,261,40.806404,-73.908774
6..N01R,262,40.806442,-73.908711
6..N01R,263,40.806483,-73.908651
6..N01R,264,40.806525,-73.908595
6..N01R,265,40.806570,-73.908543
6..N01R,266,40.806618,-73.908493
6..N01R,267,40.806667,-73.908447
6..N01R,268,40.806719,-73.908405
6..N01R,269,40.806773,-73.908366
6..N01R,270,40.806829,-73.908330
6..N01R,271,40.806887,-73.908298
6..N01R,272,40.806948,-73.908269
6..N01R,273,40.807011,-73.908244
6..N01R,274,40.807076,-73.908222
6..N01R,275,40.808719,-73.907657
6..N01R,276,40.809654,-73.907327
6..N01R,277,40.809831,-73.907266
6..N01R,278,40.809947,-73.907216
6..N01R,279,40.809991,-73.907191
6..N01R,280,40.810034,-73.907163
6..N01R,281,40.810076,-73.907133
6..N01R,282,40.810117,-73.907101
6..N01R,283,40.810156,-73.907067
6..N01R,284,40.810194,-73.907031
6..N01R,285,40.810231,-73.906993
6..N01R,286,40.810267,-73.906952
6..N01R,287,40.810301,-73.906910
6..N01R,288,40.811733,-73.904713
6..N01R,289,40.811765,-73.904667
6..N01R,290,40.811796,-73.904622
6..N01R,291,40.811826,-73.904577
6..N01R,292,40.811855,-73.904533
6..N01R,293,40.811883,-73.904490
6..N01R,294,40.811911,-73.904447
6..N01R,295,40.811937,-73.904406
6..N01R,296,40.811963,-73.904365
6..N01R,297,40.811988,-73.904324
6..N01R,298,40.812011,-73.904285
6..N01R,299,40.812034,-73.904246
6..N01R,300,40.812057,-73.904208
6..N01R,301,40.812078,-73.904171
6..N01R,302,40.812098,-73.904134
6..N01R,303,40.812118,-73.904098
6..N01R,304,40.812128,-73.904076
6..N01R,305,40.812138,-73.904054
6..N01R,306,40.812148,-73.904032
6..N01R,307,40.812157,-73.904010
6..N01R,308,40.812166,-73.903988
6..N01R,309,40.812174,-73.903967
6..N01R,310,40.812183,-73.903946
6..N01R,311,40.812191,-73.903924
6..N01R,312,40.812199,-73.903904
6..N01R,313,40.812206,-73.903883
6..N01R,314,40.812214,-73.903862
6..N01R,315,40.812221,-73.903842
6..N01R,316,40.812227,-73.903822
6..N01R,317,40.812234,-73.903802
6..N01R,318,40.812240,-73.903781
6..N01R,319,40.813447,-73.899485
6..N01R,320,40.813461,-73.899436
6..N01R,321,40.813475,-73.899388
6..N01R,322,40.813489,-73.899341
6..N01R,323,40.813505,-73.899295
6..N01R,324,40.813522,-73.899251
6..N01R,325,40.813539,-73.899208
6..N01R,326,40.813557,-73.899166
6..N01R,327,40.813577,-73.899126
6..N01R,328,40.813597,-73.899087
6..N01R,329,40.813618,-73.899050
6..N01R,330,40.813640,-73.899013
6..N01R,331,40.813663,-73.898978
6..N01R,332,40.813687,-73.898945
6..N01R,333,40.813712,-73.898913
6..N01R,334,40.813738,-73.898882
6..N01R,335,40.816104,-73.896435
6..N01R,336,40.820445,-73.891955
6..N01R,337,40.820467,-73.891926
6..N01R,338,40.820488,-73.891896
6..N01R,339,40.820509,-73.891865
6..N01R,340,40.820529,-73.891833
6..N01R,341,40.820549,-73.891799
6..N01R,342,40.820568,-73.891764
6..N01R,343,40.820587,-73.891728
6..N01R,344,40.820605,-73.891691
6..N01R,345,40.820623,-73.891653
6..N01R,346,40.820641,-73.891613
6..N01R,347,40.820658,-73.891573
6..N01R,348,40.820674,-73.891531
6..N01R,349,40.820691,-73.891488
6..N01R,350,40.820707,-73.891443
6..N01R,351,40.820722,-73.891398
6..N01R,352,40.820948,-73.890549
6..N01R,353,40.821171,-73.889769
6..N01R,354,40.821186,-73.889724
6..N01R,355,40.821202,-73.889678
6..N01R,356,40.821220,-73.889631
6..N01R,357,40.821240,-73.889584
6..N01R,358,40.821261,-73.889535
6..N01R,359,40.821284,-73.889486
6..N01R,360,40.821308,-73.889436
6..N01R,361,40.821334,-73.889385
6..N01R,362,40.821362,-73.889334
6..N01R,363,40.821391,-73.889281
6..N01R,364,40.821422,-73.889228
6..N01R,365,40.821454,-73.889174
6..N01R,366,40.821488,-73.889119
6..N01R,367,40.821524,-73.889064
6..N01R,368,40.821561,-73.889008
6..N01R,369,40.822368,-73.887776
6..N01R,370,40.822430,-73.887697
6..N01R,371,40.822492,-73.887620
6..N01R,372,40.822555,-73.887547
6..N01R,373,40.822620,-73.887477
6..N01R,374,40.822685,-73.887410
6..N01R,375,40.822751,-73.887346
6..N01R,376,40.822818,-73.887286
6..N01R,377,40.822886,-73.887229
6..N01R,378,40.822955,-73.887175
6..N01R,379,40.823025,-73.887126
6..N01R,380,40.823097,-73.887079
6..N01R,381,40.823170,-73.887035
6..N01R,382,40.823242,-73.886995
6..N01R,383,40.823316,-73.886957
6..N01R,384,40.823392,-73.886920
6..N01R,385,40.823529,-73.886853
6..N01R,386,40.823685,-73.886787
6..N01R,387,40.823837,-73.886737
6..N01R,388,40.823995,-73.886692
6..N01R,389,40.824206,-73.886651
6..N01R,390,40.824533,-73.886598
6..N01R,391,40.826525,-73.886283
6..N01R,392,40.827281,-73.886160
6..N01R,393,40.827392,-73.886127
6..N01R,394,40.827495,-73.886085
6..N01R,395,40.827592,-73.886034
6..N01R,396,40.827682,-73.885975
6..N01R,397,40.827765,-73.885907
6..N01R,398,40.827841,-73.885831
6..N01R,399,40.827910,-73.885747
6..N01R,400,40.827972,-73.885653
6..N01R,401,40.828027,-73.885552
6..N01R,402,40.828076,-73.885441
6..N01R,403,40.828117,-73.885323
6..N01R,404,40.828151,-73.885195
6..N01R,405,40.828179,-73.885059
6..N01R,406,40.828199,-73.884915
6..N01R,407,40.828212,-73.884763
6..N01R,408,40.828341,-73.882301
6..N01R,409,40.828344,-73.882250
6..N01R,410,40.828347,-73.882198
6..N01R,411,40.828349,-73.882147
6..N01R,412,40.828352,-73.882095
6..N01R,413,40.828355,-73.882043
6..N01R,414,40.828358,-73.881991
6..N01R,415,40.828361,-73.881939
6..N01R,416,40.828365,-73.881887
6..N01R,417,40.828368,-73.881834
6..N01R,418,40.828372,-73.881782
6..N01R,419,40.828376,-73.881729
6..N01R,420,40.828379,-73.881676
6..N01R,421,40.828383,-73.881623
6..N01R,422,40.828388,-73.881569
6..N01R,423,40.828392,-73.881516
6..N01R,424,40.828584,-73.879159
6..N01R,425,40.828708,-73.877668
6..N01R,426,40.828713,-73.877612
6..N01R,427,40.828719,-73.877555
6..N01R,428,40.828727,-73.877496
6..N01R,429,40.828735,-73.877436
6..N01R,430,40.828744,-73.877375
6..N01R,431,40.828755,-73.877313
6..N01R,432,40.828766,-73.877249
6..N01R,433,40.828778,-73.877184
6..N01R,434,40.828792,-73.877118
6..N01R,435,40.828806,-73.877051
6..N01R,436,40.828822,-73.876982
6..N01R,437,40.828838,-73.876912
6..N01R,438,40.828856,-73.876841
6..N01R,439,40.828874,-73.876769
6..N01R,440,40.828894,-73.876695
6..N01R,441,40.829521,-73.874516
6..N01R,442,40.831509,-73.867618
6..N01R,443,40.833019,-73.862382
6..N01R,444,40.833028,-73.862347
6..N01R,445,40.833037,-73.862313
6..N01R,446,40.833045,-73.862279
6..N01R,447,40.833053,-73.862245
6..N01R,448,40.833060,-73.862212
6..N01R,449,40.833067,-73.862178
6..N01R,450,40.833074,-73.862145
6..N01R,451,40.833080,-73.862113
6..N01R,452,40.833086,-73.862080
6..N01R,453,40.833091,-73.862048
6..N01R,454,40.833096,-73.862016
6..N01R,455,40.833100,-73.861984
6..N01R,456,40.833104,-73.861952
6..N01R,457,40.833107,-73.861921
6..N01R,458,40.833110,-73.861890
6..N01R,459,40.833226,-73.860816
6..N01R,460,40.834255,-73.851222
6..N01R,461,40.834379,-73.850055
6..N01R,462,40.834389,-73.849981
6..N01R,463,40.834402,-73.849907
6..N01R,464,40.834417,-73.849835
6..N01R,465,40.834435,-73.849763
6..N01R,466,40.834456,-73.849693
6..N01R,467,40.834480,-73.849623
6..N01R,468,40.834507,-73.849555
6..N01R,469,40.834536,-73.849487
6..N01R,470,40.834568,-73.849421
6..N01R,471,40.834603,-73.849355
6..N01R,472,40.834640,-73.849291
6..N01R,473,40.834681,-73.849227
6..N01R,474,40.834724,-73.849164
6..N01R,475,40.834769,-73.849103
6..N01R,476,40.834818,-73.849042
6..N01R,477,40.836488,-73.847036
6..N01R,478,40.839892,-73.842952
6..N01R,479,40.840497,-73.842229
6..N01R,480,40.840523,-73.842193
6..N01R,481,40.840549,-73.842157
6..N01R,482,40.840574,-73.842121
6..N01R,483,40.840598,-73.842086
6..N01R,484,40.840622,-73.842051
6..N01R,485,40.840645,-73.842016
6..N01R,486,40.840667,-73.841982
6..N01R,487,40.840689,-73.841948
6..N01R,488,40.840710,-73.841915
6..N01R,489,40.840730,-73.841881
6..N01R,490,40.840749,-73.841849
6..N01R,491,40.840768,-73.841816
6..N01R,492,40.840787,-73.841784
6..N01R,493,40.840804,-73.841752
6..N01R,494,40.840821,-73.841721
6..N01R,495,40.843045,-73.837430
6..N01R,496,40.843063,-73.837398
6..N01R,497,40.843081,-73.837367
6..N01R,498,40.843100,-73.837335
6..N01R,499,40.843119,-73.837305
6..N01R,500,40.843138,-73.837274
6..N01R,501,40.843157,-73.837244
6..N01R,502,40.843176,-73.837214
6..N01R,503,40.843196,-73.837184
6..N01R,504,40.843216,-73.837155
6..N01R,505,40.843236,-73.837126
6..N01R,506,40.843256,-73.837097
6..N01R,507,40.843277,-73.837069
6..N01R,508,40.843298,-73.837041
6..N01R,509,40.843319,-73.837013
6..N01R,510,40.843340,-73.836986
6..N01R,511,40.843863,-73.836322
6..N01R,512,40.846810,-73.832569
6..N01R,513,40.847525,-73.831662
6..N01R,514,40.847565,-73.831616
6..N01R,515,40.847606,-73.831572
6..N01R,516,40.847648,-73.831528
6..N01R,517,40.847691,-73.831486
6..N01R,518,40.847734,-73.831445
6..N01R,519,40.847778,-73.831406
6..N01R,520,40.847822,-73.831367
6..N01R,521,40.847868,-73.831329
6..N01R,522,40.847914,-73.831293
6..N01R,523,40.847961,-73.831258
6..N01R,524,40.848008,-73.831224
6..N01R,525,40.848056,-73.831191
6..N01R,526,40.848105,-73.831160
6..N01R,527,40.848155,-73.831129
6..N01R,528,40.848205,-73.831100
6..N01R,529,40.848810,-73.830739
6..N01R,530,40.848875,-73.830702
6..N01R,531,40.848940,-73.830666
6..N01R,532,40.849004,-73.830631
6..N01R,533,40.849069,-73.830598
6..N01R,534,40.849133,-73.830566
6..N01R,535,40.849196,-73.830536
6..N01R,536,40.849259,-73.830506
6..N01R,537,40.849322,-73.830478
6..N01R,538,40.849385,-73.830451
6..N01R,539,40.849448,-73.830426
6..N01R,540,40.849510,-73.830402
6..N01R,541,40.849571,-73.830379
6..N01R,542,40.849633,-73.830357
6..N01R,543,40.849694,-73.830337
6..N01R,544,40.849755,-73.830318
6..N01R,545,40.851038,-73.829967
6..N01R,546,40.851124,-73.829942
6..N01R,547,40.851206,-73.829912
6..N01R,548,40.851285,-73.829878
6..N01R,549,40.851361,-73.829841
6..N01R,550,40.851434,-73.829799
6..N01R,551,40.851504,-73.829753
6..N01R,552,40.851571,-73.829703
6..N01R,553,40.851634,-73.829648
6..N01R,554,40.851695,-73.829590
6..N01R,555,40.851752,-73.829528
6..N01R,556,40.851806,-73.829461
6..N01R,557,40.851857,-73.829391
6..N01R,558,40.851905,-73.829316
6..N01R,559,40.851949,-73.829237
6..N01R,560,40.851991,-73.829153
6..N01R,561,40.852462,-73.828121
7..N27R,0,40.755882,-74.001910
7..N27R,1,40.756130,-74.001729
7..N27R,2,40.758348,-74.000106
7..N27R,3,40.758581,-73.999932
7..N27R,4,40.758787,-73.999748
7..N27R,5,40.758968,-73.999554
7..N27R,6,40.759123,-73.999350
7..N27R,7,40.759254,-73.999136
7..N27R,8,40.759358,-73.998912
7..N27R,9,40.759438,-73.998677
7..N27R,10,40.759492,-73.998432
7..N27R,11,40.759521,-73.998178
7..N27R,12,40.759524,-73.997913
7..N27R,13,40.759502,-73.997637
7..N27R,14,40.759454,-73.997352
7..N27R,15,40.759382,-73.997057
7..N27R,16,40.759284,-73.996751
7..N27R,17,40.759159,-73.996433
7..N27R,18,40.755477,-73.987691
7..N27R,19,40.754242,-73.984755
7..N27R,20,40.754224,-73.984703
7..N27R,21,40.754207,-73.984649
7..N27R,22,40.754193,-73.984593
7..N27R,23,40.754181,-73.984537
7..N27R,24,40.754173,-73.984479
7..N27R,25,40.754167,-73.984421
7..N27R,26,40.754164,-73.984361
7..N27R,27,40.754163,-73.984301
7..N27R,28,40.754165,-73.984239
7..N27R,29,40.754170,-73.984176
7..N27R,30,40.754178,-73.984112
7..N27R,31,40.754188,-73.984047
7..N27R,32,40.754201,-73.983981
7..N27R,33,40.754217,-73.983914
7..N27R,34,40.754234,-73.983846
7..N27R,35,40.754256,-73.983748
7..N27R,36,40.754263,-73.983705
7..N27R,37,40.754269,-73.983661
7..N27R,38,40.754273,-73.983616
7..N27R,39,40.754276,-73.983570
7..N27R,40,40.754277,-73.983523
7..N27R,41,40.754276,-73.983475
7..N27R,42,40.754274,-73.983426
7..N27R,43,40.754270,-73.983376
7..N27R,44,40.754264,-73.983325
7..N27R,45,40.754257,-73.983273
7..N27R,46,40.754249,-73.983220
7..N27R,47,40.754238,-73.983166
7..N27R,48,40.754227,-73.983111
7..N27R,49,40.754213,-73.983055
7..N27R,50,40.754198,-73.982998
7..N27R,51,40.754179,-73.982936
7..N27R,52,40.754159,-73.982872
7..N27R,53,40.754138,-73.982808
7..N27R,54,40.754116,-73.982743
7..N27R,55,40.754093,-73.982677
7..N27R,56,40.754070,-73.982609
7..N27R,57,40.754045,-73.982541
7..N27R,58,40.754020,-73.982472
7..N27R,59,40.753994,-73.982402
7..N27R,60,40.753968,-73.982332
7..N27R,61,40.753940,-73.982260
7..N27R,62,40.753911,-73.982187
7..N27R,63,40.753882,-73.982113
7..N27R,64,40.753852,-73.982039
7..N27R,65,40.753821,-73.981963
7..N27R,66,40.753483,-73.981151
7..N27R,67,40.753455,-73.981081
7..N27R,68,40.753430,-73.981006
7..N27R,69,40.753419,-73.980971
7..N27R,70,40.753410,-73.980932
7..N27R,71,40.753401,-73.980891
7..N27R,72,40.753390,-73.980848
7..N27R,73,40.753364,-73.980767
7..N27R,74,40.753333,-73.980686
7..N27R,75,40.752511,-73.978719
7..N27R,76,40.752484,-73.978650
7..N27R,77,40.752463,-73.978584
7..N27R,78,40.752448,-73.978522
7..N27R,79,40.752434,-73.978460
7..N27R,80,40.752415,-73.978395
7..N27R,81,40.752391,-73.978335
7..N27R,82,40.751431,-73.976041
7..N27R,83,40.743430,-73.957031
7..N27R,84,40.743399,-73.956955
7..N27R,85,40.743369,-73.956879
7..N27R,86,40.743340,-73.956802
7..N27R,87,40.743312,-73.956724
7..N27R,88,40.743284,-73.956645
7..N27R,89,40.743258,-73.956566
7..N27R,90,40.743232,-73.956485
7..N27R,91,40.743208,-73.956404
7..N27R,92,40.743184,-73.956323
7..N27R,93,40.743161,-73.956240
7..N27R,94,40.743139,-73.956156
7..N27R,95,40.743118,-73.956072
7..N27R,96,40.743098,-73.955987
7..N27R,97,40.743079,-73.955902
7..N27R,98,40.743061,-73.955815
7..N27R,99,40.742626,-73.953581
7..N27R,100,40.741988,-73.950324
7..N27R,101,40.741984,-73.950290
7..N27R,102,40.741980,-73.950256
7..N27R,103,40.741977,-73.950222
7..N27R,104,40.741974,-73.950189
7..N27R,105,40.741972,-73.950156
7..N27R,106,40.741971,-73.950123
7..N27R,107,40.741971,-73.950091
7..N27R,108,40.741971,-73.950059
7..N27R,109,40.741973,-73.950028
7..N27R,110,40.741975,-73.949997
7..N27R,111,40.741977,-73.949966
7..N27R,112,40.741981,-73.949936
7..N27R,113,40.741985,-73.949906
7..N27R,114,40.741990,-73.949877
7..N27R,115,40.741997,-73.949849
7..N27R,116,40.742216,-73.948916
7..N27R,117,40.742470,-73.947842
7..N27R,118,40.742634,-73.947293
7..N27R,119,40.742728,-73.947006
7..N27R,120,40.742839,-73.946706
7..N27R,121,40.742996,-73.946315
7..N27R,122,40.743453,-73.945192
7..N27R,123,40.743501,-73.945093
7..N27R,124,40.743551,-73.945004
7..N27R,125,40.743603,-73.944924
7..N27R,126,40.743659,-73.944855
7..N27R,127,40.743716,-73.944796
7..N27R,128,40.743777,-73.944748
7..N27R,129,40.743840,-73.944709
7..N27R,130,40.743905,-73.944681
7..N27R,131,40.743973,-73.944663
7..N27R,132,40.744043,-73.944654
7..N27R,133,40.744116,-73.944654
7..N27R,134,40.744192,-73.944663
7..N27R,135,40.744270,-73.944685
7..N27R,136,40.744349,-73.944722
7..N27R,137,40.744434,-73.944771
7..N27R,138,40.745566,-73.945549
7..N27R,139,40.745597,-73.945565
7..N27R,140,40.745628,-73.945580
7..N27R,141,40.745660,-73.945593
7..N27R,142,40.745692,-73.945604
7..N27R,143,40.745724,-73.945613
7..N27R,144,40.745757,-73.945619
7..N27R,145,40.745791,-73.945624
7..N27R,146,40.745825,-73.945626
7..N27R,147,40.745860,-73.945626
7..N27R,148,40.745895,-73.945624
7..N27R,149,40.745930,-73.945619
7..N27R,150,40.745966,-73.945613
7..N27R,151,40.746003,-73.945604
7..N27R,152,40.746040,-73.945593
7..N27R,153,40.746077,-73.945579
7..N27R,154,40.747023,-73.945264
7..N27R,155,40.748110,-73.944909
7..N27R,156,40.748151,-73.944896
7..N27R,157,40.748191,-73.944880
7..N27R,158,40.748231,-73.944863
7..N27R,159,40.748269,-73.944846
7..N27R,160,40.748307,-73.944827
7..N27R,161,40.748345,-73.944808
7..N27R,162,40.748382,-73.944788
7..N27R,163,40.748418,-73.944768
7..N27R,164,40.748454,-73.944746
7..N27R,165,40.748489,-73.944724
7..N27R,166,40.748524,-73.944701
7..N27R,167,40.748558,-73.944677
7..N27R,168,40.748591,-73.944652
7..N27R,169,40.748624,-73.944626
7..N27R,170,40.748656,-73.944599
7..N27R,171,40.750926,-73.942624
7..N27R,172,40.750983,-73.942565
7..N27R,173,40.751035,-73.942502
7..N27R,174,40.751080,-73.942435
7..N27R,175,40.751118,-73.942366
7..N27R,176,40.751150,-73.942293
7..N27R,177,40.751175,-73.942217
7..N27R,178,40.751193,-73.942138
7..N27R,179,40.751204,-73.942055
7..N27R,180,40.751208,-73.941970
7..N27R,181,40.751206,-73.941881
7..N27R,182,40.751197,-73.941790
7..N27R,183,40.751181,-73.941695
7..N27R,184,40.751159,-73.941597
7..N27R,185,40.751130,-73.941495
7..N27R,186,40.751095,-73.941392
7..N27R,187,40.750963,-73.941087
7..N27R,188,40.750582,-73.940202
7..N27R,189,40.750134,-73.939174
7..N27R,190,40.750058,-73.939030
7..N27R,191,40.749982,-73.938889
7..N27R,192,40.749906,-73.938753
7..N27R,193,40.749830,-73.938621
7..N27R,194,40.749754,-73.938493
7..N27R,195,40.749678,-73.938370
7..N27R,196,40.749602,-73.938251
7..N27R,197,40.749526,-73.938136
7..N27R,198,40.749450,-73.938026
7..N27R,199,40.749373,-73.937920
7..N27R,200,40.749297,-73.937818
7..N27R,201,40.749220,-73.937720
7..N27R,202,40.749143,-73.937627
7..N27R,203,40.749067,-73.937538
7..N27R,204,40.748991,-73.937455
7..N27R,205,40.745220,-73.933556
7..N27R,206,40.745171,-73.933497
7..N27R,207,40.745125,-73.933435
7..N27R,208,40.745081,-73.933371
7..N27R,209,40.745040,-73.933304
7..N27R,210,40.745001,-73.933235
7..N27R,211,40.744965,-73.933164
7..N27R,212,40.744931,-73.933091
7..N27R,213,40.744900,-73.933015
7..N27R,214,40.744871,-73.932936
7..N27R,215,40.744845,-73.932856
7..N27R,216,40.744822,-73.932773
7..N27R,217,40.744801,-73.932687
7..N27R,218,40.744782,-73.932600
7..N27R,219,40.744766,-73.932509
7..N27R,220,40.744753,-73.932417
7..N27R,221,40.744587,-73.930997
7..N27R,222,40.743781,-73.924016
7..N27R,223,40.743132,-73.918435
7..N27R,224,40.742977,-73.917065
7..N27R,225,40.742972,-73.916997
7..N27R,226,40.742969,-73.916929
7..N27R,227,40.742967,-73.916862
7..N27R,228,40.742967,-73.916796
7..N27R,229,40.742968,-73.916730
7..N27R,230,40.742970,-73.916665
7..N27R,231,40.742974,-73.916600
7..N27R,232,40.742980,-73.916536
7..N27R,233,40.742987,-73.916472
7..N27R,234,40.742996,-73.916409
7..N27R,235,40.743006,-73.916347
7..N27R,236,40.743017,-73.916285
7..N27R,237,40.743030,-73.916223
7..N27R,238,40.743045,-73.916162
7..N27R,239,40.743061,-73.916102
7..N27R,240,40.744149,-73.912549
7..N27R,241,40.744671,-73.910819
7..N27R,242,40.744687,-73.910763
7..N27R,243,40.744702,-73.910707
7..N27R,244,40.744717,-73.910650
7..N27R,245,40.744732,-73.910592
7..N27R,246,40.744747,-73.910535
7..N27R,247,40.744761,-73.910476
7..N27R,248,40.744775,-73.910418
7..N27R,249,40.744789,-73.910358
7..N27R,250,40.744803,-73.910299
7..N27R,251,40.744816,-73.910238
7..N27R,252,40.744829,-73.910178
7..N27R,253,40.744842,-73.910116
7..N27R,254,40.744855,-73.910055
7..N27R,255,40.744867,-73.909993
7..N27R,256,40.744879,-73.909930
7..N27R,257,40.745321,-73.907327
7..N27R,258,40.745328,-73.907273
7..N27R,259,40.745335,-73.907219
7..N27R,260,40.745341,-73.907166
7..N27R,261,40.745347,-73.907113
7..N27R,262,40.745352,-73.907062
7..N27R,263,40.745357,-73.907010
7..N27R,264,40.745361,-73.906960
7..N27R,265,40.745365,-73.906910
7..N27R,266,40.745368,-73.906861
7..N27R,267,40.745371,-73.906813
7..N27R,268,40.745374,-73.906765
7..N27R,269,40.745376,-73.906718
7..N27R,270,40.745377,-73.906671
7..N27R,271,40.745378,-73.906625
7..N27R,272,40.745379,-73.906580
7..N27R,273,40.745386,-73.905696
7..N27R,274,40.745391,-73.905529
7..N27R,275,40.745392,-73.905493
7..N27R,276,40.745393,-73.905456
7..N27R,277,40.745394,-73.905418
7..N27R,278,40.745396,-73.905380
7..N27R,279,40.745398,-73.905340
7..N27R,280,40.745400,-73.905299
7..N27R,281,40.745402,-73.905256
7..N27R,282,40.745404,-73.905213
7..N27R,283,40.745407,-73.905169
7..N27R,284,40.745410,-73.905124
7..N27R,285,40.745413,-73.905078
7..N27R,286,40.745416,-73.905030
7..N27R,287,40.745420,-73.904982
7..N27R,288,40.745424,-73.904932
7..N27R,289,40.745428,-73.904882
7..N27R,290,40.745630,-73.902984
7..N27R,291,40.746325,-73.896403
7..N27R,292,40.746848,-73.891394
7..N27R,293,40.747659,-73.883697
7..N27R,294,40.748408,-73.876613
7..N27R,295,40.749145,-73.869527
7..N27R,296,40.749865,-73.862700
7..N27R,297,40.749981,-73.861615
7..N27R,298,40.749992,-73.861521
7..N27R,299,40.750004,-73.861428
7..N27R,300,40.750017,-73.861338
7..N27R,301,40.750030,-73.861249
7..N27R,302,40.750045,-73.861162
7..N27R,303,40.750059,-73.861078
7..N27R,304,40.750075,-73.860995
7..N27R,305,40.750091,-73.860914
7..N27R,306,40.750108,-73.860835
7..N27R,307,40.750126,-73.860758
7..N27R,308,40.750144,-73.860682
7..N27R,309,40.750163,-73.860609
7..N27R,310,40.750183,-73.860538
7..N27R,311,40.750204,-73.860468
7..N27R,312,40.750225,-73.860401
7..N27R,313,40.751730,-73.855334
7..N27R,314,40.754622,-73.845625
7..N27R,315,40.755728,-73.841916
7..N27R,316,40.755741,-73.841872
7..N27R,317,40.755755,-73.841827
7..N27R,318,40.755770,-73.841782
7..N27R,319,40.755786,-73.841735
7..N27R,320,40.755802,-73.841687
7..N27R,321,40.755820,-73.841638
7..N27R,322,40.755838,-73.841587
7..N27R,323,40.755857,-73.841536
7..N27R,324,40.755876,-73.841484
7..N27R,325,40.755897,-73.841431
7..N27R,326,40.755918,-73.841376
7..N27R,327,40.755940,-73.841321
7..N27R,328,40.755963,-73.841264
7..N27R,329,40.755987,-73.841207
7..N27R,330,40.756011,-73.841148
7..N27R,331,40.757619,-73.837147
7..N27R,332,40.757635,-73.837103
7..N27R,333,40.757651,-73.837059
7..N27R,334,40.757666,-73.837015
7..N27R,335,40.757680,-73.836971
7..N27R,336,40.757695,-73.836927
7..N27R,337,40.757708,-73.836883
7..N27R,338,40.757722,-73.836840
7..N27R,339,40.757734,-73.836796
7..N27R,340,40.757747,-73.836753
7..N27R,341,40.757758,-73.836710
7..N27R,342,40.757770,-73.836667
7..N27R,343,40.757780,-73.836623
7..N27R,344,40.757791,-73.836581
7..N27R,345,40.757801,-73.836538
7..N27R,346,40.757810,-73.836495
7..N27R,347,40.758152,-73.834494
7..N27R,348,40.758167,-73.834417
7..N27R,349,40.758182,-73.834342
7..N27R,350,40.758197,-73.834268
7..N27R,351,40.758213,-73.834196
7..N27R,352,40.758229,-73.834125
7..N27R,353,40.758245,-73.834057
7..N27R,354,40.758262,-73.833990
7..N27R,355,40.758279,-73.833925
7..N27R,356,40.758296,-73.833861
7..N27R,357,40.758314,-73.833799
7..N27R,358,40.758332,-73.833739
7..N27R,359,40.758350,-73.833680
7..N27R,360,40.758369,-73.833624
7..N27R,361,40.758388,-73.833568
7..N27R,362,40.758407,-73.833515
7..N27R,363,40.759409,-73.830623
7..N27R,364,40.759421,-73.830588
7..N27R,365,40.759433,-73.830553
7..N27R,366,40.759445,-73.830519
7..N27R,367,40.759456,-73.830486
7..N27R,368,40.759467,-73.830453
7..N27R,369,40.759478,-73.830421
7..N27R,370,40.759488,-73.830389
7..N27R,371,40.759498,-73.830359
7..N27R,372,40.759508,-73.830329
7..N27R,373,40.759517,-73.830299
7..N27R,374,40.759526,-73.830270
7..N27R,375,40.759534,-73.830242
7..N27R,376,40.759543,-73.830215
7..N27R,377,40.759550,-73.830188
7..N27R,378,40.759558,-73.830162
7..N27R,379,40.759600,-73.830030
7..S97R,0,40.759600,-73.830030
7..S97R,1,40.759558,-73.830162
7..S97R,2,40.759550,-73.830188
7..S97R,3,40.759543,-73.830215
7..S97R,4,40.759534,-73.830242
7..S97R,5,40.759526,-73.830270
7..S97R,6,40.759517,-73.830299
7..S97R,7,40.759508,-73.830329
7..S97R,8,40.759498,-73.830359
7..S97R,9,40.759488,-73.830389
7..S97R,10,40.759478,-73.830421
7..S97R,11,40.759467,-73.830453
7..S97R,12,40.759456,-73.830486
7..S97R,13,40.759445,-73.830519
7..S97R,14,40.759433,-73.830553
7..S97R,15,40.759421,-73.830588
7..S97R,16,40.759409,-73.830623
7..S97R,17,40.758407,-73.833515
7..S97R,18,40.758388,-73.833568
7..S97R,19,40.758369,-73.833624
7..S97R,20,40.758350,-73.833680
7..S97R,21,40.758332,-73.833739
7..S97R,22,40.758314,-73.833799
7..S97R,23,40.758296,-73.833861
7..S97R,24,40.758279,-73.833925
7..S97R,25,40.758262,-73.833990
7..S97R,26,40.758245,-73.834057
7..S97R,27,40.758229,-73.834125
7..S97R,28,40.758213,-73.834196
7..S97R,29,40.758197,-73.834268
7..S97R,30,40.758182,-73.834342
7..S97R,31,40.758167,-73.834417
7..S97R,32,40.758152,-73.834494
7..S97R,33,40.757810,-73.836495
7..S97R,34,40.757801,-73.836538
7..S97R,35,40.757791,-73.836581
7..S97R,36,40.757780,-73.836623
7..S97R,37,40.757770,-73.836667
7..S97R,38,40.757758,-73.836710
7..S97R,39,40.757747,-73.836753
7..S97R,40,40.757734,-73.836796
7..S97R,41,40.757722,-73.836840
7..S97R,42,40.757708,-73.836883
7..S97R,43,40.757695,-73.836927
7..S97R,44,40.757680,-73.836971
7..S97R,45,40.757666,-73.837015
7..S97R,46,40.757651,-73.837059
7..S97R,47,40.757635,-73.837103
7..S97R,48,40.757619,-73.837147
7..S97R,49,40.756011,-73.841148
7..S97R,50,40.755987,-73.841207
7..S97R,51,40.755963,-73.841264
7..S97R,52,40.755940,-73.841321
7..S97R,53,40.755918,-73.841376
7..S97R,54,40.755897,-73.841431
7..S97R,55,40.755876,-73.841484
7..S97R,56,40.755857,-73.841536
7..S97R,57,40.755838,-73.841587
7..S97R,58,40.755820,-73.841638
7..S97R,59,40.755802,-73.841687
7..S97R,60,40.755786,-73.841735
7..S97R,61,40.755770,-73.841782
7..S97R,62,40.755755,-73.841827
7..S97R,63,40.755741,-73.841872
7..S97R,64,40.755728,-73.841916
7..S97R,65,40.754622,-73.845625
7..S97R,66,40.751730,-73.855334
7..S97R,67,40.750225,-73.860401
7..S97R,68,40.750204,-73.860468
7..S97R,69,40.750183,-73.860538
7..S97R,70,40.750163,-73.860609
7..S97R,71,40.750144,-73.860682
7..S97R,72,40.750126,-73.860758
7..S97R,73,40.750108,-73.860835
7..S97R,74,40.750091,-73.860914
7..S97R,75,40.750075,-73.860995
7..S97R,76,40.750059,-73.861078
7..S97R,77,40.750045,-73.861162
7..S97R,78,40.750030,-73.861249
7..S97R,79,40.750017,-73.861338
7..S97R,80,40.750004,-73.861428
7..S97R,81,40.749992,-73.861521
7..S97R,82,40.749981,-73.861615
7..S97R,83,40.749865,-73.862700
7..S97R,84,40.749145,-73.869527
7..S97R,85,40.748408,-73.876613
7..S97R,86,40.747659,-73.883697
7..S97R,87,40.746848,-73.891394
7..S97R,88,40.746325,-73.896403
7..S97R,89,40.745630,-73.902984
7..S97R,90,40.745428,-73.904882
7..S97R,91,40.745424,-73.904932
7..S97R,92,40.745420,-73.904982
7..S97R,93,40.745416,-73.905030
7..S97R,94,40.745413,-73.905078
7..S97R,95,40.745410,-73.905124
7..S97R,96,40.745407,-73.905169
7..S97R,97,40.745404,-73.905213
7..S97R,98,40.745402,-73.905256
7..S97R,99,40.745400,-73.905299
7..S97R,100,40.745398,-73.905340
7..S97R,101,40.745396,-73.905380
7..S97R,102,40.745394,-73.905418
7..S97R,103,40.745393,-73.905456
7..S97R,104,40.745392,-73.905493
7..S97R,105,40.745391,-73.905529
7..S97R,106,40.745386,-73.905696
7..S97R,107,40.745379,-73.906580
7..S97R,108,40.745378,-73.906625
7..S97R,109,40.745377,-73.906671
7..S97R,110,40.745376,-73.906718
7..S97R,111,40.745374,-73.906765
7..S97R,112,40.745371,-73.906813
7..S97R,113,40.745368,-73.906861
7..S97R,114,40.745365,-73.906910
7..S97R,115,40.745361,-73.906960
7..S97R,116,40.745357,-73.907010
7..S97R,117,40.745352,-73.907062
7..S97R,118,40.745347,-73.907113
7..S97R,119,40.745341,-73.907166
7..S97R,120,40.745335,-73.907219
7..S97R,121,40.745328,-73.907273
7..S97R,122,40.745321,-73.907327
7..S97R,123,40.744879,-73.909930
7..S97R,124,40.744867,-73.909993
7..S97R,125,40.744855,-73.910055
7..S97R,126,40.744842,-73.910116
7..S97R,127,40.744829,-73.910178
7..S97R,128,40.744816,-73.910238
7..S97R,129,40.744803,-73.910299
7..S97R,130,40.744789,-73.910358
7..S97R,131,40.744775,-73.910418
7..S97R,132,40.744761,-73.910476
7..S97R,133,40.744747,-73.910535
7..S97R,134,40.744732,-73.910592
7..S97R,135,40.744717,-73.910650
7..S97R,136,40.744702,-73.910707
7..S97R,137,40.744687,-73.910763
7..S97R,138,40.744671,-73.910819
7..S97R,139,40.744149,-73.912549
7..S97R,140,40.743061,-73.916102
7..S97R,141,40.743045,-73.916162
7..S97R,142,40.743030,-73.916223
7..S97R,143,40.743017,-73.916285
7..S97R,144,40.743006,-73.916347
7..S97R,145,40.742996,-73.916409
7..S97R,146,40.742987,-73.916472
7..S97R,147,40.742980,-73.916536
7..S97R,148,40.742974,-73.916600
7..S97R,149,40.742970,-73.916665
7..S97R,150,40.742968,-73.916730
7..S97R,151,40.742967,-73.916796
7..S97R,152,40.742967,-73.916862
7..S97R,153,40.742969,-73.916929
7..S97R,154,40.742972,-73.916997
7..S97R,155,40.742977,-73.917065
7..S97R,156,40.743132,-73.918435
7..S97R,157,40.743781,-73.924016
7..S97R,158,40.744587,-73.930997
7..S97R,159,40.744753,-73.932417
7..S97R,160,40.744766,-73.932509
7..S97R,161,40.744782,-73.932600
7..S97R,162,40.744801,-73.932687
7..S97R,163,40.744822,-73.932773
7..S97R,164,40.744845,-73.932856
7..S97R,165,40.744871,-73.932936
7..S97R,166,40.744900,-73.933015
7..S97R,167,40.744931,-73.933091
7..S97R,168,40.744965,-73.933164
7..S97R,169,40.745001,-73.933235
7..S97R,170,40.745040,-73.933304
7..S97R,171,40.745081,-73.933371
7..S97R,172,40.745125,-73.933435
7..S97R,173,40.745171,-73.933497
7..S97R,174,40.745220,-73.933556
7..S97R,175,40.748991,-73.937455
7..S97R,176,40.749067,-73.937538
7..S97R,177,40.749143,-73.937627
7..S97R,178,40.749220,-73.937720
7..S97R,179,40.749297,-73.937818
7..S97R,180,40.749373,-73.937920
7..S97R,181,40.749450,-73.938026
7..S97R,182,40.749526,-73.938136
7..S97R,183,40.749602,-73.938251
7..S97R,184,40.749678,-73.938370
7..S97R,185,40.749754,-73.938493
7..S97R,186,40.749830,-73.938621
7..S97R,187,40.749906,-73.938753
7..S97R,188,40.749982,-73.938889
7..S97R,189,40.750058,-73.939030
7..S97R,190,40.750134,-73.939174
7..S97R,191,40.750582,-73.940202
7..S97R,192,40.750963,-73.941087
7..S97R,193,40.751095,-73.941392
7..S97R,194,40.751130,-73.941495
7..S97R,195,40.751159,-73.941597
7..S97R,196,40.751181,-73.941695
7..S97R,197,40.751197,-73.941790
7..S97R,198,40.751206,-73.941881
7..S97R,199,40.751208,-73.941970
7..S97R,200,40.751204,-73.942055
7..S97R,201,40.751193,-73.942138
7..S97R,202,40.751175,-73.942217
7..S97R,203,40.751150,-73.942293
7..S97R,204,40.751118,-73.942366
7..S97R,205,40.751080,-73.942435
7..S97R,206,40.751035,-73.942502
7..S97R,207,40.750983,-73.942565
7..S97R,208,40.750926,-73.942624
7..S97R,209,40.748656,-73.944599
7..S97R,210,40.748624,-73.944626
7..S97R,211,40.748591,-73.944652
7..S97R,212,40.748558,-73.944677
7..S97R,213,40.748524,-73.944701
7..S97R,214,40.748489,-73.944724
7..S97R,215,40.748454,-73.944746
7..S97R,216,40.748418,-73.944768
7..S97R,217,40.748382,-73.944788
7..S97R,218,40.748345,-73.944808
7..S97R,219,40.748307,-73.944827
7..S97R,220,40.748269,-73.944846
7..S97R,221,40.748231,-73.944863
7..S97R,222,40.748191,-73.944880
7..S97R,223,40.748151,-73.944896
7..S97R,224,40.748110,-73.944909
7..S97R,225,40.747023,-73.945264
7..S97R,226,40.746077,-73.945579
7..S97R,227,40.746040,-73.945593
7..S97R,228,40.746003,-73.945604
7..S97R,229,40.745966,-73.945613
7..S97R,230,40.745930,-73.945619
7..S97R,231,40.745895,-73.945624
7..S97R,232,40.745860,-73.945626
7..S97R,233,40.745825,-73.945626
7..S97R,234,40.745791,-73.945624
7..S97R,235,40.745757,-73.945619
7..S97R,236,40.745724,-73.945613
7..S97R,237,40.745692,-73.945604
7..S97R,238,40.745660,-73.945593
7..S97R,239,40.745628,-73.945580
7..S97R,240,40.745597,-73.945565
7..S97R,241,40.745566,-73.945549
7..S97R,242,40.744434,-73.944771
7..S97R,243,40.744349,-73.944722
7..S97R,244,40.744270,-73.944685
7..S97R,245,40.744192,-73.944663
7..S97R,246,40.744116,-73.944654
7..S97R,247,40.744043,-73.944654
7..S97R,248,40.743973,-73.944663
7..S97R,249,40.743905,-73.944681
7..S97R,250,40.743840,-73.944709
7..S97R,251,40.743777,-73.944748
7..S97R,252,40.743716,-73.944796
7..S97R,253,40.743659,-73.944855
7..S97R,254,40.743603,-73.944924
7..S97R,255,40.743551,-73.945004
7..S97R,256,40.743501,-73.945093
7..S97R,257,40.743453,-73.945192
7..S97R,258,40.742996,-73.946315
7..S97R,259,40.742839,-73.946706
7..S97R,260,40.742728,-73.947006
7..S97R,261,40.742634,-73.947293
7..S97R,262,40.742470,-73.947842
7..S97R,263,40.742216,-73.948916
7..S97R,264,40.741997,-73.949849
7..S97R,265,40.741990,-73.949877
7..S97R,266,40.741985,-73.949906
7..S97R,267,40.741981,-73.949936
7..S97R,268,40.741977,-73.949966
7..S97R,269,40.741975,-73.949997
7..S97R,270,40.741973,-73.950028
7..S97R,271,40.741971,-73.950059
7..S97R,272,40.741971,-73.950091
7..S97R,273,40.741971,-73.950123
7..S97R,274,40.741972,-73.950156
7..S97R,275,40.741974,-73.950189
7..S97R,276,40.741977,-73.950222
7..S97R,277,40.741980,-73.950256
7..S97R,278,40.741984,-73.950290
7..S97R,279,40.741988,-73.950324
7..S97R,280,40.742626,-73.953581
7..S97R,281,40.743061,-73.955815
7..S97R,282,40.743079,-73.955902
7..S97R,283,40.743098,-73.955987
7..S97R,284,40.743118,-73.956072
7..S97R,285,40.743139,-73.956156
7..S97R,286,40.743161,-73.956240
7..S97R,287,40.743184,-73.956323
7..S97R,288,40.743208,-73.956404
7..S97R,289,40.743232,-73.956485
7..S97R,290,40.743258,-73.956566
7..S97R,291,40.743284,-73.956645
7..S97R,292,40.743312,-73.956724
7..S97R,293,40.743340,-73.956802
7..S97R,294,40.743369,-73.956879
7..S97R,295,40.743399,-73.956955
7..S97R,296,40.743430,-73.957031
7..S97R,297,40.751431,-73.976041
7..S97R,298,40.752391,-73.978335
7..S97R,299,40.752415,-73.978395
7..S97R,300,40.752434,-73.978460
7..S97R,301,40.752448,-73.978522
7..S97R,302,40.752463,-73.978584
7..S97R,303,40.752484,-73.978650
7..S97R,304,40.752511,-73.978719
7..S97R,305,40.753333,-73.980686
7..S97R,306,40.753364,-73.980767
7..S97R,307,40.753390,-73.980848
7..S97R,308,40.753401,-73.980891
7..S97R,309,40.753410,-73.980932
7..S97R,310,40.753419,-73.980971
7..S97R,311,40.753430,-73.981006
7..S97R,312,40.753455,-73.981081
7..S97R,313,40.753483,-73.981151
7..S97R,314,40.753821,-73.981963
7..S97R,315,40.753852,-73.982039
7..S97R,316,40.753882,-73.982113
7..S97R,317,40.753911,-73.982187
7..S97R,318,40.753940,-73.982260
7..S97R,319,40.753968,-73.982332
7..S97R,320,40.753994,-73.982402
7..S97R,321,40.754020,-73.982472
7..S97R,322,40.754045,-73.982541
7..S97R,323,40.754070,-73.982609
7..S97R,324,40.754093,-73.982677
7..S97R,325,40.754116,-73.982743
7..S97R,326,40.754138,-73.982808
7..S97R,327,40.754159,-73.982872
7..S97R,328,40.754179,-73.982936
7..S97R,329,40.754198,-73.982998
7..S97R,330,40.754213,-73.983055
7..S97R,331,40.754227,-73.983111
7..S97R,332,40.754238,-73.983166
7..S97R,333,40.754249,-73.983220
7..S97R,334,40.754257,-73.983273
7..S97R,335,40.754264,-73.983325
7..S97R,336,40.754270,-73.983376
7..S97R,337,40.754274,-73.983426
7..S97R,338,40.754276,-73.983475
7..S97R,339,40.754277,-73.983523
7..S97R,340,40.754276,-73.983570
7..S97R,341,40.754273,-73.983616
7..S97R,342,40.754269,-73.983661
7..S97R,343,40.754263,-73.983705
7..S97R,344,40.754256,-73.983748
7..S97R,345,40.754234,-73.983846
7..S97R,346,40.754217,-73.983914
7..S97R,347,40.754201,-73.983981
7..S97R,348,40.754188,-73.984047
7..S97R,349,40.754178,-73.984112
7..S97R,350,40.754170,-73.984176
7..S97R,351,40.754165,-73.984239
7..S97R,352,40.754163,-73.984301
7..S97R,353,40.754164,-73.984361
7..S97R,354,40.754167,-73.984421
7..S97R,355,40.754173,-73.984479
7..S97R,356,40.754181,-73.984537
7..S97R,357,40.754193,-73.984593
7..S97R,358,40.754207,-73.984649
7..S97R,359,40.754224,-73.984703
7..S97R,360,40.754242,-73.984755
7..S97R,361,40.755477,-73.987691
7..S97R,362,40.759159,-73.996433
7..S97R,363,40.759284,-73.996751
7..S97R,364,40.759382,-73.997057
7..S97R,365,40.759454,-73.997352
7..S97R,366,40.759502,-73.997637
7..S97R,367,40.759524,-73.997913
7..S97R,368,40.759521,-73.998178
7..S97R,369,40.759492,-73.998432
7..S97R,370,40.759438,-73.998677
7..S97R,371,40.759358,-73.998912
7..S97R,372,40.759254,-73.999136
7..S97R,373,40.759123,-73.999350
7..S97R,374,40.758968,-73.999554
7..S97R,375,40.758787,-73.999748
7..S97R,376,40.758581,-73.999932
7..S97R,377,40.758348,-74.000106
7..S97R,378,40.756130,-74.001729
7..S97R,379,40.755882,-74.001910
A..N04R,0,40.685951,-73.825798
A..N04R,1,40.685666,-73.828374
A..N04R,2,40.685658,-73.828442
A..N04R,3,40.685649,-73.828508
A..N04R,4,40.685639,-73.828573
A..N04R,5,40.685629,-73.828637
A..N04R,6,40.685618,-73.828699
A..N04R,7,40.685607,-73.828759
A..N04R,8,40.685594,-73.828819
A..N04R,9,40.685581,-73.828877
A..N04R,10,40.685568,-73.828933
A..N04R,11,40.685554,-73.828989
A..N04R,12,40.685539,-73.829043
A..N04R,13,40.685523,-73.829095
A..N04R,14,40.685507,-73.829146
A..N04R,15,40.685490,-73.829196
A..N04R,16,40.685473,-73.829244
A..N04R,17,40.684331,-73.832163
A..N04R,18,40.683908,-73.833227
A..N04R,19,40.683885,-73.833288
A..N04R,20,40.683861,-73.833349
A..N04R,21,40.683836,-73.833411
A..N04R,22,40.683810,-73.833473
A..N04R,23,40.683784,-73.833537
A..N04R,24,40.683757,-73.833601
A..N04R,25,40.683729,-73.833665
A..N04R,26,40.683701,-73.833731
A..N04R,27,40.683671,-73.833797
A..N04R,28,40.683641,-73.833863
A..N04R,29,40.683610,-73.833931
A..N04R,30,40.683579,-73.833999
A..N04R,31,40.683546,-73.834068
A..N04R,32,40.683513,-73.834137
A..N04R,33,40.683479,-73.834207
A..N04R,34,40.682328,-73.836319
A..N04R,35,40.682280,-73.836406
A..N04R,36,40.682233,-73.836494
A..N04R,37,40.682187,-73.836583
A..N04R,38,40.682142,-73.836672
A..N04R,39,40.682098,-73.836761
A..N04R,40,40.682055,-73.836851
A..N04R,41,40.682013,-73.836942
A..N04R,42,40.681972,-73.837033
A..N04R,43,40.681931,-73.837124
A..N04R,44,40.681892,-73.837216
A..N04R,45,40.681854,-73.837309
A..N04R,46,40.681817,-73.837402
A..N04R,47,40.681781,-73.837495
A..N04R,48,40.681745,-73.837589
A..N04R,49,40.681711,-73.837683
A..N04R,50,40.681686,-73.837753
A..N04R,51,40.681662,-73.837824
A..N04R,52,40.681639,-73.837895
A..N04R,53,40.681616,-73.837967
A..N04R,54,40.681594,-73.838040
A..N04R,55,40.681572,-73.838113
A..N04R,56,40.681551,-73.838187
A..N04R,57,40.681531,-73.838261
A..N04R,58,40.681511,-73.838337
A..N04R,59,40.681492,-73.838412
A..N04R,60,40.681474,-73.838489
A..N04R,61,40.681456,-73.838566
A..N04R,62,40.681439,-73.838644
A..N04R,63,40.681422,-73.838722
A..N04R,64,40.681406,-73.838801
A..N04R,65,40.680843,-73.841687
A..N04R,66,40.680429,-73.843853
A..N04R,67,40.680357,-73.844224
A..N04R,68,40.680345,-73.844289
A..N04R,69,40.680333,-73.844356
A..N04R,70,40.680322,-73.844422
A..N04R,71,40.680312,-73.844490
A..N04R,72,40.680302,-73.844557
A..N04R,73,40.680292,-73.844626
A..N04R,74,40.680283,-73.844695
A..N04R,75,40.680275,-73.844765
A..N04R,76,40.680267,-73.844835
A..N04R,77,40.680259,-73.844906
A..N04R,78,40.680252,-73.844978
A..N04R,79,40.680246,-73.845050
A..N04R,80,40.680240,-73.845123
A..N04R,81,40.680234,-73.845197
A..N04R,82,40.680229,-73.845271
A..N04R,83,40.679843,-73.851470
A..N04R,84,40.679371,-73.858992
A..N04R,85,40.679287,-73.860342
A..N04R,86,40.679285,-73.860372
A..N04R,87,40.679283,-73.860402
A..N04R,88,40.679281,-73.860432
A..N04R,89,40.679278,-73.860462
A..N04R,90,40.679275,-73.860492
A..N04R,91,40.679271,-73.860522
A..N04R,92,40.679267,-73.860552
A..N04R,93,40.679263,-73.860582
A..N04R,94,40.679258,-73.860612
A..N04R,95,40.679253,-73.860642
A..N04R,96,40.679248,-73.860673
A..N04R,97,40.679242,-73.860703
A..N04R,98,40.679236,-73.860733
A..N04R,99,40.679230,-73.860764
A..N04R,100,40.679223,-73.860794
A..N04R,101,40.678935,-73.861871
A..N04R,102,40.678912,-73.861947
A..N04R,103,40.678888,-73.862023
A..N04R,104,40.678862,-73.862097
A..N04R,105,40.678836,-73.862171
A..N04R,106,40.678808,-73.862244
A..N04R,107,40.678779,-73.862315
A..N04R,108,40.678749,-73.862386
A..N04R,109,40.678718,-73.862456
A..N04R,110,40.678686,-73.862525
A..N04R,111,40.678653,-73.862592
A..N04R,112,40.678618,-73.862659
A..N04R,113,40.678583,-73.862725
A..N04R,114,40.678546,-73.862790
A..N04R,115,40.678508,-73.862854
A..N04R,116,40.678469,-73.862917
A..N04R,117,40.677044,-73.865050
A..N04R,118,40.676558,-73.865742
A..N04R,119,40.676522,-73.865795
A..N04R,120,40.676487,-73.865850
A..N04R,121,40.676454,-73.865905
A..N04R,122,40.676422,-73.865961
A..N04R,123,40.676392,-73.866018
A..N04R,124,40.676363,-73.866076
A..N04R,125,40.676335,-73.866134
A..N04R,126,40.676309,-73.866194
A..N04R,127,40.676284,-73.866254
A..N04R,128,40.676261,-73.866316
A..N04R,129,40.676239,-73.866378
A..N04R,130,40.676218,-73.866441
A..N04R,131,40.676199,-73.866505
A..N04R,132,40.676181,-73.866570
A..N04R,133,40.676166,-73.866636
A..N04R,134,40.675377,-73.872106
A..N04R,135,40.674130,-73.880750
A..N04R,136,40.672710,-73.890358
A..N04R,137,40.672196,-73.893830
A..N04R,138,40.672159,-73.894094
A..N04R,139,40.672140,-73.894340
A..N04R,140,40.672138,-73.894572
A..N04R,141,40.672154,-73.894790
A..N04R,142,40.672186,-73.894994
A..N04R,143,40.672236,-73.895184
A..N04R,144,40.672302,-73.895360
A..N04R,145,40.672386,-73.895522
A..N04R,146,40.672487,-73.895671
A..N04R,147,40.672605,-73.895805
A..N04R,148,40.672739,-73.895925
A..N04R,149,40.672891,-73.896032
A..N04R,150,40.673061,-73.896124
A..N04R,151,40.673247,-73.896202
A..N04R,152,40.673448,-73.896264
A..N04R,153,40.674542,-73.896548
A..N04R,154,40.676653,-73.897088
A..N04R,155,40.676834,-73.897162
A..N04R,156,40.677001,-73.897255
A..N04R,157,40.677156,-73.897365
A..N04R,158,40.677299,-73.897492
A..N04R,159,40.677430,-73.897637
A..N04R,160,40.677549,-73.897799
A..N04R,161,40.677657,-73.897979
A..N04R,162,40.677752,-73.898176
A..N04R,163,40.677836,-73.898390
A..N04R,164,40.677908,-73.898621
A..N04R,165,40.677969,-73.898870
A..N04R,166,40.678017,-73.899135
A..N04R,167,40.678054,-73.899419
A..N04R,168,40.678079,-73.899719
A..N04R,169,40.678093,-73.900033
A..N04R,170,40.678112,-73.900444
A..N04R,171,40.678114,-73.900494
A..N04R,172,40.678117,-73.900543
A..N04R,173,40.678120,-73.900593
A..N04R,174,40.678123,-73.900641
A..N04R,175,40.678126,-73.900690
A..N04R,176,40.678130,-73.900738
A..N04R,177,40.678134,-73.900785
A..N04R,178,40.678138,-73.900833
A..N04R,179,40.678142,-73.900879
A..N04R,180,40.678147,-73.900926
A..N04R,181,40.678152,-73.900972
A..N04R,182,40.678157,-73.901017
A..N04R,183,40.678162,-73.901063
A..N04R,184,40.678168,-73.901108
A..N04R,185,40.678174,-73.901152
A..N04R,186,40.678361,-73.902619
A..N04R,187,40.678365,-73.902668
A..N04R,188,40.678369,-73.902717
A..N04R,189,40.678373,-73.902767
A..N04R,190,40.678376,-73.902816
A..N04R,191,40.678379,-73.902866
A..N04R,192,40.678382,-73.902915
A..N04R,193,40.678384,-73.902965
A..N04R,194,40.678386,-73.903015
A..N04R,195,40.678388,-73.903065
A..N04R,196,40.678389,-73.903115
A..N04R,197,40.678390,-73.903165
A..N04R,198,40.678390,-73.903215
A..N04R,199,40.678391,-73.903266
A..N04R,200,40.678390,-73.903316
A..N04R,201,40.678390,-73.903367
A..N04R,202,40.678334,-73.905316
A..N04R,203,40.678227,-73.907997
A..N04R,204,40.678221,-73.908133
A..N04R,205,40.678217,-73.908270
A..N04R,206,40.678213,-73.908405
A..N04R,207,40.678211,-73.908539
A..N04R,208,40.678209,-73.908673
A..N04R,209,40.678207,-73.908805
A..N04R,210,40.678207,-73.908936
A..N04R,211,40.678207,-73.909066
A..N04R,212,40.678208,-73.909195
A..N04R,213,40.678210,-73.909323
A..N04R,214,40.678213,-73.909449
A..N04R,215,40.678216,-73.909575
A..N04R,216,40.678220,-73.909700
A..N04R,217,40.678225,-73.909823
A..N04R,218,40.678231,-73.909946
A..N04R,219,40.678340,-73.911946
A..N04R,220,40.678822,-73.920786
A..N04R,221,40.679364,-73.930729
A..N04R,222,40.679921,-73.940858
A..N04R,223,40.680438,-73.950426
A..N04R,224,40.680543,-73.952338
A..N04R,225,40.680548,-73.952432
A..N04R,226,40.680554,-73.952527
A..N04R,227,40.680561,-73.952624
A..N04R,228,40.680570,-73.952721
A..N04R,229,40.680580,-73.952821
A..N04R,230,40.680591,-73.952921
A..N04R,231,40.680604,-73.953023
A..N04R,232,40.680618,-73.953127
A..N04R,233,40.680634,-73.953232
A..N04R,234,40.680651,-73.953339
A..N04R,235,40.680669,-73.953447
A..N04R,236,40.680689,-73.953556
A..N04R,237,40.680710,-73.953667
A..N04R,238,40.680733,-73.953779
A..N04R,239,40.680757,-73.953893
A..N04R,240,40.681380,-73.956848
A..N04R,241,40.683263,-73.965838
A..N04R,242,40.683595,-73.967430
A..N04R,243,40.683608,-73.967499
A..N04R,244,40.683624,-73.967566
A..N04R,245,40.683640,-73.967634
A..N04R,246,40.683657,-73.967701
A..N04R,247,40.683675,-73.967769
A..N04R,248,40.683694,-73.967837
A..N04R,249,40.683715,-73.967904
A..N04R,250,40.683736,-73.967972
A..N04R,251,40.683758,-73.968039
A..N04R,252,40.683781,-73.968107
A..N04R,253,40.683805,-73.968175
A..N04R,254,40.683830,-73.968242
A..N04R,255,40.683856,-73.968310
A..N04R,256,40.683883,-73.968377
A..N04R,257,40.683911,-73.968445
A..N04R,258,40.686113,-73.973946
A..N04R,259,40.686720,-73.975438
A..N04R,260,40.686754,-73.975530
A..N04R,261,40.686786,-73.975621
A..N04R,262,40.686815,-73.975711
A..N04R,263,40.686842,-73.975803
A..N04R,264,40.686866,-73.975894
A..N04R,265,40.686888,-73.975986
A..N04R,266,40.686907,-73.976078
A..N04R,267,40.686924,-73.976170
A..N04R,268,40.686938,-73.976263
A..N04R,269,40.686950,-73.976356
A..N04R,270,40.686960,-73.976449
A..N04R,271,40.686966,-73.976543
A..N04R,272,40.686971,-73.976637
A..N04R,273,40.686973,-73.976731
A..N04R,274,40.686971,-73.976828
A..N04R,275,40.686762,-73.978621
A..N04R,276,40.686747,-73.978751
A..N04R,277,40.686735,-73.978877
A..N04R,278,40.686726,-73.979002
A..N04R,279,40.686721,-73.979124
A..N04R,280,40.686718,-73.979245
A..N04R,281,40.686718,-73.979363
A..N04R,282,40.686720,-73.979480
A..N04R,283,40.686726,-73.979594
A..N04R,284,40.686735,-73.979706
A..N04R,285,40.686747,-73.979816
A..N04R,286,40.686762,-73.979924
A..N04R,287,40.686779,-73.980030
A..N04R,288,40.686800,-73.980134
A..N04R,289,40.686823,-73.980236
A..N04R,290,40.686851,-73.980336
A..N04R,291,40.686969,-73.980738
A..N04R,292,40.686977,-73.980774
A..N04R,293,40.686986,-73.980810
A..N04R,294,40.686995,-73.980847
A..N04R,295,40.687004,-73.980884
A..N04R,296,40.687014,-73.980921
A..N04R,297,40.687025,-73.980958
A..N04R,298,40.687036,-73.980996
A..N04R,299,40.687048,-73.981034
A..N04R,300,40.687060,-73.981072
A..N04R,301,40.687073,-73.981110
A..N04R,302,40.687086,-73.981149
A..N04R,303,40.687100,-73.981188
A..N04R,304,40.687114,-73.981227
A..N04R,305,40.687129,-73.981266
A..N04R,306,40.687144,-73.981306
A..N04R,307,40.687350,-73.981883
A..N04R,308,40.687376,-73.981953
A..N04R,309,40.687403,-73.982022
A..N04R,310,40.687429,-73.982091
A..N04R,311,40.687455,-73.982160
A..N04R,312,40.687480,-73.982229
A..N04R,313,40.687505,-73.982299
A..N04R,314,40.687531,-73.982368
A..N04R,315,40.687555,-73.982438
A..N04R,316,40.687580,-73.982508
A..N04R,317,40.687604,-73.982578
A..N04R,318,40.687629,-73.982648
A..N04R,319,40.687653,-73.982718
A..N04R,320,40.687676,-73.982789
A..N04R,321,40.687700,-73.982859
A..N04R,322,40.687723,-73.982930
A..N04R,323,40.687747,-73.983005
A..N04R,324,40.687771,-73.983080
A..N04R,325,40.687795,-73.983155
A..N04R,326,40.687820,-73.983229
A..N04R,327,40.687845,-73.983304
A..N04R,328,40.687870,-73.983379
A..N04R,329,40.687896,-73.983454
A..N04R,330,40.687922,-73.983528
A..N04R,331,40.687948,-73.983603
A..N04R,332,40.687975,-73.983678
A..N04R,333,40.688002,-73.983752
A..N04R,334,40.688029,-73.983827
A..N04R,335,40.688056,-73.983901
A..N04R,336,40.688084,-73.983976
A..N04R,337,40.688112,-73.984050
A..N04R,338,40.688484,-73.985001
A..N04R,339,40.689409,-73.987376
A..N04R,340,40.689472,-73.987486
A..N04R,341,40.689540,-73.987586
A..N04R,342,40.689610,-73.987672
A..N04R,343,40.689684,-73.987747
A..N04R,344,40.689761,-73.987809
A..N04R,345,40.689841,-73.987858
A..N04R,346,40.689924,-73.987895
A..N04R,347,40.690011,-73.987920
A..N04R,348,40.690100,-73.987932
A..N04R,349,40.690192,-73.987931
A..N04R,350,40.690288,-73.987918
A..N04R,351,40.690387,-73.987892
A..N04R,352,40.690489,-73.987854
A..N04R,353,40.690594,-73.987803
A..N04R,354,40.690701,-73.987738
A..N04R,355,40.690945,-73.987582
A..N04R,356,40.690993,-73.987556
A..N04R,357,40.691041,-73.987532
A..N04R,358,40.691089,-73.987509
A..N04R,359,40.691138,-73.987488
A..N04R,360,40.691187,-73.987469
A..N04R,361,40.691236,-73.987452
A..N04R,362,40.691286,-73.987437
A..N04R,363,40.691336,-73.987423
A..N04R,364,40.691386,-73.987412
A..N04R,365,40.691437,-73.987402
A..N04R,366,40.691488,-73.987394
A..N04R,367,40.691539,-73.987387
A..N04R,368,40.691591,-73.987383
A..N04R,369,40.691643,-73.987380
A..N04R,370,40.691695,-73.987379
A..N04R,371,40.692332,-73.987343
A..N04R,372,40.692338,-73.987342
A..N04R,373,40.692346,-73.987343
A..N04R,374,40.693682,-73.987277
A..N04R,375,40.693715,-73.987276
A..N04R,376,40.693748,-73.987273
A..N04R,377,40.693782,-73.987271
A..N04R,378,40.693816,-73.987268
A..N04R,379,40.693850,-73.987265
A..N04R,380,40.693884,-73.987262
A..N04R,381,40.693919,-73.987259
A..N04R,382,40.693953,-73.987255
A..N04R,383,40.693988,-73.987252
A..N04R,384,40.694024,-73.987248
A..N04R,385,40.694059,-73.987244
A..N04R,386,40.694095,-73.987240
A..N04R,387,40.694131,-73.987235
A..N04R,388,40.694167,-73.987231
A..N04R,389,40.694204,-73.987226
A..N04R,390,40.694334,-73.987211
A..N04R,391,40.694364,-73.987206
A..N04R,392,40.694394,-73.987202
A..N04R,393,40.694424,-73.987198
A..N04R,394,40.694455,-73.987194
A..N04R,395,40.694487,-73.987191
A..N04R,396,40.694519,-73.987187
A..N04R,397,40.694551,-73.987184
A..N04R,398,40.694585,-73.987182
A..N04R,399,40.694618,-73.987179
A..N04R,400,40.694652,-73.987177
A..N04R,401,40.694687,-73.987175
A..N04R,402,40.694722,-73.987173
A..N04R,403,40.694758,-73.987172
A..N04R,404,40.694794,-73.987171
A..N04R,405,40.694832,-73.987170
A..N04R,406,40.697395,-73.987036
A..N04R,407,40.697629,-73.987053
A..N04R,408,40.697848,-73.987090
A..N04R,409,40.698052,-73.987146
A..N04R,410,40.698240,-73.987221
A..N04R,411,40.698413,-73.987316
A..N04R,412,40.698570,-73.987429
A..N04R,413,40.698713,-73.987562
A..N04R,414,40.698840,-73.987713
A..N04R,415,40.698951,-73.987884
A..N04R,416,40.699047,-73.988074
A..N04R,417,40.699128,-73.988283
A..N04R,418,40.699194,-73.988511
A..N04R,419,40.699244,-73.988758
A..N04R,420,40.699279,-73.989025
A..N04R,421,40.699300,-73.989309
A..N04R,422,40.699337,-73.990531
A..N04R,423,40.699368,-73.991305
A..N04R,424,40.699375,-73.991423
A..N04R,425,40.699382,-73.991539
A..N04R,426,40.699391,-73.991654
A..N04R,427,40.699402,-73.991768
A..N04R,428,40.699414,-73.991880
A..N04R,429,40.699428,-73.991991
A..N04R,430,40.699444,-73.992101
A..N04R,431,40.699461,-73.992209
A..N04R,432,40.699480,-73.992316
A..N04R,433,40.699500,-73.992422
A..N04R,434,40.699523,-73.992527
A..N04R,435,40.699546,-73.992630
A..N04R,436,40.699572,-73.992732
A..N04R,437,40.699599,-73.992833
A..N04R,438,40.699629,-73.992931
A..N04R,439,40.700539,-73.996206
A..N04R,440,40.700676,-73.996623
A..N04R,441,40.700823,-73.997030
A..N04R,442,40.700978,-73.997422
A..N04R,443,40.701141,-73.997800
A..N04R,444,40.701312,-73.998162
A..N04R,445,40.701491,-73.998509
A..N04R,446,40.701679,-73.998841
A..N04R,447,40.701875,-73.999159
A..N04R,448,40.702079,-73.999461
A..N04R,449,40.702291,-73.999749
A..N04R,450,40.702511,-74.000021
A..N04R,451,40.702740,-74.000279
A..N04R,452,40.702976,-74.000522
A..N04R,453,40.703221,-74.000749
A..N04R,454,40.703473,-74.000966
A..N04R,455,40.708461,-74.004845
A..N04R,456,40.708525,-74.004894
A..N04R,457,40.708589,-74.004947
A..N04R,458,40.708651,-74.005002
A..N04R,459,40.708712,-74.005061
A..N04R,460,40.708771,-74.005122
A..N04R,461,40.708830,-74.005187
A..N04R,462,40.708886,-74.005254
A..N04R,463,40.708941,-74.005325
A..N04R,464,40.708995,-74.005398
A..N04R,465,40.709048,-74.005475
A..N04R,466,40.709099,-74.005554
A..N04R,467,40.709148,-74.005637
A..N04R,468,40.709197,-74.005722
A..N04R,469,40.709244,-74.005811
A..N04R,470,40.709287,-74.005900
A..N04R,471,40.710197,-74.007691
A..N04R,472,40.711226,-74.009737
A..N04R,473,40.711291,-74.009837
A..N04R,474,40.711358,-74.009924
A..N04R,475,40.711427,-74.009999
A..N04R,476,40.711498,-74.010062
A..N04R,477,40.711571,-74.010112
A..N04R,478,40.711645,-74.010149
A..N04R,479,40.711722,-74.010174
A..N04R,480,40.711801,-74.010187
A..N04R,481,40.711881,-74.010187
A..N04R,482,40.711963,-74.010175
A..N04R,483,40.712048,-74.010150
A..N04R,484,40.712134,-74.010113
A..N04R,485,40.712222,-74.010063
A..N04R,486,40.712312,-74.010001
A..N04R,487,40.712405,-74.009926
A..N04R,488,40.714111,-74.008585
A..N04R,489,40.718039,-74.005494
A..N04R,490,40.718106,-74.005447
A..N04R,491,40.718174,-74.005404
A..N04R,492,40.718242,-74.005365
A..N04R,493,40.718310,-74.005329
A..N04R,494,40.718379,-74.005297
A..N04R,495,40.718449,-74.005268
A..N04R,496,40.718519,-74.005243
A..N04R,497,40.718589,-74.005222
A..N04R,498,40.718660,-74.005203
A..N04R,499,40.718732,-74.005189
A..N04R,500,40.718804,-74.005178
A..N04R,501,40.718876,-74.005170
A..N04R,502,40.718949,-74.005166
A..N04R,503,40.719022,-74.005164
A..N04R,504,40.719096,-74.005166
A..N04R,505,40.720785,-74.005230
A..N04R,506,40.720824,-74.005229
A..N04R,507,40.721758,-74.005294
A..N04R,508,40.721824,-74.005299
A..N04R,509,40.721889,-74.005302
A..N04R,510,40.721953,-74.005304
A..N04R,511,40.722016,-74.005304
A..N04R,512,40.722078,-74.005302
A..N04R,513,40.722140,-74.005299
A..N04R,514,40.722201,-74.005293
A..N04R,515,40.722261,-74.005286
A..N04R,516,40.722320,-74.005278
A..N04R,517,40.722379,-74.005267
A..N04R,518,40.722436,-74.005255
A..N04R,519,40.722493,-74.005241
A..N04R,520,40.722549,-74.005225
A..N04R,521,40.722605,-74.005208
A..N04R,522,40.722659,-74.005189
A..N04R,523,40.726227,-74.003739
A..N04R,524,40.728583,-74.002720
A..N04R,525,40.728621,-74.002705
A..N04R,526,40.728661,-74.002689
A..N04R,527,40.728702,-74.002673
A..N04R,528,40.728744,-74.002655
A..N04R,529,40.728787,-74.002637
A..N04R,530,40.728831,-74.002617
A..N04R,531,40.728876,-74.002597
A..N04R,532,40.728922,-74.002575
A..N04R,533,40.728970,-74.002552
A..N04R,534,40.729019,-74.002529
A..N04R,535,40.729068,-74.002504
A..N04R,536,40.729119,-74.002478
A..N04R,537,40.729171,-74.002452
A..N04R,538,40.729225,-74.002424
A..N04R,539,40.729279,-74.002395
A..N04R,540,40.730820,-74.001552
A..N04R,541,40.730845,-74.001539
A..N04R,542,40.730871,-74.001525
A..N04R,543,40.730897,-74.001511
A..N04R,544,40.730922,-74.001497
A..N04R,545,40.730948,-74.001482
A..N04R,546,40.730975,-74.001467
A..N04R,547,40.731001,-74.001451
A..N04R,548,40.731027,-74.001435
A..N04R,549,40.731054,-74.001419
A..N04R,550,40.731080,-74.001402
A..N04R,551,40.731107,-74.001385
A..N04R,552,40.731134,-74.001367
A..N04R,553,40.731161,-74.001349
A..N04R,554,40.731189,-74.001331
A..N04R,555,40.731216,-74.001312
A..N04R,556,40.732312,-74.000515
A..N04R,557,40.732338,-74.000495
A..N04R,558,40.732362,-74.000477
A..N04R,559,40.733324,-73.999777
A..N04R,560,40.733391,-73.999736
A..N04R,561,40.733459,-73.999702
A..N04R,562,40.733527,-73.999674
A..N04R,563,40.733596,-73.999652
A..N04R,564,40.733666,-73.999636
A..N04R,565,40.733736,-73.999626
A..N04R,566,40.733807,-73.999621
A..N04R,567,40.733878,-73.999622
A..N04R,568,40.733949,-73.999629
A..N04R,569,40.734021,-73.999642
A..N04R,570,40.734094,-73.999660
A..N04R,571,40.734167,-73.999685
A..N04R,572,40.734240,-73.999715
A..N04R,573,40.734314,-73.999750
A..N04R,574,40.734389,-73.999792
A..N04R,575,40.738807,-74.002433
A..N04R,576,40.738885,-74.002477
A..N04R,577,40.738964,-74.002514
A..N04R,578,40.739043,-74.002544
A..N04R,579,40.739121,-74.002567
A..N04R,580,40.739200,-74.002583
A..N04R,581,40.739278,-74.002592
A..N04R,582,40.739356,-74.002594
A..N04R,583,40.739434,-74.002590
A..N04R,584,40.739512,-74.002578
A..N04R,585,40.739589,-74.002560
A..N04R,586,40.739666,-74.002535
A..N04R,587,40.739744,-74.002502
A..N04R,588,40.739821,-74.002463
A..N04R,589,40.739897,-74.002417
A..N04R,590,40.739974,-74.002363
A..N04R,591,40.740893,-74.001690
A..N04R,592,40.745906,-73.998041
A..N04R,593,40.752287,-73.993391
A..N04R,594,40.757308,-73.989735
A..N04R,595,40.762456,-73.985984
A..N04R,596,40.763365,-73.985322
A..N04R,597,40.764986,-73.984138
A..N04R,598,40.768296,-73.981736
A..N04R,599,40.775594,-73.976410
A..N04R,600,40.781433,-73.972143
A..N04R,601,40.785868,-73.968916
A..N04R,602,40.791642,-73.964696
A..N04R,603,40.796092,-73.961454
A..N04R,604,40.800603,-73.958161
A..N04R,605,40.805085,-73.954882
A..N04R,606,40.807267,-73.953288
A..N04R,607,40.807330,-73.953236
A..N04R,608,40.807392,-73.953190
A..N04R,609,40.807455,-73.953148
A..N04R,610,40.807519,-73.953110
A..N04R,611,40.807583,-73.953075
A..N04R,612,40.807647,-73.953045
A..N04R,613,40.807711,-73.953018
A..N04R,614,40.807777,-73.952995
A..N04R,615,40.807842,-73.952976
A..N04R,616,40.807908,-73.952961
A..N04R,617,40.807975,-73.952950
A..N04R,618,40.808042,-73.952942
A..N04R,619,40.808109,-73.952939
A..N04R,620,40.808177,-73.952939
A..N04R,621,40.808245,-73.952941
A..N04R,622,40.809638,-73.953030
A..N04R,623,40.809699,-73.953033
A..N04R,624,40.809757,-73.953034
A..N04R,625,40.809815,-73.953033
A..N04R,626,40.809872,-73.953030
A..N04R,627,40.809927,-73.953025
A..N04R,628,40.809981,-73.953017
A..N04R,629,40.810035,-73.953007
A..N04R,630,40.810087,-73.952995
A..N04R,631,40.810138,-73.952980
A..N04R,632,40.810188,-73.952963
A..N04R,633,40.810237,-73.952943
A..N04R,634,40.810285,-73.952922
A..N04R,635,40.810332,-73.952898
A..N04R,636,40.810377,-73.952872
A..N04R,637,40.810422,-73.952842
A..N04R,638,40.811109,-73.952343
A..N04R,639,40.811167,-73.952300
A..N04R,640,40.811223,-73.952256
A..N04R,641,40.811279,-73.952210
A..N04R,642,40.811335,-73.952164
A..N04R,643,40.811390,-73.952117
A..N04R,644,40.811445,-73.952068
A..N04R,645,40.811500,-73.952019
A..N04R,646,40.811554,-73.951969
A..N04R,647,40.811608,-73.951917
A..N04R,648,40.811661,-73.951865
A..N04R,649,40.811714,-73.951811
A..N04R,650,40.811767,-73.951757
A..N04R,651,40.811819,-73.951701
A..N04R,652,40.811871,-73.951645
A..N04R,653,40.811923,-73.951586
A..N04R,654,40.812906,-73.950604
A..N04R,655,40.812938,-73.950568
A..N04R,656,40.812971,-73.950533
A..N04R,657,40.813004,-73.950498
A..N04R,658,40.813038,-73.950464
A..N04R,659,40.813073,-73.950430
A..N04R,660,40.813109,-73.950397
A..N04R,661,40.813145,-73.950363
A..N04R,662,40.813181,-73.950331
A..N04R,663,40.813219,-73.950298
A..N04R,664,40.813257,-73.950266
A..N04R,665,40.813296,-73.950234
A..N04R,666,40.813335,-73.950203
A..N04R,667,40.813376,-73.950172
A..N04R,668,40.813416,-73.950141
A..N04R,669,40.813459,-73.950112
A..N04R,670,40.814704,-73.949202
A..N04R,671,40.814741,-73.949174
A..N04R,672,40.814778,-73.949147
A..N04R,673,40.814815,-73.949121
A..N04R,674,40.814853,-73.949095
A..N04R,675,40.814892,-73.949070
A..N04R,676,40.814930,-73.949046
A..N04R,677,40.814969,-73.949023
A..N04R,678,40.815009,-73.949000
A..N04R,679,40.815049,-73.948977
A..N04R,680,40.815089,-73.948956
A..N04R,681,40.815130,-73.948935
A..N04R,682,40.815171,-73.948914
A..N04R,683,40.815212,-73.948895
A..N04R,684,40.815254,-73.948875
A..N04R,685,40.815297,-73.948857
A..N04R,686,40.817894,-73.947649
A..N04R,687,40.823696,-73.944947
A..N04R,688,40.823739,-73.944926
A..N04R,689,40.823781,-73.944904
A..N04R,690,40.823822,-73.944882
A..N04R,691,40.823862,-73.944860
A..N04R,692,40.823902,-73.944837
A..N04R,693,40.823941,-73.944814
A..N04R,694,40.823980,-73.944791
A..N04R,695,40.824018,-73.944767
A..N04R,696,40.824055,-73.944743
A..N04R,697,40.824092,-73.944719
A..N04R,698,40.824127,-73.944694
A..N04R,699,40.824163,-73.944669
A..N04R,700,40.824163,-73.944669
A..N04R,701,40.824197,-73.944643
A..N04R,702,40.824231,-73.944617
A..N04R,703,40.824264,-73.944591
A..N04R,704,40.824783,-73.944216
A..N04R,705,40.824882,-73.944148
A..N04R,706,40.825903,-73.943403
A..N04R,707,40.825938,-73.943379
A..N04R,708,40.825975,-73.943355
A..N04R,709,40.826012,-73.943333
A..N04R,710,40.826049,-73.943311
A..N04R,711,40.826087,-73.943289
A..N04R,712,40.826125,-73.943269
A..N04R,713,40.826164,-73.943249
A..N04R,714,40.826202,-73.943229
A..N04R,715,40.826242,-73.943211
A..N04R,716,40.826281,-73.943193
A..N04R,717,40.826321,-73.943176
A..N04R,718,40.826362,-73.943159
A..N04R,719,40.826402,-73.943144
A..N04R,720,40.826444,-73.943128
A..N04R,721,40.826486,-73.943113
A..N04R,722,40.830518,-73.941514
A..N04R,723,40.832909,-73.940709
A..N04R,724,40.832940,-73.940700
A..N04R,725,40.832971,-73.940690
A..N04R,726,40.833003,-73.940680
A..N04R,727,40.833035,-73.940670
A..N04R,728,40.833067,-73.940659
A..N04R,729,40.833100,-73.940648
A..N04R,730,40.833133,-73.940637
A..N04R,731,40.833166,-73.940625
A..N04R,732,40.833199,-73.940613
A..N04R,733,40.833233,-73.940600
A..N04R,734,40.833266,-73.940587
A..N04R,735,40.833301,-73.940574
A..N04R,736,40.833335,-73.940560
A..N04R,737,40.833370,-73.940546
A..N04R,738,40.833405,-73.940532
A..N04R,739,40.834797,-73.939915
A..N04R,740,40.834840,-73.939896
A..N04R,741,40.834883,-73.939880
A..N04R,742,40.834926,-73.939866
A..N04R,743,40.834970,-73.939853
A..N04R,744,40.835014,-73.939841
A..N04R,745,40.835059,-73.939832
A..N04R,746,40.835104,-73.939823
A..N04R,747,40.835150,-73.939817
A..N04R,748,40.835196,-73.939812
A..N04R,749,40.835242,-73.939809
A..N04R,750,40.835289,-73.939807
A..N04R,751,40.835337,-73.939807
A..N04R,752,40.835385,-73.939808
A..N04R,753,40.835433,-73.939811
A..N04R,754,40.835482,-73.939817
A..N04R,755,40.836013,-73.939892
A..N04R,756,40.836920,-73.940033
A..N04R,757,40.836954,-73.940037
A..N04R,758,40.836987,-73.940042
A..N04R,759,40.837021,-73.940046
A..N04R,760,40.837054,-73.940049
A..N04R,761,40.837087,-73.940052
A..N04R,762,40.837121,-73.940054
A..N04R,763,40.837154,-73.940055
A..N04R,764,40.837188,-73.940056
A..N04R,765,40.837221,-73.940057
A..N04R,766,40.837254,-73.940057
A..N04R,767,40.837288,-73.940056
A..N04R,768,40.837321,-73.940055
A..N04R,769,40.837354,-73.940053
A..N04R,770,40.837388,-73.940050
A..N04R,771,40.837421,-73.940047
A..N04R,772,40.839251,-73.939881
A..N04R,773,40.839308,-73.939876
A..N04R,774,40.839366,-73.939871
A..N04R,775,40.839423,-73.939865
A..N04R,776,40.839480,-73.939858
A..N04R,777,40.839537,-73.939851
A..N04R,778,40.839593,-73.939843
A..N04R,779,40.839649,-73.939834
A..N04R,780,40.839705,-73.939824
A..N04R,781,40.839760,-73.939814
A..N04R,782,40.839815,-73.939802
A..N04R,783,40.839869,-73.939790
A..N04R,784,40.839923,-73.939778
A..N04R,785,40.839977,-73.939764
A..N04R,786,40.840030,-73.939750
A..N04R,787,40.840083,-73.939735
A..N04R,788,40.840719,-73.939561
A..N04R,789,40.841395,-73.939390
A..N04R,790,40.841452,-73.939376
A..N04R,791,40.841509,-73.939363
A..N04R,792,40.841567,-73.939350
A..N04R,793,40.841625,-73.939338
A..N04R,794,40.841684,-73.939327
A..N04R,795,40.841744,-73.939317
A..N04R,796,40.841804,-73.939307
A..N04R,797,40.841864,-73.939299
A..N04R,798,40.841926,-73.939291
A..N04R,799,40.841987,-73.939284
A..N04R,800,40.842050,-73.939277
A..N04R,801,40.842113,-73.939271
A..N04R,802,40.842176,-73.939267
A..N04R,803,40.842240,-73.939262
A..N04R,804,40.842305,-73.939259
A..N04R,805,40.842713,-73.939202
A..N04R,806,40.842768,-73.939196
A..N04R,807,40.842825,-73.939189
A..N04R,808,40.842882,-73.939181
A..N04R,809,40.842941,-73.939173
A..N04R,810,40.843000,-73.939163
A..N04R,811,40.843061,-73.939152
A..N04R,812,40.843124,-73.939141
A..N04R,813,40.843187,-73.939129
A..N04R,814,40.843251,-73.939115
A..N04R,815,40.843317,-73.939101
A..N04R,816,40.843384,-73.939086
A..N04R,817,40.843451,-73.939070
A..N04R,818,40.843520,-73.939053
A..N04R,819,40.843591,-73.939036
A..N04R,820,40.843662,-73.939017
A..N04R,821,40.844266,-73.938886
A..N04R,822,40.844340,-73.938885
A..N04R,823,40.844412,-73.938890
A..N04R,824,40.844484,-73.938900
A..N04R,825,40.844554,-73.938916
A..N04R,826,40.844623,-73.938937
A..N04R,827,40.844692,-73.938964
A..N04R,828,40.844760,-73.938996
A..N04R,829,40.844826,-73.939033
A..N04R,830,40.844892,-73.939076
A..N04R,831,40.844957,-73.939125
A..N04R,832,40.845021,-73.939178
A..N04R,833,40.845084,-73.939238
A..N04R,834,40.845146,-73.939302
A..N04R,835,40.845208,-73.939372
A..N04R,836,40.845268,-73.939448
A..N04R,837,40.845466,-73.939709
A..N04R,838,40.845523,-73.939776
A..N04R,839,40.845583,-73.939837
A..N04R,840,40.845644,-73.939892
A..N04R,841,40.845707,-73.939940
A..N04R,842,40.845773,-73.939982
A..N04R,843,40.845840,-73.940017
A..N04R,844,40.845910,-73.940047
A..N04R,845,40.845981,-73.940070
A..N04R,846,40.846054,-73.940086
A..N04R,847,40.846130,-73.940097
A..N04R,848,40.846208,-73.940101
A..N04R,849,40.846287,-73.940099
A..N04R,850,40.846369,-73.940090
A..N04R,851,40.846452,-73.940075
A..N04R,852,40.846536,-73.940053
A..N04R,853,40.847391,-73.939704
A..N04R,854,40.851695,-73.937969
A..N04R,855,40.855112,-73.936887
A..N04R,856,40.855168,-73.936867
A..N04R,857,40.855225,-73.936848
A..N04R,858,40.855281,-73.936827
A..N04R,859,40.855336,-73.936806
A..N04R,860,40.855390,-73.936783
A..N04R,861,40.855444,-73.936760
A..N04R,862,40.855497,-73.936736
A..N04R,863,40.855549,-73.936710
A..N04R,864,40.855600,-73.936684
A..N04R,865,40.855651,-73.936656
A..N04R,866,40.855701,-73.936628
A..N04R,867,40.855750,-73.936599
A..N04R,868,40.855798,-73.936569
A..N04R,869,40.855845,-73.936537
A..N04R,870,40.855893,-73.936503
A..N04R,871,40.859022,-73.934180
A..N04R,872,40.863314,-73.930852
A..N04R,873,40.863360,-73.930814
A..N04R,874,40.863405,-73.930776
A..N04R,875,40.863450,-73.930735
A..N04R,876,40.863494,-73.930694
A..N04R,877,40.863537,-73.930650
A..N04R,878,40.863580,-73.930605
A..N04R,879,40.863623,-73.930558
A..N04R,880,40.863665,-73.930510
A..N04R,881,40.863707,-73.930459
A..N04R,882,40.863748,-73.930407
A..N04R,883,40.863788,-73.930354
A..N04R,884,40.863828,-73.930299
A..N04R,885,40.863868,-73.930242
A..N04R,886,40.863907,-73.930183
A..N04R,887,40.863946,-73.930123
A..N04R,888,40.864789,-73.928643
A..N04R,889,40.865077,-73.928091
A..N04R,890,40.865109,-73.928031
A..N04R,891,40.865141,-73.927971
A..N04R,892,40.865172,-73.927913
A..N04R,893,40.865202,-73.927855
A..N04R,894,40.865232,-73.927798
A..N04R,895,40.865261,-73.927742
A..N04R,896,40.865289,-73.927686
A..N04R,897,40.865317,-73.927632
A..N04R,898,40.865344,-73.927578
A..N04R,899,40.865370,-73.927525
A..N04R,900,40.865395,-73.927472
A..N04R,901,40.865420,-73.927421
A..N04R,902,40.865445,-73.927370
A..N04R,903,40.865468,-73.927320
A..N04R,904,40.865491,-73.927271
A..N04R,905,40.865518,-73.927208
A..N04R,906,40.865545,-73.927145
A..N04R,907,40.865572,-73.927080
A..N04R,908,40.865599,-73.927016
A..N04R,909,40.865625,-73.926951
A..N04R,910,40.865652,-73.926885
A..N04R,911,40.865678,-73.926818
A..N04R,912,40.865704,-73.926751
A..N04R,913,40.865730,-73.926684
A..N04R,914,40.865756,-73.926616
A..N04R,915,40.865782,-73.926547
A..N04R,916,40.865808,-73.926478
A..N04R,917,40.865833,-73.926408
A..N04R,918,40.865859,-73.926338
A..N04R,919,40.865884,-73.926267
A..N04R,920,40.867635,-73.921380
A..N04R,921,40.867652,-73.921333
A..N04R,922,40.867669,-73.921286
A..N04R,923,40.867685,-73.921240
A..N04R,924,40.867701,-73.921193
A..N04R,925,40.867717,-73.921147
A..N04R,926,40.867732,-73.921101
A..N04R,927,40.867747,-73.921056
A..N04R,928,40.867762,-73.921010
A..N04R,929,40.867777,-73.920965
A..N04R,930,40.867791,-73.920920
A..N04R,931,40.867806,-73.920875
A..N04R,932,40.867819,-73.920831
A..N04R,933,40.867833,-73.920786
A..N04R,934,40.867846,-73.920742
A..N04R,935,40.867859,-73.920698
A..N04R,936,40.868072,-73.919899
A..N09R,0,40.603995,-73.755405
A..N09R,1,40.603729,-73.755898
A..N09R,2,40.603715,-73.755925
A..N09R,3,40.603701,-73.755953
A..N09R,4,40.603687,-73.755980
A..N09R,5,40.603673,-73.756007
A..N09R,6,40.603658,-73.756035
A..N09R,7,40.603644,-73.756062
A..N09R,8,40.603629,-73.756089
A..N09R,9,40.603613,-73.756117
A..N09R,10,40.603598,-73.756144
A..N09R,11,40.603582,-73.756172
A..N09R,12,40.603566,-73.756199
A..N09R,13,40.603550,-73.756226
A..N09R,14,40.603534,-73.756254
A..N09R,15,40.603518,-73.756281
A..N09R,16,40.603501,-73.756309
A..N09R,17,40.603349,-73.756581
A..N09R,18,40.603327,-73.756619
A..N09R,19,40.603304,-73.756658
A..N09R,20,40.603281,-73.756698
A..N09R,21,40.603258,-73.756738
A..N09R,22,40.603234,-73.756780
A..N09R,23,40.603210,-73.756822
A..N09R,24,40.603186,-73.756865
A..N09R,25,40.603162,-73.756909
A..N09R,26,40.603137,-73.756954
A..N09R,27,40.603112,-73.757000
A..N09R,28,40.603087,-73.757046
A..N09R,29,40.603062,-73.757094
A..N09R,30,40.603036,-73.757142
A..N09R,31,40.603010,-73.757191
A..N09R,32,40.602984,-73.757241
A..N09R,33,40.602381,-73.758375
A..N09R,34,40.602254,-73.758606
A..N09R,35,40.602124,-73.758830
A..N09R,36,40.601993,-73.759048
A..N09R,37,40.601859,-73.759260
A..N09R,38,40.601724,-73.759466
A..N09R,39,40.601587,-73.759665
A..N09R,40,40.601447,-73.759859
A..N09R,41,40.601306,-73.760046
A..N09R,42,40.601163,-73.760227
A..N09R,43,40.601017,-73.760401
A..N09R,44,40.600870,-73.760570
A..N09R,45,40.600721,-73.760732
A..N09R,46,40.600570,-73.760888
A..N09R,47,40.600416,-73.761038
A..N09R,48,40.600262,-73.761181
A..N09R,49,40.600066,-73.761353
A..N09R,50,40.599257,-73.762051
A..N09R,51,40.599204,-73.762101
A..N09R,52,40.599150,-73.762153
A..N09R,53,40.599097,-73.762206
A..N09R,54,40.599045,-73.762262
A..N09R,55,40.598994,-73.762319
A..N09R,56,40.598943,-73.762377
A..N09R,57,40.598893,-73.762438
A..N09R,58,40.598843,-73.762500
A..N09R,59,40.598795,-73.762564
A..N09R,60,40.598747,-73.762630
A..N09R,61,40.598699,-73.762698
A..N09R,62,40.598653,-73.762767
A..N09R,63,40.598607,-73.762838
A..N09R,64,40.598562,-73.762911
A..N09R,65,40.598518,-73.762987
A..N09R,66,40.595398,-73.768175
A..N09R,67,40.594053,-73.770405
A..N09R,68,40.593974,-73.770540
A..N09R,69,40.593898,-73.770679
A..N09R,70,40.593826,-73.770821
A..N09R,71,40.593758,-73.770966
A..N09R,72,40.593694,-73.771115
A..N09R,73,40.593634,-73.771268
A..N09R,74,40.593578,-73.771424
A..N09R,75,40.593525,-73.771583
A..N09R,76,40.593477,-73.771746
A..N09R,77,40.593432,-73.771913
A..N09R,78,40.593392,-73.772082
A..N09R,79,40.593355,-73.772256
A..N09R,80,40.593322,-73.772433
A..N09R,81,40.593293,-73.772613
A..N09R,82,40.593269,-73.772796
A..N09R,83,40.592943,-73.776013
A..N09R,84,40.592222,-73.783159
A..N09R,85,40.592206,-73.783330
A..N09R,86,40.592192,-73.783500
A..N09R,87,40.592179,-73.783668
A..N09R,88,40.592169,-73.783836
A..N09R,89,40.592161,-73.784004
A..N09R,90,40.592155,-73.784170
A..N09R,91,40.592150,-73.784336
A..N09R,92,40.592148,-73.784502
A..N09R,93,40.592148,-73.784666
A..N09R,94,40.592149,-73.784830
A..N09R,95,40.592153,-73.784993
A..N09R,96,40.592158,-73.785156
A..N09R,97,40.592166,-73.785317
A..N09R,98,40.592176,-73.785479
A..N09R,99,40.592187,-73.785638
A..N09R,100,40.592320,-73.787287
A..N09R,101,40.592326,-73.787362
A..N09R,102,40.592331,-73.787439
A..N09R,103,40.592337,-73.787517
A..N09R,104,40.592341,-73.787596
A..N09R,105,40.592346,-73.787676
A..N09R,106,40.592350,-73.787756
A..N09R,107,40.592354,-73.787838
A..N09R,108,40.592358,-73.787920
A..N09R,109,40.592361,-73.788004
A..N09R,110,40.592364,-73.788088
A..N09R,111,40.592367,-73.788173
A..N09R,112,40.592369,-73.788259
A..N09R,113,40.592371,-73.788346
A..N09R,114,40.592373,-73.788434
A..N09R,115,40.592374,-73.788522
A..N09R,116,40.592373,-73.788732
A..N09R,117,40.592370,-73.788935
A..N09R,118,40.592366,-73.789130
A..N09R,119,40.592360,-73.789318
A..N09R,120,40.592352,-73.789498
A..N09R,121,40.592343,-73.789671
A..N09R,122,40.592332,-73.789836
A..N09R,123,40.592319,-73.789994
A..N09R,124,40.592305,-73.790144
A..N09R,125,40.592289,-73.790287
A..N09R,126,40.592272,-73.790423
A..N09R,127,40.592253,-73.790551
A..N09R,128,40.592232,-73.790671
A..N09R,129,40.592209,-73.790784
A..N09R,130,40.592186,-73.790890
A..N09R,131,40.591336,-73.794251
A..N09R,132,40.591318,-73.794327
A..N09R,133,40.591301,-73.794404
A..N09R,134,40.591284,-73.794481
A..N09R,135,40.591268,-73.794559
A..N09R,136,40.591252,-73.794637
A..N09R,137,40.591236,-73.794716
A..N09R,138,40.591221,-73.794795
A..N09R,139,40.591206,-73.794875
A..N09R,140,40.591191,-73.794955
A..N09R,141,40.591177,-73.795036
A..N09R,142,40.591163,-73.795117
A..N09R,143,40.591149,-73.795199
A..N09R,144,40.591136,-73.795281
A..N09R,145,40.591123,-73.795364
A..N09R,146,40.591110,-73.795446
A..N09R,147,40.590927,-73.796924
A..N09R,148,40.590214,-73.802733
A..N09R,149,40.590199,-73.802858
A..N09R,150,40.590189,-73.802987
A..N09R,151,40.590182,-73.803118
A..N09R,152,40.590179,-73.803252
A..N09R,153,40.590179,-73.803388
A..N09R,154,40.590182,-73.803526
A..N09R,155,40.590189,-73.803667
A..N09R,156,40.590200,-73.803810
A..N09R,157,40.590213,-73.803955
A..N09R,158,40.590230,-73.804103
A..N09R,159,40.590251,-73.804254
A..N09R,160,40.590275,-73.804406
A..N09R,161,40.590302,-73.804562
A..N09R,162,40.590333,-73.804719
A..N09R,163,40.590367,-73.804877
A..N09R,164,40.590713,-73.806332
A..N09R,165,40.590788,-73.806647
A..N09R,166,40.590876,-73.806945
A..N09R,167,40.590976,-73.807227
A..N09R,168,40.591089,-73.807494
A..N09R,169,40.591213,-73.807746
A..N09R,170,40.591350,-73.807982
A..N09R,171,40.591499,-73.808203
A..N09R,172,40.591660,-73.808409
A..N09R,173,40.591833,-73.808599
A..N09R,174,40.592018,-73.808775
A..N09R,175,40.592216,-73.808935
A..N09R,176,40.592425,-73.809079
A..N09R,177,40.592647,-73.809208
A..N09R,178,40.592881,-73.809322
A..N09R,179,40.593127,-73.809421
A..N09R,180,40.607677,-73.815653
A..N09R,181,40.607698,-73.815661
A..N09R,182,40.607719,-73.815670
A..N09R,183,40.607740,-73.815678
A..N09R,184,40.607760,-73.815687
A..N09R,185,40.607781,-73.815696
A..N09R,186,40.607801,-73.815704
A..N09R,187,40.607822,-73.815713
A..N09R,188,40.607842,-73.815721
A..N09R,189,40.607862,-73.815730
A..N09R,190,40.607883,-73.815738
A..N09R,191,40.607903,-73.815746
A..N09R,192,40.607923,-73.815754
A..N09R,193,40.607942,-73.815762
A..N09R,194,40.607962,-73.815770
A..N09R,195,40.607982,-73.815778
A..N09R,196,40.608060,-73.815808
A..N09R,197,40.608140,-73.815838
A..N09R,198,40.608220,-73.815867
A..N09R,199,40.608300,-73.815896
A..N09R,200,40.608382,-73.815925
A..N09R,201,40.608465,-73.815954
A..N09R,202,40.608548,-73.815982
A..N09R,203,40.608632,-73.816010
A..N09R,204,40.608717,-73.816038
A..N09R,205,40.608803,-73.816065
A..N09R,206,40.608890,-73.816092
A..N09R,207,40.608977,-73.816119
A..N09R,208,40.609066,-73.816145
A..N09R,209,40.609155,-73.816171
A..N09R,210,40.609245,-73.816197
A..N09R,211,40.656136,-73.828420
A..N09R,212,40.656261,-73.828456
A..N09R,213,40.656385,-73.828493
A..N09R,214,40.656508,-73.828531
A..N09R,215,40.656629,-73.828571
A..N09R,216,40.656750,-73.828611
A..N09R,217,40.656870,-73.828652
A..N09R,218,40.656988,-73.828694
A..N09R,219,40.657106,-73.828737
A..N09R,220,40.657222,-73.828780
A..N09R,221,40.657337,-73.828825
A..N09R,222,40.657451,-73.828870
A..N09R,223,40.657564,-73.828917
A..N09R,224,40.657676,-73.828964
A..N09R,225,40.657787,-73.829012
A..N09R,226,40.657898,-73.829062
A..N09R,227,40.660476,-73.830301
A..N09R,228,40.668234,-73.834058
A..N09R,229,40.672097,-73.835919
A..N09R,230,40.677879,-73.838715
A..N09R,231,40.677921,-73.838734
A..N09R,232,40.677965,-73.838754
A..N09R,233,40.678009,-73.838775
A..N09R,234,40.678055,-73.838797
A..N09R,235,40.678102,-73.838819
A..N09R,236,40.678150,-73.838843
A..N09R,237,40.678199,-73.838867
A..N09R,238,40.678249,-73.838893
A..N09R,239,40.678301,-73.838919
A..N09R,240,40.678353,-73.838946
A..N09R,241,40.678407,-73.838974
A..N09R,242,40.678461,-73.839003
A..N09R,243,40.678517,-73.839033
A..N09R,244,40.678574,-73.839063
A..N09R,245,40.678632,-73.839095
A..N09R,246,40.680272,-73.840071
A..N09R,247,40.680367,-73.840138
A..N09R,248,40.680455,-73.840210
A..N09R,249,40.680534,-73.840289
A..N09R,250,40.680605,-73.840373
A..N09R,251,40.680667,-73.840463
A..N09R,252,40.680722,-73.840559
A..N09R,253,40.680768,-73.840661
A..N09R,254,40.680806,-73.840769
A..N09R,255,40.680836,-73.840882
A..N09R,256,40.680857,-73.841001
A..N09R,257,40.680871,-73.841127
A..N09R,258,40.680876,-73.841258
A..N09R,259,40.680873,-73.841395
A..N09R,260,40.680861,-73.841537
A..N09R,261,40.680843,-73.841687
A..N09R,262,40.680429,-73.843853
A..N09R,263,40.680357,-73.844224
A..N09R,264,40.680345,-73.844289
A..N09R,265,40.680333,-73.844356
A..N09R,266,40.680322,-73.844422
A..N09R,267,40.680312,-73.844490
A..N09R,268,40.680302,-73.844557
A..N09R,269,40.680292,-73.844626
A..N09R,270,40.680283,-73.844695
A..N09R,271,40.680275,-73.844765
A..N09R,272,40.680267,-73.844835
A..N09R,273,40.680259,-73.844906
A..N09R,274,40.680252,-73.844978
A..N09R,275,40.680246,-73.845050
A..N09R,276,40.680240,-73.845123
A..N09R,277,40.680234,-73.845197
A..N09R,278,40.680229,-73.845271
A..N09R,279,40.679843,-73.851470
A..N09R,280,40.679371,-73.858992
A..N09R,281,40.679287,-73.860342
A..N09R,282,40.679285,-73.860372
A..N09R,283,40.679283,-73.860402
A..N09R,284,40.679281,-73.860432
A..N09R,285,40.679278,-73.860462
A..N09R,286,40.679275,-73.860492
A..N09R,287,40.679271,-73.860522
A..N09R,288,40.679267,-73.860552
A..N09R,289,40.679263,-73.860582
A..N09R,290,40.679258,-73.860612
A..N09R,291,40.679253,-73.860642
A..N09R,292,40.679248,-73.860673
A..N09R,293,40.679242,-73.860703
A..N09R,294,40.679236,-73.860733
A..N09R,295,40.679230,-73.860764
A..N09R,296,40.679223,-73.860794
A..N09R,297,40.678935,-73.861871
A..N09R,298,40.678912,-73.861947
A..N09R,299,40.678888,-73.862023
A..N09R,300,40.678862,-73.862097
A..N09R,301,40.678836,-73.862171
A..N09R,302,40.678808,-73.862244
A..N09R,303,40.678779,-73.862315
A..N09R,304,40.678749,-73.862386
A..N09R,305,40.678718,-73.862456
A..N09R,306,40.678686,-73.862525
A..N09R,307,40.678653,-73.862592
A..N09R,308,40.678618,-73.862659
A..N09R,309,40.678583,-73.862725
A..N09R,310,40.678546,-73.862790
A..N09R,311,40.678508,-73.862854
A..N09R,312,40.678469,-73.862917
A..N09R,313,40.677044,-73.865050
A..N09R,314,40.676558,-73.865742
A..N09R,315,40.676522,-73.865795
A..N09R,316,40.676487,-73.865850
A..N09R,317,40.676454,-73.865905
A..N09R,318,40.676422,-73.865961
A..N09R,319,40.676392,-73.866018
A..N09R,320,40.676363,-73.866076
A..N09R,321,40.676335,-73.866134
A..N09R,322,40.676309,-73.866194
A..N09R,323,40.676284,-73.866254
A..N09R,324,40.676261,-73.866316
A..N09R,325,40.676239,-73.866378
A..N09R,326,40.676218,-73.866441
A..N09R,327,40.676199,-73.866505
A..N09R,328,40.676181,-73.866570
A..N09R,329,40.676166,-73.866636
A..N09R,330,40.675377,-73.872106
A..N09R,331,40.674130,-73.880750
A..N09R,332,40.672710,-73.890358
A..N09R,333,40.672196,-73.893830
A..N09R,334,40.672159,-73.894094
A..N09R,335,40.672140,-73.894340
A..N09R,336,40.672138,-73.894572
A..N09R,337,40.672154,-73.894790
A..N09R,338,40.672186,-73.894994
A..N09R,339,40.672236,-73.895184
A..N09R,340,40.672302,-73.895360
A..N09R,341,40.672386,-73.895522
A..N09R,342,40.672487,-73.895671
A..N09R,343,40.672605,-73.895805
A..N09R,344,40.672739,-73.895925
A..N09R,345,40.672891,-73.896032
A..N09R,346,40.673061,-73.896124
A..N09R,347,40.673247,-73.896202
A..N09R,348,40.673448,-73.896264
A..N09R,349,40.674542,-73.896548
A..N09R,350,40.676653,-73.897088
A..N09R,351,40.676834,-73.897162
A..N09R,352,40.677001,-73.897255
A..N09R,353,40.677156,-73.897365
A..N09R,354,40.677299,-73.897492
A..N09R,355,40.677430,-73.897637
A..N09R,356,40.677549,-73.897799
A..N09R,357,40.677657,-73.897979
A..N09R,358,40.677752,-73.898176
A..N09R,359,40.677836,-73.898390
A..N09R,360,40.677908,-73.898621
A..N09R,361,40.677969,-73.898870
A..N09R,362,40.678017,-73.899135
A..N09R,363,40.678054,-73.899419
A..N09R,364,40.678079,-73.899719
A..N09R,365,40.678093,-73.900033
A..N09R,366,40.678112,-73.900444
A..N09R,367,40.678114,-73.900494
A..N09R,368,40.678117,-73.900543
A..N09R,369,40.678120,-73.900593
A..N09R,370,40.678123,-73.900641
A..N09R,371,40.678126,-73.900690
A..N09R,372,40.678130,-73.900738
A..N09R,373,40.678134,-73.900785
A..N09R,374,40.678138,-73.900833
A..N09R,375,40.678142,-73.900879
A..N09R,376,40.678147,-73.900926
A..N09R,377,40.678152,-73.900972
A..N09R,378,40.678157,-73.901017
A..N09R,379,40.678162,-73.901063
A..N09R,380,40.678168,-73.901108
A..N09R,381,40.678174,-73.901152
A..N09R,382,40.678361,-73.902619
A..N09R,383,40.678365,-73.902668
A..N09R,384,40.678369,-73.902717
A..N09R,385,40.678373,-73.902767
A..N09R,386,40.678376,-73.902816
A..N09R,387,40.678379,-73.902866
A..N09R,388,40.678382,-73.902915
A..N09R,389,40.678384,-73.902965
A..N09R,390,40.678386,-73.903015
A..N09R,391,40.678388,-73.903065
A..N09R,392,40.678389,-73.903115
A..N09R,393,40.678390,-73.903165
A..N09R,394,40.678390,-73.903215
A..N09R,395,40.678391,-73.903266
A..N09R,396,40.678390,-73.903316
A..N09R,397,40.678390,-73.903367
A..N09R,398,40.678334,-73.905316
A..N09R,399,40.678227,-73.907997
A..N09R,400,40.678221,-73.908133
A..N09R,401,40.678217,-73.908270
A..N09R,402,40.678213,-73.908405
A..N09R,403,40.678211,-73.908539
A..N09R,404,40.678209,-73.908673
A..N09R,405,40.678207,-73.908805
A..N09R,406,40.678207,-73.908936
A..N09R,407,40.678207,-73.909066
A..N09R,408,40.678208,-73.909195
A..N09R,409,40.678210,-73.909323
A..N09R,410,40.678213,-73.909449
A..N09R,411,40.678216,-73.909575
A..N09R,412,40.678220,-73.909700
A..N09R,413,40.678225,-73.909823
A..N09R,414,40.678231,-73.909946
A..N09R,415,40.678340,-73.911946
A..N09R,416,40.678822,-73.920786
A..N09R,417,40.679364,-73.930729
A..N09R,418,40.679921,-73.940858
A..N09R,419,40.680438,-73.950426
A..N09R,420,40.680543,-73.952338
A..N09R,421,40.680548,-73.952432
A..N09R,422,40.680554,-73.952527
A..N09R,423,40.680561,-73.952624
A..N09R,424,40.680570,-73.952721
A..N09R,425,40.680580,-73.952821
A..N09R,426,40.680591,-73.952921
A..N09R,427,40.680604,-73.953023
A..N09R,428,40.680618,-73.953127
A..N09R,429,40.680634,-73.953232
A..N09R,430,40.680651,-73.953339
A..N09R,431,40.680669,-73.953447
A..N09R,432,40.680689,-73.953556
A..N09R,433,40.680710,-73.953667
A..N09R,434,40.680733,-73.953779
A..N09R,435,40.680757,-73.953893
A..N09R,436,40.681380,-73.956848
A..N09R,437,40.683263,-73.965838
A..N09R,438,40.683595,-73.967430
A..N09R,439,40.683608,-73.967499
A..N09R,440,40.683624,-73.967566
A..N09R,441,40.683640,-73.967634
A..N09R,442,40.683657,-73.967701
A..N09R,443,40.683675,-73.967769
A..N09R,444,40.683694,-73.967837
A..N09R,445,40.683715,-73.967904
A..N09R,446,40.683736,-73.967972
A..N09R,447,40.683758,-73.968039
A..N09R,448,40.683781,-73.968107
A..N09R,449,40.683805,-73.968175
A..N09R,450,40.683830,-73.968242
A..N09R,451,40.683856,-73.968310
A..N09R,452,40.683883,-73.968377
A..N09R,453,40.683911,-73.968445
A..N09R,454,40.686113,-73.973946
A..N09R,455,40.686720,-73.975438
A..N09R,456,40.686754,-73.975530
A..N09R,457,40.686786,-73.975621
A..N09R,458,40.686815,-73.975711
A..N09R,459,40.686842,-73.975803
A..N09R,460,40.686866,-73.975894
A..N09R,461,40.686888,-73.975986
A..N09R,462,40.686907,-73.976078
A..N09R,463,40.686924,-73.976170
A..N09R,464,40.686938,-73.976263
A..N09R,465,40.686950,-73.976356
A..N09R,466,40.686960,-73.976449
A..N09R,467,40.686966,-73.976543
A..N09R,468,40.686971,-73.976637
A..N09R,469,40.686973,-73.976731
A..N09R,470,40.686971,-73.976828
A..N09R,471,40.686762,-73.978621
A..N09R,472,40.686747,-73.978751
A..N09R,473,40.686735,-73.978877
A..N09R,474,40.686726,-73.979002
A..N09R,475,40.686721,-73.979124
A..N09R,476,40.686718,-73.979245
A..N09R,477,40.686718,-73.979363
A..N09R,478,40.686720,-73.979480
A..N09R,479,40.686726,-73.979594
A..N09R,480,40.686735,-73.979706
A..N09R,481,40.686747,-73.979816
A..N09R,482,40.686762,-73.979924
A..N09R,483,40.686779,-73.980030
A..N09R,484,40.686800,-73.980134
A..N09R,485,40.686823,-73.980236
A..N09R,486,40.686851,-73.980336
A..N09R,487,40.686969,-73.980738
A..N09R,488,40.686977,-73.980774
A..N09R,489,40.686986,-73.980810
A..N09R,490,40.686995,-73.980847
A..N09R,491,40.687004,-73.980884
A..N09R,492,40.687014,-73.980921
A..N09R,493,40.687025,-73.980958
A..N09R,494,40.687036,-73.980996
A..N09R,495,40.687048,-73.981034
A..N09R,496,40.687060,-73.981072
A..N09R,497,40.687073,-73.981110
A..N09R,498,40.687086,-73.981149
A..N09R,499,40.687100,-73.981188
A..N09R,500,40.687114,-73.981227
A..N09R,501,40.687129,-73.981266
A..N09R,502,40.687144,-73.981306
A..N09R,503,40.687350,-73.981883
A..N09R,504,40.687376,-73.981953
A..N09R,505,40.687403,-73.982022
A..N09R,506,40.687429,-73.982091
A..N09R,507,40.687455,-73.982160
A..N09R,508,40.687480,-73.982229
A..N09R,509,40.687505,-73.982299
A..N09R,510,40.687531,-73.982368
A..N09R,511,40.687555,-73.982438
A..N09R,512,40.687580,-73.982508
A..N09R,513,40.687604,-73.982578
A..N09R,514,40.687629,-73.982648
A..N09R,515,40.687653,-73.982718
A..N09R,516,40.687676,-73.982789
A..N09R,517,40.687700,-73.982859
A..N09R,518,40.687723,-73.982930
A..N09R,519,40.687747,-73.983005
A..N09R,520,40.687771,-73.983080
A..N09R,521,40.687795,-73.983155
A..N09R,522,40.687820,-73.983229
A..N09R,523,40.687845,-73.983304
A..N09R,524,40.687870,-73.983379
A..N09R,525,40.687896,-73.983454
A..N09R,526,40.687922,-73.983528
A..N09R,527,40.687948,-73.983603
A..N09R,528,40.687975,-73.983678
A..N09R,529,40.688002,-73.983752
A..N09R,530,40.688029,-73.983827
A..N09R,531,40.688056,-73.983901
A..N09R,532,40.688084,-73.983976
A..N09R,533,40.688112,-73.984050
A..N09R,534,40.688484,-73.985001
A..N09R,535,40.689409,-73.987376
A..N09R,536,40.689472,-73.987486
A..N09R,537,40.689540,-73.987586
A..N09R,538,40.689610,-73.987672
A..N09R,539,40.689684,-73.987747
A..N09R,540,40.689761,-73.987809
A..N09R,541,40.689841,-73.987858
A..N09R,542,40.689924,-73.987895
A..N09R,543,40.690011,-73.987920
A..N09R,544,40.690100,-73.987932
A..N09R,545,40.690192,-73.987931
A..N09R,546,40.690288,-73.987918
A..N09R,547,40.690387,-73.987892
A..N09R,548,40.690489,-73.987854
A..N09R,549,40.690594,-73.987803
A..N09R,550,40.690701,-73.987738
A..N09R,551,40.690945,-73.987582
A..N09R,552,40.690993,-73.987556
A..N09R,553,40.691041,-73.987532
A..N09R,554,40.691089,-73.987509
A..N09R,555,40.691138,-73.987488
A..N09R,556,40.691187,-73.987469
A..N09R,557,40.691236,-73.987452
A..N09R,558,40.691286,-73.987437
A..N09R,559,40.691336,-73.987423
A..N09R,560,40.691386,-73.987412
A..N09R,561,40.691437,-73.987402
A..N09R,562,40.691488,-73.987394
A..N09R,563,40.691539,-73.987387
A..N09R,564,40.691591,-73.987383
A..N09R,565,40.691643,-73.987380
A..N09R,566,40.691695,-73.987379
A..N09R,567,40.692332,-73.987343
A..N09R,568,40.692338,-73.987342
A..N09R,569,40.692346,-73.987343
A..N09R,570,40.693682,-73.987277
A..N09R,571,40.693715,-73.987276
A..N09R,572,40.693748,-73.987273
A..N09R,573,40.693782,-73.987271
A..N09R,574,40.693816,-73.987268
A..N09R,575,40.693850,-73.987265
A..N09R,576,40.693884,-73.987262
A..N09R,577,40.693919,-73.987259
A..N09R,578,40.693953,-73.987255
A..N09R,579,40.693988,-73.987252
A..N09R,580,40.694024,-73.987248
A..N09R,581,40.694059,-73.987244
A..N09R,582,40.694095,-73.987240
A..N09R,583,40.694131,-73.987235
A..N09R,584,40.694167,-73.987231
A..N09R,585,40.694204,-73.987226
A..N09R,586,40.694334,-73.987211
A..N09R,587,40.694364,-73.987206
A..N09R,588,40.694394,-73.987202
A..N09R,589,40.694424,-73.987198
A..N09R,590,40.694455,-73.987194
A..N09R,591,40.694487,-73.987191
A..N09R,592,40.694519,-73.987187
A..N09R,593,40.694551,-73.987184
A..N09R,594,40.694585,-73.987182
A..N09R,595,40.694618,-73.987179
A..N09R,596,40.694652,-73.987177
A..N09R,597,40.694687,-73.987175
A..N09R,598,40.694722,-73.987173
A..N09R,599,40.694758,-73.987172
A..N09R,600,40.694794,-73.987171
A..N09R,601,40.694832,-73.987170
A..N09R,602,40.697395,-73.987036
A..N09R,603,40.697629,-73.987053
A..N09R,604,40.697848,-73.987090
A..N09R,605,40.698052,-73.987146
A..N09R,606,40.698240,-73.987221
A..N09R,607,40.698413,-73.987316
A..N09R,608,40.698570,-73.987429
A..N09R,609,40.698713,-73.987562
A..N09R,610,40.698840,-73.987713
A..N09R,611,40.698951,-73.987884
A..N09R,612,40.699047,-73.988074
A..N09R,613,40.699128,-73.988283
A..N09R,614,40.699194,-73.988511
A..N09R,615,40.699244,-73.988758
A..N09R,616,40.699279,-73.989025
A..N09R,617,40.699300,-73.989309
A..N09R,618,40.699337,-73.990531
A..N09R,619,40.699368,-73.991305
A..N09R,620,40.699375,-73.991423
A..N09R,621,40.699382,-73.991539
A..N09R,622,40.699391,-73.991654
A..N09R,623,40.699402,-73.991768
A..N09R,624,40.699414,-73.991880
A..N09R,625,40.699428,-73.991991
A..N09R,626,40.699444,-73.992101
A..N09R,627,40.699461,-73.992209
A..N09R,628,40.699480,-73.992316
A..N09R,629,40.699500,-73.992422
A..N09R,630,40.699523,-73.992527
A..N09R,631,40.699546,-73.992630
A..N09R,632,40.699572,-73.992732
A..N09R,633,40.699599,-73.992833
A..N09R,634,40.699629,-73.992931
A..N09R,635,40.700539,-73.996206
A..N09R,636,40.700676,-73.996623
A..N09R,637,40.700823,-73.997030
A..N09R,638,40.700978,-73.997422
A..N09R,639,40.701141,-73.997800
A..N09R,640,40.701312,-73.998162
A..N09R,641,40.701491,-73.998509
A..N09R,642,40.701679,-73.998841
A..N09R,643,40.701875,-73.999159
A..N09R,644,40.702079,-73.999461
A..N09R,645,40.702291,-73.999749
A..N09R,646,40.702511,-74.000021
A..N09R,647,40.702740,-74.000279
A..N09R,648,40.702976,-74.000522
A..N09R,649,40.703221,-74.000749
A..N09R,650,40.703473,-74.000966
A..N09R,651,40.708461,-74.004845
A..N09R,652,40.708525,-74.004894
A..N09R,653,40.708589,-74.004947
A..N09R,654,40.708651,-74.005002
A..N09R,655,40.708712,-74.005061
A..N09R,656,40.708771,-74.005122
A..N09R,657,40.708830,-74.005187
A..N09R,658,40.708886,-74.005254
A..N09R,659,40.708941,-74.005325
A..N09R,660,40.708995,-74.005398
A..N09R,661,40.709048,-74.005475
A..N09R,662,40.709099,-74.005554
A..N09R,663,40.709148,-74.005637
A..N09R,664,40.709197,-74.005722
A..N09R,665,40.709244,-74.005811
A..N09R,666,40.709287,-74.005900
A..N09R,667,40.710197,-74.007691
A..N09R,668,40.711226,-74.009737
A..N09R,669,40.711291,-74.009837
A..N09R,670,40.711358,-74.009924
A..N09R,671,40.711427,-74.009999
A..N09R,672,40.711498,-74.010062
A..N09R,673,40.711571,-74.010112
A..N09R,674,40.711645,-74.010149
A..N09R,675,40.711722,-74.010174
A..N09R,676,40.711801,-74.010187
A..N09R,677,40.711881,-74.010187
A..N09R,678,40.711963,-74.010175
A..N09R,679,40.712048,-74.010150
A..N09R,680,40.712134,-74.010113
A..N09R,681,40.712222,-74.010063
A..N09R,682,40.712312,-74.010001
A..N09R,683,40.712405,-74.009926
A..N09R,684,40.714111,-74.008585
A..N09R,685,40.718039,-74.005494
A..N09R,686,40.718106,-74.005447
A..N09R,687,40.718174,-74.005404
A..N09R,688,40.718242,-74.005365
A..N09R,689,40.718310,-74.005329
A..N09R,690,40.718379,-74.005297
A..N09R,691,40.718449,-74.005268
A..N09R,692,40.718519,-74.005243
A..N09R,693,40.718589,-74.005222
A..N09R,694,40.718660,-74.005203
A..N09R,695,40.718732,-74.005189
A..N09R,696,40.718804,-74.005178
A..N09R,697,40.718876,-74.005170
A..N09R,698,40.718949,-74.005166
A..N09R,699,40.719022,-74.005164
A..N09R,700,40.719022,-74.005164
A..N09R,701,40.719096,-74.005166
A..N09R,702,40.720785,-74.005230
A..N09R,703,40.720824,-74.005229
A..N09R,704,40.721758,-74.005294
A..N09R,705,40.721824,-74.005299
A..N09R,706,40.721889,-74.005302
A..N09R,707,40.721953,-74.005304
A..N09R,708,40.722016,-74.005304
A..N09R,709,40.722078,-74.005302
A..N09R,710,40.722140,-74.005299
A..N09R,711,40.722201,-74.005293
A..N09R,712,40.722261,-74.005286
A..N09R,713,40.722320,-74.005278
A..N09R,714,40.722379,-74.005267
A..N09R,715,40.722436,-74.005255
A..N09R,716,40.722493,-74.005241
A..N09R,717,40.722549,-74.005225
A..N09R,718,40.722605,-74.005208
A..N09R,719,40.722659,-74.005189
A..N09R,720,40.726227,-74.003739
A..N09R,721,40.728583,-74.002720
A..N09R,722,40.728621,-74.002705
A..N09R,723,40.728661,-74.002689
A..N09R,724,40.728702,-74.002673
A..N09R,725,40.728744,-74.002655
A..N09R,726,40.728787,-74.002637
A..N09R,727,40.728831,-74.002617
A..N09R,728,40.728876,-74.002597
A..N09R,729,40.728922,-74.002575
A..N09R,730,40.728970,-74.002552
A..N09R,731,40.729019,-74.002529
A..N09R,732,40.729068,-74.002504
A..N09R,733,40.729119,-74.002478
A..N09R,734,40.729171,-74.002452
A..N09R,735,40.729225,-74.002424
A..N09R,736,40.729279,-74.002395
A..N09R,737,40.730820,-74.001552
A..N09R,738,40.730845,-74.001539
A..N09R,739,40.730871,-74.001525
A..N09R,740,40.730897,-74.001511
A..N09R,741,40.730922,-74.001497
A..N09R,742,40.730948,-74.001482
A..N09R,743,40.730975,-74.001467
A..N09R,744,40.731001,-74.001451
A..N09R,745,40.731027,-74.001435
A..N09R,746,40.731054,-74.001419
A..N09R,747,40.731080,-74.001402
A..N09R,748,40.731107,-74.001385
A..N09R,749,40.731134,-74.001367
A..N09R,750,40.731161,-74.001349
A..N09R,751,40.731189,-74.001331
A..N09R,752,40.731216,-74.001312
A..N09R,753,40.732312,-74.000515
A..N09R,754,40.732338,-74.000495
A..N09R,755,40.732362,-74.000477
A..N09R,756,40.733324,-73.999777
A..N09R,757,40.733391,-73.999736
A..N09R,758,40.733459,-73.999702
A..N09R,759,40.733527,-73.999674
A..N09R,760,40.733596,-73.999652
A..N09R,761,40.733666,-73.999636
A..N09R,762,40.733736,-73.999626
A..N09R,763,40.733807,-73.999621
A..N09R,764,40.733878,-73.999622
A..N09R,765,40.733949,-73.999629
A..N09R,766,40.734021,-73.999642
A..N09R,767,40.734094,-73.999660
A..N09R,768,40.734167,-73.999685
A..N09R,769,40.734240,-73.999715
A..N09R,770,40.734314,-73.999750
A..N09R,771,40.734389,-73.999792
A..N09R,772,40.738807,-74.002433
A..N09R,773,40.738885,-74.002477
A..N09R,774,40.738964,-74.002514
A..N09R,775,40.739043,-74.002544
A..N09R,776,40.739121,-74.002567
A..N09R,777,40.739200,-74.002583
A..N09R,778,40.739278,-74.002592
A..N09R,779,40.739356,-74.002594
A..N09R,780,40.739434,-74.002590
A..N09R,781,40.739512,-74.002578
A..N09R,782,40.739589,-74.002560
A..N09R,783,40.739666,-74.002535
A..N09R,784,40.739744,-74.002502
A..N09R,785,40.739821,-74.002463
A..N09R,786,40.739897,-74.002417
A..N09R,787,40.739974,-74.002363
A..N09R,788,40.740893,-74.001690
A..N09R,789,40.745906,-73.998041
A..N09R,790,40.752287,-73.993391
A..N09R,791,40.757308,-73.989735
A..N09R,792,40.762456,-73.985984
A..N09R,793,40.763365,-73.985322
A..N09R,794,40.764986,-73.984138
A..N09R,795,40.768296,-73.981736
A..N09R,796,40.775594,-73.976410
A..N09R,797,40.781433,-73.972143
A..N09R,798,40.785868,-73.968916
A..N09R,799,40.791642,-73.964696
A..N09R,800,40.796092,-73.961454
A..N09R,801,40.800603,-73.958161
A..N09R,802,40.805085,-73.954882
A..N09R,803,40.807267,-73.953288
A..N09R,804,40.807330,-73.953236
A..N09R,805,40.807392,-73.953190
A..N09R,806,40.807455,-73.953148
A..N09R,807,40.807519,-73.953110
A..N09R,808,40.807583,-73.953075
A..N09R,809,40.807647,-73.953045
A..N09R,810,40.807711,-73.953018
A..N09R,811,40.807777,-73.952995
A..N09R,812,40.807842,-73.952976
A..N09R,813,40.807908,-73.952961
A..N09R,814,40.807975,-73.952950
A..N09R,815,40.808042,-73.952942
A..N09R,816,40.808109,-73.952939
A..N09R,817,40.808177,-73.952939
A..N09R,818,40.808245,-73.952941
A..N09R,819,40.809638,-73.953030
A..N09R,820,40.809699,-73.953033
A..N09R,821,40.809757,-73.953034
A..N09R,822,40.809815,-73.953033
A..N09R,823,40.809872,-73.953030
A..N09R,824,40.809927,-73.953025
A..N09R,825,40.809981,-73.953017
A..N09R,826,40.810035,-73.953007
A..N09R,827,40.810087,-73.952995
A..N09R,828,40.810138,-73.952980
A..N09R,829,40.810188,-73.952963
A..N09R,830,40.810237,-73.952943
A..N09R,831,40.810285,-73.952922
A..N09R,832,40.810332,-73.952898
A..N09R,833,40.810377,-73.952872
A..N09R,834,40.810422,-73.952842
A..N09R,835,40.811109,-73.952343
A..N09R,836,40.811167,-73.952300
A..N09R,837,40.811223,-73.952256
A..N09R,838,40.811279,-73.952210
A..N09R,839,40.811335,-73.952164
A..N09R,840,40.811390,-73.952117
A..N09R,841,40.811445,-73.952068
A..N09R,842,40.811500,-73.952019
A..N09R,843,40.811554,-73.951969
A..N09R,844,40.811608,-73.951917
A..N09R,845,40.811661,-73.951865
A..N09R,846,40.811714,-73.951811
A..N09R,847,40.811767,-73.951757
A..N09R,848,40.811819,-73.951701
A..N09R,849,40.811871,-73.951645
A..N09R,850,40.811923,-73.951586
A..N09R,851,40.812906,-73.950604
A..N09R,852,40.812938,-73.950568
A..N09R,853,40.812971,-73.950533
A..N09R,854,40.813004,-73.950498
A..N09R,855,40.813038,-73.950464
A..N09R,856,40.813073,-73.950430
A..N09R,857,40.813109,-73.950397
A..N09R,858,40.813145,-73.950363
A..N09R,859,40.813181,-73.950331
A..N09R,860,40.813219,-73.950298
A..N09R,861,40.813257,-73.950266
A..N09R,862,40.813296,-73.950234
A..N09R,863,40.813335,-73.950203
A..N09R,864,40.813376,-73.950172
A..N09R,865,40.813416,-73.950141
A..N09R,866,40.813459,-73.950112
A..N09R,867,40.814704,-73.949202
A..N09R,868,40.814741,-73.949174
A..N09R,869,40.814778,-73.949147
A..N09R,870,40.814815,-73.949121
A..N09R,871,40.814853,-73.949095
A..N09R,872,40.814892,-73.949070
A..N09R,873,40.814930,-73.949046
A..N09R,874,40.814969,-73.949023
A..N09R,875,40.815009,-73.949000
A..N09R,876,40.815049,-73.948977
A..N09R,877,40.815089,-73.948956
A..N09R,878,40.815130,-73.948935
A..N09R,879,40.815171,-73.948914
A..N09R,880,40.815212,-73.948895
A..N09R,881,40.815254,-73.948875
A..N09R,882,40.815297,-73.948857
A..N09R,883,40.817894,-73.947649
A..N09R,884,40.823696,-73.944947
A..N09R,885,40.823739,-73.944926
A..N09R,886,40.823781,-73.944904
A..N09R,887,40.823822,-73.944882
A..N09R,888,40.823862,-73.944860
A..N09R,889,40.823902,-73.944837
A..N09R,890,40.823941,-73.944814
A..N09R,891,40.823980,-73.944791
A..N09R,892,40.824018,-73.944767
A..N09R,893,40.824055,-73.944743
A..N09R,894,40.824092,-73.944719
A..N09R,895,40.824127,-73.944694
A..N09R,896,40.824163,-73.944669
A..N09R,897,40.824197,-73.944643
A..N09R,898,40.824231,-73.944617
A..N09R,899,40.824264,-73.944591
A..N09R,900,40.824783,-73.944216
A..N09R,901,40.824882,-73.944148
A..N09R,902,40.825903,-73.943403
A..N09R,903,40.825938,-73.943379
A..N09R,904,40.825975,-73.943355
A..N09R,905,40.826012,-73.943333
A..N09R,906,40.826049,-73.943311
A..N09R,907,40.826087,-73.943289
A..N09R,908,40.826125,-73.943269
A..N09R,909,40.826164,-73.943249
A..N09R,910,40.826202,-73.943229
A..N09R,911,40.826242,-73.943211
A..N09R,912,40.826281,-73.943193
A..N09R,913,40.826321,-73.943176
A..N09R,914,40.826362,-73.943159
A..N09R,915,40.826402,-73.943144
A..N09R,916,40.826444,-73.943128
A..N09R,917,40.826486,-73.943113
A..N09R,918,40.830518,-73.941514
A..N09R,919,40.832909,-73.940709
A..N09R,920,40.832940,-73.940700
A..N09R,921,40.832971,-73.940690
A..N09R,922,40.833003,-73.940680
A..N09R,923,40.833035,-73.940670
A..N09R,924,40.833067,-73.940659
A..N09R,925,40.833100,-73.940648
A..N09R,926,40.833133,-73.940637
A..N09R,927,40.833166,-73.940625
A..N09R,928,40.833199,-73.940613
A..N09R,929,40.833233,-73.940600
A..N09R,930,40.833266,-73.940587
A..N09R,931,40.833301,-73.940574
A..N09R,932,40.833335,-73.940560
A..N09R,933,40.833370,-73.940546
A..N09R,934,40.833405,-73.940532
A..N09R,935,40.834797,-73.939915
A..N09R,936,40.834840,-73.939896
A..N09R,937,40.834883,-73.939880
A..N09R,938,40.834926,-73.939866
A..N09R,939,40.834970,-73.939853
A..N09R,940,40.835014,-73.939841
A..N09R,941,40.835059,-73.939832
A..N09R,942,40.835104,-73.939823
A..N09R,943,40.835150,-73.939817
A..N09R,944,40.835196,-73.939812
A..N09R,945,40.835242,-73.939809
A..N09R,946,40.835289,-73.939807
A..N09R,947,40.835337,-73.939807
A..N09R,948,40.835385,-73.939808
A..N09R,949,40.835433,-73.939811
A..N09R,950,40.835482,-73.939817
A..N09R,951,40.836013,-73.939892
A..N09R,952,40.836920,-73.940033
A..N09R,953,40.836954,-73.940037
A..N09R,954,40.836987,-73.940042
A..N09R,955,40.837021,-73.940046
A..N09R,956,40.837054,-73.940049
A..N09R,957,40.837087,-73.940052
A..N09R,958,40.837121,-73.940054
A..N09R,959,40.837154,-73.940055
A..N09R,960,40.837188,-73.940056
A..N09R,961,40.837221,-73.940057
A..N09R,962,40.837254,-73.940057
A..N09R,963,40.837288,-73.940056
A..N09R,964,40.837321,-73.940055
A..N09R,965,40.837354,-73.940053
A..N09R,966,40.837388,-73.940050
A..N09R,967,40.837421,-73.940047
A..N09R,968,40.839251,-73.939881
A..N09R,969,40.839308,-73.939876
A..N09R,970,40.839366,-73.939871
A..N09R,971,40.839423,-73.939865
A..N09R,972,40.839480,-73.939858
A..N09R,973,40.839537,-73.939851
A..N09R,974,40.839593,-73.939843
A..N09R,975,40.839649,-73.939834
A..N09R,976,40.839705,-73.939824
A..N09R,977,40.839760,-73.939814
A..N09R,978,40.839815,-73.939802
A..N09R,979,40.839869,-73.939790
A..N09R,980,40.839923,-73.939778
A..N09R,981,40.839977,-73.939764
A..N09R,982,40.840030,-73.939750
A..N09R,983,40.840083,-73.939735
A..N09R,984,40.840719,-73.939561
A..N09R,985,40.841395,-73.939390
A..N09R,986,40.841452,-73.939376
A..N09R,987,40.841509,-73.939363
A..N09R,988,40.841567,-73.939350
A..N09R,989,40.841625,-73.939338
A..N09R,990,40.841684,-73.939327
A..N09R,991,40.841744,-73.939317
A..N09R,992,40.841804,-73.939307
A..N09R,993,40.841864,-73.939299
A..N09R,994,40.841926,-73.939291
A..N09R,995,40.841987,-73.939284
A..N09R,996,40.842050,-73.939277
A..N09R,997,40.842113,-73.939271
A..N09R,998,40.842176,-73.939267
A..N09R,999,40.842240,-73.939262
A..N09R,1000,40.842305,-73.939259
A..N09R,1001,40.842713,-73.939202
A..N09R,1002,40.842768,-73.939196
A..N09R,1003,40.842825,-73.939189
A..N09R,1004,40.842882,-73.939181
A..N09R,1005,40.842941,-73.939173
A..N09R,1006,40.843000,-73.939163
A..N09R,1007,40.843061,-73.939152
A..N09R,1008,40.843124,-73.939141
A..N09R,1009,40.843187,-73.939129
A..N09R,1010,40.843251,-73.939115
A..N09R,1011,40.843317,-73.939101
A..N09R,1012,40.843384,-73.939086
A..N09R,1013,40.843451,-73.939070
A..N09R,1014,40.843520,-73.939053
A..N09R,1015,40.843591,-73.939036
A..N09R,1016,40.843662,-73.939017
A..N09R,1017,40.844266,-73.938886
A..N09R,1018,40.844340,-73.938885
A..N09R,1019,40.844412,-73.938890
A..N09R,1020,40.844484,-73.938900
A..N09R,1021,40.844554,-73.938916
A..N09R,1022,40.844623,-73.938937
A..N09R,1023,40.844692,-73.938964
A..N09R,1024,40.844760,-73.938996
A..N09R,1025,40.844826,-73.939033
A..N09R,1026,40.844892,-73.939076
A..N09R,1027,40.844957,-73.939125
A..N09R,1028,40.845021,-73.939178
A..N09R,1029,40.845084,-73.939238
A..N09R,1030,40.845146,-73.939302
A..N09R,1031,40.845208,-73.939372
A..N09R,1032,40.845268,-73.939448
A..N09R,1033,40.845466,-73.939709
A..N09R,1034,40.845523,-73.939776
A..N09R,1035,40.845583,-73.939837
A..N09R,1036,40.845644,-73.939892
A..N09R,1037,40.845707,-73.939940
A..N09R,1038,40.845773,-73.939982
A..N09R,1039,40.845840,-73.940017
A..N09R,1040,40.845910,-73.940047
A..N09R,1041,40.845981,-73.940070
A..N09R,1042,40.846054,-73.940086
A..N09R,1043,40.846130,-73.940097
A..N09R,1044,40.846208,-73.940101
A..N09R,1045,40.846287,-73.940099
A..N09R,1046,40.846369,-73.940090
A..N09R,1047,40.846452,-73.940075
A..N09R,1048,40.846536,-73.940053
A..N09R,1049,40.847391,-73.939704
A..N09R,1050,40.851695,-73.937969
A..N09R,1051,40.855112,-73.936887
A..N09R,1052,40.855168,-73.936867
A..N09R,1053,40.855225,-73.936848
A..N09R,1054,40.855281,-73.936827
A..N09R,1055,40.855336,-73.936806
A..N09R,1056,40.855390,-73.936783
A..N09R,1057,40.855444,-73.936760
A..N09R,1058,40.855497,-73.936736
A..N09R,1059,40.855549,-73.936710
A..N09R,1060,40.855600,-73.936684
A..N09R,1061,40.855651,-73.936656
A..N09R,1062,40.855701,-73.936628
A..N09R,1063,40.855750,-73.936599
A..N09R,1064,40.855798,-73.936569
A..N09R,1065,40.855845,-73.936537
A..N09R,1066,40.855893,-73.936503
A..N09R,1067,40.859022,-73.934180
A..N09R,1068,40.863314,-73.930852
A..N09R,1069,40.863360,-73.930814
A..N09R,1070,40.863405,-73.930776
A..N09R,1071,40.863450,-73.930735
A..N09R,1072,40.863494,-73.930694
A..N09R,1073,40.863537,-73.930650
A..N09R,1074,40.863580,-73.930605
A..N09R,1075,40.863623,-73.930558
A..N09R,1076,40.863665,-73.930510
A..N09R,1077,40.863707,-73.930459
A..N09R,1078,40.863748,-73.930407
A..N09R,1079,40.863788,-73.930354
A..N09R,1080,40.863828,-73.930299
A..N09R,1081,40.863868,-73.930242
A..N09R,1082,40.863907,-73.930183
A..N09R,1083,40.863946,-73.930123
A..N09R,1084,40.864789,-73.928643
A..N09R,1085,40.865077,-73.928091
A..N09R,1086,40.865109,-73.928031
A..N09R,1087,40.865141,-73.927971
A..N09R,1088,40.865172,-73.927913
A..N09R,1089,40.865202,-73.927855
A..N09R,1090,40.865232,-73.927798
A..N09R,1091,40.865261,-73.927742
A..N09R,1092,40.865289,-73.927686
A..N09R,1093,40.865317,-73.927632
A..N09R,1094,40.865344,-73.927578
A..N09R,1095,40.865370,-73.927525
A..N09R,1096,40.865395,-73.927472
A..N09R,1097,40.865420,-73.927421
A..N09R,1098,40.865445,-73.927370
A..N09R,1099,40.865468,-73.927320
A..N09R,1100,40.865491,-73.927271
A..N09R,1101,40.865518,-73.927208
A..N09R,1102,40.865545,-73.927145
A..N09R,1103,40.865572,-73.927080
A..N09R,1104,40.865599,-73.927016
A..N09R,1105,40.865625,-73.926951
A..N09R,1106,40.865652,-73.926885
A..N09R,1107,40.865678,-73.926818
A..N09R,1108,40.865704,-73.926751
A..N09R,1109,40.865730,-73.926684
A..N09R,1110,40.865756,-73.926616
A..N09R,1111,40.865782,-73.926547
A..N09R,1112,40.865808,-73.926478
A..N09R,1113,40.865833,-73.926408
A..N09R,1114,40.865859,-73.926338
A..N09R,1115,40.865884,-73.926267
A..N09R,1116,40.867635,-73.921380
A..N09R,1117,40.867652,-73.921333
A..N09R,1118,40.867669,-73.921286
A..N09R,1119,40.867685,-73.921240
A..N09R,1120,40.867701,-73.921193
A..N09R,1121,40.867717,-73.921147
A..N09R,1122,40.867732,-73.921101
A..N09R,1123,40.867747,-73.921056
A..N09R,1124,40.867762,-73.921010
A..N09R,1125,40.867777,-73.920965
A..N09R,1126,40.867791,-73.920920
A..N09R,1127,40.867806,-73.920875
A..N09R,1128,40.867819,-73.920831
A..N09R,1129,40.867833,-73.920786
A..N09R,1130,40.867846,-73.920742
A..N09R,1131,40.867859,-73.920698
A..N09R,1132,40.868072,-73.919899
A..N65R,0,40.580903,-73.835592
A..N65R,1,40.581351,-73.833990
A..N65R,2,40.581356,-73.833970
A..N65R,3,40.581362,-73.833951
A..N65R,4,40.581367,-73.833931
A..N65R,5,40.581372,-73.833911
A..N65R,6,40.581377,-73.833891
A..N65R,7,40.581382,-73.833870
A..N65R,8,40.581387,-73.833850
A..N65R,9,40.581392,-73.833830
A..N65R,10,40.581397,-73.833809
A..N65R,11,40.581402,-73.833789
A..N65R,12,40.581407,-73.833768
A..N65R,13,40.581412,-73.833747
A..N65R,14,40.581417,-73.833726
A..N65R,15,40.581421,-73.833705
A..N65R,16,40.581426,-73.833684
A..N65R,17,40.581463,-73.833511
A..N65R,18,40.581467,-73.833494
A..N65R,19,40.581470,-73.833476
A..N65R,20,40.581474,-73.833458
A..N65R,21,40.581478,-73.833441
A..N65R,22,40.581482,-73.833423
A..N65R,23,40.581487,-73.833406
A..N65R,24,40.581491,-73.833388
A..N65R,25,40.581495,-73.833370
A..N65R,26,40.581500,-73.833352
A..N65R,27,40.581504,-73.833335
A..N65R,28,40.581509,-73.833317
A..N65R,29,40.581514,-73.833299
A..N65R,30,40.581519,-73.833281
A..N65R,31,40.581524,-73.833263
A..N65R,32,40.581529,-73.833245
A..N65R,33,40.582272,-73.830580
A..N65R,34,40.582287,-73.830528
A..N65R,35,40.582302,-73.830477
A..N65R,36,40.582317,-73.830425
A..N65R,37,40.582332,-73.830374
A..N65R,38,40.582347,-73.830323
A..N65R,39,40.582362,-73.830271
A..N65R,40,40.582378,-73.830220
A..N65R,41,40.582394,-73.830170
A..N65R,42,40.582410,-73.830119
A..N65R,43,40.582426,-73.830068
A..N65R,44,40.582442,-73.830018
A..N65R,45,40.582459,-73.829967
A..N65R,46,40.582475,-73.829917
A..N65R,47,40.582492,-73.829867
A..N65R,48,40.582509,-73.829817
A..N65R,49,40.582622,-73.829499
A..N65R,50,40.582642,-73.829444
A..N65R,51,40.582662,-73.829390
A..N65R,52,40.582681,-73.829336
A..N65R,53,40.582699,-73.829283
A..N65R,54,40.582718,-73.829230
A..N65R,55,40.582735,-73.829178
A..N65R,56,40.582753,-73.829126
A..N65R,57,40.582769,-73.829074
A..N65R,58,40.582786,-73.829024
A..N65R,59,40.582802,-73.828973
A..N65R,60,40.582817,-73.828923
A..N65R,61,40.582832,-73.828874
A..N65R,62,40.582846,-73.828825
A..N65R,63,40.582860,-73.828777
A..N65R,64,40.582874,-73.828730
A..N65R,65,40.583209,-73.827559
A..N65R,66,40.584540,-73.822788
A..N65R,67,40.584572,-73.822680
A..N65R,68,40.584604,-73.822574
A..N65R,69,40.584635,-73.822469
A..N65R,70,40.584667,-73.822366
A..N65R,71,40.584699,-73.822265
A..N65R,72,40.584731,-73.822164
A..N65R,73,40.584762,-73.822066
A..N65R,74,40.584794,-73.821969
A..N65R,75,40.584825,-73.821873
A..N65R,76,40.584857,-73.821779
A..N65R,77,40.584888,-73.821686
A..N65R,78,40.584920,-73.821595
A..N65R,79,40.584951,-73.821506
A..N65R,80,40.584983,-73.821418
A..N65R,81,40.585014,-73.821330
A..N65R,82,40.585307,-73.820558
A..N65R,83,40.588034,-73.813641
A..N65R,84,40.588627,-73.812143
A..N65R,85,40.588685,-73.812007
A..N65R,86,40.588745,-73.811874
A..N65R,87,40.588807,-73.811744
A..N65R,88,40.588871,-73.811617
A..N65R,89,40.588938,-73.811492
A..N65R,90,40.589008,-73.811371
A..N65R,91,40.589079,-73.811252
A..N65R,92,40.589153,-73.811135
A..N65R,93,40.589230,-73.811021
A..N65R,94,40.589309,-73.810910
A..N65R,95,40.589390,-73.810802
A..N65R,96,40.589474,-73.810697
A..N65R,97,40.589560,-73.810594
A..N65R,98,40.589649,-73.810493
A..N65R,99,40.589741,-73.810395
A..N65R,100,40.589962,-73.810192
A..N65R,101,40.590184,-73.810006
A..N65R,102,40.590407,-73.809841
A..N65R,103,40.590630,-73.809695
A..N65R,104,40.590854,-73.809570
A..N65R,105,40.591079,-73.809464
A..N65R,106,40.591304,-73.809379
A..N65R,107,40.591530,-73.809314
A..N65R,108,40.591756,-73.809269
A..N65R,109,40.591984,-73.809244
A..N65R,110,40.592211,-73.809239
A..N65R,111,40.592440,-73.809254
A..N65R,112,40.592668,-73.809290
A..N65R,113,40.592898,-73.809345
A..N65R,114,40.593127,-73.809421
A..N65R,115,40.607677,-73.815653
A..N65R,116,40.607698,-73.815661
A..N65R,117,40.607719,-73.815670
A..N65R,118,40.607740,-73.815678
A..N65R,119,40.607760,-73.815687
A..N65R,120,40.607781,-73.815696
A..N65R,121,40.607801,-73.815704
A..N65R,122,40.607822,-73.815713
A..N65R,123,40.607842,-73.815721
A..N65R,124,40.607862,-73.815730
A..N65R,125,40.607883,-73.815738
A..N65R,126,40.607903,-73.815746
A..N65R,127,40.607923,-73.815754
A..N65R,128,40.607942,-73.815762
A..N65R,129,40.607962,-73.815770
A..N65R,130,40.607982,-73.815778
A..N65R,131,40.608060,-73.815808
A..N65R,132,40.608140,-73.815838
A..N65R,133,40.608220,-73.815867
A..N65R,134,40.608300,-73.815896
A..N65R,135,40.608382,-73.815925
A..N65R,136,40.608465,-73.815954
A..N65R,137,40.608548,-73.815982
A..N65R,138,40.608632,-73.816010
A..N65R,139,40.608717,-73.816038
A..N65R,140,40.608803,-73.816065
A..N65R,141,40.608890,-73.816092
A..N65R,142,40.608977,-73.816119
A..N65R,143,40.609066,-73.816145
A..N65R,144,40.609155,-73.816171
A..N65R,145,40.609245,-73.816197
A..N65R,146,40.656136,-73.828420
A..N65R,147,40.656261,-73.828456
A..N65R,148,40.656385,-73.828493
A..N65R,149,40.656508,-73.828531
A..N65R,150,40.656629,-73.828571
A..N65R,151,40.656750,-73.828611
A..N65R,152,40.656870,-73.828652
A..N65R,153,40.656988,-73.828694
A..N65R,154,40.657106,-73.828737
A..N65R,155,40.657222,-73.828780
A..N65R,156,40.657337,-73.828825
A..N65R,157,40.657451,-73.828870
A..N65R,158,40.657564,-73.828917
A..N65R,159,40.657676,-73.828964
A..N65R,160,40.657787,-73.829012
A..N65R,161,40.657898,-73.829062
A..N65R,162,40.660476,-73.830301
A..N65R,163,40.668234,-73.834058
A..N65R,164,40.672097,-73.835919
A..N65R,165,40.677879,-73.838715
A..N65R,166,40.677921,-73.838734
A..N65R,167,40.677965,-73.838754
A..N65R,168,40.678009,-73.838775
A..N65R,169,40.678055,-73.838797
A..N65R,170,40.678102,-73.838819
A..N65R,171,40.678150,-73.838843
A..N65R,172,40.678199,-73.838867
A..N65R,173,40.678249,-73.838893
A..N65R,174,40.678301,-73.838919
A..N65R,175,40.678353,-73.838946
A..N65R,176,40.678407,-73.838974
A..N65R,177,40.678461,-73.839003
A..N65R,178,40.678517,-73.839033
A..N65R,179,40.678574,-73.839063
A..N65R,180,40.678632,-73.839095
A..N65R,181,40.680272,-73.840071
A..N65R,182,40.680367,-73.840138
A..N65R,183,40.680455,-73.840210
A..N65R,184,40.680534,-73.840289
A..N65R,185,40.680605,-73.840373
A..N65R,186,40.680667,-73.840463
A..N65R,187,40.680722,-73.840559
A..N65R,188,40.680768,-73.840661
A..N65R,189,40.680806,-73.840769
A..N65R,190,40.680836,-73.840882
A..N65R,191,40.680857,-73.841001
A..N65R,192,40.680871,-73.841127
A..N65R,193,40.680876,-73.841258
A..N65R,194,40.680873,-73.841395
A..N65R,195,40.680861,-73.841537
A..N65R,196,40.680843,-73.841687
A..N65R,197,40.680429,-73.843853
A..N65R,198,40.680357,-73.844224
A..N65R,199,40.680345,-73.844289
A..N65R,200,40.680333,-73.844356
A..N65R,201,40.680322,-73.844422
A..N65R,202,40.680312,-73.844490
A..N65R,203,40.680302,-73.844557
A..N65R,204,40.680292,-73.844626
A..N65R,205,40.680283,-73.844695
A..N65R,206,40.680275,-73.844765
A..N65R,207,40.680267,-73.844835
A..N65R,208,40.680259,-73.844906
A..N65R,209,40.680252,-73.844978
A..N65R,210,40.680246,-73.845050
A..N65R,211,40.680240,-73.845123
A..N65R,212,40.680234,-73.845197
A..N65R,213,40.680229,-73.845271
A..N65R,214,40.679843,-73.851470
A..N65R,215,40.679371,-73.858992
A..N65R,216,40.679287,-73.860342
A..N65R,217,40.679285,-73.860372
A..N65R,218,40.679283,-73.860402
A..N65R,219,40.679281,-73.860432
A..N65R,220,40.679278,-73.860462
A..N65R,221,40.679275,-73.860492
A..N65R,222,40.679271,-73.860522
A..N65R,223,40.679267,-73.860552
A..N65R,224,40.679263,-73.860582
A..N65R,225,40.679258,-73.860612
A..N65R,226,40.679253,-73.860642
A..N65R,227,40.679248,-73.860673
A..N65R,228,40.679242,-73.860703
A..N65R,229,40.679236,-73.860733
A..N65R,230,40.679230,-73.860764
A..N65R,231,40.679223,-73.860794
A..N65R,232,40.678935,-73.861871
A..N65R,233,40.678912,-73.861947
A..N65R,234,40.678888,-73.862023
A..N65R,235,40.678862,-73.862097
A..N65R,236,40.678836,-73.862171
A..N65R,237,40.678808,-73.862244
A..N65R,238,40.678779,-73.862315
A..N65R,239,40.678749,-73.862386
A..N65R,240,40.678718,-73.862456
A..N65R,241,40.678686,-73.862525
A..N65R,242,40.678653,-73.862592
A..N65R,243,40.678618,-73.862659
A..N65R,244,40.678583,-73.862725
A..N65R,245,40.678546,-73.862790
A..N65R,246,40.678508,-73.862854
A..N65R,247,40.678469,-73.862917
A..N65R,248,40.677044,-73.865050
A..N65R,249,40.676558,-73.865742
A..N65R,250,40.676522,-73.865795
A..N65R,251,40.676487,-73.865850
A..N65R,252,40.676454,-73.865905
A..N65R,253,40.676422,-73.865961
A..N65R,254,40.676392,-73.866018
A..N65R,255,40.676363,-73.866076
A..N65R,256,40.676335,-73.866134
A..N65R,257,40.676309,-73.866194
A..N65R,258,40.676284,-73.866254
A..N65R,259,40.676261,-73.866316
A..N65R,260,40.676239,-73.866378
A..N65R,261,40.676218,-73.866441
A..N65R,262,40.676199,-73.866505
A..N65R,263,40.676181,-73.866570
A..N65R,264,40.676166,-73.866636
A..N65R,265,40.675377,-73.872106
A..N65R,266,40.674130,-73.880750
A..N65R,267,40.672710,-73.890358
A..N65R,268,40.672196,-73.893830
A..N65R,269,40.672159,-73.894094
A..N65R,270,40.672140,-73.894340
A..N65R,271,40.672138,-73.894572
A..N65R,272,40.672154,-73.894790
A..N65R,273,40.672186,-73.894994
A..N65R,274,40.672236,-73.895184
A..N65R,275,40.672302,-73.895360
A..N65R,276,40.672386,-73.895522
A..N65R,277,40.672487,-73.895671
A..N65R,278,40.672605,-73.895805
A..N65R,279,40.672739,-73.895925
A..N65R,280,40.672891,-73.896032
A..N65R,281,40.673061,-73.896124
A..N65R,282,40.673247,-73.896202
A..N65R,283,40.673448,-73.896264
A..N65R,284,40.674542,-73.896548
A..N65R,285,40.676653,-73.897088
A..N65R,286,40.676834,-73.897162
A..N65R,287,40.677001,-73.897255
A..N65R,288,40.677156,-73.897365
A..N65R,289,40.677299,-73.897492
A..N65R,290,40.677430,-73.897637
A..N65R,291,40.677549,-73.897799
A..N65R,292,40.677657,-73.897979
A..N65R,293,40.677752,-73.898176
A..N65R,294,40.677836,-73.898390
A..N65R,295,40.677908,-73.898621
A..N65R,296,40.677969,-73.898870
A..N65R,297,40.678017,-73.899135
A..N65R,298,40.678054,-73.899419
A..N65R,299,40.678079,-73.899719
A..N65R,300,40.678093,-73.900033
A..N65R,301,40.678112,-73.900444
A..N65R,302,40.678114,-73.900494
A..N65R,303,40.678117,-73.900543
A..N65R,304,40.678120,-73.900593
A..N65R,305,40.678123,-73.900641
A..N65R,306,40.678126,-73.900690
A..N65R,307,40.678130,-73.900738
A..N65R,308,40.678134,-73.900785
A..N65R,309,40.678138,-73.900833
A..N65R,310,40.678142,-73.900879
A..N65R,311,40.678147,-73.900926
A..N65R,312,40.678152,-73.900972
A..N65R,313,40.678157,-73.901017
A..N65R,314,40.678162,-73.901063
A..N65R,315,40.678168,-73.901108
A..N65R,316,40.678174,-73.901152
A..N65R,317,40.678361,-73.902619
A..N65R,318,40.678365,-73.902668
A..N65R,319,40.678369,-73.902717
A..N65R,320,40.678373,-73.902767
A..N65R,321,40.678376,-73.902816
A..N65R,322,40.678379,-73.902866
A..N65R,323,40.678382,-73.902915
A..N65R,324,40.678384,-73.902965
A..N65R,325,40.678386,-73.903015
A..N65R,326,40.678388,-73.903065
A..N65R,327,40.678389,-73.903115
A..N65R,328,40.678390,-73.903165
A..N65R,329,40.678390,-73.903215
A..N65R,330,40.678391,-73.903266
A..N65R,331,40.678390,-73.903316
A..N65R,332,40.678390,-73.903367
A..N65R,333,40.678334,-73.905316
A..N65R,334,40.678227,-73.907997
A..N65R,335,40.678221,-73.908133
A..N65R,336,40.678217,-73.908270
A..N65R,337,40.678213,-73.908405
A..N65R,338,40.678211,-73.908539
A..N65R,339,40.678209,-73.908673
A..N65R,340,40.678207,-73.908805
A..N65R,341,40.678207,-73.908936
A..N65R,342,40.678207,-73.909066
A..N65R,343,40.678208,-73.909195
A..N65R,344,40.678210,-73.909323
A..N65R,345,40.678213,-73.909449
A..N65R,346,40.678216,-73.909575
A..N65R,347,40.678220,-73.909700
A..N65R,348,40.678225,-73.909823
A..N65R,349,40.678231,-73.909946
A..N65R,350,40.678340,-73.911946
A..N65R,351,40.678822,-73.920786
A..N65R,352,40.679364,-73.930729
A..N65R,353,40.679921,-73.940858
A..N65R,354,40.680438,-73.950426
A..N65R,355,40.680543,-73.952338
A..N65R,356,40.680548,-73.952432
A..N65R,357,40.680554,-73.952527
A..N65R,358,40.680561,-73.952624
A..N65R,359,40.680570,-73.952721
A..N65R,360,40.680580,-73.952821
A..N65R,361,40.680591,-73.952921
A..N65R,362,40.680604,-73.953023
A..N65R,363,40.680618,-73.953127
A..N65R,364,40.680634,-73.953232
A..N65R,365,40.680651,-73.953339
A..N65R,366,40.680669,-73.953447
A..N65R,367,40.680689,-73.953556
A..N65R,368,40.680710,-73.953667
A..N65R,369,40.680733,-73.953779
A..N65R,370,40.680757,-73.953893
A..N65R,371,40.681380,-73.956848
A..N65R,372,40.683263,-73.965838
A..N65R,373,40.683595,-73.967430
A..N65R,374,40.683608,-73.967499
A..N65R,375,40.683624,-73.967566
A..N65R,376,40.683640,-73.967634
A..N65R,377,40.683657,-73.967701
A..N65R,378,40.683675,-73.967769
A..N65R,379,40.683694,-73.967837
A..N65R,380,40.683715,-73.967904
A..N65R,381,40.683736,-73.967972
A..N65R,382,40.683758,-73.968039
A..N65R,383,40.683781,-73.968107
A..N65R,384,40.683805,-73.968175
A..N65R,385,40.683830,-73.968242
A..N65R,386,40.683856,-73.968310
A..N65R,387,40.683883,-73.968377
A..N65R,388,40.683911,-73.968445
A..N65R,389,40.686113,-73.973946
A..N65R,390,40.686720,-73.975438
A..N65R,391,40.686754,-73.975530
A..N65R,392,40.686786,-73.975621
A..N65R,393,40.686815,-73.975711
A..N65R,394,40.686842,-73.975803
A..N65R,395,40.686866,-73.975894
A..N65R,396,40.686888,-73.975986
A..N65R,397,40.686907,-73.976078
A..N65R,398,40.686924,-73.976170
A..N65R,399,40.686938,-73.976263
A..N65R,400,40.686950,-73.976356
A..N65R,401,40.686960,-73.976449
A..N65R,402,40.686966,-73.976543
A..N65R,403,40.686971,-73.976637
A..N65R,404,40.686973,-73.976731
A..N65R,405,40.686971,-73.976828
A..N65R,406,40.686762,-73.978621
A..N65R,407,40.686747,-73.978751
A..N65R,408,40.686735,-73.978877
A..N65R,409,40.686726,-73.979002
A..N65R,410,40.686721,-73.979124
A..N65R,411,40.686718,-73.979245
A..N65R,412,40.686718,-73.979363
A..N65R,413,40.686720,-73.979480
A..N65R,414,40.686726,-73.979594
A..N65R,415,40.686735,-73.979706
A..N65R,416,40.686747,-73.979816
A..N65R,417,40.686762,-73.979924
A..N65R,418,40.686779,-73.980030
A..N65R,419,40.686800,-73.980134
A..N65R,420,40.686823,-73.980236
A..N65R,421,40.686851,-73.980336
A..N65R,422,40.686969,-73.980738
A..N65R,423,40.686977,-73.980774
A..N65R,424,40.686986,-73.980810
A..N65R,425,40.686995,-73.980847
A..N65R,426,40.687004,-73.980884
A..N65R,427,40.687014,-73.980921
A..N65R,428,40.687025,-73.980958
A..N65R,429,40.687036,-73.980996
A..N65R,430,40.687048,-73.981034
A..N65R,431,40.687060,-73.981072
A..N65R,432,40.687073,-73.981110
A..N65R,433,40.687086,-73.981149
A..N65R,434,40.687100,-73.981188
A..N65R,435,40.687114,-73.981227
A..N65R,436,40.687129,-73.981266
A..N65R,437,40.687144,-73.981306
A..N65R,438,40.687350,-73.981883
A..N65R,439,40.687376,-73.981953
A..N65R,440,40.687403,-73.982022
A..N65R,441,40.687429,-73.982091
A..N65R,442,40.687455,-73.982160
A..N65R,443,40.687480,-73.982229
A..N65R,444,40.687505,-73.982299
A..N65R,445,40.687531,-73.982368
A..N65R,446,40.687555,-73.982438
A..N65R,447,40.687580,-73.982508
A..N65R,448,40.687604,-73.982578
A..N65R,449,40.687629,-73.982648
A..N65R,450,40.687653,-73.982718
A..N65R,451,40.687676,-73.982789
A..N65R,452,40.687700,-73.982859
A..N65R,453,40.687723,-73.982930
A..N65R,454,40.687747,-73.983005
A..N65R,455,40.687771,-73.983080
A..N65R,456,40.687795,-73.983155
A..N65R,457,40.687820,-73.983229
A..N65R,458,40.687845,-73.983304
A..N65R,459,40.687870,-73.983379
A..N65R,460,40.687896,-73.983454
A..N65R,461,40.687922,-73.983528
A..N65R,462,40.687948,-73.983603
A..N65R,463,40.687975,-73.983678
A..N65R,464,40.688002,-73.983752
A..N65R,465,40.688029,-73.983827
A..N65R,466,40.688056,-73.983901
A..N65R,467,40.688084,-73.983976
A..N65R,468,40.688112,-73.984050
A..N65R,469,40.688484,-73.985001
A..N65R,470,40.689409,-73.987376
A..N65R,471,40.689472,-73.987486
A..N65R,472,40.689540,-73.987586
A..N65R,473,40.689610,-73.987672
A..N65R,474,40.689684,-73.987747
A..N65R,475,40.689761,-73.987809
A..N65R,476,40.689841,-73.987858
A..N65R,477,40.689924,-73.987895
A..N65R,478,40.690011,-73.987920
A..N65R,479,40.690100,-73.987932
A..N65R,480,40.690192,-73.987931
A..N65R,481,40.690288,-73.987918
A..N65R,482,40.690387,-73.987892
A..N65R,483,40.690489,-73.987854
A..N65R,484,40.690594,-73.987803
A..N65R,485,40.690701,-73.987738
A..N65R,486,40.690945,-73.987582
A..N65R,487,40.690993,-73.987556
A..N65R,488,40.691041,-73.987532
A..N65R,489,40.691089,-73.987509
A..N65R,490,40.691138,-73.987488
A..N65R,491,40.691187,-73.987469
A..N65R,492,40.691236,-73.987452
A..N65R,493,40.691286,-73.987437
A..N65R,494,40.691336,-73.987423
A..N65R,495,40.691386,-73.987412
A..N65R,496,40.691437,-73.987402
A..N65R,497,40.691488,-73.987394
A..N65R,498,40.691539,-73.987387
A..N65R,499,40.691591,-73.987383
A..N65R,500,40.691643,-73.987380
A..N65R,501,40.691695,-73.987379
A..N65R,502,40.692332,-73.987343
A..N65R,503,40.692338,-73.987342
A..N65R,504,40.692346,-73.987343
A..N65R,505,40.693682,-73.987277
A..N65R,506,40.693715,-73.987276
A..N65R,507,40.693748,-73.987273
A..N65R,508,40.693782,-73.987271
A..N65R,509,40.693816,-73.987268
A..N65R,510,40.693850,-73.987265
A..N65R,511,40.693884,-73.987262
A..N65R,512,40.693919,-73.987259
A..N65R,513,40.693953,-73.987255
A..N65R,514,40.693988,-73.987252
A..N65R,515,40.694024,-73.987248
A..N65R,516,40.694059,-73.987244
A..N65R,517,40.694095,-73.987240
A..N65R,518,40.694131,-73.987235
A..N65R,519,40.694167,-73.987231
A..N65R,520,40.694204,-73.987226
A..N65R,521,40.694334,-73.987211
A..N65R,522,40.694364,-73.987206
A..N65R,523,40.694394,-73.987202
A..N65R,524,40.694424,-73.987198
A..N65R,525,40.694455,-73.987194
A..N65R,526,40.694487,-73.987191
A..N65R,527,40.694519,-73.987187
A..N65R,528,40.694551,-73.987184
A..N65R,529,40.694585,-73.987182
A..N65R,530,40.694618,-73.987179
A..N65R,531,40.694652,-73.987177
A..N65R,532,40.694687,-73.987175
A..N65R,533,40.694722,-73.987173
A..N65R,534,40.694758,-73.987172
A..N65R,535,40.694794,-73.987171
A..N65R,536,40.694832,-73.987170
A..N65R,537,40.697395,-73.987036
A..N65R,538,40.697629,-73.987053
A..N65R,539,40.697848,-73.987090
A..N65R,540,40.698052,-73.987146
A..N65R,541,40.698240,-73.987221
A..N65R,542,40.698413,-73.987316
A..N65R,543,40.698570,-73.987429
A..N65R,544,40.698713,-73.987562
A..N65R,545,40.698840,-73.987713
A..N65R,546,40.698951,-73.987884
A..N65R,547,40.699047,-73.988074
A..N65R,548,40.699128,-73.988283
A..N65R,549,40.699194,-73.988511
A..N65R,550,40.699244,-73.988758
A..N65R,551,40.699279,-73.989025
A..N65R,552,40.699300,-73.989309
A..N65R,553,40.699337,-73.990531
A..N65R,554,40.699368,-73.991305
A..N65R,555,40.699375,-73.991423
A..N65R,556,40.699382,-73.991539
A..N65R,557,40.699391,-73.991654
A..N65R,558,40.699402,-73.991768
A..N65R,559,40.699414,-73.991880
A..N65R,560,40.699428,-73.991991
A..N65R,561,40.699444,-73.992101
A..N65R,562,40.699461,-73.992209
A..N65R,563,40.699480,-73.992316
A..N65R,564,40.699500,-73.992422
A..N65R,565,40.699523,-73.992527
A..N65R,566,40.699546,-73.992630
A..N65R,567,40.699572,-73.992732
A..N65R,568,40.699599,-73.992833
A..N65R,569,40.699629,-73.992931
A..N65R,570,40.700539,-73.996206
A..N65R,571,40.700676,-73.996623
A..N65R,572,40.700823,-73.997030
A..N65R,573,40.700978,-73.997422
A..N65R,574,40.701141,-73.997800
A..N65R,575,40.701312,-73.998162
A..N65R,576,40.701491,-73.998509
A..N65R,577,40.701679,-73.998841
A..N65R,578,40.701875,-73.999159
A..N65R,579,40.702079,-73.999461
A..N65R,580,40.702291,-73.999749
A..N65R,581,40.702511,-74.000021
A..N65R,582,40.702740,-74.000279
A..N65R,583,40.702976,-74.000522
A..N65R,584,40.703221,-74.000749
A..N65R,585,40.703473,-74.000966
A..N65R,586,40.708461,-74.004845
A..N65R,587,40.708525,-74.004894
A..N65R,588,40.708589,-74.004947
A..N65R,589,40.708651,-74.005002
A..N65R,590,40.708712,-74.005061
A..N65R,591,40.708771,-74.005122
A..N65R,592,40.708830,-74.005187
A..N65R,593,40.708886,-74.005254
A..N65R,594,40.708941,-74.005325
A..N65R,595,40.708995,-74.005398
A..N65R,596,40.709048,-74.005475
A..N65R,597,40.709099,-74.005554
A..N65R,598,40.709148,-74.005637
A..N65R,599,40.709197,-74.005722
A..N65R,600,40.709244,-74.005811
A..N65R,601,40.709287,-74.005900
A..N65R,602,40.710197,-74.007691
A..N65R,603,40.711226,-74.009737
A..N65R,604,40.711291,-74.009837
A..N65R,605,40.711358,-74.009924
A..N65R,606,40.711427,-74.009999
A..N65R,607,40.711498,-74.010062
A..N65R,608,40.711571,-74.010112
A..N65R,609,40.711645,-74.010149
A..N65R,610,40.711722,-74.010174
A..N65R,611,40.711801,-74.010187
A..N65R,612,40.711881,-74.010187
A..N65R,613,40.711963,-74.010175
A..N65R,614,40.712048,-74.010150
A..N65R,615,40.712134,-74.010113
A..N65R,616,40.712222,-74.010063
A..N65R,617,40.712312,-74.010001
A..N65R,618,40.712405,-74.009926
A..N65R,619,40.714111,-74.008585
A..N65R,620,40.718039,-74.005494
A..N65R,621,40.718106,-74.005447
A..N65R,622,40.718174,-74.005404
A..N65R,623,40.718242,-74.005365
A..N65R,624,40.718310,-74.005329
A..N65R,625,40.718379,-74.005297
A..N65R,626,40.718449,-74.005268
A..N65R,627,40.718519,-74.005243
A..N65R,628,40.718589,-74.005222
A..N65R,629,40.718660,-74.005203
A..N65R,630,40.718732,-74.005189
A..N65R,631,40.718804,-74.005178
A..N65R,632,40.718876,-74.005170
A..N65R,633,40.718949,-74.005166
A..N65R,634,40.719022,-74.005164
A..N65R,635,40.719096,-74.005166
A..N65R,636,40.720785,-74.005230
A..N65R,637,40.720824,-74.005229
A..N65R,638,40.721758,-74.005294
A..N65R,639,40.721824,-74.005299
A..N65R,640,40.721889,-74.005302
A..N65R,641,40.721953,-74.005304
A..N65R,642,40.722016,-74.005304
A..N65R,643,40.722078,-74.005302
A..N65R,644,40.722140,-74.005299
A..N65R,645,40.722201,-74.005293
A..N65R,646,40.722261,-74.005286
A..N65R,647,40.722320,-74.005278
A..N65R,648,40.722379,-74.005267
A..N65R,649,40.722436,-74.005255
A..N65R,650,40.722493,-74.005241
A..N65R,651,40.722549,-74.005225
A..N65R,652,40.722605,-74.005208
A..N65R,653,40.722659,-74.005189
A..N65R,654,40.726227,-74.003739
A..N65R,655,40.728583,-74.002720
A..N65R,656,40.728621,-74.002705
A..N65R,657,40.728661,-74.002689
A..N65R,658,40.728702,-74.002673
A..N65R,659,40.728744,-74.002655
A..N65R,660,40.728787,-74.002637
A..N65R,661,40.728831,-74.002617
A..N65R,662,40.728876,-74.002597
A..N65R,663,40.728922,-74.002575
A..N65R,664,40.728970,-74.002552
A..N65R,665,40.729019,-74.002529
A..N65R,666,40.729068,-74.002504
A..N65R,667,40.729119,-74.002478
A..N65R,668,40.729171,-74.002452
A..N65R,669,40.729225,-74.002424
A..N65R,670,40.729279,-74.002395
A..N65R,671,40.730820,-74.001552
A..N65R,672,40.730845,-74.001539
A..N65R,673,40.730871,-74.001525
A..N65R,674,40.730897,-74.001511
A..N65R,675,40.730922,-74.001497
A..N65R,676,40.730948,-74.001482
A..N65R,677,40.730975,-74.001467
A..N65R,678,40.731001,-74.001451
A..N65R,679,40.731027,-74.001435
A..N65R,680,40.731054,-74.001419
A..N65R,681,40.731080,-74.001402
A..N65R,682,40.731107,-74.001385
A..N65R,683,40.731134,-74.001367
A..N65R,684,40.731161,-74.001349
A..N65R,685,40.731189,-74.001331
A..N65R,686,40.731216,-74.001312
A..N65R,687,40.732312,-74.000515
A..N65R,688,40.732338,-74.000495
A..N65R,689,40.732362,-74.000477
A..N65R,690,40.733324,-73.999777
A..N65R,691,40.733391,-73.999736
A..N65R,692,40.733459,-73.999702
A..N65R,693,40.733527,-73.999674
A..N65R,694,40.733596,-73.999652
A..N65R,695,40.733666,-73.999636
A..N65R,696,40.733736,-73.999626
A..N65R,697,40.733807,-73.999621
A..N65R,698,40.733878,-73.999622
A..N65R,699,40.733949,-73.999629
A..N65R,700,40.733949,-73.999629
A..N65R,701,40.734021,-73.999642
A..N65R,702,40.734094,-73.999660
A..N65R,703,40.734167,-73.999685
A..N65R,704,40.734240,-73.999715
A..N65R,705,40.734314,-73.999750
A..N65R,706,40.734389,-73.999792
A..N65R,707,40.738807,-74.002433
A..N65R,708,40.738885,-74.002477
A..N65R,709,40.738964,-74.002514
A..N65R,710,40.739043,-74.002544
A..N65R,711,40.739121,-74.002567
A..N65R,712,40.739200,-74.002583
A..N65R,713,40.739278,-74.002592
A..N65R,714,40.739356,-74.002594
A..N65R,715,40.739434,-74.002590
A..N65R,716,40.739512,-74.002578
A..N65R,717,40.739589,-74.002560
A..N65R,718,40.739666,-74.002535
A..N65R,719,40.739744,-74.002502
A..N65R,720,40.739821,-74.002463
A..N65R,721,40.739897,-74.002417
A..N65R,722,40.739974,-74.002363
A..N65R,723,40.740893,-74.001690
A..N65R,724,40.745906,-73.998041
A..N65R,725,40.752287,-73.993391
A..N65R,726,40.757308,-73.989735
A..N65R,727,40.762456,-73.985984
A..N65R,728,40.763365,-73.985322
A..N65R,729,40.764986,-73.984138
A..N65R,730,40.768296,-73.981736
A..N65R,731,40.775594,-73.976410
A..N65R,732,40.781433,-73.972143
A..N65R,733,40.785868,-73.968916
A..N65R,734,40.791642,-73.964696
A..N65R,735,40.796092,-73.961454
A..N65R,736,40.800603,-73.958161
A..N65R,737,40.805085,-73.954882
A..N65R,738,40.807267,-73.953288
A..N65R,739,40.807330,-73.953236
A..N65R,740,40.807392,-73.953190
A..N65R,741,40.807455,-73.953148
A..N65R,742,40.807519,-73.953110
A..N65R,743,40.807583,-73.953075
A..N65R,744,40.807647,-73.953045
A..N65R,745,40.807711,-73.953018
A..N65R,746,40.807777,-73.952995
A..N65R,747,40.807842,-73.952976
A..N65R,748,40.807908,-73.952961
A..N65R,749,40.807975,-73.952950
A..N65R,750,40.808042,-73.952942
A..N65R,751,40.808109,-73.952939
A..N65R,752,40.808177,-73.952939
A..N65R,753,40.808245,-73.952941
A..N65R,754,40.809638,-73.953030
A..N65R,755,40.809699,-73.953033
A..N65R,756,40.809757,-73.953034
A..N65R,757,40.809815,-73.953033
A..N65R,758,40.809872,-73.953030
A..N65R,759,40.809927,-73.953025
A..N65R,760,40.809981,-73.953017
A..N65R,761,40.810035,-73.953007
A..N65R,762,40.810087,-73.952995
A..N65R,763,40.810138,-73.952980
A..N65R,764,40.810188,-73.952963
A..N65R,765,40.810237,-73.952943
A..N65R,766,40.810285,-73.952922
A..N65R,767,40.810332,-73.952898
A..N65R,768,40.810377,-73.952872
A..N65R,769,40.810422,-73.952842
A..N65R,770,40.811109,-73.952343
A..N65R,771,40.811167,-73.952300
A..N65R,772,40.811223,-73.952256
A..N65R,773,40.811279,-73.952210
A..N65R,774,40.811335,-73.952164
A..N65R,775,40.811390,-73.952117
A..N65R,776,40.811445,-73.952068
A..N65R,777,40.811500,-73.952019
A..N65R,778,40.811554,-73.951969
A..N65R,779,40.811608,-73.951917
A..N65R,780,40.811661,-73.951865
A..N65R,781,40.811714,-73.951811
A..N65R,782,40.811767,-73.951757
A..N65R,783,40.811819,-73.951701
A..N65R,784,40.811871,-73.951645
A..N65R,785,40.811923,-73.951586
A..N65R,786,40.812906,-73.950604
A..N65R,787,40.812938,-73.950568
A..N65R,788,40.812971,-73.950533
A..N65R,789,40.813004,-73.950498
A..N65R,790,40.813038,-73.950464
A..N65R,791,40.813073,-73.950430
A..N65R,792,40.813109,-73.950397
A..N65R,793,40.813145,-73.950363
A..N65R,794,40.813181,-73.950331
A..N65R,795,40.813219,-73.950298
A..N65R,796,40.813257,-73.950266
A..N65R,797,40.813296,-73.950234
A..N65R,798,40.813335,-73.950203
A..N65R,799,40.813376,-73.950172
A..N65R,800,40.813416,-73.950141
A..N65R,801,40.813459,-73.950112
A..N65R,802,40.814704,-73.949202
A..N65R,803,40.814741,-73.949174
A..N65R,804,40.814778,-73.949147
A..N65R,805,40.814815,-73.949121
A..N65R,806,40.814853,-73.949095
A..N65R,807,40.814892,-73.949070
A..N65R,808,40.814930,-73.949046
A..N65R,809,40.814969,-73.949023
A..N65R,810,40.815009,-73.949000
A..N65R,811,40.815049,-73.948977
A..N65R,812,40.815089,-73.948956
A..N65R,813,40.815130,-73.948935
A..N65R,814,40.815171,-73.948914
A..N65R,815,40.815212,-73.948895
A..N65R,816,40.815254,-73.948875
A..N65R,817,40.815297,-73.948857
A..N65R,818,40.817894,-73.947649
A..N65R,819,40.823696,-73.944947
A..N65R,820,40.823739,-73.944926
A..N65R,821,40.823781,-73.944904
A..N65R,822,40.823822,-73.944882
A..N65R,823,40.823862,-73.944860
A..N65R,824,40.823902,-73.944837
A..N65R,825,40.823941,-73.944814
A..N65R,826,40.823980,-73.944791
A..N65R,827,40.824018,-73.944767
A..N65R,828,40.824055,-73.944743
A..N65R,829,40.824092,-73.944719
A..N65R,830,40.824127,-73.944694
A..N65R,831,40.824163,-73.944669
A..N65R,832,40.824197,-73.944643
A..N65R,833,40.824231,-73.944617
A..N65R,834,40.824264,-73.944591
A..N65R,835,40.824783,-73.944216
A..N65R,836,40.824882,-73.944148
A..N65R,837,40.825903,-73.943403
A..N65R,838,40.825938,-73.943379
A..N65R,839,40.825975,-73.943355
A..N65R,840,40.826012,-73.943333
A..N65R,841,40.826049,-73.943311
A..N65R,842,40.826087,-73.943289
A..N65R,843,40.826125,-73.943269
A..N65R,844,40.826164,-73.943249
A..N65R,845,40.826202,-73.943229
A..N65R,846,40.826242,-73.943211
A..N65R,847,40.826281,-73.943193
A..N65R,848,40.826321,-73.943176
A..N65R,849,40.826362,-73.943159
A..N65R,850,40.826402,-73.943144
A..N65R,851,40.826444,-73.943128
A..N65R,852,40.826486,-73.943113
A..N65R,853,40.830518,-73.941514
A..N65R,854,40.832909,-73.940709
A..N65R,855,40.832940,-73.940700
A..N65R,856,40.832971,-73.940690
A..N65R,857,40.833003,-73.940680
A..N65R,858,40.833035,-73.940670
A..N65R,859,40.833067,-73.940659
A..N65R,860,40.833100,-73.940648
A..N65R,861,40.833133,-73.940637
A..N65R,862,40.833166,-73.940625
A..N65R,863,40.833199,-73.940613
A..N65R,864,40.833233,-73.940600
A..N65R,865,40.833266,-73.940587
A..N65R,866,40.833301,-73.940574
A..N65R,867,40.833335,-73.940560
A..N65R,868,40.833370,-73.940546
A..N65R,869,40.833405,-73.940532
A..N65R,870,40.834797,-73.939915
A..N65R,871,40.834840,-73.939896
A..N65R,872,40.834883,-73.939880
A..N65R,873,40.834926,-73.939866
A..N65R,874,40.834970,-73.939853
A..N65R,875,40.835014,-73.939841
A..N65R,876,40.835059,-73.939832
A..N65R,877,40.835104,-73.939823
A..N65R,878,40.835150,-73.939817
A..N65R,879,40.835196,-73.939812
A..N65R,880,40.835242,-73.939809
A..N65R,881,40.835289,-73.939807
A..N65R,882,40.835337,-73.939807
A..N65R,883,40.835385,-73.939808
A..N65R,884,40.835433,-73.939811
A..N65R,885,40.835482,-73.939817
A..N65R,886,40.836013,-73.939892
A..N65R,887,40.836920,-73.940033
A..N65R,888,40.836954,-73.940037
A..N65R,889,40.836987,-73.940042
A..N65R,890,40.837021,-73.940046
A..N65R,891,40.837054,-73.940049
A..N65R,892,40.837087,-73.940052
A..N65R,893,40.837121,-73.940054
A..N65R,894,40.837154,-73.940055
A..N65R,895,40.837188,-73.940056
A..N65R,896,40.837221,-73.940057
A..N65R,897,40.837254,-73.940057
A..N65R,898,40.837288,-73.940056
A..N65R,899,40.837321,-73.940055
A..N65R,900,40.837354,-73.940053
A..N65R,901,40.837388,-73.940050
A..N65R,902,40.837421,-73.940047
A..N65R,903,40.839251,-73.939881
A..N65R,904,40.839308,-73.939876
A..N65R,905,40.839366,-73.939871
A..N65R,906,40.839423,-73.939865
A..N65R,907,40.839480,-73.939858
A..N65R,908,40.839537,-73.939851
A..N65R,909,40.839593,-73.939843
A..N65R,910,40.839649,-73.939834
A..N65R,911,40.839705,-73.939824
A..N65R,912,40.839760,-73.939814
A..N65R,913,40.839815,-73.939802
A..N65R,914,40.839869,-73.939790
A..N65R,915,40.839923,-73.939778
A..N65R,916,40.839977,-73.939764
A..N65R,917,40.840030,-73.939750
A..N65R,918,40.840083,-73.939735
A..N65R,919,40.840719,-73.939561
A..N65R,920,40.841395,-73.939390
A..N65R,921,40.841452,-73.939376
A..N65R,922,40.841509,-73.939363
A..N65R,923,40.841567,-73.939350
A..N65R,924,40.841625,-73.939338
A..N65R,925,40.841684,-73.939327
A..N65R,926,40.841744,-73.939317
A..N65R,927,40.841804,-73.939307
A..N65R,928,40.841864,-73.939299
A..N65R,929,40.841926,-73.939291
A..N65R,930,40.841987,-73.939284
A..N65R,931,40.842050,-73.939277
A..N65R,932,40.842113,-73.939271
A..N65R,933,40.842176,-73.939267
A..N65R,934,40.842240,-73.939262
A..N65R,935,40.842305,-73.939259
A..N65R,936,40.842713,-73.939202
A..N65R,937,40.842768,-73.939196
A..N65R,938,40.842825,-73.939189
A..N65R,939,40.842882,-73.939181
A..N65R,940,40.842941,-73.939173
A..N65R,941,40.843000,-73.939163
A..N65R,942,40.843061,-73.939152
A..N65R,943,40.843124,-73.939141
A..N65R,944,40.843187,-73.939129
A..N65R,945,40.843251,-73.939115
A..N65R,946,40.843317,-73.939101
A..N65R,947,40.843384,-73.939086
A..N65R,948,40.843451,-73.939070
A..N65R,949,40.843520,-73.939053
A..N65R,950,40.843591,-73.939036
A..N65R,951,40.843662,-73.939017
A..N65R,952,40.844266,-73.938886
A..N65R,953,40.844340,-73.938885
A..N65R,954,40.844412,-73.938890
A..N65R,955,40.844484,-73.938900
A..N65R,956,40.844554,-73.938916
A..N65R,957,40.844623,-73.938937
A..N65R,958,40.844692,-73.938964
A..N65R,959,40.844760,-73.938996
A..N65R,960,40.844826,-73.939033
A..N65R,961,40.844892,-73.939076
A..N65R,962,40.844957,-73.939125
A..N65R,963,40.845021,-73.939178
A..N65R,964,40.845084,-73.939238
A..N65R,965,40.845146,-73.939302
A..N65R,966,40.845208,-73.939372
A..N65R,967,40.845268,-73.939448
A..N65R,968,40.845466,-73.939709
A..N65R,969,40.845523,-73.939776
A..N65R,970,40.845583,-73.939837
A..N65R,971,40.845644,-73.939892
A..N65R,972,40.845707,-73.939940
A..N65R,973,40.845773,-73.939982
A..N65R,974,40.845840,-73.940017
A..N65R,975,40.845910,-73.940047
A..N65R,976,40.845981,-73.940070
A..N65R,977,40.846054,-73.940086
A..N65R,978,40.846130,-73.940097
A..N65R,979,40.846208,-73.940101
A..N65R,980,40.846287,-73.940099
A..N65R,981,40.846369,-73.940090
A..N65R,982,40.846452,-73.940075
A..N65R,983,40.846536,-73.940053
A..N65R,984,40.847391,-73.939704
A..N65R,985,40.851695,-73.937969
A..N65R,986,40.855112,-73.936887
A..N65R,987,40.855168,-73.936867
A..N65R,988,40.855225,-73.936848
A..N65R,989,40.855281,-73.936827
A..N65R,990,40.855336,-73.936806
A..N65R,991,40.855390,-73.936783
A..N65R,992,40.855444,-73.936760
A..N65R,993,40.855497,-73.936736
A..N65R,994,40.855549,-73.936710
A..N65R,995,40.855600,-73.936684
A..N65R,996,40.855651,-73.936656
A..N65R,997,40.855701,-73.936628
A..N65R,998,40.855750,-73.936599
A..N65R,999,40.855798,-73.936569
A..N65R,1000,40.855845,-73.936537
A..N65R,1001,40.855893,-73.936503
A..N65R,1002,40.859022,-73.934180
A..N65R,1003,40.863314,-73.930852
A..N65R,1004,40.863360,-73.930814
A..N65R,1005,40.863405,-73.930776
A..N65R,1006,40.863450,-73.930735
A..N65R,1007,40.863494,-73.930694
A..N65R,1008,40.863537,-73.930650
A..N65R,1009,40.863580,-73.930605
A..N65R,1010,40.863623,-73.930558
A..N65R,1011,40.863665,-73.930510
A..N65R,1012,40.863707,-73.930459
A..N65R,1013,40.863748,-73.930407
A..N65R,1014,40.863788,-73.930354
A..N65R,1015,40.863828,-73.930299
A..N65R,1016,40.863868,-73.930242
A..N65R,1017,40.863907,-73.930183
A..N65R,1018,40.863946,-73.930123
A..N65R,1019,40.864789,-73.928643
A..N65R,1020,40.865077,-73.928091
A..N65R,1021,40.865109,-73.928031
A..N65R,1022,40.865141,-73.927971
A..N65R,1023,40.865172,-73.927913
A..N65R,1024,40.865202,-73.927855
A..N65R,1025,40.865232,-73.927798
A..N65R,1026,40.865261,-73.927742
A..N65R,1027,40.865289,-73.927686
A..N65R,1028,40.865317,-73.927632
A..N65R,1029,40.865344,-73.927578
A..N65R,1030,40.865370,-73.927525
A..N65R,1031,40.865395,-73.927472
A..N65R,1032,40.865420,-73.927421
A..N65R,1033,40.865445,-73.927370
A..N65R,1034,40.865468,-73.927320
A..N65R,1035,40.865491,-73.927271
A..N65R,1036,40.865518,-73.927208
A..N65R,1037,40.865545,-73.927145
A..N65R,1038,40.865572,-73.927080
A..N65R,1039,40.865599,-73.927016
A..N65R,1040,40.865625,-73.926951
A..N65R,1041,40.865652,-73.926885
A..N65R,1042,40.865678,-73.926818
A..N65R,1043,40.865704,-73.926751
A..N65R,1044,40.865730,-73.926684
A..N65R,1045,40.865756,-73.926616
A..N65R,1046,40.865782,-73.926547
A..N65R,1047,40.865808,-73.926478
A..N65R,1048,40.865833,-73.926408
A..N65R,1049,40.865859,-73.926338
A..N65R,1050,40.865884,-73.926267
A..N65R,1051,40.867635,-73.921380
A..N65R,1052,40.867652,-73.921333
A..N65R,1053,40.867669,-73.921286
A..N65R,1054,40.867685,-73.921240
A..N65R,1055,40.867701,-73.921193
A..N65R,1056,40.867717,-73.921147
A..N65R,1057,40.867732,-73.921101
A..N65R,1058,40.867747,-73.921056
A..N65R,1059,40.867762,-73.921010
A..N65R,1060,40.867777,-73.920965
A..N65R,1061,40.867791,-73.920920
A..N65R,1062,40.867806,-73.920875
A..N65R,1063,40.867819,-73.920831
A..N65R,1064,40.867833,-73.920786
A..N65R,1065,40.867846,-73.920742
A..N65R,1066,40.867859,-73.920698
A..N65R,1067,40.868072,-73.919899
B..N65R,0,40.577621,-73.961376
B..N65R,1,40.577839,-73.960354
B..N65R,2,40.577855,-73.960283
B..N65R,3,40.577873,-73.960214
B..N65R,4,40.577894,-73.960148
B..N65R,5,40.577917,-73.960085
B..N65R,6,40.577942,-73.960025
B..N65R,7,40.577969,-73.959967
B..N65R,8,40.577998,-73.959912
B..N65R,9,40.578030,-73.959860
B..N65R,10,40.578064,-73.959811
B..N65R,11,40.578101,-73.959765
B..N65R,12,40.578139,-73.959721
B..N65R,13,40.578180,-73.959681
B..N65R,14,40.578223,-73.959643
B..N65R,15,40.578268,-73.959607
B..N65R,16,40.578316,-73.959575
B..N65R,17,40.585198,-73.954670
B..N65R,18,40.585310,-73.954601
B..N65R,19,40.585423,-73.954536
B..N65R,20,40.585536,-73.954477
B..N65R,21,40.585650,-73.954422
B..N65R,22,40.585763,-73.954373
B..N65R,23,40.585876,-73.954328
B..N65R,24,40.585989,-73.954289
B..N65R,25,40.586103,-73.954254
B..N65R,26,40.586216,-73.954225
B..N65R,27,40.586329,-73.954201
B..N65R,28,40.586443,-73.954181
B..N65R,29,40.586556,-73.954167
B..N65R,30,40.586670,-73.954158
B..N65R,31,40.586783,-73.954153
B..N65R,32,40.586896,-73.954155
B..N65R,33,40.586961,-73.954154
B..N65R,34,40.587025,-73.954152
B..N65R,35,40.587088,-73.954150
B..N65R,36,40.587150,-73.954148
B..N65R,37,40.587211,-73.954145
B..N65R,38,40.587271,-73.954142
B..N65R,39,40.587329,-73.954139
B..N65R,40,40.587387,-73.954135
B..N65R,41,40.587443,-73.954131
B..N65R,42,40.587498,-73.954126
B..N65R,43,40.587552,-73.954121
B..N65R,44,40.587605,-73.954116
B..N65R,45,40.587657,-73.954110
B..N65R,46,40.587708,-73.954104
B..N65R,47,40.587758,-73.954096
B..N65R,48,40.588121,-73.954066
B..N65R,49,40.588205,-73.954060
B..N65R,50,40.588288,-73.954056
B..N65R,51,40.588369,-73.954054
B..N65R,52,40.588450,-73.954052
B..N65R,53,40.588530,-73.954051
B..N65R,54,40.588610,-73.954052
B..N65R,55,40.588689,-73.954054
B..N65R,56,40.588767,-73.954057
B..N65R,57,40.588844,-73.954060
B..N65R,58,40.588921,-73.954065
B..N65R,59,40.588997,-73.954072
B..N65R,60,40.589072,-73.954079
B..N65R,61,40.589147,-73.954087
B..N65R,62,40.589221,-73.954096
B..N65R,63,40.589295,-73.954106
B..N65R,64,40.590785,-73.954319
B..N65R,65,40.595246,-73.955161
B..N65R,66,40.599300,-73.955929
B..N65R,67,40.607591,-73.957502
B..N65R,68,40.607605,-73.957505
B..N65R,69,40.607618,-73.957508
B..N65R,70,40.607632,-73.957511
B..N65R,71,40.607645,-73.957513
B..N65R,72,40.607659,-73.957516
B..N65R,73,40.607672,-73.957519
B..N65R,74,40.607685,-73.957522
B..N65R,75,40.607699,-73.957526
B..N65R,76,40.607712,-73.957529
B..N65R,77,40.607725,-73.957532
B..N65R,78,40.607738,-73.957535
B..N65R,79,40.607751,-73.957538
B..N65R,80,40.607764,-73.957541
B..N65R,81,40.607776,-73.957545
B..N65R,82,40.607789,-73.957548
B..N65R,83,40.607869,-73.957572
B..N65R,84,40.607886,-73.957577
B..N65R,85,40.607904,-73.957582
B..N65R,86,40.607922,-73.957588
B..N65R,87,40.607940,-73.957592
B..N65R,88,40.607959,-73.957597
B..N65R,89,40.607977,-73.957602
B..N65R,90,40.607996,-73.957607
B..N65R,91,40.608016,-73.957611
B..N65R,92,40.608035,-73.957616
B..N65R,93,40.608055,-73.957620
B..N65R,94,40.608075,-73.957624
B..N65R,95,40.608096,-73.957628
B..N65R,96,40.608117,-73.957632
B..N65R,97,40.608138,-73.957636
B..N65R,98,40.608159,-73.957640
B..N65R,99,40.608670,-73.957734
B..N65R,100,40.609478,-73.957887
B..N65R,101,40.609495,-73.957890
B..N65R,102,40.609512,-73.957893
B..N65R,103,40.609529,-73.957896
B..N65R,104,40.609547,-73.957898
B..N65R,105,40.609564,-73.957901
B..N65R,106,40.609582,-73.957903
B..N65R,107,40.609600,-73.957906
B..N65R,108,40.609618,-73.957908
B..N65R,109,40.609636,-73.957910
B..N65R,110,40.609654,-73.957913
B..N65R,111,40.609673,-73.957915
B..N65R,112,40.609691,-73.957917
B..N65R,113,40.609710,-73.957918
B..N65R,114,40.609729,-73.957920
B..N65R,115,40.609748,-73.957922
B..N65R,116,40.609875,-73.957939
B..N65R,117,40.609892,-73.957941
B..N65R,118,40.609910,-73.957943
B..N65R,119,40.609928,-73.957946
B..N65R,120,40.609946,-73.957948
B..N65R,121,40.609965,-73.957951
B..N65R,122,40.609984,-73.957953
B..N65R,123,40.610003,-73.957956
B..N65R,124,40.610023,-73.957960
B..N65R,125,40.610043,-73.957963
B..N65R,126,40.610063,-73.957966
B..N65R,127,40.610084,-73.957970
B..N65R,128,40.610105,-73.957974
B..N65R,129,40.610127,-73.957978
B..N65R,130,40.610149,-73.957982
B..N65R,131,40.610171,-73.957986
B..N65R,132,40.617618,-73.959399
B..N65R,133,40.625039,-73.960803
B..N65R,134,40.628229,-73.961408
B..N65R,135,40.628287,-73.961420
B..N65R,136,40.628346,-73.961431
B..N65R,137,40.628407,-73.961443
B..N65R,138,40.628469,-73.961455
B..N65R,139,40.628533,-73.961469
B..N65R,140,40.628599,-73.961483
B..N65R,141,40.628667,-73.961497
B..N65R,142,40.628736,-73.961513
B..N65R,143,40.628807,-73.961529
B..N65R,144,40.628880,-73.961545
B..N65R,145,40.628955,-73.961563
B..N65R,146,40.629031,-73.961581
B..N65R,147,40.629109,-73.961600
B..N65R,148,40.629189,-73.961619
B..N65R,149,40.629270,-73.961639
B..N65R,150,40.630055,-73.961834
B..N65R,151,40.630093,-73.961844
B..N65R,152,40.630132,-73.961854
B..N65R,153,40.630173,-73.961863
B..N65R,154,40.630214,-73.961873
B..N65R,155,40.630256,-73.961883
B..N65R,156,40.630300,-73.961892
B..N65R,157,40.630344,-73.961901
B..N65R,158,40.630390,-73.961911
B..N65R,159,40.630437,-73.961920
B..N65R,160,40.630484,-73.961929
B..N65R,161,40.630533,-73.961938
B..N65R,162,40.630583,-73.961947
B..N65R,163,40.630634,-73.961956
B..N65R,164,40.630686,-73.961964
B..N65R,165,40.630739,-73.961973
B..N65R,166,40.635082,-73.962793
B..N65R,167,40.640927,-73.963891
B..N65R,168,40.644031,-73.964492
B..N65R,169,40.644157,-73.964512
B..N65R,170,40.644282,-73.964530
B..N65R,171,40.644407,-73.964544
B..N65R,172,40.644531,-73.964554
B..N65R,173,40.644654,-73.964561
B..N65R,174,40.644777,-73.964564
B..N65R,175,40.644900,-73.964563
B..N65R,176,40.645022,-73.964558
B..N65R,177,40.645144,-73.964550
B..N65R,178,40.645265,-73.964538
B..N65R,179,40.645386,-73.964522
B..N65R,180,40.645506,-73.964502
B..N65R,181,40.645626,-73.964479
B..N65R,182,40.645746,-73.964452
B..N65R,183,40.645866,-73.964421
B..N65R,184,40.650527,-73.962982
B..N65R,185,40.650768,-73.962910
B..N65R,186,40.651007,-73.962839
B..N65R,187,40.651244,-73.962767
B..N65R,188,40.651478,-73.962696
B..N65R,189,40.651709,-73.962626
B..N65R,190,40.651938,-73.962556
B..N65R,191,40.652165,-73.962486
B..N65R,192,40.652389,-73.962416
B..N65R,193,40.652610,-73.962347
B..N65R,194,40.652829,-73.962278
B..N65R,195,40.653046,-73.962210
B..N65R,196,40.653260,-73.962142
B..N65R,197,40.653472,-73.962074
B..N65R,198,40.653681,-73.962006
B..N65R,199,40.653888,-73.961938
B..N65R,200,40.655292,-73.961495
B..N65R,201,40.655406,-73.961468
B..N65R,202,40.655519,-73.961445
B..N65R,203,40.655630,-73.961425
B..N65R,204,40.655741,-73.961408
B..N65R,205,40.655851,-73.961393
B..N65R,206,40.655959,-73.961382
B..N65R,207,40.656067,-73.961373
B..N65R,208,40.656174,-73.961368
B..N65R,209,40.656281,-73.961365
B..N65R,210,40.656386,-73.961365
B..N65R,211,40.656490,-73.961368
B..N65R,212,40.656594,-73.961374
B..N65R,213,40.656696,-73.961383
B..N65R,214,40.656798,-73.961394
B..N65R,215,40.656900,-73.961410
B..N65R,216,40.660141,-73.961937
B..N65R,217,40.660164,-73.961941
B..N65R,218,40.660188,-73.961946
B..N65R,219,40.660212,-73.961951
B..N65R,220,40.660237,-73.961956
B..N65R,221,40.660262,-73.961961
B..N65R,222,40.660288,-73.961966
B..N65R,223,40.660314,-73.961972
B..N65R,224,40.660340,-73.961978
B..N65R,225,40.660367,-73.961984
B..N65R,226,40.660395,-73.961991
B..N65R,227,40.660423,-73.961997
B..N65R,228,40.660452,-73.962004
B..N65R,229,40.660481,-73.962011
B..N65R,230,40.660510,-73.962018
B..N65R,231,40.660540,-73.962026
B..N65R,232,40.660825,-73.962107
B..N65R,233,40.660837,-73.962111
B..N65R,234,40.660849,-73.962114
B..N65R,235,40.660861,-73.962118
B..N65R,236,40.660873,-73.962121
B..N65R,237,40.660885,-73.962124
B..N65R,238,40.660898,-73.962128
B..N65R,239,40.660910,-73.962131
B..N65R,240,40.660922,-73.962133
B..N65R,241,40.660935,-73.962136
B..N65R,242,40.660947,-73.962139
B..N65R,243,40.660959,-73.962141
B..N65R,244,40.660972,-73.962144
B..N65R,245,40.660985,-73.962146
B..N65R,246,40.660997,-73.962148
B..N65R,247,40.661010,-73.962150
B..N65R,248,40.661614,-73.962246
B..N65R,249,40.662551,-73.962392
B..N65R,250,40.662642,-73.962408
B..N65R,251,40.662733,-73.962427
B..N65R,252,40.662823,-73.962450
B..N65R,253,40.662913,-73.962475
B..N65R,254,40.663003,-73.962502
B..N65R,255,40.663092,-73.962533
B..N65R,256,40.663181,-73.962566
B..N65R,257,40.663269,-73.962601
B..N65R,258,40.663357,-73.962640
B..N65R,259,40.663445,-73.962681
B..N65R,260,40.663532,-73.962724
B..N65R,261,40.663619,-73.962771
B..N65R,262,40.663705,-73.962820
B..N65R,263,40.663791,-73.962872
B..N65R,264,40.663876,-73.962927
B..N65R,265,40.677050,-73.972367
B..N65R,266,40.682608,-73.976398
B..N65R,267,40.682662,-73.976431
B..N65R,268,40.682716,-73.976461
B..N65R,269,40.682769,-73.976490
B..N65R,270,40.682823,-73.976517
B..N65R,271,40.682877,-73.976543
B..N65R,272,40.682932,-73.976566
B..N65R,273,40.682987,-73.976589
B..N65R,274,40.683041,-73.976609
B..N65R,275,40.683097,-73.976628
B..N65R,276,40.683152,-73.976645
B..N65R,277,40.683208,-73.976661
B..N65R,278,40.683264,-73.976675
B..N65R,279,40.683320,-73.976687
B..N65R,280,40.683376,-73.976698
B..N65R,281,40.683433,-73.976708
B..N65R,282,40.684460,-73.976890
B..N65R,283,40.687181,-73.977416
B..N65R,284,40.687228,-73.977424
B..N65R,285,40.687273,-73.977437
B..N65R,286,40.687317,-73.977452
B..N65R,287,40.687359,-73.977472
B..N65R,288,40.687399,-73.977495
B..N65R,289,40.687437,-73.977522
B..N65R,290,40.687473,-73.977552
B..N65R,291,40.687508,-73.977587
B..N65R,292,40.687541,-73.977624
B..N65R,293,40.687573,-73.977666
B..N65R,294,40.687602,-73.977711
B..N65R,295,40.687630,-73.977760
B..N65R,296,40.687656,-73.977812
B..N65R,297,40.687680,-73.977868
B..N65R,298,40.687703,-73.977928
B..N65R,299,40.688068,-73.978805
B..N65R,300,40.688730,-73.980474
B..N65R,301,40.688760,-73.980545
B..N65R,302,40.688792,-73.980613
B..N65R,303,40.688827,-73.980678
B..N65R,304,40.688863,-73.980740
B..N65R,305,40.688902,-73.980798
B..N65R,306,40.688943,-73.980853
B..N65R,307,40.688986,-73.980905
B..N65R,308,40.689031,-73.980954
B..N65R,309,40.689078,-73.980999
B..N65R,310,40.689127,-73.981042
B..N65R,311,40.689178,-73.981081
B..N65R,312,40.689232,-73.981117
B..N65R,313,40.689287,-73.981149
B..N65R,314,40.689345,-73.981179
B..N65R,315,40.689405,-73.981205
B..N65R,316,40.690635,-73.981824
B..N65R,317,40.691559,-73.982304
B..N65R,318,40.693829,-73.983428
B..N65R,319,40.695138,-73.983934
B..N65R,320,40.697839,-73.985242
B..N65R,321,40.714897,-73.994713
B..N65R,322,40.714991,-73.994765
B..N65R,323,40.715087,-73.994810
B..N65R,324,40.715184,-73.994847
B..N65R,325,40.715281,-73.994877
B..N65R,326,40.715379,-73.994900
B..N65R,327,40.715478,-73.994915
B..N65R,328,40.715578,-73.994923
B..N65R,329,40.715678,-73.994923
B..N65R,330,40.715779,-73.994916
B..N65R,331,40.715881,-73.994901
B..N65R,332,40.715984,-73.994879
B..N65R,333,40.716087,-73.994849
B..N65R,334,40.716191,-73.994812
B..N65R,335,40.716296,-73.994767
B..N65R,336,40.716401,-73.994714
B..N65R,337,40.718267,-73.993753
B..N65R,338,40.721655,-73.992025
B..N65R,339,40.721684,-73.992010
B..N65R,340,40.721713,-73.991995
B..N65R,341,40.721742,-73.991981
B..N65R,342,40.721770,-73.991967
B..N65R,343,40.721799,-73.991954
B..N65R,344,40.721827,-73.991942
B..N65R,345,40.721856,-73.991931
B..N65R,346,40.721884,-73.991920
B..N65R,347,40.721912,-73.991909
B..N65R,348,40.721941,-73.991900
B..N65R,349,40.721969,-73.991891
B..N65R,350,40.721997,-73.991883
B..N65R,351,40.722024,-73.991875
B..N65R,352,40.722052,-73.991868
B..N65R,353,40.722080,-73.991861
B..N65R,354,40.722918,-73.991709
B..N65R,355,40.723036,-73.991693
B..N65R,356,40.723147,-73.991687
B..N65R,357,40.723253,-73.991691
B..N65R,358,40.723355,-73.991706
B..N65R,359,40.723453,-73.991731
B..N65R,360,40.723546,-73.991767
B..N65R,361,40.723635,-73.991812
B..N65R,362,40.723720,-73.991868
B..N65R,363,40.723800,-73.991935
B..N65R,364,40.723875,-73.992011
B..N65R,365,40.723946,-73.992098
B..N65R,366,40.724013,-73.992196
B..N65R,367,40.724075,-73.992304
B..N65R,368,40.724133,-73.992422
B..N65R,369,40.724185,-73.992550
B..N65R,370,40.725297,-73.996204
B..N65R,371,40.725437,-73.996641
B..N65R,372,40.725475,-73.996750
B..N65R,373,40.725513,-73.996858
B..N65R,374,40.725552,-73.996964
B..N65R,375,40.725591,-73.997069
B..N65R,376,40.725631,-73.997172
B..N65R,377,40.725670,-73.997273
B..N65R,378,40.725711,-73.997373
B..N65R,379,40.725751,-73.997471
B..N65R,380,40.725792,-73.997568
B..N65R,381,40.725834,-73.997663
B..N65R,382,40.725876,-73.997756
B..N65R,383,40.725918,-73.997848
B..N65R,384,40.725961,-73.997938
B..N65R,385,40.726004,-73.998027
B..N65R,386,40.726047,-73.998114
B..N65R,387,40.727913,-74.001901
B..N65R,388,40.727970,-74.002019
B..N65R,389,40.728032,-74.002126
B..N65R,390,40.728099,-74.002220
B..N65R,391,40.728170,-74.002301
B..N65R,392,40.728247,-74.002371
B..N65R,393,40.728328,-74.002428
B..N65R,394,40.728414,-74.002473
B..N65R,395,40.728505,-74.002506
B..N65R,396,40.728601,-74.002526
B..N65R,397,40.728702,-74.002535
B..N65R,398,40.728808,-74.002531
B..N65R,399,40.728918,-74.002515
B..N65R,400,40.729034,-74.002486
B..N65R,401,40.729154,-74.002446
B..N65R,402,40.729279,-74.002395
B..N65R,403,40.730820,-74.001552
B..N65R,404,40.730845,-74.001539
B..N65R,405,40.730871,-74.001525
B..N65R,406,40.730897,-74.001511
B..N65R,407,40.730922,-74.001497
B..N65R,408,40.730948,-74.001482
B..N65R,409,40.730975,-74.001467
B..N65R,410,40.731001,-74.001451
B..N65R,411,40.731027,-74.001435
B..N65R,412,40.731054,-74.001419
B..N65R,413,40.731080,-74.001402
B..N65R,414,40.731107,-74.001385
B..N65R,415,40.731134,-74.001367
B..N65R,416,40.731161,-74.001349
B..N65R,417,40.731189,-74.001331
B..N65R,418,40.731216,-74.001312
B..N65R,419,40.732312,-74.000515
B..N65R,420,40.732338,-74.000495
B..N65R,421,40.732362,-74.000477
B..N65R,422,40.733324,-73.999777
B..N65R,423,40.738228,-73.996209
B..N65R,424,40.742878,-73.992821
B..N65R,425,40.749719,-73.987823
B..N65R,426,40.754222,-73.984569
B..N65R,427,40.758663,-73.981329
B..N65R,428,40.760893,-73.979701
B..N65R,429,40.761008,-73.979630
B..N65R,430,40.761120,-73.979576
B..N65R,431,40.761228,-73.979536
B..N65R,432,40.761332,-73.979510
B..N65R,433,40.761434,-73.979500
B..N65R,434,40.761532,-73.979505
B..N65R,435,40.761626,-73.979524
B..N65R,436,40.761717,-73.979558
B..N65R,437,40.761805,-73.979607
B..N65R,438,40.761889,-73.979670
B..N65R,439,40.761969,-73.979749
B..N65R,440,40.762047,-73.979842
B..N65R,441,40.762121,-73.979950
B..N65R,442,40.762191,-73.980073
B..N65R,443,40.762259,-73.980212
B..N65R,444,40.762862,-73.981637
B..N65R,445,40.762874,-73.981663
B..N65R,446,40.763731,-73.983698
B..N65R,447,40.763794,-73.983809
B..N65R,448,40.763861,-73.983910
B..N65R,449,40.763931,-73.983999
B..N65R,450,40.764003,-73.984077
B..N65R,451,40.764078,-73.984142
B..N65R,452,40.764157,-73.984195
B..N65R,453,40.764237,-73.984237
B..N65R,454,40.764321,-73.984266
B..N65R,455,40.764408,-73.984284
B..N65R,456,40.764497,-73.984289
B..N65R,457,40.764589,-73.984283
B..N65R,458,40.764684,-73.984265
B..N65R,459,40.764782,-73.984234
B..N65R,460,40.764883,-73.984192
B..N65R,461,40.764986,-73.984138
B..N65R,462,40.768296,-73.981736
B..N65R,463,40.775594,-73.976410
B..N65R,464,40.781433,-73.972143
B..N65R,465,40.785868,-73.968916
B..N65R,466,40.791642,-73.964696
B..N65R,467,40.796092,-73.961454
B..N65R,468,40.800603,-73.958161
B..N65R,469,40.805085,-73.954882
B..N65R,470,40.807267,-73.953288
B..N65R,471,40.807330,-73.953236
B..N65R,472,40.807392,-73.953190
B..N65R,473,40.807455,-73.953148
B..N65R,474,40.807519,-73.953110
B..N65R,475,40.807583,-73.953075
B..N65R,476,40.807647,-73.953045
B..N65R,477,40.807711,-73.953018
B..N65R,478,40.807777,-73.952995
B..N65R,479,40.807842,-73.952976
B..N65R,480,40.807908,-73.952961
B..N65R,481,40.807975,-73.952950
B..N65R,482,40.808042,-73.952942
B..N65R,483,40.808109,-73.952939
B..N65R,484,40.808177,-73.952939
B..N65R,485,40.808245,-73.952941
B..N65R,486,40.809638,-73.953030
B..N65R,487,40.809699,-73.953033
B..N65R,488,40.809757,-73.953034
B..N65R,489,40.809815,-73.953033
B..N65R,490,40.809872,-73.953030
B..N65R,491,40.809927,-73.953025
B..N65R,492,40.809981,-73.953017
B..N65R,493,40.810035,-73.953007
B..N65R,494,40.810087,-73.952995
B..N65R,495,40.810138,-73.952980
B..N65R,496,40.810188,-73.952963
B..N65R,497,40.810237,-73.952943
B..N65R,498,40.810285,-73.952922
B..N65R,499,40.810332,-73.952898
B..N65R,500,40.810377,-73.952872
B..N65R,501,40.810422,-73.952842
B..N65R,502,40.811109,-73.952343
B..N65R,503,40.811167,-73.952300
B..N65R,504,40.811223,-73.952256
B..N65R,505,40.811279,-73.952210
B..N65R,506,40.811335,-73.952164
B..N65R,507,40.811390,-73.952117
B..N65R,508,40.811445,-73.952068
B..N65R,509,40.811500,-73.952019
B..N65R,510,40.811554,-73.951969
B..N65R,511,40.811608,-73.951917
B..N65R,512,40.811661,-73.951865
B..N65R,513,40.811714,-73.951811
B..N65R,514,40.811767,-73.951757
B..N65R,515,40.811819,-73.951701
B..N65R,516,40.811871,-73.951645
B..N65R,517,40.811923,-73.951586
B..N65R,518,40.812906,-73.950604
B..N65R,519,40.812938,-73.950568
B..N65R,520,40.812971,-73.950533
B..N65R,521,40.813004,-73.950498
B..N65R,522,40.813038,-73.950464
B..N65R,523,40.813073,-73.950430
B..N65R,524,40.813109,-73.950397
B..N65R,525,40.813145,-73.950363
B..N65R,526,40.813181,-73.950331
B..N65R,527,40.813219,-73.950298
B..N65R,528,40.813257,-73.950266
B..N65R,529,40.813296,-73.950234
B..N65R,530,40.813335,-73.950203
B..N65R,531,40.813376,-73.950172
B..N65R,532,40.813416,-73.950141
B..N65R,533,40.813459,-73.950112
B..N65R,534,40.814704,-73.949202
B..N65R,535,40.814741,-73.949174
B..N65R,536,40.814778,-73.949147
B..N65R,537,40.814815,-73.949121
B..N65R,538,40.814853,-73.949095
B..N65R,539,40.814892,-73.949070
B..N65R,540,40.814930,-73.949046
B..N65R,541,40.814969,-73.949023
B..N65R,542,40.815009,-73.949000
B..N65R,543,40.815049,-73.948977
B..N65R,544,40.815089,-73.948956
B..N65R,545,40.815130,-73.948935
B..N65R,546,40.815171,-73.948914
B..N65R,547,40.815212,-73.948895
B..N65R,548,40.815254,-73.948875
B..N65R,549,40.815297,-73.948857
B..N65R,550,40.817894,-73.947649
B..N65R,551,40.823696,-73.944947
B..N65R,552,40.823739,-73.944926
B..N65R,553,40.823781,-73.944904
B..N65R,554,40.823822,-73.944882
B..N65R,555,40.823862,-73.944860
B..N65R,556,40.823902,-73.944837
B..N65R,557,40.823941,-73.944814
B..N65R,558,40.823980,-73.944791
B..N65R,559,40.824018,-73.944767
B..N65R,560,40.824055,-73.944743
B..N65R,561,40.824092,-73.944719
B..N65R,562,40.824127,-73.944694
B..N65R,563,40.824163,-73.944669
B..N65R,564,40.824197,-73.944643
B..N65R,565,40.824231,-73.944617
B..N65R,566,40.824264,-73.944591
B..N65R,567,40.824783,-73.944216
B..N65R,568,40.824882,-73.944148
B..N65R,569,40.825903,-73.943403
B..N65R,570,40.827054,-73.942486
B..N65R,571,40.827073,-73.942468
B..N65R,572,40.827090,-73.942453
B..N65R,573,40.827108,-73.942438
B..N65R,574,40.827126,-73.942424
B..N65R,575,40.827143,-73.942410
B..N65R,576,40.827161,-73.942397
B..N65R,577,40.827178,-73.942384
B..N65R,578,40.827196,-73.942371
B..N65R,579,40.827213,-73.942358
B..N65R,580,40.827231,-73.942346
B..N65R,581,40.827248,-73.942334
B..N65R,582,40.827266,-73.942322
B..N65R,583,40.827283,-73.942311
B..N65R,584,40.827301,-73.942300
B..N65R,585,40.827318,-73.942289
B..N65R,586,40.829263,-73.941032
B..N65R,587,40.829358,-73.940953
B..N65R,588,40.829448,-73.940866
B..N65R,589,40.829533,-73.940772
B..N65R,590,40.829612,-73.940673
B..N65R,591,40.829685,-73.940567
B..N65R,592,40.829753,-73.940455
B..N65R,593,40.829815,-73.940336
B..N65R,594,40.829871,-73.940211
B..N65R,595,40.829922,-73.940079
B..N65R,596,40.829967,-73.939941
B..N65R,597,40.830007,-73.939797
B..N65R,598,40.830041,-73.939646
B..N65R,599,40.830069,-73.939489
B..N65R,600,40.830091,-73.939326
B..N65R,601,40.830108,-73.939156
B..N65R,602,40.830111,-73.939092
B..N65R,603,40.830115,-73.939028
B..N65R,604,40.830118,-73.938965
B..N65R,605,40.830120,-73.938902
B..N65R,606,40.830123,-73.938839
B..N65R,607,40.830125,-73.938776
B..N65R,608,40.830127,-73.938713
B..N65R,609,40.830129,-73.938650
B..N65R,610,40.830130,-73.938587
B..N65R,611,40.830132,-73.938524
B..N65R,612,40.830133,-73.938461
B..N65R,613,40.830134,-73.938398
B..N65R,614,40.830134,-73.938335
B..N65R,615,40.830135,-73.938273
B..N65R,616,40.830135,-73.938209
B..N65R,617,40.830093,-73.936658
B..N65R,618,40.829985,-73.931071
B..N65R,619,40.829975,-73.930905
B..N65R,620,40.829961,-73.930743
B..N65R,621,40.829945,-73.930586
B..N65R,622,40.829926,-73.930434
B..N65R,623,40.829904,-73.930285
B..N65R,624,40.829878,-73.930142
B..N65R,625,40.829850,-73.930003
B..N65R,626,40.829819,-73.929868
B..N65R,627,40.829785,-73.929738
B..N65R,628,40.829748,-73.929613
B..N65R,629,40.829708,-73.929492
B..N65R,630,40.829664,-73.929375
B..N65R,631,40.829618,-73.929263
B..N65R,632,40.829569,-73.929156
B..N65R,633,40.829514,-73.929053
B..N65R,634,40.828599,-73.927482
B..N65R,635,40.828544,-73.927369
B..N65R,636,40.828491,-73.927254
B..N65R,637,40.828440,-73.927138
B..N65R,638,40.828390,-73.927021
B..N65R,639,40.828341,-73.926902
B..N65R,640,40.828292,-73.926783
B..N65R,641,40.828245,-73.926662
B..N65R,642,40.828199,-73.926540
B..N65R,643,40.828154,-73.926417
B..N65R,644,40.828110,-73.926292
B..N65R,645,40.828067,-73.926166
B..N65R,646,40.828025,-73.926040
B..N65R,647,40.827984,-73.925912
B..N65R,648,40.827944,-73.925782
B..N65R,649,40.827905,-73.925651
B..N65R,650,40.827601,-73.924598
B..N65R,651,40.827504,-73.924298
B..N65R,652,40.827429,-73.924013
B..N65R,653,40.827378,-73.923742
B..N65R,654,40.827348,-73.923486
B..N65R,655,40.827342,-73.923244
B..N65R,656,40.827358,-73.923016
B..N65R,657,40.827397,-73.922802
B..N65R,658,40.827459,-73.922603
B..N65R,659,40.827543,-73.922419
B..N65R,660,40.827650,-73.922248
B..N65R,661,40.827779,-73.922092
B..N65R,662,40.827931,-73.921951
B..N65R,663,40.828106,-73.921823
B..N65R,664,40.828304,-73.921711
B..N65R,665,40.828524,-73.921612
B..N65R,666,40.830814,-73.920523
B..N65R,667,40.831044,-73.920400
B..N65R,668,40.831270,-73.920275
B..N65R,669,40.831491,-73.920148
B..N65R,670,40.831707,-73.920018
B..N65R,671,40.831918,-73.919886
B..N65R,672,40.832124,-73.919751
B..N65R,673,40.832326,-73.919614
B..N65R,674,40.832523,-73.919475
B..N65R,675,40.832715,-73.919334
B..N65R,676,40.832902,-73.919190
B..N65R,677,40.833085,-73.919043
B..N65R,678,40.833263,-73.918895
B..N65R,679,40.833436,-73.918744
B..N65R,680,40.833604,-73.918591
B..N65R,681,40.833771,-73.918440
B..N65R,682,40.837691,-73.914603
B..N65R,683,40.837801,-73.914503
B..N65R,684,40.837912,-73.914405
B..N65R,685,40.838023,-73.914310
B..N65R,686,40.838133,-73.914218
B..N65R,687,40.838242,-73.914129
B..N65R,688,40.838351,-73.914043
B..N65R,689,40.838459,-73.913960
B..N65R,690,40.838567,-73.913879
B..N65R,691,40.838674,-73.913802
B..N65R,692,40.838781,-73.913728
B..N65R,693,40.838887,-73.913656
B..N65R,694,40.838992,-73.913588
B..N65R,695,40.839097,-73.913522
B..N65R,696,40.839202,-73.913460
B..N65R,697,40.839306,-73.913400
B..N65R,698,40.839370,-73.913362
B..N65R,699,40.839436,-73.913326
B..N65R,700,40.839503,-73.913289
B..N65R,701,40.839572,-73.913253
B..N65R,702,40.839644,-73.913216
B..N65R,703,40.839717,-73.913180
B..N65R,704,40.839793,-73.913143
B..N65R,705,40.839870,-73.913107
B..N65R,706,40.839949,-73.913070
B..N65R,707,40.840031,-73.913034
B..N65R,708,40.840115,-73.912997
B..N65R,709,40.840200,-73.912961
B..N65R,710,40.840288,-73.912924
B..N65R,711,40.840377,-73.912888
B..N65R,712,40.840469,-73.912850
B..N65R,713,40.844055,-73.911640
B..N65R,714,40.844201,-73.911575
B..N65R,715,40.844343,-73.911505
B..N65R,716,40.844482,-73.911430
B..N65R,717,40.844618,-73.911351
B..N65R,718,40.844751,-73.911266
B..N65R,719,40.844880,-73.911176
B..N65R,720,40.845006,-73.911080
B..N65R,721,40.845129,-73.910980
B..N65R,722,40.845249,-73.910875
B..N65R,723,40.845365,-73.910765
B..N65R,724,40.845478,-73.910650
B..N65R,725,40.845588,-73.910529
B..N65R,726,40.845695,-73.910404
B..N65R,727,40.845799,-73.910273
B..N65R,728,40.845900,-73.910136
B..N65R,729,40.846868,-73.908755
B..N65R,730,40.847028,-73.908535
B..N65R,731,40.847187,-73.908324
B..N65R,732,40.847343,-73.908121
B..N65R,733,40.847497,-73.907926
B..N65R,734,40.847649,-73.907739
B..N65R,735,40.847799,-73.907560
B..N65R,736,40.847947,-73.907389
B..N65R,737,40.848093,-73.907227
B..N65R,738,40.848236,-73.907072
B..N65R,739,40.848378,-73.906925
B..N65R,740,40.848518,-73.906787
B..N65R,741,40.848656,-73.906656
B..N65R,742,40.848791,-73.906534
B..N65R,743,40.848925,-73.906419
B..N65R,744,40.849058,-73.906311
B..N65R,745,40.850410,-73.905227
B..N65R,746,40.854996,-73.901532
B..N65R,747,40.855064,-73.901476
B..N65R,748,40.855133,-73.901420
B..N65R,749,40.855203,-73.901365
B..N65R,750,40.855273,-73.901310
B..N65R,751,40.855344,-73.901256
B..N65R,752,40.855416,-73.901202
B..N65R,753,40.855488,-73.901148
B..N65R,754,40.855562,-73.901096
B..N65R,755,40.855636,-73.901043
B..N65R,756,40.855710,-73.900992
B..N65R,757,40.855786,-73.900940
B..N65R,758,40.855862,-73.900890
B..N65R,759,40.855938,-73.900840
B..N65R,760,40.856016,-73.900790
B..N65R,761,40.856093,-73.900741
B..N65R,762,40.858881,-73.899078
B..N65R,763,40.858948,-73.899037
B..N65R,764,40.859014,-73.898997
B..N65R,765,40.859081,-73.898957
B..N65R,766,40.859147,-73.898918
B..N65R,767,40.859213,-73.898880
B..N65R,768,40.859280,-73.898842
B..N65R,769,40.859346,-73.898804
B..N65R,770,40.859412,-73.898768
B..N65R,771,40.859478,-73.898731
B..N65R,772,40.859544,-73.898695
B..N65R,773,40.859610,-73.898660
B..N65R,774,40.859676,-73.898625
B..N65R,775,40.859742,-73.898591
B..N65R,776,40.859807,-73.898557
B..N65R,777,40.859873,-73.898523
B..N65R,778,40.861296,-73.897749
B..N65R,779,40.862073,-73.897337
B..N65R,780,40.862151,-73.897292
B..N65R,781,40.862227,-73.897247
B..N65R,782,40.862303,-73.897202
B..N65R,783,40.862377,-73.897157
B..N65R,784,40.862450,-73.897111
B..N65R,785,40.862521,-73.897064
B..N65R,786,40.862591,-73.897017
B..N65R,787,40.862660,-73.896970
B..N65R,788,40.862728,-73.896923
B..N65R,789,40.862795,-73.896875
B..N65R,790,40.862860,-73.896827
B..N65R,791,40.862924,-73.896779
B..N65R,792,40.862986,-73.896730
B..N65R,793,40.863048,-73.896681
B..N65R,794,40.863108,-73.896631
B..N65R,795,40.866103,-73.894164
B..N65R,796,40.866978,-73.893509
B..N65R,797,40.868949,-73.891998
B..N65R,798,40.869074,-73.891891
B..N65R,799,40.869195,-73.891781
B..N65R,800,40.869312,-73.891671
B..N65R,801,40.869424,-73.891560
B..N65R,802,40.869533,-73.891448
B..N65R,803,40.869639,-73.891336
B..N65R,804,40.869740,-73.891223
B..N65R,805,40.869837,-73.891109
B..N65R,806,40.869931,-73.890995
B..N65R,807,40.870020,-73.890880
B..N65R,808,40.870106,-73.890765
B..N65R,809,40.870188,-73.890649
B..N65R,810,40.870266,-73.890532
B..N65R,811,40.870341,-73.890415
B..N65R,812,40.870411,-73.890297
B..N65R,813,40.870901,-73.889495
B..N65R,814,40.870952,-73.889396
B..N65R,815,40.871006,-73.889299
B..N65R,816,40.871061,-73.889205
B..N65R,817,40.871118,-73.889113
B..N65R,818,40.871175,-73.889024
B..N65R,819,40.871233,-73.888938
B..N65R,820,40.871292,-73.888854
B..N65R,821,40.871352,-73.888773
B..N65R,822,40.871413,-73.888695
B..N65R,823,40.871475,-73.888619
B..N65R,824,40.871539,-73.888546
B..N65R,825,40.871603,-73.888476
B..N65R,826,40.871668,-73.888408
B..N65R,827,40.871734,-73.888343
B..N65R,828,40.871801,-73.888279
B..N65R,829,40.873244,-73.887138
C..N04R,0,40.675377,-73.872106
C..N04R,1,40.674130,-73.880750
C..N04R,2,40.672710,-73.890358
C..N04R,3,40.672196,-73.893830
C..N04R,4,40.672159,-73.894094
C..N04R,5,40.672140,-73.894340
C..N04R,6,40.672138,-73.894572
C..N04R,7,40.672154,-73.894790
C..N04R,8,40.672186,-73.894994
C..N04R,9,40.672236,-73.895184
C..N04R,10,40.672302,-73.895360
C..N04R,11,40.672386,-73.895522
C..N04R,12,40.672487,-73.895671
C..N04R,13,40.672605,-73.895805
C..N04R,14,40.672739,-73.895925
C..N04R,15,40.672891,-73.896032
C..N04R,16,40.673061,-73.896124
C..N04R,17,40.673247,-73.896202
C..N04R,18,40.673448,-73.896264
C..N04R,19,40.674542,-73.896548
C..N04R,20,40.676653,-73.897088
C..N04R,21,40.676834,-73.897162
C..N04R,22,40.677001,-73.897255
C..N04R,23,40.677156,-73.897365
C..N04R,24,40.677299,-73.897492
C..N04R,25,40.677430,-73.897637
C..N04R,26,40.677549,-73.897799
C..N04R,27,40.677657,-73.897979
C..N04R,28,40.677752,-73.898176
C..N04R,29,40.677836,-73.898390
C..N04R,30,40.677908,-73.898621
C..N04R,31,40.677969,-73.898870
C..N04R,32,40.678017,-73.899135
C..N04R,33,40.678054,-73.899419
C..N04R,34,40.678079,-73.899719
C..N04R,35,40.678093,-73.900033
C..N04R,36,40.678112,-73.900444
C..N04R,37,40.678114,-73.900494
C..N04R,38,40.678117,-73.900543
C..N04R,39,40.678120,-73.900593
C..N04R,40,40.678123,-73.900641
C..N04R,41,40.678126,-73.900690
C..N04R,42,40.678130,-73.900738
C..N04R,43,40.678134,-73.900785
C..N04R,44,40.678138,-73.900833
C..N04R,45,40.678142,-73.900879
C..N04R,46,40.678147,-73.900926
C..N04R,47,40.678152,-73.900972
C..N04R,48,40.678157,-73.901017
C..N04R,49,40.678162,-73.901063
C..N04R,50,40.678168,-73.901108
C..N04R,51,40.678174,-73.901152
C..N04R,52,40.678361,-73.902619
C..N04R,53,40.678365,-73.902668
C..N04R,54,40.678369,-73.902717
C..N04R,55,40.678373,-73.902767
C..N04R,56,40.678376,-73.902816
C..N04R,57,40.678379,-73.902866
C..N04R,58,40.678382,-73.902915
C..N04R,59,40.678384,-73.902965
C..N04R,60,40.678386,-73.903015
C..N04R,61,40.678388,-73.903065
C..N04R,62,40.678389,-73.903115
C..N04R,63,40.678390,-73.903165
C..N04R,64,40.678390,-73.903215
C..N04R,65,40.678391,-73.903266
C..N04R,66,40.678390,-73.903316
C..N04R,67,40.678390,-73.903367
C..N04R,68,40.678334,-73.905316
C..N04R,69,40.678227,-73.907997
C..N04R,70,40.678221,-73.908133
C..N04R,71,40.678217,-73.908270
C..N04R,72,40.678213,-73.908405
C..N04R,73,40.678211,-73.908539
C..N04R,74,40.678209,-73.908673
C..N04R,75,40.678207,-73.908805
C..N04R,76,40.678207,-73.908936
C..N04R,77,40.678207,-73.909066
C..N04R,78,40.678208,-73.909195
C..N04R,79,40.678210,-73.909323
C..N04R,80,40.678213,-73.909449
C..N04R,81,40.678216,-73.909575
C..N04R,82,40.678220,-73.909700
C..N04R,83,40.678225,-73.909823
C..N04R,84,40.678231,-73.909946
C..N04R,85,40.678340,-73.911946
C..N04R,86,40.678822,-73.920786
C..N04R,87,40.679364,-73.930729
C..N04R,88,40.679921,-73.940858
C..N04R,89,40.680438,-73.950426
C..N04R,90,40.680543,-73.952338
C..N04R,91,40.680548,-73.952432
C..N04R,92,40.680554,-73.952527
C..N04R,93,40.680561,-73.952624
C..N04R,94,40.680570,-73.952721
C..N04R,95,40.680580,-73.952821
C..N04R,96,40.680591,-73.952921
C..N04R,97,40.680604,-73.953023
C..N04R,98,40.680618,-73.953127
C..N04R,99,40.680634,-73.953232
C..N04R,100,40.680651,-73.953339
C..N04R,101,40.680669,-73.953447
C..N04R,102,40.680689,-73.953556
C..N04R,103,40.680710,-73.953667
C..N04R,104,40.680733,-73.953779
C..N04R,105,40.680757,-73.953893
C..N04R,106,40.681380,-73.956848
C..N04R,107,40.683263,-73.965838
C..N04R,108,40.683595,-73.967430
C..N04R,109,40.683608,-73.967499
C..N04R,110,40.683624,-73.967566
C..N04R,111,40.683640,-73.967634
C..N04R,112,40.683657,-73.967701
C..N04R,113,40.683675,-73.967769
C..N04R,114,40.683694,-73.967837
C..N04R,115,40.683715,-73.967904
C..N04R,116,40.683736,-73.967972
C..N04R,117,40.683758,-73.968039
C..N04R,118,40.683781,-73.968107
C..N04R,119,40.683805,-73.968175
C..N04R,120,40.683830,-73.968242
C..N04R,121,40.683856,-73.968310
C..N04R,122,40.683883,-73.968377
C..N04R,123,40.683911,-73.968445
C..N04R,124,40.686113,-73.973946
C..N04R,125,40.686720,-73.975438
C..N04R,126,40.686754,-73.975530
C..N04R,127,40.686786,-73.975621
C..N04R,128,40.686815,-73.975711
C..N04R,129,40.686842,-73.975803
C..N04R,130,40.686866,-73.975894
C..N04R,131,40.686888,-73.975986
C..N04R,132,40.686907,-73.976078
C..N04R,133,40.686924,-73.976170
C..N04R,134,40.686938,-73.976263
C..N04R,135,40.686950,-73.976356
C..N04R,136,40.686960,-73.976449
C..N04R,137,40.686966,-73.976543
C..N04R,138,40.686971,-73.976637
C..N04R,139,40.686973,-73.976731
C..N04R,140,40.686971,-73.976828
C..N04R,141,40.686762,-73.978621
C..N04R,142,40.686747,-73.978751
C..N04R,143,40.686735,-73.978877
C..N04R,144,40.686726,-73.979002
C..N04R,145,40.686721,-73.979124
C..N04R,146,40.686718,-73.979245
C..N04R,147,40.686718,-73.979363
C..N04R,148,40.686720,-73.979480
C..N04R,149,40.686726,-73.979594
C..N04R,150,40.686735,-73.979706
C..N04R,151,40.686747,-73.979816
C..N04R,152,40.686762,-73.979924
C..N04R,153,40.686779,-73.980030
C..N04R,154,40.686800,-73.980134
C..N04R,155,40.686823,-73.980236
C..N04R,156,40.686851,-73.980336
C..N04R,157,40.686969,-73.980738
C..N04R,158,40.686977,-73.980774
C..N04R,159,40.686986,-73.980810
C..N04R,160,40.686995,-73.980847
C..N04R,161,40.687004,-73.980884
C..N04R,162,40.687014,-73.980921
C..N04R,163,40.687025,-73.980958
C..N04R,164,40.687036,-73.980996
C..N04R,165,40.687048,-73.981034
C..N04R,166,40.687060,-73.981072
C..N04R,167,40.687073,-73.981110
C..N04R,168,40.687086,-73.981149
C..N04R,169,40.687100,-73.981188
C..N04R,170,40.687114,-73.981227
C..N04R,171,40.687129,-73.981266
C..N04R,172,40.687144,-73.981306
C..N04R,173,40.687350,-73.981883
C..N04R,174,40.687376,-73.981953
C..N04R,175,40.687403,-73.982022
C..N04R,176,40.687429,-73.982091
C..N04R,177,40.687455,-73.982160
C..N04R,178,40.687480,-73.982229
C..N04R,179,40.687505,-73.982299
C..N04R,180,40.687531,-73.982368
C..N04R,181,40.687555,-73.982438
C..N04R,182,40.687580,-73.982508
C..N04R,183,40.687604,-73.982578
C..N04R,184,40.687629,-73.982648
C..N04R,185,40.687653,-73.982718
C..N04R,186,40.687676,-73.982789
C..N04R,187,40.687700,-73.982859
C..N04R,188,40.687723,-73.982930
C..N04R,189,40.687747,-73.983005
C..N04R,190,40.687771,-73.983080
C..N04R,191,40.687795,-73.983155
C..N04R,192,40.687820,-73.983229
C..N04R,193,40.687845,-73.983304
C..N04R,194,40.687870,-73.983379
C..N04R,195,40.687896,-73.983454
C..N04R,196,40.687922,-73.983528
C..N04R,197,40.687948,-73.983603
C..N04R,198,40.687975,-73.983678
C..N04R,199,40.688002,-73.983752
C..N04R,200,40.688029,-73.983827
C..N04R,201,40.688056,-73.983901
C..N04R,202,40.688084,-73.983976
C..N04R,203,40.688112,-73.984050
C..N04R,204,40.688484,-73.985001
C..N04R,205,40.689409,-73.987376
C..N04R,206,40.689472,-73.987486
C..N04R,207,40.689540,-73.987586
C..N04R,208,40.689610,-73.987672
C..N04R,209,40.689684,-73.987747
C..N04R,210,40.689761,-73.987809
C..N04R,211,40.689841,-73.987858
C..N04R,212,40.689924,-73.987895
C..N04R,213,40.690011,-73.987920
C..N04R,214,40.690100,-73.987932
C..N04R,215,40.690192,-73.987931
C..N04R,216,40.690288,-73.987918
C..N04R,217,40.690387,-73.987892
C..N04R,218,40.690489,-73.987854
C..N04R,219,40.690594,-73.987803
C..N04R,220,40.690701,-73.987738
C..N04R,221,40.690945,-73.987582
C..N04R,222,40.690993,-73.987556
C..N04R,223,40.691041,-73.987532
C..N04R,224,40.691089,-73.987509
C..N04R,225,40.691138,-73.987488
C..N04R,226,40.691187,-73.987469
C..N04R,227,40.691236,-73.987452
C..N04R,228,40.691286,-73.987437
C..N04R,229,40.691336,-73.987423
C..N04R,230,40.691386,-73.987412
C..N04R,231,40.691437,-73.987402
C..N04R,232,40.691488,-73.987394
C..N04R,233,40.691539,-73.987387
C..N04R,234,40.691591,-73.987383
C..N04R,235,40.691643,-73.987380
C..N04R,236,40.691695,-73.987379
C..N04R,237,40.692332,-73.987343
C..N04R,238,40.692338,-73.987342
C..N04R,239,40.692346,-73.987343
C..N04R,240,40.693682,-73.987277
C..N04R,241,40.693715,-73.987276
C..N04R,242,40.693748,-73.987273
C..N04R,243,40.693782,-73.987271
C..N04R,244,40.693816,-73.987268
C..N04R,245,40.693850,-73.987265
C..N04R,246,40.693884,-73.987262
C..N04R,247,40.693919,-73.987259
C..N04R,248,40.693953,-73.987255
C..N04R,249,40.693988,-73.987252
C..N04R,250,40.694024,-73.987248
C..N04R,251,40.694059,-73.987244
C..N04R,252,40.694095,-73.987240
C..N04R,253,40.694131,-73.987235
C..N04R,254,40.694167,-73.987231
C..N04R,255,40.694204,-73.987226
C..N04R,256,40.694334,-73.987211
C..N04R,257,40.694364,-73.987206
C..N04R,258,40.694394,-73.987202
C..N04R,259,40.694424,-73.987198
C..N04R,260,40.694455,-73.987194
C..N04R,261,40.694487,-73.987191
C..N04R,262,40.694519,-73.987187
C..N04R,263,40.694551,-73.987184
C..N04R,264,40.694585,-73.987182
C..N04R,265,40.694618,-73.987179
C..N04R,266,40.694652,-73.987177
C..N04R,267,40.694687,-73.987175
C..N04R,268,40.694722,-73.987173
C..N04R,269,40.694758,-73.987172
C..N04R,270,40.694794,-73.987171
C..N04R,271,40.694832,-73.987170
C..N04R,272,40.697395,-73.987036
C..N04R,273,40.697629,-73.987053
C..N04R,274,40.697848,-73.987090
C..N04R,275,40.698052,-73.987146
C..N04R,276,40.698240,-73.987221
C..N04R,277,40.698413,-73.987316
C..N04R,278,40.698570,-73.987429
C..N04R,279,40.698713,-73.987562
C..N04R,280,40.698840,-73.987713
C..N04R,281,40.698951,-73.987884
C..N04R,282,40.699047,-73.988074
C..N04R,283,40.699128,-73.988283
C..N04R,284,40.699194,-73.988511
C..N04R,285,40.699244,-73.988758
C..N04R,286,40.699279,-73.989025
C..N04R,287,40.699300,-73.989309
C..N04R,288,40.699337,-73.990531
C..N04R,289,40.699368,-73.991305
C..N04R,290,40.699375,-73.991423
C..N04R,291,40.699382,-73.991539
C..N04R,292,40.699391,-73.991654
C..N04R,293,40.699402,-73.991768
C..N04R,294,40.699414,-73.991880
C..N04R,295,40.699428,-73.991991
C..N04R,296,40.699444,-73.992101
C..N04R,297,40.699461,-73.992209
C..N04R,298,40.699480,-73.992316
C..N04R,299,40.699500,-73.992422
C..N04R,300,40.699523,-73.992527
C..N04R,301,40.699546,-73.992630
C..N04R,302,40.699572,-73.992732
C..N04R,303,40.699599,-73.992833
C..N04R,304,40.699629,-73.992931
C..N04R,305,40.700539,-73.996206
C..N04R,306,40.700676,-73.996623
C..N04R,307,40.700823,-73.997030
C..N04R,308,40.700978,-73.997422
C..N04R,309,40.701141,-73.997800
C..N04R,310,40.701312,-73.998162
C..N04R,311,40.701491,-73.998509
C..N04R,312,40.701679,-73.998841
C..N04R,313,40.701875,-73.999159
C..N04R,314,40.702079,-73.999461
C..N04R,315,40.702291,-73.999749
C..N04R,316,40.702511,-74.000021
C..N04R,317,40.702740,-74.000279
C..N04R,318,40.702976,-74.000522
C..N04R,319,40.703221,-74.000749
C..N04R,320,40.703473,-74.000966
C..N04R,321,40.708461,-74.004845
C..N04R,322,40.708525,-74.004894
C..N04R,323,40.708589,-74.004947
C..N04R,324,40.708651,-74.005002
C..N04R,325,40.708712,-74.005061
C..N04R,326,40.708771,-74.005122
C..N04R,327,40.708830,-74.005187
C..N04R,328,40.708886,-74.005254
C..N04R,329,40.708941,-74.005325
C..N04R,330,40.708995,-74.005398
C..N04R,331,40.709048,-74.005475
C..N04R,332,40.709099,-74.005554
C..N04R,333,40.709148,-74.005637
C..N04R,334,40.709197,-74.005722
C..N04R,335,40.709244,-74.005811
C..N04R,336,40.709287,-74.005900
C..N04R,337,40.710197,-74.007691
C..N04R,338,40.711226,-74.009737
C..N04R,339,40.711291,-74.009837
C..N04R,340,40.711358,-74.009924
C..N04R,341,40.711427,-74.009999
C..N04R,342,40.711498,-74.010062
C..N04R,343,40.711571,-74.010112
C..N04R,344,40.711645,-74.010149
C..N04R,345,40.711722,-74.010174
C..N04R,346,40.711801,-74.010187
C..N04R,347,40.711881,-74.010187
C..N04R,348,40.711963,-74.010175
C..N04R,349,40.712048,-74.010150
C..N04R,350,40.712134,-74.010113
C..N04R,351,40.712222,-74.010063
C..N04R,352,40.712312,-74.010001
C..N04R,353,40.712405,-74.009926
C..N04R,354,40.714111,-74.008585
C..N04R,355,40.718039,-74.005494
C..N04R,356,40.718106,-74.005447
C..N04R,357,40.718174,-74.005404
C..N04R,358,40.718242,-74.005365
C..N04R,359,40.718310,-74.005329
C..N04R,360,40.718379,-74.005297
C..N04R,361,40.718449,-74.005268
C..N04R,362,40.718519,-74.005243
C..N04R,363,40.718589,-74.005222
C..N04R,364,40.718660,-74.005203
C..N04R,365,40.718732,-74.005189
C..N04R,366,40.718804,-74.005178
C..N04R,367,40.718876,-74.005170
C..N04R,368,40.718949,-74.005166
C..N04R,369,40.719022,-74.005164
C..N04R,370,40.719096,-74.005166
C..N04R,371,40.720785,-74.005230
C..N04R,372,40.720824,-74.005229
C..N04R,373,40.721758,-74.005294
C..N04R,374,40.721824,-74.005299
C..N04R,375,40.721889,-74.005302
C..N04R,376,40.721953,-74.005304
C..N04R,377,40.722016,-74.005304
C..N04R,378,40.722078,-74.005302
C..N04R,379,40.722140,-74.005299
C..N04R,380,40.722201,-74.005293
C..N04R,381,40.722261,-74.005286
C..N04R,382,40.722320,-74.005278
C..N04R,383,40.722379,-74.005267
C..N04R,384,40.722436,-74.005255
C..N04R,385,40.722493,-74.005241
C..N04R,386,40.722549,-74.005225
C..N04R,387,40.722605,-74.005208
C..N04R,388,40.722659,-74.005189
C..N04R,389,40.726227,-74.003739
C..N04R,390,40.728583,-74.002720
C..N04R,391,40.728621,-74.002705
C..N04R,392,40.728661,-74.002689
C..N04R,393,40.728702,-74.002673
C..N04R,394,40.728744,-74.002655
C..N04R,395,40.728787,-74.002637
C..N04R,396,40.728831,-74.002617
C..N04R,397,40.728876,-74.002597
C..N04R,398,40.728922,-74.002575
C..N04R,399,40.728970,-74.002552
C..N04R,400,40.729019,-74.002529
C..N04R,401,40.729068,-74.002504
C..N04R,402,40.729119,-74.002478
C..N04R,403,40.729171,-74.002452
C..N04R,404,40.729225,-74.002424
C..N04R,405,40.729279,-74.002395
C..N04R,406,40.730820,-74.001552
C..N04R,407,40.730845,-74.001539
C..N04R,408,40.730871,-74.001525
C..N04R,409,40.730897,-74.001511
C..N04R,410,40.730922,-74.001497
C..N04R,411,40.730948,-74.001482
C..N04R,412,40.730975,-74.001467
C..N04R,413,40.731001,-74.001451
C..N04R,414,40.731027,-74.001435
C..N04R,415,40.731054,-74.001419
C..N04R,416,40.731080,-74.001402
C..N04R,417,40.731107,-74.001385
C..N04R,418,40.731134,-74.001367
C..N04R,419,40.731161,-74.001349
C..N04R,420,40.731189,-74.001331
C..N04R,421,40.731216,-74.001312
C..N04R,422,40.732312,-74.000515
C..N04R,423,40.732338,-74.000495
C..N04R,424,40.732362,-74.000477
C..N04R,425,40.733324,-73.999777
C..N04R,426,40.733391,-73.999736
C..N04R,427,40.733459,-73.999702
C..N04R,428,40.733527,-73.999674
C..N04R,429,40.733596,-73.999652
C..N04R,430,40.733666,-73.999636
C..N04R,431,40.733736,-73.999626
C..N04R,432,40.733807,-73.999621
C..N04R,433,40.733878,-73.999622
C..N04R,434,40.733949,-73.999629
C..N04R,435,40.734021,-73.999642
C..N04R,436,40.734094,-73.999660
C..N04R,437,40.734167,-73.999685
C..N04R,438,40.734240,-73.999715
C..N04R,439,40.734314,-73.999750
C..N04R,440,40.734389,-73.999792
C..N04R,441,40.738807,-74.002433
C..N04R,442,40.738885,-74.002477
C..N04R,443,40.738964,-74.002514
C..N04R,444,40.739043,-74.002544
C..N04R,445,40.739121,-74.002567
C..N04R,446,40.739200,-74.002583
C..N04R,447,40.739278,-74.002592
C..N04R,448,40.739356,-74.002594
C..N04R,449,40.739434,-74.002590
C..N04R,450,40.739512,-74.002578
C..N04R,451,40.739589,-74.002560
C..N04R,452,40.739666,-74.002535
C..N04R,453,40.739744,-74.002502
C..N04R,454,40.739821,-74.002463
C..N04R,455,40.739897,-74.002417
C..N04R,456,40.739974,-74.002363
C..N04R,457,40.740893,-74.001690
C..N04R,458,40.745906,-73.998041
C..N04R,459,40.752287,-73.993391
C..N04R,460,40.757308,-73.989735
C..N04R,461,40.762456,-73.985984
C..N04R,462,40.763365,-73.985322
C..N04R,463,40.764986,-73.984138
C..N04R,464,40.768296,-73.981736
C..N04R,465,40.775594,-73.976410
C..N04R,466,40.781433,-73.972143
C..N04R,467,40.785868,-73.968916
C..N04R,468,40.791642,-73.964696
C..N04R,469,40.796092,-73.961454
C..N04R,470,40.800603,-73.958161
C..N04R,471,40.805085,-73.954882
C..N04R,472,40.807267,-73.953288
C..N04R,473,40.807330,-73.953236
C..N04R,474,40.807392,-73.953190
C..N04R,475,40.807455,-73.953148
C..N04R,476,40.807519,-73.953110
C..N04R,477,40.807583,-73.953075
C..N04R,478,40.807647,-73.953045
C..N04R,479,40.807711,-73.953018
C..N04R,480,40.807777,-73.952995
C..N04R,481,40.807842,-73.952976
C..N04R,482,40.807908,-73.952961
C..N04R,483,40.807975,-73.952950
C..N04R,484,40.808042,-73.952942
C..N04R,485,40.808109,-73.952939
C..N04R,486,40.808177,-73.952939
C..N04R,487,40.808245,-73.952941
C..N04R,488,40.809638,-73.953030
C..N04R,489,40.809699,-73.953033
C..N04R,490,40.809757,-73.953034
C..N04R,491,40.809815,-73.953033
C..N04R,492,40.809872,-73.953030
C..N04R,493,40.809927,-73.953025
C..N04R,494,40.809981,-73.953017
C..N04R,495,40.810035,-73.953007
C..N04R,496,40.810087,-73.952995
C..N04R,497,40.810138,-73.952980
C..N04R,498,40.810188,-73.952963
C..N04R,499,40.810237,-73.952943
C..N04R,500,40.810285,-73.952922
C..N04R,501,40.810332,-73.952898
C..N04R,502,40.810377,-73.952872
C..N04R,503,40.810422,-73.952842
C..N04R,504,40.811109,-73.952343
C..N04R,505,40.811167,-73.952300
C..N04R,506,40.811223,-73.952256
C..N04R,507,40.811279,-73.952210
C..N04R,508,40.811335,-73.952164
C..N04R,509,40.811390,-73.952117
C..N04R,510,40.811445,-73.952068
C..N04R,511,40.811500,-73.952019
C..N04R,512,40.811554,-73.951969
C..N04R,513,40.811608,-73.951917
C..N04R,514,40.811661,-73.951865
C..N04R,515,40.811714,-73.951811
C..N04R,516,40.811767,-73.951757
C..N04R,517,40.811819,-73.951701
C..N04R,518,40.811871,-73.951645
C..N04R,519,40.811923,-73.951586
C..N04R,520,40.812906,-73.950604
C..N04R,521,40.812938,-73.950568
C..N04R,522,40.812971,-73.950533
C..N04R,523,40.813004,-73.950498
C..N04R,524,40.813038,-73.950464
C..N04R,525,40.813073,-73.950430
C..N04R,526,40.813109,-73.950397
C..N04R,527,40.813145,-73.950363
C..N04R,528,40.813181,-73.950331
C..N04R,529,40.813219,-73.950298
C..N04R,530,40.813257,-73.950266
C..N04R,531,40.813296,-73.950234
C..N04R,532,40.813335,-73.950203
C..N04R,533,40.813376,-73.950172
C..N04R,534,40.813416,-73.950141
C..N04R,535,40.813459,-73.950112
C..N04R,536,40.814704,-73.949202
C..N04R,537,40.814741,-73.949174
C..N04R,538,40.814778,-73.949147
C..N04R,539,40.814815,-73.949121
C..N04R,540,40.814853,-73.949095
C..N04R,541,40.814892,-73.949070
C..N04R,542,40.814930,-73.949046
C..N04R,543,40.814969,-73.949023
C..N04R,544,40.815009,-73.949000
C..N04R,545,40.815049,-73.948977
C..N04R,546,40.815089,-73.948956
C..N04R,547,40.815130,-73.948935
C..N04R,548,40.815171,-73.948914
C..N04R,549,40.815212,-73.948895
C..N04R,550,40.815254,-73.948875
C..N04R,551,40.815297,-73.948857
C..N04R,552,40.817894,-73.947649
C..N04R,553,40.823696,-73.944947
C..N04R,554,40.823739,-73.944926
C..N04R,555,40.823781,-73.944904
C..N04R,556,40.823822,-73.944882
C..N04R,557,40.823862,-73.944860
C..N04R,558,40.823902,-73.944837
C..N04R,559,40.823941,-73.944814
C..N04R,560,40.823980,-73.944791
C..N04R,561,40.824018,-73.944767
C..N04R,562,40.824055,-73.944743
C..N04R,563,40.824092,-73.944719
C..N04R,564,40.824127,-73.944694
C..N04R,565,40.824163,-73.944669
C..N04R,566,40.824197,-73.944643
C..N04R,567,40.824231,-73.944617
C..N04R,568,40.824264,-73.944591
C..N04R,569,40.824783,-73.944216
C..N04R,570,40.824882,-73.944148
C..N04R,571,40.825903,-73.943403
C..N04R,572,40.825938,-73.943379
C..N04R,573,40.825975,-73.943355
C..N04R,574,40.826012,-73.943333
C..N04R,575,40.826049,-73.943311
C..N04R,576,40.826087,-73.943289
C..N04R,577,40.826125,-73.943269
C..N04R,578,40.826164,-73.943249
C..N04R,579,40.826202,-73.943229
C..N04R,580,40.826242,-73.943211
C..N04R,581,40.826281,-73.943193
C..N04R,582,40.826321,-73.943176
C..N04R,583,40.826362,-73.943159
C..N04R,584,40.826402,-73.943144
C..N04R,585,40.826444,-73.943128
C..N04R,586,40.826486,-73.943113
C..N04R,587,40.830518,-73.941514
C..N04R,588,40.832909,-73.940709
C..N04R,589,40.832940,-73.940700
C..N04R,590,40.832971,-73.940690
C..N04R,591,40.833003,-73.940680
C..N04R,592,40.833035,-73.940670
C..N04R,593,40.833067,-73.940659
C..N04R,594,40.833100,-73.940648
C..N04R,595,40.833133,-73.940637
C..N04R,596,40.833166,-73.940625
C..N04R,597,40.833199,-73.940613
C..N04R,598,40.833233,-73.940600
C..N04R,599,40.833266,-73.940587
C..N04R,600,40.833301,-73.940574
C..N04R,601,40.833335,-73.940560
C..N04R,602,40.833370,-73.940546
C..N04R,603,40.833405,-73.940532
C..N04R,604,40.834797,-73.939915
C..N04R,605,40.834840,-73.939896
C..N04R,606,40.834883,-73.939880
C..N04R,607,40.834926,-73.939866
C..N04R,608,40.834970,-73.939853
C..N04R,609,40.835014,-73.939841
C..N04R,610,40.835059,-73.939832
C..N04R,611,40.835104,-73.939823
C..N04R,612,40.835150,-73.939817
C..N04R,613,40.835196,-73.939812
C..N04R,614,40.835242,-73.939809
C..N04R,615,40.835289,-73.939807
C..N04R,616,40.835337,-73.939807
C..N04R,617,40.835385,-73.939808
C..N04R,618,40.835433,-73.939811
C..N04R,619,40.835482,-73.939817
C..N04R,620,40.836013,-73.939892
C..N04R,621,40.836920,-73.940033
C..N04R,622,40.836954,-73.940037
C..N04R,623,40.836987,-73.940042
C..N04R,624,40.837021,-73.940046
C..N04R,625,40.837054,-73.940049
C..N04R,626,40.837087,-73.940052
C..N04R,627,40.837121,-73.940054
C..N04R,628,40.837154,-73.940055
C..N04R,629,40.837188,-73.940056
C..N04R,630,40.837221,-73.940057
C..N04R,631,40.837254,-73.940057
C..N04R,632,40.837288,-73.940056
C..N04R,633,40.837321,-73.940055
C..N04R,634,40.837354,-73.940053
C..N04R,635,40.837388,-73.940050
C..N04R,636,40.837421,-73.940047
C..N04R,637,40.839251,-73.939881
C..N04R,638,40.839308,-73.939876
C..N04R,639,40.839366,-73.939871
C..N04R,640,40.839423,-73.939865
C..N04R,641,40.839480,-73.939858
C..N04R,642,40.839537,-73.939851
C..N04R,643,40.839593,-73.939843
C..N04R,644,40.839649,-73.939834
C..N04R,645,40.839705,-73.939824
C..N04R,646,40.839760,-73.939814
C..N04R,647,40.839815,-73.939802
C..N04R,648,40.839869,-73.939790
C..N04R,649,40.839923,-73.939778
C..N04R,650,40.839977,-73.939764
C..N04R,651,40.840030,-73.939750
C..N04R,652,40.840083,-73.939735
C..N04R,653,40.840719,-73.939561
D..N05R,0,40.577422,-73.981233
D..N05R,1,40.578309,-73.981401
D..N05R,2,40.578339,-73.981405
D..N05R,3,40.578370,-73.981409
D..N05R,4,40.578400,-73.981412
D..N05R,5,40.578429,-73.981414
D..N05R,6,40.578459,-73.981415
D..N05R,7,40.578488,-73.981416
D..N05R,8,40.578518,-73.981415
D..N05R,9,40.578546,-73.981414
D..N05R,10,40.578575,-73.981413
D..N05R,11,40.578604,-73.981410
D..N05R,12,40.578632,-73.981407
D..N05R,13,40.578660,-73.981403
D..N05R,14,40.578688,-73.981398
D..N05R,15,40.578716,-73.981392
D..N05R,16,40.578743,-73.981386
D..N05R,17,40.578767,-73.981382
D..N05R,18,40.578792,-73.981379
D..N05R,19,40.578816,-73.981376
D..N05R,20,40.578841,-73.981373
D..N05R,21,40.578866,-73.981371
D..N05R,22,40.578891,-73.981370
D..N05R,23,40.578916,-73.981368
D..N05R,24,40.578942,-73.981368
D..N05R,25,40.578968,-73.981367
D..N05R,26,40.578993,-73.981367
D..N05R,27,40.579020,-73.981368
D..N05R,28,40.579046,-73.981369
D..N05R,29,40.579072,-73.981370
D..N05R,30,40.579099,-73.981372
D..N05R,31,40.579126,-73.981373
D..N05R,32,40.580445,-73.981460
D..N05R,33,40.580478,-73.981460
D..N05R,34,40.580511,-73.981460
D..N05R,35,40.580544,-73.981458
D..N05R,36,40.580576,-73.981456
D..N05R,37,40.580609,-73.981453
D..N05R,38,40.580641,-73.981448
D..N05R,39,40.580672,-73.981443
D..N05R,40,40.580704,-73.981437
D..N05R,41,40.580735,-73.981429
D..N05R,42,40.580765,-73.981421
D..N05R,43,40.580796,-73.981412
D..N05R,44,40.580826,-73.981401
D..N05R,45,40.580855,-73.981390
D..N05R,46,40.580885,-73.981377
D..N05R,47,40.580914,-73.981364
D..N05R,48,40.581268,-73.981208
D..N05R,49,40.581347,-73.981180
D..N05R,50,40.581426,-73.981153
D..N05R,51,40.581506,-73.981127
D..N05R,52,40.581586,-73.981102
D..N05R,53,40.581666,-73.981079
D..N05R,54,40.581747,-73.981057
D..N05R,55,40.581827,-73.981036
D..N05R,56,40.581909,-73.981016
D..N05R,57,40.581990,-73.980998
D..N05R,58,40.582072,-73.980980
D..N05R,59,40.582154,-73.980964
D..N05R,60,40.582236,-73.980949
D..N05R,61,40.582319,-73.980936
D..N05R,62,40.582402,-73.980923
D..N05R,63,40.582485,-73.980912
D..N05R,64,40.583361,-73.980814
D..N05R,65,40.583398,-73.980811
D..N05R,66,40.583434,-73.980808
D..N05R,67,40.583471,-73.980806
D..N05R,68,40.583509,-73.980805
D..N05R,69,40.583546,-73.980804
D..N05R,70,40.583583,-73.980805
D..N05R,71,40.583621,-73.980805
D..N05R,72,40.583659,-73.980807
D..N05R,73,40.583697,-73.980809
D..N05R,74,40.583735,-73.980812
D..N05R,75,40.583774,-73.980815
D..N05R,76,40.583812,-73.980819
D..N05R,77,40.583851,-73.980824
D..N05R,78,40.583890,-73.980830
D..N05R,79,40.583929,-73.980836
D..N05R,80,40.584227,-73.980891
D..N05R,81,40.584267,-73.980899
D..N05R,82,40.584306,-73.980909
D..N05R,83,40.584345,-73.980919
D..N05R,84,40.584384,-73.980930
D..N05R,85,40.584423,-73.980941
D..N05R,86,40.584461,-73.980954
D..N05R,87,40.584500,-73.980968
D..N05R,88,40.584538,-73.980982
D..N05R,89,40.584576,-73.980998
D..N05R,90,40.584614,-73.981014
D..N05R,91,40.584652,-73.981031
D..N05R,92,40.584689,-73.981049
D..N05R,93,40.584727,-73.981068
D..N05R,94,40.584764,-73.981088
D..N05R,95,40.584801,-73.981109
D..N05R,96,40.585098,-73.981289
D..N05R,97,40.585497,-73.981556
D..N05R,98,40.585595,-73.981625
D..N05R,99,40.585687,-73.981696
D..N05R,100,40.585776,-73.981767
D..N05R,101,40.585862,-73.981837
D..N05R,102,40.585943,-73.981908
D..N05R,103,40.586020,-73.981979
D..N05R,104,40.586094,-73.982050
D..N05R,105,40.586163,-73.982120
D..N05R,106,40.586229,-73.982191
D..N05R,107,40.586291,-73.982263
D..N05R,108,40.586349,-73.982334
D..N05R,109,40.586403,-73.982405
D..N05R,110,40.586454,-73.982476
D..N05R,111,40.586500,-73.982548
D..N05R,112,40.586543,-73.982620
D..N05R,113,40.586717,-73.982945
D..N05R,114,40.586751,-73.983004
D..N05R,115,40.586785,-73.983059
D..N05R,116,40.586819,-73.983111
D..N05R,117,40.586854,-73.983160
D..N05R,118,40.586889,-73.983204
D..N05R,119,40.586923,-73.983246
D..N05R,120,40.586958,-73.983283
D..N05R,121,40.586994,-73.983318
D..N05R,122,40.587029,-73.983348
D..N05R,123,40.587065,-73.983376
D..N05R,124,40.587100,-73.983399
D..N05R,125,40.587136,-73.983420
D..N05R,126,40.587172,-73.983436
D..N05R,127,40.587209,-73.983449
D..N05R,128,40.587245,-73.983459
D..N05R,129,40.588841,-73.983765
D..N05R,130,40.596359,-73.985196
D..N05R,131,40.596410,-73.985204
D..N05R,132,40.596459,-73.985217
D..N05R,133,40.596507,-73.985232
D..N05R,134,40.596555,-73.985251
D..N05R,135,40.596601,-73.985274
D..N05R,136,40.596646,-73.985299
D..N05R,137,40.596689,-73.985328
D..N05R,138,40.596732,-73.985359
D..N05R,139,40.596774,-73.985394
D..N05R,140,40.596814,-73.985433
D..N05R,141,40.596854,-73.985474
D..N05R,142,40.596892,-73.985519
D..N05R,143,40.596929,-73.985567
D..N05R,144,40.596965,-73.985618
D..N05R,145,40.597000,-73.985672
D..N05R,146,40.597704,-73.986829
D..N05R,147,40.601875,-73.993728
D..N05R,148,40.604556,-73.998168
D..N05R,149,40.606273,-74.001010
D..N05R,150,40.606317,-74.001077
D..N05R,151,40.606362,-74.001141
D..N05R,152,40.606409,-74.001201
D..N05R,153,40.606458,-74.001258
D..N05R,154,40.606508,-74.001310
D..N05R,155,40.606559,-74.001359
D..N05R,156,40.606612,-74.001405
D..N05R,157,40.606666,-74.001446
D..N05R,158,40.606722,-74.001484
D..N05R,159,40.606780,-74.001518
D..N05R,160,40.606839,-74.001549
D..N05R,161,40.606899,-74.001576
D..N05R,162,40.606961,-74.001599
D..N05R,163,40.607025,-74.001618
D..N05R,164,40.607090,-74.001634
D..N05R,165,40.607954,-74.001736
D..N05R,166,40.608860,-74.001840
D..N05R,167,40.608900,-74.001842
D..N05R,168,40.608941,-74.001843
D..N05R,169,40.608981,-74.001842
D..N05R,170,40.609022,-74.001841
D..N05R,171,40.609062,-74.001839
D..N05R,172,40.609103,-74.001836
D..N05R,173,40.609144,-74.001831
D..N05R,174,40.609184,-74.001826
D..N05R,175,40.609225,-74.001820
D..N05R,176,40.609266,-74.001813
D..N05R,177,40.609307,-74.001805
D..N05R,178,40.609348,-74.001796
D..N05R,179,40.609389,-74.001785
D..N05R,180,40.609431,-74.001774
D..N05R,181,40.609472,-74.001762
D..N05R,182,40.613501,-74.000610
D..N05R,183,40.619589,-73.998864
D..N05R,184,40.626472,-73.996895
D..N05R,185,40.631435,-73.995476
D..N05R,186,40.631491,-73.995461
D..N05R,187,40.631548,-73.995446
D..N05R,188,40.631605,-73.995431
D..N05R,189,40.631663,-73.995417
D..N05R,190,40.631721,-73.995403
D..N05R,191,40.631779,-73.995390
D..N05R,192,40.631838,-73.995377
D..N05R,193,40.631898,-73.995365
D..N05R,194,40.631958,-73.995353
D..N05R,195,40.632018,-73.995341
D..N05R,196,40.632079,-73.995330
D..N05R,197,40.632141,-73.995320
D..N05R,198,40.632203,-73.995310
D..N05R,199,40.632265,-73.995300
D..N05R,200,40.632328,-73.995292
D..N05R,201,40.636260,-73.994791
D..N05R,202,40.639520,-73.994373
D..N05R,203,40.639569,-73.994367
D..N05R,204,40.639618,-73.994362
D..N05R,205,40.639666,-73.994357
D..N05R,206,40.639712,-73.994352
D..N05R,207,40.639758,-73.994348
D..N05R,208,40.639803,-73.994344
D..N05R,209,40.639847,-73.994340
D..N05R,210,40.639890,-73.994336
D..N05R,211,40.639933,-73.994333
D..N05R,212,40.639974,-73.994330
D..N05R,213,40.640014,-73.994327
D..N05R,214,40.640054,-73.994325
D..N05R,215,40.640093,-73.994323
D..N05R,216,40.640130,-73.994321
D..N05R,217,40.640167,-73.994320
D..N05R,218,40.640914,-73.994304
D..N05R,219,40.643022,-73.994266
D..N05R,220,40.643071,-73.994263
D..N05R,221,40.643119,-73.994257
D..N05R,222,40.643166,-73.994248
D..N05R,223,40.643213,-73.994237
D..N05R,224,40.643258,-73.994223
D..N05R,225,40.643303,-73.994206
D..N05R,226,40.643347,-73.994186
D..N05R,227,40.643390,-73.994163
D..N05R,228,40.643433,-73.994138
D..N05R,229,40.643474,-73.994110
D..N05R,230,40.643515,-73.994079
D..N05R,231,40.643555,-73.994046
D..N05R,232,40.643594,-73.994009
D..N05R,233,40.643633,-73.993970
D..N05R,234,40.643670,-73.993928
D..N05R,235,40.644487,-73.993035
D..N05R,236,40.644565,-73.992967
D..N05R,237,40.644643,-73.992910
D..N05R,238,40.644720,-73.992865
D..N05R,239,40.644798,-73.992832
D..N05R,240,40.644875,-73.992811
D..N05R,241,40.644952,-73.992801
D..N05R,242,40.645029,-73.992803
D..N05R,243,40.645105,-73.992816
D..N05R,244,40.645182,-73.992841
D..N05R,245,40.645258,-73.992878
D..N05R,246,40.645334,-73.992927
D..N05R,247,40.645410,-73.992987
D..N05R,248,40.645485,-73.993058
D..N05R,249,40.645561,-73.993142
D..N05R,250,40.645636,-73.993237
D..N05R,251,40.646292,-73.994324
D..N05R,252,40.648984,-73.998756
D..N05R,253,40.648992,-73.998770
D..N05R,254,40.649001,-73.998784
D..N05R,255,40.649009,-73.998798
D..N05R,256,40.649017,-73.998813
D..N05R,257,40.649025,-73.998827
D..N05R,258,40.649033,-73.998842
D..N05R,259,40.649041,-73.998857
D..N05R,260,40.649049,-73.998873
D..N05R,261,40.649057,-73.998888
D..N05R,262,40.649064,-73.998904
D..N05R,263,40.649072,-73.998920
D..N05R,264,40.649080,-73.998936
D..N05R,265,40.649087,-73.998952
D..N05R,266,40.649095,-73.998968
D..N05R,267,40.649102,-73.998985
D..N05R,268,40.649221,-73.999251
D..N05R,269,40.649228,-73.999267
D..N05R,270,40.649235,-73.999282
D..N05R,271,40.649243,-73.999298
D..N05R,272,40.649250,-73.999314
D..N05R,273,40.649258,-73.999330
D..N05R,274,40.649266,-73.999346
D..N05R,275,40.649275,-73.999362
D..N05R,276,40.649283,-73.999378
D..N05R,277,40.649292,-73.999395
D..N05R,278,40.649301,-73.999411
D..N05R,279,40.649310,-73.999428
D..N05R,280,40.649320,-73.999444
D..N05R,281,40.649329,-73.999461
D..N05R,282,40.649339,-73.999478
D..N05R,283,40.649349,-73.999495
D..N05R,284,40.652741,-74.005152
D..N05R,285,40.652782,-74.005211
D..N05R,286,40.652825,-74.005261
D..N05R,287,40.652870,-74.005303
D..N05R,288,40.652917,-74.005337
D..N05R,289,40.652966,-74.005364
D..N05R,290,40.653017,-74.005382
D..N05R,291,40.653070,-74.005393
D..N05R,292,40.653125,-74.005395
D..N05R,293,40.653181,-74.005390
D..N05R,294,40.653240,-74.005377
D..N05R,295,40.653300,-74.005356
D..N05R,296,40.653363,-74.005328
D..N05R,297,40.653427,-74.005291
D..N05R,298,40.653494,-74.005246
D..N05R,299,40.653563,-74.005194
D..N05R,300,40.655144,-74.003549
D..N05R,301,40.660397,-73.998091
D..N05R,302,40.665414,-73.992872
D..N05R,303,40.665448,-73.992838
D..N05R,304,40.665483,-73.992804
D..N05R,305,40.665517,-73.992772
D..N05R,306,40.665552,-73.992739
D..N05R,307,40.665586,-73.992707
D..N05R,308,40.665620,-73.992675
D..N05R,309,40.665655,-73.992644
D..N05R,310,40.665689,-73.992612
D..N05R,311,40.665724,-73.992582
D..N05R,312,40.665758,-73.992551
D..N05R,313,40.665792,-73.992521
D..N05R,314,40.665827,-73.992491
D..N05R,315,40.665861,-73.992462
D..N05R,316,40.665896,-73.992433
D..N05R,317,40.665930,-73.992403
D..N05R,318,40.670847,-73.988302
D..N05R,319,40.675775,-73.984193
D..N05R,320,40.675831,-73.984147
D..N05R,321,40.675887,-73.984102
D..N05R,322,40.675942,-73.984059
D..N05R,323,40.675997,-73.984016
D..N05R,324,40.676050,-73.983975
D..N05R,325,40.676104,-73.983934
D..N05R,326,40.676156,-73.983895
D..N05R,327,40.676208,-73.983857
D..N05R,328,40.676259,-73.983820
D..N05R,329,40.676309,-73.983785
D..N05R,330,40.676359,-73.983750
D..N05R,331,40.676408,-73.983717
D..N05R,332,40.676457,-73.983684
D..N05R,333,40.676505,-73.983653
D..N05R,334,40.676552,-73.983623
D..N05R,335,40.677316,-73.983110
D..N05R,336,40.683666,-73.978810
D..N05R,337,40.684598,-73.978198
D..N05R,338,40.684641,-73.978169
D..N05R,339,40.684683,-73.978143
D..N05R,340,40.684726,-73.978118
D..N05R,341,40.684769,-73.978096
D..N05R,342,40.684811,-73.978075
D..N05R,343,40.684854,-73.978057
D..N05R,344,40.684897,-73.978040
D..N05R,345,40.684939,-73.978026
D..N05R,346,40.684982,-73.978014
D..N05R,347,40.685024,-73.978003
D..N05R,348,40.685067,-73.977995
D..N05R,349,40.685110,-73.977988
D..N05R,350,40.685152,-73.977984
D..N05R,351,40.685195,-73.977981
D..N05R,352,40.685237,-73.977980
D..N05R,353,40.687446,-73.978304
D..N05R,354,40.687496,-73.978312
D..N05R,355,40.687545,-73.978323
D..N05R,356,40.687594,-73.978338
D..N05R,357,40.687640,-73.978357
D..N05R,358,40.687686,-73.978380
D..N05R,359,40.687730,-73.978406
D..N05R,360,40.687773,-73.978436
D..N05R,361,40.687815,-73.978469
D..N05R,362,40.687855,-73.978506
D..N05R,363,40.687894,-73.978547
D..N05R,364,40.687931,-73.978592
D..N05R,365,40.687967,-73.978640
D..N05R,366,40.688002,-73.978691
D..N05R,367,40.688036,-73.978747
D..N05R,368,40.688068,-73.978805
D..N05R,369,40.688730,-73.980474
D..N05R,370,40.688760,-73.980545
D..N05R,371,40.688792,-73.980613
D..N05R,372,40.688827,-73.980678
D..N05R,373,40.688863,-73.980740
D..N05R,374,40.688902,-73.980798
D..N05R,375,40.688943,-73.980853
D..N05R,376,40.688986,-73.980905
D..N05R,377,40.689031,-73.980954
D..N05R,378,40.689078,-73.980999
D..N05R,379,40.689127,-73.981042
D..N05R,380,40.689178,-73.981081
D..N05R,381,40.689232,-73.981117
D..N05R,382,40.689287,-73.981149
D..N05R,383,40.689345,-73.981179
D..N05R,384,40.689405,-73.981205
D..N05R,385,40.690635,-73.981824
D..N05R,386,40.691559,-73.982304
D..N05R,387,40.693829,-73.983428
D..N05R,388,40.695138,-73.983934
D..N05R,389,40.697839,-73.985242
D..N05R,390,40.714897,-73.994713
D..N05R,391,40.714991,-73.994765
D..N05R,392,40.715087,-73.994810
D..N05R,393,40.715184,-73.994847
D..N05R,394,40.715281,-73.994877
D..N05R,395,40.715379,-73.994900
D..N05R,396,40.715478,-73.994915
D..N05R,397,40.715578,-73.994923
D..N05R,398,40.715678,-73.994923
D..N05R,399,40.715779,-73.994916
D..N05R,400,40.715881,-73.994901
D..N05R,401,40.715984,-73.994879
D..N05R,402,40.716087,-73.994849
D..N05R,403,40.716191,-73.994812
D..N05R,404,40.716296,-73.994767
D..N05R,405,40.716401,-73.994714
D..N05R,406,40.718267,-73.993753
D..N05R,407,40.721655,-73.992025
D..N05R,408,40.721684,-73.992010
D..N05R,409,40.721713,-73.991995
D..N05R,410,40.721742,-73.991981
D..N05R,411,40.721770,-73.991967
D..N05R,412,40.721799,-73.991954
D..N05R,413,40.721827,-73.991942
D..N05R,414,40.721856,-73.991931
D..N05R,415,40.721884,-73.991920
D..N05R,416,40.721912,-73.991909
D..N05R,417,40.721941,-73.991900
D..N05R,418,40.721969,-73.991891
D..N05R,419,40.721997,-73.991883
D..N05R,420,40.722024,-73.991875
D..N05R,421,40.722052,-73.991868
D..N05R,422,40.722080,-73.991861
D..N05R,423,40.722918,-73.991709
D..N05R,424,40.723036,-73.991693
D..N05R,425,40.723147,-73.991687
D..N05R,426,40.723253,-73.991691
D..N05R,427,40.723355,-73.991706
D..N05R,428,40.723453,-73.991731
D..N05R,429,40.723546,-73.991767
D..N05R,430,40.723635,-73.991812
D..N05R,431,40.723720,-73.991868
D..N05R,432,40.723800,-73.991935
D..N05R,433,40.723875,-73.992011
D..N05R,434,40.723946,-73.992098
D..N05R,435,40.724013,-73.992196
D..N05R,436,40.724075,-73.992304
D..N05R,437,40.724133,-73.992422
D..N05R,438,40.724185,-73.992550
D..N05R,439,40.725297,-73.996204
D..N05R,440,40.725437,-73.996641
D..N05R,441,40.725475,-73.996750
D..N05R,442,40.725513,-73.996858
D..N05R,443,40.725552,-73.996964
D..N05R,444,40.725591,-73.997069
D..N05R,445,40.725631,-73.997172
D..N05R,446,40.725670,-73.997273
D..N05R,447,40.725711,-73.997373
D..N05R,448,40.725751,-73.997471
D..N05R,449,40.725792,-73.997568
D..N05R,450,40.725834,-73.997663
D..N05R,451,40.725876,-73.997756
D..N05R,452,40.725918,-73.997848
D..N05R,453,40.725961,-73.997938
D..N05R,454,40.726004,-73.998027
D..N05R,455,40.726047,-73.998114
D..N05R,456,40.727913,-74.001901
D..N05R,457,40.727970,-74.002019
D..N05R,458,40.728032,-74.002126
D..N05R,459,40.728099,-74.002220
D..N05R,460,40.728170,-74.002301
D..N05R,461,40.728247,-74.002371
D..N05R,462,40.728328,-74.002428
D..N05R,463,40.728414,-74.002473
D..N05R,464,40.728505,-74.002506
D..N05R,465,40.728601,-74.002526
D..N05R,466,40.728702,-74.002535
D..N05R,467,40.728808,-74.002531
D..N05R,468,40.728918,-74.002515
D..N05R,469,40.729034,-74.002486
D..N05R,470,40.729154,-74.002446
D..N05R,471,40.729279,-74.002395
D..N05R,472,40.730820,-74.001552
D..N05R,473,40.730845,-74.001539
D..N05R,474,40.730871,-74.001525
D..N05R,475,40.730897,-74.001511
D..N05R,476,40.730922,-74.001497
D..N05R,477,40.730948,-74.001482
D..N05R,478,40.730975,-74.001467
D..N05R,479,40.731001,-74.001451
D..N05R,480,40.731027,-74.001435
D..N05R,481,40.731054,-74.001419
D..N05R,482,40.731080,-74.001402
D..N05R,483,40.731107,-74.001385
D..N05R,484,40.731134,-74.001367
D..N05R,485,40.731161,-74.001349
D..N05R,486,40.731189,-74.001331
D..N05R,487,40.731216,-74.001312
D..N05R,488,40.732312,-74.000515
D..N05R,489,40.732338,-74.000495
D..N05R,490,40.732362,-74.000477
D..N05R,491,40.733324,-73.999777
D..N05R,492,40.738228,-73.996209
D..N05R,493,40.742878,-73.992821
D..N05R,494,40.749719,-73.987823
D..N05R,495,40.754222,-73.984569
D..N05R,496,40.758663,-73.981329
D..N05R,497,40.760893,-73.979701
D..N05R,498,40.761008,-73.979630
D..N05R,499,40.761120,-73.979576
D..N05R,500,40.761228,-73.979536
D..N05R,501,40.761332,-73.979510
D..N05R,502,40.761434,-73.979500
D..N05R,503,40.761532,-73.979505
D..N05R,504,40.761626,-73.979524
D..N05R,505,40.761717,-73.979558
D..N05R,506,40.761805,-73.979607
D..N05R,507,40.761889,-73.979670
D..N05R,508,40.761969,-73.979749
D..N05R,509,40.762047,-73.979842
D..N05R,510,40.762121,-73.979950
D..N05R,511,40.762191,-73.980073
D..N05R,512,40.762259,-73.980212
D..N05R,513,40.762862,-73.981637
D..N05R,514,40.762874,-73.981663
D..N05R,515,40.763731,-73.983698
D..N05R,516,40.763794,-73.983809
D..N05R,517,40.763861,-73.983910
D..N05R,518,40.763931,-73.983999
D..N05R,519,40.764003,-73.984077
D..N05R,520,40.764078,-73.984142
D..N05R,521,40.764157,-73.984195
D..N05R,522,40.764237,-73.984237
D..N05R,523,40.764321,-73.984266
D..N05R,524,40.764408,-73.984284
D..N05R,525,40.764497,-73.984289
D..N05R,526,40.764589,-73.984283
D..N05R,527,40.764684,-73.984265
D..N05R,528,40.764782,-73.984234
D..N05R,529,40.764883,-73.984192
D..N05R,530,40.764986,-73.984138
D..N05R,531,40.768296,-73.981736
D..N05R,532,40.775594,-73.976410
D..N05R,533,40.781433,-73.972143
D..N05R,534,40.785868,-73.968916
D..N05R,535,40.791642,-73.964696
D..N05R,536,40.796092,-73.961454
D..N05R,537,40.800603,-73.958161
D..N05R,538,40.805085,-73.954882
D..N05R,539,40.807267,-73.953288
D..N05R,540,40.807330,-73.953236
D..N05R,541,40.807392,-73.953190
D..N05R,542,40.807455,-73.953148
D..N05R,543,40.807519,-73.953110
D..N05R,544,40.807583,-73.953075
D..N05R,545,40.807647,-73.953045
D..N05R,546,40.807711,-73.953018
D..N05R,547,40.807777,-73.952995
D..N05R,548,40.807842,-73.952976
D..N05R,549,40.807908,-73.952961
D..N05R,550,40.807975,-73.952950
D..N05R,551,40.808042,-73.952942
D..N05R,552,40.808109,-73.952939
D..N05R,553,40.808177,-73.952939
D..N05R,554,40.808245,-73.952941
D..N05R,555,40.809638,-73.953030
D..N05R,556,40.809699,-73.953033
D..N05R,557,40.809757,-73.953034
D..N05R,558,40.809815,-73.953033
D..N05R,559,40.809872,-73.953030
D..N05R,560,40.809927,-73.953025
D..N05R,561,40.809981,-73.953017
D..N05R,562,40.810035,-73.953007
D..N05R,563,40.810087,-73.952995
D..N05R,564,40.810138,-73.952980
D..N05R,565,40.810188,-73.952963
D..N05R,566,40.810237,-73.952943
D..N05R,567,40.810285,-73.952922
D..N05R,568,40.810332,-73.952898
D..N05R,569,40.810377,-73.952872
D..N05R,570,40.810422,-73.952842
D..N05R,571,40.811109,-73.952343
D..N05R,572,40.811167,-73.952300
D..N05R,573,40.811223,-73.952256
D..N05R,574,40.811279,-73.952210
D..N05R,575,40.811335,-73.952164
D..N05R,576,40.811390,-73.952117
D..N05R,577,40.811445,-73.952068
D..N05R,578,40.811500,-73.952019
D..N05R,579,40.811554,-73.951969
D..N05R,580,40.811608,-73.951917
D..N05R,581,40.811661,-73.951865
D..N05R,582,40.811714,-73.951811
D..N05R,583,40.811767,-73.951757
D..N05R,584,40.811819,-73.951701
D..N05R,585,40.811871,-73.951645
D..N05R,586,40.811923,-73.951586
D..N05R,587,40.812906,-73.950604
D..N05R,588,40.812938,-73.950568
D..N05R,589,40.812971,-73.950533
D..N05R,590,40.813004,-73.950498
D..N05R,591,40.813038,-73.950464
D..N05R,592,40.813073,-73.950430
D..N05R,593,40.813109,-73.950397
D..N05R,594,40.813145,-73.950363
D..N05R,595,40.813181,-73.950331
D..N05R,596,40.813219,-73.950298
D..N05R,597,40.813257,-73.950266
D..N05R,598,40.813296,-73.950234
D..N05R,599,40.813335,-73.950203
D..N05R,600,40.813376,-73.950172
D..N05R,601,40.813416,-73.950141
D..N05R,602,40.813459,-73.950112
D..N05R,603,40.814704,-73.949202
D..N05R,604,40.814741,-73.949174
D..N05R,605,40.814778,-73.949147
D..N05R,606,40.814815,-73.949121
D..N05R,607,40.814853,-73.949095
D..N05R,608,40.814892,-73.949070
D..N05R,609,40.814930,-73.949046
D..N05R,610,40.814969,-73.949023
D..N05R,611,40.815009,-73.949000
D..N05R,612,40.815049,-73.948977
D..N05R,613,40.815089,-73.948956
D..N05R,614,40.815130,-73.948935
D..N05R,615,40.815171,-73.948914
D..N05R,616,40.815212,-73.948895
D..N05R,617,40.815254,-73.948875
D..N05R,618,40.815297,-73.948857
D..N05R,619,40.817894,-73.947649
D..N05R,620,40.823696,-73.944947
D..N05R,621,40.823739,-73.944926
D..N05R,622,40.823781,-73.944904
D..N05R,623,40.823822,-73.944882
D..N05R,624,40.823862,-73.944860
D..N05R,625,40.823902,-73.944837
D..N05R,626,40.823941,-73.944814
D..N05R,627,40.823980,-73.944791
D..N05R,628,40.824018,-73.944767
D..N05R,629,40.824055,-73.944743
D..N05R,630,40.824092,-73.944719
D..N05R,631,40.824127,-73.944694
D..N05R,632,40.824163,-73.944669
D..N05R,633,40.824197,-73.944643
D..N05R,634,40.824231,-73.944617
D..N05R,635,40.824264,-73.944591
D..N05R,636,40.824783,-73.944216
D..N05R,637,40.824882,-73.944148
D..N05R,638,40.825903,-73.943403
D..N05R,639,40.827054,-73.942486
D..N05R,640,40.827073,-73.942468
D..N05R,641,40.827090,-73.942453
D..N05R,642,40.827108,-73.942438
D..N05R,643,40.827126,-73.942424
D..N05R,644,40.827143,-73.942410
D..N05R,645,40.827161,-73.942397
D..N05R,646,40.827178,-73.942384
D..N05R,647,40.827196,-73.942371
D..N05R,648,40.827213,-73.942358
D..N05R,649,40.827231,-73.942346
D..N05R,650,40.827248,-73.942334
D..N05R,651,40.827266,-73.942322
D..N05R,652,40.827283,-73.942311
D..N05R,653,40.827301,-73.942300
D..N05R,654,40.827318,-73.942289
D..N05R,655,40.829263,-73.941032
D..N05R,656,40.829358,-73.940953
D..N05R,657,40.829448,-73.940866
D..N05R,658,40.829533,-73.940772
D..N05R,659,40.829612,-73.940673
D..N05R,660,40.829685,-73.940567
D..N05R,661,40.829753,-73.940455
D..N05R,662,40.829815,-73.940336
D..N05R,663,40.829871,-73.940211
D..N05R,664,40.829922,-73.940079
D..N05R,665,40.829967,-73.939941
D..N05R,666,40.830007,-73.939797
D..N05R,667,40.830041,-73.939646
D..N05R,668,40.830069,-73.939489
D..N05R,669,40.830091,-73.939326
D..N05R,670,40.830108,-73.939156
D..N05R,671,40.830111,-73.939092
D..N05R,672,40.830115,-73.939028
D..N05R,673,40.830118,-73.938965
D..N05R,674,40.830120,-73.938902
D..N05R,675,40.830123,-73.938839
D..N05R,676,40.830125,-73.938776
D..N05R,677,40.830127,-73.938713
D..N05R,678,40.830129,-73.938650
D..N05R,679,40.830130,-73.938587
D..N05R,680,40.830132,-73.938524
D..N05R,681,40.830133,-73.938461
D..N05R,682,40.830134,-73.938398
D..N05R,683,40.830134,-73.938335
D..N05R,684,40.830135,-73.938273
D..N05R,685,40.830135,-73.938209
D..N05R,686,40.830093,-73.936658
D..N05R,687,40.829985,-73.931071
D..N05R,688,40.829975,-73.930905
D..N05R,689,40.829961,-73.930743
D..N05R,690,40.829945,-73.930586
D..N05R,691,40.829926,-73.930434
D..N05R,692,40.829904,-73.930285
D..N05R,693,40.829878,-73.930142
D..N05R,694,40.829850,-73.930003
D..N05R,695,40.829819,-73.929868
D..N05R,696,40.829785,-73.929738
D..N05R,697,40.829748,-73.929613
D..N05R,698,40.829708,-73.929492
D..N05R,699,40.829664,-73.929375
D..N05R,700,40.829664,-73.929375
D..N05R,701,40.829618,-73.929263
D..N05R,702,40.829569,-73.929156
D..N05R,703,40.829514,-73.929053
D..N05R,704,40.828599,-73.927482
D..N05R,705,40.828544,-73.927369
D..N05R,706,40.828491,-73.927254
D..N05R,707,40.828440,-73.927138
D..N05R,708,40.828390,-73.927021
D..N05R,709,40.828341,-73.926902
D..N05R,710,40.828292,-73.926783
D..N05R,711,40.828245,-73.926662
D..N05R,712,40.828199,-73.926540
D..N05R,713,40.828154,-73.926417
D..N05R,714,40.828110,-73.926292
D..N05R,715,40.828067,-73.926166
D..N05R,716,40.828025,-73.926040
D..N05R,717,40.827984,-73.925912
D..N05R,718,40.827944,-73.925782
D..N05R,719,40.827905,-73.925651
D..N05R,720,40.827601,-73.924598
D..N05R,721,40.827504,-73.924298
D..N05R,722,40.827429,-73.924013
D..N05R,723,40.827378,-73.923742
D..N05R,724,40.827348,-73.923486
D..N05R,725,40.827342,-73.923244
D..N05R,726,40.827358,-73.923016
D..N05R,727,40.827397,-73.922802
D..N05R,728,40.827459,-73.922603
D..N05R,729,40.827543,-73.922419
D..N05R,730,40.827650,-73.922248
D..N05R,731,40.827779,-73.922092
D..N05R,732,40.827931,-73.921951
D..N05R,733,40.828106,-73.921823
D..N05R,734,40.828304,-73.921711
D..N05R,735,40.828524,-73.921612
D..N05R,736,40.830814,-73.920523
D..N05R,737,40.831044,-73.920400
D..N05R,738,40.831270,-73.920275
D..N05R,739,40.831491,-73.920148
D..N05R,740,40.831707,-73.920018
D..N05R,741,40.831918,-73.919886
D..N05R,742,40.832124,-73.919751
D..N05R,743,40.832326,-73.919614
D..N05R,744,40.832523,-73.919475
D..N05R,745,40.832715,-73.919334
D..N05R,746,40.832902,-73.919190
D..N05R,747,40.833085,-73.919043
D..N05R,748,40.833263,-73.918895
D..N05R,749,40.833436,-73.918744
D..N05R,750,40.833604,-73.918591
D..N05R,751,40.833771,-73.918440
D..N05R,752,40.837691,-73.914603
D..N05R,753,40.837801,-73.914503
D..N05R,754,40.837912,-73.914405
D..N05R,755,40.838023,-73.914310
D..N05R,756,40.838133,-73.914218
D..N05R,757,40.838242,-73.914129
D..N05R,758,40.838351,-73.914043
D..N05R,759,40.838459,-73.913960
D..N05R,760,40.838567,-73.913879
D..N05R,761,40.838674,-73.913802
D..N05R,762,40.838781,-73.913728
D..N05R,763,40.838887,-73.913656
D..N05R,764,40.838992,-73.913588
D..N05R,765,40.839097,-73.913522
D..N05R,766,40.839202,-73.913460
D..N05R,767,40.839306,-73.913400
D..N05R,768,40.839370,-73.913362
D..N05R,769,40.839436,-73.913326
D..N05R,770,40.839503,-73.913289
D..N05R,771,40.839572,-73.913253
D..N05R,772,40.839644,-73.913216
D..N05R,773,40.839717,-73.913180
D..N05R,774,40.839793,-73.913143
D..N05R,775,40.839870,-73.913107
D..N05R,776,40.839949,-73.913070
D..N05R,777,40.840031,-73.913034
D..N05R,778,40.840115,-73.912997
D..N05R,779,40.840200,-73.912961
D..N05R,780,40.840288,-73.912924
D..N05R,781,40.840377,-73.912888
D..N05R,782,40.840469,-73.912850
D..N05R,783,40.844055,-73.911640
D..N05R,784,40.844201,-73.911575
D..N05R,785,40.844343,-73.911505
D..N05R,786,40.844482,-73.911430
D..N05R,787,40.844618,-73.911351
D..N05R,788,40.844751,-73.911266
D..N05R,789,40.844880,-73.911176
D..N05R,790,40.845006,-73.911080
D..N05R,791,40.845129,-73.910980
D..N05R,792,40.845249,-73.910875
D..N05R,793,40.845365,-73.910765
D..N05R,794,40.845478,-73.910650
D..N05R,795,40.845588,-73.910529
D..N05R,796,40.845695,-73.910404
D..N05R,797,40.845799,-73.910273
D..N05R,798,40.845900,-73.910136
D..N05R,799,40.846868,-73.908755
D..N05R,800,40.847028,-73.908535
D..N05R,801,40.847187,-73.908324
D..N05R,802,40.847343,-73.908121
D..N05R,803,40.847497,-73.907926
D..N05R,804,40.847649,-73.907739
D..N05R,805,40.847799,-73.907560
D..N05R,806,40.847947,-73.907389
D..N05R,807,40.848093,-73.907227
D..N05R,808,40.848236,-73.907072
D..N05R,809,40.848378,-73.906925
D..N05R,810,40.848518,-73.906787
D..N05R,811,40.848656,-73.906656
D..N05R,812,40.848791,-73.906534
D..N05R,813,40.848925,-73.906419
D..N05R,814,40.849058,-73.906311
D..N05R,815,40.850410,-73.905227
D..N05R,816,40.854996,-73.901532
D..N05R,817,40.855064,-73.901476
D..N05R,818,40.855133,-73.901420
D..N05R,819,40.855203,-73.901365
D..N05R,820,40.855273,-73.901310
D..N05R,821,40.855344,-73.901256
D..N05R,822,40.855416,-73.901202
D..N05R,823,40.855488,-73.901148
D..N05R,824,40.855562,-73.901096
D..N05R,825,40.855636,-73.901043
D..N05R,826,40.855710,-73.900992
D..N05R,827,40.855786,-73.900940
D..N05R,828,40.855862,-73.900890
D..N05R,829,40.855938,-73.900840
D..N05R,830,40.856016,-73.900790
D..N05R,831,40.856093,-73.900741
D..N05R,832,40.858881,-73.899078
D..N05R,833,40.858948,-73.899037
D..N05R,834,40.859014,-73.898997
D..N05R,835,40.859081,-73.898957
D..N05R,836,40.859147,-73.898918
D..N05R,837,40.859213,-73.898880
D..N05R,838,40.859280,-73.898842
D..N05R,839,40.859346,-73.898804
D..N05R,840,40.859412,-73.898768
D..N05R,841,40.859478,-73.898731
D..N05R,842,40.859544,-73.898695
D..N05R,843,40.859610,-73.898660
D..N05R,844,40.859676,-73.898625
D..N05R,845,40.859742,-73.898591
D..N05R,846,40.859807,-73.898557
D..N05R,847,40.859873,-73.898523
D..N05R,848,40.861296,-73.897749
D..N05R,849,40.862073,-73.897337
D..N05R,850,40.862151,-73.897292
D..N05R,851,40.862227,-73.897247
D..N05R,852,40.862303,-73.897202
D..N05R,853,40.862377,-73.897157
D..N05R,854,40.862450,-73.897111
D..N05R,855,40.862521,-73.897064
D..N05R,856,40.862591,-73.897017
D..N05R,857,40.862660,-73.896970
D..N05R,858,40.862728,-73.896923
D..N05R,859,40.862795,-73.896875
D..N05R,860,40.862860,-73.896827
D..N05R,861,40.862924,-73.896779
D..N05R,862,40.862986,-73.896730
D..N05R,863,40.863048,-73.896681
D..N05R,864,40.863108,-73.896631
D..N05R,865,40.866103,-73.894164
D..N05R,866,40.866978,-73.893509
D..N05R,867,40.868949,-73.891998
D..N05R,868,40.869074,-73.891891
D..N05R,869,40.869195,-73.891781
D..N05R,870,40.869312,-73.891671
D..N05R,871,40.869424,-73.891560
D..N05R,872,40.869533,-73.891448
D..N05R,873,40.869639,-73.891336
D..N05R,874,40.869740,-73.891223
D..N05R,875,40.869837,-73.891109
D..N05R,876,40.869931,-73.890995
D..N05R,877,40.870020,-73.890880
D..N05R,878,40.870106,-73.890765
D..N05R,879,40.870188,-73.890649
D..N05R,880,40.870266,-73.890532
D..N05R,881,40.870341,-73.890415
D..N05R,882,40.870411,-73.890297
D..N05R,883,40.870901,-73.889495
D..N05R,884,40.870952,-73.889396
D..N05R,885,40.871006,-73.889299
D..N05R,886,40.871061,-73.889205
D..N05R,887,40.871118,-73.889113
D..N05R,888,40.871175,-73.889024
D..N05R,889,40.871233,-73.888938
D..N05R,890,40.871292,-73.888854
D..N05R,891,40.871352,-73.888773
D..N05R,892,40.871413,-73.888695
D..N05R,893,40.871475,-73.888619
D..N05R,894,40.871539,-73.888546
D..N05R,895,40.871603,-73.888476
D..N05R,896,40.871668,-73.888408
D..N05R,897,40.871734,-73.888343
D..N05R,898,40.871801,-73.888279
D..N05R,899,40.873244,-73.887138
D..N05R,900,40.873289,-73.887104
D..N05R,901,40.873335,-73.887068
D..N05R,902,40.873382,-73.887033
D..N05R,903,40.873430,-73.886998
D..N05R,904,40.873479,-73.886964
D..N05R,905,40.873529,-73.886930
D..N05R,906,40.873580,-73.886897
D..N05R,907,40.873632,-73.886865
D..N05R,908,40.873685,-73.886833
D..N05R,909,40.873740,-73.886802
D..N05R,910,40.873795,-73.886771
D..N05R,911,40.873852,-73.886740
D..N05R,912,40.873909,-73.886711
D..N05R,913,40.873967,-73.886682
D..N05R,914,40.874027,-73.886653
D..N05R,915,40.875843,-73.885853
D..N05R,916,40.876060,-73.885744
D..N05R,917,40.876254,-73.885623
D..N05R,918,40.876425,-73.885491
D..N05R,919,40.876573,-73.885348
D..N05R,920,40.876698,-73.885193
D..N05R,921,40.876801,-73.885028
D..N05R,922,40.876881,-73.884851
D..N05R,923,40.876938,-73.884662
D..N05R,924,40.876972,-73.884463
D..N05R,925,40.876983,-73.884252
D..N05R,926,40.876972,-73.884030
D..N05R,927,40.876938,-73.883797
D..N05R,928,40.876881,-73.883553
D..N05R,929,40.876801,-73.883297
D..N05R,930,40.876699,-73.883029
D..N05R,931,40.874811,-73.878855
E..N55R,0,40.712582,-74.009781
E..N55R,1,40.718037,-74.005490
E..N55R,2,40.718105,-74.005444
E..N55R,3,40.718172,-74.005401
E..N55R,4,40.718240,-74.005361
E..N55R,5,40.718309,-74.005325
E..N55R,6,40.718377,-74.005293
E..N55R,7,40.718447,-74.005264
E..N55R,8,40.718517,-74.005238
E..N55R,9,40.718587,-74.005217
E..N55R,10,40.718658,-74.005198
E..N55R,11,40.718730,-74.005183
E..N55R,12,40.718802,-74.005172
E..N55R,13,40.718874,-74.005165
E..N55R,14,40.718947,-74.005161
E..N55R,15,40.719021,-74.005161
E..N55R,16,40.719096,-74.005163
E..N55R,17,40.720785,-74.005224
E..N55R,18,40.720824,-74.005229
E..N55R,19,40.721758,-74.005294
E..N55R,20,40.721824,-74.005299
E..N55R,21,40.721889,-74.005302
E..N55R,22,40.721953,-74.005304
E..N55R,23,40.722016,-74.005304
E..N55R,24,40.722078,-74.005302
E..N55R,25,40.722140,-74.005299
E..N55R,26,40.722201,-74.005293
E..N55R,27,40.722261,-74.005286
E..N55R,28,40.722320,-74.005278
E..N55R,29,40.722379,-74.005267
E..N55R,30,40.722436,-74.005255
E..N55R,31,40.722493,-74.005241
E..N55R,32,40.722549,-74.005225
E..N55R,33,40.722605,-74.005208
E..N55R,34,40.722659,-74.005189
E..N55R,35,40.726227,-74.003739
E..N55R,36,40.728583,-74.002720
E..N55R,37,40.728621,-74.002705
E..N55R,38,40.728661,-74.002689
E..N55R,39,40.728702,-74.002673
E..N55R,40,40.728744,-74.002655
E..N55R,41,40.728787,-74.002637
E..N55R,42,40.728831,-74.002617
E..N55R,43,40.728876,-74.002597
E..N55R,44,40.728922,-74.002575
E..N55R,45,40.728970,-74.002552
E..N55R,46,40.729019,-74.002529
E..N55R,47,40.729068,-74.002504
E..N55R,48,40.729119,-74.002478
E..N55R,49,40.729171,-74.002452
E..N55R,50,40.729225,-74.002424
E..N55R,51,40.729279,-74.002395
E..N55R,52,40.730820,-74.001552
E..N55R,53,40.730845,-74.001539
E..N55R,54,40.730871,-74.001525
E..N55R,55,40.730897,-74.001511
E..N55R,56,40.730922,-74.001497
E..N55R,57,40.730948,-74.001482
E..N55R,58,40.730975,-74.001467
E..N55R,59,40.731001,-74.001451
E..N55R,60,40.731027,-74.001435
E..N55R,61,40.731054,-74.001419
E..N55R,62,40.731080,-74.001402
E..N55R,63,40.731107,-74.001385
E..N55R,64,40.731134,-74.001367
E..N55R,65,40.731161,-74.001349
E..N55R,66,40.731189,-74.001331
E..N55R,67,40.731216,-74.001312
E..N55R,68,40.732312,-74.000515
E..N55R,69,40.732338,-74.000495
E..N55R,70,40.732362,-74.000477
E..N55R,71,40.733324,-73.999777
E..N55R,72,40.733391,-73.999736
E..N55R,73,40.733459,-73.999702
E..N55R,74,40.733527,-73.999674
E..N55R,75,40.733596,-73.999652
E..N55R,76,40.733666,-73.999636
E..N55R,77,40.733736,-73.999626
E..N55R,78,40.733807,-73.999621
E..N55R,79,40.733878,-73.999622
E..N55R,80,40.733949,-73.999629
E..N55R,81,40.734021,-73.999642
E..N55R,82,40.734094,-73.999660
E..N55R,83,40.734167,-73.999685
E..N55R,84,40.734240,-73.999715
E..N55R,85,40.734314,-73.999750
E..N55R,86,40.734389,-73.999792
E..N55R,87,40.738807,-74.002433
E..N55R,88,40.738885,-74.002477
E..N55R,89,40.738964,-74.002514
E..N55R,90,40.739043,-74.002544
E..N55R,91,40.739121,-74.002567
E..N55R,92,40.739200,-74.002583
E..N55R,93,40.739278,-74.002592
E..N55R,94,40.739356,-74.002594
E..N55R,95,40.739434,-74.002590
E..N55R,96,40.739512,-74.002578
E..N55R,97,40.739589,-74.002560
E..N55R,98,40.739666,-74.002535
E..N55R,99,40.739744,-74.002502
E..N55R,100,40.739821,-74.002463
E..N55R,101,40.739897,-74.002417
E..N55R,102,40.739974,-74.002363
E..N55R,103,40.740893,-74.001690
E..N55R,104,40.745906,-73.998041
E..N55R,105,40.752287,-73.993391
E..N55R,106,40.757308,-73.989735
E..N55R,107,40.762456,-73.985984
E..N55R,108,40.763365,-73.985322
E..N55R,109,40.763455,-73.985242
E..N55R,110,40.763535,-73.985157
E..N55R,111,40.763606,-73.985068
E..N55R,112,40.763668,-73.984976
E..N55R,113,40.763720,-73.984879
E..N55R,114,40.763763,-73.984778
E..N55R,115,40.763797,-73.984674
E..N55R,116,40.763821,-73.984565
E..N55R,117,40.763836,-73.984453
E..N55R,118,40.763842,-73.984337
E..N55R,119,40.763838,-73.984216
E..N55R,120,40.763825,-73.984092
E..N55R,121,40.763803,-73.983964
E..N55R,122,40.763771,-73.983832
E..N55R,123,40.763731,-73.983698
E..N55R,124,40.762874,-73.981663
E..N55R,125,40.762862,-73.981637
E..N55R,126,40.762259,-73.980212
E..N55R,127,40.760789,-73.976697
E..N55R,128,40.760167,-73.975224
E..N55R,129,40.757552,-73.969055
E..N55R,130,40.754872,-73.962705
E..N55R,131,40.754839,-73.962630
E..N55R,132,40.754803,-73.962555
E..N55R,133,40.754767,-73.962481
E..N55R,134,40.754730,-73.962407
E..N55R,135,40.754693,-73.962335
E..N55R,136,40.754655,-73.962264
E..N55R,137,40.754617,-73.962194
E..N55R,138,40.754577,-73.962124
E..N55R,139,40.754538,-73.962056
E..N55R,140,40.754497,-73.961989
E..N55R,141,40.754456,-73.961923
E..N55R,142,40.754414,-73.961857
E..N55R,143,40.754372,-73.961793
E..N55R,144,40.754329,-73.961729
E..N55R,145,40.754285,-73.961669
E..N55R,146,40.751182,-73.957251
E..N55R,147,40.750975,-73.956916
E..N55R,148,40.750778,-73.956583
E..N55R,149,40.750591,-73.956251
E..N55R,150,40.750413,-73.955920
E..N55R,151,40.750244,-73.955590
E..N55R,152,40.750085,-73.955261
E..N55R,153,40.749935,-73.954933
E..N55R,154,40.749795,-73.954605
E..N55R,155,40.749664,-73.954279
E..N55R,156,40.749543,-73.953954
E..N55R,157,40.749430,-73.953629
E..N55R,158,40.749328,-73.953305
E..N55R,159,40.749234,-73.952983
E..N55R,160,40.749151,-73.952661
E..N55R,161,40.749075,-73.952344
E..N55R,162,40.747846,-73.946000
E..N55R,163,40.747357,-73.943479
E..N55R,164,40.747329,-73.943338
E..N55R,165,40.747306,-73.943199
E..N55R,166,40.747287,-73.943063
E..N55R,167,40.747273,-73.942927
E..N55R,168,40.747264,-73.942794
E..N55R,169,40.747259,-73.942663
E..N55R,170,40.747258,-73.942533
E..N55R,171,40.747263,-73.942405
E..N55R,172,40.747272,-73.942279
E..N55R,173,40.747285,-73.942155
E..N55R,174,40.747303,-73.942033
E..N55R,175,40.747326,-73.941913
E..N55R,176,40.747353,-73.941794
E..N55R,177,40.747385,-73.941678
E..N55R,178,40.747421,-73.941563
E..N55R,179,40.748061,-73.939780
E..N55R,180,40.748973,-73.937243
E..N55R,181,40.748999,-73.937170
E..N55R,182,40.749025,-73.937099
E..N55R,183,40.749054,-73.937030
E..N55R,184,40.749083,-73.936963
E..N55R,185,40.749114,-73.936897
E..N55R,186,40.749146,-73.936834
E..N55R,187,40.749180,-73.936772
E..N55R,188,40.749215,-73.936712
E..N55R,189,40.749251,-73.936655
E..N55R,190,40.749288,-73.936599
E..N55R,191,40.749327,-73.936544
E..N55R,192,40.749367,-73.936492
E..N55R,193,40.749408,-73.936442
E..N55R,194,40.749451,-73.936394
E..N55R,195,40.749495,-73.936347
E..N55R,196,40.750660,-73.935094
E..N55R,197,40.750826,-73.934913
E..N55R,198,40.750981,-73.934726
E..N55R,199,40.751125,-73.934532
E..N55R,200,40.751258,-73.934331
E..N55R,201,40.751380,-73.934122
E..N55R,202,40.751491,-73.933905
E..N55R,203,40.751591,-73.933682
E..N55R,204,40.751680,-73.933451
E..N55R,205,40.751758,-73.933212
E..N55R,206,40.751824,-73.932966
E..N55R,207,40.751880,-73.932713
E..N55R,208,40.751924,-73.932452
E..N55R,209,40.751957,-73.932184
E..N55R,210,40.751979,-73.931908
E..N55R,211,40.751990,-73.931627
E..N55R,212,40.752039,-73.928781
E..N55R,213,40.752074,-73.926563
E..N55R,214,40.752078,-73.926450
E..N55R,215,40.752083,-73.926339
E..N55R,216,40.752090,-73.926229
E..N55R,217,40.752098,-73.926120
E..N55R,218,40.752108,-73.926011
E..N55R,219,40.752119,-73.925903
E..N55R,220,40.752132,-73.925796
E..N55R,221,40.752146,-73.925690
E..N55R,222,40.752162,-73.925585
E..N55R,223,40.752179,-73.925480
E..N55R,224,40.752197,-73.925376
E..N55R,225,40.752217,-73.925273
E..N55R,226,40.752239,-73.925171
E..N55R,227,40.752262,-73.925070
E..N55R,228,40.752285,-73.924968
E..N55R,229,40.753651,-73.918734
E..N55R,230,40.753697,-73.918511
E..N55R,231,40.753737,-73.918288
E..N55R,232,40.753771,-73.918064
E..N55R,233,40.753799,-73.917840
E..N55R,234,40.753821,-73.917614
E..N55R,235,40.753837,-73.917388
E..N55R,236,40.753847,-73.917160
E..N55R,237,40.753852,-73.916932
E..N55R,238,40.753850,-73.916702
E..N55R,239,40.753843,-73.916472
E..N55R,240,40.753830,-73.916241
E..N55R,241,40.753811,-73.916009
E..N55R,242,40.753786,-73.915776
E..N55R,243,40.753755,-73.915542
E..N55R,244,40.753719,-73.915309
E..N55R,245,40.753079,-73.911537
E..N55R,246,40.753066,-73.911420
E..N55R,247,40.753054,-73.911304
E..N55R,248,40.753044,-73.911187
E..N55R,249,40.753035,-73.911072
E..N55R,250,40.753027,-73.910957
E..N55R,251,40.753022,-73.910844
E..N55R,252,40.753017,-73.910730
E..N55R,253,40.753015,-73.910618
E..N55R,254,40.753014,-73.910506
E..N55R,255,40.753014,-73.910395
E..N55R,256,40.753017,-73.910285
E..N55R,257,40.753020,-73.910175
E..N55R,258,40.753026,-73.910066
E..N55R,259,40.753033,-73.909958
E..N55R,260,40.753041,-73.909852
E..N55R,261,40.753208,-73.908257
E..N55R,262,40.753220,-73.908092
E..N55R,263,40.753226,-73.907928
E..N55R,264,40.753228,-73.907767
E..N55R,265,40.753225,-73.907609
E..N55R,266,40.753218,-73.907452
E..N55R,267,40.753205,-73.907298
E..N55R,268,40.753188,-73.907145
E..N55R,269,40.753167,-73.906995
E..N55R,270,40.753140,-73.906847
E..N55R,271,40.753109,-73.906702
E..N55R,272,40.753074,-73.906558
E..N55R,273,40.753033,-73.906417
E..N55R,274,40.752988,-73.906278
E..N55R,275,40.752938,-73.906141
E..N55R,276,40.752885,-73.906006
E..N55R,277,40.749669,-73.898453
E..N55R,278,40.746644,-73.891338
E..N55R,279,40.744006,-73.885149
E..N55R,280,40.743987,-73.885104
E..N55R,281,40.743967,-73.885059
E..N55R,282,40.743948,-73.885015
E..N55R,283,40.743928,-73.884971
E..N55R,284,40.743909,-73.884928
E..N55R,285,40.743890,-73.884885
E..N55R,286,40.743871,-73.884843
E..N55R,287,40.743851,-73.884801
E..N55R,288,40.743832,-73.884760
E..N55R,289,40.743813,-73.884719
E..N55R,290,40.743794,-73.884679
E..N55R,291,40.743775,-73.884639
E..N55R,292,40.743756,-73.884600
E..N55R,293,40.743737,-73.884561
E..N55R,294,40.743718,-73.884523
E..N55R,295,40.742933,-73.882917
E..N55R,296,40.742897,-73.882846
E..N55R,297,40.742862,-73.882775
E..N55R,298,40.742827,-73.882706
E..N55R,299,40.742792,-73.882639
E..N55R,300,40.742759,-73.882574
E..N55R,301,40.742726,-73.882510
E..N55R,302,40.742693,-73.882448
E..N55R,303,40.742661,-73.882388
E..N55R,304,40.742630,-73.882330
E..N55R,305,40.742599,-73.882273
E..N55R,306,40.742569,-73.882218
E..N55R,307,40.742539,-73.882165
E..N55R,308,40.742510,-73.882114
E..N55R,309,40.742482,-73.882064
E..N55R,310,40.742454,-73.882017
E..N55R,311,40.742415,-73.881945
E..N55R,312,40.742376,-73.881874
E..N55R,313,40.742337,-73.881803
E..N55R,314,40.742296,-73.881732
E..N55R,315,40.742256,-73.881662
E..N55R,316,40.742215,-73.881592
E..N55R,317,40.742173,-73.881523
E..N55R,318,40.742131,-73.881453
E..N55R,319,40.742088,-73.881384
E..N55R,320,40.742045,-73.881316
E..N55R,321,40.742001,-73.881247
E..N55R,322,40.741957,-73.881179
E..N55R,323,40.741913,-73.881112
E..N55R,324,40.741868,-73.881044
E..N55R,325,40.741822,-73.880977
E..N55R,326,40.740665,-73.879422
E..N55R,327,40.740614,-73.879357
E..N55R,328,40.740561,-73.879295
E..N55R,329,40.740506,-73.879235
E..N55R,330,40.740449,-73.879175
E..N55R,331,40.740389,-73.879117
E..N55R,332,40.740326,-73.879060
E..N55R,333,40.740261,-73.879004
E..N55R,334,40.740194,-73.878950
E..N55R,335,40.740124,-73.878897
E..N55R,336,40.740052,-73.878845
E..N55R,337,40.739977,-73.878794
E..N55R,338,40.739900,-73.878744
E..N55R,339,40.739821,-73.878696
E..N55R,340,40.739739,-73.878649
E..N55R,341,40.739655,-73.878602
E..N55R,342,40.737015,-73.877223
E..N55R,343,40.736710,-73.877055
E..N55R,344,40.736514,-73.876951
E..N55R,345,40.736327,-73.876834
E..N55R,346,40.736148,-73.876705
E..N55R,347,40.735976,-73.876562
E..N55R,348,40.735812,-73.876405
E..N55R,349,40.735655,-73.876236
E..N55R,350,40.735507,-73.876054
E..N55R,351,40.735365,-73.875859
E..N55R,352,40.735232,-73.875650
E..N55R,353,40.735106,-73.875429
E..N55R,354,40.734988,-73.875194
E..N55R,355,40.734877,-73.874947
E..N55R,356,40.734775,-73.874686
E..N55R,357,40.734679,-73.874412
E..N55R,358,40.734593,-73.874126
E..N55R,359,40.733648,-73.870923
E..N55R,360,40.733614,-73.870805
E..N55R,361,40.733579,-73.870688
E..N55R,362,40.733544,-73.870571
E..N55R,363,40.733509,-73.870454
E..N55R,364,40.733473,-73.870339
E..N55R,365,40.733437,-73.870224
E..N55R,366,40.733401,-73.870111
E..N55R,367,40.733365,-73.869998
E..N55R,368,40.733328,-73.869885
E..N55R,369,40.733292,-73.869774
E..N55R,370,40.733255,-73.869663
E..N55R,371,40.733218,-73.869554
E..N55R,372,40.733181,-73.869445
E..N55R,373,40.733144,-73.869336
E..N55R,374,40.733106,-73.869229
E..N55R,375,40.733041,-73.869062
E..N55R,376,40.732975,-73.868898
E..N55R,377,40.732909,-73.868737
E..N55R,378,40.732842,-73.868579
E..N55R,379,40.732774,-73.868425
E..N55R,380,40.732706,-73.868274
E..N55R,381,40.732638,-73.868127
E..N55R,382,40.732568,-73.867984
E..N55R,383,40.732499,-73.867843
E..N55R,384,40.732429,-73.867707
E..N55R,385,40.732358,-73.867573
E..N55R,386,40.732287,-73.867444
E..N55R,387,40.732215,-73.867317
E..N55R,388,40.732143,-73.867194
E..N55R,389,40.732070,-73.867073
E..N55R,390,40.731991,-73.866945
E..N55R,391,40.731914,-73.866812
E..N55R,392,40.731838,-73.866676
E..N55R,393,40.731763,-73.866535
E..N55R,394,40.731688,-73.866390
E..N55R,395,40.731614,-73.866241
E..N55R,396,40.731541,-73.866087
E..N55R,397,40.731469,-73.865930
E..N55R,398,40.731397,-73.865768
E..N55R,399,40.731327,-73.865602
E..N55R,400,40.731257,-73.865431
E..N55R,401,40.731187,-73.865257
E..N55R,402,40.731119,-73.865078
E..N55R,403,40.731051,-73.864895
E..N55R,404,40.730985,-73.864710
E..N55R,405,40.729846,-73.861604
E..N55R,406,40.727216,-73.854378
E..N55R,407,40.727179,-73.854282
E..N55R,408,40.727142,-73.854184
E..N55R,409,40.727103,-73.854085
E..N55R,410,40.727062,-73.853983
E..N55R,411,40.727021,-73.853879
E..N55R,412,40.726977,-73.853773
E..N55R,413,40.726933,-73.853665
E..N55R,414,40.726887,-73.853554
E..N55R,415,40.726839,-73.853442
E..N55R,416,40.726790,-73.853327
E..N55R,417,40.726740,-73.853210
E..N55R,418,40.726688,-73.853091
E..N55R,419,40.726635,-73.852969
E..N55R,420,40.726580,-73.852846
E..N55R,421,40.726523,-73.852719
E..N55R,422,40.726443,-73.852538
E..N55R,423,40.726358,-73.852359
E..N55R,424,40.726271,-73.852185
E..N55R,425,40.726181,-73.852015
E..N55R,426,40.726090,-73.851849
E..N55R,427,40.725995,-73.851688
E..N55R,428,40.725899,-73.851530
E..N55R,429,40.725800,-73.851377
E..N55R,430,40.725699,-73.851228
E..N55R,431,40.725596,-73.851083
E..N55R,432,40.725490,-73.850942
E..N55R,433,40.725382,-73.850805
E..N55R,434,40.725272,-73.850673
E..N55R,435,40.725159,-73.850544
E..N55R,436,40.725045,-73.850418
E..N55R,437,40.724889,-73.850252
E..N55R,438,40.724735,-73.850084
E..N55R,439,40.724584,-73.849912
E..N55R,440,40.724436,-73.849736
E..N55R,441,40.724292,-73.849556
E..N55R,442,40.724151,-73.849372
E..N55R,443,40.724013,-73.849184
E..N55R,444,40.723878,-73.848993
E..N55R,445,40.723747,-73.848797
E..N55R,446,40.723618,-73.848598
E..N55R,447,40.723493,-73.848394
E..N55R,448,40.723371,-73.848187
E..N55R,449,40.723253,-73.847975
E..N55R,450,40.723137,-73.847760
E..N55R,451,40.723026,-73.847541
E..N55R,452,40.721691,-73.844521
E..N55R,453,40.720314,-73.841421
E..N55R,454,40.720274,-73.841329
E..N55R,455,40.720234,-73.841237
E..N55R,456,40.720194,-73.841146
E..N55R,457,40.720153,-73.841055
E..N55R,458,40.720112,-73.840965
E..N55R,459,40.720070,-73.840875
E..N55R,460,40.720028,-73.840786
E..N55R,461,40.719986,-73.840697
E..N55R,462,40.719943,-73.840608
E..N55R,463,40.719900,-73.840520
E..N55R,464,40.719857,-73.840432
E..N55R,465,40.719813,-73.840345
E..N55R,466,40.719769,-73.840258
E..N55R,467,40.719725,-73.840171
E..N55R,468,40.719680,-73.840085
E..N55R,469,40.718331,-73.837324
E..N55R,470,40.717531,-73.835753
E..N55R,471,40.717453,-73.835607
E..N55R,472,40.717374,-73.835462
E..N55R,473,40.717294,-73.835318
E..N55R,474,40.717213,-73.835176
E..N55R,475,40.717130,-73.835035
E..N55R,476,40.717046,-73.834895
E..N55R,477,40.716961,-73.834756
E..N55R,478,40.716875,-73.834618
E..N55R,479,40.716787,-73.834482
E..N55R,480,40.716698,-73.834347
E..N55R,481,40.716608,-73.834213
E..N55R,482,40.716517,-73.834081
E..N55R,483,40.716425,-73.833950
E..N55R,484,40.716331,-73.833820
E..N55R,485,40.716237,-73.833689
E..N55R,486,40.716050,-73.833446
E..N55R,487,40.715936,-73.833291
E..N55R,488,40.715821,-73.833138
E..N55R,489,40.715708,-73.832983
E..N55R,490,40.715596,-73.832827
E..N55R,491,40.715485,-73.832669
E..N55R,492,40.715375,-73.832510
E..N55R,493,40.715267,-73.832349
E..N55R,494,40.715159,-73.832187
E..N55R,495,40.715053,-73.832023
E..N55R,496,40.714948,-73.831858
E..N55R,497,40.714844,-73.831691
E..N55R,498,40.714741,-73.831523
E..N55R,499,40.714639,-73.831353
E..N55R,500,40.714539,-73.831182
E..N55R,501,40.714441,-73.831008
E..N55R,502,40.713129,-73.828344
E..N55R,503,40.713093,-73.828269
E..N55R,504,40.713058,-73.828191
E..N55R,505,40.713023,-73.828113
E..N55R,506,40.712988,-73.828033
E..N55R,507,40.712953,-73.827953
E..N55R,508,40.712918,-73.827871
E..N55R,509,40.712884,-73.827788
E..N55R,510,40.712850,-73.827704
E..N55R,511,40.712816,-73.827619
E..N55R,512,40.712782,-73.827532
E..N55R,513,40.712749,-73.827445
E..N55R,514,40.712716,-73.827356
E..N55R,515,40.712682,-73.827267
E..N55R,516,40.712650,-73.827176
E..N55R,517,40.712617,-73.827083
E..N55R,518,40.710847,-73.822473
E..N55R,519,40.710787,-73.822318
E..N55R,520,40.710724,-73.822167
E..N55R,521,40.710658,-73.822024
E..N55R,522,40.710588,-73.821887
E..N55R,523,40.710516,-73.821757
E..N55R,524,40.710440,-73.821634
E..N55R,525,40.710362,-73.821518
E..N55R,526,40.710280,-73.821408
E..N55R,527,40.710195,-73.821305
E..N55R,528,40.710107,-73.821210
E..N55R,529,40.710015,-73.821121
E..N55R,530,40.709921,-73.821039
E..N55R,531,40.709823,-73.820963
E..N55R,532,40.709723,-73.820895
E..N55R,533,40.709619,-73.820832
E..N55R,534,40.709179,-73.820574
E..N55R,535,40.707304,-73.819479
E..N55R,536,40.705560,-73.818380
E..N55R,537,40.705321,-73.818196
E..N55R,538,40.705107,-73.817996
E..N55R,539,40.704916,-73.817786
E..N55R,540,40.704748,-73.817565
E..N55R,541,40.704603,-73.817333
E..N55R,542,40.704481,-73.817090
E..N55R,543,40.704382,-73.816836
E..N55R,544,40.704306,-73.816571
E..N55R,545,40.704252,-73.816296
E..N55R,546,40.704221,-73.816009
E..N55R,547,40.704214,-73.815712
E..N55R,548,40.704229,-73.815403
E..N55R,549,40.704267,-73.815084
E..N55R,550,40.704327,-73.814754
E..N55R,551,40.704413,-73.814414
E..N55R,552,40.705460,-73.810708
E..N55R,553,40.707564,-73.803326
E..N55R,554,40.709755,-73.795611
E..N55R,555,40.709770,-73.795556
E..N55R,556,40.709786,-73.795499
E..N55R,557,40.709802,-73.795443
E..N55R,558,40.709819,-73.795386
E..N55R,559,40.709836,-73.795329
E..N55R,560,40.709854,-73.795272
E..N55R,561,40.709872,-73.795215
E..N55R,562,40.709890,-73.795157
E..N55R,563,40.709909,-73.795099
E..N55R,564,40.709929,-73.795042
E..N55R,565,40.709949,-73.794983
E..N55R,566,40.709970,-73.794925
E..N55R,567,40.709991,-73.794867
E..N55R,568,40.710012,-73.794808
E..N55R,569,40.710034,-73.794749
E..N55R,570,40.710470,-73.793604
E..N55R,571,40.711493,-73.790828
E..N55R,572,40.711555,-73.790661
E..N55R,573,40.711613,-73.790491
E..N55R,574,40.711666,-73.790317
E..N55R,575,40.711716,-73.790140
E..N55R,576,40.711762,-73.789961
E..N55R,577,40.711803,-73.789778
E..N55R,578,40.711841,-73.789591
E..N55R,579,40.711874,-73.789402
E..N55R,580,40.711904,-73.789209
E..N55R,581,40.711929,-73.789014
E..N55R,582,40.711950,-73.788815
E..N55R,583,40.711967,-73.788612
E..N55R,584,40.711980,-73.788407
E..N55R,585,40.711989,-73.788199
E..N55R,586,40.711994,-73.787990
E..N55R,587,40.712102,-73.786515
E..N55R,588,40.712110,-73.786429
E..N55R,589,40.712119,-73.786343
E..N55R,590,40.712130,-73.786257
E..N55R,591,40.712141,-73.786172
E..N55R,592,40.712152,-73.786087
E..N55R,593,40.712164,-73.786003
E..N55R,594,40.712177,-73.785919
E..N55R,595,40.712191,-73.785835
E..N55R,596,40.712205,-73.785753
E..N55R,597,40.712220,-73.785670
E..N55R,598,40.712236,-73.785588
E..N55R,599,40.712252,-73.785507
E..N55R,600,40.712269,-73.785426
E..N55R,601,40.712287,-73.785346
E..N55R,602,40.712305,-73.785267
E..N55R,603,40.712646,-73.783817
E..S04R,0,40.702147,-73.801109
E..S04R,1,40.701633,-73.803388
E..S04R,2,40.701626,-73.803425
E..S04R,3,40.701618,-73.803462
E..S04R,4,40.701610,-73.803501
E..S04R,5,40.701602,-73.803540
E..S04R,6,40.701593,-73.803581
E..S04R,7,40.701584,-73.803622
E..S04R,8,40.701575,-73.803664
E..S04R,9,40.701565,-73.803708
E..S04R,10,40.701555,-73.803752
E..S04R,11,40.701545,-73.803798
E..S04R,12,40.701534,-73.803844
E..S04R,13,40.701523,-73.803891
E..S04R,14,40.701511,-73.803939
E..S04R,15,40.701499,-73.803989
E..S04R,16,40.701487,-73.804039
E..S04R,17,40.700823,-73.806654
E..S04R,18,40.700486,-73.807969
E..S04R,19,40.700470,-73.808030
E..S04R,20,40.700453,-73.808090
E..S04R,21,40.700435,-73.808149
E..S04R,22,40.700416,-73.808209
E..S04R,23,40.700397,-73.808267
E..S04R,24,40.700378,-73.808326
E..S04R,25,40.700357,-73.808384
E..S04R,26,40.700336,-73.808442
E..S04R,27,40.700315,-73.808499
E..S04R,28,40.700292,-73.808556
E..S04R,29,40.700269,-73.808613
E..S04R,30,40.700246,-73.808670
E..S04R,31,40.700222,-73.808726
E..S04R,32,40.700197,-73.808782
E..S04R,33,40.700171,-73.808838
E..S04R,34,40.700145,-73.808895
E..S04R,35,40.700120,-73.808953
E..S04R,36,40.700095,-73.809012
E..S04R,37,40.700071,-73.809071
E..S04R,38,40.700047,-73.809130
E..S04R,39,40.700024,-73.809189
E..S04R,40,40.700002,-73.809249
E..S04R,41,40.699980,-73.809309
E..S04R,42,40.699959,-73.809369
E..S04R,43,40.699939,-73.809429
E..S04R,44,40.699919,-73.809490
E..S04R,45,40.699899,-73.809551
E..S04R,46,40.699881,-73.809612
E..S04R,47,40.699863,-73.809673
E..S04R,48,40.699845,-73.809735
E..S04R,49,40.699458,-73.811105
E..S04R,50,40.699437,-73.811203
E..S04R,51,40.699416,-73.811303
E..S04R,52,40.699398,-73.811402
E..S04R,53,40.699383,-73.811503
E..S04R,54,40.699372,-73.811604
E..S04R,55,40.699364,-73.811706
E..S04R,56,40.699359,-73.811808
E..S04R,57,40.699358,-73.811912
E..S04R,58,40.699359,-73.812016
E..S04R,59,40.699364,-73.812120
E..S04R,60,40.699373,-73.812225
E..S04R,61,40.699384,-73.812331
E..S04R,62,40.699399,-73.812438
E..S04R,63,40.699417,-73.812545
E..S04R,64,40.699436,-73.812650
E..S04R,65,40.700003,-73.814744
E..S04R,66,40.700058,-73.814878
E..S04R,67,40.700115,-73.815003
E..S04R,68,40.700177,-73.815124
E..S04R,69,40.700243,-73.815240
E..S04R,70,40.700313,-73.815351
E..S04R,71,40.700389,-73.815457
E..S04R,72,40.700468,-73.815558
E..S04R,73,40.700553,-73.815655
E..S04R,74,40.700641,-73.815746
E..S04R,75,40.700735,-73.815832
E..S04R,76,40.700833,-73.815914
E..S04R,77,40.700935,-73.815991
E..S04R,78,40.701042,-73.816062
E..S04R,79,40.701153,-73.816129
E..S04R,80,40.701272,-73.816187
E..S04R,81,40.702566,-73.816859
E..S04R,82,40.704526,-73.817765
E..S04R,83,40.704563,-73.817779
E..S04R,84,40.704603,-73.817797
E..S04R,85,40.704648,-73.817818
E..S04R,86,40.704698,-73.817843
E..S04R,87,40.704753,-73.817872
E..S04R,88,40.704812,-73.817905
E..S04R,89,40.704876,-73.817942
E..S04R,90,40.704945,-73.817983
E..S04R,91,40.705019,-73.818028
E..S04R,92,40.705097,-73.818077
E..S04R,93,40.705180,-73.818129
E..S04R,94,40.705268,-73.818186
E..S04R,95,40.705361,-73.818247
E..S04R,96,40.705458,-73.818311
E..S04R,97,40.705560,-73.818380
E..S04R,98,40.707304,-73.819479
E..S04R,99,40.709179,-73.820574
E..S04R,100,40.709619,-73.820832
E..S04R,101,40.709723,-73.820895
E..S04R,102,40.709823,-73.820963
E..S04R,103,40.709921,-73.821039
E..S04R,104,40.710015,-73.821121
E..S04R,105,40.710107,-73.821210
E..S04R,106,40.710195,-73.821305
E..S04R,107,40.710280,-73.821408
E..S04R,108,40.710362,-73.821518
E..S04R,109,40.710440,-73.821634
E..S04R,110,40.710516,-73.821757
E..S04R,111,40.710588,-73.821887
E..S04R,112,40.710658,-73.822024
E..S04R,113,40.710724,-73.822167
E..S04R,114,40.710787,-73.822318
E..S04R,115,40.710847,-73.822473
E..S04R,116,40.712617,-73.827083
E..S04R,117,40.712650,-73.827176
E..S04R,118,40.712682,-73.827267
E..S04R,119,40.712716,-73.827356
E..S04R,120,40.712749,-73.827445
E..S04R,121,40.712782,-73.827532
E..S04R,122,40.712816,-73.827619
E..S04R,123,40.712850,-73.827704
E..S04R,124,40.712884,-73.827788
E..S04R,125,40.712918,-73.827871
E..S04R,126,40.712953,-73.827953
E..S04R,127,40.712988,-73.828033
E..S04R,128,40.713023,-73.828113
E..S04R,129,40.713058,-73.828191
E..S04R,130,40.713093,-73.828269
E..S04R,131,40.713129,-73.828344
E..S04R,132,40.714441,-73.831008
E..S04R,133,40.714539,-73.831182
E..S04R,134,40.714639,-73.831353
E..S04R,135,40.714741,-73.831523
E..S04R,136,40.714844,-73.831691
E..S04R,137,40.714948,-73.831858
E..S04R,138,40.715053,-73.832023
E..S04R,139,40.715159,-73.832187
E..S04R,140,40.715267,-73.832349
E..S04R,141,40.715375,-73.832510
E..S04R,142,40.715485,-73.832669
E..S04R,143,40.715596,-73.832827
E..S04R,144,40.715708,-73.832983
E..S04R,145,40.715821,-73.833138
E..S04R,146,40.715936,-73.833291
E..S04R,147,40.716050,-73.833446
E..S04R,148,40.716237,-73.833689
E..S04R,149,40.716331,-73.833820
E..S04R,150,40.716425,-73.833950
E..S04R,151,40.716517,-73.834081
E..S04R,152,40.716608,-73.834213
E..S04R,153,40.716698,-73.834347
E..S04R,154,40.716787,-73.834482
E..S04R,155,40.716875,-73.834618
E..S04R,156,40.716961,-73.834756
E..S04R,157,40.717046,-73.834895
E..S04R,158,40.717130,-73.835035
E..S04R,159,40.717213,-73.835176
E..S04R,160,40.717294,-73.835318
E..S04R,161,40.717374,-73.835462
E..S04R,162,40.717453,-73.835607
E..S04R,163,40.717531,-73.835753
E..S04R,164,40.718331,-73.837324
E..S04R,165,40.719680,-73.840085
E..S04R,166,40.719725,-73.840171
E..S04R,167,40.719769,-73.840258
E..S04R,168,40.719813,-73.840345
E..S04R,169,40.719857,-73.840432
E..S04R,170,40.719900,-73.840520
E..S04R,171,40.719943,-73.840608
E..S04R,172,40.719986,-73.840697
E..S04R,173,40.720028,-73.840786
E..S04R,174,40.720070,-73.840875
E..S04R,175,40.720112,-73.840965
E..S04R,176,40.720153,-73.841055
E..S04R,177,40.720194,-73.841146
E..S04R,178,40.720234,-73.841237
E..S04R,179,40.720274,-73.841329
E..S04R,180,40.720314,-73.841421
E..S04R,181,40.721691,-73.844521
E..S04R,182,40.723026,-73.847541
E..S04R,183,40.723137,-73.847760
E..S04R,184,40.723253,-73.847975
E..S04R,185,40.723371,-73.848187
E..S04R,186,40.723493,-73.848394
E..S04R,187,40.723618,-73.848598
E..S04R,188,40.723747,-73.848797
E..S04R,189,40.723878,-73.848993
E..S04R,190,40.724013,-73.849184
E..S04R,191,40.724151,-73.849372
E..S04R,192,40.724292,-73.849556
E..S04R,193,40.724436,-73.849736
E..S04R,194,40.724584,-73.849912
E..S04R,195,40.724735,-73.850084
E..S04R,196,40.724889,-73.850252
E..S04R,197,40.725045,-73.850418
E..S04R,198,40.725159,-73.850544
E..S04R,199,40.725272,-73.850673
E..S04R,200,40.725382,-73.850805
E..S04R,201,40.725490,-73.850942
E..S04R,202,40.725596,-73.851083
E..S04R,203,40.725699,-73.851228
E..S04R,204,40.725800,-73.851377
E..S04R,205,40.725899,-73.851530
E..S04R,206,40.725995,-73.851688
E..S04R,207,40.726090,-73.851849
E..S04R,208,40.726181,-73.852015
E..S04R,209,40.726271,-73.852185
E..S04R,210,40.726358,-73.852359
E..S04R,211,40.726443,-73.852538
E..S04R,212,40.726523,-73.852719
E..S04R,213,40.726580,-73.852846
E..S04R,214,40.726635,-73.852969
E..S04R,215,40.726688,-73.853091
E..S04R,216,40.726740,-73.853210
E..S04R,217,40.726790,-73.853327
E..S04R,218,40.726839,-73.853442
E..S04R,219,40.726887,-73.853554
E..S04R,220,40.726933,-73.853665
E..S04R,221,40.726977,-73.853773
E..S04R,222,40.727021,-73.853879
E..S04R,223,40.727062,-73.853983
E..S04R,224,40.727103,-73.854085
E..S04R,225,40.727142,-73.854184
E..S04R,226,40.727179,-73.854282
E..S04R,227,40.727216,-73.854378
E..S04R,228,40.729846,-73.861604
E..S04R,229,40.730985,-73.864710
E..S04R,230,40.731051,-73.864895
E..S04R,231,40.731119,-73.865078
E..S04R,232,40.731187,-73.865257
E..S04R,233,40.731257,-73.865431
E..S04R,234,40.731327,-73.865602
E..S04R,235,40.731397,-73.865768
E..S04R,236,40.731469,-73.865930
E..S04R,237,40.731541,-73.866087
E..S04R,238,40.731614,-73.866241
E..S04R,239,40.731688,-73.866390
E..S04R,240,40.731763,-73.866535
E..S04R,241,40.731838,-73.866676
E..S04R,242,40.731914,-73.866812
E..S04R,243,40.731991,-73.866945
E..S04R,244,40.732070,-73.867073
E..S04R,245,40.732143,-73.867194
E..S04R,246,40.732215,-73.867317
E..S04R,247,40.732287,-73.867444
E..S04R,248,40.732358,-73.867573
E..S04R,249,40.732429,-73.867707
E..S04R,250,40.732499,-73.867843
E..S04R,251,40.732568,-73.867984
E..S04R,252,40.732638,-73.868127
E..S04R,253,40.732706,-73.868274
E..S04R,254,40.732774,-73.868425
E..S04R,255,40.732842,-73.868579
E..S04R,256,40.732909,-73.868737
E..S04R,257,40.732975,-73.868898
E..S04R,258,40.733041,-73.869062
E..S04R,259,40.733106,-73.869229
E..S04R,260,40.733144,-73.869336
E..S04R,261,40.733181,-73.869445
E..S04R,262,40.733218,-73.869554
E..S04R,263,40.733255,-73.869663
E..S04R,264,40.733292,-73.869774
E..S04R,265,40.733328,-73.869885
E..S04R,266,40.733365,-73.869998
E..S04R,267,40.733401,-73.870111
E..S04R,268,40.733437,-73.870224
E..S04R,269,40.733473,-73.870339
E..S04R,270,40.733509,-73.870454
E..S04R,271,40.733544,-73.870571
E..S04R,272,40.733579,-73.870688
E..S04R,273,40.733614,-73.870805
E..S04R,274,40.733648,-73.870923
E..S04R,275,40.734593,-73.874126
E..S04R,276,40.734679,-73.874412
E..S04R,277,40.734775,-73.874686
E..S04R,278,40.734877,-73.874947
E..S04R,279,40.734988,-73.875194
E..S04R,280,40.735106,-73.875429
E..S04R,281,40.735232,-73.875650
E..S04R,282,40.735365,-73.875859
E..S04R,283,40.735507,-73.876054
E..S04R,284,40.735655,-73.876236
E..S04R,285,40.735812,-73.876405
E..S04R,286,40.735976,-73.876562
E..S04R,287,40.736148,-73.876705
E..S04R,288,40.736327,-73.876834
E..S04R,289,40.736514,-73.876951
E..S04R,290,40.736710,-73.877055
E..S04R,291,40.737015,-73.877223
E..S04R,292,40.739655,-73.878602
E..S04R,293,40.739739,-73.878649
E..S04R,294,40.739821,-73.878696
E..S04R,295,40.739900,-73.878744
E..S04R,296,40.739977,-73.878794
E..S04R,297,40.740052,-73.878845
E..S04R,298,40.740124,-73.878897
E..S04R,299,40.740194,-73.878950
E..S04R,300,40.740261,-73.879004
E..S04R,301,40.740326,-73.879060
E..S04R,302,40.740389,-73.879117
E..S04R,303,40.740449,-73.879175
E..S04R,304,40.740506,-73.879235
E..S04R,305,40.740561,-73.879295
E..S04R,306,40.740614,-73.879357
E..S04R,307,40.740665,-73.879422
E..S04R,308,40.741822,-73.880977
E..S04R,309,40.741868,-73.881044
E..S04R,310,40.741913,-73.881112
E..S04R,311,40.741957,-73.881179
E..S04R,312,40.742001,-73.881247
E..S04R,313,40.742045,-73.881316
E..S04R,314,40.742088,-73.881384
E..S04R,315,40.742131,-73.881453
E..S04R,316,40.742173,-73.881523
E..S04R,317,40.742215,-73.881592
E..S04R,318,40.742256,-73.881662
E..S04R,319,40.742296,-73.881732
E..S04R,320,40.742337,-73.881803
E..S04R,321,40.742376,-73.881874
E..S04R,322,40.742415,-73.881945
E..S04R,323,40.742454,-73.882017
E..S04R,324,40.742482,-73.882064
E..S04R,325,40.742510,-73.882114
E..S04R,326,40.742539,-73.882165
E..S04R,327,40.742569,-73.882218
E..S04R,328,40.742599,-73.882273
E..S04R,329,40.742630,-73.882330
E..S04R,330,40.742661,-73.882388
E..S04R,331,40.742693,-73.882448
E..S04R,332,40.742726,-73.882510
E..S04R,333,40.742759,-73.882574
E..S04R,334,40.742792,-73.882639
E..S04R,335,40.742827,-73.882706
E..S04R,336,40.742862,-73.882775
E..S04R,337,40.742897,-73.882846
E..S04R,338,40.742933,-73.882917
E..S04R,339,40.743718,-73.884523
E..S04R,340,40.743737,-73.884561
E..S04R,341,40.743756,-73.884600
E..S04R,342,40.743775,-73.884639
E..S04R,343,40.743794,-73.884679
E..S04R,344,40.743813,-73.884719
E..S04R,345,40.743832,-73.884760
E..S04R,346,40.743851,-73.884801
E..S04R,347,40.743871,-73.884843
E..S04R,348,40.743890,-73.884885
E..S04R,349,40.743909,-73.884928
E..S04R,350,40.743928,-73.884971
E..S04R,351,40.743948,-73.885015
E..S04R,352,40.743967,-73.885059
E..S04R,353,40.743987,-73.885104
E..S04R,354,40.744006,-73.885149
E..S04R,355,40.746644,-73.891338
E..S04R,356,40.749669,-73.898453
E..S04R,357,40.752885,-73.906006
E..S04R,358,40.753221,-73.906786
E..S04R,359,40.754245,-73.908935
E..S04R,360,40.756312,-73.913333
E..S04R,361,40.756762,-73.914295
E..S04R,362,40.756779,-73.914332
E..S04R,363,40.756795,-73.914368
E..S04R,364,40.756812,-73.914404
E..S04R,365,40.756829,-73.914439
E..S04R,366,40.756846,-73.914475
E..S04R,367,40.756863,-73.914511
E..S04R,368,40.756880,-73.914547
E..S04R,369,40.756898,-73.914583
E..S04R,370,40.756915,-73.914619
E..S04R,371,40.756933,-73.914655
E..S04R,372,40.756951,-73.914691
E..S04R,373,40.756969,-73.914726
E..S04R,374,40.756987,-73.914762
E..S04R,375,40.757005,-73.914798
E..S04R,376,40.757023,-73.914834
E..S04R,377,40.758182,-73.917222
E..S04R,378,40.758276,-73.917432
E..S04R,379,40.758356,-73.917638
E..S04R,380,40.758420,-73.917838
E..S04R,381,40.758469,-73.918033
E..S04R,382,40.758502,-73.918224
E..S04R,383,40.758520,-73.918409
E..S04R,384,40.758523,-73.918590
E..S04R,385,40.758510,-73.918765
E..S04R,386,40.758481,-73.918936
E..S04R,387,40.758437,-73.919101
E..S04R,388,40.758378,-73.919262
E..S04R,389,40.758303,-73.919417
E..S04R,390,40.758213,-73.919568
E..S04R,391,40.758107,-73.919713
E..S04R,392,40.757972,-73.919850
E..S04R,393,40.756879,-73.920740
E..S04R,394,40.756071,-73.921395
E..S04R,395,40.756055,-73.921408
E..S04R,396,40.756039,-73.921421
E..S04R,397,40.756023,-73.921433
E..S04R,398,40.756007,-73.921446
E..S04R,399,40.755992,-73.921458
E..S04R,400,40.755977,-73.921470
E..S04R,401,40.755962,-73.921481
E..S04R,402,40.755948,-73.921493
E..S04R,403,40.755934,-73.921504
E..S04R,404,40.755920,-73.921515
E..S04R,405,40.755906,-73.921525
E..S04R,406,40.755893,-73.921535
E..S04R,407,40.755879,-73.921546
E..S04R,408,40.755867,-73.921555
E..S04R,409,40.755854,-73.921565
E..S04R,410,40.753072,-73.923728
E..S04R,411,40.752994,-73.923787
E..S04R,412,40.752918,-73.923848
E..S04R,413,40.752846,-73.923913
E..S04R,414,40.752778,-73.923982
E..S04R,415,40.752714,-73.924054
E..S04R,416,40.752654,-73.924129
E..S04R,417,40.752598,-73.924208
E..S04R,418,40.752545,-73.924291
E..S04R,419,40.752497,-73.924377
E..S04R,420,40.752452,-73.924467
E..S04R,421,40.752411,-73.924560
E..S04R,422,40.752373,-73.924657
E..S04R,423,40.752340,-73.924757
E..S04R,424,40.752311,-73.924861
E..S04R,425,40.752285,-73.924968
E..S04R,426,40.752262,-73.925070
E..S04R,427,40.752239,-73.925171
E..S04R,428,40.752217,-73.925273
E..S04R,429,40.752197,-73.925376
E..S04R,430,40.752179,-73.925480
E..S04R,431,40.752162,-73.925585
E..S04R,432,40.752146,-73.925690
E..S04R,433,40.752132,-73.925796
E..S04R,434,40.752119,-73.925903
E..S04R,435,40.752108,-73.926011
E..S04R,436,40.752098,-73.926120
E..S04R,437,40.752090,-73.926229
E..S04R,438,40.752083,-73.926339
E..S04R,439,40.752078,-73.926450
E..S04R,440,40.752074,-73.926563
E..S04R,441,40.752039,-73.928781
E..S04R,442,40.751990,-73.931627
E..S04R,443,40.751979,-73.931908
E..S04R,444,40.751957,-73.932184
E..S04R,445,40.751924,-73.932452
E..S04R,446,40.751880,-73.932713
E..S04R,447,40.751824,-73.932966
E..S04R,448,40.751758,-73.933212
E..S04R,449,40.751680,-73.933451
E..S04R,450,40.751591,-73.933682
E..S04R,451,40.751491,-73.933905
E..S04R,452,40.751380,-73.934122
E..S04R,453,40.751258,-73.934331
E..S04R,454,40.751125,-73.934532
E..S04R,455,40.750981,-73.934726
E..S04R,456,40.750826,-73.934913
E..S04R,457,40.750660,-73.935094
E..S04R,458,40.749495,-73.936347
E..S04R,459,40.749451,-73.936394
E..S04R,460,40.749408,-73.936442
E..S04R,461,40.749367,-73.936492
E..S04R,462,40.749327,-73.936544
E..S04R,463,40.749288,-73.936599
E..S04R,464,40.749251,-73.936655
E..S04R,465,40.749215,-73.936712
E..S04R,466,40.749180,-73.936772
E..S04R,467,40.749146,-73.936834
E..S04R,468,40.749114,-73.936897
E..S04R,469,40.749083,-73.936963
E..S04R,470,40.749054,-73.937030
E..S04R,471,40.749025,-73.937099
E..S04R,472,40.748999,-73.937170
E..S04R,473,40.748973,-73.937243
E..S04R,474,40.748061,-73.939780
E..S04R,475,40.747421,-73.941563
E..S04R,476,40.747385,-73.941678
E..S04R,477,40.747353,-73.941794
E..S04R,478,40.747326,-73.941913
E..S04R,479,40.747303,-73.942033
E..S04R,480,40.747285,-73.942155
E..S04R,481,40.747272,-73.942279
E..S04R,482,40.747263,-73.942405
E..S04R,483,40.747258,-73.942533
E..S04R,484,40.747259,-73.942663
E..S04R,485,40.747264,-73.942794
E..S04R,486,40.747273,-73.942927
E..S04R,487,40.747287,-73.943063
E..S04R,488,40.747306,-73.943199
E..S04R,489,40.747329,-73.943338
E..S04R,490,40.747357,-73.943479
E..S04R,491,40.747846,-73.946000
E..S04R,492,40.749075,-73.952344
E..S04R,493,40.749151,-73.952661
E..S04R,494,40.749234,-73.952983
E..S04R,495,40.749328,-73.953305
E..S04R,496,40.749430,-73.953629
E..S04R,497,40.749543,-73.953954
E..S04R,498,40.749664,-73.954279
E..S04R,499,40.749795,-73.954605
E..S04R,500,40.749935,-73.954933
E..S04R,501,40.750085,-73.955261
E..S04R,502,40.750244,-73.955590
E..S04R,503,40.750413,-73.955920
E..S04R,504,40.750591,-73.956251
E..S04R,505,40.750778,-73.956583
E..S04R,506,40.750975,-73.956916
E..S04R,507,40.751182,-73.957251
E..S04R,508,40.754285,-73.961669
E..S04R,509,40.754329,-73.961729
E..S04R,510,40.754372,-73.961793
E..S04R,511,40.754414,-73.961857
E..S04R,512,40.754456,-73.961923
E..S04R,513,40.754497,-73.961989
E..S04R,514,40.754538,-73.962056
E..S04R,515,40.754577,-73.962124
E..S04R,516,40.754617,-73.962194
E..S04R,517,40.754655,-73.962264
E..S04R,518,40.754693,-73.962335
E..S04R,519,40.754730,-73.962407
E..S04R,520,40.754767,-73.962481
E..S04R,521,40.754803,-73.962555
E..S04R,522,40.754839,-73.962630
E..S04R,523,40.754872,-73.962705
E..S04R,524,40.757552,-73.969055
E..S04R,525,40.760167,-73.975224
E..S04R,526,40.760789,-73.976697
E..S04R,527,40.762259,-73.980212
E..S04R,528,40.762862,-73.981637
E..S04R,529,40.762874,-73.981663
E..S04R,530,40.763731,-73.983698
E..S04R,531,40.763771,-73.983832
E..S04R,532,40.763803,-73.983964
E..S04R,533,40.763825,-73.984092
E..S04R,534,40.763838,-73.984216
E..S04R,535,40.763842,-73.984337
E..S04R,536,40.763836,-73.984453
E..S04R,537,40.763821,-73.984565
E..S04R,538,40.763797,-73.984674
E..S04R,539,40.763763,-73.984778
E..S04R,540,40.763720,-73.984879
E..S04R,541,40.763668,-73.984976
E..S04R,542,40.763606,-73.985068
E..S04R,543,40.763535,-73.985157
E..S04R,544,40.763455,-73.985242
E..S04R,545,40.763365,-73.985322
E..S04R,546,40.762456,-73.985984
E..S04R,547,40.757308,-73.989735
E..S04R,548,40.752287,-73.993391
E..S04R,549,40.745906,-73.998041
E..S04R,550,40.740893,-74.001690
E..S04R,551,40.739974,-74.002363
E..S04R,552,40.739897,-74.002417
E..S04R,553,40.739821,-74.002463
E..S04R,554,40.739744,-74.002502
E..S04R,555,40.739666,-74.002535
E..S04R,556,40.739589,-74.002560
E..S04R,557,40.739512,-74.002578
E..S04R,558,40.739434,-74.002590
E..S04R,559,40.739356,-74.002594
E..S04R,560,40.739278,-74.002592
E..S04R,561,40.739200,-74.002583
E..S04R,562,40.739121,-74.002567
E..S04R,563,40.739043,-74.002544
E..S04R,564,40.738964,-74.002514
E..S04R,565,40.738885,-74.002477
E..S04R,566,40.738807,-74.002433
E..S04R,567,40.734389,-73.999792
E..S04R,568,40.734314,-73.999750
E..S04R,569,40.734240,-73.999715
E..S04R,570,40.734167,-73.999685
E..S04R,571,40.734094,-73.999660
E..S04R,572,40.734021,-73.999642
E..S04R,573,40.733949,-73.999629
E..S04R,574,40.733878,-73.999622
E..S04R,575,40.733807,-73.999621
E..S04R,576,40.733736,-73.999626
E..S04R,577,40.733666,-73.999636
E..S04R,578,40.733596,-73.999652
E..S04R,579,40.733527,-73.999674
E..S04R,580,40.733459,-73.999702
E..S04R,581,40.733391,-73.999736
E..S04R,582,40.733324,-73.999777
E..S04R,583,40.732362,-74.000477
E..S04R,584,40.732338,-74.000495
E..S04R,585,40.732312,-74.000515
E..S04R,586,40.731216,-74.001312
E..S04R,587,40.731189,-74.001331
E..S04R,588,40.731161,-74.001349
E..S04R,589,40.731134,-74.001367
E..S04R,590,40.731107,-74.001385
E..S04R,591,40.731080,-74.001402
E..S04R,592,40.731054,-74.001419
E..S04R,593,40.731027,-74.001435
E..S04R,594,40.731001,-74.001451
E..S04R,595,40.730975,-74.001467
E..S04R,596,40.730948,-74.001482
E..S04R,597,40.730922,-74.001497
E..S04R,598,40.730897,-74.001511
E..S04R,599,40.730871,-74.001525
E..S04R,600,40.730845,-74.001539
E..S04R,601,40.730820,-74.001552
E..S04R,602,40.729279,-74.002395
E..S04R,603,40.729225,-74.002424
E..S04R,604,40.729171,-74.002452
E..S04R,605,40.729119,-74.002478
E..S04R,606,40.729068,-74.002504
E..S04R,607,40.729019,-74.002529
E..S04R,608,40.728970,-74.002552
E..S04R,609,40.728922,-74.002575
E..S04R,610,40.728876,-74.002597
E..S04R,611,40.728831,-74.002617
E..S04R,612,40.728787,-74.002637
E..S04R,613,40.728744,-74.002655
E..S04R,614,40.728702,-74.002673
E..S04R,615,40.728661,-74.002689
E..S04R,616,40.728621,-74.002705
E..S04R,617,40.728583,-74.002720
E..S04R,618,40.726227,-74.003739
E..S04R,619,40.722659,-74.005189
E..S04R,620,40.722605,-74.005208
E..S04R,621,40.722549,-74.005225
E..S04R,622,40.722493,-74.005241
E..S04R,623,40.722436,-74.005255
E..S04R,624,40.722379,-74.005267
E..S04R,625,40.722320,-74.005278
E..S04R,626,40.722261,-74.005286
E..S04R,627,40.722201,-74.005293
E..S04R,628,40.722140,-74.005299
E..S04R,629,40.722078,-74.005302
E..S04R,630,40.722016,-74.005304
E..S04R,631,40.721953,-74.005304
E..S04R,632,40.721889,-74.005302
E..S04R,633,40.721824,-74.005299
E..S04R,634,40.721758,-74.005294
E..S04R,635,40.720824,-74.005229
E..S04R,636,40.720785,-74.005224
E..S04R,637,40.719096,-74.005163
E..S04R,638,40.719021,-74.005161
E..S04R,639,40.718947,-74.005161
E..S04R,640,40.718874,-74.005165
E..S04R,641,40.718802,-74.005172
E..S04R,642,40.718730,-74.005183
E..S04R,643,40.718658,-74.005198
E..S04R,644,40.718587,-74.005217
E..S04R,645,40.718517,-74.005238
E..S04R,646,40.718447,-74.005264
E..S04R,647,40.718377,-74.005293
E..S04R,648,40.718309,-74.005325
E..S04R,649,40.718240,-74.005361
E..S04R,650,40.718172,-74.005401
E..S04R,651,40.718105,-74.005444
E..S04R,652,40.718037,-74.005490
E..S04R,653,40.712582,-74.009781
F..N07R,0,40.577422,-73.981233
F..N07R,1,40.576635,-73.981083
F..N07R,2,40.576575,-73.981069
F..N07R,3,40.576518,-73.981047
F..N07R,4,40.576463,-73.981018
F..N07R,5,40.576412,-73.980982
F..N07R,6,40.576363,-73.980938
F..N07R,7,40.576318,-73.980887
F..N07R,8,40.576275,-73.980828
F..N07R,9,40.576235,-73.980762
F..N07R,10,40.576199,-73.980689
F..N07R,11,40.576165,-73.980608
F..N07R,12,40.576134,-73.980520
F..N07R,13,40.576106,-73.980425
F..N07R,14,40.576081,-73.980322
F..N07R,15,40.576058,-73.980212
F..N07R,16,40.576039,-73.980094
F..N07R,17,40.575771,-73.978088
F..N07R,18,40.575762,-73.977991
F..N07R,19,40.575756,-73.977895
F..N07R,20,40.575753,-73.977798
F..N07R,21,40.575752,-73.977700
F..N07R,22,40.575754,-73.977603
F..N07R,23,40.575758,-73.977506
F..N07R,24,40.575765,-73.977408
F..N07R,25,40.575774,-73.977310
F..N07R,26,40.575786,-73.977212
F..N07R,27,40.575801,-73.977114
F..N07R,28,40.575818,-73.977015
F..N07R,29,40.575837,-73.976917
F..N07R,30,40.575860,-73.976818
F..N07R,31,40.575885,-73.976719
F..N07R,32,40.575912,-73.976620
F..N07R,33,40.576127,-73.975939
F..N07R,34,40.576429,-73.974984
F..N07R,35,40.576454,-73.974919
F..N07R,36,40.576482,-73.974858
F..N07R,37,40.576512,-73.974803
F..N07R,38,40.576545,-73.974753
F..N07R,39,40.576581,-73.974707
F..N07R,40,40.576620,-73.974667
F..N07R,41,40.576661,-73.974632
F..N07R,42,40.576705,-73.974602
F..N07R,43,40.576752,-73.974576
F..N07R,44,40.576802,-73.974556
F..N07R,45,40.576854,-73.974541
F..N07R,46,40.576909,-73.974531
F..N07R,47,40.576967,-73.974526
F..N07R,48,40.577028,-73.974526
F..N07R,49,40.577091,-73.974531
F..N07R,50,40.578467,-73.974701
F..N07R,51,40.578509,-73.974704
F..N07R,52,40.578550,-73.974708
F..N07R,53,40.578591,-73.974711
F..N07R,54,40.578632,-73.974714
F..N07R,55,40.578673,-73.974716
F..N07R,56,40.578714,-73.974718
F..N07R,57,40.578755,-73.974719
F..N07R,58,40.578795,-73.974719
F..N07R,59,40.578836,-73.974719
F..N07R,60,40.578877,-73.974718
F..N07R,61,40.578918,-73.974717
F..N07R,62,40.578958,-73.974716
F..N07R,63,40.578999,-73.974713
F..N07R,64,40.579039,-73.974710
F..N07R,65,40.579080,-73.974707
F..N07R,66,40.581011,-73.974574
F..N07R,67,40.581844,-73.974516
F..N07R,68,40.581869,-73.974515
F..N07R,69,40.581895,-73.974514
F..N07R,70,40.581920,-73.974514
F..N07R,71,40.581946,-73.974514
F..N07R,72,40.581973,-73.974514
F..N07R,73,40.581999,-73.974515
F..N07R,74,40.582026,-73.974516
F..N07R,75,40.582054,-73.974518
F..N07R,76,40.582081,-73.974520
F..N07R,77,40.582109,-73.974522
F..N07R,78,40.582138,-73.974525
F..N07R,79,40.582166,-73.974528
F..N07R,80,40.582195,-73.974532
F..N07R,81,40.582224,-73.974536
F..N07R,82,40.582254,-73.974540
F..N07R,83,40.582752,-73.974601
F..N07R,84,40.582785,-73.974606
F..N07R,85,40.582819,-73.974610
F..N07R,86,40.582853,-73.974614
F..N07R,87,40.582887,-73.974617
F..N07R,88,40.582922,-73.974620
F..N07R,89,40.582958,-73.974623
F..N07R,90,40.582994,-73.974625
F..N07R,91,40.583030,-73.974627
F..N07R,92,40.583067,-73.974628
F..N07R,93,40.583105,-73.974630
F..N07R,94,40.583143,-73.974630
F..N07R,95,40.583181,-73.974631
F..N07R,96,40.583220,-73.974631
F..N07R,97,40.583259,-73.974631
F..N07R,98,40.583299,-73.974630
F..N07R,99,40.588507,-73.974328
F..N07R,100,40.588569,-73.974325
F..N07R,101,40.588633,-73.974322
F..N07R,102,40.588699,-73.974319
F..N07R,103,40.588767,-73.974315
F..N07R,104,40.588837,-73.974311
F..N07R,105,40.588908,-73.974307
F..N07R,106,40.588980,-73.974302
F..N07R,107,40.589054,-73.974297
F..N07R,108,40.589130,-73.974292
F..N07R,109,40.589208,-73.974286
F..N07R,110,40.589287,-73.974280
F..N07R,111,40.589367,-73.974273
F..N07R,112,40.589450,-73.974266
F..N07R,113,40.589533,-73.974259
F..N07R,114,40.589620,-73.974250
F..N07R,115,40.589720,-73.974240
F..N07R,116,40.589820,-73.974228
F..N07R,117,40.589918,-73.974216
F..N07R,118,40.590016,-73.974204
F..N07R,119,40.590112,-73.974192
F..N07R,120,40.590208,-73.974180
F..N07R,121,40.590302,-73.974168
F..N07R,122,40.590396,-73.974156
F..N07R,123,40.590488,-73.974143
F..N07R,124,40.590580,-73.974131
F..N07R,125,40.590670,-73.974118
F..N07R,126,40.590760,-73.974105
F..N07R,127,40.590848,-73.974092
F..N07R,128,40.590936,-73.974079
F..N07R,129,40.591023,-73.974067
F..N07R,130,40.596063,-73.973357
F..N07R,131,40.603217,-73.972361
F..N07R,132,40.604053,-73.972247
F..N07R,133,40.604117,-73.972239
F..N07R,134,40.604183,-73.972234
F..N07R,135,40.604250,-73.972230
F..N07R,136,40.604318,-73.972227
F..N07R,137,40.604387,-73.972226
F..N07R,138,40.604457,-73.972226
F..N07R,139,40.604529,-73.972228
F..N07R,140,40.604601,-73.972232
F..N07R,141,40.604675,-73.972237
F..N07R,142,40.604750,-73.972243
F..N07R,143,40.604827,-73.972251
F..N07R,144,40.604904,-73.972261
F..N07R,145,40.604982,-73.972272
F..N07R,146,40.605062,-73.972284
F..N07R,147,40.605143,-73.972299
F..N07R,148,40.608944,-73.973022
F..N07R,149,40.615140,-73.974197
F..N07R,150,40.620769,-73.975264
F..N07R,151,40.625322,-73.976127
F..N07R,152,40.629755,-73.976971
F..N07R,153,40.636119,-73.978172
F..N07R,154,40.636526,-73.978249
F..N07R,155,40.636596,-73.978262
F..N07R,156,40.636669,-73.978277
F..N07R,157,40.636745,-73.978294
F..N07R,158,40.636824,-73.978312
F..N07R,159,40.636906,-73.978331
F..N07R,160,40.636991,-73.978351
F..N07R,161,40.637079,-73.978373
F..N07R,162,40.637170,-73.978396
F..N07R,163,40.637264,-73.978420
F..N07R,164,40.637361,-73.978445
F..N07R,165,40.637462,-73.978471
F..N07R,166,40.637565,-73.978499
F..N07R,167,40.637671,-73.978528
F..N07R,168,40.637781,-73.978558
F..N07R,169,40.637892,-73.978591
F..N07R,170,40.637945,-73.978605
F..N07R,171,40.637997,-73.978619
F..N07R,172,40.638050,-73.978632
F..N07R,173,40.638101,-73.978645
F..N07R,174,40.638153,-73.978657
F..N07R,175,40.638203,-73.978670
F..N07R,176,40.638254,-73.978681
F..N07R,177,40.638304,-73.978693
F..N07R,178,40.638354,-73.978704
F..N07R,179,40.638403,-73.978714
F..N07R,180,40.638452,-73.978724
F..N07R,181,40.638500,-73.978734
F..N07R,182,40.638548,-73.978743
F..N07R,183,40.638596,-73.978752
F..N07R,184,40.638643,-73.978761
F..N07R,185,40.640186,-73.979056
F..N07R,186,40.640223,-73.979064
F..N07R,187,40.640261,-73.979072
F..N07R,188,40.640299,-73.979079
F..N07R,189,40.640339,-73.979086
F..N07R,190,40.640379,-73.979093
F..N07R,191,40.640420,-73.979100
F..N07R,192,40.640461,-73.979106
F..N07R,193,40.640503,-73.979112
F..N07R,194,40.640546,-73.979118
F..N07R,195,40.640590,-73.979123
F..N07R,196,40.640634,-73.979129
F..N07R,197,40.640679,-73.979134
F..N07R,198,40.640725,-73.979138
F..N07R,199,40.640772,-73.979143
F..N07R,200,40.640819,-73.979147
F..N07R,201,40.641369,-73.979204
F..N07R,202,40.641416,-73.979208
F..N07R,203,40.641463,-73.979213
F..N07R,204,40.641510,-73.979218
F..N07R,205,40.641558,-73.979224
F..N07R,206,40.641607,-73.979230
F..N07R,207,40.641656,-73.979236
F..N07R,208,40.641705,-73.979243
F..N07R,209,40.641755,-73.979251
F..N07R,210,40.641806,-73.979259
F..N07R,211,40.641857,-73.979267
F..N07R,212,40.641908,-73.979276
F..N07R,213,40.641960,-73.979285
F..N07R,214,40.642013,-73.979294
F..N07R,215,40.642066,-73.979304
F..N07R,216,40.642120,-73.979314
F..N07R,217,40.644041,-73.979678
F..N07R,218,40.645397,-73.979931
F..N07R,219,40.645613,-73.979966
F..N07R,220,40.645822,-73.979985
F..N07R,221,40.646022,-73.979986
F..N07R,222,40.646215,-73.979969
F..N07R,223,40.646400,-73.979936
F..N07R,224,40.646577,-73.979886
F..N07R,225,40.646746,-73.979818
F..N07R,226,40.646907,-73.979733
F..N07R,227,40.647060,-73.979632
F..N07R,228,40.647205,-73.979513
F..N07R,229,40.647342,-73.979376
F..N07R,230,40.647471,-73.979223
F..N07R,231,40.647593,-73.979052
F..N07R,232,40.647706,-73.978865
F..N07R,233,40.647813,-73.978660
F..N07R,234,40.648349,-73.977306
F..N07R,235,40.648437,-73.977113
F..N07R,236,40.648536,-73.976933
F..N07R,237,40.648646,-73.976767
F..N07R,238,40.648766,-73.976613
F..N07R,239,40.648897,-73.976473
F..N07R,240,40.649038,-73.976345
F..N07R,241,40.649190,-73.976231
F..N07R,242,40.649352,-73.976129
F..N07R,243,40.649525,-73.976040
F..N07R,244,40.649708,-73.975964
F..N07R,245,40.649902,-73.975901
F..N07R,246,40.650106,-73.975851
F..N07R,247,40.650320,-73.975814
F..N07R,248,40.650546,-73.975789
F..N07R,249,40.650782,-73.975776
F..N07R,250,40.650865,-73.975780
F..N07R,251,40.650950,-73.975785
F..N07R,252,40.651038,-73.975790
F..N07R,253,40.651128,-73.975797
F..N07R,254,40.651221,-73.975806
F..N07R,255,40.651317,-73.975815
F..N07R,256,40.651415,-73.975825
F..N07R,257,40.651516,-73.975837
F..N07R,258,40.651619,-73.975850
F..N07R,259,40.651724,-73.975863
F..N07R,260,40.651833,-73.975878
F..N07R,261,40.651943,-73.975894
F..N07R,262,40.652057,-73.975911
F..N07R,263,40.652173,-73.975930
F..N07R,264,40.652292,-73.975951
F..N07R,265,40.654895,-73.976441
F..N07R,266,40.655008,-73.976464
F..N07R,267,40.655117,-73.976491
F..N07R,268,40.655222,-73.976525
F..N07R,269,40.655324,-73.976565
F..N07R,270,40.655422,-73.976611
F..N07R,271,40.655517,-73.976664
F..N07R,272,40.655609,-73.976722
F..N07R,273,40.655696,-73.976787
F..N07R,274,40.655781,-73.976858
F..N07R,275,40.655862,-73.976935
F..N07R,276,40.655939,-73.977018
F..N07R,277,40.656013,-73.977108
F..N07R,278,40.656084,-73.977203
F..N07R,279,40.656151,-73.977305
F..N07R,280,40.656215,-73.977414
F..N07R,281,40.657523,-73.979648
F..N07R,282,40.657608,-73.979786
F..N07R,283,40.657695,-73.979912
F..N07R,284,40.657784,-73.980024
F..N07R,285,40.657876,-73.980122
F..N07R,286,40.657970,-73.980208
F..N07R,287,40.658066,-73.980281
F..N07R,288,40.658165,-73.980340
F..N07R,289,40.658266,-73.980386
F..N07R,290,40.658369,-73.980420
F..N07R,291,40.658475,-73.980440
F..N07R,292,40.658583,-73.980446
F..N07R,293,40.658693,-73.980440
F..N07R,294,40.658806,-73.980420
F..N07R,295,40.658921,-73.980388
F..N07R,296,40.659039,-73.980342
F..N07R,297,40.659124,-73.980298
F..N07R,298,40.659210,-73.980252
F..N07R,299,40.659296,-73.980204
F..N07R,300,40.659382,-73.980155
F..N07R,301,40.659469,-73.980104
F..N07R,302,40.659557,-73.980051
F..N07R,303,40.659645,-73.979996
F..N07R,304,40.659733,-73.979940
F..N07R,305,40.659822,-73.979881
F..N07R,306,40.659912,-73.979821
F..N07R,307,40.660002,-73.979760
F..N07R,308,40.660092,-73.979696
F..N07R,309,40.660183,-73.979631
F..N07R,310,40.660274,-73.979564
F..N07R,311,40.660365,-73.979493
F..N07R,312,40.663046,-73.977329
F..N07R,313,40.663205,-73.977197
F..N07R,314,40.663364,-73.977094
F..N07R,315,40.663519,-73.977015
F..N07R,316,40.663671,-73.976959
F..N07R,317,40.663820,-73.976928
F..N07R,318,40.663966,-73.976921
F..N07R,319,40.664108,-73.976938
F..N07R,320,40.664247,-73.976978
F..N07R,321,40.664383,-73.977043
F..N07R,322,40.664515,-73.977132
F..N07R,323,40.664645,-73.977245
F..N07R,324,40.664771,-73.977382
F..N07R,325,40.664893,-73.977544
F..N07R,326,40.665013,-73.977729
F..N07R,327,40.665130,-73.977941
F..N07R,328,40.666271,-73.980305
F..N07R,329,40.667436,-73.982712
F..N07R,330,40.667459,-73.982761
F..N07R,331,40.667482,-73.982809
F..N07R,332,40.667505,-73.982856
F..N07R,333,40.667527,-73.982902
F..N07R,334,40.667549,-73.982948
F..N07R,335,40.667571,-73.982993
F..N07R,336,40.667593,-73.983037
F..N07R,337,40.667615,-73.983081
F..N07R,338,40.667636,-73.983123
F..N07R,339,40.667657,-73.983166
F..N07R,340,40.667678,-73.983207
F..N07R,341,40.667699,-73.983248
F..N07R,342,40.667720,-73.983287
F..N07R,343,40.667740,-73.983327
F..N07R,344,40.667760,-73.983365
F..N07R,345,40.668766,-73.985354
F..N07R,346,40.668808,-73.985451
F..N07R,347,40.668847,-73.985549
F..N07R,348,40.668884,-73.985647
F..N07R,349,40.668919,-73.985745
F..N07R,350,40.668952,-73.985843
F..N07R,351,40.668982,-73.985942
F..N07R,352,40.669011,-73.986041
F..N07R,353,40.669037,-73.986139
F..N07R,354,40.669061,-73.986238
F..N07R,355,40.669083,-73.986338
F..N07R,356,40.669102,-73.986437
F..N07R,357,40.669120,-73.986537
F..N07R,358,40.669135,-73.986636
F..N07R,359,40.669148,-73.986736
F..N07R,360,40.669160,-73.986836
F..N07R,361,40.669177,-73.986944
F..N07R,362,40.669197,-73.987053
F..N07R,363,40.669218,-73.987162
F..N07R,364,40.669242,-73.987271
F..N07R,365,40.669268,-73.987380
F..N07R,366,40.669295,-73.987489
F..N07R,367,40.669325,-73.987598
F..N07R,368,40.669357,-73.987708
F..N07R,369,40.669391,-73.987817
F..N07R,370,40.669427,-73.987926
F..N07R,371,40.669466,-73.988035
F..N07R,372,40.669506,-73.988144
F..N07R,373,40.669548,-73.988253
F..N07R,374,40.669593,-73.988362
F..N07R,375,40.669639,-73.988470
F..N07R,376,40.670272,-73.989779
F..N07R,377,40.671773,-73.992891
F..N07R,378,40.671791,-73.992925
F..N07R,379,40.671808,-73.992958
F..N07R,380,40.671826,-73.992991
F..N07R,381,40.671843,-73.993023
F..N07R,382,40.671860,-73.993056
F..N07R,383,40.671877,-73.993087
F..N07R,384,40.671894,-73.993119
F..N07R,385,40.671910,-73.993149
F..N07R,386,40.671927,-73.993180
F..N07R,387,40.671943,-73.993210
F..N07R,388,40.671959,-73.993240
F..N07R,389,40.671976,-73.993269
F..N07R,390,40.671992,-73.993298
F..N07R,391,40.672007,-73.993326
F..N07R,392,40.672023,-73.993354
F..N07R,393,40.673105,-73.995224
F..N07R,394,40.673136,-73.995278
F..N07R,395,40.673167,-73.995331
F..N07R,396,40.673198,-73.995383
F..N07R,397,40.673229,-73.995434
F..N07R,398,40.673260,-73.995485
F..N07R,399,40.673292,-73.995536
F..N07R,400,40.673323,-73.995585
F..N07R,401,40.673355,-73.995634
F..N07R,402,40.673387,-73.995683
F..N07R,403,40.673418,-73.995730
F..N07R,404,40.673450,-73.995777
F..N07R,405,40.673482,-73.995824
F..N07R,406,40.673514,-73.995870
F..N07R,407,40.673547,-73.995915
F..N07R,408,40.673580,-73.995959
F..N07R,409,40.673631,-73.996031
F..N07R,410,40.673684,-73.996103
F..N07R,411,40.673738,-73.996176
F..N07R,412,40.673793,-73.996248
F..N07R,413,40.673849,-73.996320
F..N07R,414,40.673906,-73.996391
F..N07R,415,40.673964,-73.996462
F..N07R,416,40.674024,-73.996533
F..N07R,417,40.674085,-73.996604
F..N07R,418,40.674147,-73.996675
F..N07R,419,40.674210,-73.996745
F..N07R,420,40.674274,-73.996815
F..N07R,421,40.674340,-73.996884
F..N07R,422,40.674406,-73.996954
F..N07R,423,40.674474,-73.997022
F..N07R,424,40.674547,-73.997086
F..N07R,425,40.674622,-73.997146
F..N07R,426,40.674699,-73.997200
F..N07R,427,40.674778,-73.997250
F..N07R,428,40.674859,-73.997294
F..N07R,429,40.674941,-73.997333
F..N07R,430,40.675025,-73.997367
F..N07R,431,40.675111,-73.997396
F..N07R,432,40.675199,-73.997419
F..N07R,433,40.675288,-73.997438
F..N07R,434,40.675379,-73.997451
F..N07R,435,40.675472,-73.997459
F..N07R,436,40.675567,-73.997462
F..N07R,437,40.675663,-73.997460
F..N07R,438,40.675760,-73.997454
F..N07R,439,40.675805,-73.997447
F..N07R,440,40.675850,-73.997437
F..N07R,441,40.675896,-73.997427
F..N07R,442,40.675941,-73.997415
F..N07R,443,40.675986,-73.997403
F..N07R,444,40.676031,-73.997389
F..N07R,445,40.676076,-73.997375
F..N07R,446,40.676122,-73.997359
F..N07R,447,40.676167,-73.997343
F..N07R,448,40.676212,-73.997325
F..N07R,449,40.676257,-73.997306
F..N07R,450,40.676302,-73.997287
F..N07R,451,40.676348,-73.997266
F..N07R,452,40.676393,-73.997245
F..N07R,453,40.676438,-73.997223
F..N07R,454,40.678436,-73.996262
F..N07R,455,40.678593,-73.996182
F..N07R,456,40.678744,-73.996100
F..N07R,457,40.678890,-73.996019
F..N07R,458,40.679032,-73.995937
F..N07R,459,40.679169,-73.995856
F..N07R,460,40.679303,-73.995775
F..N07R,461,40.679431,-73.995694
F..N07R,462,40.679556,-73.995612
F..N07R,463,40.679676,-73.995532
F..N07R,464,40.679791,-73.995451
F..N07R,465,40.679902,-73.995370
F..N07R,466,40.680009,-73.995289
F..N07R,467,40.680111,-73.995209
F..N07R,468,40.680209,-73.995128
F..N07R,469,40.680303,-73.995048
F..N07R,470,40.680903,-73.994454
F..N07R,471,40.680967,-73.994403
F..N07R,472,40.681033,-73.994353
F..N07R,473,40.681099,-73.994302
F..N07R,474,40.681166,-73.994252
F..N07R,475,40.681234,-73.994202
F..N07R,476,40.681302,-73.994151
F..N07R,477,40.681371,-73.994101
F..N07R,478,40.681441,-73.994051
F..N07R,479,40.681511,-73.994001
F..N07R,480,40.681583,-73.993951
F..N07R,481,40.681655,-73.993901
F..N07R,482,40.681727,-73.993851
F..N07R,483,40.681800,-73.993801
F..N07R,484,40.681874,-73.993751
F..N07R,485,40.681949,-73.993701
F..N07R,486,40.686145,-73.990862
F..N07R,487,40.688929,-73.988937
F..N07R,488,40.690701,-73.987738
F..N07R,489,40.690945,-73.987582
F..N07R,490,40.690993,-73.987556
F..N07R,491,40.691041,-73.987532
F..N07R,492,40.691089,-73.987509
F..N07R,493,40.691138,-73.987488
F..N07R,494,40.691187,-73.987469
F..N07R,495,40.691236,-73.987452
F..N07R,496,40.691286,-73.987437
F..N07R,497,40.691336,-73.987423
F..N07R,498,40.691386,-73.987412
F..N07R,499,40.691437,-73.987402
F..N07R,500,40.691488,-73.987394
F..N07R,501,40.691539,-73.987387
F..N07R,502,40.691591,-73.987383
F..N07R,503,40.691643,-73.987380
F..N07R,504,40.691695,-73.987379
F..N07R,505,40.692332,-73.987343
F..N07R,506,40.692338,-73.987342
F..N07R,507,40.692346,-73.987343
F..N07R,508,40.693682,-73.987277
F..N07R,509,40.693715,-73.987276
F..N07R,510,40.693748,-73.987273
F..N07R,511,40.693782,-73.987271
F..N07R,512,40.693816,-73.987268
F..N07R,513,40.693850,-73.987265
F..N07R,514,40.693884,-73.987262
F..N07R,515,40.693919,-73.987259
F..N07R,516,40.693953,-73.987255
F..N07R,517,40.693988,-73.987252
F..N07R,518,40.694024,-73.987248
F..N07R,519,40.694059,-73.987244
F..N07R,520,40.694095,-73.987240
F..N07R,521,40.694131,-73.987235
F..N07R,522,40.694167,-73.987231
F..N07R,523,40.694204,-73.987226
F..N07R,524,40.694334,-73.987211
F..N07R,525,40.694364,-73.987206
F..N07R,526,40.694394,-73.987202
F..N07R,527,40.694424,-73.987198
F..N07R,528,40.694455,-73.987194
F..N07R,529,40.694487,-73.987191
F..N07R,530,40.694519,-73.987187
F..N07R,531,40.694551,-73.987184
F..N07R,532,40.694585,-73.987182
F..N07R,533,40.694618,-73.987179
F..N07R,534,40.694652,-73.987177
F..N07R,535,40.694687,-73.987175
F..N07R,536,40.694722,-73.987173
F..N07R,537,40.694758,-73.987172
F..N07R,538,40.694794,-73.987171
F..N07R,539,40.694832,-73.987170
F..N07R,540,40.697395,-73.987036
F..N07R,541,40.699743,-73.986885
F..N07R,542,40.701398,-73.986772
F..N07R,543,40.704099,-73.986587
F..N07R,544,40.704345,-73.986579
F..N07R,545,40.704591,-73.986585
F..N07R,546,40.704836,-73.986604
F..N07R,547,40.705079,-73.986636
F..N07R,548,40.705322,-73.986682
F..N07R,549,40.705563,-73.986741
F..N07R,550,40.705803,-73.986813
F..N07R,551,40.706042,-73.986898
F..N07R,552,40.706280,-73.986997
F..N07R,553,40.706517,-73.987109
F..N07R,554,40.706752,-73.987234
F..N07R,555,40.706987,-73.987372
F..N07R,556,40.707220,-73.987524
F..N07R,557,40.707452,-73.987689
F..N07R,558,40.707683,-73.987867
F..N07R,559,40.708766,-73.988681
F..N07R,560,40.708915,-73.988791
F..N07R,561,40.709071,-73.988899
F..N07R,562,40.709232,-73.989002
F..N07R,563,40.709397,-73.989100
F..N07R,564,40.709566,-73.989193
F..N07R,565,40.709740,-73.989281
F..N07R,566,40.709918,-73.989365
F..N07R,567,40.710101,-73.989444
F..N07R,568,40.710288,-73.989518
F..N07R,569,40.710479,-73.989587
F..N07R,570,40.710675,-73.989652
F..N07R,571,40.710875,-73.989712
F..N07R,572,40.711079,-73.989767
F..N07R,573,40.711288,-73.989817
F..N07R,574,40.711503,-73.989866
F..N07R,575,40.712816,-73.990070
F..N07R,576,40.712885,-73.990080
F..N07R,577,40.712953,-73.990091
F..N07R,578,40.713020,-73.990101
F..N07R,579,40.713086,-73.990110
F..N07R,580,40.713150,-73.990119
F..N07R,581,40.713212,-73.990127
F..N07R,582,40.713274,-73.990134
F..N07R,583,40.713334,-73.990141
F..N07R,584,40.713392,-73.990148
F..N07R,585,40.713450,-73.990154
F..N07R,586,40.713506,-73.990159
F..N07R,587,40.713560,-73.990164
F..N07R,588,40.713613,-73.990168
F..N07R,589,40.713665,-73.990171
F..N07R,590,40.713715,-73.990173
F..N07R,591,40.713758,-73.990177
F..N07R,592,40.713802,-73.990181
F..N07R,593,40.713846,-73.990184
F..N07R,594,40.713889,-73.990187
F..N07R,595,40.713931,-73.990188
F..N07R,596,40.713973,-73.990189
F..N07R,597,40.714014,-73.990190
F..N07R,598,40.714055,-73.990190
F..N07R,599,40.714096,-73.990189
F..N07R,600,40.714136,-73.990188
F..N07R,601,40.714176,-73.990186
F..N07R,602,40.714215,-73.990183
F..N07R,603,40.714253,-73.990180
F..N07R,604,40.714291,-73.990176
F..N07R,605,40.714330,-73.990171
F..N07R,606,40.714390,-73.990161
F..N07R,607,40.714448,-73.990152
F..N07R,608,40.714506,-73.990141
F..N07R,609,40.714566,-73.990127
F..N07R,610,40.714625,-73.990112
F..N07R,611,40.714685,-73.990095
F..N07R,612,40.714746,-73.990076
F..N07R,613,40.714807,-73.990055
F..N07R,614,40.714868,-73.990033
F..N07R,615,40.714930,-73.990008
F..N07R,616,40.714992,-73.989981
F..N07R,617,40.715055,-73.989953
F..N07R,618,40.715118,-73.989922
F..N07R,619,40.715182,-73.989890
F..N07R,620,40.715245,-73.989854
F..N07R,621,40.718611,-73.988114
F..N07R,622,40.720922,-73.986929
F..N07R,623,40.721101,-73.986848
F..N07R,624,40.721272,-73.986786
F..N07R,625,40.721436,-73.986746
F..N07R,626,40.721592,-73.986727
F..N07R,627,40.721741,-73.986729
F..N07R,628,40.721881,-73.986752
F..N07R,629,40.722014,-73.986797
F..N07R,630,40.722138,-73.986863
F..N07R,631,40.722255,-73.986950
F..N07R,632,40.722365,-73.987058
F..N07R,633,40.722466,-73.987188
F..N07R,634,40.722559,-73.987339
F..N07R,635,40.722645,-73.987511
F..N07R,636,40.722723,-73.987704
F..N07R,637,40.722792,-73.987919
F..N07R,638,40.723402,-73.989938
F..N07R,639,40.724185,-73.992550
F..N07R,640,40.725297,-73.996204
F..N07R,641,40.725437,-73.996641
F..N07R,642,40.725475,-73.996750
F..N07R,643,40.725513,-73.996858
F..N07R,644,40.725552,-73.996964
F..N07R,645,40.725591,-73.997069
F..N07R,646,40.725631,-73.997172
F..N07R,647,40.725670,-73.997273
F..N07R,648,40.725711,-73.997373
F..N07R,649,40.725751,-73.997471
F..N07R,650,40.725792,-73.997568
F..N07R,651,40.725834,-73.997663
F..N07R,652,40.725876,-73.997756
F..N07R,653,40.725918,-73.997848
F..N07R,654,40.725961,-73.997938
F..N07R,655,40.726004,-73.998027
F..N07R,656,40.726047,-73.998114
F..N07R,657,40.727913,-74.001901
F..N07R,658,40.727970,-74.002019
F..N07R,659,40.728032,-74.002126
F..N07R,660,40.728099,-74.002220
F..N07R,661,40.728170,-74.002301
F..N07R,662,40.728247,-74.002371
F..N07R,663,40.728328,-74.002428
F..N07R,664,40.728414,-74.002473
F..N07R,665,40.728505,-74.002506
F..N07R,666,40.728601,-74.002526
F..N07R,667,40.728702,-74.002535
F..N07R,668,40.728808,-74.002531
F..N07R,669,40.728918,-74.002515
F..N07R,670,40.729034,-74.002486
F..N07R,671,40.729154,-74.002446
F..N07R,672,40.729279,-74.002395
F..N07R,673,40.730820,-74.001552
F..N07R,674,40.730845,-74.001539
F..N07R,675,40.730871,-74.001525
F..N07R,676,40.730897,-74.001511
F..N07R,677,40.730922,-74.001497
F..N07R,678,40.730948,-74.001482
F..N07R,679,40.730975,-74.001467
F..N07R,680,40.731001,-74.001451
F..N07R,681,40.731027,-74.001435
F..N07R,682,40.731054,-74.001419
F..N07R,683,40.731080,-74.001402
F..N07R,684,40.731107,-74.001385
F..N07R,685,40.731134,-74.001367
F..N07R,686,40.731161,-74.001349
F..N07R,687,40.731189,-74.001331
F..N07R,688,40.731216,-74.001312
F..N07R,689,40.732312,-74.000515
F..N07R,690,40.732338,-74.000495
F..N07R,691,40.732362,-74.000477
F..N07R,692,40.733324,-73.999777
F..N07R,693,40.738228,-73.996209
F..N07R,694,40.742878,-73.992821
F..N07R,695,40.749719,-73.987823
F..N07R,696,40.754222,-73.984569
F..N07R,697,40.758663,-73.981329
F..N07R,698,40.760893,-73.979701
F..N07R,699,40.763972,-73.977450
F..N07R,700,40.766457,-73.975637
F..N07R,701,40.766660,-73.975434
F..N07R,702,40.766834,-73.975214
F..N07R,703,40.766982,-73.974983
F..N07R,704,40.767106,-73.974740
F..N07R,705,40.767205,-73.974487
F..N07R,706,40.767280,-73.974222
F..N07R,707,40.767329,-73.973945
F..N07R,708,40.767353,-73.973658
F..N07R,709,40.767352,-73.973359
F..N07R,710,40.767327,-73.973049
F..N07R,711,40.767276,-73.972727
F..N07R,712,40.767201,-73.972394
F..N07R,713,40.767100,-73.972050
F..N07R,714,40.766975,-73.971695
F..N07R,715,40.766827,-73.971330
F..N07R,716,40.764629,-73.966113
F..N07R,717,40.763973,-73.964558
F..N07R,718,40.761088,-73.957707
F..N07R,719,40.761071,-73.957666
F..N07R,720,40.761053,-73.957625
F..N07R,721,40.761036,-73.957585
F..N07R,722,40.761019,-73.957545
F..N07R,723,40.761003,-73.957506
F..N07R,724,40.760986,-73.957468
F..N07R,725,40.760970,-73.957431
F..N07R,726,40.760954,-73.957394
F..N07R,727,40.760938,-73.957357
F..N07R,728,40.760922,-73.957322
F..N07R,729,40.760907,-73.957287
F..N07R,730,40.760892,-73.957253
F..N07R,731,40.760877,-73.957219
F..N07R,732,40.760862,-73.957186
F..N07R,733,40.760847,-73.957154
F..N07R,734,40.759145,-73.953260
F..N07R,735,40.756723,-73.947784
F..N07R,736,40.756703,-73.947738
F..N07R,737,40.756682,-73.947691
F..N07R,738,40.756661,-73.947645
F..N07R,739,40.756640,-73.947600
F..N07R,740,40.756618,-73.947554
F..N07R,741,40.756597,-73.947509
F..N07R,742,40.756575,-73.947464
F..N07R,743,40.756553,-73.947419
F..N07R,744,40.756531,-73.947374
F..N07R,745,40.756508,-73.947329
F..N07R,746,40.756485,-73.947285
F..N07R,747,40.756462,-73.947240
F..N07R,748,40.756439,-73.947196
F..N07R,749,40.756416,-73.947153
F..N07R,750,40.756392,-73.947109
F..N07R,751,40.754203,-73.942836
F..N07R,752,40.753681,-73.941824
F..N07R,753,40.753653,-73.941768
F..N07R,754,40.753624,-73.941712
F..N07R,755,40.753594,-73.941656
F..N07R,756,40.753565,-73.941600
F..N07R,757,40.753535,-73.941544
F..N07R,758,40.753506,-73.941488
F..N07R,759,40.753476,-73.941432
F..N07R,760,40.753446,-73.941376
F..N07R,761,40.753416,-73.941320
F..N07R,762,40.753386,-73.941265
F..N07R,763,40.753355,-73.941209
F..N07R,764,40.753325,-73.941154
F..N07R,765,40.753294,-73.941099
F..N07R,766,40.753264,-73.941043
F..N07R,767,40.753234,-73.940988
F..N07R,768,40.750946,-73.936690
F..N07R,769,40.750871,-73.936548
F..N07R,770,40.750809,-73.936405
F..N07R,771,40.750759,-73.936262
F..N07R,772,40.750722,-73.936119
F..N07R,773,40.750697,-73.935975
F..N07R,774,40.750684,-73.935832
F..N07R,775,40.750684,-73.935688
F..N07R,776,40.750696,-73.935544
F..N07R,777,40.750720,-73.935400
F..N07R,778,40.750757,-73.935255
F..N07R,779,40.750806,-73.935111
F..N07R,780,40.750867,-73.934966
F..N07R,781,40.750941,-73.934821
F..N07R,782,40.751027,-73.934676
F..N07R,783,40.751125,-73.934532
F..N07R,784,40.751258,-73.934331
F..N07R,785,40.751380,-73.934122
F..N07R,786,40.751491,-73.933905
F..N07R,787,40.751591,-73.933682
F..N07R,788,40.751680,-73.933451
F..N07R,789,40.751758,-73.933212
F..N07R,790,40.751824,-73.932966
F..N07R,791,40.751880,-73.932713
F..N07R,792,40.751924,-73.932452
F..N07R,793,40.751957,-73.932184
F..N07R,794,40.751979,-73.931908
F..N07R,795,40.751990,-73.931627
F..N07R,796,40.752039,-73.928781
F..N07R,797,40.752074,-73.926563
F..N07R,798,40.752078,-73.926450
F..N07R,799,40.752083,-73.926339
F..N07R,800,40.752090,-73.926229
F..N07R,801,40.752098,-73.926120
F..N07R,802,40.752108,-73.926011
F..N07R,803,40.752119,-73.925903
F..N07R,804,40.752132,-73.925796
F..N07R,805,40.752146,-73.925690
F..N07R,806,40.752162,-73.925585
F..N07R,807,40.752179,-73.925480
F..N07R,808,40.752197,-73.925376
F..N07R,809,40.752217,-73.925273
F..N07R,810,40.752239,-73.925171
F..N07R,811,40.752262,-73.925070
F..N07R,812,40.752285,-73.924968
F..N07R,813,40.752311,-73.924861
F..N07R,814,40.752340,-73.924757
F..N07R,815,40.752373,-73.924657
F..N07R,816,40.752411,-73.924560
F..N07R,817,40.752452,-73.924467
F..N07R,818,40.752497,-73.924377
F..N07R,819,40.752545,-73.924291
F..N07R,820,40.752598,-73.924208
F..N07R,821,40.752654,-73.924129
F..N07R,822,40.752714,-73.924054
F..N07R,823,40.752778,-73.923982
F..N07R,824,40.752846,-73.923913
F..N07R,825,40.752918,-73.923848
F..N07R,826,40.752994,-73.923787
F..N07R,827,40.753072,-73.923728
F..N07R,828,40.755854,-73.921565
F..N07R,829,40.755867,-73.921555
F..N07R,830,40.755879,-73.921546
F..N07R,831,40.755893,-73.921535
F..N07R,832,40.755906,-73.921525
F..N07R,833,40.755920,-73.921515
F..N07R,834,40.755934,-73.921504
F..N07R,835,40.755948,-73.921493
F..N07R,836,40.755962,-73.921481
F..N07R,837,40.755977,-73.921470
F..N07R,838,40.755992,-73.921458
F..N07R,839,40.756007,-73.921446
F..N07R,840,40.756023,-73.921433
F..N07R,841,40.756039,-73.921421
F..N07R,842,40.756055,-73.921408
F..N07R,843,40.756071,-73.921395
F..N07R,844,40.756879,-73.920740
F..N07R,845,40.757972,-73.919850
F..N07R,846,40.758107,-73.919713
F..N07R,847,40.758213,-73.919568
F..N07R,848,40.758303,-73.919417
F..N07R,849,40.758378,-73.919262
F..N07R,850,40.758437,-73.919101
F..N07R,851,40.758481,-73.918936
F..N07R,852,40.758510,-73.918765
F..N07R,853,40.758523,-73.918590
F..N07R,854,40.758520,-73.918409
F..N07R,855,40.758502,-73.918224
F..N07R,856,40.758469,-73.918033
F..N07R,857,40.758420,-73.917838
F..N07R,858,40.758356,-73.917638
F..N07R,859,40.758276,-73.917432
F..N07R,860,40.758182,-73.917222
F..N07R,861,40.757023,-73.914834
F..N07R,862,40.757005,-73.914798
F..N07R,863,40.756987,-73.914762
F..N07R,864,40.756969,-73.914726
F..N07R,865,40.756951,-73.914691
F..N07R,866,40.756933,-73.914655
F..N07R,867,40.756915,-73.914619
F..N07R,868,40.756898,-73.914583
F..N07R,869,40.756880,-73.914547
F..N07R,870,40.756863,-73.914511
F..N07R,871,40.756846,-73.914475
F..N07R,872,40.756829,-73.914439
F..N07R,873,40.756812,-73.914404
F..N07R,874,40.756795,-73.914368
F..N07R,875,40.756779,-73.914332
F..N07R,876,40.756762,-73.914295
F..N07R,877,40.756312,-73.913333
F..N07R,878,40.754245,-73.908935
F..N07R,879,40.753221,-73.906786
F..N07R,880,40.752885,-73.906006
F..N07R,881,40.749669,-73.898453
F..N07R,882,40.746644,-73.891338
F..N07R,883,40.744006,-73.885149
F..N07R,884,40.743987,-73.885104
F..N07R,885,40.743967,-73.885059
F..N07R,886,40.743948,-73.885015
F..N07R,887,40.743928,-73.884971
F..N07R,888,40.743909,-73.884928
F..N07R,889,40.743890,-73.884885
F..N07R,890,40.743871,-73.884843
F..N07R,891,40.743851,-73.884801
F..N07R,892,40.743832,-73.884760
F..N07R,893,40.743813,-73.884719
F..N07R,894,40.743794,-73.884679
F..N07R,895,40.743775,-73.884639
F..N07R,896,40.743756,-73.884600
F..N07R,897,40.743737,-73.884561
F..N07R,898,40.743718,-73.884523
F..N07R,899,40.742933,-73.882917
F..N07R,900,40.742897,-73.882846
F..N07R,901,40.742862,-73.882775
F..N07R,902,40.742827,-73.882706
F..N07R,903,40.742792,-73.882639
F..N07R,904,40.742759,-73.882574
F..N07R,905,40.742726,-73.882510
F..N07R,906,40.742693,-73.882448
F..N07R,907,40.742661,-73.882388
F..N07R,908,40.742630,-73.882330
F..N07R,909,40.742599,-73.882273
F..N07R,910,40.742569,-73.882218
F..N07R,911,40.742539,-73.882165
F..N07R,912,40.742510,-73.882114
F..N07R,913,40.742482,-73.882064
F..N07R,914,40.742454,-73.882017
F..N07R,915,40.742415,-73.881945
F..N07R,916,40.742376,-73.881874
F..N07R,917,40.742337,-73.881803
F..N07R,918,40.742296,-73.881732
F..N07R,919,40.742256,-73.881662
F..N07R,920,40.742215,-73.881592
F..N07R,921,40.742173,-73.881523
F..N07R,922,40.742131,-73.881453
F..N07R,923,40.742088,-73.881384
F..N07R,924,40.742045,-73.881316
F..N07R,925,40.742001,-73.881247
F..N07R,926,40.741957,-73.881179
F..N07R,927,40.741913,-73.881112
F..N07R,928,40.741868,-73.881044
F..N07R,929,40.741822,-73.880977
F..N07R,930,40.740665,-73.879422
F..N07R,931,40.740614,-73.879357
F..N07R,932,40.740561,-73.879295
F..N07R,933,40.740506,-73.879235
F..N07R,934,40.740449,-73.879175
F..N07R,935,40.740389,-73.879117
F..N07R,936,40.740326,-73.879060
F..N07R,937,40.740261,-73.879004
F..N07R,938,40.740194,-73.878950
F..N07R,939,40.740124,-73.878897
F..N07R,940,40.740052,-73.878845
F..N07R,941,40.739977,-73.878794
F..N07R,942,40.739900,-73.878744
F..N07R,943,40.739821,-73.878696
F..N07R,944,40.739739,-73.878649
F..N07R,945,40.739655,-73.878602
F..N07R,946,40.737015,-73.877223
F..N07R,947,40.736710,-73.877055
F..N07R,948,40.736514,-73.876951
F..N07R,949,40.736327,-73.876834
F..N07R,950,40.736148,-73.876705
F..N07R,951,40.735976,-73.876562
F..N07R,952,40.735812,-73.876405
F..N07R,953,40.735655,-73.876236
F..N07R,954,40.735507,-73.876054
F..N07R,955,40.735365,-73.875859
F..N07R,956,40.735232,-73.875650
F..N07R,957,40.735106,-73.875429
F..N07R,958,40.734988,-73.875194
F..N07R,959,40.734877,-73.874947
F..N07R,960,40.734775,-73.874686
F..N07R,961,40.734679,-73.874412
F..N07R,962,40.734593,-73.874126
F..N07R,963,40.733648,-73.870923
F..N07R,964,40.733614,-73.870805
F..N07R,965,40.733579,-73.870688
F..N07R,966,40.733544,-73.870571
F..N07R,967,40.733509,-73.870454
F..N07R,968,40.733473,-73.870339
F..N07R,969,40.733437,-73.870224
F..N07R,970,40.733401,-73.870111
F..N07R,971,40.733365,-73.869998
F..N07R,972,40.733328,-73.869885
F..N07R,973,40.733292,-73.869774
F..N07R,974,40.733255,-73.869663
F..N07R,975,40.733218,-73.869554
F..N07R,976,40.733181,-73.869445
F..N07R,977,40.733144,-73.869336
F..N07R,978,40.733106,-73.869229
F..N07R,979,40.733041,-73.869062
F..N07R,980,40.732975,-73.868898
F..N07R,981,40.732909,-73.868737
F..N07R,982,40.732842,-73.868579
F..N07R,983,40.732774,-73.868425
F..N07R,984,40.732706,-73.868274
F..N07R,985,40.732638,-73.868127
F..N07R,986,40.732568,-73.867984
F..N07R,987,40.732499,-73.867843
F..N07R,988,40.732429,-73.867707
F..N07R,989,40.732358,-73.867573
F..N07R,990,40.732287,-73.867444
F..N07R,991,40.732215,-73.867317
F..N07R,992,40.732143,-73.867194
F..N07R,993,40.732070,-73.867073
F..N07R,994,40.731991,-73.866945
F..N07R,995,40.731914,-73.866812
F..N07R,996,40.731838,-73.866676
F..N07R,997,40.731763,-73.866535
F..N07R,998,40.731688,-73.866390
F..N07R,999,40.731614,-73.866241
F..N07R,1000,40.731541,-73.866087
F..N07R,1001,40.731469,-73.865930
F..N07R,1002,40.731397,-73.865768
F..N07R,1003,40.731327,-73.865602
F..N07R,1004,40.731257,-73.865431
F..N07R,1005,40.731187,-73.865257
F..N07R,1006,40.731119,-73.865078
F..N07R,1007,40.731051,-73.864895
F..N07R,1008,40.730985,-73.864710
F..N07R,1009,40.729846,-73.861604
F..N07R,1010,40.727216,-73.854378
F..N07R,1011,40.727179,-73.854282
F..N07R,1012,40.727142,-73.854184
F..N07R,1013,40.727103,-73.854085
F..N07R,1014,40.727062,-73.853983
F..N07R,1015,40.727021,-73.853879
F..N07R,1016,40.726977,-73.853773
F..N07R,1017,40.726933,-73.853665
F..N07R,1018,40.726887,-73.853554
F..N07R,1019,40.726839,-73.853442
F..N07R,1020,40.726790,-73.853327
F..N07R,1021,40.726740,-73.853210
F..N07R,1022,40.726688,-73.853091
F..N07R,1023,40.726635,-73.852969
F..N07R,1024,40.726580,-73.852846
F..N07R,1025,40.726523,-73.852719
F..N07R,1026,40.726443,-73.852538
F..N07R,1027,40.726358,-73.852359
F..N07R,1028,40.726271,-73.852185
F..N07R,1029,40.726181,-73.852015
F..N07R,1030,40.726090,-73.851849
F..N07R,1031,40.725995,-73.851688
F..N07R,1032,40.725899,-73.851530
F..N07R,1033,40.725800,-73.851377
F..N07R,1034,40.725699,-73.851228
F..N07R,1035,40.725596,-73.851083
F..N07R,1036,40.725490,-73.850942
F..N07R,1037,40.725382,-73.850805
F..N07R,1038,40.725272,-73.850673
F..N07R,1039,40.725159,-73.850544
F..N07R,1040,40.725045,-73.850418
F..N07R,1041,40.724889,-73.850252
F..N07R,1042,40.724735,-73.850084
F..N07R,1043,40.724584,-73.849912
F..N07R,1044,40.724436,-73.849736
F..N07R,1045,40.724292,-73.849556
F..N07R,1046,40.724151,-73.849372
F..N07R,1047,40.724013,-73.849184
F..N07R,1048,40.723878,-73.848993
F..N07R,1049,40.723747,-73.848797
F..N07R,1050,40.723618,-73.848598
F..N07R,1051,40.723493,-73.848394
F..N07R,1052,40.723371,-73.848187
F..N07R,1053,40.723253,-73.847975
F..N07R,1054,40.723137,-73.847760
F..N07R,1055,40.723026,-73.847541
F..N07R,1056,40.721691,-73.844521
F..N07R,1057,40.720314,-73.841421
F..N07R,1058,40.720274,-73.841329
F..N07R,1059,40.720234,-73.841237
F..N07R,1060,40.720194,-73.841146
F..N07R,1061,40.720153,-73.841055
F..N07R,1062,40.720112,-73.840965
F..N07R,1063,40.720070,-73.840875
F..N07R,1064,40.720028,-73.840786
F..N07R,1065,40.719986,-73.840697
F..N07R,1066,40.719943,-73.840608
F..N07R,1067,40.719900,-73.840520
F..N07R,1068,40.719857,-73.840432
F..N07R,1069,40.719813,-73.840345
F..N07R,1070,40.719769,-73.840258
F..N07R,1071,40.719725,-73.840171
F..N07R,1072,40.719680,-73.840085
F..N07R,1073,40.718331,-73.837324
F..N07R,1074,40.717531,-73.835753
F..N07R,1075,40.717453,-73.835607
F..N07R,1076,40.717374,-73.835462
F..N07R,1077,40.717294,-73.835318
F..N07R,1078,40.717213,-73.835176
F..N07R,1079,40.717130,-73.835035
F..N07R,1080,40.717046,-73.834895
F..N07R,1081,40.716961,-73.834756
F..N07R,1082,40.716875,-73.834618
F..N07R,1083,40.716787,-73.834482
F..N07R,1084,40.716698,-73.834347
F..N07R,1085,40.716608,-73.834213
F..N07R,1086,40.716517,-73.834081
F..N07R,1087,40.716425,-73.833950
F..N07R,1088,40.716331,-73.833820
F..N07R,1089,40.716237,-73.833689
F..N07R,1090,40.716050,-73.833446
F..N07R,1091,40.715936,-73.833291
F..N07R,1092,40.715821,-73.833138
F..N07R,1093,40.715708,-73.832983
F..N07R,1094,40.715596,-73.832827
F..N07R,1095,40.715485,-73.832669
F..N07R,1096,40.715375,-73.832510
F..N07R,1097,40.715267,-73.832349
F..N07R,1098,40.715159,-73.832187
F..N07R,1099,40.715053,-73.832023
F..N07R,1100,40.714948,-73.831858
F..N07R,1101,40.714844,-73.831691
F..N07R,1102,40.714741,-73.831523
F..N07R,1103,40.714639,-73.831353
F..N07R,1104,40.714539,-73.831182
F..N07R,1105,40.714441,-73.831008
F..N07R,1106,40.713129,-73.828344
F..N07R,1107,40.713093,-73.828269
F..N07R,1108,40.713058,-73.828191
F..N07R,1109,40.713023,-73.828113
F..N07R,1110,40.712988,-73.828033
F..N07R,1111,40.712953,-73.827953
F..N07R,1112,40.712918,-73.827871
F..N07R,1113,40.712884,-73.827788
F..N07R,1114,40.712850,-73.827704
F..N07R,1115,40.712816,-73.827619
F..N07R,1116,40.712782,-73.827532
F..N07R,1117,40.712749,-73.827445
F..N07R,1118,40.712716,-73.827356
F..N07R,1119,40.712682,-73.827267
F..N07R,1120,40.712650,-73.827176
F..N07R,1121,40.712617,-73.827083
F..N07R,1122,40.710847,-73.822473
F..N07R,1123,40.710787,-73.822318
F..N07R,1124,40.710724,-73.822167
F..N07R,1125,40.710658,-73.822024
F..N07R,1126,40.710588,-73.821887
F..N07R,1127,40.710516,-73.821757
F..N07R,1128,40.710440,-73.821634
F..N07R,1129,40.710362,-73.821518
F..N07R,1130,40.710280,-73.821408
F..N07R,1131,40.710195,-73.821305
F..N07R,1132,40.710107,-73.821210
F..N07R,1133,40.710015,-73.821121
F..N07R,1134,40.709921,-73.821039
F..N07R,1135,40.709823,-73.820963
F..N07R,1136,40.709723,-73.820895
F..N07R,1137,40.709619,-73.820832
F..N07R,1138,40.709179,-73.820574
F..N07R,1139,40.707304,-73.819479
F..N07R,1140,40.705560,-73.818380
F..N07R,1141,40.705321,-73.818196
F..N07R,1142,40.705107,-73.817996
F..N07R,1143,40.704916,-73.817786
F..N07R,1144,40.704748,-73.817565
F..N07R,1145,40.704603,-73.817333
F..N07R,1146,40.704481,-73.817090
F..N07R,1147,40.704382,-73.816836
F..N07R,1148,40.704306,-73.816571
F..N07R,1149,40.704252,-73.816296
F..N07R,1150,40.704221,-73.816009
F..N07R,1151,40.704214,-73.815712
F..N07R,1152,40.704229,-73.815403
F..N07R,1153,40.704267,-73.815084
F..N07R,1154,40.704327,-73.814754
F..N07R,1155,40.704413,-73.814414
F..N07R,1156,40.705460,-73.810708
F..N07R,1157,40.707564,-73.803326
F..N07R,1158,40.709755,-73.795611
F..N07R,1159,40.709770,-73.795556
F..N07R,1160,40.709786,-73.795499
F..N07R,1161,40.709802,-73.795443
F..N07R,1162,40.709819,-73.795386
F..N07R,1163,40.709836,-73.795329
F..N07R,1164,40.709854,-73.795272
F..N07R,1165,40.709872,-73.795215
F..N07R,1166,40.709890,-73.795157
F..N07R,1167,40.709909,-73.795099
F..N07R,1168,40.709929,-73.795042
F..N07R,1169,40.709949,-73.794983
F..N07R,1170,40.709970,-73.794925
F..N07R,1171,40.709991,-73.794867
F..N07R,1172,40.710012,-73.794808
F..N07R,1173,40.710034,-73.794749
F..N07R,1174,40.710470,-73.793604
F..N07R,1175,40.711493,-73.790828
F..N07R,1176,40.711555,-73.790661
F..N07R,1177,40.711613,-73.790491
F..N07R,1178,40.711666,-73.790317
F..N07R,1179,40.711716,-73.790140
F..N07R,1180,40.711762,-73.789961
F..N07R,1181,40.711803,-73.789778
F..N07R,1182,40.711841,-73.789591
F..N07R,1183,40.711874,-73.789402
F..N07R,1184,40.711904,-73.789209
F..N07R,1185,40.711929,-73.789014
F..N07R,1186,40.711950,-73.788815
F..N07R,1187,40.711967,-73.788612
F..N07R,1188,40.711980,-73.788407
F..N07R,1189,40.711989,-73.788199
F..N07R,1190,40.711994,-73.787990
F..N07R,1191,40.712102,-73.786515
F..N07R,1192,40.712110,-73.786429
F..N07R,1193,40.712119,-73.786343
F..N07R,1194,40.712130,-73.786257
F..N07R,1195,40.712141,-73.786172
F..N07R,1196,40.712152,-73.786087
F..N07R,1197,40.712164,-73.786003
F..N07R,1198,40.712177,-73.785919
F..N07R,1199,40.712191,-73.785835
F..N07R,1200,40.712205,-73.785753
F..N07R,1201,40.712220,-73.785670
F..N07R,1202,40.712236,-73.785588
F..N07R,1203,40.712252,-73.785507
F..N07R,1204,40.712269,-73.785426
F..N07R,1205,40.712287,-73.785346
F..N07R,1206,40.712305,-73.785267
F..N07R,1207,40.712646,-73.783817
F..N54R,0,40.577422,-73.981233
F..N54R,1,40.576635,-73.981083
F..N54R,2,40.576575,-73.981069
F..N54R,3,40.576518,-73.981047
F..N54R,4,40.576463,-73.981018
F..N54R,5,40.576412,-73.980982
F..N54R,6,40.576363,-73.980938
F..N54R,7,40.576318,-73.980887
F..N54R,8,40.576275,-73.980828
F..N54R,9,40.576235,-73.980762
F..N54R,10,40.576199,-73.980689
F..N54R,11,40.576165,-73.980608
F..N54R,12,40.576134,-73.980520
F..N54R,13,40.576106,-73.980425
F..N54R,14,40.576081,-73.980322
F..N54R,15,40.576058,-73.980212
F..N54R,16,40.576039,-73.980094
F..N54R,17,40.575771,-73.978088
F..N54R,18,40.575762,-73.977991
F..N54R,19,40.575756,-73.977895
F..N54R,20,40.575753,-73.977798
F..N54R,21,40.575752,-73.977700
F..N54R,22,40.575754,-73.977603
F..N54R,23,40.575758,-73.977506
F..N54R,24,40.575765,-73.977408
F..N54R,25,40.575774,-73.977310
F..N54R,26,40.575786,-73.977212
F..N54R,27,40.575801,-73.977114
F..N54R,28,40.575818,-73.977015
F..N54R,29,40.575837,-73.976917
F..N54R,30,40.575860,-73.976818
F..N54R,31,40.575885,-73.976719
F..N54R,32,40.575912,-73.976620
F..N54R,33,40.576127,-73.975939
F..N54R,34,40.576429,-73.974984
F..N54R,35,40.576454,-73.974919
F..N54R,36,40.576482,-73.974858
F..N54R,37,40.576512,-73.974803
F..N54R,38,40.576545,-73.974753
F..N54R,39,40.576581,-73.974707
F..N54R,40,40.576620,-73.974667
F..N54R,41,40.576661,-73.974632
F..N54R,42,40.576705,-73.974602
F..N54R,43,40.576752,-73.974576
F..N54R,44,40.576802,-73.974556
F..N54R,45,40.576854,-73.974541
F..N54R,46,40.576909,-73.974531
F..N54R,47,40.576967,-73.974526
F..N54R,48,40.577028,-73.974526
F..N54R,49,40.577091,-73.974531
F..N54R,50,40.578467,-73.974701
F..N54R,51,40.578509,-73.974704
F..N54R,52,40.578550,-73.974708
F..N54R,53,40.578591,-73.974711
F..N54R,54,40.578632,-73.974714
F..N54R,55,40.578673,-73.974716
F..N54R,56,40.578714,-73.974718
F..N54R,57,40.578755,-73.974719
F..N54R,58,40.578795,-73.974719
F..N54R,59,40.578836,-73.974719
F..N54R,60,40.578877,-73.974718
F..N54R,61,40.578918,-73.974717
F..N54R,62,40.578958,-73.974716
F..N54R,63,40.578999,-73.974713
F..N54R,64,40.579039,-73.974710
F..N54R,65,40.579080,-73.974707
F..N54R,66,40.581011,-73.974574
F..N54R,67,40.581844,-73.974516
F..N54R,68,40.581869,-73.974515
F..N54R,69,40.581895,-73.974514
F..N54R,70,40.581920,-73.974514
F..N54R,71,40.581946,-73.974514
F..N54R,72,40.581973,-73.974514
F..N54R,73,40.581999,-73.974515
F..N54R,74,40.582026,-73.974516
F..N54R,75,40.582054,-73.974518
F..N54R,76,40.582081,-73.974520
F..N54R,77,40.582109,-73.974522
F..N54R,78,40.582138,-73.974525
F..N54R,79,40.582166,-73.974528
F..N54R,80,40.582195,-73.974532
F..N54R,81,40.582224,-73.974536
F..N54R,82,40.582254,-73.974540
F..N54R,83,40.582752,-73.974601
F..N54R,84,40.582785,-73.974606
F..N54R,85,40.582819,-73.974610
F..N54R,86,40.582853,-73.974614
F..N54R,87,40.582887,-73.974617
F..N54R,88,40.582922,-73.974620
F..N54R,89,40.582958,-73.974623
F..N54R,90,40.582994,-73.974625
F..N54R,91,40.583030,-73.974627
F..N54R,92,40.583067,-73.974628
F..N54R,93,40.583105,-73.974630
F..N54R,94,40.583143,-73.974630
F..N54R,95,40.583181,-73.974631
F..N54R,96,40.583220,-73.974631
F..N54R,97,40.583259,-73.974631
F..N54R,98,40.583299,-73.974630
F..N54R,99,40.588507,-73.974328
F..N54R,100,40.588569,-73.974325
F..N54R,101,40.588633,-73.974322
F..N54R,102,40.588699,-73.974319
F..N54R,103,40.588767,-73.974315
F..N54R,104,40.588837,-73.974311
F..N54R,105,40.588908,-73.974307
F..N54R,106,40.588980,-73.974302
F..N54R,107,40.589054,-73.974297
F..N54R,108,40.589130,-73.974292
F..N54R,109,40.589208,-73.974286
F..N54R,110,40.589287,-73.974280
F..N54R,111,40.589367,-73.974273
F..N54R,112,40.589450,-73.974266
F..N54R,113,40.589533,-73.974259
F..N54R,114,40.589620,-73.974250
F..N54R,115,40.589720,-73.974240
F..N54R,116,40.589820,-73.974228
F..N54R,117,40.589918,-73.974216
F..N54R,118,40.590016,-73.974204
F..N54R,119,40.590112,-73.974192
F..N54R,120,40.590208,-73.974180
F..N54R,121,40.590302,-73.974168
F..N54R,122,40.590396,-73.974156
F..N54R,123,40.590488,-73.974143
F..N54R,124,40.590580,-73.974131
F..N54R,125,40.590670,-73.974118
F..N54R,126,40.590760,-73.974105
F..N54R,127,40.590848,-73.974092
F..N54R,128,40.590936,-73.974079
F..N54R,129,40.591023,-73.974067
F..N54R,130,40.596063,-73.973357
F..N54R,131,40.603217,-73.972361
F..N54R,132,40.604053,-73.972247
F..N54R,133,40.604117,-73.972239
F..N54R,134,40.604183,-73.972234
F..N54R,135,40.604250,-73.972230
F..N54R,136,40.604318,-73.972227
F..N54R,137,40.604387,-73.972226
F..N54R,138,40.604457,-73.972226
F..N54R,139,40.604529,-73.972228
F..N54R,140,40.604601,-73.972232
F..N54R,141,40.604675,-73.972237
F..N54R,142,40.604750,-73.972243
F..N54R,143,40.604827,-73.972251
F..N54R,144,40.604904,-73.972261
F..N54R,145,40.604982,-73.972272
F..N54R,146,40.605062,-73.972284
F..N54R,147,40.605143,-73.972299
F..N54R,148,40.608944,-73.973022
F..N54R,149,40.615140,-73.974197
F..N54R,150,40.620769,-73.975264
F..N54R,151,40.625322,-73.976127
F..N54R,152,40.629755,-73.976971
F..N54R,153,40.636119,-73.978172
F..N54R,154,40.636526,-73.978249
F..N54R,155,40.636596,-73.978262
F..N54R,156,40.636669,-73.978277
F..N54R,157,40.636745,-73.978294
F..N54R,158,40.636824,-73.978312
F..N54R,159,40.636906,-73.978331
F..N54R,160,40.636991,-73.978351
F..N54R,161,40.637079,-73.978373
F..N54R,162,40.637170,-73.978396
F..N54R,163,40.637264,-73.978420
F..N54R,164,40.637361,-73.978445
F..N54R,165,40.637462,-73.978471
F..N54R,166,40.637565,-73.978499
F..N54R,167,40.637671,-73.978528
F..N54R,168,40.637781,-73.978558
F..N54R,169,40.637892,-73.978591
F..N54R,170,40.637945,-73.978605
F..N54R,171,40.637997,-73.978619
F..N54R,172,40.638050,-73.978632
F..N54R,173,40.638101,-73.978645
F..N54R,174,40.638153,-73.978657
F..N54R,175,40.638203,-73.978670
F..N54R,176,40.638254,-73.978681
F..N54R,177,40.638304,-73.978693
F..N54R,178,40.638354,-73.978704
F..N54R,179,40.638403,-73.978714
F..N54R,180,40.638452,-73.978724
F..N54R,181,40.638500,-73.978734
F..N54R,182,40.638548,-73.978743
F..N54R,183,40.638596,-73.978752
F..N54R,184,40.638643,-73.978761
F..N54R,185,40.640186,-73.979056
F..N54R,186,40.640223,-73.979064
F..N54R,187,40.640261,-73.979072
F..N54R,188,40.640299,-73.979079
F..N54R,189,40.640339,-73.979086
F..N54R,190,40.640379,-73.979093
F..N54R,191,40.640420,-73.979100
F..N54R,192,40.640461,-73.979106
F..N54R,193,40.640503,-73.979112
F..N54R,194,40.640546,-73.979118
F..N54R,195,40.640590,-73.979123
F..N54R,196,40.640634,-73.979129
F..N54R,197,40.640679,-73.979134
F..N54R,198,40.640725,-73.979138
F..N54R,199,40.640772,-73.979143
F..N54R,200,40.640819,-73.979147
F..N54R,201,40.641369,-73.979204
F..N54R,202,40.641416,-73.979208
F..N54R,203,40.641463,-73.979213
F..N54R,204,40.641510,-73.979218
F..N54R,205,40.641558,-73.979224
F..N54R,206,40.641607,-73.979230
F..N54R,207,40.641656,-73.979236
F..N54R,208,40.641705,-73.979243
F..N54R,209,40.641755,-73.979251
F..N54R,210,40.641806,-73.979259
F..N54R,211,40.641857,-73.979267
F..N54R,212,40.641908,-73.979276
F..N54R,213,40.641960,-73.979285
F..N54R,214,40.642013,-73.979294
F..N54R,215,40.642066,-73.979304
F..N54R,216,40.642120,-73.979314
F..N54R,217,40.644041,-73.979678
F..N54R,218,40.645397,-73.979931
F..N54R,219,40.645613,-73.979966
F..N54R,220,40.645822,-73.979985
F..N54R,221,40.646022,-73.979986
F..N54R,222,40.646215,-73.979969
F..N54R,223,40.646400,-73.979936
F..N54R,224,40.646577,-73.979886
F..N54R,225,40.646746,-73.979818
F..N54R,226,40.646907,-73.979733
F..N54R,227,40.647060,-73.979632
F..N54R,228,40.647205,-73.979513
F..N54R,229,40.647342,-73.979376
F..N54R,230,40.647471,-73.979223
F..N54R,231,40.647593,-73.979052
F..N54R,232,40.647706,-73.978865
F..N54R,233,40.647813,-73.978660
F..N54R,234,40.648349,-73.977306
F..N54R,235,40.648437,-73.977113
F..N54R,236,40.648536,-73.976933
F..N54R,237,40.648646,-73.976767
F..N54R,238,40.648766,-73.976613
F..N54R,239,40.648897,-73.976473
F..N54R,240,40.649038,-73.976345
F..N54R,241,40.649190,-73.976231
F..N54R,242,40.649352,-73.976129
F..N54R,243,40.649525,-73.976040
F..N54R,244,40.649708,-73.975964
F..N54R,245,40.649902,-73.975901
F..N54R,246,40.650106,-73.975851
F..N54R,247,40.650320,-73.975814
F..N54R,248,40.650546,-73.975789
F..N54R,249,40.650782,-73.975776
F..N54R,250,40.650865,-73.975780
F..N54R,251,40.650950,-73.975785
F..N54R,252,40.651038,-73.975790
F..N54R,253,40.651128,-73.975797
F..N54R,254,40.651221,-73.975806
F..N54R,255,40.651317,-73.975815
F..N54R,256,40.651415,-73.975825
F..N54R,257,40.651516,-73.975837
F..N54R,258,40.651619,-73.975850
F..N54R,259,40.651724,-73.975863
F..N54R,260,40.651833,-73.975878
F..N54R,261,40.651943,-73.975894
F..N54R,262,40.652057,-73.975911
F..N54R,263,40.652173,-73.975930
F..N54R,264,40.652292,-73.975951
F..N54R,265,40.654895,-73.976441
F..N54R,266,40.655008,-73.976464
F..N54R,267,40.655117,-73.976491
F..N54R,268,40.655222,-73.976525
F..N54R,269,40.655324,-73.976565
F..N54R,270,40.655422,-73.976611
F..N54R,271,40.655517,-73.976664
F..N54R,272,40.655609,-73.976722
F..N54R,273,40.655696,-73.976787
F..N54R,274,40.655781,-73.976858
F..N54R,275,40.655862,-73.976935
F..N54R,276,40.655939,-73.977018
F..N54R,277,40.656013,-73.977108
F..N54R,278,40.656084,-73.977203
F..N54R,279,40.656151,-73.977305
F..N54R,280,40.656215,-73.977414
F..N54R,281,40.657523,-73.979648
F..N54R,282,40.657608,-73.979786
F..N54R,283,40.657695,-73.979912
F..N54R,284,40.657784,-73.980024
F..N54R,285,40.657876,-73.980122
F..N54R,286,40.657970,-73.980208
F..N54R,287,40.658066,-73.980281
F..N54R,288,40.658165,-73.980340
F..N54R,289,40.658266,-73.980386
F..N54R,290,40.658369,-73.980420
F..N54R,291,40.658475,-73.980440
F..N54R,292,40.658583,-73.980446
F..N54R,293,40.658693,-73.980440
F..N54R,294,40.658806,-73.980420
F..N54R,295,40.658921,-73.980388
F..N54R,296,40.659039,-73.980342
F..N54R,297,40.659124,-73.980298
F..N54R,298,40.659210,-73.980252
F..N54R,299,40.659296,-73.980204
F..N54R,300,40.659382,-73.980155
F..N54R,301,40.659469,-73.980104
F..N54R,302,40.659557,-73.980051
F..N54R,303,40.659645,-73.979996
F..N54R,304,40.659733,-73.979940
F..N54R,305,40.659822,-73.979881
F..N54R,306,40.659912,-73.979821
F..N54R,307,40.660002,-73.979760
F..N54R,308,40.660092,-73.979696
F..N54R,309,40.660183,-73.979631
F..N54R,310,40.660274,-73.979564
F..N54R,311,40.660365,-73.979493
F..N54R,312,40.663046,-73.977329
F..N54R,313,40.663205,-73.977197
F..N54R,314,40.663364,-73.977094
F..N54R,315,40.663519,-73.977015
F..N54R,316,40.663671,-73.976959
F..N54R,317,40.663820,-73.976928
F..N54R,318,40.663966,-73.976921
F..N54R,319,40.664108,-73.976938
F..N54R,320,40.664247,-73.976978
F..N54R,321,40.664383,-73.977043
F..N54R,322,40.664515,-73.977132
F..N54R,323,40.664645,-73.977245
F..N54R,324,40.664771,-73.977382
F..N54R,325,40.664893,-73.977544
F..N54R,326,40.665013,-73.977729
F..N54R,327,40.665130,-73.977941
F..N54R,328,40.666271,-73.980305
F..N54R,329,40.667436,-73.982712
F..N54R,330,40.667459,-73.982761
F..N54R,331,40.667482,-73.982809
F..N54R,332,40.667505,-73.982856
F..N54R,333,40.667527,-73.982902
F..N54R,334,40.667549,-73.982948
F..N54R,335,40.667571,-73.982993
F..N54R,336,40.667593,-73.983037
F..N54R,337,40.667615,-73.983081
F..N54R,338,40.667636,-73.983123
F..N54R,339,40.667657,-73.983166
F..N54R,340,40.667678,-73.983207
F..N54R,341,40.667699,-73.983248
F..N54R,342,40.667720,-73.983287
F..N54R,343,40.667740,-73.983327
F..N54R,344,40.667760,-73.983365
F..N54R,345,40.668766,-73.985354
F..N54R,346,40.668808,-73.985451
F..N54R,347,40.668847,-73.985549
F..N54R,348,40.668884,-73.985647
F..N54R,349,40.668919,-73.985745
F..N54R,350,40.668952,-73.985843
F..N54R,351,40.668982,-73.985942
F..N54R,352,40.669011,-73.986041
F..N54R,353,40.669037,-73.986139
F..N54R,354,40.669061,-73.986238
F..N54R,355,40.669083,-73.986338
F..N54R,356,40.669102,-73.986437
F..N54R,357,40.669120,-73.986537
F..N54R,358,40.669135,-73.986636
F..N54R,359,40.669148,-73.986736
F..N54R,360,40.669160,-73.986836
F..N54R,361,40.669177,-73.986944
F..N54R,362,40.669197,-73.987053
F..N54R,363,40.669218,-73.987162
F..N54R,364,40.669242,-73.987271
F..N54R,365,40.669268,-73.987380
F..N54R,366,40.669295,-73.987489
F..N54R,367,40.669325,-73.987598
F..N54R,368,40.669357,-73.987708
F..N54R,369,40.669391,-73.987817
F..N54R,370,40.669427,-73.987926
F..N54R,371,40.669466,-73.988035
F..N54R,372,40.669506,-73.988144
F..N54R,373,40.669548,-73.988253
F..N54R,374,40.669593,-73.988362
F..N54R,375,40.669639,-73.988470
F..N54R,376,40.670272,-73.989779
F..N54R,377,40.671773,-73.992891
F..N54R,378,40.671791,-73.992925
F..N54R,379,40.671808,-73.992958
F..N54R,380,40.671826,-73.992991
F..N54R,381,40.671843,-73.993023
F..N54R,382,40.671860,-73.993056
F..N54R,383,40.671877,-73.993087
F..N54R,384,40.671894,-73.993119
F..N54R,385,40.671910,-73.993149
F..N54R,386,40.671927,-73.993180
F..N54R,387,40.671943,-73.993210
F..N54R,388,40.671959,-73.993240
F..N54R,389,40.671976,-73.993269
F..N54R,390,40.671992,-73.993298
F..N54R,391,40.672007,-73.993326
F..N54R,392,40.672023,-73.993354
F..N54R,393,40.673105,-73.995224
F..N54R,394,40.673136,-73.995278
F..N54R,395,40.673167,-73.995331
F..N54R,396,40.673198,-73.995383
F..N54R,397,40.673229,-73.995434
F..N54R,398,40.673260,-73.995485
F..N54R,399,40.673292,-73.995536
F..N54R,400,40.673323,-73.995585
F..N54R,401,40.673355,-73.995634
F..N54R,402,40.673387,-73.995683
F..N54R,403,40.673418,-73.995730
F..N54R,404,40.673450,-73.995777
F..N54R,405,40.673482,-73.995824
F..N54R,406,40.673514,-73.995870
F..N54R,407,40.673547,-73.995915
F..N54R,408,40.673580,-73.995959
F..N54R,409,40.673631,-73.996031
F..N54R,410,40.673684,-73.996103
F..N54R,411,40.673738,-73.996176
F..N54R,412,40.673793,-73.996248
F..N54R,413,40.673849,-73.996320
F..N54R,414,40.673906,-73.996391
F..N54R,415,40.673964,-73.996462
F..N54R,416,40.674024,-73.996533
F..N54R,417,40.674085,-73.996604
F..N54R,418,40.674147,-73.996675
F..N54R,419,40.674210,-73.996745
F..N54R,420,40.674274,-73.996815
F..N54R,421,40.674340,-73.996884
F..N54R,422,40.674406,-73.996954
F..N54R,423,40.674474,-73.997022
F..N54R,424,40.674547,-73.997086
F..N54R,425,40.674622,-73.997146
F..N54R,426,40.674699,-73.997200
F..N54R,427,40.674778,-73.997250
F..N54R,428,40.674859,-73.997294
F..N54R,429,40.674941,-73.997333
F..N54R,430,40.675025,-73.997367
F..N54R,431,40.675111,-73.997396
F..N54R,432,40.675199,-73.997419
F..N54R,433,40.675288,-73.997438
F..N54R,434,40.675379,-73.997451
F..N54R,435,40.675472,-73.997459
F..N54R,436,40.675567,-73.997462
F..N54R,437,40.675663,-73.997460
F..N54R,438,40.675760,-73.997454
F..N54R,439,40.675805,-73.997447
F..N54R,440,40.675850,-73.997437
F..N54R,441,40.675896,-73.997427
F..N54R,442,40.675941,-73.997415
F..N54R,443,40.675986,-73.997403
F..N54R,444,40.676031,-73.997389
F..N54R,445,40.676076,-73.997375
F..N54R,446,40.676122,-73.997359
F..N54R,447,40.676167,-73.997343
F..N54R,448,40.676212,-73.997325
F..N54R,449,40.676257,-73.997306
F..N54R,450,40.676302,-73.997287
F..N54R,451,40.676348,-73.997266
F..N54R,452,40.676393,-73.997245
F..N54R,453,40.676438,-73.997223
F..N54R,454,40.678436,-73.996262
F..N54R,455,40.678593,-73.996182
F..N54R,456,40.678744,-73.996100
F..N54R,457,40.678890,-73.996019
F..N54R,458,40.679032,-73.995937
F..N54R,459,40.679169,-73.995856
F..N54R,460,40.679303,-73.995775
F..N54R,461,40.679431,-73.995694
F..N54R,462,40.679556,-73.995612
F..N54R,463,40.679676,-73.995532
F..N54R,464,40.679791,-73.995451
F..N54R,465,40.679902,-73.995370
F..N54R,466,40.680009,-73.995289
F..N54R,467,40.680111,-73.995209
F..N54R,468,40.680209,-73.995128
F..N54R,469,40.680303,-73.995048
F..N54R,470,40.680903,-73.994454
F..N54R,471,40.680967,-73.994403
F..N54R,472,40.681033,-73.994353
F..N54R,473,40.681099,-73.994302
F..N54R,474,40.681166,-73.994252
F..N54R,475,40.681234,-73.994202
F..N54R,476,40.681302,-73.994151
F..N54R,477,40.681371,-73.994101
F..N54R,478,40.681441,-73.994051
F..N54R,479,40.681511,-73.994001
F..N54R,480,40.681583,-73.993951
F..N54R,481,40.681655,-73.993901
F..N54R,482,40.681727,-73.993851
F..N54R,483,40.681800,-73.993801
F..N54R,484,40.681874,-73.993751
F..N54R,485,40.681949,-73.993701
F..N54R,486,40.686145,-73.990862
F..N54R,487,40.688929,-73.988937
F..N54R,488,40.690701,-73.987738
F..N54R,489,40.690945,-73.987582
F..N54R,490,40.690993,-73.987556
F..N54R,491,40.691041,-73.987532
F..N54R,492,40.691089,-73.987509
F..N54R,493,40.691138,-73.987488
F..N54R,494,40.691187,-73.987469
F..N54R,495,40.691236,-73.987452
F..N54R,496,40.691286,-73.987437
F..N54R,497,40.691336,-73.987423
F..N54R,498,40.691386,-73.987412
F..N54R,499,40.691437,-73.987402
F..N54R,500,40.691488,-73.987394
F..N54R,501,40.691539,-73.987387
F..N54R,502,40.691591,-73.987383
F..N54R,503,40.691643,-73.987380
F..N54R,504,40.691695,-73.987379
F..N54R,505,40.692332,-73.987343
F..N54R,506,40.692338,-73.987342
F..N54R,507,40.692346,-73.987343
F..N54R,508,40.693682,-73.987277
F..N54R,509,40.693715,-73.987276
F..N54R,510,40.693748,-73.987273
F..N54R,511,40.693782,-73.987271
F..N54R,512,40.693816,-73.987268
F..N54R,513,40.693850,-73.987265
F..N54R,514,40.693884,-73.987262
F..N54R,515,40.693919,-73.987259
F..N54R,516,40.693953,-73.987255
F..N54R,517,40.693988,-73.987252
F..N54R,518,40.694024,-73.987248
F..N54R,519,40.694059,-73.987244
F..N54R,520,40.694095,-73.987240
F..N54R,521,40.694131,-73.987235
F..N54R,522,40.694167,-73.987231
F..N54R,523,40.694204,-73.987226
F..N54R,524,40.694334,-73.987211
F..N54R,525,40.694364,-73.987206
F..N54R,526,40.694394,-73.987202
F..N54R,527,40.694424,-73.987198
F..N54R,528,40.694455,-73.987194
F..N54R,529,40.694487,-73.987191
F..N54R,530,40.694519,-73.987187
F..N54R,531,40.694551,-73.987184
F..N54R,532,40.694585,-73.987182
F..N54R,533,40.694618,-73.987179
F..N54R,534,40.694652,-73.987177
F..N54R,535,40.694687,-73.987175
F..N54R,536,40.694722,-73.987173
F..N54R,537,40.694758,-73.987172
F..N54R,538,40.694794,-73.987171
F..N54R,539,40.694832,-73.987170
F..N54R,540,40.697395,-73.987036
F..N54R,541,40.699743,-73.986885
F..N54R,542,40.701398,-73.986772
F..N54R,543,40.704099,-73.986587
F..N54R,544,40.704345,-73.986579
F..N54R,545,40.704591,-73.986585
F..N54R,546,40.704836,-73.986604
F..N54R,547,40.705079,-73.986636
F..N54R,548,40.705322,-73.986682
F..N54R,549,40.705563,-73.986741
F..N54R,550,40.705803,-73.986813
F..N54R,551,40.706042,-73.986898
F..N54R,552,40.706280,-73.986997
F..N54R,553,40.706517,-73.987109
F..N54R,554,40.706752,-73.987234
F..N54R,555,40.706987,-73.987372
F..N54R,556,40.707220,-73.987524
F..N54R,557,40.707452,-73.987689
F..N54R,558,40.707683,-73.987867
F..N54R,559,40.708766,-73.988681
F..N54R,560,40.708915,-73.988791
F..N54R,561,40.709071,-73.988899
F..N54R,562,40.709232,-73.989002
F..N54R,563,40.709397,-73.989100
F..N54R,564,40.709566,-73.989193
F..N54R,565,40.709740,-73.989281
F..N54R,566,40.709918,-73.989365
F..N54R,567,40.710101,-73.989444
F..N54R,568,40.710288,-73.989518
F..N54R,569,40.710479,-73.989587
F..N54R,570,40.710675,-73.989652
F..N54R,571,40.710875,-73.989712
F..N54R,572,40.711079,-73.989767
F..N54R,573,40.711288,-73.989817
F..N54R,574,40.711503,-73.989866
F..N54R,575,40.712816,-73.990070
F..N54R,576,40.712885,-73.990080
F..N54R,577,40.712953,-73.990091
F..N54R,578,40.713020,-73.990101
F..N54R,579,40.713086,-73.990110
F..N54R,580,40.713150,-73.990119
F..N54R,581,40.713212,-73.990127
F..N54R,582,40.713274,-73.990134
F..N54R,583,40.713334,-73.990141
F..N54R,584,40.713392,-73.990148
F..N54R,585,40.713450,-73.990154
F..N54R,586,40.713506,-73.990159
F..N54R,587,40.713560,-73.990164
F..N54R,588,40.713613,-73.990168
F..N54R,589,40.713665,-73.990171
F..N54R,590,40.713715,-73.990173
F..N54R,591,40.713758,-73.990177
F..N54R,592,40.713802,-73.990181
F..N54R,593,40.713846,-73.990184
F..N54R,594,40.713889,-73.990187
F..N54R,595,40.713931,-73.990188
F..N54R,596,40.713973,-73.990189
F..N54R,597,40.714014,-73.990190
F..N54R,598,40.714055,-73.990190
F..N54R,599,40.714096,-73.990189
F..N54R,600,40.714136,-73.990188
F..N54R,601,40.714176,-73.990186
F..N54R,602,40.714215,-73.990183
F..N54R,603,40.714253,-73.990180
F..N54R,604,40.714291,-73.990176
F..N54R,605,40.714330,-73.990171
F..N54R,606,40.714390,-73.990161
F..N54R,607,40.714448,-73.990152
F..N54R,608,40.714506,-73.990141
F..N54R,609,40.714566,-73.990127
F..N54R,610,40.714625,-73.990112
F..N54R,611,40.714685,-73.990095
F..N54R,612,40.714746,-73.990076
F..N54R,613,40.714807,-73.990055
F..N54R,614,40.714868,-73.990033
F..N54R,615,40.714930,-73.990008
F..N54R,616,40.714992,-73.989981
F..N54R,617,40.715055,-73.989953
F..N54R,618,40.715118,-73.989922
F..N54R,619,40.715182,-73.989890
F..N54R,620,40.715245,-73.989854
F..N54R,621,40.718611,-73.988114
F..N54R,622,40.720922,-73.986929
F..N54R,623,40.721101,-73.986848
F..N54R,624,40.721272,-73.986786
F..N54R,625,40.721436,-73.986746
F..N54R,626,40.721592,-73.986727
F..N54R,627,40.721741,-73.986729
F..N54R,628,40.721881,-73.986752
F..N54R,629,40.722014,-73.986797
F..N54R,630,40.722138,-73.986863
F..N54R,631,40.722255,-73.986950
F..N54R,632,40.722365,-73.987058
F..N54R,633,40.722466,-73.987188
F..N54R,634,40.722559,-73.987339
F..N54R,635,40.722645,-73.987511
F..N54R,636,40.722723,-73.987704
F..N54R,637,40.722792,-73.987919
F..N54R,638,40.723402,-73.989938
F..N54R,639,40.724185,-73.992550
F..N54R,640,40.725297,-73.996204
F..N54R,641,40.725437,-73.996641
F..N54R,642,40.725475,-73.996750
F..N54R,643,40.725513,-73.996858
F..N54R,644,40.725552,-73.996964
F..N54R,645,40.725591,-73.997069
F..N54R,646,40.725631,-73.997172
F..N54R,647,40.725670,-73.997273
F..N54R,648,40.725711,-73.997373
F..N54R,649,40.725751,-73.997471
F..N54R,650,40.725792,-73.997568
F..N54R,651,40.725834,-73.997663
F..N54R,652,40.725876,-73.997756
F..N54R,653,40.725918,-73.997848
F..N54R,654,40.725961,-73.997938
F..N54R,655,40.726004,-73.998027
F..N54R,656,40.726047,-73.998114
F..N54R,657,40.727913,-74.001901
F..N54R,658,40.727970,-74.002019
F..N54R,659,40.728032,-74.002126
F..N54R,660,40.728099,-74.002220
F..N54R,661,40.728170,-74.002301
F..N54R,662,40.728247,-74.002371
F..N54R,663,40.728328,-74.002428
F..N54R,664,40.728414,-74.002473
F..N54R,665,40.728505,-74.002506
F..N54R,666,40.728601,-74.002526
F..N54R,667,40.728702,-74.002535
F..N54R,668,40.728808,-74.002531
F..N54R,669,40.728918,-74.002515
F..N54R,670,40.729034,-74.002486
F..N54R,671,40.729154,-74.002446
F..N54R,672,40.729279,-74.002395
F..N54R,673,40.730820,-74.001552
F..N54R,674,40.730845,-74.001539
F..N54R,675,40.730871,-74.001525
F..N54R,676,40.730897,-74.001511
F..N54R,677,40.730922,-74.001497
F..N54R,678,40.730948,-74.001482
F..N54R,679,40.730975,-74.001467
F..N54R,680,40.731001,-74.001451
F..N54R,681,40.731027,-74.001435
F..N54R,682,40.731054,-74.001419
F..N54R,683,40.731080,-74.001402
F..N54R,684,40.731107,-74.001385
F..N54R,685,40.731134,-74.001367
F..N54R,686,40.731161,-74.001349
F..N54R,687,40.731189,-74.001331
F..N54R,688,40.731216,-74.001312
F..N54R,689,40.732312,-74.000515
F..N54R,690,40.732338,-74.000495
F..N54R,691,40.732362,-74.000477
F..N54R,692,40.733324,-73.999777
F..N54R,693,40.738228,-73.996209
F..N54R,694,40.742878,-73.992821
F..N54R,695,40.749719,-73.987823
F..N54R,696,40.754222,-73.984569
F..N54R,697,40.758663,-73.981329
F..N54R,698,40.760893,-73.979701
F..N54R,699,40.760985,-73.979622
F..N54R,700,40.761066,-73.979537
F..N54R,701,40.761138,-73.979448
F..N54R,702,40.761201,-73.979354
F..N54R,703,40.761254,-73.979255
F..N54R,704,40.761297,-73.979152
F..N54R,705,40.761331,-73.979044
F..N54R,706,40.761356,-73.978931
F..N54R,707,40.761371,-73.978814
F..N54R,708,40.761377,-73.978692
F..N54R,709,40.761373,-73.978566
F..N54R,710,40.761360,-73.978435
F..N54R,711,40.761338,-73.978299
F..N54R,712,40.761306,-73.978159
F..N54R,713,40.761264,-73.978014
F..N54R,714,40.760789,-73.976697
F..N54R,715,40.760167,-73.975224
F..N54R,716,40.757552,-73.969055
F..N54R,717,40.754872,-73.962705
F..N54R,718,40.754839,-73.962630
F..N54R,719,40.754803,-73.962555
F..N54R,720,40.754767,-73.962481
F..N54R,721,40.754730,-73.962407
F..N54R,722,40.754693,-73.962335
F..N54R,723,40.754655,-73.962264
F..N54R,724,40.754617,-73.962194
F..N54R,725,40.754577,-73.962124
F..N54R,726,40.754538,-73.962056
F..N54R,727,40.754497,-73.961989
F..N54R,728,40.754456,-73.961923
F..N54R,729,40.754414,-73.961857
F..N54R,730,40.754372,-73.961793
F..N54R,731,40.754329,-73.961729
F..N54R,732,40.754285,-73.961669
F..N54R,733,40.751182,-73.957251
F..N54R,734,40.750975,-73.956916
F..N54R,735,40.750778,-73.956583
F..N54R,736,40.750591,-73.956251
F..N54R,737,40.750413,-73.955920
F..N54R,738,40.750244,-73.955590
F..N54R,739,40.750085,-73.955261
F..N54R,740,40.749935,-73.954933
F..N54R,741,40.749795,-73.954605
F..N54R,742,40.749664,-73.954279
F..N54R,743,40.749543,-73.953954
F..N54R,744,40.749430,-73.953629
F..N54R,745,40.749328,-73.953305
F..N54R,746,40.749234,-73.952983
F..N54R,747,40.749151,-73.952661
F..N54R,748,40.749075,-73.952344
F..N54R,749,40.747846,-73.946000
F..N54R,750,40.747357,-73.943479
F..N54R,751,40.747329,-73.943338
F..N54R,752,40.747306,-73.943199
F..N54R,753,40.747287,-73.943063
F..N54R,754,40.747273,-73.942927
F..N54R,755,40.747264,-73.942794
F..N54R,756,40.747259,-73.942663
F..N54R,757,40.747258,-73.942533
F..N54R,758,40.747263,-73.942405
F..N54R,759,40.747272,-73.942279
F..N54R,760,40.747285,-73.942155
F..N54R,761,40.747303,-73.942033
F..N54R,762,40.747326,-73.941913
F..N54R,763,40.747353,-73.941794
F..N54R,764,40.747385,-73.941678
F..N54R,765,40.747421,-73.941563
F..N54R,766,40.748061,-73.939780
F..N54R,767,40.748973,-73.937243
F..N54R,768,40.748999,-73.937170
F..N54R,769,40.749025,-73.937099
F..N54R,770,40.749054,-73.937030
F..N54R,771,40.749083,-73.936963
F..N54R,772,40.749114,-73.936897
F..N54R,773,40.749146,-73.936834
F..N54R,774,40.749180,-73.936772
F..N54R,775,40.749215,-73.936712
F..N54R,776,40.749251,-73.936655
F..N54R,777,40.749288,-73.936599
F..N54R,778,40.749327,-73.936544
F..N54R,779,40.749367,-73.936492
F..N54R,780,40.749408,-73.936442
F..N54R,781,40.749451,-73.936394
F..N54R,782,40.749495,-73.936347
F..N54R,783,40.750660,-73.935094
F..N54R,784,40.750826,-73.934913
F..N54R,785,40.750981,-73.934726
F..N54R,786,40.751125,-73.934532
F..N54R,787,40.751258,-73.934331
F..N54R,788,40.751380,-73.934122
F..N54R,789,40.751491,-73.933905
F..N54R,790,40.751591,-73.933682
F..N54R,791,40.751680,-73.933451
F..N54R,792,40.751758,-73.933212
F..N54R,793,40.751824,-73.932966
F..N54R,794,40.751880,-73.932713
F..N54R,795,40.751924,-73.932452
F..N54R,796,40.751957,-73.932184
F..N54R,797,40.751979,-73.931908
F..N54R,798,40.751990,-73.931627
F..N54R,799,40.752039,-73.928781
F..N54R,800,40.752074,-73.926563
F..N54R,801,40.752078,-73.926450
F..N54R,802,40.752083,-73.926339
F..N54R,803,40.752090,-73.926229
F..N54R,804,40.752098,-73.926120
F..N54R,805,40.752108,-73.926011
F..N54R,806,40.752119,-73.925903
F..N54R,807,40.752132,-73.925796
F..N54R,808,40.752146,-73.925690
F..N54R,809,40.752162,-73.925585
F..N54R,810,40.752179,-73.925480
F..N54R,811,40.752197,-73.925376
F..N54R,812,40.752217,-73.925273
F..N54R,813,40.752239,-73.925171
F..N54R,814,40.752262,-73.925070
F..N54R,815,40.752285,-73.924968
F..N54R,816,40.753651,-73.918734
F..N54R,817,40.753697,-73.918511
F..N54R,818,40.753737,-73.918288
F..N54R,819,40.753771,-73.918064
F..N54R,820,40.753799,-73.917840
F..N54R,821,40.753821,-73.917614
F..N54R,822,40.753837,-73.917388
F..N54R,823,40.753847,-73.917160
F..N54R,824,40.753852,-73.916932
F..N54R,825,40.753850,-73.916702
F..N54R,826,40.753843,-73.916472
F..N54R,827,40.753830,-73.916241
F..N54R,828,40.753811,-73.916009
F..N54R,829,40.753786,-73.915776
F..N54R,830,40.753755,-73.915542
F..N54R,831,40.753719,-73.915309
F..N54R,832,40.753079,-73.911537
F..N54R,833,40.753066,-73.911420
F..N54R,834,40.753054,-73.911304
F..N54R,835,40.753044,-73.911187
F..N54R,836,40.753035,-73.911072
F..N54R,837,40.753027,-73.910957
F..N54R,838,40.753022,-73.910844
F..N54R,839,40.753017,-73.910730
F..N54R,840,40.753015,-73.910618
F..N54R,841,40.753014,-73.910506
F..N54R,842,40.753014,-73.910395
F..N54R,843,40.753017,-73.910285
F..N54R,844,40.753020,-73.910175
F..N54R,845,40.753026,-73.910066
F..N54R,846,40.753033,-73.909958
F..N54R,847,40.753041,-73.909852
F..N54R,848,40.753208,-73.908257
F..N54R,849,40.753220,-73.908092
F..N54R,850,40.753226,-73.907928
F..N54R,851,40.753228,-73.907767
F..N54R,852,40.753225,-73.907609
F..N54R,853,40.753218,-73.907452
F..N54R,854,40.753205,-73.907298
F..N54R,855,40.753188,-73.907145
F..N54R,856,40.753167,-73.906995
F..N54R,857,40.753140,-73.906847
F..N54R,858,40.753109,-73.906702
F..N54R,859,40.753074,-73.906558
F..N54R,860,40.753033,-73.906417
F..N54R,861,40.752988,-73.906278
F..N54R,862,40.752938,-73.906141
F..N54R,863,40.752885,-73.906006
F..N54R,864,40.749669,-73.898453
F..N54R,865,40.746644,-73.891338
F..N54R,866,40.744006,-73.885149
F..N54R,867,40.743987,-73.885104
F..N54R,868,40.743967,-73.885059
F..N54R,869,40.743948,-73.885015
F..N54R,870,40.743928,-73.884971
F..N54R,871,40.743909,-73.884928
F..N54R,872,40.743890,-73.884885
F..N54R,873,40.743871,-73.884843
F..N54R,874,40.743851,-73.884801
F..N54R,875,40.743832,-73.884760
F..N54R,876,40.743813,-73.884719
F..N54R,877,40.743794,-73.884679
F..N54R,878,40.743775,-73.884639
F..N54R,879,40.743756,-73.884600
F..N54R,880,40.743737,-73.884561
F..N54R,881,40.743718,-73.884523
F..N54R,882,40.742933,-73.882917
F..N54R,883,40.742897,-73.882846
F..N54R,884,40.742862,-73.882775
F..N54R,885,40.742827,-73.882706
F..N54R,886,40.742792,-73.882639
F..N54R,887,40.742759,-73.882574
F..N54R,888,40.742726,-73.882510
F..N54R,889,40.742693,-73.882448
F..N54R,890,40.742661,-73.882388
F..N54R,891,40.742630,-73.882330
F..N54R,892,40.742599,-73.882273
F..N54R,893,40.742569,-73.882218
F..N54R,894,40.742539,-73.882165
F..N54R,895,40.742510,-73.882114
F..N54R,896,40.742482,-73.882064
F..N54R,897,40.742454,-73.882017
F..N54R,898,40.742415,-73.881945
F..N54R,899,40.742376,-73.881874
F..N54R,900,40.742337,-73.881803
F..N54R,901,40.742296,-73.881732
F..N54R,902,40.742256,-73.881662
F..N54R,903,40.742215,-73.881592
F..N54R,904,40.742173,-73.881523
F..N54R,905,40.742131,-73.881453
F..N54R,906,40.742088,-73.881384
F..N54R,907,40.742045,-73.881316
F..N54R,908,40.742001,-73.881247
F..N54R,909,40.741957,-73.881179
F..N54R,910,40.741913,-73.881112
F..N54R,911,40.741868,-73.881044
F..N54R,912,40.741822,-73.880977
F..N54R,913,40.740665,-73.879422
F..N54R,914,40.740614,-73.879357
F..N54R,915,40.740561,-73.879295
F..N54R,916,40.740506,-73.879235
F..N54R,917,40.740449,-73.879175
F..N54R,918,40.740389,-73.879117
F..N54R,919,40.740326,-73.879060
F..N54R,920,40.740261,-73.879004
F..N54R,921,40.740194,-73.878950
F..N54R,922,40.740124,-73.878897
F..N54R,923,40.740052,-73.878845
F..N54R,924,40.739977,-73.878794
F..N54R,925,40.739900,-73.878744
F..N54R,926,40.739821,-73.878696
F..N54R,927,40.739739,-73.878649
F..N54R,928,40.739655,-73.878602
F..N54R,929,40.737015,-73.877223
F..N54R,930,40.736710,-73.877055
F..N54R,931,40.736514,-73.876951
F..N54R,932,40.736327,-73.876834
F..N54R,933,40.736148,-73.876705
F..N54R,934,40.735976,-73.876562
F..N54R,935,40.735812,-73.876405
F..N54R,936,40.735655,-73.876236
F..N54R,937,40.735507,-73.876054
F..N54R,938,40.735365,-73.875859
F..N54R,939,40.735232,-73.875650
F..N54R,940,40.735106,-73.875429
F..N54R,941,40.734988,-73.875194
F..N54R,942,40.734877,-73.874947
F..N54R,943,40.734775,-73.874686
F..N54R,944,40.734679,-73.874412
F..N54R,945,40.734593,-73.874126
F..N54R,946,40.733648,-73.870923
F..N54R,947,40.733614,-73.870805
F..N54R,948,40.733579,-73.870688
F..N54R,949,40.733544,-73.870571
F..N54R,950,40.733509,-73.870454
F..N54R,951,40.733473,-73.870339
F..N54R,952,40.733437,-73.870224
F..N54R,953,40.733401,-73.870111
F..N54R,954,40.733365,-73.869998
F..N54R,955,40.733328,-73.869885
F..N54R,956,40.733292,-73.869774
F..N54R,957,40.733255,-73.869663
F..N54R,958,40.733218,-73.869554
F..N54R,959,40.733181,-73.869445
F..N54R,960,40.733144,-73.869336
F..N54R,961,40.733106,-73.869229
F..N54R,962,40.733041,-73.869062
F..N54R,963,40.732975,-73.868898
F..N54R,964,40.732909,-73.868737
F..N54R,965,40.732842,-73.868579
F..N54R,966,40.732774,-73.868425
F..N54R,967,40.732706,-73.868274
F..N54R,968,40.732638,-73.868127
F..N54R,969,40.732568,-73.867984
F..N54R,970,40.732499,-73.867843
F..N54R,971,40.732429,-73.867707
F..N54R,972,40.732358,-73.867573
F..N54R,973,40.732287,-73.867444
F..N54R,974,40.732215,-73.867317
F..N54R,975,40.732143,-73.867194
F..N54R,976,40.732070,-73.867073
F..N54R,977,40.731991,-73.866945
F..N54R,978,40.731914,-73.866812
F..N54R,979,40.731838,-73.866676
F..N54R,980,40.731763,-73.866535
F..N54R,981,40.731688,-73.866390
F..N54R,982,40.731614,-73.866241
F..N54R,983,40.731541,-73.866087
F..N54R,984,40.731469,-73.865930
F..N54R,985,40.731397,-73.865768
F..N54R,986,40.731327,-73.865602
F..N54R,987,40.731257,-73.865431
F..N54R,988,40.731187,-73.865257
F..N54R,989,40.731119,-73.865078
F..N54R,990,40.731051,-73.864895
F..N54R,991,40.730985,-73.864710
F..N54R,992,40.729846,-73.861604
F..N54R,993,40.727216,-73.854378
F..N54R,994,40.727179,-73.854282
F..N54R,995,40.727142,-73.854184
F..N54R,996,40.727103,-73.854085
F..N54R,997,40.727062,-73.853983
F..N54R,998,40.727021,-73.853879
F..N54R,999,40.726977,-73.853773
F..N54R,1000,40.726933,-73.853665
F..N54R,1001,40.726887,-73.853554
F..N54R,1002,40.726839,-73.853442
F..N54R,1003,40.726790,-73.853327
F..N54R,1004,40.726740,-73.853210
F..N54R,1005,40.726688,-73.853091
F..N54R,1006,40.726635,-73.852969
F..N54R,1007,40.726580,-73.852846
F..N54R,1008,40.726523,-73.852719
F..N54R,1009,40.726443,-73.852538
F..N54R,1010,40.726358,-73.852359
F..N54R,1011,40.726271,-73.852185
F..N54R,1012,40.726181,-73.852015
F..N54R,1013,40.726090,-73.851849
F..N54R,1014,40.725995,-73.851688
F..N54R,1015,40.725899,-73.851530
F..N54R,1016,40.725800,-73.851377
F..N54R,1017,40.725699,-73.851228
F..N54R,1018,40.725596,-73.851083
F..N54R,1019,40.725490,-73.850942
F..N54R,1020,40.725382,-73.850805
F..N54R,1021,40.725272,-73.850673
F..N54R,1022,40.725159,-73.850544
F..N54R,1023,40.725045,-73.850418
F..N54R,1024,40.724889,-73.850252
F..N54R,1025,40.724735,-73.850084
F..N54R,1026,40.724584,-73.849912
F..N54R,1027,40.724436,-73.849736
F..N54R,1028,40.724292,-73.849556
F..N54R,1029,40.724151,-73.849372
F..N54R,1030,40.724013,-73.849184
F..N54R,1031,40.723878,-73.848993
F..N54R,1032,40.723747,-73.848797
F..N54R,1033,40.723618,-73.848598
F..N54R,1034,40.723493,-73.848394
F..N54R,1035,40.723371,-73.848187
F..N54R,1036,40.723253,-73.847975
F..N54R,1037,40.723137,-73.847760
F..N54R,1038,40.723026,-73.847541
F..N54R,1039,40.721691,-73.844521
F..N54R,1040,40.720314,-73.841421
F..N54R,1041,40.720274,-73.841329
F..N54R,1042,40.720234,-73.841237
F..N54R,1043,40.720194,-73.841146
F..N54R,1044,40.720153,-73.841055
F..N54R,1045,40.720112,-73.840965
F..N54R,1046,40.720070,-73.840875
F..N54R,1047,40.720028,-73.840786
F..N54R,1048,40.719986,-73.840697
F..N54R,1049,40.719943,-73.840608
F..N54R,1050,40.719900,-73.840520
F..N54R,1051,40.719857,-73.840432
F..N54R,1052,40.719813,-73.840345
F..N54R,1053,40.719769,-73.840258
F..N54R,1054,40.719725,-73.840171
F..N54R,1055,40.719680,-73.840085
F..N54R,1056,40.718331,-73.837324
F..N54R,1057,40.717531,-73.835753
F..N54R,1058,40.717453,-73.835607
F..N54R,1059,40.717374,-73.835462
F..N54R,1060,40.717294,-73.835318
F..N54R,1061,40.717213,-73.835176
F..N54R,1062,40.717130,-73.835035
F..N54R,1063,40.717046,-73.834895
F..N54R,1064,40.716961,-73.834756
F..N54R,1065,40.716875,-73.834618
F..N54R,1066,40.716787,-73.834482
F..N54R,1067,40.716698,-73.834347
F..N54R,1068,40.716608,-73.834213
F..N54R,1069,40.716517,-73.834081
F..N54R,1070,40.716425,-73.833950
F..N54R,1071,40.716331,-73.833820
F..N54R,1072,40.716237,-73.833689
F..N54R,1073,40.716050,-73.833446
F..N54R,1074,40.715936,-73.833291
F..N54R,1075,40.715821,-73.833138
F..N54R,1076,40.715708,-73.832983
F..N54R,1077,40.715596,-73.832827
F..N54R,1078,40.715485,-73.832669
F..N54R,1079,40.715375,-73.832510
F..N54R,1080,40.715267,-73.832349
F..N54R,1081,40.715159,-73.832187
F..N54R,1082,40.715053,-73.832023
F..N54R,1083,40.714948,-73.831858
F..N54R,1084,40.714844,-73.831691
F..N54R,1085,40.714741,-73.831523
F..N54R,1086,40.714639,-73.831353
F..N54R,1087,40.714539,-73.831182
F..N54R,1088,40.714441,-73.831008
F..N54R,1089,40.713129,-73.828344
F..N54R,1090,40.713093,-73.828269
F..N54R,1091,40.713058,-73.828191
F..N54R,1092,40.713023,-73.828113
F..N54R,1093,40.712988,-73.828033
F..N54R,1094,40.712953,-73.827953
F..N54R,1095,40.712918,-73.827871
F..N54R,1096,40.712884,-73.827788
F..N54R,1097,40.712850,-73.827704
F..N54R,1098,40.712816,-73.827619
F..N54R,1099,40.712782,-73.827532
F..N54R,1100,40.712749,-73.827445
F..N54R,1101,40.712716,-73.827356
F..N54R,1102,40.712682,-73.827267
F..N54R,1103,40.712650,-73.827176
F..N54R,1104,40.712617,-73.827083
F..N54R,1105,40.710847,-73.822473
F..N54R,1106,40.710787,-73.822318
F..N54R,1107,40.710724,-73.822167
F..N54R,1108,40.710658,-73.822024
F..N54R,1109,40.710588,-73.821887
F..N54R,1110,40.710516,-73.821757
F..N54R,1111,40.710440,-73.821634
F..N54R,1112,40.710362,-73.821518
F..N54R,1113,40.710280,-73.821408
F..N54R,1114,40.710195,-73.821305
F..N54R,1115,40.710107,-73.821210
F..N54R,1116,40.710015,-73.821121
F..N54R,1117,40.709921,-73.821039
F..N54R,1118,40.709823,-73.820963
F..N54R,1119,40.709723,-73.820895
F..N54R,1120,40.709619,-73.820832
F..N54R,1121,40.709179,-73.820574
F..N54R,1122,40.707304,-73.819479
F..N54R,1123,40.705560,-73.818380
F..N54R,1124,40.705321,-73.818196
F..N54R,1125,40.705107,-73.817996
F..N54R,1126,40.704916,-73.817786
F..N54R,1127,40.704748,-73.817565
F..N54R,1128,40.704603,-73.817333
F..N54R,1129,40.704481,-73.817090
F..N54R,1130,40.704382,-73.816836
F..N54R,1131,40.704306,-73.816571
F..N54R,1132,40.704252,-73.816296
F..N54R,1133,40.704221,-73.816009
F..N54R,1134,40.704214,-73.815712
F..N54R,1135,40.704229,-73.815403
F..N54R,1136,40.704267,-73.815084
F..N54R,1137,40.704327,-73.814754
F..N54R,1138,40.704413,-73.814414
F..N54R,1139,40.705460,-73.810708
F..N54R,1140,40.707564,-73.803326
F..N54R,1141,40.709755,-73.795611
F..N54R,1142,40.709770,-73.795556
F..N54R,1143,40.709786,-73.795499
F..N54R,1144,40.709802,-73.795443
F..N54R,1145,40.709819,-73.795386
F..N54R,1146,40.709836,-73.795329
F..N54R,1147,40.709854,-73.795272
F..N54R,1148,40.709872,-73.795215
F..N54R,1149,40.709890,-73.795157
F..N54R,1150,40.709909,-73.795099
F..N54R,1151,40.709929,-73.795042
F..N54R,1152,40.709949,-73.794983
F..N54R,1153,40.709970,-73.794925
F..N54R,1154,40.709991,-73.794867
F..N54R,1155,40.710012,-73.794808
F..N54R,1156,40.710034,-73.794749
F..N54R,1157,40.710470,-73.793604
F..N54R,1158,40.711493,-73.790828
F..N54R,1159,40.711555,-73.790661
F..N54R,1160,40.711613,-73.790491
F..N54R,1161,40.711666,-73.790317
F..N54R,1162,40.711716,-73.790140
F..N54R,1163,40.711762,-73.789961
F..N54R,1164,40.711803,-73.789778
F..N54R,1165,40.711841,-73.789591
F..N54R,1166,40.711874,-73.789402
F..N54R,1167,40.711904,-73.789209
F..N54R,1168,40.711929,-73.789014
F..N54R,1169,40.711950,-73.788815
F..N54R,1170,40.711967,-73.788612
F..N54R,1171,40.711980,-73.788407
F..N54R,1172,40.711989,-73.788199
F..N54R,1173,40.711994,-73.787990
F..N54R,1174,40.712102,-73.786515
F..N54R,1175,40.712110,-73.786429
F..N54R,1176,40.712119,-73.786343
F..N54R,1177,40.712130,-73.786257
F..N54R,1178,40.712141,-73.786172
F..N54R,1179,40.712152,-73.786087
F..N54R,1180,40.712164,-73.786003
F..N54R,1181,40.712177,-73.785919
F..N54R,1182,40.712191,-73.785835
F..N54R,1183,40.712205,-73.785753
F..N54R,1184,40.712220,-73.785670
F..N54R,1185,40.712236,-73.785588
F..N54R,1186,40.712252,-73.785507
F..N54R,1187,40.712269,-73.785426
F..N54R,1188,40.712287,-73.785346
F..N54R,1189,40.712305,-73.785267
F..N54R,1190,40.712646,-73.783817
F..N65R,0,40.577422,-73.981233
F..N65R,1,40.576635,-73.981083
F..N65R,2,40.576575,-73.981069
F..N65R,3,40.576518,-73.981047
F..N65R,4,40.576463,-73.981018
F..N65R,5,40.576412,-73.980982
F..N65R,6,40.576363,-73.980938
F..N65R,7,40.576318,-73.980887
F..N65R,8,40.576275,-73.980828
F..N65R,9,40.576235,-73.980762
F..N65R,10,40.576199,-73.980689
F..N65R,11,40.576165,-73.980608
F..N65R,12,40.576134,-73.980520
F..N65R,13,40.576106,-73.980425
F..N65R,14,40.576081,-73.980322
F..N65R,15,40.576058,-73.980212
F..N65R,16,40.576039,-73.980094
F..N65R,17,40.575771,-73.978088
F..N65R,18,40.575762,-73.977991
F..N65R,19,40.575756,-73.977895
F..N65R,20,40.575753,-73.977798
F..N65R,21,40.575752,-73.977700
F..N65R,22,40.575754,-73.977603
F..N65R,23,40.575758,-73.977506
F..N65R,24,40.575765,-73.977408
F..N65R,25,40.575774,-73.977310
F..N65R,26,40.575786,-73.977212
F..N65R,27,40.575801,-73.977114
F..N65R,28,40.575818,-73.977015
F..N65R,29,40.575837,-73.976917
F..N65R,30,40.575860,-73.976818
F..N65R,31,40.575885,-73.976719
F..N65R,32,40.575912,-73.976620
F..N65R,33,40.576127,-73.975939
F..N65R,34,40.576429,-73.974984
F..N65R,35,40.576454,-73.974919
F..N65R,36,40.576482,-73.974858
F..N65R,37,40.576512,-73.974803
F..N65R,38,40.576545,-73.974753
F..N65R,39,40.576581,-73.974707
F..N65R,40,40.576620,-73.974667
F..N65R,41,40.576661,-73.974632
F..N65R,42,40.576705,-73.974602
F..N65R,43,40.576752,-73.974576
F..N65R,44,40.576802,-73.974556
F..N65R,45,40.576854,-73.974541
F..N65R,46,40.576909,-73.974531
F..N65R,47,40.576967,-73.974526
F..N65R,48,40.577028,-73.974526
F..N65R,49,40.577091,-73.974531
F..N65R,50,40.578467,-73.974701
F..N65R,51,40.578509,-73.974704
F..N65R,52,40.578550,-73.974708
F..N65R,53,40.578591,-73.974711
F..N65R,54,40.578632,-73.974714
F..N65R,55,40.578673,-73.974716
F..N65R,56,40.578714,-73.974718
F..N65R,57,40.578755,-73.974719
F..N65R,58,40.578795,-73.974719
F..N65R,59,40.578836,-73.974719
F..N65R,60,40.578877,-73.974718
F..N65R,61,40.578918,-73.974717
F..N65R,62,40.578958,-73.974716
F..N65R,63,40.578999,-73.974713
F..N65R,64,40.579039,-73.974710
F..N65R,65,40.579080,-73.974707
F..N65R,66,40.581011,-73.974574
F..N65R,67,40.581844,-73.974516
F..N65R,68,40.581869,-73.974515
F..N65R,69,40.581895,-73.974514
F..N65R,70,40.581920,-73.974514
F..N65R,71,40.581946,-73.974514
F..N65R,72,40.581973,-73.974514
F..N65R,73,40.581999,-73.974515
F..N65R,74,40.582026,-73.974516
F..N65R,75,40.582054,-73.974518
F..N65R,76,40.582081,-73.974520
F..N65R,77,40.582109,-73.974522
F..N65R,78,40.582138,-73.974525
F..N65R,79,40.582166,-73.974528
F..N65R,80,40.582195,-73.974532
F..N65R,81,40.582224,-73.974536
F..N65R,82,40.582254,-73.974540
F..N65R,83,40.582752,-73.974601
F..N65R,84,40.582785,-73.974606
F..N65R,85,40.582819,-73.974610
F..N65R,86,40.582853,-73.974614
F..N65R,87,40.582887,-73.974617
F..N65R,88,40.582922,-73.974620
F..N65R,89,40.582958,-73.974623
F..N65R,90,40.582994,-73.974625
F..N65R,91,40.583030,-73.974627
F..N65R,92,40.583067,-73.974628
F..N65R,93,40.583105,-73.974630
F..N65R,94,40.583143,-73.974630
F..N65R,95,40.583181,-73.974631
F..N65R,96,40.583220,-73.974631
F..N65R,97,40.583259,-73.974631
F..N65R,98,40.583299,-73.974630
F..N65R,99,40.588507,-73.974328
F..N65R,100,40.588569,-73.974325
F..N65R,101,40.588633,-73.974322
F..N65R,102,40.588699,-73.974319
F..N65R,103,40.588767,-73.974315
F..N65R,104,40.588837,-73.974311
F..N65R,105,40.588908,-73.974307
F..N65R,106,40.588980,-73.974302
F..N65R,107,40.589054,-73.974297
F..N65R,108,40.589130,-73.974292
F..N65R,109,40.589208,-73.974286
F..N65R,110,40.589287,-73.974280
F..N65R,111,40.589367,-73.974273
F..N65R,112,40.589450,-73.974266
F..N65R,113,40.589533,-73.974259
F..N65R,114,40.589620,-73.974250
F..N65R,115,40.589720,-73.974240
F..N65R,116,40.589820,-73.974228
F..N65R,117,40.589918,-73.974216
F..N65R,118,40.590016,-73.974204
F..N65R,119,40.590112,-73.974192
F..N65R,120,40.590208,-73.974180
F..N65R,121,40.590302,-73.974168
F..N65R,122,40.590396,-73.974156
F..N65R,123,40.590488,-73.974143
F..N65R,124,40.590580,-73.974131
F..N65R,125,40.590670,-73.974118
F..N65R,126,40.590760,-73.974105
F..N65R,127,40.590848,-73.974092
F..N65R,128,40.590936,-73.974079
F..N65R,129,40.591023,-73.974067
F..N65R,130,40.596063,-73.973357
F..N65R,131,40.603217,-73.972361
F..N65R,132,40.604053,-73.972247
F..N65R,133,40.604117,-73.972239
F..N65R,134,40.604183,-73.972234
F..N65R,135,40.604250,-73.972230
F..N65R,136,40.604318,-73.972227
F..N65R,137,40.604387,-73.972226
F..N65R,138,40.604457,-73.972226
F..N65R,139,40.604529,-73.972228
F..N65R,140,40.604601,-73.972232
F..N65R,141,40.604675,-73.972237
F..N65R,142,40.604750,-73.972243
F..N65R,143,40.604827,-73.972251
F..N65R,144,40.604904,-73.972261
F..N65R,145,40.604982,-73.972272
F..N65R,146,40.605062,-73.972284
F..N65R,147,40.605143,-73.972299
F..N65R,148,40.608944,-73.973022
F..N65R,149,40.615140,-73.974197
F..N65R,150,40.620769,-73.975264
F..N65R,151,40.625322,-73.976127
F..N65R,152,40.629755,-73.976971
F..N65R,153,40.636119,-73.978172
F..N65R,154,40.636526,-73.978249
F..N65R,155,40.636596,-73.978262
F..N65R,156,40.636669,-73.978277
F..N65R,157,40.636745,-73.978294
F..N65R,158,40.636824,-73.978312
F..N65R,159,40.636906,-73.978331
F..N65R,160,40.636991,-73.978351
F..N65R,161,40.637079,-73.978373
F..N65R,162,40.637170,-73.978396
F..N65R,163,40.637264,-73.978420
F..N65R,164,40.637361,-73.978445
F..N65R,165,40.637462,-73.978471
F..N65R,166,40.637565,-73.978499
F..N65R,167,40.637671,-73.978528
F..N65R,168,40.637781,-73.978558
F..N65R,169,40.637892,-73.978591
F..N65R,170,40.637945,-73.978605
F..N65R,171,40.637997,-73.978619
F..N65R,172,40.638050,-73.978632
F..N65R,173,40.638101,-73.978645
F..N65R,174,40.638153,-73.978657
F..N65R,175,40.638203,-73.978670
F..N65R,176,40.638254,-73.978681
F..N65R,177,40.638304,-73.978693
F..N65R,178,40.638354,-73.978704
F..N65R,179,40.638403,-73.978714
F..N65R,180,40.638452,-73.978724
F..N65R,181,40.638500,-73.978734
F..N65R,182,40.638548,-73.978743
F..N65R,183,40.638596,-73.978752
F..N65R,184,40.638643,-73.978761
F..N65R,185,40.640186,-73.979056
F..N65R,186,40.640223,-73.979064
F..N65R,187,40.640261,-73.979072
F..N65R,188,40.640299,-73.979079
F..N65R,189,40.640339,-73.979086
F..N65R,190,40.640379,-73.979093
F..N65R,191,40.640420,-73.979100
F..N65R,192,40.640461,-73.979106
F..N65R,193,40.640503,-73.979112
F..N65R,194,40.640546,-73.979118
F..N65R,195,40.640590,-73.979123
F..N65R,196,40.640634,-73.979129
F..N65R,197,40.640679,-73.979134
F..N65R,198,40.640725,-73.979138
F..N65R,199,40.640772,-73.979143
F..N65R,200,40.640819,-73.979147
F..N65R,201,40.641369,-73.979204
F..N65R,202,40.641416,-73.979208
F..N65R,203,40.641463,-73.979213
F..N65R,204,40.641510,-73.979218
F..N65R,205,40.641558,-73.979224
F..N65R,206,40.641607,-73.979230
F..N65R,207,40.641656,-73.979236
F..N65R,208,40.641705,-73.979243
F..N65R,209,40.641755,-73.979251
F..N65R,210,40.641806,-73.979259
F..N65R,211,40.641857,-73.979267
F..N65R,212,40.641908,-73.979276
F..N65R,213,40.641960,-73.979285
F..N65R,214,40.642013,-73.979294
F..N65R,215,40.642066,-73.979304
F..N65R,216,40.642120,-73.979314
F..N65R,217,40.644041,-73.979678
F..N65R,218,40.645397,-73.979931
F..N65R,219,40.645613,-73.979966
F..N65R,220,40.645822,-73.979985
F..N65R,221,40.646022,-73.979986
F..N65R,222,40.646215,-73.979969
F..N65R,223,40.646400,-73.979936
F..N65R,224,40.646577,-73.979886
F..N65R,225,40.646746,-73.979818
F..N65R,226,40.646907,-73.979733
F..N65R,227,40.647060,-73.979632
F..N65R,228,40.647205,-73.979513
F..N65R,229,40.647342,-73.979376
F..N65R,230,40.647471,-73.979223
F..N65R,231,40.647593,-73.979052
F..N65R,232,40.647706,-73.978865
F..N65R,233,40.647813,-73.978660
F..N65R,234,40.648349,-73.977306
F..N65R,235,40.648437,-73.977113
F..N65R,236,40.648536,-73.976933
F..N65R,237,40.648646,-73.976767
F..N65R,238,40.648766,-73.976613
F..N65R,239,40.648897,-73.976473
F..N65R,240,40.649038,-73.976345
F..N65R,241,40.649190,-73.976231
F..N65R,242,40.649352,-73.976129
F..N65R,243,40.649525,-73.976040
F..N65R,244,40.649708,-73.975964
F..N65R,245,40.649902,-73.975901
F..N65R,246,40.650106,-73.975851
F..N65R,247,40.650320,-73.975814
F..N65R,248,40.650546,-73.975789
F..N65R,249,40.650782,-73.975776
F..N65R,250,40.650865,-73.975780
F..N65R,251,40.650950,-73.975785
F..N65R,252,40.651038,-73.975790
F..N65R,253,40.651128,-73.975797
F..N65R,254,40.651221,-73.975806
F..N65R,255,40.651317,-73.975815
F..N65R,256,40.651415,-73.975825
F..N65R,257,40.651516,-73.975837
F..N65R,258,40.651619,-73.975850
F..N65R,259,40.651724,-73.975863
F..N65R,260,40.651833,-73.975878
F..N65R,261,40.651943,-73.975894
F..N65R,262,40.652057,-73.975911
F..N65R,263,40.652173,-73.975930
F..N65R,264,40.652292,-73.975951
F..N65R,265,40.654895,-73.976441
F..N65R,266,40.655008,-73.976464
F..N65R,267,40.655117,-73.976491
F..N65R,268,40.655222,-73.976525
F..N65R,269,40.655324,-73.976565
F..N65R,270,40.655422,-73.976611
F..N65R,271,40.655517,-73.976664
F..N65R,272,40.655609,-73.976722
F..N65R,273,40.655696,-73.976787
F..N65R,274,40.655781,-73.976858
F..N65R,275,40.655862,-73.976935
F..N65R,276,40.655939,-73.977018
F..N65R,277,40.656013,-73.977108
F..N65R,278,40.656084,-73.977203
F..N65R,279,40.656151,-73.977305
F..N65R,280,40.656215,-73.977414
F..N65R,281,40.657523,-73.979648
F..N65R,282,40.657608,-73.979786
F..N65R,283,40.657695,-73.979912
F..N65R,284,40.657784,-73.980024
F..N65R,285,40.657876,-73.980122
F..N65R,286,40.657970,-73.980208
F..N65R,287,40.658066,-73.980281
F..N65R,288,40.658165,-73.980340
F..N65R,289,40.658266,-73.980386
F..N65R,290,40.658369,-73.980420
F..N65R,291,40.658475,-73.980440
F..N65R,292,40.658583,-73.980446
F..N65R,293,40.658693,-73.980440
F..N65R,294,40.658806,-73.980420
F..N65R,295,40.658921,-73.980388
F..N65R,296,40.659039,-73.980342
F..N65R,297,40.659124,-73.980298
F..N65R,298,40.659210,-73.980252
F..N65R,299,40.659296,-73.980204
F..N65R,300,40.659382,-73.980155
F..N65R,301,40.659469,-73.980104
F..N65R,302,40.659557,-73.980051
F..N65R,303,40.659645,-73.979996
F..N65R,304,40.659733,-73.979940
F..N65R,305,40.659822,-73.979881
F..N65R,306,40.659912,-73.979821
F..N65R,307,40.660002,-73.979760
F..N65R,308,40.660092,-73.979696
F..N65R,309,40.660183,-73.979631
F..N65R,310,40.660274,-73.979564
F..N65R,311,40.660365,-73.979493
F..N65R,312,40.663046,-73.977329
F..N65R,313,40.663205,-73.977197
F..N65R,314,40.663364,-73.977094
F..N65R,315,40.663519,-73.977015
F..N65R,316,40.663671,-73.976959
F..N65R,317,40.663820,-73.976928
F..N65R,318,40.663966,-73.976921
F..N65R,319,40.664108,-73.976938
F..N65R,320,40.664247,-73.976978
F..N65R,321,40.664383,-73.977043
F..N65R,322,40.664515,-73.977132
F..N65R,323,40.664645,-73.977245
F..N65R,324,40.664771,-73.977382
F..N65R,325,40.664893,-73.977544
F..N65R,326,40.665013,-73.977729
F..N65R,327,40.665130,-73.977941
F..N65R,328,40.666271,-73.980305
F..N65R,329,40.667436,-73.982712
F..N65R,330,40.667459,-73.982761
F..N65R,331,40.667482,-73.982809
F..N65R,332,40.667505,-73.982856
F..N65R,333,40.667527,-73.982902
F..N65R,334,40.667549,-73.982948
F..N65R,335,40.667571,-73.982993
F..N65R,336,40.667593,-73.983037
F..N65R,337,40.667615,-73.983081
F..N65R,338,40.667636,-73.983123
F..N65R,339,40.667657,-73.983166
F..N65R,340,40.667678,-73.983207
F..N65R,341,40.667699,-73.983248
F..N65R,342,40.667720,-73.983287
F..N65R,343,40.667740,-73.983327
F..N65R,344,40.667760,-73.983365
F..N65R,345,40.668766,-73.985354
F..N65R,346,40.668808,-73.985451
F..N65R,347,40.668847,-73.985549
F..N65R,348,40.668884,-73.985647
F..N65R,349,40.668919,-73.985745
F..N65R,350,40.668952,-73.985843
F..N65R,351,40.668982,-73.985942
F..N65R,352,40.669011,-73.986041
F..N65R,353,40.669037,-73.986139
F..N65R,354,40.669061,-73.986238
F..N65R,355,40.669083,-73.986338
F..N65R,356,40.669102,-73.986437
F..N65R,357,40.669120,-73.986537
F..N65R,358,40.669135,-73.986636
F..N65R,359,40.669148,-73.986736
F..N65R,360,40.669160,-73.986836
F..N65R,361,40.669177,-73.986944
F..N65R,362,40.669197,-73.987053
F..N65R,363,40.669218,-73.987162
F..N65R,364,40.669242,-73.987271
F..N65R,365,40.669268,-73.987380
F..N65R,366,40.669295,-73.987489
F..N65R,367,40.669325,-73.987598
F..N65R,368,40.669357,-73.987708
F..N65R,369,40.669391,-73.987817
F..N65R,370,40.669427,-73.987926
F..N65R,371,40.669466,-73.988035
F..N65R,372,40.669506,-73.988144
F..N65R,373,40.669548,-73.988253
F..N65R,374,40.669593,-73.988362
F..N65R,375,40.669639,-73.988470
F..N65R,376,40.670272,-73.989779
F..N65R,377,40.671773,-73.992891
F..N65R,378,40.671791,-73.992925
F..N65R,379,40.671808,-73.992958
F..N65R,380,40.671826,-73.992991
F..N65R,381,40.671843,-73.993023
F..N65R,382,40.671860,-73.993056
F..N65R,383,40.671877,-73.993087
F..N65R,384,40.671894,-73.993119
F..N65R,385,40.671910,-73.993149
F..N65R,386,40.671927,-73.993180
F..N65R,387,40.671943,-73.993210
F..N65R,388,40.671959,-73.993240
F..N65R,389,40.671976,-73.993269
F..N65R,390,40.671992,-73.993298
F..N65R,391,40.672007,-73.993326
F..N65R,392,40.672023,-73.993354
F..N65R,393,40.673105,-73.995224
F..N65R,394,40.673136,-73.995278
F..N65R,395,40.673167,-73.995331
F..N65R,396,40.673198,-73.995383
F..N65R,397,40.673229,-73.995434
F..N65R,398,40.673260,-73.995485
F..N65R,399,40.673292,-73.995536
F..N65R,400,40.673323,-73.995585
F..N65R,401,40.673355,-73.995634
F..N65R,402,40.673387,-73.995683
F..N65R,403,40.673418,-73.995730
F..N65R,404,40.673450,-73.995777
F..N65R,405,40.673482,-73.995824
F..N65R,406,40.673514,-73.995870
F..N65R,407,40.673547,-73.995915
F..N65R,408,40.673580,-73.995959
F..N65R,409,40.673631,-73.996031
F..N65R,410,40.673684,-73.996103
F..N65R,411,40.673738,-73.996176
F..N65R,412,40.673793,-73.996248
F..N65R,413,40.673849,-73.996320
F..N65R,414,40.673906,-73.996391
F..N65R,415,40.673964,-73.996462
F..N65R,416,40.674024,-73.996533
F..N65R,417,40.674085,-73.996604
F..N65R,418,40.674147,-73.996675
F..N65R,419,40.674210,-73.996745
F..N65R,420,40.674274,-73.996815
F..N65R,421,40.674340,-73.996884
F..N65R,422,40.674406,-73.996954
F..N65R,423,40.674474,-73.997022
F..N65R,424,40.674547,-73.997086
F..N65R,425,40.674622,-73.997146
F..N65R,426,40.674699,-73.997200
F..N65R,427,40.674778,-73.997250
F..N65R,428,40.674859,-73.997294
F..N65R,429,40.674941,-73.997333
F..N65R,430,40.675025,-73.997367
F..N65R,431,40.675111,-73.997396
F..N65R,432,40.675199,-73.997419
F..N65R,433,40.675288,-73.997438
F..N65R,434,40.675379,-73.997451
F..N65R,435,40.675472,-73.997459
F..N65R,436,40.675567,-73.997462
F..N65R,437,40.675663,-73.997460
F..N65R,438,40.675760,-73.997454
F..N65R,439,40.675805,-73.997447
F..N65R,440,40.675850,-73.997437
F..N65R,441,40.675896,-73.997427
F..N65R,442,40.675941,-73.997415
F..N65R,443,40.675986,-73.997403
F..N65R,444,40.676031,-73.997389
F..N65R,445,40.676076,-73.997375
F..N65R,446,40.676122,-73.997359
F..N65R,447,40.676167,-73.997343
F..N65R,448,40.676212,-73.997325
F..N65R,449,40.676257,-73.997306
F..N65R,450,40.676302,-73.997287
F..N65R,451,40.676348,-73.997266
F..N65R,452,40.676393,-73.997245
F..N65R,453,40.676438,-73.997223
F..N65R,454,40.678436,-73.996262
F..N65R,455,40.678593,-73.996182
F..N65R,456,40.678744,-73.996100
F..N65R,457,40.678890,-73.996019
F..N65R,458,40.679032,-73.995937
F..N65R,459,40.679169,-73.995856
F..N65R,460,40.679303,-73.995775
F..N65R,461,40.679431,-73.995694
F..N65R,462,40.679556,-73.995612
F..N65R,463,40.679676,-73.995532
F..N65R,464,40.679791,-73.995451
F..N65R,465,40.679902,-73.995370
F..N65R,466,40.680009,-73.995289
F..N65R,467,40.680111,-73.995209
F..N65R,468,40.680209,-73.995128
F..N65R,469,40.680303,-73.995048
F..N65R,470,40.680903,-73.994454
F..N65R,471,40.680967,-73.994403
F..N65R,472,40.681033,-73.994353
F..N65R,473,40.681099,-73.994302
F..N65R,474,40.681166,-73.994252
F..N65R,475,40.681234,-73.994202
F..N65R,476,40.681302,-73.994151
F..N65R,477,40.681371,-73.994101
F..N65R,478,40.681441,-73.994051
F..N65R,479,40.681511,-73.994001
F..N65R,480,40.681583,-73.993951
F..N65R,481,40.681655,-73.993901
F..N65R,482,40.681727,-73.993851
F..N65R,483,40.681800,-73.993801
F..N65R,484,40.681874,-73.993751
F..N65R,485,40.681949,-73.993701
F..N65R,486,40.686145,-73.990862
F..N65R,487,40.688929,-73.988937
F..N65R,488,40.690701,-73.987738
F..N65R,489,40.690945,-73.987582
F..N65R,490,40.690993,-73.987556
F..N65R,491,40.691041,-73.987532
F..N65R,492,40.691089,-73.987509
F..N65R,493,40.691138,-73.987488
F..N65R,494,40.691187,-73.987469
F..N65R,495,40.691236,-73.987452
F..N65R,496,40.691286,-73.987437
F..N65R,497,40.691336,-73.987423
F..N65R,498,40.691386,-73.987412
F..N65R,499,40.691437,-73.987402
F..N65R,500,40.691488,-73.987394
F..N65R,501,40.691539,-73.987387
F..N65R,502,40.691591,-73.987383
F..N65R,503,40.691643,-73.987380
F..N65R,504,40.691695,-73.987379
F..N65R,505,40.692332,-73.987343
F..N65R,506,40.692338,-73.987342
F..N65R,507,40.692346,-73.987343
F..N65R,508,40.693682,-73.987277
F..N65R,509,40.693715,-73.987276
F..N65R,510,40.693748,-73.987273
F..N65R,511,40.693782,-73.987271
F..N65R,512,40.693816,-73.987268
F..N65R,513,40.693850,-73.987265
F..N65R,514,40.693884,-73.987262
F..N65R,515,40.693919,-73.987259
F..N65R,516,40.693953,-73.987255
F..N65R,517,40.693988,-73.987252
F..N65R,518,40.694024,-73.987248
F..N65R,519,40.694059,-73.987244
F..N65R,520,40.694095,-73.987240
F..N65R,521,40.694131,-73.987235
F..N65R,522,40.694167,-73.987231
F..N65R,523,40.694204,-73.987226
F..N65R,524,40.694334,-73.987211
F..N65R,525,40.694364,-73.987206
F..N65R,526,40.694394,-73.987202
F..N65R,527,40.694424,-73.987198
F..N65R,528,40.694455,-73.987194
F..N65R,529,40.694487,-73.987191
F..N65R,530,40.694519,-73.987187
F..N65R,531,40.694551,-73.987184
F..N65R,532,40.694585,-73.987182
F..N65R,533,40.694618,-73.987179
F..N65R,534,40.694652,-73.987177
F..N65R,535,40.694687,-73.987175
F..N65R,536,40.694722,-73.987173
F..N65R,537,40.694758,-73.987172
F..N65R,538,40.694794,-73.987171
F..N65R,539,40.694832,-73.987170
F..N65R,540,40.697395,-73.987036
F..N65R,541,40.699743,-73.986885
F..N65R,542,40.701398,-73.986772
F..N65R,543,40.704099,-73.986587
F..N65R,544,40.704345,-73.986579
F..N65R,545,40.704591,-73.986585
F..N65R,546,40.704836,-73.986604
F..N65R,547,40.705079,-73.986636
F..N65R,548,40.705322,-73.986682
F..N65R,549,40.705563,-73.986741
F..N65R,550,40.705803,-73.986813
F..N65R,551,40.706042,-73.986898
F..N65R,552,40.706280,-73.986997
F..N65R,553,40.706517,-73.987109
F..N65R,554,40.706752,-73.987234
F..N65R,555,40.706987,-73.987372
F..N65R,556,40.707220,-73.987524
F..N65R,557,40.707452,-73.987689
F..N65R,558,40.707683,-73.987867
F..N65R,559,40.708766,-73.988681
F..N65R,560,40.708915,-73.988791
F..N65R,561,40.709071,-73.988899
F..N65R,562,40.709232,-73.989002
F..N65R,563,40.709397,-73.989100
F..N65R,564,40.709566,-73.989193
F..N65R,565,40.709740,-73.989281
F..N65R,566,40.709918,-73.989365
F..N65R,567,40.710101,-73.989444
F..N65R,568,40.710288,-73.989518
F..N65R,569,40.710479,-73.989587
F..N65R,570,40.710675,-73.989652
F..N65R,571,40.710875,-73.989712
F..N65R,572,40.711079,-73.989767
F..N65R,573,40.711288,-73.989817
F..N65R,574,40.711503,-73.989866
F..N65R,575,40.712816,-73.990070
F..N65R,576,40.712885,-73.990080
F..N65R,577,40.712953,-73.990091
F..N65R,578,40.713020,-73.990101
F..N65R,579,40.713086,-73.990110
F..N65R,580,40.713150,-73.990119
F..N65R,581,40.713212,-73.990127
F..N65R,582,40.713274,-73.990134
F..N65R,583,40.713334,-73.990141
F..N65R,584,40.713392,-73.990148
F..N65R,585,40.713450,-73.990154
F..N65R,586,40.713506,-73.990159
F..N65R,587,40.713560,-73.990164
F..N65R,588,40.713613,-73.990168
F..N65R,589,40.713665,-73.990171
F..N65R,590,40.713715,-73.990173
F..N65R,591,40.713758,-73.990177
F..N65R,592,40.713802,-73.990181
F..N65R,593,40.713846,-73.990184
F..N65R,594,40.713889,-73.990187
F..N65R,595,40.713931,-73.990188
F..N65R,596,40.713973,-73.990189
F..N65R,597,40.714014,-73.990190
F..N65R,598,40.714055,-73.990190
F..N65R,599,40.714096,-73.990189
F..N65R,600,40.714136,-73.990188
F..N65R,601,40.714176,-73.990186
F..N65R,602,40.714215,-73.990183
F..N65R,603,40.714253,-73.990180
F..N65R,604,40.714291,-73.990176
F..N65R,605,40.714330,-73.990171
F..N65R,606,40.714390,-73.990161
F..N65R,607,40.714448,-73.990152
F..N65R,608,40.714506,-73.990141
F..N65R,609,40.714566,-73.990127
F..N65R,610,40.714625,-73.990112
F..N65R,611,40.714685,-73.990095
F..N65R,612,40.714746,-73.990076
F..N65R,613,40.714807,-73.990055
F..N65R,614,40.714868,-73.990033
F..N65R,615,40.714930,-73.990008
F..N65R,616,40.714992,-73.989981
F..N65R,617,40.715055,-73.989953
F..N65R,618,40.715118,-73.989922
F..N65R,619,40.715182,-73.989890
F..N65R,620,40.715245,-73.989854
F..N65R,621,40.718611,-73.988114
F..N65R,622,40.720922,-73.986929
F..N65R,623,40.721101,-73.986848
F..N65R,624,40.721272,-73.986786
F..N65R,625,40.721436,-73.986746
F..N65R,626,40.721592,-73.986727
F..N65R,627,40.721741,-73.986729
F..N65R,628,40.721881,-73.986752
F..N65R,629,40.722014,-73.986797
F..N65R,630,40.722138,-73.986863
F..N65R,631,40.722255,-73.986950
F..N65R,632,40.722365,-73.987058
F..N65R,633,40.722466,-73.987188
F..N65R,634,40.722559,-73.987339
F..N65R,635,40.722645,-73.987511
F..N65R,636,40.722723,-73.987704
F..N65R,637,40.722792,-73.987919
F..N65R,638,40.723402,-73.989938
F..N65R,639,40.724185,-73.992550
F..N65R,640,40.725297,-73.996204
F..N65R,641,40.725437,-73.996641
F..N65R,642,40.725475,-73.996750
F..N65R,643,40.725513,-73.996858
F..N65R,644,40.725552,-73.996964
F..N65R,645,40.725591,-73.997069
F..N65R,646,40.725631,-73.997172
F..N65R,647,40.725670,-73.997273
F..N65R,648,40.725711,-73.997373
F..N65R,649,40.725751,-73.997471
F..N65R,650,40.725792,-73.997568
F..N65R,651,40.725834,-73.997663
F..N65R,652,40.725876,-73.997756
F..N65R,653,40.725918,-73.997848
F..N65R,654,40.725961,-73.997938
F..N65R,655,40.726004,-73.998027
F..N65R,656,40.726047,-73.998114
F..N65R,657,40.727913,-74.001901
F..N65R,658,40.727970,-74.002019
F..N65R,659,40.728032,-74.002126
F..N65R,660,40.728099,-74.002220
F..N65R,661,40.728170,-74.002301
F..N65R,662,40.728247,-74.002371
F..N65R,663,40.728328,-74.002428
F..N65R,664,40.728414,-74.002473
F..N65R,665,40.728505,-74.002506
F..N65R,666,40.728601,-74.002526
F..N65R,667,40.728702,-74.002535
F..N65R,668,40.728808,-74.002531
F..N65R,669,40.728918,-74.002515
F..N65R,670,40.729034,-74.002486
F..N65R,671,40.729154,-74.002446
F..N65R,672,40.729279,-74.002395
F..N65R,673,40.730820,-74.001552
F..N65R,674,40.730845,-74.001539
F..N65R,675,40.730871,-74.001525
F..N65R,676,40.730897,-74.001511
F..N65R,677,40.730922,-74.001497
F..N65R,678,40.730948,-74.001482
F..N65R,679,40.730975,-74.001467
F..N65R,680,40.731001,-74.001451
F..N65R,681,40.731027,-74.001435
F..N65R,682,40.731054,-74.001419
F..N65R,683,40.731080,-74.001402
F..N65R,684,40.731107,-74.001385
F..N65R,685,40.731134,-74.001367
F..N65R,686,40.731161,-74.001349
F..N65R,687,40.731189,-74.001331
F..N65R,688,40.731216,-74.001312
F..N65R,689,40.732312,-74.000515
F..N65R,690,40.732338,-74.000495
F..N65R,691,40.732362,-74.000477
F..N65R,692,40.733324,-73.999777
F..N65R,693,40.738228,-73.996209
F..N65R,694,40.742878,-73.992821
F..N65R,695,40.749719,-73.987823
F..N65R,696,40.754222,-73.984569
F..N65R,697,40.758663,-73.981329
F..N65R,698,40.760893,-73.979701
F..N65R,699,40.763972,-73.977450
F..N65R,700,40.766457,-73.975637
F..N65R,701,40.766660,-73.975434
F..N65R,702,40.766834,-73.975214
F..N65R,703,40.766982,-73.974983
F..N65R,704,40.767106,-73.974740
F..N65R,705,40.767205,-73.974487
F..N65R,706,40.767280,-73.974222
F..N65R,707,40.767329,-73.973945
F..N65R,708,40.767353,-73.973658
F..N65R,709,40.767352,-73.973359
F..N65R,710,40.767327,-73.973049
F..N65R,711,40.767276,-73.972727
F..N65R,712,40.767201,-73.972394
F..N65R,713,40.767100,-73.972050
F..N65R,714,40.766975,-73.971695
F..N65R,715,40.766827,-73.971330
F..N65R,716,40.764629,-73.966113
F..N65R,717,40.763973,-73.964558
F..N65R,718,40.761088,-73.957707
F..N65R,719,40.761071,-73.957666
F..N65R,720,40.761053,-73.957625
F..N65R,721,40.761036,-73.957585
F..N65R,722,40.761019,-73.957545
F..N65R,723,40.761003,-73.957506
F..N65R,724,40.760986,-73.957468
F..N65R,725,40.760970,-73.957431
F..N65R,726,40.760954,-73.957394
F..N65R,727,40.760938,-73.957357
F..N65R,728,40.760922,-73.957322
F..N65R,729,40.760907,-73.957287
F..N65R,730,40.760892,-73.957253
F..N65R,731,40.760877,-73.957219
F..N65R,732,40.760862,-73.957186
F..N65R,733,40.760847,-73.957154
F..N65R,734,40.759145,-73.953260
F..N65R,735,40.756723,-73.947784
F..N65R,736,40.756703,-73.947738
F..N65R,737,40.756682,-73.947691
F..N65R,738,40.756661,-73.947645
F..N65R,739,40.756640,-73.947600
F..N65R,740,40.756618,-73.947554
F..N65R,741,40.756597,-73.947509
F..N65R,742,40.756575,-73.947464
F..N65R,743,40.756553,-73.947419
F..N65R,744,40.756531,-73.947374
F..N65R,745,40.756508,-73.947329
F..N65R,746,40.756485,-73.947285
F..N65R,747,40.756462,-73.947240
F..N65R,748,40.756439,-73.947196
F..N65R,749,40.756416,-73.947153
F..N65R,750,40.756392,-73.947109
F..N65R,751,40.754203,-73.942836
F..N65R,752,40.753681,-73.941824
F..N65R,753,40.753653,-73.941768
F..N65R,754,40.753624,-73.941712
F..N65R,755,40.753594,-73.941656
F..N65R,756,40.753565,-73.941600
F..N65R,757,40.753535,-73.941544
F..N65R,758,40.753506,-73.941488
F..N65R,759,40.753476,-73.941432
F..N65R,760,40.753446,-73.941376
F..N65R,761,40.753416,-73.941320
F..N65R,762,40.753386,-73.941265
F..N65R,763,40.753355,-73.941209
F..N65R,764,40.753325,-73.941154
F..N65R,765,40.753294,-73.941099
F..N65R,766,40.753264,-73.941043
F..N65R,767,40.753234,-73.940988
F..N65R,768,40.750946,-73.936690
F..N65R,769,40.750871,-73.936548
F..N65R,770,40.750809,-73.936405
F..N65R,771,40.750759,-73.936262
F..N65R,772,40.750722,-73.936119
F..N65R,773,40.750697,-73.935975
F..N65R,774,40.750684,-73.935832
F..N65R,775,40.750684,-73.935688
F..N65R,776,40.750696,-73.935544
F..N65R,777,40.750720,-73.935400
F..N65R,778,40.750757,-73.935255
F..N65R,779,40.750806,-73.935111
F..N65R,780,40.750867,-73.934966
F..N65R,781,40.750941,-73.934821
F..N65R,782,40.751027,-73.934676
F..N65R,783,40.751125,-73.934532
F..N65R,784,40.751258,-73.934331
F..N65R,785,40.751380,-73.934122
F..N65R,786,40.751491,-73.933905
F..N65R,787,40.751591,-73.933682
F..N65R,788,40.751680,-73.933451
F..N65R,789,40.751758,-73.933212
F..N65R,790,40.751824,-73.932966
F..N65R,791,40.751880,-73.932713
F..N65R,792,40.751924,-73.932452
F..N65R,793,40.751957,-73.932184
F..N65R,794,40.751979,-73.931908
F..N65R,795,40.751990,-73.931627
F..N65R,796,40.752039,-73.928781
F..N65R,797,40.752074,-73.926563
F..N65R,798,40.752078,-73.926450
F..N65R,799,40.752083,-73.926339
F..N65R,800,40.752090,-73.926229
F..N65R,801,40.752098,-73.926120
F..N65R,802,40.752108,-73.926011
F..N65R,803,40.752119,-73.925903
F..N65R,804,40.752132,-73.925796
F..N65R,805,40.752146,-73.925690
F..N65R,806,40.752162,-73.925585
F..N65R,807,40.752179,-73.925480
F..N65R,808,40.752197,-73.925376
F..N65R,809,40.752217,-73.925273
F..N65R,810,40.752239,-73.925171
F..N65R,811,40.752262,-73.925070
F..N65R,812,40.752285,-73.924968
F..N65R,813,40.753651,-73.918734
F..N65R,814,40.753697,-73.918511
F..N65R,815,40.753737,-73.918288
F..N65R,816,40.753771,-73.918064
F..N65R,817,40.753799,-73.917840
F..N65R,818,40.753821,-73.917614
F..N65R,819,40.753837,-73.917388
F..N65R,820,40.753847,-73.917160
F..N65R,821,40.753852,-73.916932
F..N65R,822,40.753850,-73.916702
F..N65R,823,40.753843,-73.916472
F..N65R,824,40.753830,-73.916241
F..N65R,825,40.753811,-73.916009
F..N65R,826,40.753786,-73.915776
F..N65R,827,40.753755,-73.915542
F..N65R,828,40.753719,-73.915309
F..N65R,829,40.753079,-73.911537
F..N65R,830,40.753066,-73.911420
F..N65R,831,40.753054,-73.911304
F..N65R,832,40.753044,-73.911187
F..N65R,833,40.753035,-73.911072
F..N65R,834,40.753027,-73.910957
F..N65R,835,40.753022,-73.910844
F..N65R,836,40.753017,-73.910730
F..N65R,837,40.753015,-73.910618
F..N65R,838,40.753014,-73.910506
F..N65R,839,40.753014,-73.910395
F..N65R,840,40.753017,-73.910285
F..N65R,841,40.753020,-73.910175
F..N65R,842,40.753026,-73.910066
F..N65R,843,40.753033,-73.909958
F..N65R,844,40.753041,-73.909852
F..N65R,845,40.753208,-73.908257
F..N65R,846,40.753220,-73.908092
F..N65R,847,40.753226,-73.907928
F..N65R,848,40.753228,-73.907767
F..N65R,849,40.753225,-73.907609
F..N65R,850,40.753218,-73.907452
F..N65R,851,40.753205,-73.907298
F..N65R,852,40.753188,-73.907145
F..N65R,853,40.753167,-73.906995
F..N65R,854,40.753140,-73.906847
F..N65R,855,40.753109,-73.906702
F..N65R,856,40.753074,-73.906558
F..N65R,857,40.753033,-73.906417
F..N65R,858,40.752988,-73.906278
F..N65R,859,40.752938,-73.906141
F..N65R,860,40.752885,-73.906006
F..N65R,861,40.749669,-73.898453
F..N65R,862,40.746644,-73.891338
F..N65R,863,40.744006,-73.885149
F..N65R,864,40.743987,-73.885104
F..N65R,865,40.743967,-73.885059
F..N65R,866,40.743948,-73.885015
F..N65R,867,40.743928,-73.884971
F..N65R,868,40.743909,-73.884928
F..N65R,869,40.743890,-73.884885
F..N65R,870,40.743871,-73.884843
F..N65R,871,40.743851,-73.884801
F..N65R,872,40.743832,-73.884760
F..N65R,873,40.743813,-73.884719
F..N65R,874,40.743794,-73.884679
F..N65R,875,40.743775,-73.884639
F..N65R,876,40.743756,-73.884600
F..N65R,877,40.743737,-73.884561
F..N65R,878,40.743718,-73.884523
F..N65R,879,40.742933,-73.882917
F..N65R,880,40.742897,-73.882846
F..N65R,881,40.742862,-73.882775
F..N65R,882,40.742827,-73.882706
F..N65R,883,40.742792,-73.882639
F..N65R,884,40.742759,-73.882574
F..N65R,885,40.742726,-73.882510
F..N65R,886,40.742693,-73.882448
F..N65R,887,40.742661,-73.882388
F..N65R,888,40.742630,-73.882330
F..N65R,889,40.742599,-73.882273
F..N65R,890,40.742569,-73.882218
F..N65R,891,40.742539,-73.882165
F..N65R,892,40.742510,-73.882114
F..N65R,893,40.742482,-73.882064
F..N65R,894,40.742454,-73.882017
F..N65R,895,40.742415,-73.881945
F..N65R,896,40.742376,-73.881874
F..N65R,897,40.742337,-73.881803
F..N65R,898,40.742296,-73.881732
F..N65R,899,40.742256,-73.881662
F..N65R,900,40.742215,-73.881592
F..N65R,901,40.742173,-73.881523
F..N65R,902,40.742131,-73.881453
F..N65R,903,40.742088,-73.881384
F..N65R,904,40.742045,-73.881316
F..N65R,905,40.742001,-73.881247
F..N65R,906,40.741957,-73.881179
F..N65R,907,40.741913,-73.881112
F..N65R,908,40.741868,-73.881044
F..N65R,909,40.741822,-73.880977
F..N65R,910,40.740665,-73.879422
F..N65R,911,40.740614,-73.879357
F..N65R,912,40.740561,-73.879295
F..N65R,913,40.740506,-73.879235
F..N65R,914,40.740449,-73.879175
F..N65R,915,40.740389,-73.879117
F..N65R,916,40.740326,-73.879060
F..N65R,917,40.740261,-73.879004
F..N65R,918,40.740194,-73.878950
F..N65R,919,40.740124,-73.878897
F..N65R,920,40.740052,-73.878845
F..N65R,921,40.739977,-73.878794
F..N65R,922,40.739900,-73.878744
F..N65R,923,40.739821,-73.878696
F..N65R,924,40.739739,-73.878649
F..N65R,925,40.739655,-73.878602
F..N65R,926,40.737015,-73.877223
F..N65R,927,40.736710,-73.877055
F..N65R,928,40.736514,-73.876951
F..N65R,929,40.736327,-73.876834
F..N65R,930,40.736148,-73.876705
F..N65R,931,40.735976,-73.876562
F..N65R,932,40.735812,-73.876405
F..N65R,933,40.735655,-73.876236
F..N65R,934,40.735507,-73.876054
F..N65R,935,40.735365,-73.875859
F..N65R,936,40.735232,-73.875650
F..N65R,937,40.735106,-73.875429
F..N65R,938,40.734988,-73.875194
F..N65R,939,40.734877,-73.874947
F..N65R,940,40.734775,-73.874686
F..N65R,941,40.734679,-73.874412
F..N65R,942,40.734593,-73.874126
F..N65R,943,40.733648,-73.870923
F..N65R,944,40.733614,-73.870805
F..N65R,945,40.733579,-73.870688
F..N65R,946,40.733544,-73.870571
F..N65R,947,40.733509,-73.870454
F..N65R,948,40.733473,-73.870339
F..N65R,949,40.733437,-73.870224
F..N65R,950,40.733401,-73.870111
F..N65R,951,40.733365,-73.869998
F..N65R,952,40.733328,-73.869885
F..N65R,953,40.733292,-73.869774
F..N65R,954,40.733255,-73.869663
F..N65R,955,40.733218,-73.869554
F..N65R,956,40.733181,-73.869445
F..N65R,957,40.733144,-73.869336
F..N65R,958,40.733106,-73.869229
F..N65R,959,40.733041,-73.869062
F..N65R,960,40.732975,-73.868898
F..N65R,961,40.732909,-73.868737
F..N65R,962,40.732842,-73.868579
F..N65R,963,40.732774,-73.868425
F..N65R,964,40.732706,-73.868274
F..N65R,965,40.732638,-73.868127
F..N65R,966,40.732568,-73.867984
F..N65R,967,40.732499,-73.867843
F..N65R,968,40.732429,-73.867707
F..N65R,969,40.732358,-73.867573
F..N65R,970,40.732287,-73.867444
F..N65R,971,40.732215,-73.867317
F..N65R,972,40.732143,-73.867194
F..N65R,973,40.732070,-73.867073
F..N65R,974,40.731991,-73.866945
F..N65R,975,40.731914,-73.866812
F..N65R,976,40.731838,-73.866676
F..N65R,977,40.731763,-73.866535
F..N65R,978,40.731688,-73.866390
F..N65R,979,40.731614,-73.866241
F..N65R,980,40.731541,-73.866087
F..N65R,981,40.731469,-73.865930
F..N65R,982,40.731397,-73.865768
F..N65R,983,40.731327,-73.865602
F..N65R,984,40.731257,-73.865431
F..N65R,985,40.731187,-73.865257
F..N65R,986,40.731119,-73.865078
F..N65R,987,40.731051,-73.864895
F..N65R,988,40.730985,-73.864710
F..N65R,989,40.729846,-73.861604
F..N65R,990,40.727216,-73.854378
F..N65R,991,40.727179,-73.854282
F..N65R,992,40.727142,-73.854184
F..N65R,993,40.727103,-73.854085
F..N65R,994,40.727062,-73.853983
F..N65R,995,40.727021,-73.853879
F..N65R,996,40.726977,-73.853773
F..N65R,997,40.726933,-73.853665
F..N65R,998,40.726887,-73.853554
F..N65R,999,40.726839,-73.853442
F..N65R,1000,40.726790,-73.853327
F..N65R,1001,40.726740,-73.853210
F..N65R,1002,40.726688,-73.853091
F..N65R,1003,40.726635,-73.852969
F..N65R,1004,40.726580,-73.852846
F..N65R,1005,40.726523,-73.852719
F..N65R,1006,40.726443,-73.852538
F..N65R,1007,40.726358,-73.852359
F..N65R,1008,40.726271,-73.852185
F..N65R,1009,40.726181,-73.852015
F..N65R,1010,40.726090,-73.851849
F..N65R,1011,40.725995,-73.851688
F..N65R,1012,40.725899,-73.851530
F..N65R,1013,40.725800,-73.851377
F..N65R,1014,40.725699,-73.851228
F..N65R,1015,40.725596,-73.851083
F..N65R,1016,40.725490,-73.850942
F..N65R,1017,40.725382,-73.850805
F..N65R,1018,40.725272,-73.850673
F..N65R,1019,40.725159,-73.850544
F..N65R,1020,40.725045,-73.850418
F..N65R,1021,40.724889,-73.850252
F..N65R,1022,40.724735,-73.850084
F..N65R,1023,40.724584,-73.849912
F..N65R,1024,40.724436,-73.849736
F..N65R,1025,40.724292,-73.849556
F..N65R,1026,40.724151,-73.849372
F..N65R,1027,40.724013,-73.849184
F..N65R,1028,40.723878,-73.848993
F..N65R,1029,40.723747,-73.848797
F..N65R,1030,40.723618,-73.848598
F..N65R,1031,40.723493,-73.848394
F..N65R,1032,40.723371,-73.848187
F..N65R,1033,40.723253,-73.847975
F..N65R,1034,40.723137,-73.847760
F..N65R,1035,40.723026,-73.847541
F..N65R,1036,40.721691,-73.844521
F..N65R,1037,40.720314,-73.841421
F..N65R,1038,40.720274,-73.841329
F..N65R,1039,40.720234,-73.841237
F..N65R,1040,40.720194,-73.841146
F..N65R,1041,40.720153,-73.841055
F..N65R,1042,40.720112,-73.840965
F..N65R,1043,40.720070,-73.840875
F..N65R,1044,40.720028,-73.840786
F..N65R,1045,40.719986,-73.840697
F..N65R,1046,40.719943,-73.840608
F..N65R,1047,40.719900,-73.840520
F..N65R,1048,40.719857,-73.840432
F..N65R,1049,40.719813,-73.840345
F..N65R,1050,40.719769,-73.840258
F..N65R,1051,40.719725,-73.840171
F..N65R,1052,40.719680,-73.840085
F..N65R,1053,40.718331,-73.837324
F..N65R,1054,40.717531,-73.835753
F..N65R,1055,40.717453,-73.835607
F..N65R,1056,40.717374,-73.835462
F..N65R,1057,40.717294,-73.835318
F..N65R,1058,40.717213,-73.835176
F..N65R,1059,40.717130,-73.835035
F..N65R,1060,40.717046,-73.834895
F..N65R,1061,40.716961,-73.834756
F..N65R,1062,40.716875,-73.834618
F..N65R,1063,40.716787,-73.834482
F..N65R,1064,40.716698,-73.834347
F..N65R,1065,40.716608,-73.834213
F..N65R,1066,40.716517,-73.834081
F..N65R,1067,40.716425,-73.833950
F..N65R,1068,40.716331,-73.833820
F..N65R,1069,40.716237,-73.833689
F..N65R,1070,40.716050,-73.833446
F..N65R,1071,40.715936,-73.833291
F..N65R,1072,40.715821,-73.833138
F..N65R,1073,40.715708,-73.832983
F..N65R,1074,40.715596,-73.832827
F..N65R,1075,40.715485,-73.832669
F..N65R,1076,40.715375,-73.832510
F..N65R,1077,40.715267,-73.832349
F..N65R,1078,40.715159,-73.832187
F..N65R,1079,40.715053,-73.832023
F..N65R,1080,40.714948,-73.831858
F..N65R,1081,40.714844,-73.831691
F..N65R,1082,40.714741,-73.831523
F..N65R,1083,40.714639,-73.831353
F..N65R,1084,40.714539,-73.831182
F..N65R,1085,40.714441,-73.831008
F..N65R,1086,40.713129,-73.828344
F..N65R,1087,40.713093,-73.828269
F..N65R,1088,40.713058,-73.828191
F..N65R,1089,40.713023,-73.828113
F..N65R,1090,40.712988,-73.828033
F..N65R,1091,40.712953,-73.827953
F..N65R,1092,40.712918,-73.827871
F..N65R,1093,40.712884,-73.827788
F..N65R,1094,40.712850,-73.827704
F..N65R,1095,40.712816,-73.827619
F..N65R,1096,40.712782,-73.827532
F..N65R,1097,40.712749,-73.827445
F..N65R,1098,40.712716,-73.827356
F..N65R,1099,40.712682,-73.827267
F..N65R,1100,40.712650,-73.827176
F..N65R,1101,40.712617,-73.827083
F..N65R,1102,40.710847,-73.822473
F..N65R,1103,40.710787,-73.822318
F..N65R,1104,40.710724,-73.822167
F..N65R,1105,40.710658,-73.822024
F..N65R,1106,40.710588,-73.821887
F..N65R,1107,40.710516,-73.821757
F..N65R,1108,40.710440,-73.821634
F..N65R,1109,40.710362,-73.821518
F..N65R,1110,40.710280,-73.821408
F..N65R,1111,40.710195,-73.821305
F..N65R,1112,40.710107,-73.821210
F..N65R,1113,40.710015,-73.821121
F..N65R,1114,40.709921,-73.821039
F..N65R,1115,40.709823,-73.820963
F..N65R,1116,40.709723,-73.820895
F..N65R,1117,40.709619,-73.820832
F..N65R,1118,40.709179,-73.820574
F..N65R,1119,40.707304,-73.819479
F..N65R,1120,40.705560,-73.818380
F..N65R,1121,40.705321,-73.818196
F..N65R,1122,40.705107,-73.817996
F..N65R,1123,40.704916,-73.817786
F..N65R,1124,40.704748,-73.817565
F..N65R,1125,40.704603,-73.817333
F..N65R,1126,40.704481,-73.817090
F..N65R,1127,40.704382,-73.816836
F..N65R,1128,40.704306,-73.816571
F..N65R,1129,40.704252,-73.816296
F..N65R,1130,40.704221,-73.816009
F..N65R,1131,40.704214,-73.815712
F..N65R,1132,40.704229,-73.815403
F..N65R,1133,40.704267,-73.815084
F..N65R,1134,40.704327,-73.814754
F..N65R,1135,40.704413,-73.814414
F..N65R,1136,40.705460,-73.810708
F..N65R,1137,40.707564,-73.803326
F..N65R,1138,40.709755,-73.795611
F..N65R,1139,40.709770,-73.795556
F..N65R,1140,40.709786,-73.795499
F..N65R,1141,40.709802,-73.795443
F..N65R,1142,40.709819,-73.795386
F..N65R,1143,40.709836,-73.795329
F..N65R,1144,40.709854,-73.795272
F..N65R,1145,40.709872,-73.795215
F..N65R,1146,40.709890,-73.795157
F..N65R,1147,40.709909,-73.795099
F..N65R,1148,40.709929,-73.795042
F..N65R,1149,40.709949,-73.794983
F..N65R,1150,40.709970,-73.794925
F..N65R,1151,40.709991,-73.794867
F..N65R,1152,40.710012,-73.794808
F..N65R,1153,40.710034,-73.794749
F..N65R,1154,40.710470,-73.793604
F..N65R,1155,40.711493,-73.790828
F..N65R,1156,40.711555,-73.790661
F..N65R,1157,40.711613,-73.790491
F..N65R,1158,40.711666,-73.790317
F..N65R,1159,40.711716,-73.790140
F..N65R,1160,40.711762,-73.789961
F..N65R,1161,40.711803,-73.789778
F..N65R,1162,40.711841,-73.789591
F..N65R,1163,40.711874,-73.789402
F..N65R,1164,40.711904,-73.789209
F..N65R,1165,40.711929,-73.789014
F..N65R,1166,40.711950,-73.788815
F..N65R,1167,40.711967,-73.788612
F..N65R,1168,40.711980,-73.788407
F..N65R,1169,40.711989,-73.788199
F..N65R,1170,40.711994,-73.787990
F..N65R,1171,40.712102,-73.786515
F..N65R,1172,40.712110,-73.786429
F..N65R,1173,40.712119,-73.786343
F..N65R,1174,40.712130,-73.786257
F..N65R,1175,40.712141,-73.786172
F..N65R,1176,40.712152,-73.786087
F..N65R,1177,40.712164,-73.786003
F..N65R,1178,40.712177,-73.785919
F..N65R,1179,40.712191,-73.785835
F..N65R,1180,40.712205,-73.785753
F..N65R,1181,40.712220,-73.785670
F..N65R,1182,40.712236,-73.785588
F..N65R,1183,40.712252,-73.785507
F..N65R,1184,40.712269,-73.785426
F..N65R,1185,40.712287,-73.785346
F..N65R,1186,40.712305,-73.785267
F..N65R,1187,40.712646,-73.783817
FS.N01R,0,40.661614,-73.962246
FS.N01R,1,40.661724,-73.962258
FS.N01R,2,40.661837,-73.962265
FS.N01R,3,40.661951,-73.962267
FS.N01R,4,40.662068,-73.962262
FS.N01R,5,40.662187,-73.962251
FS.N01R,6,40.662308,-73.962233
FS.N01R,7,40.662431,-73.962209
FS.N01R,8,40.662556,-73.962179
FS.N01R,9,40.662683,-73.962143
FS.N01R,10,40.662811,-73.962100
FS.N01R,11,40.662942,-73.962051
FS.N01R,12,40.663075,-73.961996
FS.N01R,13,40.663210,-73.961935
FS.N01R,14,40.663347,-73.961867
FS.N01R,15,40.663485,-73.961791
FS.N01R,16,40.664126,-73.961509
FS.N01R,17,40.665142,-73.961140
FS.N01R,18,40.670343,-73.959245
FS.N01R,19,40.674772,-73.957624
FS.N01R,20,40.679434,-73.955943
FS.N01R,21,40.679470,-73.955932
FS.N01R,22,40.679507,-73.955922
FS.N01R,23,40.679543,-73.955913
FS.N01R,24,40.679580,-73.955904
FS.N01R,25,40.679617,-73.955896
FS.N01R,26,40.679654,-73.955888
FS.N01R,27,40.679691,-73.955881
FS.N01R,28,40.679728,-73.955875
FS.N01R,29,40.679765,-73.955869
FS.N01R,30,40.679802,-73.955864
FS.N01R,31,40.679839,-73.955860
FS.N01R,32,40.679876,-73.955856
FS.N01R,33,40.679914,-73.955853
FS.N01R,34,40.679951,-73.955851
FS.N01R,35,40.679989,-73.955849
FS.N01R,36,40.680596,-73.955827
G..N13R,0,40.644041,-73.979678
G..N13R,1,40.645397,-73.979931
G..N13R,2,40.645613,-73.979966
G..N13R,3,40.645822,-73.979985
G..N13R,4,40.646022,-73.979986
G..N13R,5,40.646215,-73.979969
G..N13R,6,40.646400,-73.979936
G..N13R,7,40.646577,-73.979886
G..N13R,8,40.646746,-73.979818
G..N13R,9,40.646907,-73.979733
G..N13R,10,40.647060,-73.979632
G..N13R,11,40.647205,-73.979513
G..N13R,12,40.647342,-73.979376
G..N13R,13,40.647471,-73.979223
G..N13R,14,40.647593,-73.979052
G..N13R,15,40.647706,-73.978865
G..N13R,16,40.647813,-73.978660
G..N13R,17,40.648349,-73.977306
G..N13R,18,40.648437,-73.977113
G..N13R,19,40.648536,-73.976933
G..N13R,20,40.648646,-73.976767
G..N13R,21,40.648766,-73.976613
G..N13R,22,40.648897,-73.976473
G..N13R,23,40.649038,-73.976345
G..N13R,24,40.649190,-73.976231
G..N13R,25,40.649352,-73.976129
G..N13R,26,40.649525,-73.976040
G..N13R,27,40.649708,-73.975964
G..N13R,28,40.649902,-73.975901
G..N13R,29,40.650106,-73.975851
G..N13R,30,40.650320,-73.975814
G..N13R,31,40.650546,-73.975789
G..N13R,32,40.650782,-73.975776
G..N13R,33,40.650865,-73.975780
G..N13R,34,40.650950,-73.975785
G..N13R,35,40.651038,-73.975790
G..N13R,36,40.651128,-73.975797
G..N13R,37,40.651221,-73.975806
G..N13R,38,40.651317,-73.975815
G..N13R,39,40.651415,-73.975825
G..N13R,40,40.651516,-73.975837
G..N13R,41,40.651619,-73.975850
G..N13R,42,40.651724,-73.975863
G..N13R,43,40.651833,-73.975878
G..N13R,44,40.651943,-73.975894
G..N13R,45,40.652057,-73.975911
G..N13R,46,40.652173,-73.975930
G..N13R,47,40.652292,-73.975951
G..N13R,48,40.654895,-73.976441
G..N13R,49,40.655008,-73.976464
G..N13R,50,40.655117,-73.976491
G..N13R,51,40.655222,-73.976525
G..N13R,52,40.655324,-73.976565
G..N13R,53,40.655422,-73.976611
G..N13R,54,40.655517,-73.976664
G..N13R,55,40.655609,-73.976722
G..N13R,56,40.655696,-73.976787
G..N13R,57,40.655781,-73.976858
G..N13R,58,40.655862,-73.976935
G..N13R,59,40.655939,-73.977018
G..N13R,60,40.656013,-73.977108
G..N13R,61,40.656084,-73.977203
G..N13R,62,40.656151,-73.977305
G..N13R,63,40.656215,-73.977414
G..N13R,64,40.657523,-73.979648
G..N13R,65,40.657608,-73.979786
G..N13R,66,40.657695,-73.979912
G..N13R,67,40.657784,-73.980024
G..N13R,68,40.657876,-73.980122
G..N13R,69,40.657970,-73.980208
G..N13R,70,40.658066,-73.980281
G..N13R,71,40.658165,-73.980340
G..N13R,72,40.658266,-73.980386
G..N13R,73,40.658369,-73.980420
G..N13R,74,40.658475,-73.980440
G..N13R,75,40.658583,-73.980446
G..N13R,76,40.658693,-73.980440
G..N13R,77,40.658806,-73.980420
G..N13R,78,40.658921,-73.980388
G..N13R,79,40.659039,-73.980342
G..N13R,80,40.659124,-73.980298
G..N13R,81,40.659210,-73.980252
G..N13R,82,40.659296,-73.980204
G..N13R,83,40.659382,-73.980155
G..N13R,84,40.659469,-73.980104
G..N13R,85,40.659557,-73.980051
G..N13R,86,40.659645,-73.979996
G..N13R,87,40.659733,-73.979940
G..N13R,88,40.659822,-73.979881
G..N13R,89,40.659912,-73.979821
G..N13R,90,40.660002,-73.979760
G..N13R,91,40.660092,-73.979696
G..N13R,92,40.660183,-73.979631
G..N13R,93,40.660274,-73.979564
G..N13R,94,40.660365,-73.979493
G..N13R,95,40.663046,-73.977329
G..N13R,96,40.663205,-73.977197
G..N13R,97,40.663364,-73.977094
G..N13R,98,40.663519,-73.977015
G..N13R,99,40.663671,-73.976959
G..N13R,100,40.663820,-73.976928
G..N13R,101,40.663966,-73.976921
G..N13R,102,40.664108,-73.976938
G..N13R,103,40.664247,-73.976978
G..N13R,104,40.664383,-73.977043
G..N13R,105,40.664515,-73.977132
G..N13R,106,40.664645,-73.977245
G..N13R,107,40.664771,-73.977382
G..N13R,108,40.664893,-73.977544
G..N13R,109,40.665013,-73.977729
G..N13R,110,40.665130,-73.977941
G..N13R,111,40.666271,-73.980305
G..N13R,112,40.667436,-73.982712
G..N13R,113,40.667459,-73.982761
G..N13R,114,40.667482,-73.982809
G..N13R,115,40.667505,-73.982856
G..N13R,116,40.667527,-73.982902
G..N13R,117,40.667549,-73.982948
G..N13R,118,40.667571,-73.982993
G..N13R,119,40.667593,-73.983037
G..N13R,120,40.667615,-73.983081
G..N13R,121,40.667636,-73.983123
G..N13R,122,40.667657,-73.983166
G..N13R,123,40.667678,-73.983207
G..N13R,124,40.667699,-73.983248
G..N13R,125,40.667720,-73.983287
G..N13R,126,40.667740,-73.983327
G..N13R,127,40.667760,-73.983365
G..N13R,128,40.668766,-73.985354
G..N13R,129,40.668808,-73.985451
G..N13R,130,40.668847,-73.985549
G..N13R,131,40.668884,-73.985647
G..N13R,132,40.668919,-73.985745
G..N13R,133,40.668952,-73.985843
G..N13R,134,40.668982,-73.985942
G..N13R,135,40.669011,-73.986041
G..N13R,136,40.669037,-73.986139
G..N13R,137,40.669061,-73.986238
G..N13R,138,40.669083,-73.986338
G..N13R,139,40.669102,-73.986437
G..N13R,140,40.669120,-73.986537
G..N13R,141,40.669135,-73.986636
G..N13R,142,40.669148,-73.986736
G..N13R,143,40.669160,-73.986836
G..N13R,144,40.669177,-73.986944
G..N13R,145,40.669197,-73.987053
G..N13R,146,40.669218,-73.987162
G..N13R,147,40.669242,-73.987271
G..N13R,148,40.669268,-73.987380
G..N13R,149,40.669295,-73.987489
G..N13R,150,40.669325,-73.987598
G..N13R,151,40.669357,-73.987708
G..N13R,152,40.669391,-73.987817
G..N13R,153,40.669427,-73.987926
G..N13R,154,40.669466,-73.988035
G..N13R,155,40.669506,-73.988144
G..N13R,156,40.669548,-73.988253
G..N13R,157,40.669593,-73.988362
G..N13R,158,40.669639,-73.988470
G..N13R,159,40.670272,-73.989779
G..N13R,160,40.671773,-73.992891
G..N13R,161,40.671791,-73.992925
G..N13R,162,40.671808,-73.992958
G..N13R,163,40.671826,-73.992991
G..N13R,164,40.671843,-73.993023
G..N13R,165,40.671860,-73.993056
G..N13R,166,40.671877,-73.993087
G..N13R,167,40.671894,-73.993119
G..N13R,168,40.671910,-73.993149
G..N13R,169,40.671927,-73.993180
G..N13R,170,40.671943,-73.993210
G..N13R,171,40.671959,-73.993240
G..N13R,172,40.671976,-73.993269
G..N13R,173,40.671992,-73.993298
G..N13R,174,40.672007,-73.993326
G..N13R,175,40.672023,-73.993354
G..N13R,176,40.673105,-73.995224
G..N13R,177,40.673136,-73.995278
G..N13R,178,40.673167,-73.995331
G..N13R,179,40.673198,-73.995383
G..N13R,180,40.673229,-73.995434
G..N13R,181,40.673260,-73.995485
G..N13R,182,40.673292,-73.995536
G..N13R,183,40.673323,-73.995585
G..N13R,184,40.673355,-73.995634
G..N13R,185,40.673387,-73.995683
G..N13R,186,40.673418,-73.995730
G..N13R,187,40.673450,-73.995777
G..N13R,188,40.673482,-73.995824
G..N13R,189,40.673514,-73.995870
G..N13R,190,40.673547,-73.995915
G..N13R,191,40.673580,-73.995959
G..N13R,192,40.673631,-73.996031
G..N13R,193,40.673684,-73.996103
G..N13R,194,40.673738,-73.996176
G..N13R,195,40.673793,-73.996248
G..N13R,196,40.673849,-73.996320
G..N13R,197,40.673906,-73.996391
G..N13R,198,40.673964,-73.996462
G..N13R,199,40.674024,-73.996533
G..N13R,200,40.674085,-73.996604
G..N13R,201,40.674147,-73.996675
G..N13R,202,40.674210,-73.996745
G..N13R,203,40.674274,-73.996815
G..N13R,204,40.674340,-73.996884
G..N13R,205,40.674406,-73.996954
G..N13R,206,40.674474,-73.997022
G..N13R,207,40.674547,-73.997086
G..N13R,208,40.674622,-73.997146
G..N13R,209,40.674699,-73.997200
G..N13R,210,40.674778,-73.997250
G..N13R,211,40.674859,-73.997294
G..N13R,212,40.674941,-73.997333
G..N13R,213,40.675025,-73.997367
G..N13R,214,40.675111,-73.997396
G..N13R,215,40.675199,-73.997419
G..N13R,216,40.675288,-73.997438
G..N13R,217,40.675379,-73.997451
G..N13R,218,40.675472,-73.997459
G..N13R,219,40.675567,-73.997462
G..N13R,220,40.675663,-73.997460
G..N13R,221,40.675760,-73.997454
G..N13R,222,40.675805,-73.997447
G..N13R,223,40.675850,-73.997437
G..N13R,224,40.675896,-73.997427
G..N13R,225,40.675941,-73.997415
G..N13R,226,40.675986,-73.997403
G..N13R,227,40.676031,-73.997389
G..N13R,228,40.676076,-73.997375
G..N13R,229,40.676122,-73.997359
G..N13R,230,40.676167,-73.997343
G..N13R,231,40.676212,-73.997325
G..N13R,232,40.676257,-73.997306
G..N13R,233,40.676302,-73.997287
G..N13R,234,40.676348,-73.997266
G..N13R,235,40.676393,-73.997245
G..N13R,236,40.676438,-73.997223
G..N13R,237,40.678436,-73.996262
G..N13R,238,40.678593,-73.996182
G..N13R,239,40.678744,-73.996100
G..N13R,240,40.678890,-73.996019
G..N13R,241,40.679032,-73.995937
G..N13R,242,40.679169,-73.995856
G..N13R,243,40.679303,-73.995775
G..N13R,244,40.679431,-73.995694
G..N13R,245,40.679556,-73.995612
G..N13R,246,40.679676,-73.995532
G..N13R,247,40.679791,-73.995451
G..N13R,248,40.679902,-73.995370
G..N13R,249,40.680009,-73.995289
G..N13R,250,40.680111,-73.995209
G..N13R,251,40.680209,-73.995128
G..N13R,252,40.680303,-73.995048
G..N13R,253,40.680903,-73.994454
G..N13R,254,40.680967,-73.994403
G..N13R,255,40.681033,-73.994353
G..N13R,256,40.681099,-73.994302
G..N13R,257,40.681166,-73.994252
G..N13R,258,40.681234,-73.994202
G..N13R,259,40.681302,-73.994151
G..N13R,260,40.681371,-73.994101
G..N13R,261,40.681441,-73.994051
G..N13R,262,40.681511,-73.994001
G..N13R,263,40.681583,-73.993951
G..N13R,264,40.681655,-73.993901
G..N13R,265,40.681727,-73.993851
G..N13R,266,40.681800,-73.993801
G..N13R,267,40.681874,-73.993751
G..N13R,268,40.681949,-73.993701
G..N13R,269,40.686145,-73.990862
G..N13R,270,40.688929,-73.988937
G..N13R,271,40.689030,-73.988861
G..N13R,272,40.689120,-73.988780
G..N13R,273,40.689201,-73.988696
G..N13R,274,40.689272,-73.988607
G..N13R,275,40.689333,-73.988514
G..N13R,276,40.689384,-73.988418
G..N13R,277,40.689426,-73.988318
G..N13R,278,40.689458,-73.988213
G..N13R,279,40.689480,-73.988105
G..N13R,280,40.689492,-73.987993
G..N13R,281,40.689495,-73.987877
G..N13R,282,40.689488,-73.987757
G..N13R,283,40.689471,-73.987633
G..N13R,284,40.689444,-73.987506
G..N13R,285,40.689409,-73.987376
G..N13R,286,40.688484,-73.985001
G..N13R,287,40.688112,-73.984050
G..N13R,288,40.688084,-73.983976
G..N13R,289,40.688056,-73.983901
G..N13R,290,40.688029,-73.983827
G..N13R,291,40.688002,-73.983752
G..N13R,292,40.687975,-73.983678
G..N13R,293,40.687948,-73.983603
G..N13R,294,40.687922,-73.983528
G..N13R,295,40.687896,-73.983454
G..N13R,296,40.687870,-73.983379
G..N13R,297,40.687845,-73.983304
G..N13R,298,40.687820,-73.983229
G..N13R,299,40.687795,-73.983155
G..N13R,300,40.687771,-73.983080
G..N13R,301,40.687747,-73.983005
G..N13R,302,40.687723,-73.982930
G..N13R,303,40.687700,-73.982859
G..N13R,304,40.687676,-73.982789
G..N13R,305,40.687653,-73.982718
G..N13R,306,40.687629,-73.982648
G..N13R,307,40.687604,-73.982578
G..N13R,308,40.687580,-73.982508
G..N13R,309,40.687555,-73.982438
G..N13R,310,40.687531,-73.982368
G..N13R,311,40.687505,-73.982299
G..N13R,312,40.687480,-73.982229
G..N13R,313,40.687455,-73.982160
G..N13R,314,40.687429,-73.982091
G..N13R,315,40.687403,-73.982022
G..N13R,316,40.687376,-73.981953
G..N13R,317,40.687350,-73.981883
G..N13R,318,40.687144,-73.981306
G..N13R,319,40.687129,-73.981266
G..N13R,320,40.687114,-73.981227
G..N13R,321,40.687100,-73.981188
G..N13R,322,40.687086,-73.981149
G..N13R,323,40.687073,-73.981110
G..N13R,324,40.687060,-73.981072
G..N13R,325,40.687048,-73.981034
G..N13R,326,40.687036,-73.980996
G..N13R,327,40.687025,-73.980958
G..N13R,328,40.687014,-73.980921
G..N13R,329,40.687004,-73.980884
G..N13R,330,40.686995,-73.980847
G..N13R,331,40.686986,-73.980810
G..N13R,332,40.686977,-73.980774
G..N13R,333,40.686969,-73.980738
G..N13R,334,40.686851,-73.980336
G..N13R,335,40.686823,-73.980236
G..N13R,336,40.686800,-73.980134
G..N13R,337,40.686779,-73.980030
G..N13R,338,40.686762,-73.979924
G..N13R,339,40.686747,-73.979816
G..N13R,340,40.686735,-73.979706
G..N13R,341,40.686726,-73.979594
G..N13R,342,40.686720,-73.979480
G..N13R,343,40.686718,-73.979363
G..N13R,344,40.686718,-73.979245
G..N13R,345,40.686721,-73.979124
G..N13R,346,40.686726,-73.979002
G..N13R,347,40.686735,-73.978877
G..N13R,348,40.686747,-73.978751
G..N13R,349,40.686762,-73.978621
G..N13R,350,40.686971,-73.976828
G..N13R,351,40.687119,-73.975375
G..N13R,352,40.688089,-73.966839
G..N13R,353,40.688873,-73.960070
G..N13R,354,40.689627,-73.953522
G..N13R,355,40.690051,-73.949836
G..N13R,356,40.690103,-73.949621
G..N13R,357,40.690164,-73.949423
G..N13R,358,40.690234,-73.949242
G..N13R,359,40.690311,-73.949079
G..N13R,360,40.690397,-73.948934
G..N13R,361,40.690491,-73.948805
G..N13R,362,40.690593,-73.948695
G..N13R,363,40.690703,-73.948602
G..N13R,364,40.690821,-73.948526
G..N13R,365,40.690947,-73.948468
G..N13R,366,40.691081,-73.948427
G..N13R,367,40.691224,-73.948404
G..N13R,368,40.691374,-73.948399
G..N13R,369,40.691533,-73.948411
G..N13R,370,40.691698,-73.948440
G..N13R,371,40.692468,-73.948617
G..N13R,372,40.692511,-73.948627
G..N13R,373,40.692554,-73.948638
G..N13R,374,40.692597,-73.948648
G..N13R,375,40.692640,-73.948658
G..N13R,376,40.692683,-73.948667
G..N13R,377,40.692726,-73.948677
G..N13R,378,40.692769,-73.948686
G..N13R,379,40.692812,-73.948696
G..N13R,380,40.692855,-73.948705
G..N13R,381,40.692898,-73.948714
G..N13R,382,40.692941,-73.948722
G..N13R,383,40.692984,-73.948731
G..N13R,384,40.693027,-73.948740
G..N13R,385,40.693070,-73.948748
G..N13R,386,40.693113,-73.948756
G..N13R,387,40.694568,-73.949046
G..N13R,388,40.700377,-73.950234
G..N13R,389,40.700416,-73.950241
G..N13R,390,40.700455,-73.950247
G..N13R,391,40.700497,-73.950253
G..N13R,392,40.700539,-73.950258
G..N13R,393,40.700583,-73.950263
G..N13R,394,40.700628,-73.950267
G..N13R,395,40.700674,-73.950271
G..N13R,396,40.700722,-73.950275
G..N13R,397,40.700771,-73.950278
G..N13R,398,40.700821,-73.950280
G..N13R,399,40.700873,-73.950283
G..N13R,400,40.700926,-73.950284
G..N13R,401,40.700980,-73.950286
G..N13R,402,40.701035,-73.950287
G..N13R,403,40.701092,-73.950286
G..N13R,404,40.704918,-73.950197
G..N13R,405,40.704979,-73.950195
G..N13R,406,40.705043,-73.950193
G..N13R,407,40.705109,-73.950193
G..N13R,408,40.705177,-73.950194
G..N13R,409,40.705248,-73.950197
G..N13R,410,40.705321,-73.950202
G..N13R,411,40.705397,-73.950207
G..N13R,412,40.705475,-73.950215
G..N13R,413,40.705556,-73.950224
G..N13R,414,40.705639,-73.950234
G..N13R,415,40.705725,-73.950246
G..N13R,416,40.705813,-73.950260
G..N13R,417,40.705903,-73.950275
G..N13R,418,40.705996,-73.950291
G..N13R,419,40.706092,-73.950308
G..N13R,420,40.712792,-73.951418
G..N13R,421,40.718117,-73.952286
G..N13R,422,40.718209,-73.952295
G..N13R,423,40.718300,-73.952301
G..N13R,424,40.718391,-73.952301
G..N13R,425,40.718481,-73.952296
G..N13R,426,40.718570,-73.952285
G..N13R,427,40.718658,-73.952269
G..N13R,428,40.718746,-73.952248
G..N13R,429,40.718834,-73.952221
G..N13R,430,40.718920,-73.952188
G..N13R,431,40.719006,-73.952150
G..N13R,432,40.719091,-73.952107
G..N13R,433,40.719176,-73.952058
G..N13R,434,40.719260,-73.952004
G..N13R,435,40.719343,-73.951944
G..N13R,436,40.719427,-73.951877
G..N13R,437,40.720844,-73.950490
G..N13R,438,40.720948,-73.950385
G..N13R,439,40.721052,-73.950291
G..N13R,440,40.721157,-73.950207
G..N13R,441,40.721262,-73.950134
G..N13R,442,40.721367,-73.950072
G..N13R,443,40.721473,-73.950020
G..N13R,444,40.721580,-73.949979
G..N13R,445,40.721686,-73.949949
G..N13R,446,40.721794,-73.949929
G..N13R,447,40.721902,-73.949920
G..N13R,448,40.722010,-73.949922
G..N13R,449,40.722118,-73.949934
G..N13R,450,40.722227,-73.949957
G..N13R,451,40.722337,-73.949991
G..N13R,452,40.722448,-73.950036
G..N13R,453,40.724635,-73.951277
G..N13R,454,40.728773,-73.953642
G..N13R,455,40.728900,-73.953712
G..N13R,456,40.729031,-73.953779
G..N13R,457,40.729165,-73.953844
G..N13R,458,40.729301,-73.953906
G..N13R,459,40.729439,-73.953964
G..N13R,460,40.729580,-73.954020
G..N13R,461,40.729724,-73.954073
G..N13R,462,40.729870,-73.954122
G..N13R,463,40.730019,-73.954169
G..N13R,464,40.730171,-73.954213
G..N13R,465,40.730325,-73.954254
G..N13R,466,40.730481,-73.954292
G..N13R,467,40.730640,-73.954326
G..N13R,468,40.730802,-73.954358
G..N13R,469,40.730967,-73.954385
G..N13R,470,40.731352,-73.954449
G..N13R,471,40.736961,-73.955369
G..N13R,472,40.737066,-73.955385
G..N13R,473,40.737172,-73.955401
G..N13R,474,40.737279,-73.955415
G..N13R,475,40.737385,-73.955427
G..N13R,476,40.737492,-73.955437
G..N13R,477,40.737598,-73.955445
G..N13R,478,40.737705,-73.955450
G..N13R,479,40.737811,-73.955453
G..N13R,480,40.737918,-73.955454
G..N13R,481,40.738024,-73.955453
G..N13R,482,40.738131,-73.955450
G..N13R,483,40.738237,-73.955445
G..N13R,484,40.738343,-73.955437
G..N13R,485,40.738450,-73.955427
G..N13R,486,40.738556,-73.955415
G..N13R,487,40.739836,-73.955280
G..N13R,488,40.740037,-73.955231
G..N13R,489,40.740232,-73.955171
G..N13R,490,40.740420,-73.955098
G..N13R,491,40.740602,-73.955014
G..N13R,492,40.740778,-73.954918
G..N13R,493,40.740948,-73.954810
G..N13R,494,40.741111,-73.954690
G..N13R,495,40.741268,-73.954559
G..N13R,496,40.741418,-73.954415
G..N13R,497,40.741563,-73.954260
G..N13R,498,40.741701,-73.954093
G..N13R,499,40.741832,-73.953914
G..N13R,500,40.741958,-73.953724
G..N13R,501,40.742077,-73.953521
G..N13R,502,40.742194,-73.953310
G..N13R,503,40.744065,-73.949724
G..N13R,504,40.744129,-73.949600
G..N13R,505,40.744194,-73.949477
G..N13R,506,40.744256,-73.949354
G..N13R,507,40.744318,-73.949232
G..N13R,508,40.744378,-73.949110
G..N13R,509,40.744438,-73.948990
G..N13R,510,40.744496,-73.948870
G..N13R,511,40.744552,-73.948750
G..N13R,512,40.744608,-73.948632
G..N13R,513,40.744662,-73.948514
G..N13R,514,40.744715,-73.948396
G..N13R,515,40.744766,-73.948280
G..N13R,516,40.744817,-73.948164
G..N13R,517,40.744866,-73.948049
G..N13R,518,40.744914,-73.947934
G..N13R,519,40.746554,-73.943832
GS.N01R,0,40.752769,-73.979189
GS.N01R,1,40.755522,-73.985728
GS.N01R,2,40.755545,-73.985777
GS.N01R,3,40.755570,-73.985823
GS.N01R,4,40.755595,-73.985867
GS.N01R,5,40.755622,-73.985909
GS.N01R,6,40.755649,-73.985949
GS.N01R,7,40.755678,-73.985987
GS.N01R,8,40.755708,-73.986022
GS.N01R,9,40.755738,-73.986055
GS.N01R,10,40.755770,-73.986087
GS.N01R,11,40.755803,-73.986116
GS.N01R,12,40.755837,-73.986143
GS.N01R,13,40.755872,-73.986167
GS.N01R,14,40.755908,-73.986190
GS.N01R,15,40.755945,-73.986211
GS.N01R,16,40.755983,-73.986229
H..N21R,0,40.580903,-73.835592
H..N21R,1,40.581351,-73.833990
H..N21R,2,40.581356,-73.833970
H..N21R,3,40.581362,-73.833951
H..N21R,4,40.581367,-73.833931
H..N21R,5,40.581372,-73.833911
H..N21R,6,40.581377,-73.833891
H..N21R,7,40.581382,-73.833870
H..N21R,8,40.581387,-73.833850
H..N21R,9,40.581392,-73.833830
H..N21R,10,40.581397,-73.833809
H..N21R,11,40.581402,-73.833789
H..N21R,12,40.581407,-73.833768
H..N21R,13,40.581412,-73.833747
H..N21R,14,40.581417,-73.833726
H..N21R,15,40.581421,-73.833705
H..N21R,16,40.581426,-73.833684
H..N21R,17,40.581463,-73.833511
H..N21R,18,40.581467,-73.833494
H..N21R,19,40.581470,-73.833476
H..N21R,20,40.581474,-73.833458
H..N21R,21,40.581478,-73.833441
H..N21R,22,40.581482,-73.833423
H..N21R,23,40.581487,-73.833406
H..N21R,24,40.581491,-73.833388
H..N21R,25,40.581495,-73.833370
H..N21R,26,40.581500,-73.833352
H..N21R,27,40.581504,-73.833335
H..N21R,28,40.581509,-73.833317
H..N21R,29,40.581514,-73.833299
H..N21R,30,40.581519,-73.833281
H..N21R,31,40.581524,-73.833263
H..N21R,32,40.581529,-73.833245
H..N21R,33,40.582272,-73.830580
H..N21R,34,40.582287,-73.830528
H..N21R,35,40.582302,-73.830477
H..N21R,36,40.582317,-73.830425
H..N21R,37,40.582332,-73.830374
H..N21R,38,40.582347,-73.830323
H..N21R,39,40.582362,-73.830271
H..N21R,40,40.582378,-73.830220
H..N21R,41,40.582394,-73.830170
H..N21R,42,40.582410,-73.830119
H..N21R,43,40.582426,-73.830068
H..N21R,44,40.582442,-73.830018
H..N21R,45,40.582459,-73.829967
H..N21R,46,40.582475,-73.829917
H..N21R,47,40.582492,-73.829867
H..N21R,48,40.582509,-73.829817
H..N21R,49,40.582622,-73.829499
H..N21R,50,40.582642,-73.829444
H..N21R,51,40.582662,-73.829390
H..N21R,52,40.582681,-73.829336
H..N21R,53,40.582699,-73.829283
H..N21R,54,40.582718,-73.829230
H..N21R,55,40.582735,-73.829178
H..N21R,56,40.582753,-73.829126
H..N21R,57,40.582769,-73.829074
H..N21R,58,40.582786,-73.829024
H..N21R,59,40.582802,-73.828973
H..N21R,60,40.582817,-73.828923
H..N21R,61,40.582832,-73.828874
H..N21R,62,40.582846,-73.828825
H..N21R,63,40.582860,-73.828777
H..N21R,64,40.582874,-73.828730
H..N21R,65,40.583209,-73.827559
H..N21R,66,40.584540,-73.822788
H..N21R,67,40.584572,-73.822680
H..N21R,68,40.584604,-73.822574
H..N21R,69,40.584635,-73.822469
H..N21R,70,40.584667,-73.822366
H..N21R,71,40.584699,-73.822265
H..N21R,72,40.584731,-73.822164
H..N21R,73,40.584762,-73.822066
H..N21R,74,40.584794,-73.821969
H..N21R,75,40.584825,-73.821873
H..N21R,76,40.584857,-73.821779
H..N21R,77,40.584888,-73.821686
H..N21R,78,40.584920,-73.821595
H..N21R,79,40.584951,-73.821506
H..N21R,80,40.584983,-73.821418
H..N21R,81,40.585014,-73.821330
H..N21R,82,40.585307,-73.820558
H..N21R,83,40.588034,-73.813641
H..N21R,84,40.588627,-73.812143
H..N21R,85,40.588685,-73.812007
H..N21R,86,40.588745,-73.811874
H..N21R,87,40.588807,-73.811744
H..N21R,88,40.588871,-73.811617
H..N21R,89,40.588938,-73.811492
H..N21R,90,40.589008,-73.811371
H..N21R,91,40.589079,-73.811252
H..N21R,92,40.589153,-73.811135
H..N21R,93,40.589230,-73.811021
H..N21R,94,40.589309,-73.810910
H..N21R,95,40.589390,-73.810802
H..N21R,96,40.589474,-73.810697
H..N21R,97,40.589560,-73.810594
H..N21R,98,40.589649,-73.810493
H..N21R,99,40.589741,-73.810395
H..N21R,100,40.589962,-73.810192
H..N21R,101,40.590184,-73.810006
H..N21R,102,40.590407,-73.809841
H..N21R,103,40.590630,-73.809695
H..N21R,104,40.590854,-73.809570
H..N21R,105,40.591079,-73.809464
H..N21R,106,40.591304,-73.809379
H..N21R,107,40.591530,-73.809314
H..N21R,108,40.591756,-73.809269
H..N21R,109,40.591984,-73.809244
H..N21R,110,40.592211,-73.809239
H..N21R,111,40.592440,-73.809254
H..N21R,112,40.592668,-73.809290
H..N21R,113,40.592898,-73.809345
H..N21R,114,40.593127,-73.809421
H..N21R,115,40.607677,-73.815653
H..N21R,116,40.607698,-73.815661
H..N21R,117,40.607719,-73.815670
H..N21R,118,40.607740,-73.815678
H..N21R,119,40.607760,-73.815687
H..N21R,120,40.607781,-73.815696
H..N21R,121,40.607801,-73.815704
H..N21R,122,40.607822,-73.815713
H..N21R,123,40.607842,-73.815721
H..N21R,124,40.607862,-73.815730
H..N21R,125,40.607883,-73.815738
H..N21R,126,40.607903,-73.815746
H..N21R,127,40.607923,-73.815754
H..N21R,128,40.607942,-73.815762
H..N21R,129,40.607962,-73.815770
H..N21R,130,40.607982,-73.815778
H..N21R,131,40.608060,-73.815808
H..N21R,132,40.608140,-73.815838
H..N21R,133,40.608220,-73.815867
H..N21R,134,40.608300,-73.815896
H..N21R,135,40.608382,-73.815925
J..S12R,0,40.702147,-73.801109
J..S12R,1,40.701633,-73.803388
J..S12R,2,40.701626,-73.803425
J..S12R,3,40.701618,-73.803462
J..S12R,4,40.701610,-73.803501
J..S12R,5,40.701602,-73.803540
J..S12R,6,40.701593,-73.803581
J..S12R,7,40.701584,-73.803622
J..S12R,8,40.701575,-73.803664
J..S12R,9,40.701565,-73.803708
J..S12R,10,40.701555,-73.803752
J..S12R,11,40.701545,-73.803798
J..S12R,12,40.701534,-73.803844
J..S12R,13,40.701523,-73.803891
J..S12R,14,40.701511,-73.803939
J..S12R,15,40.701499,-73.803989
J..S12R,16,40.701487,-73.804039
J..S12R,17,40.700823,-73.806654
J..S12R,18,40.700486,-73.807969
J..S12R,19,40.700470,-73.808030
J..S12R,20,40.700453,-73.808090
J..S12R,21,40.700435,-73.808149
J..S12R,22,40.700416,-73.808209
J..S12R,23,40.700397,-73.808267
J..S12R,24,40.700378,-73.808326
J..S12R,25,40.700357,-73.808384
J..S12R,26,40.700336,-73.808442
J..S12R,27,40.700315,-73.808499
J..S12R,28,40.700292,-73.808556
J..S12R,29,40.700269,-73.808613
J..S12R,30,40.700246,-73.808670
J..S12R,31,40.700222,-73.808726
J..S12R,32,40.700197,-73.808782
J..S12R,33,40.700171,-73.808838
J..S12R,34,40.700145,-73.808895
J..S12R,35,40.700120,-73.808953
J..S12R,36,40.700095,-73.809012
J..S12R,37,40.700071,-73.809071
J..S12R,38,40.700047,-73.809130
J..S12R,39,40.700024,-73.809189
J..S12R,40,40.700002,-73.809249
J..S12R,41,40.699980,-73.809309
J..S12R,42,40.699959,-73.809369
J..S12R,43,40.699939,-73.809429
J..S12R,44,40.699919,-73.809490
J..S12R,45,40.699899,-73.809551
J..S12R,46,40.699881,-73.809612
J..S12R,47,40.699863,-73.809673
J..S12R,48,40.699845,-73.809735
J..S12R,49,40.699458,-73.811105
J..S12R,50,40.698794,-73.813427
J..S12R,51,40.698661,-73.813939
J..S12R,52,40.698561,-73.814447
J..S12R,53,40.698494,-73.814951
J..S12R,54,40.698461,-73.815451
J..S12R,55,40.698460,-73.815947
J..S12R,56,40.698492,-73.816439
J..S12R,57,40.698558,-73.816926
J..S12R,58,40.698656,-73.817409
J..S12R,59,40.698788,-73.817888
J..S12R,60,40.698953,-73.818362
J..S12R,61,40.699151,-73.818832
J..S12R,62,40.699382,-73.819298
J..S12R,63,40.699646,-73.819760
J..S12R,64,40.699943,-73.820218
J..S12R,65,40.700273,-73.820667
J..S12R,66,40.700828,-73.821368
J..S12R,67,40.700940,-73.821528
J..S12R,68,40.701040,-73.821691
J..S12R,69,40.701130,-73.821858
J..S12R,70,40.701208,-73.822028
J..S12R,71,40.701276,-73.822201
J..S12R,72,40.701332,-73.822377
J..S12R,73,40.701377,-73.822556
J..S12R,74,40.701412,-73.822739
J..S12R,75,40.701435,-73.822924
J..S12R,76,40.701448,-73.823113
J..S12R,77,40.701449,-73.823305
J..S12R,78,40.701439,-73.823501
J..S12R,79,40.701418,-73.823699
J..S12R,80,40.701387,-73.823901
J..S12R,81,40.701345,-73.824106
J..S12R,82,40.701081,-73.825086
J..S12R,83,40.701061,-73.825158
J..S12R,84,40.701041,-73.825230
J..S12R,85,40.701022,-73.825303
J..S12R,86,40.701003,-73.825377
J..S12R,87,40.700985,-73.825451
J..S12R,88,40.700967,-73.825526
J..S12R,89,40.700950,-73.825601
J..S12R,90,40.700934,-73.825677
J..S12R,91,40.700918,-73.825754
J..S12R,92,40.700902,-73.825831
J..S12R,93,40.700887,-73.825909
J..S12R,94,40.700873,-73.825988
J..S12R,95,40.700859,-73.826067
J..S12R,96,40.700846,-73.826147
J..S12R,97,40.700833,-73.826227
J..S12R,98,40.700492,-73.828294
J..S12R,99,40.700278,-73.829627
J..S12R,100,40.700265,-73.829698
J..S12R,101,40.700251,-73.829768
J..S12R,102,40.700238,-73.829837
J..S12R,103,40.700225,-73.829905
J..S12R,104,40.700211,-73.829972
J..S12R,105,40.700198,-73.830037
J..S12R,106,40.700185,-73.830102
J..S12R,107,40.700171,-73.830166
J..S12R,108,40.700158,-73.830228
J..S12R,109,40.700145,-73.830290
J..S12R,110,40.700131,-73.830350
J..S12R,111,40.700118,-73.830410
J..S12R,112,40.700105,-73.830468
J..S12R,113,40.700091,-73.830526
J..S12R,114,40.700078,-73.830582
J..S12R,115,40.699771,-73.831794
J..S12R,116,40.699753,-73.831855
J..S12R,117,40.699735,-73.831916
J..S12R,118,40.699715,-73.831978
J..S12R,119,40.699695,-73.832039
J..S12R,120,40.699674,-73.832102
J..S12R,121,40.699651,-73.832164
J..S12R,122,40.699628,-73.832227
J..S12R,123,40.699604,-73.832291
J..S12R,124,40.699578,-73.832355
J..S12R,125,40.699552,-73.832419
J..S12R,126,40.699524,-73.832484
J..S12R,127,40.699496,-73.832549
J..S12R,128,40.699466,-73.832615
J..S12R,129,40.699436,-73.832681
J..S12R,130,40.699404,-73.832747
J..S12R,131,40.697906,-73.835503
J..S12R,132,40.697872,-73.835565
J..S12R,133,40.697839,-73.835625
J..S12R,134,40.697806,-73.835685
J..S12R,135,40.697773,-73.835745
J..S12R,136,40.697740,-73.835803
J..S12R,137,40.697707,-73.835861
J..S12R,138,40.697674,-73.835918
J..S12R,139,40.697642,-73.835974
J..S12R,140,40.697609,-73.836029
J..S12R,141,40.697577,-73.836084
J..S12R,142,40.697545,-73.836138
J..S12R,143,40.697513,-73.836191
J..S12R,144,40.697481,-73.836243
J..S12R,145,40.697450,-73.836294
J..S12R,146,40.697418,-73.836345
J..S12R,147,40.696163,-73.838203
J..S12R,148,40.696083,-73.838334
J..S12R,149,40.696005,-73.838468
J..S12R,150,40.695932,-73.838604
J..S12R,151,40.695862,-73.838743
J..S12R,152,40.695797,-73.838885
J..S12R,153,40.695736,-73.839029
J..S12R,154,40.695678,-73.839176
J..S12R,155,40.695625,-73.839325
J..S12R,156,40.695575,-73.839477
J..S12R,157,40.695530,-73.839631
J..S12R,158,40.695489,-73.839788
J..S12R,159,40.695451,-73.839948
J..S12R,160,40.695418,-73.840110
J..S12R,161,40.695388,-73.840275
J..S12R,162,40.695363,-73.840442
J..S12R,163,40.695345,-73.840587
J..S12R,164,40.695328,-73.840728
J..S12R,165,40.695312,-73.840868
J..S12R,166,40.695297,-73.841004
J..S12R,167,40.695283,-73.841138
J..S12R,168,40.695270,-73.841269
J..S12R,169,40.695258,-73.841398
J..S12R,170,40.695248,-73.841524
J..S12R,171,40.695238,-73.841647
J..S12R,172,40.695230,-73.841767
J..S12R,173,40.695222,-73.841885
J..S12R,174,40.695216,-73.842000
J..S12R,175,40.695210,-73.842112
J..S12R,176,40.695206,-73.842222
J..S12R,177,40.695203,-73.842328
J..S12R,178,40.695178,-73.844330
J..S12R,179,40.695170,-73.845102
J..S12R,180,40.695168,-73.845187
J..S12R,181,40.695165,-73.845270
J..S12R,182,40.695161,-73.845353
J..S12R,183,40.695157,-73.845433
J..S12R,184,40.695152,-73.845512
J..S12R,185,40.695147,-73.845590
J..S12R,186,40.695140,-73.845666
J..S12R,187,40.695133,-73.845741
J..S12R,188,40.695126,-73.845815
J..S12R,189,40.695118,-73.845887
J..S12R,190,40.695109,-73.845957
J..S12R,191,40.695099,-73.846026
J..S12R,192,40.695089,-73.846094
J..S12R,193,40.695078,-73.846160
J..S12R,194,40.695067,-73.846226
J..S12R,195,40.694310,-73.850124
J..S12R,196,40.694291,-73.850213
J..S12R,197,40.694271,-73.850302
J..S12R,198,40.694250,-73.850393
J..S12R,199,40.694227,-73.850485
J..S12R,200,40.694202,-73.850578
J..S12R,201,40.694176,-73.850672
J..S12R,202,40.694149,-73.850768
J..S12R,203,40.694120,-73.850865
J..S12R,204,40.694090,-73.850963
J..S12R,205,40.694059,-73.851062
J..S12R,206,40.694026,-73.851162
J..S12R,207,40.693992,-73.851264
J..S12R,208,40.693956,-73.851367
J..S12R,209,40.693919,-73.851471
J..S12R,210,40.693879,-73.851576
J..S12R,211,40.693067,-73.853777
J..S12R,212,40.693029,-73.853890
J..S12R,213,40.692992,-73.854003
J..S12R,214,40.692958,-73.854117
J..S12R,215,40.692926,-73.854233
J..S12R,216,40.692896,-73.854351
J..S12R,217,40.692868,-73.854470
J..S12R,218,40.692843,-73.854590
J..S12R,219,40.692820,-73.854712
J..S12R,220,40.692799,-73.854836
J..S12R,221,40.692780,-73.854961
J..S12R,222,40.692764,-73.855087
J..S12R,223,40.692750,-73.855215
J..S12R,224,40.692738,-73.855345
J..S12R,225,40.692728,-73.855476
J..S12R,226,40.692721,-73.855607
J..S12R,227,40.692537,-73.858862
J..S12R,228,40.692532,-73.858939
J..S12R,229,40.692527,-73.859016
J..S12R,230,40.692523,-73.859092
J..S12R,231,40.692517,-73.859168
J..S12R,232,40.692512,-73.859245
J..S12R,233,40.692506,-73.859321
J..S12R,234,40.692499,-73.859398
J..S12R,235,40.692493,-73.859474
J..S12R,236,40.692485,-73.859551
J..S12R,237,40.692478,-73.859627
J..S12R,238,40.692470,-73.859704
J..S12R,239,40.692461,-73.859780
J..S12R,240,40.692453,-73.859857
J..S12R,241,40.692444,-73.859933
J..S12R,242,40.692435,-73.860010
J..S12R,243,40.692174,-73.861970
J..S12R,244,40.692166,-73.862027
J..S12R,245,40.692158,-73.862084
J..S12R,246,40.692150,-73.862141
J..S12R,247,40.692142,-73.862198
J..S12R,248,40.692134,-73.862254
J..S12R,249,40.692125,-73.862311
J..S12R,250,40.692116,-73.862368
J..S12R,251,40.692108,-73.862424
J..S12R,252,40.692099,-73.862481
J..S12R,253,40.692090,-73.862537
J..S12R,254,40.692080,-73.862594
J..S12R,255,40.692071,-73.862650
J..S12R,256,40.692061,-73.862706
J..S12R,257,40.692052,-73.862763
J..S12R,258,40.692042,-73.862819
J..S12R,259,40.691556,-73.865700
J..S12R,260,40.691547,-73.865747
J..S12R,261,40.691539,-73.865795
J..S12R,262,40.691530,-73.865844
J..S12R,263,40.691521,-73.865893
J..S12R,264,40.691513,-73.865943
J..S12R,265,40.691504,-73.865993
J..S12R,266,40.691495,-73.866044
J..S12R,267,40.691487,-73.866096
J..S12R,268,40.691478,-73.866148
J..S12R,269,40.691470,-73.866202
J..S12R,270,40.691461,-73.866255
J..S12R,271,40.691452,-73.866310
J..S12R,272,40.691444,-73.866365
J..S12R,273,40.691435,-73.866421
J..S12R,274,40.691427,-73.866477
J..S12R,275,40.691324,-73.867139
J..S12R,276,40.691163,-73.868193
J..S12R,277,40.691155,-73.868241
J..S12R,278,40.691146,-73.868290
J..S12R,279,40.691137,-73.868338
J..S12R,280,40.691128,-73.868386
J..S12R,281,40.691119,-73.868435
J..S12R,282,40.691110,-73.868483
J..S12R,283,40.691100,-73.868532
J..S12R,284,40.691090,-73.868580
J..S12R,285,40.691080,-73.868629
J..S12R,286,40.691070,-73.868677
J..S12R,287,40.691059,-73.868726
J..S12R,288,40.691048,-73.868774
J..S12R,289,40.691038,-73.868823
J..S12R,290,40.691026,-73.868871
J..S12R,291,40.691015,-73.868920
J..S12R,292,40.690449,-73.871142
J..S12R,293,40.690431,-73.871212
J..S12R,294,40.690413,-73.871280
J..S12R,295,40.690395,-73.871346
J..S12R,296,40.690377,-73.871412
J..S12R,297,40.690359,-73.871475
J..S12R,298,40.690340,-73.871537
J..S12R,299,40.690321,-73.871598
J..S12R,300,40.690303,-73.871657
J..S12R,301,40.690284,-73.871715
J..S12R,302,40.690264,-73.871772
J..S12R,303,40.690245,-73.871826
J..S12R,304,40.690225,-73.871880
J..S12R,305,40.690206,-73.871932
J..S12R,306,40.690186,-73.871982
J..S12R,307,40.690166,-73.872031
J..S12R,308,40.689941,-73.872550
J..S12R,309,40.689501,-73.873578
J..S12R,310,40.689467,-73.873639
J..S12R,311,40.689432,-73.873694
J..S12R,312,40.689395,-73.873744
J..S12R,313,40.689356,-73.873787
J..S12R,314,40.689315,-73.873825
J..S12R,315,40.689271,-73.873856
J..S12R,316,40.689226,-73.873882
J..S12R,317,40.689178,-73.873901
J..S12R,318,40.689128,-73.873914
J..S12R,319,40.689076,-73.873921
J..S12R,320,40.689022,-73.873922
J..S12R,321,40.688966,-73.873917
J..S12R,322,40.688907,-73.873906
J..S12R,323,40.688847,-73.873889
J..S12R,324,40.688784,-73.873866
J..S12R,325,40.687236,-73.873330
J..S12R,326,40.687194,-73.873315
J..S12R,327,40.687151,-73.873300
J..S12R,328,40.687107,-73.873285
J..S12R,329,40.687062,-73.873270
J..S12R,330,40.687016,-73.873254
J..S12R,331,40.686969,-73.873238
J..S12R,332,40.686921,-73.873222
J..S12R,333,40.686871,-73.873206
J..S12R,334,40.686821,-73.873189
J..S12R,335,40.686769,-73.873172
J..S12R,336,40.686716,-73.873155
J..S12R,337,40.686663,-73.873138
J..S12R,338,40.686608,-73.873120
J..S12R,339,40.686552,-73.873102
J..S12R,340,40.686495,-73.873084
J..S12R,341,40.684107,-73.872326
J..S12R,342,40.684049,-73.872314
J..S12R,343,40.683993,-73.872308
J..S12R,344,40.683940,-73.872307
J..S12R,345,40.683890,-73.872312
J..S12R,346,40.683841,-73.872322
J..S12R,347,40.683796,-73.872338
J..S12R,348,40.683753,-73.872359
J..S12R,349,40.683712,-73.872385
J..S12R,350,40.683674,-73.872417
J..S12R,351,40.683638,-73.872454
J..S12R,352,40.683605,-73.872496
J..S12R,353,40.683574,-73.872544
J..S12R,354,40.683546,-73.872598
J..S12R,355,40.683520,-73.872657
J..S12R,356,40.683497,-73.872721
J..S12R,357,40.683194,-73.873785
J..S12R,358,40.681705,-73.879022
J..S12R,359,40.681686,-73.879090
J..S12R,360,40.681667,-73.879158
J..S12R,361,40.681648,-73.879226
J..S12R,362,40.681629,-73.879294
J..S12R,363,40.681610,-73.879361
J..S12R,364,40.681590,-73.879429
J..S12R,365,40.681571,-73.879497
J..S12R,366,40.681551,-73.879565
J..S12R,367,40.681531,-73.879633
J..S12R,368,40.681511,-73.879700
J..S12R,369,40.681491,-73.879768
J..S12R,370,40.681471,-73.879836
J..S12R,371,40.681451,-73.879904
J..S12R,372,40.681431,-73.879971
J..S12R,373,40.681410,-73.880039
J..S12R,374,40.679947,-73.884639
J..S12R,375,40.678375,-73.889574
J..S12R,376,40.678365,-73.889604
J..S12R,377,40.678356,-73.889634
J..S12R,378,40.678348,-73.889663
J..S12R,379,40.678340,-73.889692
J..S12R,380,40.678332,-73.889720
J..S12R,381,40.678325,-73.889748
J..S12R,382,40.678318,-73.889776
J..S12R,383,40.678312,-73.889802
J..S12R,384,40.678306,-73.889829
J..S12R,385,40.678301,-73.889855
J..S12R,386,40.678296,-73.889880
J..S12R,387,40.678291,-73.889905
J..S12R,388,40.678288,-73.889930
J..S12R,389,40.678284,-73.889953
J..S12R,390,40.678281,-73.889977
J..S12R,391,40.678024,-73.891688
J..S12R,392,40.676992,-73.898654
J..S12R,393,40.676860,-73.899559
J..S12R,394,40.676853,-73.899609
J..S12R,395,40.676849,-73.899658
J..S12R,396,40.676847,-73.899708
J..S12R,397,40.676847,-73.899757
J..S12R,398,40.676849,-73.899806
J..S12R,399,40.676854,-73.899854
J..S12R,400,40.676861,-73.899903
J..S12R,401,40.676871,-73.899951
J..S12R,402,40.676883,-73.899999
J..S12R,403,40.676897,-73.900047
J..S12R,404,40.676914,-73.900095
J..S12R,405,40.676933,-73.900142
J..S12R,406,40.676954,-73.900189
J..S12R,407,40.676978,-73.900236
J..S12R,408,40.677004,-73.900282
J..S12R,409,40.679498,-73.904512
J..S12R,410,40.682893,-73.910456
J..S12R,411,40.686370,-73.916559
J..S12R,412,40.689630,-73.922270
J..S12R,413,40.693342,-73.928814
J..S12R,414,40.696654,-73.934679
J..S12R,415,40.697207,-73.935657
J..S12R,416,40.700260,-73.941126
J..S12R,417,40.700727,-73.941937
J..S12R,418,40.700751,-73.941977
J..S12R,419,40.700775,-73.942018
J..S12R,420,40.700799,-73.942058
J..S12R,421,40.700824,-73.942099
J..S12R,422,40.700848,-73.942139
J..S12R,423,40.700873,-73.942179
J..S12R,424,40.700898,-73.942219
J..S12R,425,40.700922,-73.942259
J..S12R,426,40.700948,-73.942299
J..S12R,427,40.700973,-73.942339
J..S12R,428,40.700998,-73.942379
J..S12R,429,40.701024,-73.942418
J..S12R,430,40.701049,-73.942458
J..S12R,431,40.701075,-73.942497
J..S12R,432,40.701101,-73.942537
J..S12R,433,40.701127,-73.942575
J..S12R,434,40.701153,-73.942614
J..S12R,435,40.701178,-73.942652
J..S12R,436,40.701203,-73.942691
J..S12R,437,40.701229,-73.942730
J..S12R,438,40.701254,-73.942770
J..S12R,439,40.701279,-73.942809
J..S12R,440,40.701303,-73.942849
J..S12R,441,40.701328,-73.942889
J..S12R,442,40.701352,-73.942929
J..S12R,443,40.701377,-73.942969
J..S12R,444,40.701401,-73.943010
J..S12R,445,40.701425,-73.943051
J..S12R,446,40.701448,-73.943092
J..S12R,447,40.701472,-73.943133
J..S12R,448,40.703869,-73.947408
J..S12R,449,40.706102,-73.951411
J..S12R,450,40.706126,-73.951455
J..S12R,451,40.706149,-73.951499
J..S12R,452,40.706172,-73.951543
J..S12R,453,40.706194,-73.951587
J..S12R,454,40.706216,-73.951632
J..S12R,455,40.706237,-73.951676
J..S12R,456,40.706258,-73.951721
J..S12R,457,40.706278,-73.951765
J..S12R,458,40.706298,-73.951810
J..S12R,459,40.706317,-73.951855
J..S12R,460,40.706336,-73.951900
J..S12R,461,40.706354,-73.951945
J..S12R,462,40.706372,-73.951990
J..S12R,463,40.706389,-73.952036
J..S12R,464,40.706406,-73.952081
J..S12R,465,40.706870,-73.953431
J..S12R,466,40.708359,-73.957757
J..S12R,467,40.708850,-73.959184
J..S12R,468,40.708861,-73.959210
J..S12R,469,40.708871,-73.959236
J..S12R,470,40.708882,-73.959260
J..S12R,471,40.708894,-73.959285
J..S12R,472,40.708905,-73.959308
J..S12R,473,40.708917,-73.959331
J..S12R,474,40.708929,-73.959353
J..S12R,475,40.708941,-73.959375
J..S12R,476,40.708954,-73.959396
J..S12R,477,40.708966,-73.959416
J..S12R,478,40.708979,-73.959435
J..S12R,479,40.708992,-73.959454
J..S12R,480,40.709006,-73.959472
J..S12R,481,40.709019,-73.959490
J..S12R,482,40.709033,-73.959507
J..S12R,483,40.710006,-73.960708
J..S12R,484,40.710027,-73.960736
J..S12R,485,40.710047,-73.960764
J..S12R,486,40.710066,-73.960793
J..S12R,487,40.710085,-73.960823
J..S12R,488,40.710103,-73.960853
J..S12R,489,40.710121,-73.960884
J..S12R,490,40.710138,-73.960915
J..S12R,491,40.710154,-73.960947
J..S12R,492,40.710170,-73.960979
J..S12R,493,40.710185,-73.961012
J..S12R,494,40.710199,-73.961046
J..S12R,495,40.710213,-73.961080
J..S12R,496,40.710226,-73.961115
J..S12R,497,40.710239,-73.961150
J..S12R,498,40.710251,-73.961186
J..S12R,499,40.715626,-73.978898
J..S12R,500,40.717289,-73.984387
J..S12R,501,40.717304,-73.984437
J..S12R,502,40.717319,-73.984487
J..S12R,503,40.717335,-73.984537
J..S12R,504,40.717352,-73.984587
J..S12R,505,40.717368,-73.984638
J..S12R,506,40.717385,-73.984689
J..S12R,507,40.717403,-73.984739
J..S12R,508,40.717421,-73.984791
J..S12R,509,40.717439,-73.984842
J..S12R,510,40.717458,-73.984893
J..S12R,511,40.717478,-73.984945
J..S12R,512,40.717497,-73.984997
J..S12R,513,40.717517,-73.985049
J..S12R,514,40.717538,-73.985101
J..S12R,515,40.717559,-73.985153
J..S12R,516,40.717615,-73.985293
J..S12R,517,40.717631,-73.985332
J..S12R,518,40.717647,-73.985373
J..S12R,519,40.717663,-73.985414
J..S12R,520,40.717679,-73.985456
J..S12R,521,40.717695,-73.985499
J..S12R,522,40.717711,-73.985543
J..S12R,523,40.717728,-73.985588
J..S12R,524,40.717744,-73.985634
J..S12R,525,40.717761,-73.985681
J..S12R,526,40.717777,-73.985729
J..S12R,527,40.717794,-73.985778
J..S12R,528,40.717811,-73.985827
J..S12R,529,40.717827,-73.985878
J..S12R,530,40.717844,-73.985929
J..S12R,531,40.717861,-73.985982
J..S12R,532,40.718315,-73.987437
J..S12R,533,40.719363,-73.990892
J..S12R,534,40.720280,-73.993915
J..S12R,535,40.721196,-73.996655
J..S12R,536,40.721214,-73.996728
J..S12R,537,40.721228,-73.996800
J..S12R,538,40.721236,-73.996869
J..S12R,539,40.721239,-73.996936
J..S12R,540,40.721238,-73.997001
J..S12R,541,40.721231,-73.997064
J..S12R,542,40.721219,-73.997124
J..S12R,543,40.721202,-73.997183
J..S12R,544,40.721180,-73.997240
J..S12R,545,40.721153,-73.997294
J..S12R,546,40.721120,-73.997346
J..S12R,547,40.721083,-73.997396
J..S12R,548,40.721041,-73.997444
J..S12R,549,40.720993,-73.997490
J..S12R,550,40.720941,-73.997534
J..S12R,551,40.719273,-73.998940
J..S12R,552,40.719252,-73.998958
J..S12R,553,40.719230,-73.998976
J..S12R,554,40.719209,-73.998994
J..S12R,555,40.719187,-73.999012
J..S12R,556,40.719166,-73.999030
J..S12R,557,40.719144,-73.999048
J..S12R,558,40.719123,-73.999066
J..S12R,559,40.719101,-73.999084
J..S12R,560,40.719080,-73.999102
J..S12R,561,40.719058,-73.999120
J..S12R,562,40.719036,-73.999137
J..S12R,563,40.719014,-73.999155
J..S12R,564,40.718993,-73.999173
J..S12R,565,40.718971,-73.999190
J..S12R,566,40.718949,-73.999208
J..S12R,567,40.718092,-73.999892
J..S12R,568,40.717570,-74.000320
J..S12R,569,40.717535,-74.000348
J..S12R,570,40.717501,-74.000375
J..S12R,571,40.717468,-74.000402
J..S12R,572,40.717434,-74.000428
J..S12R,573,40.717402,-74.000454
J..S12R,574,40.717370,-74.000479
J..S12R,575,40.717338,-74.000504
J..S12R,576,40.717306,-74.000528
J..S12R,577,40.717276,-74.000552
J..S12R,578,40.717245,-74.000576
J..S12R,579,40.717215,-74.000599
J..S12R,580,40.717186,-74.000621
J..S12R,581,40.717157,-74.000643
J..S12R,582,40.717128,-74.000665
J..S12R,583,40.717100,-74.000686
J..S12R,584,40.714666,-74.002475
J..S12R,585,40.714631,-74.002502
J..S12R,586,40.714596,-74.002528
J..S12R,587,40.714561,-74.002554
J..S12R,588,40.714526,-74.002579
J..S12R,589,40.714491,-74.002604
J..S12R,590,40.714456,-74.002629
J..S12R,591,40.714421,-74.002653
J..S12R,592,40.714386,-74.002677
J..S12R,593,40.714351,-74.002700
J..S12R,594,40.714316,-74.002723
J..S12R,595,40.714281,-74.002746
J..S12R,596,40.714246,-74.002768
J..S12R,597,40.714211,-74.002790
J..S12R,598,40.714176,-74.002811
J..S12R,599,40.714141,-74.002832
J..S12R,600,40.713243,-74.003401
J..S12R,601,40.712622,-74.003802
J..S12R,602,40.712588,-74.003825
J..S12R,603,40.712554,-74.003853
J..S12R,604,40.712522,-74.003883
J..S12R,605,40.712492,-74.003916
J..S12R,606,40.712464,-74.003952
J..S12R,607,40.712437,-74.003990
J..S12R,608,40.712412,-74.004031
J..S12R,609,40.712389,-74.004074
J..S12R,610,40.712367,-74.004120
J..S12R,611,40.712347,-74.004168
J..S12R,612,40.712329,-74.004220
J..S12R,613,40.712313,-74.004273
J..S12R,614,40.712298,-74.004330
J..S12R,615,40.712285,-74.004388
J..S12R,616,40.712274,-74.004450
J..S12R,617,40.712242,-74.004682
J..S12R,618,40.712234,-74.004737
J..S12R,619,40.712225,-74.004791
J..S12R,620,40.712215,-74.004844
J..S12R,621,40.712203,-74.004896
J..S12R,622,40.712191,-74.004947
J..S12R,623,40.712177,-74.004997
J..S12R,624,40.712163,-74.005047
J..S12R,625,40.712147,-74.005095
J..S12R,626,40.712130,-74.005143
J..S12R,627,40.712112,-74.005190
J..S12R,628,40.712093,-74.005235
J..S12R,629,40.712073,-74.005280
J..S12R,630,40.712052,-74.005324
J..S12R,631,40.712029,-74.005368
J..S12R,632,40.712006,-74.005410
J..S12R,633,40.710784,-74.007108
J..S12R,634,40.710768,-74.007131
J..S12R,635,40.710750,-74.007156
J..S12R,636,40.710731,-74.007182
J..S12R,637,40.710710,-74.007209
J..S12R,638,40.710687,-74.007237
J..S12R,639,40.710663,-74.007266
J..S12R,640,40.710637,-74.007296
J..S12R,641,40.710610,-74.007328
J..S12R,642,40.710581,-74.007361
J..S12R,643,40.710551,-74.007395
J..S12R,644,40.710519,-74.007430
J..S12R,645,40.710485,-74.007466
J..S12R,646,40.710449,-74.007504
J..S12R,647,40.710413,-74.007542
J..S12R,648,40.710374,-74.007582
J..S12R,649,40.710359,-74.007599
J..S12R,650,40.710343,-74.007617
J..S12R,651,40.710325,-74.007636
J..S12R,652,40.710307,-74.007656
J..S12R,653,40.710287,-74.007677
J..S12R,654,40.710266,-74.007698
J..S12R,655,40.710244,-74.007721
J..S12R,656,40.710220,-74.007745
J..S12R,657,40.710196,-74.007770
J..S12R,658,40.710170,-74.007795
J..S12R,659,40.710143,-74.007822
J..S12R,660,40.710115,-74.007850
J..S12R,661,40.710085,-74.007878
J..S12R,662,40.710055,-74.007908
J..S12R,663,40.710023,-74.007938
J..S12R,664,40.709218,-74.008720
J..S12R,665,40.709192,-74.008746
J..S12R,666,40.709166,-74.008771
J..S12R,667,40.709141,-74.008795
J..S12R,668,40.709118,-74.008819
J..S12R,669,40.709095,-74.008842
J..S12R,670,40.709072,-74.008865
J..S12R,671,40.709051,-74.008887
J..S12R,672,40.709031,-74.008909
J..S12R,673,40.709011,-74.008930
J..S12R,674,40.708993,-74.008950
J..S12R,675,40.708975,-74.008970
J..S12R,676,40.708958,-74.008989
J..S12R,677,40.708942,-74.009008
J..S12R,678,40.708927,-74.009026
J..S12R,679,40.708913,-74.009043
J..S12R,680,40.708768,-74.009209
J..S12R,681,40.708748,-74.009231
J..S12R,682,40.708727,-74.009254
J..S12R,683,40.708706,-74.009276
J..S12R,684,40.708684,-74.009299
J..S12R,685,40.708661,-74.009323
J..S12R,686,40.708638,-74.009346
J..S12R,687,40.708614,-74.009370
J..S12R,688,40.708590,-74.009394
J..S12R,689,40.708564,-74.009419
J..S12R,690,40.708538,-74.009443
J..S12R,691,40.708512,-74.009468
J..S12R,692,40.708485,-74.009493
J..S12R,693,40.708457,-74.009519
J..S12R,694,40.708428,-74.009545
J..S12R,695,40.708399,-74.009571
J..S12R,696,40.707526,-74.010360
J..S12R,697,40.707497,-74.010385
J..S12R,698,40.707469,-74.010409
J..S12R,699,40.707439,-74.010433
J..S12R,700,40.707439,-74.010433
J..S12R,701,40.707410,-74.010457
J..S12R,702,40.707380,-74.010480
J..S12R,703,40.707350,-74.010503
J..S12R,704,40.707320,-74.010526
J..S12R,705,40.707290,-74.010548
J..S12R,706,40.707259,-74.010570
J..S12R,707,40.707228,-74.010591
J..S12R,708,40.707197,-74.010612
J..S12R,709,40.707165,-74.010633
J..S12R,710,40.707133,-74.010653
J..S12R,711,40.707101,-74.010673
J..S12R,712,40.707069,-74.010692
J..S12R,713,40.706476,-74.011056
L..N01R,0,40.646654,-73.901850
L..N01R,1,40.650573,-73.899485
L..N01R,2,40.652568,-73.898278
L..N01R,3,40.652675,-73.898222
L..N01R,4,40.652781,-73.898172
L..N01R,5,40.652889,-73.898128
L..N01R,6,40.652997,-73.898091
L..N01R,7,40.653106,-73.898059
L..N01R,8,40.653217,-73.898033
L..N01R,9,40.653328,-73.898014
L..N01R,10,40.653440,-73.898000
L..N01R,11,40.653553,-73.897992
L..N01R,12,40.653668,-73.897991
L..N01R,13,40.653783,-73.897995
L..N01R,14,40.653899,-73.898006
L..N01R,15,40.654016,-73.898023
L..N01R,16,40.654134,-73.898045
L..N01R,17,40.654252,-73.898074
L..N01R,18,40.658733,-73.899232
L..N01R,19,40.664038,-73.900571
L..N01R,20,40.669367,-73.901975
L..N01R,21,40.670703,-73.902310
L..N01R,22,40.670726,-73.902314
L..N01R,23,40.670751,-73.902319
L..N01R,24,40.670775,-73.902326
L..N01R,25,40.670800,-73.902333
L..N01R,26,40.670825,-73.902340
L..N01R,27,40.670850,-73.902349
L..N01R,28,40.670875,-73.902358
L..N01R,29,40.670901,-73.902368
L..N01R,30,40.670927,-73.902379
L..N01R,31,40.670952,-73.902390
L..N01R,32,40.670979,-73.902402
L..N01R,33,40.671005,-73.902415
L..N01R,34,40.671031,-73.902429
L..N01R,35,40.671058,-73.902443
L..N01R,36,40.671085,-73.902458
L..N01R,37,40.671106,-73.902470
L..N01R,38,40.671127,-73.902481
L..N01R,39,40.671149,-73.902492
L..N01R,40,40.671171,-73.902503
L..N01R,41,40.671194,-73.902513
L..N01R,42,40.671218,-73.902523
L..N01R,43,40.671242,-73.902533
L..N01R,44,40.671266,-73.902543
L..N01R,45,40.671292,-73.902552
L..N01R,46,40.671317,-73.902561
L..N01R,47,40.671344,-73.902569
L..N01R,48,40.671371,-73.902577
L..N01R,49,40.671398,-73.902585
L..N01R,50,40.671426,-73.902593
L..N01R,51,40.671455,-73.902599
L..N01R,52,40.674099,-73.903274
L..N01R,53,40.674137,-73.903283
L..N01R,54,40.674175,-73.903290
L..N01R,55,40.674212,-73.903297
L..N01R,56,40.674249,-73.903302
L..N01R,57,40.674286,-73.903306
L..N01R,58,40.674323,-73.903309
L..N01R,59,40.674359,-73.903311
L..N01R,60,40.674395,-73.903311
L..N01R,61,40.674431,-73.903311
L..N01R,62,40.674467,-73.903309
L..N01R,63,40.674502,-73.903306
L..N01R,64,40.674537,-73.903302
L..N01R,65,40.674572,-73.903297
L..N01R,66,40.674607,-73.903290
L..N01R,67,40.674641,-73.903283
L..N01R,68,40.675345,-73.903097
L..N01R,69,40.676067,-73.902906
L..N01R,70,40.676085,-73.902901
L..N01R,71,40.676102,-73.902897
L..N01R,72,40.676120,-73.902893
L..N01R,73,40.676138,-73.902889
L..N01R,74,40.676156,-73.902886
L..N01R,75,40.676173,-73.902882
L..N01R,76,40.676191,-73.902879
L..N01R,77,40.676209,-73.902877
L..N01R,78,40.676227,-73.902874
L..N01R,79,40.676245,-73.902872
L..N01R,80,40.676262,-73.902870
L..N01R,81,40.676280,-73.902868
L..N01R,82,40.676298,-73.902867
L..N01R,83,40.676316,-73.902866
L..N01R,84,40.676334,-73.902865
L..N01R,85,40.677009,-73.902810
L..N01R,86,40.677058,-73.902807
L..N01R,87,40.677106,-73.902805
L..N01R,88,40.677154,-73.902803
L..N01R,89,40.677202,-73.902803
L..N01R,90,40.677249,-73.902805
L..N01R,91,40.677296,-73.902807
L..N01R,92,40.677343,-73.902811
L..N01R,93,40.677389,-73.902816
L..N01R,94,40.677435,-73.902822
L..N01R,95,40.677480,-73.902829
L..N01R,96,40.677525,-73.902838
L..N01R,97,40.677570,-73.902848
L..N01R,98,40.677614,-73.902859
L..N01R,99,40.677658,-73.902871
L..N01R,100,40.677701,-73.902886
L..N01R,101,40.678856,-73.903240
L..N01R,102,40.680764,-73.903846
L..N01R,103,40.680842,-73.903881
L..N01R,104,40.680919,-73.903918
L..N01R,105,40.680995,-73.903957
L..N01R,106,40.681070,-73.903998
L..N01R,107,40.681144,-73.904040
L..N01R,108,40.681216,-73.904084
L..N01R,109,40.681288,-73.904130
L..N01R,110,40.681358,-73.904178
L..N01R,111,40.681427,-73.904228
L..N01R,112,40.681495,-73.904279
L..N01R,113,40.681562,-73.904333
L..N01R,114,40.681627,-73.904388
L..N01R,115,40.681692,-73.904445
L..N01R,116,40.681755,-73.904503
L..N01R,117,40.681817,-73.904564
L..N01R,118,40.681858,-73.904605
L..N01R,119,40.681901,-73.904647
L..N01R,120,40.681949,-73.904690
L..N01R,121,40.682000,-73.904733
L..N01R,122,40.682056,-73.904777
L..N01R,123,40.682115,-73.904821
L..N01R,124,40.682179,-73.904866
L..N01R,125,40.682246,-73.904912
L..N01R,126,40.682318,-73.904958
L..N01R,127,40.682393,-73.905005
L..N01R,128,40.682472,-73.905053
L..N01R,129,40.682555,-73.905101
L..N01R,130,40.682643,-73.905150
L..N01R,131,40.682734,-73.905199
L..N01R,132,40.682829,-73.905249
L..N01R,133,40.682948,-73.905316
L..N01R,134,40.683067,-73.905377
L..N01R,135,40.683187,-73.905434
L..N01R,136,40.683307,-73.905486
L..N01R,137,40.683429,-73.905534
L..N01R,138,40.683552,-73.905577
L..N01R,139,40.683676,-73.905616
L..N01R,140,40.683801,-73.905651
L..N01R,141,40.683927,-73.905680
L..N01R,142,40.684054,-73.905706
L..N01R,143,40.684182,-73.905727
L..N01R,144,40.684311,-73.905743
L..N01R,145,40.684441,-73.905755
L..N01R,146,40.684573,-73.905762
L..N01R,147,40.684707,-73.905764
L..N01R,148,40.685684,-73.905647
L..N01R,149,40.685878,-73.905611
L..N01R,150,40.686067,-73.905574
L..N01R,151,40.686248,-73.905533
L..N01R,152,40.686422,-73.905488
L..N01R,153,40.686590,-73.905441
L..N01R,154,40.686750,-73.905391
L..N01R,155,40.686903,-73.905337
L..N01R,156,40.687049,-73.905280
L..N01R,157,40.687188,-73.905220
L..N01R,158,40.687321,-73.905157
L..N01R,159,40.687446,-73.905091
L..N01R,160,40.687564,-73.905021
L..N01R,161,40.687675,-73.904949
L..N01R,162,40.687779,-73.904873
L..N01R,163,40.687875,-73.904794
L..N01R,164,40.688764,-73.904046
L..N01R,165,40.689721,-73.903233
L..N01R,166,40.689768,-73.903193
L..N01R,167,40.689815,-73.903152
L..N01R,168,40.689863,-73.903110
L..N01R,169,40.689911,-73.903067
L..N01R,170,40.689960,-73.903023
L..N01R,171,40.690010,-73.902977
L..N01R,172,40.690060,-73.902931
L..N01R,173,40.690110,-73.902883
L..N01R,174,40.690162,-73.902834
L..N01R,175,40.690214,-73.902784
L..N01R,176,40.690266,-73.902733
L..N01R,177,40.690319,-73.902680
L..N01R,178,40.690373,-73.902627
L..N01R,179,40.690427,-73.902572
L..N01R,180,40.690482,-73.902516
L..N01R,181,40.690576,-73.902420
L..N01R,182,40.690671,-73.902326
L..N01R,183,40.690766,-73.902232
L..N01R,184,40.690860,-73.902140
L..N01R,185,40.690955,-73.902048
L..N01R,186,40.691049,-73.901958
L..N01R,187,40.691144,-73.901868
L..N01R,188,40.691238,-73.901780
L..N01R,189,40.691332,-73.901693
L..N01R,190,40.691427,-73.901606
L..N01R,191,40.691521,-73.901521
L..N01R,192,40.691615,-73.901437
L..N01R,193,40.691708,-73.901354
L..N01R,194,40.691802,-73.901272
L..N01R,195,40.691895,-73.901191
L..N01R,196,40.692066,-73.901083
L..N01R,197,40.692234,-73.900993
L..N01R,198,40.692397,-73.900921
L..N01R,199,40.692557,-73.900868
L..N01R,200,40.692712,-73.900833
L..N01R,201,40.692864,-73.900817
L..N01R,202,40.693012,-73.900819
L..N01R,203,40.693155,-73.900840
L..N01R,204,40.693295,-73.900879
L..N01R,205,40.693431,-73.900937
L..N01R,206,40.693564,-73.901013
L..N01R,207,40.693692,-73.901108
L..N01R,208,40.693816,-73.901221
L..N01R,209,40.693937,-73.901353
L..N01R,210,40.694054,-73.901504
L..N01R,211,40.694559,-73.902304
L..N01R,212,40.694585,-73.902342
L..N01R,213,40.694610,-73.902381
L..N01R,214,40.694637,-73.902421
L..N01R,215,40.694663,-73.902462
L..N01R,216,40.694690,-73.902504
L..N01R,217,40.694717,-73.902547
L..N01R,218,40.694745,-73.902591
L..N01R,219,40.694773,-73.902637
L..N01R,220,40.694801,-73.902683
L..N01R,221,40.694830,-73.902730
L..N01R,222,40.694859,-73.902779
L..N01R,223,40.694889,-73.902828
L..N01R,224,40.694918,-73.902879
L..N01R,225,40.694949,-73.902930
L..N01R,226,40.694979,-73.902984
L..N01R,227,40.695602,-73.904084
L..N01R,228,40.699814,-73.911586
L..N01R,229,40.701432,-73.914513
L..N01R,230,40.701485,-73.914610
L..N01R,231,40.701538,-73.914707
L..N01R,232,40.701592,-73.914803
L..N01R,233,40.701646,-73.914900
L..N01R,234,40.701700,-73.914997
L..N01R,235,40.701756,-73.915093
L..N01R,236,40.701811,-73.915190
L..N01R,237,40.701867,-73.915286
L..N01R,238,40.701924,-73.915383
L..N01R,239,40.701980,-73.915479
L..N01R,240,40.702038,-73.915576
L..N01R,241,40.702096,-73.915672
L..N01R,242,40.702154,-73.915768
L..N01R,243,40.702213,-73.915865
L..N01R,244,40.702272,-73.915962
L..N01R,245,40.703811,-73.918425
L..N01R,246,40.706607,-73.922913
L..N01R,247,40.707150,-73.923782
L..N01R,248,40.707200,-73.923874
L..N01R,249,40.707246,-73.923966
L..N01R,250,40.707287,-73.924059
L..N01R,251,40.707324,-73.924153
L..N01R,252,40.707357,-73.924248
L..N01R,253,40.707385,-73.924343
L..N01R,254,40.707409,-73.924439
L..N01R,255,40.707428,-73.924535
L..N01R,256,40.707443,-73.924633
L..N01R,257,40.707453,-73.924731
L..N01R,258,40.707459,-73.924829
L..N01R,259,40.707460,-73.924929
L..N01R,260,40.707457,-73.925029
L..N01R,261,40.707449,-73.925130
L..N01R,262,40.707436,-73.925230
L..N01R,263,40.706152,-73.933147
L..N01R,264,40.706094,-73.933513
L..N01R,265,40.706084,-73.933579
L..N01R,266,40.706075,-73.933645
L..N01R,267,40.706067,-73.933712
L..N01R,268,40.706059,-73.933780
L..N01R,269,40.706053,-73.933848
L..N01R,270,40.706047,-73.933918
L..N01R,271,40.706042,-73.933988
L..N01R,272,40.706038,-73.934059
L..N01R,273,40.706035,-73.934130
L..N01R,274,40.706033,-73.934203
L..N01R,275,40.706032,-73.934276
L..N01R,276,40.706031,-73.934350
L..N01R,277,40.706032,-73.934424
L..N01R,278,40.706033,-73.934500
L..N01R,279,40.706036,-73.934576
L..N01R,280,40.706038,-73.934646
L..N01R,281,40.706040,-73.934715
L..N01R,282,40.706041,-73.934785
L..N01R,283,40.706042,-73.934856
L..N01R,284,40.706041,-73.934926
L..N01R,285,40.706039,-73.934997
L..N01R,286,40.706037,-73.935068
L..N01R,287,40.706033,-73.935139
L..N01R,288,40.706029,-73.935210
L..N01R,289,40.706023,-73.935281
L..N01R,290,40.706017,-73.935353
L..N01R,291,40.706009,-73.935424
L..N01R,292,40.706001,-73.935496
L..N01R,293,40.705991,-73.935569
L..N01R,294,40.705981,-73.935640
L..N01R,295,40.705534,-73.937953
L..N01R,296,40.705505,-73.938143
L..N01R,297,40.705488,-73.938322
L..N01R,298,40.705485,-73.938491
L..N01R,299,40.705495,-73.938648
L..N01R,300,40.705518,-73.938794
L..N01R,301,40.705554,-73.938929
L..N01R,302,40.705604,-73.939053
L..N01R,303,40.705667,-73.939166
L..N01R,304,40.705743,-73.939268
L..N01R,305,40.705833,-73.939358
L..N01R,306,40.705936,-73.939437
L..N01R,307,40.706052,-73.939505
L..N01R,308,40.706181,-73.939562
L..N01R,309,40.706324,-73.939608
L..N01R,310,40.706480,-73.939643
L..N01R,311,40.707739,-73.939850
L..N01R,312,40.711087,-73.940407
L..N01R,313,40.711140,-73.940415
L..N01R,314,40.711193,-73.940424
L..N01R,315,40.711246,-73.940434
L..N01R,316,40.711300,-73.940446
L..N01R,317,40.711355,-73.940459
L..N01R,318,40.711410,-73.940474
L..N01R,319,40.711465,-73.940490
L..N01R,320,40.711521,-73.940508
L..N01R,321,40.711577,-73.940527
L..N01R,322,40.711634,-73.940547
L..N01R,323,40.711691,-73.940569
L..N01R,324,40.711749,-73.940593
L..N01R,325,40.711807,-73.940617
L..N01R,326,40.711866,-73.940643
L..N01R,327,40.711926,-73.940670
L..N01R,328,40.714383,-73.941905
L..N01R,329,40.714429,-73.941928
L..N01R,330,40.714472,-73.941954
L..N01R,331,40.714511,-73.941983
L..N01R,332,40.714547,-73.942015
L..N01R,333,40.714579,-73.942050
L..N01R,334,40.714607,-73.942089
L..N01R,335,40.714632,-73.942131
L..N01R,336,40.714653,-73.942176
L..N01R,337,40.714671,-73.942224
L..N01R,338,40.714685,-73.942276
L..N01R,339,40.714695,-73.942331
L..N01R,340,40.714702,-73.942389
L..N01R,341,40.714705,-73.942450
L..N01R,342,40.714704,-73.942515
L..N01R,343,40.714700,-73.942584
L..N01R,344,40.714565,-73.944053
L..N01R,345,40.714136,-73.948550
L..N01R,346,40.714124,-73.948667
L..N01R,347,40.714113,-73.948784
L..N01R,348,40.714103,-73.948900
L..N01R,349,40.714094,-73.949017
L..N01R,350,40.714086,-73.949133
L..N01R,351,40.714079,-73.949248
L..N01R,352,40.714073,-73.949363
L..N01R,353,40.714068,-73.949478
L..N01R,354,40.714064,-73.949593
L..N01R,355,40.714061,-73.949708
L..N01R,356,40.714059,-73.949822
L..N01R,357,40.714058,-73.949935
L..N01R,358,40.714058,-73.950049
L..N01R,359,40.714060,-73.950162
L..N01R,360,40.714063,-73.950275
L..N01R,361,40.714065,-73.951068
L..N01R,362,40.714065,-73.951146
L..N01R,363,40.714068,-73.951222
L..N01R,364,40.714074,-73.951298
L..N01R,365,40.714083,-73.951373
L..N01R,366,40.714094,-73.951447
L..N01R,367,40.714108,-73.951520
L..N01R,368,40.714125,-73.951592
L..N01R,369,40.714145,-73.951664
L..N01R,370,40.714168,-73.951734
L..N01R,371,40.714193,-73.951803
L..N01R,372,40.714221,-73.951872
L..N01R,373,40.714252,-73.951940
L..N01R,374,40.714286,-73.952006
L..N01R,375,40.714323,-73.952072
L..N01R,376,40.714362,-73.952137
L..N01R,377,40.717304,-73.956872
L..N01R,378,40.726957,-73.972376
L..N01R,379,40.726990,-73.972429
L..N01R,380,40.727022,-73.972484
L..N01R,381,40.727055,-73.972540
L..N01R,382,40.727089,-73.972599
L..N01R,383,40.727122,-73.972660
L..N01R,384,40.727156,-73.972723
L..N01R,385,40.727190,-73.972788
L..N01R,386,40.727224,-73.972855
L..N01R,387,40.727259,-73.972924
L..N01R,388,40.727293,-73.972994
L..N01R,389,40.727328,-73.973067
L..N01R,390,40.727364,-73.973142
L..N01R,391,40.727399,-73.973219
L..N01R,392,40.727435,-73.973298
L..N01R,393,40.727471,-73.973379
L..N01R,394,40.730953,-73.981628
L..N01R,395,40.732849,-73.986122
L..N01R,396,40.734789,-73.990730
L..N01R,397,40.737335,-73.996786
L..N01R,398,40.739777,-74.002578
M..N24R,0,40.711396,-73.889601
M..N24R,1,40.711330,-73.889632
M..N24R,2,40.711264,-73.889662
M..N24R,3,40.711201,-73.889690
M..N24R,4,40.711139,-73.889717
M..N24R,5,40.711079,-73.889743
M..N24R,6,40.711022,-73.889767
M..N24R,7,40.710966,-73.889789
M..N24R,8,40.710912,-73.889810
M..N24R,9,40.710861,-73.889830
M..N24R,10,40.710811,-73.889848
M..N24R,11,40.710763,-73.889864
M..N24R,12,40.710717,-73.889879
M..N24R,13,40.710673,-73.889892
M..N24R,14,40.710631,-73.889904
M..N24R,15,40.710591,-73.889915
M..N24R,16,40.710579,-73.889918
M..N24R,17,40.710567,-73.889920
M..N24R,18,40.710555,-73.889923
M..N24R,19,40.710544,-73.889926
M..N24R,20,40.710532,-73.889928
M..N24R,21,40.710520,-73.889930
M..N24R,22,40.710508,-73.889933
M..N24R,23,40.710496,-73.889935
M..N24R,24,40.710484,-73.889937
M..N24R,25,40.710472,-73.889940
M..N24R,26,40.710460,-73.889942
M..N24R,27,40.710449,-73.889944
M..N24R,28,40.710437,-73.889946
M..N24R,29,40.710425,-73.889948
M..N24R,30,40.710413,-73.889950
M..N24R,31,40.710401,-73.889952
M..N24R,32,40.710389,-73.889954
M..N24R,33,40.710376,-73.889956
M..N24R,34,40.710364,-73.889959
M..N24R,35,40.710352,-73.889961
M..N24R,36,40.710340,-73.889964
M..N24R,37,40.710328,-73.889967
M..N24R,38,40.710316,-73.889969
M..N24R,39,40.710304,-73.889972
M..N24R,40,40.710292,-73.889975
M..N24R,41,40.710280,-73.889978
M..N24R,42,40.710268,-73.889982
M..N24R,43,40.710257,-73.889985
M..N24R,44,40.710245,-73.889988
M..N24R,45,40.710233,-73.889992
M..N24R,46,40.709900,-73.890083
M..N24R,47,40.709866,-73.890093
M..N24R,48,40.709831,-73.890103
M..N24R,49,40.709797,-73.890115
M..N24R,50,40.709763,-73.890127
M..N24R,51,40.709729,-73.890141
M..N24R,52,40.709695,-73.890156
M..N24R,53,40.709661,-73.890172
M..N24R,54,40.709627,-73.890190
M..N24R,55,40.709594,-73.890208
M..N24R,56,40.709560,-73.890228
M..N24R,57,40.709527,-73.890249
M..N24R,58,40.709493,-73.890271
M..N24R,59,40.709460,-73.890295
M..N24R,60,40.709427,-73.890319
M..N24R,61,40.709394,-73.890345
M..N24R,62,40.707479,-73.892109
M..N24R,63,40.707419,-73.892172
M..N24R,64,40.707361,-73.892237
M..N24R,65,40.707306,-73.892304
M..N24R,66,40.707254,-73.892373
M..N24R,67,40.707203,-73.892444
M..N24R,68,40.707155,-73.892517
M..N24R,69,40.707110,-73.892592
M..N24R,70,40.707067,-73.892670
M..N24R,71,40.707026,-73.892750
M..N24R,72,40.706988,-73.892831
M..N24R,73,40.706952,-73.892915
M..N24R,74,40.706919,-73.893001
M..N24R,75,40.706888,-73.893089
M..N24R,76,40.706859,-73.893180
M..N24R,77,40.706833,-73.893272
M..N24R,78,40.706186,-73.895877
M..N24R,79,40.704423,-73.903077
M..N24R,80,40.703548,-73.906656
M..N24R,81,40.703536,-73.906702
M..N24R,82,40.703523,-73.906748
M..N24R,83,40.703510,-73.906792
M..N24R,84,40.703495,-73.906834
M..N24R,85,40.703478,-73.906876
M..N24R,86,40.703461,-73.906916
M..N24R,87,40.703443,-73.906956
M..N24R,88,40.703423,-73.906994
M..N24R,89,40.703402,-73.907031
M..N24R,90,40.703381,-73.907067
M..N24R,91,40.703358,-73.907101
M..N24R,92,40.703334,-73.907135
M..N24R,93,40.703309,-73.907167
M..N24R,94,40.703282,-73.907198
M..N24R,95,40.703255,-73.907228
M..N24R,96,40.702762,-73.907740
M..N24R,97,40.699825,-73.910743
M..N24R,98,40.699792,-73.910780
M..N24R,99,40.699761,-73.910819
M..N24R,100,40.699732,-73.910858
M..N24R,101,40.699705,-73.910898
M..N24R,102,40.699680,-73.910940
M..N24R,103,40.699656,-73.910983
M..N24R,104,40.699634,-73.911027
M..N24R,105,40.699614,-73.911072
M..N24R,106,40.699596,-73.911118
M..N24R,107,40.699580,-73.911165
M..N24R,108,40.699565,-73.911213
M..N24R,109,40.699553,-73.911262
M..N24R,110,40.699542,-73.911313
M..N24R,111,40.699533,-73.911364
M..N24R,112,40.699526,-73.911417
M..N24R,113,40.699430,-73.912385
M..N24R,114,40.698664,-73.919711
M..N24R,115,40.697857,-73.927397
M..N24R,116,40.697229,-73.933022
M..N24R,117,40.697223,-73.933060
M..N24R,118,40.697217,-73.933096
M..N24R,119,40.697209,-73.933131
M..N24R,120,40.697201,-73.933166
M..N24R,121,40.697191,-73.933199
M..N24R,122,40.697181,-73.933231
M..N24R,123,40.697169,-73.933262
M..N24R,124,40.697157,-73.933292
M..N24R,125,40.697143,-73.933321
M..N24R,126,40.697129,-73.933348
M..N24R,127,40.697113,-73.933375
M..N24R,128,40.697097,-73.933401
M..N24R,129,40.697080,-73.933425
M..N24R,130,40.697061,-73.933449
M..N24R,131,40.697042,-73.933471
M..N24R,132,40.696684,-73.933808
M..N24R,133,40.696649,-73.933853
M..N24R,134,40.696619,-73.933900
M..N24R,135,40.696593,-73.933949
M..N24R,136,40.696572,-73.933999
M..N24R,137,40.696556,-73.934052
M..N24R,138,40.696544,-73.934106
M..N24R,139,40.696538,-73.934162
M..N24R,140,40.696536,-73.934220
M..N24R,141,40.696538,-73.934280
M..N24R,142,40.696546,-73.934342
M..N24R,143,40.696558,-73.934405
M..N24R,144,40.696575,-73.934471
M..N24R,145,40.696597,-73.934538
M..N24R,146,40.696623,-73.934607
M..N24R,147,40.696654,-73.934679
M..N24R,148,40.697207,-73.935657
M..N24R,149,40.700260,-73.941126
M..N24R,150,40.700727,-73.941937
M..N24R,151,40.700751,-73.941977
M..N24R,152,40.700775,-73.942018
M..N24R,153,40.700799,-73.942058
M..N24R,154,40.700824,-73.942099
M..N24R,155,40.700848,-73.942139
M..N24R,156,40.700873,-73.942179
M..N24R,157,40.700898,-73.942219
M..N24R,158,40.700922,-73.942259
M..N24R,159,40.700948,-73.942299
M..N24R,160,40.700973,-73.942339
M..N24R,161,40.700998,-73.942379
M..N24R,162,40.701024,-73.942418
M..N24R,163,40.701049,-73.942458
M..N24R,164,40.701075,-73.942497
M..N24R,165,40.701101,-73.942537
M..N24R,166,40.701127,-73.942575
M..N24R,167,40.701153,-73.942614
M..N24R,168,40.701178,-73.942652
M..N24R,169,40.701203,-73.942691
M..N24R,170,40.701229,-73.942730
M..N24R,171,40.701254,-73.942770
M..N24R,172,40.701279,-73.942809
M..N24R,173,40.701303,-73.942849
M..N24R,174,40.701328,-73.942889
M..N24R,175,40.701352,-73.942929
M..N24R,176,40.701377,-73.942969
M..N24R,177,40.701401,-73.943010
M..N24R,178,40.701425,-73.943051
M..N24R,179,40.701448,-73.943092
M..N24R,180,40.701472,-73.943133
M..N24R,181,40.703869,-73.947408
M..N24R,182,40.706102,-73.951411
M..N24R,183,40.706126,-73.951455
M..N24R,184,40.706149,-73.951499
M..N24R,185,40.706172,-73.951543
M..N24R,186,40.706194,-73.951587
M..N24R,187,40.706216,-73.951632
M..N24R,188,40.706237,-73.951676
M..N24R,189,40.706258,-73.951721
M..N24R,190,40.706278,-73.951765
M..N24R,191,40.706298,-73.951810
M..N24R,192,40.706317,-73.951855
M..N24R,193,40.706336,-73.951900
M..N24R,194,40.706354,-73.951945
M..N24R,195,40.706372,-73.951990
M..N24R,196,40.706389,-73.952036
M..N24R,197,40.706406,-73.952081
M..N24R,198,40.706870,-73.953431
M..N24R,199,40.708359,-73.957757
M..N24R,200,40.708850,-73.959184
M..N24R,201,40.708861,-73.959210
M..N24R,202,40.708871,-73.959236
M..N24R,203,40.708882,-73.959260
M..N24R,204,40.708894,-73.959285
M..N24R,205,40.708905,-73.959308
M..N24R,206,40.708917,-73.959331
M..N24R,207,40.708929,-73.959353
M..N24R,208,40.708941,-73.959375
M..N24R,209,40.708954,-73.959396
M..N24R,210,40.708966,-73.959416
M..N24R,211,40.708979,-73.959435
M..N24R,212,40.708992,-73.959454
M..N24R,213,40.709006,-73.959472
M..N24R,214,40.709019,-73.959490
M..N24R,215,40.709033,-73.959507
M..N24R,216,40.710006,-73.960708
M..N24R,217,40.710027,-73.960736
M..N24R,218,40.710047,-73.960764
M..N24R,219,40.710066,-73.960793
M..N24R,220,40.710085,-73.960823
M..N24R,221,40.710103,-73.960853
M..N24R,222,40.710121,-73.960884
M..N24R,223,40.710138,-73.960915
M..N24R,224,40.710154,-73.960947
M..N24R,225,40.710170,-73.960979
M..N24R,226,40.710185,-73.961012
M..N24R,227,40.710199,-73.961046
M..N24R,228,40.710213,-73.961080
M..N24R,229,40.710226,-73.961115
M..N24R,230,40.710239,-73.961150
M..N24R,231,40.710251,-73.961186
M..N24R,232,40.715626,-73.978898
M..N24R,233,40.717289,-73.984387
M..N24R,234,40.717304,-73.984437
M..N24R,235,40.717319,-73.984487
M..N24R,236,40.717335,-73.984537
M..N24R,237,40.717352,-73.984587
M..N24R,238,40.717368,-73.984638
M..N24R,239,40.717385,-73.984689
M..N24R,240,40.717403,-73.984739
M..N24R,241,40.717421,-73.984791
M..N24R,242,40.717439,-73.984842
M..N24R,243,40.717458,-73.984893
M..N24R,244,40.717478,-73.984945
M..N24R,245,40.717497,-73.984997
M..N24R,246,40.717517,-73.985049
M..N24R,247,40.717538,-73.985101
M..N24R,248,40.717559,-73.985153
M..N24R,249,40.717615,-73.985293
M..N24R,250,40.717631,-73.985332
M..N24R,251,40.717647,-73.985373
M..N24R,252,40.717663,-73.985414
M..N24R,253,40.717679,-73.985456
M..N24R,254,40.717695,-73.985499
M..N24R,255,40.717711,-73.985543
M..N24R,256,40.717728,-73.985588
M..N24R,257,40.717744,-73.985634
M..N24R,258,40.717761,-73.985681
M..N24R,259,40.717777,-73.985729
M..N24R,260,40.717794,-73.985778
M..N24R,261,40.717811,-73.985827
M..N24R,262,40.717827,-73.985878
M..N24R,263,40.717844,-73.985929
M..N24R,264,40.717861,-73.985982
M..N24R,265,40.718315,-73.987437
M..N24R,266,40.719363,-73.990892
M..N24R,267,40.719426,-73.991062
M..N24R,268,40.719498,-73.991220
M..N24R,269,40.719577,-73.991365
M..N24R,270,40.719664,-73.991495
M..N24R,271,40.719759,-73.991612
M..N24R,272,40.719862,-73.991715
M..N24R,273,40.719973,-73.991804
M..N24R,274,40.720091,-73.991879
M..N24R,275,40.720217,-73.991940
M..N24R,276,40.720351,-73.991987
M..N24R,277,40.720493,-73.992021
M..N24R,278,40.720643,-73.992040
M..N24R,279,40.720800,-73.992046
M..N24R,280,40.720965,-73.992038
M..N24R,281,40.721138,-73.992015
M..N24R,282,40.722080,-73.991861
M..N24R,283,40.722918,-73.991709
M..N24R,284,40.723036,-73.991693
M..N24R,285,40.723147,-73.991687
M..N24R,286,40.723253,-73.991691
M..N24R,287,40.723355,-73.991706
M..N24R,288,40.723453,-73.991731
M..N24R,289,40.723546,-73.991767
M..N24R,290,40.723635,-73.991812
M..N24R,291,40.723720,-73.991868
M..N24R,292,40.723800,-73.991935
M..N24R,293,40.723875,-73.992011
M..N24R,294,40.723946,-73.992098
M..N24R,295,40.724013,-73.992196
M..N24R,296,40.724075,-73.992304
M..N24R,297,40.724133,-73.992422
M..N24R,298,40.724185,-73.992550
M..N24R,299,40.725297,-73.996204
M..N24R,300,40.725437,-73.996641
M..N24R,301,40.725475,-73.996750
M..N24R,302,40.725513,-73.996858
M..N24R,303,40.725552,-73.996964
M..N24R,304,40.725591,-73.997069
M..N24R,305,40.725631,-73.997172
M..N24R,306,40.725670,-73.997273
M..N24R,307,40.725711,-73.997373
M..N24R,308,40.725751,-73.997471
M..N24R,309,40.725792,-73.997568
M..N24R,310,40.725834,-73.997663
M..N24R,311,40.725876,-73.997756
M..N24R,312,40.725918,-73.997848
M..N24R,313,40.725961,-73.997938
M..N24R,314,40.726004,-73.998027
M..N24R,315,40.726047,-73.998114
M..N24R,316,40.727913,-74.001901
M..N24R,317,40.727970,-74.002019
M..N24R,318,40.728032,-74.002126
M..N24R,319,40.728099,-74.002220
M..N24R,320,40.728170,-74.002301
M..N24R,321,40.728247,-74.002371
M..N24R,322,40.728328,-74.002428
M..N24R,323,40.728414,-74.002473
M..N24R,324,40.728505,-74.002506
M..N24R,325,40.728601,-74.002526
M..N24R,326,40.728702,-74.002535
M..N24R,327,40.728808,-74.002531
M..N24R,328,40.728918,-74.002515
M..N24R,329,40.729034,-74.002486
M..N24R,330,40.729154,-74.002446
M..N24R,331,40.729279,-74.002395
M..N24R,332,40.730820,-74.001552
M..N24R,333,40.730845,-74.001539
M..N24R,334,40.730871,-74.001525
M..N24R,335,40.730897,-74.001511
M..N24R,336,40.730922,-74.001497
M..N24R,337,40.730948,-74.001482
M..N24R,338,40.730975,-74.001467
M..N24R,339,40.731001,-74.001451
M..N24R,340,40.731027,-74.001435
M..N24R,341,40.731054,-74.001419
M..N24R,342,40.731080,-74.001402
M..N24R,343,40.731107,-74.001385
M..N24R,344,40.731134,-74.001367
M..N24R,345,40.731161,-74.001349
M..N24R,346,40.731189,-74.001331
M..N24R,347,40.731216,-74.001312
M..N24R,348,40.732312,-74.000515
M..N24R,349,40.732338,-74.000495
M..N24R,350,40.732362,-74.000477
M..N24R,351,40.733324,-73.999777
M..N24R,352,40.738228,-73.996209
M..N24R,353,40.742878,-73.992821
M..N24R,354,40.749719,-73.987823
M..N24R,355,40.754222,-73.984569
M..N24R,356,40.758663,-73.981329
M..N24R,357,40.760893,-73.979701
M..N24R,358,40.763972,-73.977450
M..N24R,359,40.766457,-73.975637
M..N24R,360,40.766660,-73.975434
M..N24R,361,40.766834,-73.975214
M..N24R,362,40.766982,-73.974983
M..N24R,363,40.767106,-73.974740
M..N24R,364,40.767205,-73.974487
M..N24R,365,40.767280,-73.974222
M..N24R,366,40.767329,-73.973945
M..N24R,367,40.767353,-73.973658
M..N24R,368,40.767352,-73.973359
M..N24R,369,40.767327,-73.973049
M..N24R,370,40.767276,-73.972727
M..N24R,371,40.767201,-73.972394
M..N24R,372,40.767100,-73.972050
M..N24R,373,40.766975,-73.971695
M..N24R,374,40.766827,-73.971330
M..N24R,375,40.764629,-73.966113
M..N24R,376,40.763973,-73.964558
M..N24R,377,40.761088,-73.957707
M..N24R,378,40.761071,-73.957666
M..N24R,379,40.761053,-73.957625
M..N24R,380,40.761036,-73.957585
M..N24R,381,40.761019,-73.957545
M..N24R,382,40.761003,-73.957506
M..N24R,383,40.760986,-73.957468
M..N24R,384,40.760970,-73.957431
M..N24R,385,40.760954,-73.957394
M..N24R,386,40.760938,-73.957357
M..N24R,387,40.760922,-73.957322
M..N24R,388,40.760907,-73.957287
M..N24R,389,40.760892,-73.957253
M..N24R,390,40.760877,-73.957219
M..N24R,391,40.760862,-73.957186
M..N24R,392,40.760847,-73.957154
M..N24R,393,40.759145,-73.953260
M..N24R,394,40.756723,-73.947784
M..N24R,395,40.756703,-73.947738
M..N24R,396,40.756682,-73.947691
M..N24R,397,40.756661,-73.947645
M..N24R,398,40.756640,-73.947600
M..N24R,399,40.756618,-73.947554
M..N24R,400,40.756597,-73.947509
M..N24R,401,40.756575,-73.947464
M..N24R,402,40.756553,-73.947419
M..N24R,403,40.756531,-73.947374
M..N24R,404,40.756508,-73.947329
M..N24R,405,40.756485,-73.947285
M..N24R,406,40.756462,-73.947240
M..N24R,407,40.756439,-73.947196
M..N24R,408,40.756416,-73.947153
M..N24R,409,40.756392,-73.947109
M..N24R,410,40.754203,-73.942836
M..N24R,411,40.753681,-73.941824
M..N24R,412,40.753653,-73.941768
M..N24R,413,40.753624,-73.941712
M..N24R,414,40.753594,-73.941656
M..N24R,415,40.753565,-73.941600
M..N24R,416,40.753535,-73.941544
M..N24R,417,40.753506,-73.941488
M..N24R,418,40.753476,-73.941432
M..N24R,419,40.753446,-73.941376
M..N24R,420,40.753416,-73.941320
M..N24R,421,40.753386,-73.941265
M..N24R,422,40.753355,-73.941209
M..N24R,423,40.753325,-73.941154
M..N24R,424,40.753294,-73.941099
M..N24R,425,40.753264,-73.941043
M..N24R,426,40.753234,-73.940988
M..N24R,427,40.750946,-73.936690
M..N24R,428,40.750871,-73.936548
M..N24R,429,40.750809,-73.936405
M..N24R,430,40.750759,-73.936262
M..N24R,431,40.750722,-73.936119
M..N24R,432,40.750697,-73.935975
M..N24R,433,40.750684,-73.935832
M..N24R,434,40.750684,-73.935688
M..N24R,435,40.750696,-73.935544
M..N24R,436,40.750720,-73.935400
M..N24R,437,40.750757,-73.935255
M..N24R,438,40.750806,-73.935111
M..N24R,439,40.750867,-73.934966
M..N24R,440,40.750941,-73.934821
M..N24R,441,40.751027,-73.934676
M..N24R,442,40.751125,-73.934532
M..N24R,443,40.751258,-73.934331
M..N24R,444,40.751380,-73.934122
M..N24R,445,40.751491,-73.933905
M..N24R,446,40.751591,-73.933682
M..N24R,447,40.751680,-73.933451
M..N24R,448,40.751758,-73.933212
M..N24R,449,40.751824,-73.932966
M..N24R,450,40.751880,-73.932713
M..N24R,451,40.751924,-73.932452
M..N24R,452,40.751957,-73.932184
M..N24R,453,40.751979,-73.931908
M..N24R,454,40.751990,-73.931627
M..N24R,455,40.752039,-73.928781
M..N24R,456,40.752074,-73.926563
M..N24R,457,40.752078,-73.926450
M..N24R,458,40.752083,-73.926339
M..N24R,459,40.752090,-73.926229
M..N24R,460,40.752098,-73.926120
M..N24R,461,40.752108,-73.926011
M..N24R,462,40.752119,-73.925903
M..N24R,463,40.752132,-73.925796
M..N24R,464,40.752146,-73.925690
M..N24R,465,40.752162,-73.925585
M..N24R,466,40.752179,-73.925480
M..N24R,467,40.752197,-73.925376
M..N24R,468,40.752217,-73.925273
M..N24R,469,40.752239,-73.925171
M..N24R,470,40.752262,-73.925070
M..N24R,471,40.752285,-73.924968
M..N24R,472,40.752311,-73.924861
M..N24R,473,40.752340,-73.924757
M..N24R,474,40.752373,-73.924657
M..N24R,475,40.752411,-73.924560
M..N24R,476,40.752452,-73.924467
M..N24R,477,40.752497,-73.924377
M..N24R,478,40.752545,-73.924291
M..N24R,479,40.752598,-73.924208
M..N24R,480,40.752654,-73.924129
M..N24R,481,40.752714,-73.924054
M..N24R,482,40.752778,-73.923982
M..N24R,483,40.752846,-73.923913
M..N24R,484,40.752918,-73.923848
M..N24R,485,40.752994,-73.923787
M..N24R,486,40.753072,-73.923728
M..N24R,487,40.755854,-73.921565
M..N24R,488,40.755867,-73.921555
M..N24R,489,40.755879,-73.921546
M..N24R,490,40.755893,-73.921535
M..N24R,491,40.755906,-73.921525
M..N24R,492,40.755920,-73.921515
M..N24R,493,40.755934,-73.921504
M..N24R,494,40.755948,-73.921493
M..N24R,495,40.755962,-73.921481
M..N24R,496,40.755977,-73.921470
M..N24R,497,40.755992,-73.921458
M..N24R,498,40.756007,-73.921446
M..N24R,499,40.756023,-73.921433
M..N24R,500,40.756039,-73.921421
M..N24R,501,40.756055,-73.921408
M..N24R,502,40.756071,-73.921395
M..N24R,503,40.756879,-73.920740
M..N24R,504,40.757972,-73.919850
M..N24R,505,40.758107,-73.919713
M..N24R,506,40.758213,-73.919568
M..N24R,507,40.758303,-73.919417
M..N24R,508,40.758378,-73.919262
M..N24R,509,40.758437,-73.919101
M..N24R,510,40.758481,-73.918936
M..N24R,511,40.758510,-73.918765
M..N24R,512,40.758523,-73.918590
M..N24R,513,40.758520,-73.918409
M..N24R,514,40.758502,-73.918224
M..N24R,515,40.758469,-73.918033
M..N24R,516,40.758420,-73.917838
M..N24R,517,40.758356,-73.917638
M..N24R,518,40.758276,-73.917432
M..N24R,519,40.758182,-73.917222
M..N24R,520,40.757023,-73.914834
M..N24R,521,40.757005,-73.914798
M..N24R,522,40.756987,-73.914762
M..N24R,523,40.756969,-73.914726
M..N24R,524,40.756951,-73.914691
M..N24R,525,40.756933,-73.914655
M..N24R,526,40.756915,-73.914619
M..N24R,527,40.756898,-73.914583
M..N24R,528,40.756880,-73.914547
M..N24R,529,40.756863,-73.914511
M..N24R,530,40.756846,-73.914475
M..N24R,531,40.756829,-73.914439
M..N24R,532,40.756812,-73.914404
M..N24R,533,40.756795,-73.914368
M..N24R,534,40.756779,-73.914332
M..N24R,535,40.756762,-73.914295
M..N24R,536,40.756312,-73.913333
M..N24R,537,40.754245,-73.908935
M..N24R,538,40.753221,-73.906786
M..N24R,539,40.752885,-73.906006
M..N24R,540,40.749669,-73.898453
M..N24R,541,40.746644,-73.891338
M..N24R,542,40.744006,-73.885149
M..N24R,543,40.743987,-73.885104
M..N24R,544,40.743967,-73.885059
M..N24R,545,40.743948,-73.885015
M..N24R,546,40.743928,-73.884971
M..N24R,547,40.743909,-73.884928
M..N24R,548,40.743890,-73.884885
M..N24R,549,40.743871,-73.884843
M..N24R,550,40.743851,-73.884801
M..N24R,551,40.743832,-73.884760
M..N24R,552,40.743813,-73.884719
M..N24R,553,40.743794,-73.884679
M..N24R,554,40.743775,-73.884639
M..N24R,555,40.743756,-73.884600
M..N24R,556,40.743737,-73.884561
M..N24R,557,40.743718,-73.884523
M..N24R,558,40.742933,-73.882917
M..N24R,559,40.742897,-73.882846
M..N24R,560,40.742862,-73.882775
M..N24R,561,40.742827,-73.882706
M..N24R,562,40.742792,-73.882639
M..N24R,563,40.742759,-73.882574
M..N24R,564,40.742726,-73.882510
M..N24R,565,40.742693,-73.882448
M..N24R,566,40.742661,-73.882388
M..N24R,567,40.742630,-73.882330
M..N24R,568,40.742599,-73.882273
M..N24R,569,40.742569,-73.882218
M..N24R,570,40.742539,-73.882165
M..N24R,571,40.742510,-73.882114
M..N24R,572,40.742482,-73.882064
M..N24R,573,40.742454,-73.882017
M..N24R,574,40.742415,-73.881945
M..N24R,575,40.742376,-73.881874
M..N24R,576,40.742337,-73.881803
M..N24R,577,40.742296,-73.881732
M..N24R,578,40.742256,-73.881662
M..N24R,579,40.742215,-73.881592
M..N24R,580,40.742173,-73.881523
M..N24R,581,40.742131,-73.881453
M..N24R,582,40.742088,-73.881384
M..N24R,583,40.742045,-73.881316
M..N24R,584,40.742001,-73.881247
M..N24R,585,40.741957,-73.881179
M..N24R,586,40.741913,-73.881112
M..N24R,587,40.741868,-73.881044
M..N24R,588,40.741822,-73.880977
M..N24R,589,40.740665,-73.879422
M..N24R,590,40.740614,-73.879357
M..N24R,591,40.740561,-73.879295
M..N24R,592,40.740506,-73.879235
M..N24R,593,40.740449,-73.879175
M..N24R,594,40.740389,-73.879117
M..N24R,595,40.740326,-73.879060
M..N24R,596,40.740261,-73.879004
M..N24R,597,40.740194,-73.878950
M..N24R,598,40.740124,-73.878897
M..N24R,599,40.740052,-73.878845
M..N24R,600,40.739977,-73.878794
M..N24R,601,40.739900,-73.878744
M..N24R,602,40.739821,-73.878696
M..N24R,603,40.739739,-73.878649
M..N24R,604,40.739655,-73.878602
M..N24R,605,40.737015,-73.877223
M..N24R,606,40.736710,-73.877055
M..N24R,607,40.736514,-73.876951
M..N24R,608,40.736327,-73.876834
M..N24R,609,40.736148,-73.876705
M..N24R,610,40.735976,-73.876562
M..N24R,611,40.735812,-73.876405
M..N24R,612,40.735655,-73.876236
M..N24R,613,40.735507,-73.876054
M..N24R,614,40.735365,-73.875859
M..N24R,615,40.735232,-73.875650
M..N24R,616,40.735106,-73.875429
M..N24R,617,40.734988,-73.875194
M..N24R,618,40.734877,-73.874947
M..N24R,619,40.734775,-73.874686
M..N24R,620,40.734679,-73.874412
M..N24R,621,40.734593,-73.874126
M..N24R,622,40.733648,-73.870923
M..N24R,623,40.733614,-73.870805
M..N24R,624,40.733579,-73.870688
M..N24R,625,40.733544,-73.870571
M..N24R,626,40.733509,-73.870454
M..N24R,627,40.733473,-73.870339
M..N24R,628,40.733437,-73.870224
M..N24R,629,40.733401,-73.870111
M..N24R,630,40.733365,-73.869998
M..N24R,631,40.733328,-73.869885
M..N24R,632,40.733292,-73.869774
M..N24R,633,40.733255,-73.869663
M..N24R,634,40.733218,-73.869554
M..N24R,635,40.733181,-73.869445
M..N24R,636,40.733144,-73.869336
M..N24R,637,40.733106,-73.869229
M..N24R,638,40.733041,-73.869062
M..N24R,639,40.732975,-73.868898
M..N24R,640,40.732909,-73.868737
M..N24R,641,40.732842,-73.868579
M..N24R,642,40.732774,-73.868425
M..N24R,643,40.732706,-73.868274
M..N24R,644,40.732638,-73.868127
M..N24R,645,40.732568,-73.867984
M..N24R,646,40.732499,-73.867843
M..N24R,647,40.732429,-73.867707
M..N24R,648,40.732358,-73.867573
M..N24R,649,40.732287,-73.867444
M..N24R,650,40.732215,-73.867317
M..N24R,651,40.732143,-73.867194
M..N24R,652,40.732070,-73.867073
M..N24R,653,40.731991,-73.866945
M..N24R,654,40.731914,-73.866812
M..N24R,655,40.731838,-73.866676
M..N24R,656,40.731763,-73.866535
M..N24R,657,40.731688,-73.866390
M..N24R,658,40.731614,-73.866241
M..N24R,659,40.731541,-73.866087
M..N24R,660,40.731469,-73.865930
M..N24R,661,40.731397,-73.865768
M..N24R,662,40.731327,-73.865602
M..N24R,663,40.731257,-73.865431
M..N24R,664,40.731187,-73.865257
M..N24R,665,40.731119,-73.865078
M..N24R,666,40.731051,-73.864895
M..N24R,667,40.730985,-73.864710
M..N24R,668,40.729846,-73.861604
M..N24R,669,40.727216,-73.854378
M..N24R,670,40.727179,-73.854282
M..N24R,671,40.727142,-73.854184
M..N24R,672,40.727103,-73.854085
M..N24R,673,40.727062,-73.853983
M..N24R,674,40.727021,-73.853879
M..N24R,675,40.726977,-73.853773
M..N24R,676,40.726933,-73.853665
M..N24R,677,40.726887,-73.853554
M..N24R,678,40.726839,-73.853442
M..N24R,679,40.726790,-73.853327
M..N24R,680,40.726740,-73.853210
M..N24R,681,40.726688,-73.853091
M..N24R,682,40.726635,-73.852969
M..N24R,683,40.726580,-73.852846
M..N24R,684,40.726523,-73.852719
M..N24R,685,40.726443,-73.852538
M..N24R,686,40.726358,-73.852359
M..N24R,687,40.726271,-73.852185
M..N24R,688,40.726181,-73.852015
M..N24R,689,40.726090,-73.851849
M..N24R,690,40.725995,-73.851688
M..N24R,691,40.725899,-73.851530
M..N24R,692,40.725800,-73.851377
M..N24R,693,40.725699,-73.851228
M..N24R,694,40.725596,-73.851083
M..N24R,695,40.725490,-73.850942
M..N24R,696,40.725382,-73.850805
M..N24R,697,40.725272,-73.850673
M..N24R,698,40.725159,-73.850544
M..N24R,699,40.725045,-73.850418
M..N24R,700,40.724889,-73.850252
M..N24R,701,40.724735,-73.850084
M..N24R,702,40.724584,-73.849912
M..N24R,703,40.724436,-73.849736
M..N24R,704,40.724292,-73.849556
M..N24R,705,40.724151,-73.849372
M..N24R,706,40.724013,-73.849184
M..N24R,707,40.723878,-73.848993
M..N24R,708,40.723747,-73.848797
M..N24R,709,40.723618,-73.848598
M..N24R,710,40.723493,-73.848394
M..N24R,711,40.723371,-73.848187
M..N24R,712,40.723253,-73.847975
M..N24R,713,40.723137,-73.847760
M..N24R,714,40.723026,-73.847541
M..N24R,715,40.721691,-73.844521
N..N16R,0,40.577422,-73.981233
N..N16R,1,40.578309,-73.981401
N..N16R,2,40.578339,-73.981405
N..N16R,3,40.578370,-73.981409
N..N16R,4,40.578400,-73.981412
N..N16R,5,40.578429,-73.981414
N..N16R,6,40.578459,-73.981415
N..N16R,7,40.578488,-73.981416
N..N16R,8,40.578518,-73.981415
N..N16R,9,40.578546,-73.981414
N..N16R,10,40.578575,-73.981413
N..N16R,11,40.578604,-73.981410
N..N16R,12,40.578632,-73.981407
N..N16R,13,40.578660,-73.981403
N..N16R,14,40.578688,-73.981398
N..N16R,15,40.578716,-73.981392
N..N16R,16,40.578743,-73.981386
N..N16R,17,40.578767,-73.981382
N..N16R,18,40.578792,-73.981379
N..N16R,19,40.578816,-73.981376
N..N16R,20,40.578841,-73.981373
N..N16R,21,40.578866,-73.981371
N..N16R,22,40.578891,-73.981370
N..N16R,23,40.578916,-73.981368
N..N16R,24,40.578942,-73.981368
N..N16R,25,40.578968,-73.981367
N..N16R,26,40.578993,-73.981367
N..N16R,27,40.579020,-73.981368
N..N16R,28,40.579046,-73.981369
N..N16R,29,40.579072,-73.981370
N..N16R,30,40.579099,-73.981372
N..N16R,31,40.579126,-73.981373
N..N16R,32,40.580445,-73.981460
N..N16R,33,40.580478,-73.981460
N..N16R,34,40.580511,-73.981460
N..N16R,35,40.580544,-73.981458
N..N16R,36,40.580576,-73.981456
N..N16R,37,40.580609,-73.981453
N..N16R,38,40.580641,-73.981448
N..N16R,39,40.580672,-73.981443
N..N16R,40,40.580704,-73.981437
N..N16R,41,40.580735,-73.981429
N..N16R,42,40.580765,-73.981421
N..N16R,43,40.580796,-73.981412
N..N16R,44,40.580826,-73.981401
N..N16R,45,40.580855,-73.981390
N..N16R,46,40.580885,-73.981377
N..N16R,47,40.580914,-73.981364
N..N16R,48,40.581268,-73.981208
N..N16R,49,40.581303,-73.981190
N..N16R,50,40.581337,-73.981173
N..N16R,51,40.581370,-73.981156
N..N16R,52,40.581402,-73.981140
N..N16R,53,40.581434,-73.981123
N..N16R,54,40.581465,-73.981107
N..N16R,55,40.581495,-73.981091
N..N16R,56,40.581525,-73.981075
N..N16R,57,40.581553,-73.981059
N..N16R,58,40.581581,-73.981044
N..N16R,59,40.581608,-73.981028
N..N16R,60,40.581635,-73.981013
N..N16R,61,40.581660,-73.980998
N..N16R,62,40.581685,-73.980983
N..N16R,63,40.581709,-73.980968
N..N16R,64,40.581736,-73.980950
N..N16R,65,40.581762,-73.980933
N..N16R,66,40.581789,-73.980917
N..N16R,67,40.581815,-73.980901
N..N16R,68,40.581841,-73.980885
N..N16R,69,40.581868,-73.980870
N..N16R,70,40.581894,-73.980855
N..N16R,71,40.581920,-73.980841
N..N16R,72,40.581946,-73.980827
N..N16R,73,40.581972,-73.980814
N..N16R,74,40.581998,-73.980801
N..N16R,75,40.582024,-73.980789
N..N16R,76,40.582050,-73.980777
N..N16R,77,40.582075,-73.980766
N..N16R,78,40.582101,-73.980756
N..N16R,79,40.583547,-73.980134
N..N16R,80,40.583571,-73.980124
N..N16R,81,40.583595,-73.980114
N..N16R,82,40.583619,-73.980104
N..N16R,83,40.583643,-73.980095
N..N16R,84,40.583668,-73.980085
N..N16R,85,40.583693,-73.980075
N..N16R,86,40.583718,-73.980066
N..N16R,87,40.583743,-73.980056
N..N16R,88,40.583768,-73.980047
N..N16R,89,40.583793,-73.980038
N..N16R,90,40.583818,-73.980028
N..N16R,91,40.583844,-73.980019
N..N16R,92,40.583870,-73.980010
N..N16R,93,40.583896,-73.980001
N..N16R,94,40.583922,-73.979992
N..N16R,95,40.587474,-73.978868
N..N16R,96,40.587495,-73.978861
N..N16R,97,40.587517,-73.978854
N..N16R,98,40.587538,-73.978848
N..N16R,99,40.587559,-73.978841
N..N16R,100,40.587580,-73.978835
N..N16R,101,40.587601,-73.978829
N..N16R,102,40.587622,-73.978823
N..N16R,103,40.587642,-73.978817
N..N16R,104,40.587663,-73.978812
N..N16R,105,40.587683,-73.978806
N..N16R,106,40.587703,-73.978801
N..N16R,107,40.587723,-73.978796
N..N16R,108,40.587743,-73.978791
N..N16R,109,40.587763,-73.978786
N..N16R,110,40.587783,-73.978782
N..N16R,111,40.588129,-73.978697
N..N16R,112,40.588163,-73.978690
N..N16R,113,40.588196,-73.978682
N..N16R,114,40.588229,-73.978674
N..N16R,115,40.588263,-73.978665
N..N16R,116,40.588295,-73.978656
N..N16R,117,40.588328,-73.978647
N..N16R,118,40.588361,-73.978638
N..N16R,119,40.588393,-73.978628
N..N16R,120,40.588425,-73.978618
N..N16R,121,40.588457,-73.978607
N..N16R,122,40.588489,-73.978597
N..N16R,123,40.588521,-73.978585
N..N16R,124,40.588553,-73.978574
N..N16R,125,40.588584,-73.978562
N..N16R,126,40.588616,-73.978551
N..N16R,127,40.589237,-73.978329
N..N16R,128,40.589592,-73.978235
N..N16R,129,40.589744,-73.978190
N..N16R,130,40.589895,-73.978151
N..N16R,131,40.590044,-73.978117
N..N16R,132,40.590190,-73.978087
N..N16R,133,40.590335,-73.978061
N..N16R,134,40.590478,-73.978039
N..N16R,135,40.590619,-73.978022
N..N16R,136,40.590758,-73.978009
N..N16R,137,40.590896,-73.978000
N..N16R,138,40.591031,-73.977995
N..N16R,139,40.591164,-73.977995
N..N16R,140,40.591296,-73.977999
N..N16R,141,40.591425,-73.978007
N..N16R,142,40.591553,-73.978019
N..N16R,143,40.591679,-73.978036
N..N16R,144,40.592721,-73.978230
N..N16R,145,40.597473,-73.979137
N..N16R,146,40.603923,-73.980353
N..N16R,147,40.611815,-73.981848
N..N16R,148,40.613511,-73.982195
N..N16R,149,40.613669,-73.982235
N..N16R,150,40.613824,-73.982275
N..N16R,151,40.613974,-73.982316
N..N16R,152,40.614120,-73.982359
N..N16R,153,40.614262,-73.982404
N..N16R,154,40.614400,-73.982450
N..N16R,155,40.614534,-73.982498
N..N16R,156,40.614663,-73.982547
N..N16R,157,40.614789,-73.982597
N..N16R,158,40.614910,-73.982649
N..N16R,159,40.615027,-73.982703
N..N16R,160,40.615140,-73.982758
N..N16R,161,40.615249,-73.982814
N..N16R,162,40.615354,-73.982872
N..N16R,163,40.615455,-73.982933
N..N16R,164,40.615584,-73.983015
N..N16R,165,40.615710,-73.983101
N..N16R,166,40.615833,-73.983191
N..N16R,167,40.615954,-73.983285
N..N16R,168,40.616074,-73.983383
N..N16R,169,40.616191,-73.983485
N..N16R,170,40.616305,-73.983592
N..N16R,171,40.616418,-73.983703
N..N16R,172,40.616529,-73.983818
N..N16R,173,40.616637,-73.983937
N..N16R,174,40.616743,-73.984061
N..N16R,175,40.616847,-73.984189
N..N16R,176,40.616949,-73.984320
N..N16R,177,40.617049,-73.984457
N..N16R,178,40.617146,-73.984597
N..N16R,179,40.617410,-73.985026
N..N16R,180,40.620671,-73.990414
N..N16R,181,40.623531,-73.995150
N..N16R,182,40.623573,-73.995218
N..N16R,183,40.623616,-73.995284
N..N16R,184,40.623661,-73.995350
N..N16R,185,40.623709,-73.995414
N..N16R,186,40.623759,-73.995477
N..N16R,187,40.623812,-73.995540
N..N16R,188,40.623867,-73.995601
N..N16R,189,40.623924,-73.995661
N..N16R,190,40.623984,-73.995720
N..N16R,191,40.624046,-73.995778
N..N16R,192,40.624110,-73.995835
N..N16R,193,40.624177,-73.995890
N..N16R,194,40.624246,-73.995945
N..N16R,195,40.624317,-73.995999
N..N16R,196,40.624391,-73.996052
N..N16R,197,40.624842,-73.996353
N..N16R,198,40.625619,-73.996865
N..N16R,199,40.625759,-73.996967
N..N16R,200,40.625895,-73.997068
N..N16R,201,40.626026,-73.997170
N..N16R,202,40.626152,-73.997273
N..N16R,203,40.626274,-73.997378
N..N16R,204,40.626391,-73.997483
N..N16R,205,40.626503,-73.997590
N..N16R,206,40.626610,-73.997698
N..N16R,207,40.626713,-73.997807
N..N16R,208,40.626811,-73.997917
N..N16R,209,40.626904,-73.998029
N..N16R,210,40.626992,-73.998141
N..N16R,211,40.627076,-73.998255
N..N16R,212,40.627155,-73.998370
N..N16R,213,40.627228,-73.998487
N..N16R,214,40.631386,-74.005351
N..N16R,215,40.633390,-74.008653
N..N16R,216,40.633418,-74.008699
N..N16R,217,40.633446,-74.008746
N..N16R,218,40.633474,-74.008793
N..N16R,219,40.633502,-74.008839
N..N16R,220,40.633530,-74.008886
N..N16R,221,40.633558,-74.008933
N..N16R,222,40.633585,-74.008980
N..N16R,223,40.633613,-74.009028
N..N16R,224,40.633640,-74.009075
N..N16R,225,40.633668,-74.009122
N..N16R,226,40.633695,-74.009170
N..N16R,227,40.633722,-74.009217
N..N16R,228,40.633749,-74.009265
N..N16R,229,40.633776,-74.009313
N..N16R,230,40.633803,-74.009361
N..N16R,231,40.634653,-74.010907
N..N16R,232,40.634688,-74.010969
N..N16R,233,40.634721,-74.011030
N..N16R,234,40.634754,-74.011090
N..N16R,235,40.634786,-74.011149
N..N16R,236,40.634816,-74.011206
N..N16R,237,40.634846,-74.011263
N..N16R,238,40.634874,-74.011318
N..N16R,239,40.634902,-74.011372
N..N16R,240,40.634928,-74.011425
N..N16R,241,40.634953,-74.011477
N..N16R,242,40.634977,-74.011527
N..N16R,243,40.635001,-74.011577
N..N16R,244,40.635023,-74.011626
N..N16R,245,40.635044,-74.011673
N..N16R,246,40.635064,-74.011719
N..N16R,247,40.635100,-74.011805
N..N16R,248,40.635135,-74.011891
N..N16R,249,40.635170,-74.011980
N..N16R,250,40.635204,-74.012069
N..N16R,251,40.635237,-74.012161
N..N16R,252,40.635270,-74.012254
N..N16R,253,40.635302,-74.012348
N..N16R,254,40.635334,-74.012444
N..N16R,255,40.635365,-74.012542
N..N16R,256,40.635395,-74.012641
N..N16R,257,40.635425,-74.012742
N..N16R,258,40.635454,-74.012845
N..N16R,259,40.635482,-74.012949
N..N16R,260,40.635510,-74.013055
N..N16R,261,40.635538,-74.013161
N..N16R,262,40.636319,-74.016190
N..N16R,263,40.636331,-74.016238
N..N16R,264,40.636343,-74.016285
N..N16R,265,40.636354,-74.016332
N..N16R,266,40.636366,-74.016379
N..N16R,267,40.636378,-74.016425
N..N16R,268,40.636391,-74.016471
N..N16R,269,40.636403,-74.016516
N..N16R,270,40.636415,-74.016561
N..N16R,271,40.636428,-74.016606
N..N16R,272,40.636440,-74.016650
N..N16R,273,40.636453,-74.016694
N..N16R,274,40.636465,-74.016737
N..N16R,275,40.636478,-74.016780
N..N16R,276,40.636491,-74.016822
N..N16R,277,40.636504,-74.016864
N..N16R,278,40.637265,-74.019487
N..N16R,279,40.637301,-74.019604
N..N16R,280,40.637339,-74.019716
N..N16R,281,40.637378,-74.019825
N..N16R,282,40.637418,-74.019929
N..N16R,283,40.637459,-74.020029
N..N16R,284,40.637502,-74.020124
N..N16R,285,40.637546,-74.020216
N..N16R,286,40.637591,-74.020303
N..N16R,287,40.637637,-74.020386
N..N16R,288,40.637684,-74.020465
N..N16R,289,40.637733,-74.020539
N..N16R,290,40.637783,-74.020610
N..N16R,291,40.637834,-74.020676
N..N16R,292,40.637886,-74.020737
N..N16R,293,40.637940,-74.020795
N..N16R,294,40.637978,-74.020837
N..N16R,295,40.638018,-74.020872
N..N16R,296,40.638059,-74.020900
N..N16R,297,40.638101,-74.020921
N..N16R,298,40.638145,-74.020936
N..N16R,299,40.638189,-74.020943
N..N16R,300,40.638235,-74.020944
N..N16R,301,40.638283,-74.020938
N..N16R,302,40.638331,-74.020925
N..N16R,303,40.638381,-74.020905
N..N16R,304,40.638433,-74.020879
N..N16R,305,40.638485,-74.020845
N..N16R,306,40.638539,-74.020805
N..N16R,307,40.638594,-74.020758
N..N16R,308,40.638650,-74.020704
N..N16R,309,40.641362,-74.017881
N..N16R,310,40.645069,-74.014034
N..N16R,311,40.648939,-74.010006
N..N16R,312,40.653563,-74.005194
N..N16R,313,40.655144,-74.003549
N..N16R,314,40.660397,-73.998091
N..N16R,315,40.665414,-73.992872
N..N16R,316,40.665448,-73.992838
N..N16R,317,40.665483,-73.992804
N..N16R,318,40.665517,-73.992772
N..N16R,319,40.665552,-73.992739
N..N16R,320,40.665586,-73.992707
N..N16R,321,40.665620,-73.992675
N..N16R,322,40.665655,-73.992644
N..N16R,323,40.665689,-73.992612
N..N16R,324,40.665724,-73.992582
N..N16R,325,40.665758,-73.992551
N..N16R,326,40.665792,-73.992521
N..N16R,327,40.665827,-73.992491
N..N16R,328,40.665861,-73.992462
N..N16R,329,40.665896,-73.992433
N..N16R,330,40.665930,-73.992403
N..N16R,331,40.670847,-73.988302
N..N16R,332,40.675775,-73.984193
N..N16R,333,40.675831,-73.984147
N..N16R,334,40.675887,-73.984102
N..N16R,335,40.675942,-73.984059
N..N16R,336,40.675997,-73.984016
N..N16R,337,40.676050,-73.983975
N..N16R,338,40.676104,-73.983934
N..N16R,339,40.676156,-73.983895
N..N16R,340,40.676208,-73.983857
N..N16R,341,40.676259,-73.983820
N..N16R,342,40.676309,-73.983785
N..N16R,343,40.676359,-73.983750
N..N16R,344,40.676408,-73.983717
N..N16R,345,40.676457,-73.983684
N..N16R,346,40.676505,-73.983653
N..N16R,347,40.676552,-73.983623
N..N16R,348,40.677316,-73.983110
N..N16R,349,40.683666,-73.978810
N..N16R,350,40.684598,-73.978198
N..N16R,351,40.684641,-73.978169
N..N16R,352,40.684683,-73.978143
N..N16R,353,40.684726,-73.978118
N..N16R,354,40.684769,-73.978096
N..N16R,355,40.684811,-73.978075
N..N16R,356,40.684854,-73.978057
N..N16R,357,40.684897,-73.978040
N..N16R,358,40.684939,-73.978026
N..N16R,359,40.684982,-73.978014
N..N16R,360,40.685024,-73.978003
N..N16R,361,40.685067,-73.977995
N..N16R,362,40.685110,-73.977988
N..N16R,363,40.685152,-73.977984
N..N16R,364,40.685195,-73.977981
N..N16R,365,40.685237,-73.977980
N..N16R,366,40.687446,-73.978304
N..N16R,367,40.687496,-73.978312
N..N16R,368,40.687545,-73.978323
N..N16R,369,40.687594,-73.978338
N..N16R,370,40.687640,-73.978357
N..N16R,371,40.687686,-73.978380
N..N16R,372,40.687730,-73.978406
N..N16R,373,40.687773,-73.978436
N..N16R,374,40.687815,-73.978469
N..N16R,375,40.687855,-73.978506
N..N16R,376,40.687894,-73.978547
N..N16R,377,40.687931,-73.978592
N..N16R,378,40.687967,-73.978640
N..N16R,379,40.688002,-73.978691
N..N16R,380,40.688036,-73.978747
N..N16R,381,40.688068,-73.978805
N..N16R,382,40.688730,-73.980474
N..N16R,383,40.688760,-73.980545
N..N16R,384,40.688792,-73.980613
N..N16R,385,40.688827,-73.980678
N..N16R,386,40.688863,-73.980740
N..N16R,387,40.688902,-73.980798
N..N16R,388,40.688943,-73.980853
N..N16R,389,40.688986,-73.980905
N..N16R,390,40.689031,-73.980954
N..N16R,391,40.689078,-73.980999
N..N16R,392,40.689127,-73.981042
N..N16R,393,40.689178,-73.981081
N..N16R,394,40.689232,-73.981117
N..N16R,395,40.689287,-73.981149
N..N16R,396,40.689345,-73.981179
N..N16R,397,40.689405,-73.981205
N..N16R,398,40.690635,-73.981824
N..N16R,399,40.691559,-73.982304
N..N16R,400,40.693829,-73.983428
N..N16R,401,40.695079,-73.984126
N..N16R,402,40.697770,-73.985484
N..N16R,403,40.714878,-73.995010
N..N16R,404,40.714925,-73.995034
N..N16R,405,40.714971,-73.995059
N..N16R,406,40.715017,-73.995085
N..N16R,407,40.715062,-73.995112
N..N16R,408,40.715108,-73.995141
N..N16R,409,40.715152,-73.995171
N..N16R,410,40.715197,-73.995202
N..N16R,411,40.715241,-73.995234
N..N16R,412,40.715285,-73.995268
N..N16R,413,40.715328,-73.995303
N..N16R,414,40.715371,-73.995339
N..N16R,415,40.715414,-73.995376
N..N16R,416,40.715456,-73.995414
N..N16R,417,40.715498,-73.995454
N..N16R,418,40.715540,-73.995495
N..N16R,419,40.716011,-73.995962
N..N16R,420,40.716047,-73.995996
N..N16R,421,40.716081,-73.996031
N..N16R,422,40.716115,-73.996069
N..N16R,423,40.716148,-73.996109
N..N16R,424,40.716179,-73.996150
N..N16R,425,40.716210,-73.996194
N..N16R,426,40.716240,-73.996239
N..N16R,427,40.716268,-73.996287
N..N16R,428,40.716296,-73.996337
N..N16R,429,40.716322,-73.996388
N..N16R,430,40.716348,-73.996442
N..N16R,431,40.716372,-73.996497
N..N16R,432,40.716396,-73.996555
N..N16R,433,40.716418,-73.996614
N..N16R,434,40.716440,-73.996676
N..N16R,435,40.716956,-73.998177
N..N16R,436,40.716981,-73.998249
N..N16R,437,40.717007,-73.998320
N..N16R,438,40.717034,-73.998391
N..N16R,439,40.717062,-73.998460
N..N16R,440,40.717091,-73.998528
N..N16R,441,40.717120,-73.998595
N..N16R,442,40.717151,-73.998660
N..N16R,443,40.717183,-73.998725
N..N16R,444,40.717216,-73.998789
N..N16R,445,40.717250,-73.998852
N..N16R,446,40.717284,-73.998913
N..N16R,447,40.717320,-73.998974
N..N16R,448,40.717357,-73.999033
N..N16R,449,40.717394,-73.999092
N..N16R,450,40.717433,-73.999149
N..N16R,451,40.718383,-74.000460
N..N16R,452,40.719004,-74.001326
N..N16R,453,40.719055,-74.001393
N..N16R,454,40.719108,-74.001452
N..N16R,455,40.719162,-74.001502
N..N16R,456,40.719218,-74.001544
N..N16R,457,40.719275,-74.001577
N..N16R,458,40.719334,-74.001601
N..N16R,459,40.719394,-74.001616
N..N16R,460,40.719456,-74.001623
N..N16R,461,40.719519,-74.001622
N..N16R,462,40.719584,-74.001611
N..N16R,463,40.719650,-74.001592
N..N16R,464,40.719718,-74.001564
N..N16R,465,40.719787,-74.001528
N..N16R,466,40.719858,-74.001483
N..N16R,467,40.719930,-74.001429
N..N16R,468,40.724329,-73.997702
N..N16R,469,40.730328,-73.992629
N..N16R,470,40.731445,-73.991683
N..N16R,471,40.731485,-73.991649
N..N16R,472,40.731526,-73.991617
N..N16R,473,40.731567,-73.991586
N..N16R,474,40.731609,-73.991558
N..N16R,475,40.731651,-73.991531
N..N16R,476,40.731693,-73.991505
N..N16R,477,40.731736,-73.991482
N..N16R,478,40.731779,-73.991460
N..N16R,479,40.731822,-73.991440
N..N16R,480,40.731866,-73.991422
N..N16R,481,40.731910,-73.991406
N..N16R,482,40.731954,-73.991391
N..N16R,483,40.731999,-73.991378
N..N16R,484,40.732044,-73.991367
N..N16R,485,40.732090,-73.991358
N..N16R,486,40.735736,-73.990568
N..N16R,487,40.737433,-73.990206
N..N16R,488,40.737476,-73.990195
N..N16R,489,40.737519,-73.990186
N..N16R,490,40.737563,-73.990176
N..N16R,491,40.737608,-73.990166
N..N16R,492,40.737653,-73.990155
N..N16R,493,40.737698,-73.990144
N..N16R,494,40.737745,-73.990134
N..N16R,495,40.737792,-73.990122
N..N16R,496,40.737839,-73.990111
N..N16R,497,40.737887,-73.990099
N..N16R,498,40.737936,-73.990088
N..N16R,499,40.737985,-73.990076
N..N16R,500,40.738035,-73.990063
N..N16R,501,40.738085,-73.990051
N..N16R,502,40.738136,-73.990037
N..N16R,503,40.739792,-73.989604
N..N16R,504,40.739844,-73.989590
N..N16R,505,40.739894,-73.989578
N..N16R,506,40.739945,-73.989566
N..N16R,507,40.739995,-73.989554
N..N16R,508,40.740045,-73.989543
N..N16R,509,40.740095,-73.989532
N..N16R,510,40.740145,-73.989522
N..N16R,511,40.740195,-73.989512
N..N16R,512,40.740244,-73.989503
N..N16R,513,40.740294,-73.989494
N..N16R,514,40.740343,-73.989485
N..N16R,515,40.740392,-73.989477
N..N16R,516,40.740441,-73.989469
N..N16R,517,40.740489,-73.989462
N..N16R,518,40.740538,-73.989455
N..N16R,519,40.741303,-73.989344
N..N16R,520,40.742643,-73.989192
N..N16R,521,40.742700,-73.989186
N..N16R,522,40.742757,-73.989180
N..N16R,523,40.742812,-73.989173
N..N16R,524,40.742867,-73.989166
N..N16R,525,40.742920,-73.989160
N..N16R,526,40.742973,-73.989153
N..N16R,527,40.743025,-73.989146
N..N16R,528,40.743075,-73.989138
N..N16R,529,40.743125,-73.989131
N..N16R,530,40.743173,-73.989123
N..N16R,531,40.743221,-73.989116
N..N16R,532,40.743268,-73.989108
N..N16R,533,40.743314,-73.989100
N..N16R,534,40.743358,-73.989091
N..N16R,535,40.743402,-73.989083
N..N16R,536,40.745494,-73.988691
N..N16R,537,40.749567,-73.987950
N..N16R,538,40.751815,-73.987570
N..N16R,539,40.751893,-73.987556
N..N16R,540,40.751971,-73.987541
N..N16R,541,40.752049,-73.987526
N..N16R,542,40.752127,-73.987510
N..N16R,543,40.752204,-73.987493
N..N16R,544,40.752282,-73.987475
N..N16R,545,40.752360,-73.987457
N..N16R,546,40.752438,-73.987437
N..N16R,547,40.752516,-73.987417
N..N16R,548,40.752593,-73.987396
N..N16R,549,40.752671,-73.987375
N..N16R,550,40.752749,-73.987353
N..N16R,551,40.752827,-73.987329
N..N16R,552,40.752904,-73.987306
N..N16R,553,40.752982,-73.987281
N..N16R,554,40.754672,-73.986754
N..N16R,555,40.756430,-73.986201
N..N16R,556,40.756569,-73.986154
N..N16R,557,40.756705,-73.986106
N..N16R,558,40.756839,-73.986056
N..N16R,559,40.756971,-73.986003
N..N16R,560,40.757101,-73.985949
N..N16R,561,40.757229,-73.985893
N..N16R,562,40.757354,-73.985835
N..N16R,563,40.757477,-73.985775
N..N16R,564,40.757599,-73.985712
N..N16R,565,40.757718,-73.985648
N..N16R,566,40.757835,-73.985582
N..N16R,567,40.757949,-73.985514
N..N16R,568,40.758062,-73.985444
N..N16R,569,40.758173,-73.985371
N..N16R,570,40.758280,-73.985298
N..N16R,571,40.759901,-73.984139
N..N16R,572,40.764664,-73.980658
N..N16R,573,40.766254,-73.979499
N..N16R,574,40.768045,-73.978177
N..N16R,575,40.768274,-73.977993
N..N16R,576,40.768475,-73.977798
N..N16R,577,40.768649,-73.977592
N..N16R,578,40.768794,-73.977375
N..N16R,579,40.768911,-73.977148
N..N16R,580,40.769000,-73.976909
N..N16R,581,40.769062,-73.976660
N..N16R,582,40.769095,-73.976399
N..N16R,583,40.769101,-73.976128
N..N16R,584,40.769078,-73.975846
N..N16R,585,40.769028,-73.975553
N..N16R,586,40.768949,-73.975249
N..N16R,587,40.768843,-73.974934
N..N16R,588,40.768708,-73.974609
N..N16R,589,40.768546,-73.974272
N..N16R,590,40.767269,-73.972148
N..N16R,591,40.767239,-73.972102
N..N16R,592,40.767210,-73.972055
N..N16R,593,40.767180,-73.972007
N..N16R,594,40.767150,-73.971957
N..N16R,595,40.767121,-73.971906
N..N16R,596,40.767091,-73.971854
N..N16R,597,40.767062,-73.971801
N..N16R,598,40.767032,-73.971747
N..N16R,599,40.767003,-73.971691
N..N16R,600,40.766973,-73.971634
N..N16R,601,40.766944,-73.971576
N..N16R,602,40.766915,-73.971516
N..N16R,603,40.766885,-73.971456
N..N16R,604,40.766856,-73.971394
N..N16R,605,40.766827,-73.971330
N..N16R,606,40.764629,-73.966113
N..N16R,607,40.763973,-73.964558
N..N16R,608,40.763888,-73.964301
N..N16R,609,40.763822,-73.964052
N..N16R,610,40.763774,-73.963810
N..N16R,611,40.763744,-73.963574
N..N16R,612,40.763733,-73.963345
N..N16R,613,40.763740,-73.963123
N..N16R,614,40.763765,-73.962907
N..N16R,615,40.763808,-73.962698
N..N16R,616,40.763869,-73.962496
N..N16R,617,40.763949,-73.962301
N..N16R,618,40.764046,-73.962112
N..N16R,619,40.764162,-73.961930
N..N16R,620,40.764296,-73.961755
N..N16R,621,40.764449,-73.961587
N..N16R,622,40.764620,-73.961424
N..N16R,623,40.768090,-73.958883
N..N16R,624,40.768780,-73.958380
N..N16R,625,40.777215,-73.952225
N..N16R,626,40.777873,-73.951745
N..N16R,627,40.783471,-73.947656
N..N20R,0,40.577422,-73.981233
N..N20R,1,40.578309,-73.981401
N..N20R,2,40.578339,-73.981405
N..N20R,3,40.578370,-73.981409
N..N20R,4,40.578400,-73.981412
N..N20R,5,40.578429,-73.981414
N..N20R,6,40.578459,-73.981415
N..N20R,7,40.578488,-73.981416
N..N20R,8,40.578518,-73.981415
N..N20R,9,40.578546,-73.981414
N..N20R,10,40.578575,-73.981413
N..N20R,11,40.578604,-73.981410
N..N20R,12,40.578632,-73.981407
N..N20R,13,40.578660,-73.981403
N..N20R,14,40.578688,-73.981398
N..N20R,15,40.578716,-73.981392
N..N20R,16,40.578743,-73.981386
N..N20R,17,40.578767,-73.981382
N..N20R,18,40.578792,-73.981379
N..N20R,19,40.578816,-73.981376
N..N20R,20,40.578841,-73.981373
N..N20R,21,40.578866,-73.981371
N..N20R,22,40.578891,-73.981370
N..N20R,23,40.578916,-73.981368
N..N20R,24,40.578942,-73.981368
N..N20R,25,40.578968,-73.981367
N..N20R,26,40.578993,-73.981367
N..N20R,27,40.579020,-73.981368
N..N20R,28,40.579046,-73.981369
N..N20R,29,40.579072,-73.981370
N..N20R,30,40.579099,-73.981372
N..N20R,31,40.579126,-73.981373
N..N20R,32,40.580445,-73.981460
N..N20R,33,40.580478,-73.981460
N..N20R,34,40.580511,-73.981460
N..N20R,35,40.580544,-73.981458
N..N20R,36,40.580576,-73.981456
N..N20R,37,40.580609,-73.981453
N..N20R,38,40.580641,-73.981448
N..N20R,39,40.580672,-73.981443
N..N20R,40,40.580704,-73.981437
N..N20R,41,40.580735,-73.981429
N..N20R,42,40.580765,-73.981421
N..N20R,43,40.580796,-73.981412
N..N20R,44,40.580826,-73.981401
N..N20R,45,40.580855,-73.981390
N..N20R,46,40.580885,-73.981377
N..N20R,47,40.580914,-73.981364
N..N20R,48,40.581268,-73.981208
N..N20R,49,40.581303,-73.981190
N..N20R,50,40.581337,-73.981173
N..N20R,51,40.581370,-73.981156
N..N20R,52,40.581402,-73.981140
N..N20R,53,40.581434,-73.981123
N..N20R,54,40.581465,-73.981107
N..N20R,55,40.581495,-73.981091
N..N20R,56,40.581525,-73.981075
N..N20R,57,40.581553,-73.981059
N..N20R,58,40.581581,-73.981044
N..N20R,59,40.581608,-73.981028
N..N20R,60,40.581635,-73.981013
N..N20R,61,40.581660,-73.980998
N..N20R,62,40.581685,-73.980983
N..N20R,63,40.581709,-73.980968
N..N20R,64,40.581736,-73.980950
N..N20R,65,40.581762,-73.980933
N..N20R,66,40.581789,-73.980917
N..N20R,67,40.581815,-73.980901
N..N20R,68,40.581841,-73.980885
N..N20R,69,40.581868,-73.980870
N..N20R,70,40.581894,-73.980855
N..N20R,71,40.581920,-73.980841
N..N20R,72,40.581946,-73.980827
N..N20R,73,40.581972,-73.980814
N..N20R,74,40.581998,-73.980801
N..N20R,75,40.582024,-73.980789
N..N20R,76,40.582050,-73.980777
N..N20R,77,40.582075,-73.980766
N..N20R,78,40.582101,-73.980756
N..N20R,79,40.583547,-73.980134
N..N20R,80,40.583571,-73.980124
N..N20R,81,40.583595,-73.980114
N..N20R,82,40.583619,-73.980104
N..N20R,83,40.583643,-73.980095
N..N20R,84,40.583668,-73.980085
N..N20R,85,40.583693,-73.980075
N..N20R,86,40.583718,-73.980066
N..N20R,87,40.583743,-73.980056
N..N20R,88,40.583768,-73.980047
N..N20R,89,40.583793,-73.980038
N..N20R,90,40.583818,-73.980028
N..N20R,91,40.583844,-73.980019
N..N20R,92,40.583870,-73.980010
N..N20R,93,40.583896,-73.980001
N..N20R,94,40.583922,-73.979992
N..N20R,95,40.587474,-73.978868
N..N20R,96,40.587495,-73.978861
N..N20R,97,40.587517,-73.978854
N..N20R,98,40.587538,-73.978848
N..N20R,99,40.587559,-73.978841
N..N20R,100,40.587580,-73.978835
N..N20R,101,40.587601,-73.978829
N..N20R,102,40.587622,-73.978823
N..N20R,103,40.587642,-73.978817
N..N20R,104,40.587663,-73.978812
N..N20R,105,40.587683,-73.978806
N..N20R,106,40.587703,-73.978801
N..N20R,107,40.587723,-73.978796
N..N20R,108,40.587743,-73.978791
N..N20R,109,40.587763,-73.978786
N..N20R,110,40.587783,-73.978782
N..N20R,111,40.588129,-73.978697
N..N20R,112,40.588163,-73.978690
N..N20R,113,40.588196,-73.978682
N..N20R,114,40.588229,-73.978674
N..N20R,115,40.588263,-73.978665
N..N20R,116,40.588295,-73.978656
N..N20R,117,40.588328,-73.978647
N..N20R,118,40.588361,-73.978638
N..N20R,119,40.588393,-73.978628
N..N20R,120,40.588425,-73.978618
N..N20R,121,40.588457,-73.978607
N..N20R,122,40.588489,-73.978597
N..N20R,123,40.588521,-73.978585
N..N20R,124,40.588553,-73.978574
N..N20R,125,40.588584,-73.978562
N..N20R,126,40.588616,-73.978551
N..N20R,127,40.589237,-73.978329
N..N20R,128,40.589592,-73.978235
N..N20R,129,40.589744,-73.978190
N..N20R,130,40.589895,-73.978151
N..N20R,131,40.590044,-73.978117
N..N20R,132,40.590190,-73.978087
N..N20R,133,40.590335,-73.978061
N..N20R,134,40.590478,-73.978039
N..N20R,135,40.590619,-73.978022
N..N20R,136,40.590758,-73.978009
N..N20R,137,40.590896,-73.978000
N..N20R,138,40.591031,-73.977995
N..N20R,139,40.591164,-73.977995
N..N20R,140,40.591296,-73.977999
N..N20R,141,40.591425,-73.978007
N..N20R,142,40.591553,-73.978019
N..N20R,143,40.591679,-73.978036
N..N20R,144,40.592721,-73.978230
N..N20R,145,40.597473,-73.979137
N..N20R,146,40.603923,-73.980353
N..N20R,147,40.611815,-73.981848
N..N20R,148,40.613511,-73.982195
N..N20R,149,40.613669,-73.982235
N..N20R,150,40.613824,-73.982275
N..N20R,151,40.613974,-73.982316
N..N20R,152,40.614120,-73.982359
N..N20R,153,40.614262,-73.982404
N..N20R,154,40.614400,-73.982450
N..N20R,155,40.614534,-73.982498
N..N20R,156,40.614663,-73.982547
N..N20R,157,40.614789,-73.982597
N..N20R,158,40.614910,-73.982649
N..N20R,159,40.615027,-73.982703
N..N20R,160,40.615140,-73.982758
N..N20R,161,40.615249,-73.982814
N..N20R,162,40.615354,-73.982872
N..N20R,163,40.615455,-73.982933
N..N20R,164,40.615584,-73.983015
N..N20R,165,40.615710,-73.983101
N..N20R,166,40.615833,-73.983191
N..N20R,167,40.615954,-73.983285
N..N20R,168,40.616074,-73.983383
N..N20R,169,40.616191,-73.983485
N..N20R,170,40.616305,-73.983592
N..N20R,171,40.616418,-73.983703
N..N20R,172,40.616529,-73.983818
N..N20R,173,40.616637,-73.983937
N..N20R,174,40.616743,-73.984061
N..N20R,175,40.616847,-73.984189
N..N20R,176,40.616949,-73.984320
N..N20R,177,40.617049,-73.984457
N..N20R,178,40.617146,-73.984597
N..N20R,179,40.617410,-73.985026
N..N20R,180,40.620671,-73.990414
N..N20R,181,40.623531,-73.995150
N..N20R,182,40.623573,-73.995218
N..N20R,183,40.623616,-73.995284
N..N20R,184,40.623661,-73.995350
N..N20R,185,40.623709,-73.995414
N..N20R,186,40.623759,-73.995477
N..N20R,187,40.623812,-73.995540
N..N20R,188,40.623867,-73.995601
N..N20R,189,40.623924,-73.995661
N..N20R,190,40.623984,-73.995720
N..N20R,191,40.624046,-73.995778
N..N20R,192,40.624110,-73.995835
N..N20R,193,40.624177,-73.995890
N..N20R,194,40.624246,-73.995945
N..N20R,195,40.624317,-73.995999
N..N20R,196,40.624391,-73.996052
N..N20R,197,40.624842,-73.996353
N..N20R,198,40.625619,-73.996865
N..N20R,199,40.625759,-73.996967
N..N20R,200,40.625895,-73.997068
N..N20R,201,40.626026,-73.997170
N..N20R,202,40.626152,-73.997273
N..N20R,203,40.626274,-73.997378
N..N20R,204,40.626391,-73.997483
N..N20R,205,40.626503,-73.997590
N..N20R,206,40.626610,-73.997698
N..N20R,207,40.626713,-73.997807
N..N20R,208,40.626811,-73.997917
N..N20R,209,40.626904,-73.998029
N..N20R,210,40.626992,-73.998141
N..N20R,211,40.627076,-73.998255
N..N20R,212,40.627155,-73.998370
N..N20R,213,40.627228,-73.998487
N..N20R,214,40.631386,-74.005351
N..N20R,215,40.633390,-74.008653
N..N20R,216,40.633418,-74.008699
N..N20R,217,40.633446,-74.008746
N..N20R,218,40.633474,-74.008793
N..N20R,219,40.633502,-74.008839
N..N20R,220,40.633530,-74.008886
N..N20R,221,40.633558,-74.008933
N..N20R,222,40.633585,-74.008980
N..N20R,223,40.633613,-74.009028
N..N20R,224,40.633640,-74.009075
N..N20R,225,40.633668,-74.009122
N..N20R,226,40.633695,-74.009170
N..N20R,227,40.633722,-74.009217
N..N20R,228,40.633749,-74.009265
N..N20R,229,40.633776,-74.009313
N..N20R,230,40.633803,-74.009361
N..N20R,231,40.634653,-74.010907
N..N20R,232,40.634688,-74.010969
N..N20R,233,40.634721,-74.011030
N..N20R,234,40.634754,-74.011090
N..N20R,235,40.634786,-74.011149
N..N20R,236,40.634816,-74.011206
N..N20R,237,40.634846,-74.011263
N..N20R,238,40.634874,-74.011318
N..N20R,239,40.634902,-74.011372
N..N20R,240,40.634928,-74.011425
N..N20R,241,40.634953,-74.011477
N..N20R,242,40.634977,-74.011527
N..N20R,243,40.635001,-74.011577
N..N20R,244,40.635023,-74.011626
N..N20R,245,40.635044,-74.011673
N..N20R,246,40.635064,-74.011719
N..N20R,247,40.635100,-74.011805
N..N20R,248,40.635135,-74.011891
N..N20R,249,40.635170,-74.011980
N..N20R,250,40.635204,-74.012069
N..N20R,251,40.635237,-74.012161
N..N20R,252,40.635270,-74.012254
N..N20R,253,40.635302,-74.012348
N..N20R,254,40.635334,-74.012444
N..N20R,255,40.635365,-74.012542
N..N20R,256,40.635395,-74.012641
N..N20R,257,40.635425,-74.012742
N..N20R,258,40.635454,-74.012845
N..N20R,259,40.635482,-74.012949
N..N20R,260,40.635510,-74.013055
N..N20R,261,40.635538,-74.013161
N..N20R,262,40.636319,-74.016190
N..N20R,263,40.636331,-74.016238
N..N20R,264,40.636343,-74.016285
N..N20R,265,40.636354,-74.016332
N..N20R,266,40.636366,-74.016379
N..N20R,267,40.636378,-74.016425
N..N20R,268,40.636391,-74.016471
N..N20R,269,40.636403,-74.016516
N..N20R,270,40.636415,-74.016561
N..N20R,271,40.636428,-74.016606
N..N20R,272,40.636440,-74.016650
N..N20R,273,40.636453,-74.016694
N..N20R,274,40.636465,-74.016737
N..N20R,275,40.636478,-74.016780
N..N20R,276,40.636491,-74.016822
N..N20R,277,40.636504,-74.016864
N..N20R,278,40.637265,-74.019487
N..N20R,279,40.637301,-74.019604
N..N20R,280,40.637339,-74.019716
N..N20R,281,40.637378,-74.019825
N..N20R,282,40.637418,-74.019929
N..N20R,283,40.637459,-74.020029
N..N20R,284,40.637502,-74.020124
N..N20R,285,40.637546,-74.020216
N..N20R,286,40.637591,-74.020303
N..N20R,287,40.637637,-74.020386
N..N20R,288,40.637684,-74.020465
N..N20R,289,40.637733,-74.020539
N..N20R,290,40.637783,-74.020610
N..N20R,291,40.637834,-74.020676
N..N20R,292,40.637886,-74.020737
N..N20R,293,40.637940,-74.020795
N..N20R,294,40.637978,-74.020837
N..N20R,295,40.638018,-74.020872
N..N20R,296,40.638059,-74.020900
N..N20R,297,40.638101,-74.020921
N..N20R,298,40.638145,-74.020936
N..N20R,299,40.638189,-74.020943
N..N20R,300,40.638235,-74.020944
N..N20R,301,40.638283,-74.020938
N..N20R,302,40.638331,-74.020925
N..N20R,303,40.638381,-74.020905
N..N20R,304,40.638433,-74.020879
N..N20R,305,40.638485,-74.020845
N..N20R,306,40.638539,-74.020805
N..N20R,307,40.638594,-74.020758
N..N20R,308,40.638650,-74.020704
N..N20R,309,40.641362,-74.017881
N..N20R,310,40.645069,-74.014034
N..N20R,311,40.648939,-74.010006
N..N20R,312,40.653563,-74.005194
N..N20R,313,40.655144,-74.003549
N..N20R,314,40.660397,-73.998091
N..N20R,315,40.665414,-73.992872
N..N20R,316,40.665448,-73.992838
N..N20R,317,40.665483,-73.992804
N..N20R,318,40.665517,-73.992772
N..N20R,319,40.665552,-73.992739
N..N20R,320,40.665586,-73.992707
N..N20R,321,40.665620,-73.992675
N..N20R,322,40.665655,-73.992644
N..N20R,323,40.665689,-73.992612
N..N20R,324,40.665724,-73.992582
N..N20R,325,40.665758,-73.992551
N..N20R,326,40.665792,-73.992521
N..N20R,327,40.665827,-73.992491
N..N20R,328,40.665861,-73.992462
N..N20R,329,40.665896,-73.992433
N..N20R,330,40.665930,-73.992403
N..N20R,331,40.670847,-73.988302
N..N20R,332,40.675775,-73.984193
N..N20R,333,40.675831,-73.984147
N..N20R,334,40.675887,-73.984102
N..N20R,335,40.675942,-73.984059
N..N20R,336,40.675997,-73.984016
N..N20R,337,40.676050,-73.983975
N..N20R,338,40.676104,-73.983934
N..N20R,339,40.676156,-73.983895
N..N20R,340,40.676208,-73.983857
N..N20R,341,40.676259,-73.983820
N..N20R,342,40.676309,-73.983785
N..N20R,343,40.676359,-73.983750
N..N20R,344,40.676408,-73.983717
N..N20R,345,40.676457,-73.983684
N..N20R,346,40.676505,-73.983653
N..N20R,347,40.676552,-73.983623
N..N20R,348,40.677316,-73.983110
N..N20R,349,40.683666,-73.978810
N..N20R,350,40.684598,-73.978198
N..N20R,351,40.684641,-73.978169
N..N20R,352,40.684683,-73.978143
N..N20R,353,40.684726,-73.978118
N..N20R,354,40.684769,-73.978096
N..N20R,355,40.684811,-73.978075
N..N20R,356,40.684854,-73.978057
N..N20R,357,40.684897,-73.978040
N..N20R,358,40.684939,-73.978026
N..N20R,359,40.684982,-73.978014
N..N20R,360,40.685024,-73.978003
N..N20R,361,40.685067,-73.977995
N..N20R,362,40.685110,-73.977988
N..N20R,363,40.685152,-73.977984
N..N20R,364,40.685195,-73.977981
N..N20R,365,40.685237,-73.977980
N..N20R,366,40.687446,-73.978304
N..N20R,367,40.687496,-73.978312
N..N20R,368,40.687545,-73.978323
N..N20R,369,40.687594,-73.978338
N..N20R,370,40.687640,-73.978357
N..N20R,371,40.687686,-73.978380
N..N20R,372,40.687730,-73.978406
N..N20R,373,40.687773,-73.978436
N..N20R,374,40.687815,-73.978469
N..N20R,375,40.687855,-73.978506
N..N20R,376,40.687894,-73.978547
N..N20R,377,40.687931,-73.978592
N..N20R,378,40.687967,-73.978640
N..N20R,379,40.688002,-73.978691
N..N20R,380,40.688036,-73.978747
N..N20R,381,40.688068,-73.978805
N..N20R,382,40.688730,-73.980474
N..N20R,383,40.688760,-73.980545
N..N20R,384,40.688792,-73.980613
N..N20R,385,40.688827,-73.980678
N..N20R,386,40.688863,-73.980740
N..N20R,387,40.688902,-73.980798
N..N20R,388,40.688943,-73.980853
N..N20R,389,40.688986,-73.980905
N..N20R,390,40.689031,-73.980954
N..N20R,391,40.689078,-73.980999
N..N20R,392,40.689127,-73.981042
N..N20R,393,40.689178,-73.981081
N..N20R,394,40.689232,-73.981117
N..N20R,395,40.689287,-73.981149
N..N20R,396,40.689345,-73.981179
N..N20R,397,40.689405,-73.981205
N..N20R,398,40.690635,-73.981824
N..N20R,399,40.691559,-73.982304
N..N20R,400,40.691624,-73.982337
N..N20R,401,40.691684,-73.982376
N..N20R,402,40.691740,-73.982419
N..N20R,403,40.691792,-73.982467
N..N20R,404,40.691840,-73.982521
N..N20R,405,40.691883,-73.982579
N..N20R,406,40.691922,-73.982642
N..N20R,407,40.691957,-73.982711
N..N20R,408,40.691988,-73.982784
N..N20R,409,40.692014,-73.982862
N..N20R,410,40.692036,-73.982946
N..N20R,411,40.692054,-73.983034
N..N20R,412,40.692068,-73.983127
N..N20R,413,40.692077,-73.983226
N..N20R,414,40.692082,-73.983329
N..N20R,415,40.692180,-73.985942
N..N20R,416,40.692270,-73.988290
N..N20R,417,40.692277,-73.988439
N..N20R,418,40.692290,-73.988583
N..N20R,419,40.692309,-73.988720
N..N20R,420,40.692335,-73.988848
N..N20R,421,40.692367,-73.988970
N..N20R,422,40.692405,-73.989083
N..N20R,423,40.692449,-73.989190
N..N20R,424,40.692500,-73.989288
N..N20R,425,40.692557,-73.989380
N..N20R,426,40.692621,-73.989463
N..N20R,427,40.692690,-73.989540
N..N20R,428,40.692766,-73.989608
N..N20R,429,40.692849,-73.989669
N..N20R,430,40.692937,-73.989723
N..N20R,431,40.693032,-73.989769
N..N20R,432,40.693111,-73.989809
N..N20R,433,40.693186,-73.989854
N..N20R,434,40.693257,-73.989902
N..N20R,435,40.693325,-73.989954
N..N20R,436,40.693389,-73.990010
N..N20R,437,40.693449,-73.990070
N..N20R,438,40.693506,-73.990134
N..N20R,439,40.693559,-73.990202
N..N20R,440,40.693608,-73.990274
N..N20R,441,40.693654,-73.990350
N..N20R,442,40.693696,-73.990430
N..N20R,443,40.693734,-73.990514
N..N20R,444,40.693768,-73.990602
N..N20R,445,40.693799,-73.990693
N..N20R,446,40.693825,-73.990788
N..N20R,447,40.694100,-73.991777
N..N20R,448,40.695626,-73.997331
N..N20R,449,40.695655,-73.997441
N..N20R,450,40.695685,-73.997553
N..N20R,451,40.695716,-73.997667
N..N20R,452,40.695749,-73.997782
N..N20R,453,40.695782,-73.997899
N..N20R,454,40.695816,-73.998018
N..N20R,455,40.695852,-73.998138
N..N20R,456,40.695888,-73.998260
N..N20R,457,40.695926,-73.998384
N..N20R,458,40.695965,-73.998509
N..N20R,459,40.696005,-73.998636
N..N20R,460,40.696046,-73.998764
N..N20R,461,40.696088,-73.998895
N..N20R,462,40.696131,-73.999026
N..N20R,463,40.696176,-73.999159
N..N20R,464,40.699942,-74.010110
N..N20R,465,40.700483,-74.011412
N..N20R,466,40.700546,-74.011544
N..N20R,467,40.700612,-74.011669
N..N20R,468,40.700682,-74.011786
N..N20R,469,40.700755,-74.011896
N..N20R,470,40.700832,-74.012000
N..N20R,471,40.700913,-74.012097
N..N20R,472,40.700997,-74.012187
N..N20R,473,40.701086,-74.012270
N..N20R,474,40.701177,-74.012346
N..N20R,475,40.701273,-74.012415
N..N20R,476,40.701372,-74.012477
N..N20R,477,40.701476,-74.012532
N..N20R,478,40.701582,-74.012581
N..N20R,479,40.701693,-74.012622
N..N20R,480,40.701808,-74.012658
N..N20R,481,40.703087,-74.012994
N..N20R,482,40.703592,-74.013114
N..N20R,483,40.703655,-74.013128
N..N20R,484,40.703722,-74.013142
N..N20R,485,40.703792,-74.013156
N..N20R,486,40.703865,-74.013171
N..N20R,487,40.703942,-74.013185
N..N20R,488,40.704023,-74.013199
N..N20R,489,40.704107,-74.013213
N..N20R,490,40.704194,-74.013227
N..N20R,491,40.704285,-74.013241
N..N20R,492,40.704379,-74.013255
N..N20R,493,40.704477,-74.013269
N..N20R,494,40.704578,-74.013284
N..N20R,495,40.704683,-74.013298
N..N20R,496,40.704791,-74.013312
N..N20R,497,40.704903,-74.013326
N..N20R,498,40.704946,-74.013331
N..N20R,499,40.704989,-74.013338
N..N20R,500,40.705030,-74.013347
N..N20R,501,40.705072,-74.013358
N..N20R,502,40.705114,-74.013371
N..N20R,503,40.705155,-74.013386
N..N20R,504,40.705196,-74.013404
N..N20R,505,40.705236,-74.013423
N..N20R,506,40.705277,-74.013444
N..N20R,507,40.705317,-74.013467
N..N20R,508,40.705357,-74.013493
N..N20R,509,40.705396,-74.013520
N..N20R,510,40.705436,-74.013549
N..N20R,511,40.705475,-74.013581
N..N20R,512,40.705514,-74.013614
N..N20R,513,40.705755,-74.013816
N..N20R,514,40.705820,-74.013870
N..N20R,515,40.705884,-74.013918
N..N20R,516,40.705946,-74.013958
N..N20R,517,40.706007,-74.013992
N..N20R,518,40.706067,-74.014018
N..N20R,519,40.706126,-74.014037
N..N20R,520,40.706184,-74.014050
N..N20R,521,40.706241,-74.014055
N..N20R,522,40.706297,-74.014053
N..N20R,523,40.706352,-74.014044
N..N20R,524,40.706406,-74.014028
N..N20R,525,40.706459,-74.014005
N..N20R,526,40.706511,-74.013975
N..N20R,527,40.706562,-74.013938
N..N20R,528,40.706611,-74.013894
N..N20R,529,40.706959,-74.013569
N..N20R,530,40.706975,-74.013554
N..N20R,531,40.706992,-74.013539
N..N20R,532,40.707008,-74.013523
N..N20R,533,40.707025,-74.013508
N..N20R,534,40.707042,-74.013493
N..N20R,535,40.707059,-74.013478
N..N20R,536,40.707076,-74.013463
N..N20R,537,40.707094,-74.013447
N..N20R,538,40.707111,-74.013432
N..N20R,539,40.707129,-74.013417
N..N20R,540,40.707147,-74.013402
N..N20R,541,40.707165,-74.013387
N..N20R,542,40.707183,-74.013372
N..N20R,543,40.707201,-74.013357
N..N20R,544,40.707220,-74.013342
N..N20R,545,40.707254,-74.013314
N..N20R,546,40.707290,-74.013286
N..N20R,547,40.707326,-74.013258
N..N20R,548,40.707362,-74.013232
N..N20R,549,40.707400,-74.013205
N..N20R,550,40.707438,-74.013179
N..N20R,551,40.707477,-74.013153
N..N20R,552,40.710668,-74.011029
N..N20R,553,40.711537,-74.010465
N..N20R,554,40.711587,-74.010420
N..N20R,555,40.711631,-74.010373
N..N20R,556,40.711669,-74.010323
N..N20R,557,40.711701,-74.010270
N..N20R,558,40.711728,-74.010215
N..N20R,559,40.711748,-74.010157
N..N20R,560,40.711762,-74.010096
N..N20R,561,40.711770,-74.010032
N..N20R,562,40.711773,-74.009965
N..N20R,563,40.711769,-74.009896
N..N20R,564,40.711760,-74.009824
N..N20R,565,40.711744,-74.009749
N..N20R,566,40.711723,-74.009672
N..N20R,567,40.711695,-74.009592
N..N20R,568,40.711662,-74.009509
N..N20R,569,40.711623,-74.009411
N..N20R,570,40.711589,-74.009327
N..N20R,571,40.711561,-74.009245
N..N20R,572,40.711537,-74.009165
N..N20R,573,40.711519,-74.009087
N..N20R,574,40.711507,-74.009011
N..N20R,575,40.711500,-74.008937
N..N20R,576,40.711498,-74.008865
N..N20R,577,40.711501,-74.008794
N..N20R,578,40.711510,-74.008725
N..N20R,579,40.711525,-74.008659
N..N20R,580,40.711544,-74.008594
N..N20R,581,40.711569,-74.008531
N..N20R,582,40.711599,-74.008470
N..N20R,583,40.711635,-74.008410
N..N20R,584,40.711676,-74.008353
N..N20R,585,40.712478,-74.007711
N..N20R,586,40.712488,-74.007703
N..N20R,587,40.712497,-74.007694
N..N20R,588,40.712507,-74.007686
N..N20R,589,40.712516,-74.007677
N..N20R,590,40.712525,-74.007669
N..N20R,591,40.712533,-74.007660
N..N20R,592,40.712542,-74.007651
N..N20R,593,40.712550,-74.007641
N..N20R,594,40.712558,-74.007632
N..N20R,595,40.712566,-74.007623
N..N20R,596,40.712574,-74.007613
N..N20R,597,40.712582,-74.007603
N..N20R,598,40.712589,-74.007593
N..N20R,599,40.712596,-74.007583
N..N20R,600,40.712603,-74.007573
N..N20R,601,40.712610,-74.007563
N..N20R,602,40.712618,-74.007553
N..N20R,603,40.712625,-74.007544
N..N20R,604,40.712633,-74.007535
N..N20R,605,40.712640,-74.007526
N..N20R,606,40.712648,-74.007517
N..N20R,607,40.712656,-74.007508
N..N20R,608,40.712664,-74.007500
N..N20R,609,40.712672,-74.007492
N..N20R,610,40.712680,-74.007484
N..N20R,611,40.712688,-74.007476
N..N20R,612,40.712697,-74.007468
N..N20R,613,40.712705,-74.007461
N..N20R,614,40.712713,-74.007454
N..N20R,615,40.712722,-74.007447
N..N20R,616,40.713282,-74.006978
N..N20R,617,40.714011,-74.006374
N..N20R,618,40.714018,-74.006368
N..N20R,619,40.714025,-74.006363
N..N20R,620,40.714032,-74.006357
N..N20R,621,40.714039,-74.006352
N..N20R,622,40.714046,-74.006347
N..N20R,623,40.714054,-74.006342
N..N20R,624,40.714061,-74.006337
N..N20R,625,40.714069,-74.006333
N..N20R,626,40.714076,-74.006329
N..N20R,627,40.714084,-74.006324
N..N20R,628,40.714092,-74.006321
N..N20R,629,40.714100,-74.006317
N..N20R,630,40.714108,-74.006313
N..N20R,631,40.714116,-74.006310
N..N20R,632,40.714124,-74.006307
N..N20R,633,40.714133,-74.006303
N..N20R,634,40.714141,-74.006299
N..N20R,635,40.714150,-74.006296
N..N20R,636,40.714158,-74.006292
N..N20R,637,40.714166,-74.006288
N..N20R,638,40.714174,-74.006283
N..N20R,639,40.714181,-74.006279
N..N20R,640,40.714189,-74.006275
N..N20R,641,40.714196,-74.006270
N..N20R,642,40.714203,-74.006266
N..N20R,643,40.714210,-74.006261
N..N20R,644,40.714217,-74.006257
N..N20R,645,40.714223,-74.006252
N..N20R,646,40.714230,-74.006247
N..N20R,647,40.714236,-74.006242
N..N20R,648,40.719527,-74.001775
N..N20R,649,40.719930,-74.001429
N..N20R,650,40.719858,-74.001483
N..N20R,651,40.719787,-74.001528
N..N20R,652,40.719718,-74.001564
N..N20R,653,40.719650,-74.001592
N..N20R,654,40.719584,-74.001611
N..N20R,655,40.719519,-74.001622
N..N20R,656,40.719456,-74.001623
N..N20R,657,40.719394,-74.001616
N..N20R,658,40.719334,-74.001601
N..N20R,659,40.719275,-74.001577
N..N20R,660,40.719218,-74.001544
N..N20R,661,40.719162,-74.001502
N..N20R,662,40.719108,-74.001452
N..N20R,663,40.719055,-74.001393
N..N20R,664,40.719004,-74.001326
N..N20R,665,40.718383,-74.000460
N..N20R,666,40.719004,-74.001326
N..N20R,667,40.719055,-74.001393
N..N20R,668,40.719108,-74.001452
N..N20R,669,40.719162,-74.001502
N..N20R,670,40.719218,-74.001544
N..N20R,671,40.719275,-74.001577
N..N20R,672,40.719334,-74.001601
N..N20R,673,40.719394,-74.001616
N..N20R,674,40.719456,-74.001623
N..N20R,675,40.719519,-74.001622
N..N20R,676,40.719584,-74.001611
N..N20R,677,40.719650,-74.001592
N..N20R,678,40.719718,-74.001564
N..N20R,679,40.719787,-74.001528
N..N20R,680,40.719858,-74.001483
N..N20R,681,40.719930,-74.001429
N..N20R,682,40.724329,-73.997702
N..N20R,683,40.730328,-73.992629
N..N20R,684,40.731445,-73.991683
N..N20R,685,40.731485,-73.991649
N..N20R,686,40.731526,-73.991617
N..N20R,687,40.731567,-73.991586
N..N20R,688,40.731609,-73.991558
N..N20R,689,40.731651,-73.991531
N..N20R,690,40.731693,-73.991505
N..N20R,691,40.731736,-73.991482
N..N20R,692,40.731779,-73.991460
N..N20R,693,40.731822,-73.991440
N..N20R,694,40.731866,-73.991422
N..N20R,695,40.731910,-73.991406
N..N20R,696,40.731954,-73.991391
N..N20R,697,40.731999,-73.991378
N..N20R,698,40.732044,-73.991367
N..N20R,699,40.732090,-73.991358
N..N20R,700,40.732090,-73.991358
N..N20R,701,40.735736,-73.990568
N..N20R,702,40.737433,-73.990206
N..N20R,703,40.737476,-73.990195
N..N20R,704,40.737519,-73.990186
N..N20R,705,40.737563,-73.990176
N..N20R,706,40.737608,-73.990166
N..N20R,707,40.737653,-73.990155
N..N20R,708,40.737698,-73.990144
N..N20R,709,40.737745,-73.990134
N..N20R,710,40.737792,-73.990122
N..N20R,711,40.737839,-73.990111
N..N20R,712,40.737887,-73.990099
N..N20R,713,40.737936,-73.990088
N..N20R,714,40.737985,-73.990076
N..N20R,715,40.738035,-73.990063
N..N20R,716,40.738085,-73.990051
N..N20R,717,40.738136,-73.990037
N..N20R,718,40.739792,-73.989604
N..N20R,719,40.739844,-73.989590
N..N20R,720,40.739894,-73.989578
N..N20R,721,40.739945,-73.989566
N..N20R,722,40.739995,-73.989554
N..N20R,723,40.740045,-73.989543
N..N20R,724,40.740095,-73.989532
N..N20R,725,40.740145,-73.989522
N..N20R,726,40.740195,-73.989512
N..N20R,727,40.740244,-73.989503
N..N20R,728,40.740294,-73.989494
N..N20R,729,40.740343,-73.989485
N..N20R,730,40.740392,-73.989477
N..N20R,731,40.740441,-73.989469
N..N20R,732,40.740489,-73.989462
N..N20R,733,40.740538,-73.989455
N..N20R,734,40.741303,-73.989344
N..N20R,735,40.742643,-73.989192
N..N20R,736,40.742700,-73.989186
N..N20R,737,40.742757,-73.989180
N..N20R,738,40.742812,-73.989173
N..N20R,739,40.742867,-73.989166
N..N20R,740,40.742920,-73.989160
N..N20R,741,40.742973,-73.989153
N..N20R,742,40.743025,-73.989146
N..N20R,743,40.743075,-73.989138
N..N20R,744,40.743125,-73.989131
N..N20R,745,40.743173,-73.989123
N..N20R,746,40.743221,-73.989116
N..N20R,747,40.743268,-73.989108
N..N20R,748,40.743314,-73.989100
N..N20R,749,40.743358,-73.989091
N..N20R,750,40.743402,-73.989083
N..N20R,751,40.745494,-73.988691
N..N20R,752,40.749567,-73.987950
N..N20R,753,40.751815,-73.987570
N..N20R,754,40.751893,-73.987556
N..N20R,755,40.751971,-73.987541
N..N20R,756,40.752049,-73.987526
N..N20R,757,40.752127,-73.987510
N..N20R,758,40.752204,-73.987493
N..N20R,759,40.752282,-73.987475
N..N20R,760,40.752360,-73.987457
N..N20R,761,40.752438,-73.987437
N..N20R,762,40.752516,-73.987417
N..N20R,763,40.752593,-73.987396
N..N20R,764,40.752671,-73.987375
N..N20R,765,40.752749,-73.987353
N..N20R,766,40.752827,-73.987329
N..N20R,767,40.752904,-73.987306
N..N20R,768,40.752982,-73.987281
N..N20R,769,40.754672,-73.986754
N..N20R,770,40.756430,-73.986201
N..N20R,771,40.756569,-73.986154
N..N20R,772,40.756705,-73.986106
N..N20R,773,40.756839,-73.986056
N..N20R,774,40.756971,-73.986003
N..N20R,775,40.757101,-73.985949
N..N20R,776,40.757229,-73.985893
N..N20R,777,40.757354,-73.985835
N..N20R,778,40.757477,-73.985775
N..N20R,779,40.757599,-73.985712
N..N20R,780,40.757718,-73.985648
N..N20R,781,40.757835,-73.985582
N..N20R,782,40.757949,-73.985514
N..N20R,783,40.758062,-73.985444
N..N20R,784,40.758173,-73.985371
N..N20R,785,40.758280,-73.985298
N..N20R,786,40.759901,-73.984139
N..N20R,787,40.764664,-73.980658
N..N20R,788,40.766254,-73.979499
N..N20R,789,40.766329,-73.979438
N..N20R,790,40.766396,-73.979375
N..N20R,791,40.766455,-73.979308
N..N20R,792,40.766507,-73.979239
N..N20R,793,40.766550,-73.979166
N..N20R,794,40.766585,-73.979091
N..N20R,795,40.766612,-73.979012
N..N20R,796,40.766632,-73.978931
N..N20R,797,40.766643,-73.978846
N..N20R,798,40.766646,-73.978759
N..N20R,799,40.766641,-73.978668
N..N20R,800,40.766628,-73.978575
N..N20R,801,40.766606,-73.978478
N..N20R,802,40.766577,-73.978379
N..N20R,803,40.766540,-73.978276
N..N20R,804,40.764825,-73.974217
N..N20R,805,40.764816,-73.974193
N..N20R,806,40.764808,-73.974170
N..N20R,807,40.764800,-73.974146
N..N20R,808,40.764793,-73.974121
N..N20R,809,40.764787,-73.974097
N..N20R,810,40.764782,-73.974073
N..N20R,811,40.764777,-73.974048
N..N20R,812,40.764773,-73.974024
N..N20R,813,40.764770,-73.973999
N..N20R,814,40.764768,-73.973974
N..N20R,815,40.764766,-73.973949
N..N20R,816,40.764765,-73.973924
N..N20R,817,40.764765,-73.973898
N..N20R,818,40.764766,-73.973873
N..N20R,819,40.764767,-73.973847
N..N20R,820,40.764811,-73.973347
N..N20R,821,40.764873,-73.972718
N..N20R,822,40.764873,-73.972694
N..N20R,823,40.764873,-73.972670
N..N20R,824,40.764872,-73.972647
N..N20R,825,40.764870,-73.972623
N..N20R,826,40.764867,-73.972599
N..N20R,827,40.764864,-73.972575
N..N20R,828,40.764859,-73.972550
N..N20R,829,40.764854,-73.972526
N..N20R,830,40.764849,-73.972501
N..N20R,831,40.764842,-73.972476
N..N20R,832,40.764835,-73.972450
N..N20R,833,40.764827,-73.972425
N..N20R,834,40.764819,-73.972399
N..N20R,835,40.764809,-73.972373
N..N20R,836,40.764799,-73.972347
N..N20R,837,40.762660,-73.967258
N..N20R,838,40.759230,-73.959131
N..N20R,839,40.753765,-73.946938
N..N20R,840,40.752553,-73.944152
N..N20R,841,40.751651,-73.942083
N..N20R,842,40.751632,-73.942041
N..N20R,843,40.751612,-73.941999
N..N20R,844,40.751593,-73.941960
N..N20R,845,40.751573,-73.941921
N..N20R,846,40.751552,-73.941884
N..N20R,847,40.751532,-73.941848
N..N20R,848,40.751511,-73.941814
N..N20R,849,40.751491,-73.941781
N..N20R,850,40.751469,-73.941749
N..N20R,851,40.751448,-73.941718
N..N20R,852,40.751427,-73.941689
N..N20R,853,40.751405,-73.941661
N..N20R,854,40.751383,-73.941634
N..N20R,855,40.751360,-73.941609
N..N20R,856,40.751338,-73.941585
N..N20R,857,40.751314,-73.941563
N..N20R,858,40.751290,-73.941539
N..N20R,859,40.751266,-73.941514
N..N20R,860,40.751241,-73.941487
N..N20R,861,40.751217,-73.941459
N..N20R,862,40.751192,-73.941429
N..N20R,863,40.751167,-73.941397
N..N20R,864,40.751143,-73.941364
N..N20R,865,40.751117,-73.941329
N..N20R,866,40.751092,-73.941293
N..N20R,867,40.751067,-73.941255
N..N20R,868,40.751041,-73.941215
N..N20R,869,40.751016,-73.941174
N..N20R,870,40.750990,-73.941131
N..N20R,871,40.750963,-73.941087
N..N20R,872,40.750582,-73.940202
N..N20R,873,40.750134,-73.939174
N..N20R,874,40.750093,-73.939074
N..N20R,875,40.750049,-73.938974
N..N20R,876,40.750003,-73.938874
N..N20R,877,40.749956,-73.938774
N..N20R,878,40.749907,-73.938674
N..N20R,879,40.749856,-73.938574
N..N20R,880,40.749804,-73.938475
N..N20R,881,40.749750,-73.938375
N..N20R,882,40.749694,-73.938276
N..N20R,883,40.749637,-73.938177
N..N20R,884,40.749578,-73.938078
N..N20R,885,40.749518,-73.937978
N..N20R,886,40.749456,-73.937880
N..N20R,887,40.749392,-73.937781
N..N20R,888,40.749327,-73.937683
N..N20R,889,40.749282,-73.937599
N..N20R,890,40.749245,-73.937515
N..N20R,891,40.749215,-73.937431
N..N20R,892,40.749192,-73.937348
N..N20R,893,40.749176,-73.937265
N..N20R,894,40.749167,-73.937182
N..N20R,895,40.749166,-73.937100
N..N20R,896,40.749172,-73.937018
N..N20R,897,40.749185,-73.936937
N..N20R,898,40.749205,-73.936856
N..N20R,899,40.749233,-73.936776
N..N20R,900,40.749267,-73.936696
N..N20R,901,40.749309,-73.936617
N..N20R,902,40.749359,-73.936538
N..N20R,903,40.749415,-73.936459
N..N20R,904,40.750639,-73.935135
N..N20R,905,40.750674,-73.935097
N..N20R,906,40.750709,-73.935059
N..N20R,907,40.750743,-73.935021
N..N20R,908,40.750777,-73.934984
N..N20R,909,40.750810,-73.934946
N..N20R,910,40.750842,-73.934908
N..N20R,911,40.750874,-73.934871
N..N20R,912,40.750906,-73.934833
N..N20R,913,40.750936,-73.934796
N..N20R,914,40.750966,-73.934759
N..N20R,915,40.750996,-73.934721
N..N20R,916,40.751025,-73.934684
N..N20R,917,40.751053,-73.934647
N..N20R,918,40.751081,-73.934610
N..N20R,919,40.751108,-73.934573
N..N20R,920,40.751406,-73.934101
N..N20R,921,40.751431,-73.934061
N..N20R,922,40.751458,-73.934022
N..N20R,923,40.751485,-73.933984
N..N20R,924,40.751513,-73.933946
N..N20R,925,40.751542,-73.933908
N..N20R,926,40.751572,-73.933872
N..N20R,927,40.751602,-73.933836
N..N20R,928,40.751634,-73.933800
N..N20R,929,40.751666,-73.933766
N..N20R,930,40.751700,-73.933731
N..N20R,931,40.751734,-73.933698
N..N20R,932,40.751769,-73.933665
N..N20R,933,40.751805,-73.933633
N..N20R,934,40.751841,-73.933601
N..N20R,935,40.751879,-73.933570
N..N20R,936,40.752882,-73.932755
N..N20R,937,40.756804,-73.929575
N..N20R,938,40.761820,-73.925508
N..N20R,939,40.766779,-73.921479
N..N20R,940,40.767617,-73.920795
N..N20R,941,40.767672,-73.920746
N..N20R,942,40.767726,-73.920696
N..N20R,943,40.767780,-73.920646
N..N20R,944,40.767835,-73.920594
N..N20R,945,40.767889,-73.920542
N..N20R,946,40.767942,-73.920489
N..N20R,947,40.767996,-73.920436
N..N20R,948,40.768050,-73.920382
N..N20R,949,40.768103,-73.920327
N..N20R,950,40.768157,-73.920271
N..N20R,951,40.768210,-73.920215
N..N20R,952,40.768263,-73.920158
N..N20R,953,40.768316,-73.920100
N..N20R,954,40.768368,-73.920041
N..N20R,955,40.768421,-73.919982
N..N20R,956,40.770258,-73.917843
N..N20R,957,40.775036,-73.912034
N..N23R,0,40.577422,-73.981233
N..N23R,1,40.578309,-73.981401
N..N23R,2,40.578339,-73.981405
N..N23R,3,40.578370,-73.981409
N..N23R,4,40.578400,-73.981412
N..N23R,5,40.578429,-73.981414
N..N23R,6,40.578459,-73.981415
N..N23R,7,40.578488,-73.981416
N..N23R,8,40.578518,-73.981415
N..N23R,9,40.578546,-73.981414
N..N23R,10,40.578575,-73.981413
N..N23R,11,40.578604,-73.981410
N..N23R,12,40.578632,-73.981407
N..N23R,13,40.578660,-73.981403
N..N23R,14,40.578688,-73.981398
N..N23R,15,40.578716,-73.981392
N..N23R,16,40.578743,-73.981386
N..N23R,17,40.578767,-73.981382
N..N23R,18,40.578792,-73.981379
N..N23R,19,40.578816,-73.981376
N..N23R,20,40.578841,-73.981373
N..N23R,21,40.578866,-73.981371
N..N23R,22,40.578891,-73.981370
N..N23R,23,40.578916,-73.981368
N..N23R,24,40.578942,-73.981368
N..N23R,25,40.578968,-73.981367
N..N23R,26,40.578993,-73.981367
N..N23R,27,40.579020,-73.981368
N..N23R,28,40.579046,-73.981369
N..N23R,29,40.579072,-73.981370
N..N23R,30,40.579099,-73.981372
N..N23R,31,40.579126,-73.981373
N..N23R,32,40.580445,-73.981460
N..N23R,33,40.580478,-73.981460
N..N23R,34,40.580511,-73.981460
N..N23R,35,40.580544,-73.981458
N..N23R,36,40.580576,-73.981456
N..N23R,37,40.580609,-73.981453
N..N23R,38,40.580641,-73.981448
N..N23R,39,40.580672,-73.981443
N..N23R,40,40.580704,-73.981437
N..N23R,41,40.580735,-73.981429
N..N23R,42,40.580765,-73.981421
N..N23R,43,40.580796,-73.981412
N..N23R,44,40.580826,-73.981401
N..N23R,45,40.580855,-73.981390
N..N23R,46,40.580885,-73.981377
N..N23R,47,40.580914,-73.981364
N..N23R,48,40.581268,-73.981208
N..N23R,49,40.581303,-73.981190
N..N23R,50,40.581337,-73.981173
N..N23R,51,40.581370,-73.981156
N..N23R,52,40.581402,-73.981140
N..N23R,53,40.581434,-73.981123
N..N23R,54,40.581465,-73.981107
N..N23R,55,40.581495,-73.981091
N..N23R,56,40.581525,-73.981075
N..N23R,57,40.581553,-73.981059
N..N23R,58,40.581581,-73.981044
N..N23R,59,40.581608,-73.981028
N..N23R,60,40.581635,-73.981013
N..N23R,61,40.581660,-73.980998
N..N23R,62,40.581685,-73.980983
N..N23R,63,40.581709,-73.980968
N..N23R,64,40.581736,-73.980950
N..N23R,65,40.581762,-73.980933
N..N23R,66,40.581789,-73.980917
N..N23R,67,40.581815,-73.980901
N..N23R,68,40.581841,-73.980885
N..N23R,69,40.581868,-73.980870
N..N23R,70,40.581894,-73.980855
N..N23R,71,40.581920,-73.980841
N..N23R,72,40.581946,-73.980827
N..N23R,73,40.581972,-73.980814
N..N23R,74,40.581998,-73.980801
N..N23R,75,40.582024,-73.980789
N..N23R,76,40.582050,-73.980777
N..N23R,77,40.582075,-73.980766
N..N23R,78,40.582101,-73.980756
N..N23R,79,40.583547,-73.980134
N..N23R,80,40.583571,-73.980124
N..N23R,81,40.583595,-73.980114
N..N23R,82,40.583619,-73.980104
N..N23R,83,40.583643,-73.980095
N..N23R,84,40.583668,-73.980085
N..N23R,85,40.583693,-73.980075
N..N23R,86,40.583718,-73.980066
N..N23R,87,40.583743,-73.980056
N..N23R,88,40.583768,-73.980047
N..N23R,89,40.583793,-73.980038
N..N23R,90,40.583818,-73.980028
N..N23R,91,40.583844,-73.980019
N..N23R,92,40.583870,-73.980010
N..N23R,93,40.583896,-73.980001
N..N23R,94,40.583922,-73.979992
N..N23R,95,40.587474,-73.978868
N..N23R,96,40.587495,-73.978861
N..N23R,97,40.587517,-73.978854
N..N23R,98,40.587538,-73.978848
N..N23R,99,40.587559,-73.978841
N..N23R,100,40.587580,-73.978835
N..N23R,101,40.587601,-73.978829
N..N23R,102,40.587622,-73.978823
N..N23R,103,40.587642,-73.978817
N..N23R,104,40.587663,-73.978812
N..N23R,105,40.587683,-73.978806
N..N23R,106,40.587703,-73.978801
N..N23R,107,40.587723,-73.978796
N..N23R,108,40.587743,-73.978791
N..N23R,109,40.587763,-73.978786
N..N23R,110,40.587783,-73.978782
N..N23R,111,40.588129,-73.978697
N..N23R,112,40.588163,-73.978690
N..N23R,113,40.588196,-73.978682
N..N23R,114,40.588229,-73.978674
N..N23R,115,40.588263,-73.978665
N..N23R,116,40.588295,-73.978656
N..N23R,117,40.588328,-73.978647
N..N23R,118,40.588361,-73.978638
N..N23R,119,40.588393,-73.978628
N..N23R,120,40.588425,-73.978618
N..N23R,121,40.588457,-73.978607
N..N23R,122,40.588489,-73.978597
N..N23R,123,40.588521,-73.978585
N..N23R,124,40.588553,-73.978574
N..N23R,125,40.588584,-73.978562
N..N23R,126,40.588616,-73.978551
N..N23R,127,40.589237,-73.978329
N..N23R,128,40.589592,-73.978235
N..N23R,129,40.589744,-73.978190
N..N23R,130,40.589895,-73.978151
N..N23R,131,40.590044,-73.978117
N..N23R,132,40.590190,-73.978087
N..N23R,133,40.590335,-73.978061
N..N23R,134,40.590478,-73.978039
N..N23R,135,40.590619,-73.978022
N..N23R,136,40.590758,-73.978009
N..N23R,137,40.590896,-73.978000
N..N23R,138,40.591031,-73.977995
N..N23R,139,40.591164,-73.977995
N..N23R,140,40.591296,-73.977999
N..N23R,141,40.591425,-73.978007
N..N23R,142,40.591553,-73.978019
N..N23R,143,40.591679,-73.978036
N..N23R,144,40.592721,-73.978230
N..N23R,145,40.597473,-73.979137
N..N23R,146,40.603923,-73.980353
N..N23R,147,40.611815,-73.981848
N..N23R,148,40.613511,-73.982195
N..N23R,149,40.613669,-73.982235
N..N23R,150,40.613824,-73.982275
N..N23R,151,40.613974,-73.982316
N..N23R,152,40.614120,-73.982359
N..N23R,153,40.614262,-73.982404
N..N23R,154,40.614400,-73.982450
N..N23R,155,40.614534,-73.982498
N..N23R,156,40.614663,-73.982547
N..N23R,157,40.614789,-73.982597
N..N23R,158,40.614910,-73.982649
N..N23R,159,40.615027,-73.982703
N..N23R,160,40.615140,-73.982758
N..N23R,161,40.615249,-73.982814
N..N23R,162,40.615354,-73.982872
N..N23R,163,40.615455,-73.982933
N..N23R,164,40.615584,-73.983015
N..N23R,165,40.615710,-73.983101
N..N23R,166,40.615833,-73.983191
N..N23R,167,40.615954,-73.983285
N..N23R,168,40.616074,-73.983383
N..N23R,169,40.616191,-73.983485
N..N23R,170,40.616305,-73.983592
N..N23R,171,40.616418,-73.983703
N..N23R,172,40.616529,-73.983818
N..N23R,173,40.616637,-73.983937
N..N23R,174,40.616743,-73.984061
N..N23R,175,40.616847,-73.984189
N..N23R,176,40.616949,-73.984320
N..N23R,177,40.617049,-73.984457
N..N23R,178,40.617146,-73.984597
N..N23R,179,40.617410,-73.985026
N..N23R,180,40.620671,-73.990414
N..N23R,181,40.623531,-73.995150
N..N23R,182,40.623573,-73.995218
N..N23R,183,40.623616,-73.995284
N..N23R,184,40.623661,-73.995350
N..N23R,185,40.623709,-73.995414
N..N23R,186,40.623759,-73.995477
N..N23R,187,40.623812,-73.995540
N..N23R,188,40.623867,-73.995601
N..N23R,189,40.623924,-73.995661
N..N23R,190,40.623984,-73.995720
N..N23R,191,40.624046,-73.995778
N..N23R,192,40.624110,-73.995835
N..N23R,193,40.624177,-73.995890
N..N23R,194,40.624246,-73.995945
N..N23R,195,40.624317,-73.995999
N..N23R,196,40.624391,-73.996052
N..N23R,197,40.624842,-73.996353
N..N23R,198,40.625619,-73.996865
N..N23R,199,40.625759,-73.996967
N..N23R,200,40.625895,-73.997068
N..N23R,201,40.626026,-73.997170
N..N23R,202,40.626152,-73.997273
N..N23R,203,40.626274,-73.997378
N..N23R,204,40.626391,-73.997483
N..N23R,205,40.626503,-73.997590
N..N23R,206,40.626610,-73.997698
N..N23R,207,40.626713,-73.997807
N..N23R,208,40.626811,-73.997917
N..N23R,209,40.626904,-73.998029
N..N23R,210,40.626992,-73.998141
N..N23R,211,40.627076,-73.998255
N..N23R,212,40.627155,-73.998370
N..N23R,213,40.627228,-73.998487
N..N23R,214,40.631386,-74.005351
N..N23R,215,40.633390,-74.008653
N..N23R,216,40.633418,-74.008699
N..N23R,217,40.633446,-74.008746
N..N23R,218,40.633474,-74.008793
N..N23R,219,40.633502,-74.008839
N..N23R,220,40.633530,-74.008886
N..N23R,221,40.633558,-74.008933
N..N23R,222,40.633585,-74.008980
N..N23R,223,40.633613,-74.009028
N..N23R,224,40.633640,-74.009075
N..N23R,225,40.633668,-74.009122
N..N23R,226,40.633695,-74.009170
N..N23R,227,40.633722,-74.009217
N..N23R,228,40.633749,-74.009265
N..N23R,229,40.633776,-74.009313
N..N23R,230,40.633803,-74.009361
N..N23R,231,40.634653,-74.010907
N..N23R,232,40.634688,-74.010969
N..N23R,233,40.634721,-74.011030
N..N23R,234,40.634754,-74.011090
N..N23R,235,40.634786,-74.011149
N..N23R,236,40.634816,-74.011206
N..N23R,237,40.634846,-74.011263
N..N23R,238,40.634874,-74.011318
N..N23R,239,40.634902,-74.011372
N..N23R,240,40.634928,-74.011425
N..N23R,241,40.634953,-74.011477
N..N23R,242,40.634977,-74.011527
N..N23R,243,40.635001,-74.011577
N..N23R,244,40.635023,-74.011626
N..N23R,245,40.635044,-74.011673
N..N23R,246,40.635064,-74.011719
N..N23R,247,40.635100,-74.011805
N..N23R,248,40.635135,-74.011891
N..N23R,249,40.635170,-74.011980
N..N23R,250,40.635204,-74.012069
N..N23R,251,40.635237,-74.012161
N..N23R,252,40.635270,-74.012254
N..N23R,253,40.635302,-74.012348
N..N23R,254,40.635334,-74.012444
N..N23R,255,40.635365,-74.012542
N..N23R,256,40.635395,-74.012641
N..N23R,257,40.635425,-74.012742
N..N23R,258,40.635454,-74.012845
N..N23R,259,40.635482,-74.012949
N..N23R,260,40.635510,-74.013055
N..N23R,261,40.635538,-74.013161
N..N23R,262,40.636319,-74.016190
N..N23R,263,40.636331,-74.016238
N..N23R,264,40.636343,-74.016285
N..N23R,265,40.636354,-74.016332
N..N23R,266,40.636366,-74.016379
N..N23R,267,40.636378,-74.016425
N..N23R,268,40.636391,-74.016471
N..N23R,269,40.636403,-74.016516
N..N23R,270,40.636415,-74.016561
N..N23R,271,40.636428,-74.016606
N..N23R,272,40.636440,-74.016650
N..N23R,273,40.636453,-74.016694
N..N23R,274,40.636465,-74.016737
N..N23R,275,40.636478,-74.016780
N..N23R,276,40.636491,-74.016822
N..N23R,277,40.636504,-74.016864
N..N23R,278,40.637265,-74.019487
N..N23R,279,40.637301,-74.019604
N..N23R,280,40.637339,-74.019716
N..N23R,281,40.637378,-74.019825
N..N23R,282,40.637418,-74.019929
N..N23R,283,40.637459,-74.020029
N..N23R,284,40.637502,-74.020124
N..N23R,285,40.637546,-74.020216
N..N23R,286,40.637591,-74.020303
N..N23R,287,40.637637,-74.020386
N..N23R,288,40.637684,-74.020465
N..N23R,289,40.637733,-74.020539
N..N23R,290,40.637783,-74.020610
N..N23R,291,40.637834,-74.020676
N..N23R,292,40.637886,-74.020737
N..N23R,293,40.637940,-74.020795
N..N23R,294,40.637978,-74.020837
N..N23R,295,40.638018,-74.020872
N..N23R,296,40.638059,-74.020900
N..N23R,297,40.638101,-74.020921
N..N23R,298,40.638145,-74.020936
N..N23R,299,40.638189,-74.020943
N..N23R,300,40.638235,-74.020944
N..N23R,301,40.638283,-74.020938
N..N23R,302,40.638331,-74.020925
N..N23R,303,40.638381,-74.020905
N..N23R,304,40.638433,-74.020879
N..N23R,305,40.638485,-74.020845
N..N23R,306,40.638539,-74.020805
N..N23R,307,40.638594,-74.020758
N..N23R,308,40.638650,-74.020704
N..N23R,309,40.641362,-74.017881
N..N23R,310,40.645069,-74.014034
N..N23R,311,40.648939,-74.010006
N..N23R,312,40.653563,-74.005194
N..N23R,313,40.655144,-74.003549
N..N23R,314,40.660397,-73.998091
N..N23R,315,40.665414,-73.992872
N..N23R,316,40.665448,-73.992838
N..N23R,317,40.665483,-73.992804
N..N23R,318,40.665517,-73.992772
N..N23R,319,40.665552,-73.992739
N..N23R,320,40.665586,-73.992707
N..N23R,321,40.665620,-73.992675
N..N23R,322,40.665655,-73.992644
N..N23R,323,40.665689,-73.992612
N..N23R,324,40.665724,-73.992582
N..N23R,325,40.665758,-73.992551
N..N23R,326,40.665792,-73.992521
N..N23R,327,40.665827,-73.992491
N..N23R,328,40.665861,-73.992462
N..N23R,329,40.665896,-73.992433
N..N23R,330,40.665930,-73.992403
N..N23R,331,40.670847,-73.988302
N..N23R,332,40.675775,-73.984193
N..N23R,333,40.675831,-73.984147
N..N23R,334,40.675887,-73.984102
N..N23R,335,40.675942,-73.984059
N..N23R,336,40.675997,-73.984016
N..N23R,337,40.676050,-73.983975
N..N23R,338,40.676104,-73.983934
N..N23R,339,40.676156,-73.983895
N..N23R,340,40.676208,-73.983857
N..N23R,341,40.676259,-73.983820
N..N23R,342,40.676309,-73.983785
N..N23R,343,40.676359,-73.983750
N..N23R,344,40.676408,-73.983717
N..N23R,345,40.676457,-73.983684
N..N23R,346,40.676505,-73.983653
N..N23R,347,40.676552,-73.983623
N..N23R,348,40.677316,-73.983110
N..N23R,349,40.683666,-73.978810
N..N23R,350,40.684598,-73.978198
N..N23R,351,40.684641,-73.978169
N..N23R,352,40.684683,-73.978143
N..N23R,353,40.684726,-73.978118
N..N23R,354,40.684769,-73.978096
N..N23R,355,40.684811,-73.978075
N..N23R,356,40.684854,-73.978057
N..N23R,357,40.684897,-73.978040
N..N23R,358,40.684939,-73.978026
N..N23R,359,40.684982,-73.978014
N..N23R,360,40.685024,-73.978003
N..N23R,361,40.685067,-73.977995
N..N23R,362,40.685110,-73.977988
N..N23R,363,40.685152,-73.977984
N..N23R,364,40.685195,-73.977981
N..N23R,365,40.685237,-73.977980
N..N23R,366,40.687446,-73.978304
N..N23R,367,40.687496,-73.978312
N..N23R,368,40.687545,-73.978323
N..N23R,369,40.687594,-73.978338
N..N23R,370,40.687640,-73.978357
N..N23R,371,40.687686,-73.978380
N..N23R,372,40.687730,-73.978406
N..N23R,373,40.687773,-73.978436
N..N23R,374,40.687815,-73.978469
N..N23R,375,40.687855,-73.978506
N..N23R,376,40.687894,-73.978547
N..N23R,377,40.687931,-73.978592
N..N23R,378,40.687967,-73.978640
N..N23R,379,40.688002,-73.978691
N..N23R,380,40.688036,-73.978747
N..N23R,381,40.688068,-73.978805
N..N23R,382,40.688730,-73.980474
N..N23R,383,40.688760,-73.980545
N..N23R,384,40.688792,-73.980613
N..N23R,385,40.688827,-73.980678
N..N23R,386,40.688863,-73.980740
N..N23R,387,40.688902,-73.980798
N..N23R,388,40.688943,-73.980853
N..N23R,389,40.688986,-73.980905
N..N23R,390,40.689031,-73.980954
N..N23R,391,40.689078,-73.980999
N..N23R,392,40.689127,-73.981042
N..N23R,393,40.689178,-73.981081
N..N23R,394,40.689232,-73.981117
N..N23R,395,40.689287,-73.981149
N..N23R,396,40.689345,-73.981179
N..N23R,397,40.689405,-73.981205
N..N23R,398,40.690635,-73.981824
N..N23R,399,40.691559,-73.982304
N..N23R,400,40.693829,-73.983428
N..N23R,401,40.695079,-73.984126
N..N23R,402,40.697770,-73.985484
N..N23R,403,40.714878,-73.995010
N..N23R,404,40.714925,-73.995034
N..N23R,405,40.714971,-73.995059
N..N23R,406,40.715017,-73.995085
N..N23R,407,40.715062,-73.995112
N..N23R,408,40.715108,-73.995141
N..N23R,409,40.715152,-73.995171
N..N23R,410,40.715197,-73.995202
N..N23R,411,40.715241,-73.995234
N..N23R,412,40.715285,-73.995268
N..N23R,413,40.715328,-73.995303
N..N23R,414,40.715371,-73.995339
N..N23R,415,40.715414,-73.995376
N..N23R,416,40.715456,-73.995414
N..N23R,417,40.715498,-73.995454
N..N23R,418,40.715540,-73.995495
N..N23R,419,40.716011,-73.995962
N..N23R,420,40.716047,-73.995996
N..N23R,421,40.716081,-73.996031
N..N23R,422,40.716115,-73.996069
N..N23R,423,40.716148,-73.996109
N..N23R,424,40.716179,-73.996150
N..N23R,425,40.716210,-73.996194
N..N23R,426,40.716240,-73.996239
N..N23R,427,40.716268,-73.996287
N..N23R,428,40.716296,-73.996337
N..N23R,429,40.716322,-73.996388
N..N23R,430,40.716348,-73.996442
N..N23R,431,40.716372,-73.996497
N..N23R,432,40.716396,-73.996555
N..N23R,433,40.716418,-73.996614
N..N23R,434,40.716440,-73.996676
N..N23R,435,40.716956,-73.998177
N..N23R,436,40.716981,-73.998249
N..N23R,437,40.717007,-73.998320
N..N23R,438,40.717034,-73.998391
N..N23R,439,40.717062,-73.998460
N..N23R,440,40.717091,-73.998528
N..N23R,441,40.717120,-73.998595
N..N23R,442,40.717151,-73.998660
N..N23R,443,40.717183,-73.998725
N..N23R,444,40.717216,-73.998789
N..N23R,445,40.717250,-73.998852
N..N23R,446,40.717284,-73.998913
N..N23R,447,40.717320,-73.998974
N..N23R,448,40.717357,-73.999033
N..N23R,449,40.717394,-73.999092
N..N23R,450,40.717433,-73.999149
N..N23R,451,40.718383,-74.000460
N..N23R,452,40.719004,-74.001326
N..N23R,453,40.719055,-74.001393
N..N23R,454,40.719108,-74.001452
N..N23R,455,40.719162,-74.001502
N..N23R,456,40.719218,-74.001544
N..N23R,457,40.719275,-74.001577
N..N23R,458,40.719334,-74.001601
N..N23R,459,40.719394,-74.001616
N..N23R,460,40.719456,-74.001623
N..N23R,461,40.719519,-74.001622
N..N23R,462,40.719584,-74.001611
N..N23R,463,40.719650,-74.001592
N..N23R,464,40.719718,-74.001564
N..N23R,465,40.719787,-74.001528
N..N23R,466,40.719858,-74.001483
N..N23R,467,40.719930,-74.001429
N..N23R,468,40.724329,-73.997702
N..N23R,469,40.730328,-73.992629
N..N23R,470,40.731445,-73.991683
N..N23R,471,40.731485,-73.991649
N..N23R,472,40.731526,-73.991617
N..N23R,473,40.731567,-73.991586
N..N23R,474,40.731609,-73.991558
N..N23R,475,40.731651,-73.991531
N..N23R,476,40.731693,-73.991505
N..N23R,477,40.731736,-73.991482
N..N23R,478,40.731779,-73.991460
N..N23R,479,40.731822,-73.991440
N..N23R,480,40.731866,-73.991422
N..N23R,481,40.731910,-73.991406
N..N23R,482,40.731954,-73.991391
N..N23R,483,40.731999,-73.991378
N..N23R,484,40.732044,-73.991367
N..N23R,485,40.732090,-73.991358
N..N23R,486,40.735736,-73.990568
N..N23R,487,40.737433,-73.990206
N..N23R,488,40.737476,-73.990195
N..N23R,489,40.737519,-73.990186
N..N23R,490,40.737563,-73.990176
N..N23R,491,40.737608,-73.990166
N..N23R,492,40.737653,-73.990155
N..N23R,493,40.737698,-73.990144
N..N23R,494,40.737745,-73.990134
N..N23R,495,40.737792,-73.990122
N..N23R,496,40.737839,-73.990111
N..N23R,497,40.737887,-73.990099
N..N23R,498,40.737936,-73.990088
N..N23R,499,40.737985,-73.990076
N..N23R,500,40.738035,-73.990063
N..N23R,501,40.738085,-73.990051
N..N23R,502,40.738136,-73.990037
N..N23R,503,40.739792,-73.989604
N..N23R,504,40.739844,-73.989590
N..N23R,505,40.739894,-73.989578
N..N23R,506,40.739945,-73.989566
N..N23R,507,40.739995,-73.989554
N..N23R,508,40.740045,-73.989543
N..N23R,509,40.740095,-73.989532
N..N23R,510,40.740145,-73.989522
N..N23R,511,40.740195,-73.989512
N..N23R,512,40.740244,-73.989503
N..N23R,513,40.740294,-73.989494
N..N23R,514,40.740343,-73.989485
N..N23R,515,40.740392,-73.989477
N..N23R,516,40.740441,-73.989469
N..N23R,517,40.740489,-73.989462
N..N23R,518,40.740538,-73.989455
N..N23R,519,40.741303,-73.989344
N..N23R,520,40.742643,-73.989192
N..N23R,521,40.742700,-73.989186
N..N23R,522,40.742757,-73.989180
N..N23R,523,40.742812,-73.989173
N..N23R,524,40.742867,-73.989166
N..N23R,525,40.742920,-73.989160
N..N23R,526,40.742973,-73.989153
N..N23R,527,40.743025,-73.989146
N..N23R,528,40.743075,-73.989138
N..N23R,529,40.743125,-73.989131
N..N23R,530,40.743173,-73.989123
N..N23R,531,40.743221,-73.989116
N..N23R,532,40.743268,-73.989108
N..N23R,533,40.743314,-73.989100
N..N23R,534,40.743358,-73.989091
N..N23R,535,40.743402,-73.989083
N..N23R,536,40.745494,-73.988691
N..N23R,537,40.749567,-73.987950
N..N23R,538,40.751815,-73.987570
N..N23R,539,40.751893,-73.987556
N..N23R,540,40.751971,-73.987541
N..N23R,541,40.752049,-73.987526
N..N23R,542,40.752127,-73.987510
N..N23R,543,40.752204,-73.987493
N..N23R,544,40.752282,-73.987475
N..N23R,545,40.752360,-73.987457
N..N23R,546,40.752438,-73.987437
N..N23R,547,40.752516,-73.987417
N..N23R,548,40.752593,-73.987396
N..N23R,549,40.752671,-73.987375
N..N23R,550,40.752749,-73.987353
N..N23R,551,40.752827,-73.987329
N..N23R,552,40.752904,-73.987306
N..N23R,553,40.752982,-73.987281
N..N23R,554,40.754672,-73.986754
N..N23R,555,40.756430,-73.986201
N..N23R,556,40.756569,-73.986154
N..N23R,557,40.756705,-73.986106
N..N23R,558,40.756839,-73.986056
N..N23R,559,40.756971,-73.986003
N..N23R,560,40.757101,-73.985949
N..N23R,561,40.757229,-73.985893
N..N23R,562,40.757354,-73.985835
N..N23R,563,40.757477,-73.985775
N..N23R,564,40.757599,-73.985712
N..N23R,565,40.757718,-73.985648
N..N23R,566,40.757835,-73.985582
N..N23R,567,40.757949,-73.985514
N..N23R,568,40.758062,-73.985444
N..N23R,569,40.758173,-73.985371
N..N23R,570,40.758280,-73.985298
N..N23R,571,40.759901,-73.984139
N..N23R,572,40.764664,-73.980658
N..N23R,573,40.766254,-73.979499
N..N23R,574,40.766329,-73.979438
N..N23R,575,40.766396,-73.979375
N..N23R,576,40.766455,-73.979308
N..N23R,577,40.766507,-73.979239
N..N23R,578,40.766550,-73.979166
N..N23R,579,40.766585,-73.979091
N..N23R,580,40.766612,-73.979012
N..N23R,581,40.766632,-73.978931
N..N23R,582,40.766643,-73.978846
N..N23R,583,40.766646,-73.978759
N..N23R,584,40.766641,-73.978668
N..N23R,585,40.766628,-73.978575
N..N23R,586,40.766606,-73.978478
N..N23R,587,40.766577,-73.978379
N..N23R,588,40.766540,-73.978276
N..N23R,589,40.764825,-73.974217
N..N23R,590,40.764816,-73.974193
N..N23R,591,40.764808,-73.974170
N..N23R,592,40.764800,-73.974146
N..N23R,593,40.764793,-73.974121
N..N23R,594,40.764787,-73.974097
N..N23R,595,40.764782,-73.974073
N..N23R,596,40.764777,-73.974048
N..N23R,597,40.764773,-73.974024
N..N23R,598,40.764770,-73.973999
N..N23R,599,40.764768,-73.973974
N..N23R,600,40.764766,-73.973949
N..N23R,601,40.764765,-73.973924
N..N23R,602,40.764765,-73.973898
N..N23R,603,40.764766,-73.973873
N..N23R,604,40.764767,-73.973847
N..N23R,605,40.764811,-73.973347
N..N23R,606,40.764873,-73.972718
N..N23R,607,40.764873,-73.972694
N..N23R,608,40.764873,-73.972670
N..N23R,609,40.764872,-73.972647
N..N23R,610,40.764870,-73.972623
N..N23R,611,40.764867,-73.972599
N..N23R,612,40.764864,-73.972575
N..N23R,613,40.764859,-73.972550
N..N23R,614,40.764854,-73.972526
N..N23R,615,40.764849,-73.972501
N..N23R,616,40.764842,-73.972476
N..N23R,617,40.764835,-73.972450
N..N23R,618,40.764827,-73.972425
N..N23R,619,40.764819,-73.972399
N..N23R,620,40.764809,-73.972373
N..N23R,621,40.764799,-73.972347
N..N23R,622,40.762660,-73.967258
N..N23R,623,40.759230,-73.959131
N..N23R,624,40.753765,-73.946938
N..N23R,625,40.752553,-73.944152
N..N23R,626,40.751651,-73.942083
N..N23R,627,40.751632,-73.942041
N..N23R,628,40.751612,-73.941999
N..N23R,629,40.751593,-73.941960
N..N23R,630,40.751573,-73.941921
N..N23R,631,40.751552,-73.941884
N..N23R,632,40.751532,-73.941848
N..N23R,633,40.751511,-73.941814
N..N23R,634,40.751491,-73.941781
N..N23R,635,40.751469,-73.941749
N..N23R,636,40.751448,-73.941718
N..N23R,637,40.751427,-73.941689
N..N23R,638,40.751405,-73.941661
N..N23R,639,40.751383,-73.941634
N..N23R,640,40.751360,-73.941609
N..N23R,641,40.751338,-73.941585
N..N23R,642,40.751314,-73.941563
N..N23R,643,40.751290,-73.941539
N..N23R,644,40.751266,-73.941514
N..N23R,645,40.751241,-73.941487
N..N23R,646,40.751217,-73.941459
N..N23R,647,40.751192,-73.941429
N..N23R,648,40.751167,-73.941397
N..N23R,649,40.751143,-73.941364
N..N23R,650,40.751117,-73.941329
N..N23R,651,40.751092,-73.941293
N..N23R,652,40.751067,-73.941255
N..N23R,653,40.751041,-73.941215
N..N23R,654,40.751016,-73.941174
N..N23R,655,40.750990,-73.941131
N..N23R,656,40.750963,-73.941087
N..N23R,657,40.750582,-73.940202
N..N23R,658,40.750134,-73.939174
N..N23R,659,40.750093,-73.939074
N..N23R,660,40.750049,-73.938974
N..N23R,661,40.750003,-73.938874
N..N23R,662,40.749956,-73.938774
N..N23R,663,40.749907,-73.938674
N..N23R,664,40.749856,-73.938574
N..N23R,665,40.749804,-73.938475
N..N23R,666,40.749750,-73.938375
N..N23R,667,40.749694,-73.938276
N..N23R,668,40.749637,-73.938177
N..N23R,669,40.749578,-73.938078
N..N23R,670,40.749518,-73.937978
N..N23R,671,40.749456,-73.937880
N..N23R,672,40.749392,-73.937781
N..N23R,673,40.749327,-73.937683
N..N23R,674,40.749282,-73.937599
N..N23R,675,40.749245,-73.937515
N..N23R,676,40.749215,-73.937431
N..N23R,677,40.749192,-73.937348
N..N23R,678,40.749176,-73.937265
N..N23R,679,40.749167,-73.937182
N..N23R,680,40.749166,-73.937100
N..N23R,681,40.749172,-73.937018
N..N23R,682,40.749185,-73.936937
N..N23R,683,40.749205,-73.936856
N..N23R,684,40.749233,-73.936776
N..N23R,685,40.749267,-73.936696
N..N23R,686,40.749309,-73.936617
N..N23R,687,40.749359,-73.936538
N..N23R,688,40.749415,-73.936459
N..N23R,689,40.750639,-73.935135
N..N23R,690,40.750674,-73.935097
N..N23R,691,40.750709,-73.935059
N..N23R,692,40.750743,-73.935021
N..N23R,693,40.750777,-73.934984
N..N23R,694,40.750810,-73.934946
N..N23R,695,40.750842,-73.934908
N..N23R,696,40.750874,-73.934871
N..N23R,697,40.750906,-73.934833
N..N23R,698,40.750936,-73.934796
N..N23R,699,40.750966,-73.934759
N..N23R,700,40.750966,-73.934759
N..N23R,701,40.750996,-73.934721
N..N23R,702,40.751025,-73.934684
N..N23R,703,40.751053,-73.934647
N..N23R,704,40.751081,-73.934610
N..N23R,705,40.751108,-73.934573
N..N23R,706,40.751406,-73.934101
N..N23R,707,40.751431,-73.934061
N..N23R,708,40.751458,-73.934022
N..N23R,709,40.751485,-73.933984
N..N23R,710,40.751513,-73.933946
N..N23R,711,40.751542,-73.933908
N..N23R,712,40.751572,-73.933872
N..N23R,713,40.751602,-73.933836
N..N23R,714,40.751634,-73.933800
N..N23R,715,40.751666,-73.933766
N..N23R,716,40.751700,-73.933731
N..N23R,717,40.751734,-73.933698
N..N23R,718,40.751769,-73.933665
N..N23R,719,40.751805,-73.933633
N..N23R,720,40.751841,-73.933601
N..N23R,721,40.751879,-73.933570
N..N23R,722,40.752882,-73.932755
N..N23R,723,40.756804,-73.929575
N..N23R,724,40.761820,-73.925508
N..N23R,725,40.766779,-73.921479
N..N23R,726,40.767617,-73.920795
N..N23R,727,40.767672,-73.920746
N..N23R,728,40.767726,-73.920696
N..N23R,729,40.767780,-73.920646
N..N23R,730,40.767835,-73.920594
N..N23R,731,40.767889,-73.920542
N..N23R,732,40.767942,-73.920489
N..N23R,733,40.767996,-73.920436
N..N23R,734,40.768050,-73.920382
N..N23R,735,40.768103,-73.920327
N..N23R,736,40.768157,-73.920271
N..N23R,737,40.768210,-73.920215
N..N23R,738,40.768263,-73.920158
N..N23R,739,40.768316,-73.920100
N..N23R,740,40.768368,-73.920041
N..N23R,741,40.768421,-73.919982
N..N23R,742,40.770258,-73.917843
N..N23R,743,40.775036,-73.912034
N..N72R,0,40.703087,-74.012994
N..N72R,1,40.703592,-74.013114
N..N72R,2,40.703655,-74.013128
N..N72R,3,40.703722,-74.013142
N..N72R,4,40.703792,-74.013156
N..N72R,5,40.703865,-74.013171
N..N72R,6,40.703942,-74.013185
N..N72R,7,40.704023,-74.013199
N..N72R,8,40.704107,-74.013213
N..N72R,9,40.704194,-74.013227
N..N72R,10,40.704285,-74.013241
N..N72R,11,40.704379,-74.013255
N..N72R,12,40.704477,-74.013269
N..N72R,13,40.704578,-74.013284
N..N72R,14,40.704683,-74.013298
N..N72R,15,40.704791,-74.013312
N..N72R,16,40.704903,-74.013326
N..N72R,17,40.704946,-74.013331
N..N72R,18,40.704989,-74.013338
N..N72R,19,40.705030,-74.013347
N..N72R,20,40.705072,-74.013358
N..N72R,21,40.705114,-74.013371
N..N72R,22,40.705155,-74.013386
N..N72R,23,40.705196,-74.013404
N..N72R,24,40.705236,-74.013423
N..N72R,25,40.705277,-74.013444
N..N72R,26,40.705317,-74.013467
N..N72R,27,40.705357,-74.013493
N..N72R,28,40.705396,-74.013520
N..N72R,29,40.705436,-74.013549
N..N72R,30,40.705475,-74.013581
N..N72R,31,40.705514,-74.013614
N..N72R,32,40.705755,-74.013816
N..N72R,33,40.705820,-74.013870
N..N72R,34,40.705884,-74.013918
N..N72R,35,40.705946,-74.013958
N..N72R,36,40.706007,-74.013992
N..N72R,37,40.706067,-74.014018
N..N72R,38,40.706126,-74.014037
N..N72R,39,40.706184,-74.014050
N..N72R,40,40.706241,-74.014055
N..N72R,41,40.706297,-74.014053
N..N72R,42,40.706352,-74.014044
N..N72R,43,40.706406,-74.014028
N..N72R,44,40.706459,-74.014005
N..N72R,45,40.706511,-74.013975
N..N72R,46,40.706562,-74.013938
N..N72R,47,40.706611,-74.013894
N..N72R,48,40.706959,-74.013569
N..N72R,49,40.706975,-74.013554
N..N72R,50,40.706992,-74.013539
N..N72R,51,40.707008,-74.013523
N..N72R,52,40.707025,-74.013508
N..N72R,53,40.707042,-74.013493
N..N72R,54,40.707059,-74.013478
N..N72R,55,40.707076,-74.013463
N..N72R,56,40.707094,-74.013447
N..N72R,57,40.707111,-74.013432
N..N72R,58,40.707129,-74.013417
N..N72R,59,40.707147,-74.013402
N..N72R,60,40.707165,-74.013387
N..N72R,61,40.707183,-74.013372
N..N72R,62,40.707201,-74.013357
N..N72R,63,40.707220,-74.013342
N..N72R,64,40.707254,-74.013314
N..N72R,65,40.707290,-74.013286
N..N72R,66,40.707326,-74.013258
N..N72R,67,40.707362,-74.013232
N..N72R,68,40.707400,-74.013205
N..N72R,69,40.707438,-74.013179
N..N72R,70,40.707477,-74.013153
N..N72R,71,40.710668,-74.011029
N..N72R,72,40.711537,-74.010465
N..N72R,73,40.711587,-74.010420
N..N72R,74,40.711631,-74.010373
N..N72R,75,40.711669,-74.010323
N..N72R,76,40.711701,-74.010270
N..N72R,77,40.711728,-74.010215
N..N72R,78,40.711748,-74.010157
N..N72R,79,40.711762,-74.010096
N..N72R,80,40.711770,-74.010032
N..N72R,81,40.711773,-74.009965
N..N72R,82,40.711769,-74.009896
N..N72R,83,40.711760,-74.009824
N..N72R,84,40.711744,-74.009749
N..N72R,85,40.711723,-74.009672
N..N72R,86,40.711695,-74.009592
N..N72R,87,40.711662,-74.009509
N..N72R,88,40.711623,-74.009411
N..N72R,89,40.711589,-74.009327
N..N72R,90,40.711561,-74.009245
N..N72R,91,40.711537,-74.009165
N..N72R,92,40.711519,-74.009087
N..N72R,93,40.711507,-74.009011
N..N72R,94,40.711500,-74.008937
N..N72R,95,40.711498,-74.008865
N..N72R,96,40.711501,-74.008794
N..N72R,97,40.711510,-74.008725
N..N72R,98,40.711525,-74.008659
N..N72R,99,40.711544,-74.008594
N..N72R,100,40.711569,-74.008531
N..N72R,101,40.711599,-74.008470
N..N72R,102,40.711635,-74.008410
N..N72R,103,40.711676,-74.008353
N..N72R,104,40.712478,-74.007711
N..N72R,105,40.712488,-74.007703
N..N72R,106,40.712497,-74.007694
N..N72R,107,40.712507,-74.007686
N..N72R,108,40.712516,-74.007677
N..N72R,109,40.712525,-74.007669
N..N72R,110,40.712533,-74.007660
N..N72R,111,40.712542,-74.007651
N..N72R,112,40.712550,-74.007641
N..N72R,113,40.712558,-74.007632
N..N72R,114,40.712566,-74.007623
N..N72R,115,40.712574,-74.007613
N..N72R,116,40.712582,-74.007603
N..N72R,117,40.712589,-74.007593
N..N72R,118,40.712596,-74.007583
N..N72R,119,40.712603,-74.007573
N..N72R,120,40.712610,-74.007563
N..N72R,121,40.712618,-74.007553
N..N72R,122,40.712625,-74.007544
N..N72R,123,40.712633,-74.007535
N..N72R,124,40.712640,-74.007526
N..N72R,125,40.712648,-74.007517
N..N72R,126,40.712656,-74.007508
N..N72R,127,40.712664,-74.007500
N..N72R,128,40.712672,-74.007492
N..N72R,129,40.712680,-74.007484
N..N72R,130,40.712688,-74.007476
N..N72R,131,40.712697,-74.007468
N..N72R,132,40.712705,-74.007461
N..N72R,133,40.712713,-74.007454
N..N72R,134,40.712722,-74.007447
N..N72R,135,40.713282,-74.006978
N..N72R,136,40.714011,-74.006374
N..N72R,137,40.714018,-74.006368
N..N72R,138,40.714025,-74.006363
N..N72R,139,40.714032,-74.006357
N..N72R,140,40.714039,-74.006352
N..N72R,141,40.714046,-74.006347
N..N72R,142,40.714054,-74.006342
N..N72R,143,40.714061,-74.006337
N..N72R,144,40.714069,-74.006333
N..N72R,145,40.714076,-74.006329
N..N72R,146,40.714084,-74.006324
N..N72R,147,40.714092,-74.006321
N..N72R,148,40.714100,-74.006317
N..N72R,149,40.714108,-74.006313
N..N72R,150,40.714116,-74.006310
N..N72R,151,40.714124,-74.006307
N..N72R,152,40.714133,-74.006303
N..N72R,153,40.714141,-74.006299
N..N72R,154,40.714150,-74.006296
N..N72R,155,40.714158,-74.006292
N..N72R,156,40.714166,-74.006288
N..N72R,157,40.714174,-74.006283
N..N72R,158,40.714181,-74.006279
N..N72R,159,40.714189,-74.006275
N..N72R,160,40.714196,-74.006270
N..N72R,161,40.714203,-74.006266
N..N72R,162,40.714210,-74.006261
N..N72R,163,40.714217,-74.006257
N..N72R,164,40.714223,-74.006252
N..N72R,165,40.714230,-74.006247
N..N72R,166,40.714236,-74.006242
N..N72R,167,40.719527,-74.001775
N..N72R,168,40.719930,-74.001429
N..N72R,169,40.724329,-73.997702
N..N72R,170,40.730328,-73.992629
N..N72R,171,40.731445,-73.991683
N..N72R,172,40.731485,-73.991649
N..N72R,173,40.731526,-73.991617
N..N72R,174,40.731567,-73.991586
N..N72R,175,40.731609,-73.991558
N..N72R,176,40.731651,-73.991531
N..N72R,177,40.731693,-73.991505
N..N72R,178,40.731736,-73.991482
N..N72R,179,40.731779,-73.991460
N..N72R,180,40.731822,-73.991440
N..N72R,181,40.731866,-73.991422
N..N72R,182,40.731910,-73.991406
N..N72R,183,40.731954,-73.991391
N..N72R,184,40.731999,-73.991378
N..N72R,185,40.732044,-73.991367
N..N72R,186,40.732090,-73.991358
N..N72R,187,40.735736,-73.990568
N..N72R,188,40.737433,-73.990206
N..N72R,189,40.737476,-73.990195
N..N72R,190,40.737519,-73.990186
N..N72R,191,40.737563,-73.990176
N..N72R,192,40.737608,-73.990166
N..N72R,193,40.737653,-73.990155
N..N72R,194,40.737698,-73.990144
N..N72R,195,40.737745,-73.990134
N..N72R,196,40.737792,-73.990122
N..N72R,197,40.737839,-73.990111
N..N72R,198,40.737887,-73.990099
N..N72R,199,40.737936,-73.990088
N..N72R,200,40.737985,-73.990076
N..N72R,201,40.738035,-73.990063
N..N72R,202,40.738085,-73.990051
N..N72R,203,40.738136,-73.990037
N..N72R,204,40.739792,-73.989604
N..N72R,205,40.739844,-73.989590
N..N72R,206,40.739894,-73.989578
N..N72R,207,40.739945,-73.989566
N..N72R,208,40.739995,-73.989554
N..N72R,209,40.740045,-73.989543
N..N72R,210,40.740095,-73.989532
N..N72R,211,40.740145,-73.989522
N..N72R,212,40.740195,-73.989512
N..N72R,213,40.740244,-73.989503
N..N72R,214,40.740294,-73.989494
N..N72R,215,40.740343,-73.989485
N..N72R,216,40.740392,-73.989477
N..N72R,217,40.740441,-73.989469
N..N72R,218,40.740489,-73.989462
N..N72R,219,40.740538,-73.989455
N..N72R,220,40.741303,-73.989344
N..N72R,221,40.742643,-73.989192
N..N72R,222,40.742700,-73.989186
N..N72R,223,40.742757,-73.989180
N..N72R,224,40.742812,-73.989173
N..N72R,225,40.742867,-73.989166
N..N72R,226,40.742920,-73.989160
N..N72R,227,40.742973,-73.989153
N..N72R,228,40.743025,-73.989146
N..N72R,229,40.743075,-73.989138
N..N72R,230,40.743125,-73.989131
N..N72R,231,40.743173,-73.989123
N..N72R,232,40.743221,-73.989116
N..N72R,233,40.743268,-73.989108
N..N72R,234,40.743314,-73.989100
N..N72R,235,40.743358,-73.989091
N..N72R,236,40.743402,-73.989083
N..N72R,237,40.745494,-73.988691
N..N72R,238,40.749567,-73.987950
N..N72R,239,40.751815,-73.987570
N..N72R,240,40.751893,-73.987556
N..N72R,241,40.751971,-73.987541
N..N72R,242,40.752049,-73.987526
N..N72R,243,40.752127,-73.987510
N..N72R,244,40.752204,-73.987493
N..N72R,245,40.752282,-73.987475
N..N72R,246,40.752360,-73.987457
N..N72R,247,40.752438,-73.987437
N..N72R,248,40.752516,-73.987417
N..N72R,249,40.752593,-73.987396
N..N72R,250,40.752671,-73.987375
N..N72R,251,40.752749,-73.987353
N..N72R,252,40.752827,-73.987329
N..N72R,253,40.752904,-73.987306
N..N72R,254,40.752982,-73.987281
N..N72R,255,40.754672,-73.986754
N..N72R,256,40.756430,-73.986201
N..N72R,257,40.756569,-73.986154
N..N72R,258,40.756705,-73.986106
N..N72R,259,40.756839,-73.986056
N..N72R,260,40.756971,-73.986003
N..N72R,261,40.757101,-73.985949
N..N72R,262,40.757229,-73.985893
N..N72R,263,40.757354,-73.985835
N..N72R,264,40.757477,-73.985775
N..N72R,265,40.757599,-73.985712
N..N72R,266,40.757718,-73.985648
N..N72R,267,40.757835,-73.985582
N..N72R,268,40.757949,-73.985514
N..N72R,269,40.758062,-73.985444
N..N72R,270,40.758173,-73.985371
N..N72R,271,40.758280,-73.985298
N..N72R,272,40.759901,-73.984139
N..N72R,273,40.764664,-73.980658
N..N72R,274,40.766254,-73.979499
N..N72R,275,40.766329,-73.979438
N..N72R,276,40.766396,-73.979375
N..N72R,277,40.766455,-73.979308
N..N72R,278,40.766507,-73.979239
N..N72R,279,40.766550,-73.979166
N..N72R,280,40.766585,-73.979091
N..N72R,281,40.766612,-73.979012
N..N72R,282,40.766632,-73.978931
N..N72R,283,40.766643,-73.978846
N..N72R,284,40.766646,-73.978759
N..N72R,285,40.766641,-73.978668
N..N72R,286,40.766628,-73.978575
N..N72R,287,40.766606,-73.978478
N..N72R,288,40.766577,-73.978379
N..N72R,289,40.766540,-73.978276
N..N72R,290,40.764825,-73.974217
N..N72R,291,40.764816,-73.974193
N..N72R,292,40.764808,-73.974170
N..N72R,293,40.764800,-73.974146
N..N72R,294,40.764793,-73.974121
N..N72R,295,40.764787,-73.974097
N..N72R,296,40.764782,-73.974073
N..N72R,297,40.764777,-73.974048
N..N72R,298,40.764773,-73.974024
N..N72R,299,40.764770,-73.973999
N..N72R,300,40.764768,-73.973974
N..N72R,301,40.764766,-73.973949
N..N72R,302,40.764765,-73.973924
N..N72R,303,40.764765,-73.973898
N..N72R,304,40.764766,-73.973873
N..N72R,305,40.764767,-73.973847
N..N72R,306,40.764811,-73.973347
N..N72R,307,40.764873,-73.972718
N..N72R,308,40.764873,-73.972694
N..N72R,309,40.764873,-73.972670
N..N72R,310,40.764872,-73.972647
N..N72R,311,40.764870,-73.972623
N..N72R,312,40.764867,-73.972599
N..N72R,313,40.764864,-73.972575
N..N72R,314,40.764859,-73.972550
N..N72R,315,40.764854,-73.972526
N..N72R,316,40.764849,-73.972501
N..N72R,317,40.764842,-73.972476
N..N72R,318,40.764835,-73.972450
N..N72R,319,40.764827,-73.972425
N..N72R,320,40.764819,-73.972399
N..N72R,321,40.764809,-73.972373
N..N72R,322,40.764799,-73.972347
N..N72R,323,40.762660,-73.967258
N..N72R,324,40.759230,-73.959131
N..N72R,325,40.753765,-73.946938
N..N72R,326,40.752553,-73.944152
N..N72R,327,40.751651,-73.942083
N..N72R,328,40.751632,-73.942041
N..N72R,329,40.751612,-73.941999
N..N72R,330,40.751593,-73.941960
N..N72R,331,40.751573,-73.941921
N..N72R,332,40.751552,-73.941884
N..N72R,333,40.751532,-73.941848
N..N72R,334,40.751511,-73.941814
N..N72R,335,40.751491,-73.941781
N..N72R,336,40.751469,-73.941749
N..N72R,337,40.751448,-73.941718
N..N72R,338,40.751427,-73.941689
N..N72R,339,40.751405,-73.941661
N..N72R,340,40.751383,-73.941634
N..N72R,341,40.751360,-73.941609
N..N72R,342,40.751338,-73.941585
N..N72R,343,40.751314,-73.941563
N..N72R,344,40.751290,-73.941539
N..N72R,345,40.751266,-73.941514
N..N72R,346,40.751241,-73.941487
N..N72R,347,40.751217,-73.941459
N..N72R,348,40.751192,-73.941429
N..N72R,349,40.751167,-73.941397
N..N72R,350,40.751143,-73.941364
N..N72R,351,40.751117,-73.941329
N..N72R,352,40.751092,-73.941293
N..N72R,353,40.751067,-73.941255
N..N72R,354,40.751041,-73.941215
N..N72R,355,40.751016,-73.941174
N..N72R,356,40.750990,-73.941131
N..N72R,357,40.750963,-73.941087
N..N72R,358,40.750582,-73.940202
N..N72R,359,40.750134,-73.939174
N..N72R,360,40.750093,-73.939074
N..N72R,361,40.750049,-73.938974
N..N72R,362,40.750003,-73.938874
N..N72R,363,40.749956,-73.938774
N..N72R,364,40.749907,-73.938674
N..N72R,365,40.749856,-73.938574
N..N72R,366,40.749804,-73.938475
N..N72R,367,40.749750,-73.938375
N..N72R,368,40.749694,-73.938276
N..N72R,369,40.749637,-73.938177
N..N72R,370,40.749578,-73.938078
N..N72R,371,40.749518,-73.937978
N..N72R,372,40.749456,-73.937880
N..N72R,373,40.749392,-73.937781
N..N72R,374,40.749327,-73.937683
N..N72R,375,40.749282,-73.937599
N..N72R,376,40.749245,-73.937515
N..N72R,377,40.749215,-73.937431
N..N72R,378,40.749192,-73.937348
N..N72R,379,40.749176,-73.937265
N..N72R,380,40.749167,-73.937182
N..N72R,381,40.749166,-73.937100
N..N72R,382,40.749172,-73.937018
N..N72R,383,40.749185,-73.936937
N..N72R,384,40.749205,-73.936856
N..N72R,385,40.749233,-73.936776
N..N72R,386,40.749267,-73.936696
N..N72R,387,40.749309,-73.936617
N..N72R,388,40.749359,-73.936538
N..N72R,389,40.749415,-73.936459
N..N72R,390,40.750639,-73.935135
N..N72R,391,40.750674,-73.935097
N..N72R,392,40.750709,-73.935059
N..N72R,393,40.750743,-73.935021
N..N72R,394,40.750777,-73.934984
N..N72R,395,40.750810,-73.934946
N..N72R,396,40.750842,-73.934908
N..N72R,397,40.750874,-73.934871
N..N72R,398,40.750906,-73.934833
N..N72R,399,40.750936,-73.934796
N..N72R,400,40.750966,-73.934759
N..N72R,401,40.750996,-73.934721
N..N72R,402,40.751025,-73.934684
N..N72R,403,40.751053,-73.934647
N..N72R,404,40.751081,-73.934610
N..N72R,405,40.751108,-73.934573
N..N72R,406,40.751406,-73.934101
N..N72R,407,40.751431,-73.934061
N..N72R,408,40.751458,-73.934022
N..N72R,409,40.751485,-73.933984
N..N72R,410,40.751513,-73.933946
N..N72R,411,40.751542,-73.933908
N..N72R,412,40.751572,-73.933872
N..N72R,413,40.751602,-73.933836
N..N72R,414,40.751634,-73.933800
N..N72R,415,40.751666,-73.933766
N..N72R,416,40.751700,-73.933731
N..N72R,417,40.751734,-73.933698
N..N72R,418,40.751769,-73.933665
N..N72R,419,40.751805,-73.933633
N..N72R,420,40.751841,-73.933601
N..N72R,421,40.751879,-73.933570
N..N72R,422,40.752882,-73.932755
N..N72R,423,40.756804,-73.929575
N..N72R,424,40.761820,-73.925508
N..N72R,425,40.766779,-73.921479
N..N72R,426,40.767617,-73.920795
N..N72R,427,40.767672,-73.920746
N..N72R,428,40.767726,-73.920696
N..N72R,429,40.767780,-73.920646
N..N72R,430,40.767835,-73.920594
N..N72R,431,40.767889,-73.920542
N..N72R,432,40.767942,-73.920489
N..N72R,433,40.767996,-73.920436
N..N72R,434,40.768050,-73.920382
N..N72R,435,40.768103,-73.920327
N..N72R,436,40.768157,-73.920271
N..N72R,437,40.768210,-73.920215
N..N72R,438,40.768263,-73.920158
N..N72R,439,40.768316,-73.920100
N..N72R,440,40.768368,-73.920041
N..N72R,441,40.768421,-73.919982
N..N72R,442,40.770258,-73.917843
N..N72R,443,40.775036,-73.912034
Q..N36R,0,40.577422,-73.981233
Q..N36R,1,40.576635,-73.981083
Q..N36R,2,40.576575,-73.981069
Q..N36R,3,40.576518,-73.981047
Q..N36R,4,40.576463,-73.981018
Q..N36R,5,40.576412,-73.980982
Q..N36R,6,40.576363,-73.980938
Q..N36R,7,40.576318,-73.980887
Q..N36R,8,40.576275,-73.980828
Q..N36R,9,40.576235,-73.980762
Q..N36R,10,40.576199,-73.980689
Q..N36R,11,40.576165,-73.980608
Q..N36R,12,40.576134,-73.980520
Q..N36R,13,40.576106,-73.980425
Q..N36R,14,40.576081,-73.980322
Q..N36R,15,40.576058,-73.980212
Q..N36R,16,40.576039,-73.980094
Q..N36R,17,40.575771,-73.978088
Q..N36R,18,40.575762,-73.977991
Q..N36R,19,40.575756,-73.977895
Q..N36R,20,40.575753,-73.977798
Q..N36R,21,40.575752,-73.977700
Q..N36R,22,40.575754,-73.977603
Q..N36R,23,40.575758,-73.977506
Q..N36R,24,40.575765,-73.977408
Q..N36R,25,40.575774,-73.977310
Q..N36R,26,40.575786,-73.977212
Q..N36R,27,40.575801,-73.977114
Q..N36R,28,40.575818,-73.977015
Q..N36R,29,40.575837,-73.976917
Q..N36R,30,40.575860,-73.976818
Q..N36R,31,40.575885,-73.976719
Q..N36R,32,40.575912,-73.976620
Q..N36R,33,40.576127,-73.975939
Q..N36R,34,40.576429,-73.974984
Q..N36R,35,40.576618,-73.974389
Q..N36R,36,40.576639,-73.974313
Q..N36R,37,40.576658,-73.974236
Q..N36R,38,40.576676,-73.974159
Q..N36R,39,40.576691,-73.974080
Q..N36R,40,40.576705,-73.974000
Q..N36R,41,40.576716,-73.973919
Q..N36R,42,40.576726,-73.973837
Q..N36R,43,40.576734,-73.973754
Q..N36R,44,40.576739,-73.973670
Q..N36R,45,40.576743,-73.973585
Q..N36R,46,40.576744,-73.973498
Q..N36R,47,40.576744,-73.973411
Q..N36R,48,40.576742,-73.973322
Q..N36R,49,40.576737,-73.973232
Q..N36R,50,40.576731,-73.973141
Q..N36R,51,40.576322,-73.968694
Q..N36R,52,40.576321,-73.968680
Q..N36R,53,40.576320,-73.968667
Q..N36R,54,40.576319,-73.968653
Q..N36R,55,40.576318,-73.968640
Q..N36R,56,40.576317,-73.968627
Q..N36R,57,40.576316,-73.968613
Q..N36R,58,40.576315,-73.968600
Q..N36R,59,40.576315,-73.968588
Q..N36R,60,40.576314,-73.968575
Q..N36R,61,40.576313,-73.968562
Q..N36R,62,40.576313,-73.968550
Q..N36R,63,40.576312,-73.968537
Q..N36R,64,40.576312,-73.968525
Q..N36R,65,40.576312,-73.968513
Q..N36R,66,40.576312,-73.968501
Q..N36R,67,40.576310,-73.968404
Q..N36R,68,40.576308,-73.968307
Q..N36R,69,40.576308,-73.968210
Q..N36R,70,40.576309,-73.968113
Q..N36R,71,40.576312,-73.968017
Q..N36R,72,40.576316,-73.967920
Q..N36R,73,40.576322,-73.967824
Q..N36R,74,40.576329,-73.967728
Q..N36R,75,40.576337,-73.967632
Q..N36R,76,40.576347,-73.967536
Q..N36R,77,40.576358,-73.967440
Q..N36R,78,40.576371,-73.967345
Q..N36R,79,40.576385,-73.967249
Q..N36R,80,40.576401,-73.967154
Q..N36R,81,40.576418,-73.967059
Q..N36R,82,40.577621,-73.961376
Q..N36R,83,40.577839,-73.960354
Q..N36R,84,40.577855,-73.960283
Q..N36R,85,40.577873,-73.960214
Q..N36R,86,40.577894,-73.960148
Q..N36R,87,40.577917,-73.960085
Q..N36R,88,40.577942,-73.960025
Q..N36R,89,40.577969,-73.959967
Q..N36R,90,40.577998,-73.959912
Q..N36R,91,40.578030,-73.959860
Q..N36R,92,40.578064,-73.959811
Q..N36R,93,40.578101,-73.959765
Q..N36R,94,40.578139,-73.959721
Q..N36R,95,40.578180,-73.959681
Q..N36R,96,40.578223,-73.959643
Q..N36R,97,40.578268,-73.959607
Q..N36R,98,40.578316,-73.959575
Q..N36R,99,40.585198,-73.954670
Q..N36R,100,40.585310,-73.954601
Q..N36R,101,40.585423,-73.954536
Q..N36R,102,40.585536,-73.954477
Q..N36R,103,40.585650,-73.954422
Q..N36R,104,40.585763,-73.954373
Q..N36R,105,40.585876,-73.954328
Q..N36R,106,40.585989,-73.954289
Q..N36R,107,40.586103,-73.954254
Q..N36R,108,40.586216,-73.954225
Q..N36R,109,40.586329,-73.954201
Q..N36R,110,40.586443,-73.954181
Q..N36R,111,40.586556,-73.954167
Q..N36R,112,40.586670,-73.954158
Q..N36R,113,40.586783,-73.954153
Q..N36R,114,40.586896,-73.954155
Q..N36R,115,40.586961,-73.954154
Q..N36R,116,40.587025,-73.954152
Q..N36R,117,40.587088,-73.954150
Q..N36R,118,40.587150,-73.954148
Q..N36R,119,40.587211,-73.954145
Q..N36R,120,40.587271,-73.954142
Q..N36R,121,40.587329,-73.954139
Q..N36R,122,40.587387,-73.954135
Q..N36R,123,40.587443,-73.954131
Q..N36R,124,40.587498,-73.954126
Q..N36R,125,40.587552,-73.954121
Q..N36R,126,40.587605,-73.954116
Q..N36R,127,40.587657,-73.954110
Q..N36R,128,40.587708,-73.954104
Q..N36R,129,40.587758,-73.954096
Q..N36R,130,40.588121,-73.954066
Q..N36R,131,40.588205,-73.954060
Q..N36R,132,40.588288,-73.954056
Q..N36R,133,40.588369,-73.954054
Q..N36R,134,40.588450,-73.954052
Q..N36R,135,40.588530,-73.954051
Q..N36R,136,40.588610,-73.954052
Q..N36R,137,40.588689,-73.954054
Q..N36R,138,40.588767,-73.954057
Q..N36R,139,40.588844,-73.954060
Q..N36R,140,40.588921,-73.954065
Q..N36R,141,40.588997,-73.954072
Q..N36R,142,40.589072,-73.954079
Q..N36R,143,40.589147,-73.954087
Q..N36R,144,40.589221,-73.954096
Q..N36R,145,40.589295,-73.954106
Q..N36R,146,40.590785,-73.954319
Q..N36R,147,40.595246,-73.955161
Q..N36R,148,40.599300,-73.955929
Q..N36R,149,40.607591,-73.957502
Q..N36R,150,40.607605,-73.957505
Q..N36R,151,40.607618,-73.957508
Q..N36R,152,40.607632,-73.957511
Q..N36R,153,40.607645,-73.957513
Q..N36R,154,40.607659,-73.957516
Q..N36R,155,40.607672,-73.957519
Q..N36R,156,40.607685,-73.957522
Q..N36R,157,40.607699,-73.957526
Q..N36R,158,40.607712,-73.957529
Q..N36R,159,40.607725,-73.957532
Q..N36R,160,40.607738,-73.957535
Q..N36R,161,40.607751,-73.957538
Q..N36R,162,40.607764,-73.957541
Q..N36R,163,40.607776,-73.957545
Q..N36R,164,40.607789,-73.957548
Q..N36R,165,40.607869,-73.957572
Q..N36R,166,40.607886,-73.957577
Q..N36R,167,40.607904,-73.957582
Q..N36R,168,40.607922,-73.957588
Q..N36R,169,40.607940,-73.957592
Q..N36R,170,40.607959,-73.957597
Q..N36R,171,40.607977,-73.957602
Q..N36R,172,40.607996,-73.957607
Q..N36R,173,40.608016,-73.957611
Q..N36R,174,40.608035,-73.957616
Q..N36R,175,40.608055,-73.957620
Q..N36R,176,40.608075,-73.957624
Q..N36R,177,40.608096,-73.957628
Q..N36R,178,40.608117,-73.957632
Q..N36R,179,40.608138,-73.957636
Q..N36R,180,40.608159,-73.957640
Q..N36R,181,40.608670,-73.957734
Q..N36R,182,40.609478,-73.957887
Q..N36R,183,40.609495,-73.957890
Q..N36R,184,40.609512,-73.957893
Q..N36R,185,40.609529,-73.957896
Q..N36R,186,40.609547,-73.957898
Q..N36R,187,40.609564,-73.957901
Q..N36R,188,40.609582,-73.957903
Q..N36R,189,40.609600,-73.957906
Q..N36R,190,40.609618,-73.957908
Q..N36R,191,40.609636,-73.957910
Q..N36R,192,40.609654,-73.957913
Q..N36R,193,40.609673,-73.957915
Q..N36R,194,40.609691,-73.957917
Q..N36R,195,40.609710,-73.957918
Q..N36R,196,40.609729,-73.957920
Q..N36R,197,40.609748,-73.957922
Q..N36R,198,40.609875,-73.957939
Q..N36R,199,40.609892,-73.957941
Q..N36R,200,40.609910,-73.957943
Q..N36R,201,40.609928,-73.957946
Q..N36R,202,40.609946,-73.957948
Q..N36R,203,40.609965,-73.957951
Q..N36R,204,40.609984,-73.957953
Q..N36R,205,40.610003,-73.957956
Q..N36R,206,40.610023,-73.957960
Q..N36R,207,40.610043,-73.957963
Q..N36R,208,40.610063,-73.957966
Q..N36R,209,40.610084,-73.957970
Q..N36R,210,40.610105,-73.957974
Q..N36R,211,40.610127,-73.957978
Q..N36R,212,40.610149,-73.957982
Q..N36R,213,40.610171,-73.957986
Q..N36R,214,40.617618,-73.959399
Q..N36R,215,40.625039,-73.960803
Q..N36R,216,40.628229,-73.961408
Q..N36R,217,40.628287,-73.961420
Q..N36R,218,40.628346,-73.961431
Q..N36R,219,40.628407,-73.961443
Q..N36R,220,40.628469,-73.961455
Q..N36R,221,40.628533,-73.961469
Q..N36R,222,40.628599,-73.961483
Q..N36R,223,40.628667,-73.961497
Q..N36R,224,40.628736,-73.961513
Q..N36R,225,40.628807,-73.961529
Q..N36R,226,40.628880,-73.961545
Q..N36R,227,40.628955,-73.961563
Q..N36R,228,40.629031,-73.961581
Q..N36R,229,40.629109,-73.961600
Q..N36R,230,40.629189,-73.961619
Q..N36R,231,40.629270,-73.961639
Q..N36R,232,40.630055,-73.961834
Q..N36R,233,40.630093,-73.961844
Q..N36R,234,40.630132,-73.961854
Q..N36R,235,40.630173,-73.961863
Q..N36R,236,40.630214,-73.961873
Q..N36R,237,40.630256,-73.961883
Q..N36R,238,40.630300,-73.961892
Q..N36R,239,40.630344,-73.961901
Q..N36R,240,40.630390,-73.961911
Q..N36R,241,40.630437,-73.961920
Q..N36R,242,40.630484,-73.961929
Q..N36R,243,40.630533,-73.961938
Q..N36R,244,40.630583,-73.961947
Q..N36R,245,40.630634,-73.961956
Q..N36R,246,40.630686,-73.961964
Q..N36R,247,40.630739,-73.961973
Q..N36R,248,40.635082,-73.962793
Q..N36R,249,40.640927,-73.963891
Q..N36R,250,40.644031,-73.964492
Q..N36R,251,40.644157,-73.964512
Q..N36R,252,40.644282,-73.964530
Q..N36R,253,40.644407,-73.964544
Q..N36R,254,40.644531,-73.964554
Q..N36R,255,40.644654,-73.964561
Q..N36R,256,40.644777,-73.964564
Q..N36R,257,40.644900,-73.964563
Q..N36R,258,40.645022,-73.964558
Q..N36R,259,40.645144,-73.964550
Q..N36R,260,40.645265,-73.964538
Q..N36R,261,40.645386,-73.964522
Q..N36R,262,40.645506,-73.964502
Q..N36R,263,40.645626,-73.964479
Q..N36R,264,40.645746,-73.964452
Q..N36R,265,40.645866,-73.964421
Q..N36R,266,40.650527,-73.962982
Q..N36R,267,40.650768,-73.962910
Q..N36R,268,40.651007,-73.962839
Q..N36R,269,40.651244,-73.962767
Q..N36R,270,40.651478,-73.962696
Q..N36R,271,40.651709,-73.962626
Q..N36R,272,40.651938,-73.962556
Q..N36R,273,40.652165,-73.962486
Q..N36R,274,40.652389,-73.962416
Q..N36R,275,40.652610,-73.962347
Q..N36R,276,40.652829,-73.962278
Q..N36R,277,40.653046,-73.962210
Q..N36R,278,40.653260,-73.962142
Q..N36R,279,40.653472,-73.962074
Q..N36R,280,40.653681,-73.962006
Q..N36R,281,40.653888,-73.961938
Q..N36R,282,40.655292,-73.961495
Q..N36R,283,40.655406,-73.961468
Q..N36R,284,40.655519,-73.961445
Q..N36R,285,40.655630,-73.961425
Q..N36R,286,40.655741,-73.961408
Q..N36R,287,40.655851,-73.961393
Q..N36R,288,40.655959,-73.961382
Q..N36R,289,40.656067,-73.961373
Q..N36R,290,40.656174,-73.961368
Q..N36R,291,40.656281,-73.961365
Q..N36R,292,40.656386,-73.961365
Q..N36R,293,40.656490,-73.961368
Q..N36R,294,40.656594,-73.961374
Q..N36R,295,40.656696,-73.961383
Q..N36R,296,40.656798,-73.961394
Q..N36R,297,40.656900,-73.961410
Q..N36R,298,40.660141,-73.961937
Q..N36R,299,40.660164,-73.961941
Q..N36R,300,40.660188,-73.961946
Q..N36R,301,40.660212,-73.961951
Q..N36R,302,40.660237,-73.961956
Q..N36R,303,40.660262,-73.961961
Q..N36R,304,40.660288,-73.961966
Q..N36R,305,40.660314,-73.961972
Q..N36R,306,40.660340,-73.961978
Q..N36R,307,40.660367,-73.961984
Q..N36R,308,40.660395,-73.961991
Q..N36R,309,40.660423,-73.961997
Q..N36R,310,40.660452,-73.962004
Q..N36R,311,40.660481,-73.962011
Q..N36R,312,40.660510,-73.962018
Q..N36R,313,40.660540,-73.962026
Q..N36R,314,40.660825,-73.962107
Q..N36R,315,40.660837,-73.962111
Q..N36R,316,40.660849,-73.962114
Q..N36R,317,40.660861,-73.962118
Q..N36R,318,40.660873,-73.962121
Q..N36R,319,40.660885,-73.962124
Q..N36R,320,40.660898,-73.962128
Q..N36R,321,40.660910,-73.962131
Q..N36R,322,40.660922,-73.962133
Q..N36R,323,40.660935,-73.962136
Q..N36R,324,40.660947,-73.962139
Q..N36R,325,40.660959,-73.962141
Q..N36R,326,40.660972,-73.962144
Q..N36R,327,40.660985,-73.962146
Q..N36R,328,40.660997,-73.962148
Q..N36R,329,40.661010,-73.962150
Q..N36R,330,40.661614,-73.962246
Q..N36R,331,40.662551,-73.962392
Q..N36R,332,40.662642,-73.962408
Q..N36R,333,40.662733,-73.962427
Q..N36R,334,40.662823,-73.962450
Q..N36R,335,40.662913,-73.962475
Q..N36R,336,40.663003,-73.962502
Q..N36R,337,40.663092,-73.962533
Q..N36R,338,40.663181,-73.962566
Q..N36R,339,40.663269,-73.962601
Q..N36R,340,40.663357,-73.962640
Q..N36R,341,40.663445,-73.962681
Q..N36R,342,40.663532,-73.962724
Q..N36R,343,40.663619,-73.962771
Q..N36R,344,40.663705,-73.962820
Q..N36R,345,40.663791,-73.962872
Q..N36R,346,40.663876,-73.962927
Q..N36R,347,40.677050,-73.972367
Q..N36R,348,40.682608,-73.976398
Q..N36R,349,40.682662,-73.976431
Q..N36R,350,40.682716,-73.976461
Q..N36R,351,40.682769,-73.976490
Q..N36R,352,40.682823,-73.976517
Q..N36R,353,40.682877,-73.976543
Q..N36R,354,40.682932,-73.976566
Q..N36R,355,40.682987,-73.976589
Q..N36R,356,40.683041,-73.976609
Q..N36R,357,40.683097,-73.976628
Q..N36R,358,40.683152,-73.976645
Q..N36R,359,40.683208,-73.976661
Q..N36R,360,40.683264,-73.976675
Q..N36R,361,40.683320,-73.976687
Q..N36R,362,40.683376,-73.976698
Q..N36R,363,40.683433,-73.976708
Q..N36R,364,40.684460,-73.976890
Q..N36R,365,40.687181,-73.977416
Q..N36R,366,40.687228,-73.977424
Q..N36R,367,40.687273,-73.977437
Q..N36R,368,40.687317,-73.977452
Q..N36R,369,40.687359,-73.977472
Q..N36R,370,40.687399,-73.977495
Q..N36R,371,40.687437,-73.977522
Q..N36R,372,40.687473,-73.977552
Q..N36R,373,40.687508,-73.977587
Q..N36R,374,40.687541,-73.977624
Q..N36R,375,40.687573,-73.977666
Q..N36R,376,40.687602,-73.977711
Q..N36R,377,40.687630,-73.977760
Q..N36R,378,40.687656,-73.977812
Q..N36R,379,40.687680,-73.977868
Q..N36R,380,40.687703,-73.977928
Q..N36R,381,40.688068,-73.978805
Q..N36R,382,40.688730,-73.980474
Q..N36R,383,40.688760,-73.980545
Q..N36R,384,40.688792,-73.980613
Q..N36R,385,40.688827,-73.980678
Q..N36R,386,40.688863,-73.980740
Q..N36R,387,40.688902,-73.980798
Q..N36R,388,40.688943,-73.980853
Q..N36R,389,40.688986,-73.980905
Q..N36R,390,40.689031,-73.980954
Q..N36R,391,40.689078,-73.980999
Q..N36R,392,40.689127,-73.981042
Q..N36R,393,40.689178,-73.981081
Q..N36R,394,40.689232,-73.981117
Q..N36R,395,40.689287,-73.981149
Q..N36R,396,40.689345,-73.981179
Q..N36R,397,40.689405,-73.981205
Q..N36R,398,40.690635,-73.981824
Q..N36R,399,40.691559,-73.982304
Q..N36R,400,40.693829,-73.983428
Q..N36R,401,40.695079,-73.984126
Q..N36R,402,40.697770,-73.985484
Q..N36R,403,40.714878,-73.995010
Q..N36R,404,40.714925,-73.995034
Q..N36R,405,40.714971,-73.995059
Q..N36R,406,40.715017,-73.995085
Q..N36R,407,40.715062,-73.995112
Q..N36R,408,40.715108,-73.995141
Q..N36R,409,40.715152,-73.995171
Q..N36R,410,40.715197,-73.995202
Q..N36R,411,40.715241,-73.995234
Q..N36R,412,40.715285,-73.995268
Q..N36R,413,40.715328,-73.995303
Q..N36R,414,40.715371,-73.995339
Q..N36R,415,40.715414,-73.995376
Q..N36R,416,40.715456,-73.995414
Q..N36R,417,40.715498,-73.995454
Q..N36R,418,40.715540,-73.995495
Q..N36R,419,40.716011,-73.995962
Q..N36R,420,40.716047,-73.995996
Q..N36R,421,40.716081,-73.996031
Q..N36R,422,40.716115,-73.996069
Q..N36R,423,40.716148,-73.996109
Q..N36R,424,40.716179,-73.996150
Q..N36R,425,40.716210,-73.996194
Q..N36R,426,40.716240,-73.996239
Q..N36R,427,40.716268,-73.996287
Q..N36R,428,40.716296,-73.996337
Q..N36R,429,40.716322,-73.996388
Q..N36R,430,40.716348,-73.996442
Q..N36R,431,40.716372,-73.996497
Q..N36R,432,40.716396,-73.996555
Q..N36R,433,40.716418,-73.996614
Q..N36R,434,40.716440,-73.996676
Q..N36R,435,40.716956,-73.998177
Q..N36R,436,40.716981,-73.998249
Q..N36R,437,40.717007,-73.998320
Q..N36R,438,40.717034,-73.998391
Q..N36R,439,40.717062,-73.998460
Q..N36R,440,40.717091,-73.998528
Q..N36R,441,40.717120,-73.998595
Q..N36R,442,40.717151,-73.998660
Q..N36R,443,40.717183,-73.998725
Q..N36R,444,40.717216,-73.998789
Q..N36R,445,40.717250,-73.998852
Q..N36R,446,40.717284,-73.998913
Q..N36R,447,40.717320,-73.998974
Q..N36R,448,40.717357,-73.999033
Q..N36R,449,40.717394,-73.999092
Q..N36R,450,40.717433,-73.999149
Q..N36R,451,40.718383,-74.000460
Q..N36R,452,40.719004,-74.001326
Q..N36R,453,40.719055,-74.001393
Q..N36R,454,40.719108,-74.001452
Q..N36R,455,40.719162,-74.001502
Q..N36R,456,40.719218,-74.001544
Q..N36R,457,40.719275,-74.001577
Q..N36R,458,40.719334,-74.001601
Q..N36R,459,40.719394,-74.001616
Q..N36R,460,40.719456,-74.001623
Q..N36R,461,40.719519,-74.001622
Q..N36R,462,40.719584,-74.001611
Q..N36R,463,40.719650,-74.001592
Q..N36R,464,40.719718,-74.001564
Q..N36R,465,40.719787,-74.001528
Q..N36R,466,40.719858,-74.001483
Q..N36R,467,40.719930,-74.001429
Q..N36R,468,40.724329,-73.997702
Q..N36R,469,40.730328,-73.992629
Q..N36R,470,40.731445,-73.991683
Q..N36R,471,40.731485,-73.991649
Q..N36R,472,40.731526,-73.991617
Q..N36R,473,40.731567,-73.991586
Q..N36R,474,40.731609,-73.991558
Q..N36R,475,40.731651,-73.991531
Q..N36R,476,40.731693,-73.991505
Q..N36R,477,40.731736,-73.991482
Q..N36R,478,40.731779,-73.991460
Q..N36R,479,40.731822,-73.991440
Q..N36R,480,40.731866,-73.991422
Q..N36R,481,40.731910,-73.991406
Q..N36R,482,40.731954,-73.991391
Q..N36R,483,40.731999,-73.991378
Q..N36R,484,40.732044,-73.991367
Q..N36R,485,40.732090,-73.991358
Q..N36R,486,40.735736,-73.990568
Q..N36R,487,40.737433,-73.990206
Q..N36R,488,40.737476,-73.990195
Q..N36R,489,40.737519,-73.990186
Q..N36R,490,40.737563,-73.990176
Q..N36R,491,40.737608,-73.990166
Q..N36R,492,40.737653,-73.990155
Q..N36R,493,40.737698,-73.990144
Q..N36R,494,40.737745,-73.990134
Q..N36R,495,40.737792,-73.990122
Q..N36R,496,40.737839,-73.990111
Q..N36R,497,40.737887,-73.990099
Q..N36R,498,40.737936,-73.990088
Q..N36R,499,40.737985,-73.990076
Q..N36R,500,40.738035,-73.990063
Q..N36R,501,40.738085,-73.990051
Q..N36R,502,40.738136,-73.990037
Q..N36R,503,40.739792,-73.989604
Q..N36R,504,40.739844,-73.989590
Q..N36R,505,40.739894,-73.989578
Q..N36R,506,40.739945,-73.989566
Q..N36R,507,40.739995,-73.989554
Q..N36R,508,40.740045,-73.989543
Q..N36R,509,40.740095,-73.989532
Q..N36R,510,40.740145,-73.989522
Q..N36R,511,40.740195,-73.989512
Q..N36R,512,40.740244,-73.989503
Q..N36R,513,40.740294,-73.989494
Q..N36R,514,40.740343,-73.989485
Q..N36R,515,40.740392,-73.989477
Q..N36R,516,40.740441,-73.989469
Q..N36R,517,40.740489,-73.989462
Q..N36R,518,40.740538,-73.989455
Q..N36R,519,40.741303,-73.989344
Q..N36R,520,40.742643,-73.989192
Q..N36R,521,40.742700,-73.989186
Q..N36R,522,40.742757,-73.989180
Q..N36R,523,40.742812,-73.989173
Q..N36R,524,40.742867,-73.989166
Q..N36R,525,40.742920,-73.989160
Q..N36R,526,40.742973,-73.989153
Q..N36R,527,40.743025,-73.989146
Q..N36R,528,40.743075,-73.989138
Q..N36R,529,40.743125,-73.989131
Q..N36R,530,40.743173,-73.989123
Q..N36R,531,40.743221,-73.989116
Q..N36R,532,40.743268,-73.989108
Q..N36R,533,40.743314,-73.989100
Q..N36R,534,40.743358,-73.989091
Q..N36R,535,40.743402,-73.989083
Q..N36R,536,40.745494,-73.988691
Q..N36R,537,40.749567,-73.987950
Q..N36R,538,40.751815,-73.987570
Q..N36R,539,40.751893,-73.987556
Q..N36R,540,40.751971,-73.987541
Q..N36R,541,40.752049,-73.987526
Q..N36R,542,40.752127,-73.987510
Q..N36R,543,40.752204,-73.987493
Q..N36R,544,40.752282,-73.987475
Q..N36R,545,40.752360,-73.987457
Q..N36R,546,40.752438,-73.987437
Q..N36R,547,40.752516,-73.987417
Q..N36R,548,40.752593,-73.987396
Q..N36R,549,40.752671,-73.987375
Q..N36R,550,40.752749,-73.987353
Q..N36R,551,40.752827,-73.987329
Q..N36R,552,40.752904,-73.987306
Q..N36R,553,40.752982,-73.987281
Q..N36R,554,40.754672,-73.986754
Q..N36R,555,40.756430,-73.986201
Q..N36R,556,40.756569,-73.986154
Q..N36R,557,40.756705,-73.986106
Q..N36R,558,40.756839,-73.986056
Q..N36R,559,40.756971,-73.986003
Q..N36R,560,40.757101,-73.985949
Q..N36R,561,40.757229,-73.985893
Q..N36R,562,40.757354,-73.985835
Q..N36R,563,40.757477,-73.985775
Q..N36R,564,40.757599,-73.985712
Q..N36R,565,40.757718,-73.985648
Q..N36R,566,40.757835,-73.985582
Q..N36R,567,40.757949,-73.985514
Q..N36R,568,40.758062,-73.985444
Q..N36R,569,40.758173,-73.985371
Q..N36R,570,40.758280,-73.985298
Q..N36R,571,40.759901,-73.984139
Q..N36R,572,40.764664,-73.980658
Q..N36R,573,40.766254,-73.979499
Q..N36R,574,40.768045,-73.978177
Q..N36R,575,40.768274,-73.977993
Q..N36R,576,40.768475,-73.977798
Q..N36R,577,40.768649,-73.977592
Q..N36R,578,40.768794,-73.977375
Q..N36R,579,40.768911,-73.977148
Q..N36R,580,40.769000,-73.976909
Q..N36R,581,40.769062,-73.976660
Q..N36R,582,40.769095,-73.976399
Q..N36R,583,40.769101,-73.976128
Q..N36R,584,40.769078,-73.975846
Q..N36R,585,40.769028,-73.975553
Q..N36R,586,40.768949,-73.975249
Q..N36R,587,40.768843,-73.974934
Q..N36R,588,40.768708,-73.974609
Q..N36R,589,40.768546,-73.974272
Q..N36R,590,40.767269,-73.972148
Q..N36R,591,40.767239,-73.972102
Q..N36R,592,40.767210,-73.972055
Q..N36R,593,40.767180,-73.972007
Q..N36R,594,40.767150,-73.971957
Q..N36R,595,40.767121,-73.971906
Q..N36R,596,40.767091,-73.971854
Q..N36R,597,40.767062,-73.971801
Q..N36R,598,40.767032,-73.971747
Q..N36R,599,40.767003,-73.971691
Q..N36R,600,40.766973,-73.971634
Q..N36R,601,40.766944,-73.971576
Q..N36R,602,40.766915,-73.971516
Q..N36R,603,40.766885,-73.971456
Q..N36R,604,40.766856,-73.971394
Q..N36R,605,40.766827,-73.971330
Q..N36R,606,40.764629,-73.966113
Q..N36R,607,40.763973,-73.964558
Q..N36R,608,40.763888,-73.964301
Q..N36R,609,40.763822,-73.964052
Q..N36R,610,40.763774,-73.963810
Q..N36R,611,40.763744,-73.963574
Q..N36R,612,40.763733,-73.963345
Q..N36R,613,40.763740,-73.963123
Q..N36R,614,40.763765,-73.962907
Q..N36R,615,40.763808,-73.962698
Q..N36R,616,40.763869,-73.962496
Q..N36R,617,40.763949,-73.962301
Q..N36R,618,40.764046,-73.962112
Q..N36R,619,40.764162,-73.961930
Q..N36R,620,40.764296,-73.961755
Q..N36R,621,40.764449,-73.961587
Q..N36R,622,40.764620,-73.961424
Q..N36R,623,40.768090,-73.958883
Q..N36R,624,40.768780,-73.958380
Q..N36R,625,40.777215,-73.952225
Q..N36R,626,40.777873,-73.951745
Q..N36R,627,40.783471,-73.947656
Q..S19R,0,40.783471,-73.947656
Q..S19R,1,40.777215,-73.952225
Q..S19R,2,40.768090,-73.958883
Q..S19R,3,40.764620,-73.961424
Q..S19R,4,40.764449,-73.961587
Q..S19R,5,40.764296,-73.961755
Q..S19R,6,40.764162,-73.961930
Q..S19R,7,40.764046,-73.962112
Q..S19R,8,40.763949,-73.962301
Q..S19R,9,40.763869,-73.962496
Q..S19R,10,40.763808,-73.962698
Q..S19R,11,40.763765,-73.962907
Q..S19R,12,40.763740,-73.963123
Q..S19R,13,40.763733,-73.963345
Q..S19R,14,40.763744,-73.963574
Q..S19R,15,40.763774,-73.963810
Q..S19R,16,40.763822,-73.964052
Q..S19R,17,40.763888,-73.964301
Q..S19R,18,40.763973,-73.964558
Q..S19R,19,40.764629,-73.966113
Q..S19R,20,40.766827,-73.971330
Q..S19R,21,40.766856,-73.971394
Q..S19R,22,40.766885,-73.971456
Q..S19R,23,40.766915,-73.971516
Q..S19R,24,40.766944,-73.971576
Q..S19R,25,40.766973,-73.971634
Q..S19R,26,40.767003,-73.971691
Q..S19R,27,40.767032,-73.971747
Q..S19R,28,40.767062,-73.971801
Q..S19R,29,40.767091,-73.971854
Q..S19R,30,40.767121,-73.971906
Q..S19R,31,40.767150,-73.971957
Q..S19R,32,40.767180,-73.972007
Q..S19R,33,40.767210,-73.972055
Q..S19R,34,40.767239,-73.972102
Q..S19R,35,40.767269,-73.972148
Q..S19R,36,40.768546,-73.974272
Q..S19R,37,40.768708,-73.974609
Q..S19R,38,40.768843,-73.974934
Q..S19R,39,40.768949,-73.975249
Q..S19R,40,40.769028,-73.975553
Q..S19R,41,40.769078,-73.975846
Q..S19R,42,40.769101,-73.976128
Q..S19R,43,40.769095,-73.976399
Q..S19R,44,40.769062,-73.976660
Q..S19R,45,40.769000,-73.976909
Q..S19R,46,40.768911,-73.977148
Q..S19R,47,40.768794,-73.977375
Q..S19R,48,40.768649,-73.977592
Q..S19R,49,40.768475,-73.977798
Q..S19R,50,40.768274,-73.977993
Q..S19R,51,40.768045,-73.978177
Q..S19R,52,40.766254,-73.979499
Q..S19R,53,40.764664,-73.980658
Q..S19R,54,40.759901,-73.984139
Q..S19R,55,40.758280,-73.985298
Q..S19R,56,40.758173,-73.985371
Q..S19R,57,40.758062,-73.985444
Q..S19R,58,40.757949,-73.985514
Q..S19R,59,40.757835,-73.985582
Q..S19R,60,40.757718,-73.985648
Q..S19R,61,40.757599,-73.985712
Q..S19R,62,40.757477,-73.985775
Q..S19R,63,40.757354,-73.985835
Q..S19R,64,40.757229,-73.985893
Q..S19R,65,40.757101,-73.985949
Q..S19R,66,40.756971,-73.986003
Q..S19R,67,40.756839,-73.986056
Q..S19R,68,40.756705,-73.986106
Q..S19R,69,40.756569,-73.986154
Q..S19R,70,40.756430,-73.986201
Q..S19R,71,40.754672,-73.986754
Q..S19R,72,40.752982,-73.987281
Q..S19R,73,40.752904,-73.987306
Q..S19R,74,40.752827,-73.987329
Q..S19R,75,40.752749,-73.987353
Q..S19R,76,40.752671,-73.987375
Q..S19R,77,40.752593,-73.987396
Q..S19R,78,40.752516,-73.987417
Q..S19R,79,40.752438,-73.987437
Q..S19R,80,40.752360,-73.987457
Q..S19R,81,40.752282,-73.987475
Q..S19R,82,40.752204,-73.987493
Q..S19R,83,40.752127,-73.987510
Q..S19R,84,40.752049,-73.987526
Q..S19R,85,40.751971,-73.987541
Q..S19R,86,40.751893,-73.987556
Q..S19R,87,40.751815,-73.987570
Q..S19R,88,40.749567,-73.987950
Q..S19R,89,40.745494,-73.988691
Q..S19R,90,40.743402,-73.989083
Q..S19R,91,40.743358,-73.989091
Q..S19R,92,40.743314,-73.989100
Q..S19R,93,40.743268,-73.989108
Q..S19R,94,40.743221,-73.989116
Q..S19R,95,40.743173,-73.989123
Q..S19R,96,40.743125,-73.989131
Q..S19R,97,40.743075,-73.989138
Q..S19R,98,40.743025,-73.989146
Q..S19R,99,40.742973,-73.989153
Q..S19R,100,40.742920,-73.989160
Q..S19R,101,40.742867,-73.989166
Q..S19R,102,40.742812,-73.989173
Q..S19R,103,40.742757,-73.989180
Q..S19R,104,40.742700,-73.989186
Q..S19R,105,40.742643,-73.989192
Q..S19R,106,40.741303,-73.989344
Q..S19R,107,40.740538,-73.989455
Q..S19R,108,40.740489,-73.989462
Q..S19R,109,40.740441,-73.989469
Q..S19R,110,40.740392,-73.989477
Q..S19R,111,40.740343,-73.989485
Q..S19R,112,40.740294,-73.989494
Q..S19R,113,40.740244,-73.989503
Q..S19R,114,40.740195,-73.989512
Q..S19R,115,40.740145,-73.989522
Q..S19R,116,40.740095,-73.989532
Q..S19R,117,40.740045,-73.989543
Q..S19R,118,40.739995,-73.989554
Q..S19R,119,40.739945,-73.989566
Q..S19R,120,40.739894,-73.989578
Q..S19R,121,40.739844,-73.989590
Q..S19R,122,40.739792,-73.989604
Q..S19R,123,40.738136,-73.990037
Q..S19R,124,40.738085,-73.990051
Q..S19R,125,40.738035,-73.990063
Q..S19R,126,40.737985,-73.990076
Q..S19R,127,40.737936,-73.990088
Q..S19R,128,40.737887,-73.990099
Q..S19R,129,40.737839,-73.990111
Q..S19R,130,40.737792,-73.990122
Q..S19R,131,40.737745,-73.990134
Q..S19R,132,40.737698,-73.990144
Q..S19R,133,40.737653,-73.990155
Q..S19R,134,40.737608,-73.990166
Q..S19R,135,40.737563,-73.990176
Q..S19R,136,40.737519,-73.990186
Q..S19R,137,40.737476,-73.990195
Q..S19R,138,40.737433,-73.990206
Q..S19R,139,40.735736,-73.990568
Q..S19R,140,40.732090,-73.991358
Q..S19R,141,40.732044,-73.991367
Q..S19R,142,40.731999,-73.991378
Q..S19R,143,40.731954,-73.991391
Q..S19R,144,40.731910,-73.991406
Q..S19R,145,40.731866,-73.991422
Q..S19R,146,40.731822,-73.991440
Q..S19R,147,40.731779,-73.991460
Q..S19R,148,40.731736,-73.991482
Q..S19R,149,40.731693,-73.991505
Q..S19R,150,40.731651,-73.991531
Q..S19R,151,40.731609,-73.991558
Q..S19R,152,40.731567,-73.991586
Q..S19R,153,40.731526,-73.991617
Q..S19R,154,40.731485,-73.991649
Q..S19R,155,40.731445,-73.991683
Q..S19R,156,40.730328,-73.992629
Q..S19R,157,40.724329,-73.997702
Q..S19R,158,40.719930,-74.001429
Q..S19R,159,40.719858,-74.001483
Q..S19R,160,40.719787,-74.001528
Q..S19R,161,40.719718,-74.001564
Q..S19R,162,40.719650,-74.001592
Q..S19R,163,40.719584,-74.001611
Q..S19R,164,40.719519,-74.001622
Q..S19R,165,40.719456,-74.001623
Q..S19R,166,40.719394,-74.001616
Q..S19R,167,40.719334,-74.001601
Q..S19R,168,40.719275,-74.001577
Q..S19R,169,40.719218,-74.001544
Q..S19R,170,40.719162,-74.001502
Q..S19R,171,40.719108,-74.001452
Q..S19R,172,40.719055,-74.001393
Q..S19R,173,40.719004,-74.001326
Q..S19R,174,40.718383,-74.000460
Q..S19R,175,40.717433,-73.999149
Q..S19R,176,40.717394,-73.999092
Q..S19R,177,40.717357,-73.999033
Q..S19R,178,40.717320,-73.998974
Q..S19R,179,40.717284,-73.998913
Q..S19R,180,40.717250,-73.998852
Q..S19R,181,40.717216,-73.998789
Q..S19R,182,40.717183,-73.998725
Q..S19R,183,40.717151,-73.998660
Q..S19R,184,40.717120,-73.998595
Q..S19R,185,40.717091,-73.998528
Q..S19R,186,40.717062,-73.998460
Q..S19R,187,40.717034,-73.998391
Q..S19R,188,40.717007,-73.998320
Q..S19R,189,40.716981,-73.998249
Q..S19R,190,40.716956,-73.998177
Q..S19R,191,40.716440,-73.996676
Q..S19R,192,40.716418,-73.996614
Q..S19R,193,40.716396,-73.996555
Q..S19R,194,40.716372,-73.996497
Q..S19R,195,40.716348,-73.996442
Q..S19R,196,40.716322,-73.996388
Q..S19R,197,40.716296,-73.996337
Q..S19R,198,40.716268,-73.996287
Q..S19R,199,40.716240,-73.996239
Q..S19R,200,40.716210,-73.996194
Q..S19R,201,40.716179,-73.996150
Q..S19R,202,40.716148,-73.996109
Q..S19R,203,40.716115,-73.996069
Q..S19R,204,40.716081,-73.996031
Q..S19R,205,40.716047,-73.995996
Q..S19R,206,40.716011,-73.995962
Q..S19R,207,40.715540,-73.995495
Q..S19R,208,40.715498,-73.995454
Q..S19R,209,40.715456,-73.995414
Q..S19R,210,40.715414,-73.995376
Q..S19R,211,40.715371,-73.995339
Q..S19R,212,40.715328,-73.995303
Q..S19R,213,40.715285,-73.995268
Q..S19R,214,40.715241,-73.995234
Q..S19R,215,40.715197,-73.995202
Q..S19R,216,40.715152,-73.995171
Q..S19R,217,40.715108,-73.995141
Q..S19R,218,40.715062,-73.995112
Q..S19R,219,40.715017,-73.995085
Q..S19R,220,40.714971,-73.995059
Q..S19R,221,40.714925,-73.995034
Q..S19R,222,40.714878,-73.995010
Q..S19R,223,40.697770,-73.985484
Q..S19R,224,40.695079,-73.984126
Q..S19R,225,40.693829,-73.983428
Q..S19R,226,40.691559,-73.982304
Q..S19R,227,40.690635,-73.981824
Q..S19R,228,40.689405,-73.981205
Q..S19R,229,40.689345,-73.981179
Q..S19R,230,40.689287,-73.981149
Q..S19R,231,40.689232,-73.981117
Q..S19R,232,40.689178,-73.981081
Q..S19R,233,40.689127,-73.981042
Q..S19R,234,40.689078,-73.980999
Q..S19R,235,40.689031,-73.980954
Q..S19R,236,40.688986,-73.980905
Q..S19R,237,40.688943,-73.980853
Q..S19R,238,40.688902,-73.980798
Q..S19R,239,40.688863,-73.980740
Q..S19R,240,40.688827,-73.980678
Q..S19R,241,40.688792,-73.980613
Q..S19R,242,40.688760,-73.980545
Q..S19R,243,40.688730,-73.980474
Q..S19R,244,40.688068,-73.978805
Q..S19R,245,40.687703,-73.977928
Q..S19R,246,40.687680,-73.977868
Q..S19R,247,40.687656,-73.977812
Q..S19R,248,40.687630,-73.977760
Q..S19R,249,40.687602,-73.977711
Q..S19R,250,40.687573,-73.977666
Q..S19R,251,40.687541,-73.977624
Q..S19R,252,40.687508,-73.977587
Q..S19R,253,40.687473,-73.977552
Q..S19R,254,40.687437,-73.977522
Q..S19R,255,40.687399,-73.977495
Q..S19R,256,40.687359,-73.977472
Q..S19R,257,40.687317,-73.977452
Q..S19R,258,40.687273,-73.977437
Q..S19R,259,40.687228,-73.977424
Q..S19R,260,40.687181,-73.977416
Q..S19R,261,40.684460,-73.976890
Q..S19R,262,40.683433,-73.976708
Q..S19R,263,40.683376,-73.976698
Q..S19R,264,40.683320,-73.976687
Q..S19R,265,40.683264,-73.976675
Q..S19R,266,40.683208,-73.976661
Q..S19R,267,40.683152,-73.976645
Q..S19R,268,40.683097,-73.976628
Q..S19R,269,40.683041,-73.976609
Q..S19R,270,40.682987,-73.976589
Q..S19R,271,40.682932,-73.976566
Q..S19R,272,40.682877,-73.976543
Q..S19R,273,40.682823,-73.976517
Q..S19R,274,40.682769,-73.976490
Q..S19R,275,40.682716,-73.976461
Q..S19R,276,40.682662,-73.976431
Q..S19R,277,40.682608,-73.976398
Q..S19R,278,40.677050,-73.972367
Q..S19R,279,40.663876,-73.962927
Q..S19R,280,40.663791,-73.962872
Q..S19R,281,40.663705,-73.962820
Q..S19R,282,40.663619,-73.962771
Q..S19R,283,40.663532,-73.962724
Q..S19R,284,40.663445,-73.962681
Q..S19R,285,40.663357,-73.962640
Q..S19R,286,40.663269,-73.962601
Q..S19R,287,40.663181,-73.962566
Q..S19R,288,40.663092,-73.962533
Q..S19R,289,40.663003,-73.962502
Q..S19R,290,40.662913,-73.962475
Q..S19R,291,40.662823,-73.962450
Q..S19R,292,40.662733,-73.962427
Q..S19R,293,40.662642,-73.962408
Q..S19R,294,40.662551,-73.962392
Q..S19R,295,40.661614,-73.962246
Q..S19R,296,40.661010,-73.962150
Q..S19R,297,40.660997,-73.962148
Q..S19R,298,40.660985,-73.962146
Q..S19R,299,40.660972,-73.962144
Q..S19R,300,40.660959,-73.962141
Q..S19R,301,40.660947,-73.962139
Q..S19R,302,40.660935,-73.962136
Q..S19R,303,40.660922,-73.962133
Q..S19R,304,40.660910,-73.962131
Q..S19R,305,40.660898,-73.962128
Q..S19R,306,40.660885,-73.962124
Q..S19R,307,40.660873,-73.962121
Q..S19R,308,40.660861,-73.962118
Q..S19R,309,40.660849,-73.962114
Q..S19R,310,40.660837,-73.962111
Q..S19R,311,40.660825,-73.962107
Q..S19R,312,40.660540,-73.962026
Q..S19R,313,40.660510,-73.962018
Q..S19R,314,40.660481,-73.962011
Q..S19R,315,40.660452,-73.962004
Q..S19R,316,40.660423,-73.961997
Q..S19R,317,40.660395,-73.961991
Q..S19R,318,40.660367,-73.961984
Q..S19R,319,40.660340,-73.961978
Q..S19R,320,40.660314,-73.961972
Q..S19R,321,40.660288,-73.961966
Q..S19R,322,40.660262,-73.961961
Q..S19R,323,40.660237,-73.961956
Q..S19R,324,40.660212,-73.961951
Q..S19R,325,40.660188,-73.961946
Q..S19R,326,40.660164,-73.961941
Q..S19R,327,40.660141,-73.961937
Q..S19R,328,40.656900,-73.961410
Q..S19R,329,40.656798,-73.961394
Q..S19R,330,40.656696,-73.961383
Q..S19R,331,40.656594,-73.961374
Q..S19R,332,40.656490,-73.961368
Q..S19R,333,40.656386,-73.961365
Q..S19R,334,40.656281,-73.961365
Q..S19R,335,40.656174,-73.961368
Q..S19R,336,40.656067,-73.961373
Q..S19R,337,40.655959,-73.961382
Q..S19R,338,40.655851,-73.961393
Q..S19R,339,40.655741,-73.961408
Q..S19R,340,40.655630,-73.961425
Q..S19R,341,40.655519,-73.961445
Q..S19R,342,40.655406,-73.961468
Q..S19R,343,40.655292,-73.961495
Q..S19R,344,40.653888,-73.961938
Q..S19R,345,40.653681,-73.962006
Q..S19R,346,40.653472,-73.962074
Q..S19R,347,40.653260,-73.962142
Q..S19R,348,40.653046,-73.962210
Q..S19R,349,40.652829,-73.962278
Q..S19R,350,40.652610,-73.962347
Q..S19R,351,40.652389,-73.962416
Q..S19R,352,40.652165,-73.962486
Q..S19R,353,40.651938,-73.962556
Q..S19R,354,40.651709,-73.962626
Q..S19R,355,40.651478,-73.962696
Q..S19R,356,40.651244,-73.962767
Q..S19R,357,40.651007,-73.962839
Q..S19R,358,40.650768,-73.962910
Q..S19R,359,40.650527,-73.962982
Q..S19R,360,40.645866,-73.964421
Q..S19R,361,40.645746,-73.964452
Q..S19R,362,40.645626,-73.964479
Q..S19R,363,40.645506,-73.964502
Q..S19R,364,40.645386,-73.964522
Q..S19R,365,40.645265,-73.964538
Q..S19R,366,40.645144,-73.964550
Q..S19R,367,40.645022,-73.964558
Q..S19R,368,40.644900,-73.964563
Q..S19R,369,40.644777,-73.964564
Q..S19R,370,40.644654,-73.964561
Q..S19R,371,40.644531,-73.964554
Q..S19R,372,40.644407,-73.964544
Q..S19R,373,40.644282,-73.964530
Q..S19R,374,40.644157,-73.964512
Q..S19R,375,40.644031,-73.964492
Q..S19R,376,40.640927,-73.963891
Q..S19R,377,40.635082,-73.962793
Q..S19R,378,40.630739,-73.961973
Q..S19R,379,40.630686,-73.961964
Q..S19R,380,40.630634,-73.961956
Q..S19R,381,40.630583,-73.961947
Q..S19R,382,40.630533,-73.961938
Q..S19R,383,40.630484,-73.961929
Q..S19R,384,40.630437,-73.961920
Q..S19R,385,40.630390,-73.961911
Q..S19R,386,40.630344,-73.961901
Q..S19R,387,40.630300,-73.961892
Q..S19R,388,40.630256,-73.961883
Q..S19R,389,40.630214,-73.961873
Q..S19R,390,40.630173,-73.961863
Q..S19R,391,40.630132,-73.961854
Q..S19R,392,40.630093,-73.961844
Q..S19R,393,40.630055,-73.961834
Q..S19R,394,40.629270,-73.961639
Q..S19R,395,40.629189,-73.961619
Q..S19R,396,40.629109,-73.961600
Q..S19R,397,40.629031,-73.961581
Q..S19R,398,40.628955,-73.961563
Q..S19R,399,40.628880,-73.961545
Q..S19R,400,40.628807,-73.961529
Q..S19R,401,40.628736,-73.961513
Q..S19R,402,40.628667,-73.961497
Q..S19R,403,40.628599,-73.961483
Q..S19R,404,40.628533,-73.961469
Q..S19R,405,40.628469,-73.961455
Q..S19R,406,40.628407,-73.961443
Q..S19R,407,40.628346,-73.961431
Q..S19R,408,40.628287,-73.961420
Q..S19R,409,40.628229,-73.961408
Q..S19R,410,40.625039,-73.960803
Q..S19R,411,40.617618,-73.959399
Q..S19R,412,40.610171,-73.957986
Q..S19R,413,40.610149,-73.957982
Q..S19R,414,40.610127,-73.957978
Q..S19R,415,40.610105,-73.957974
Q..S19R,416,40.610084,-73.957970
Q..S19R,417,40.610063,-73.957966
Q..S19R,418,40.610043,-73.957963
Q..S19R,419,40.610023,-73.957960
Q..S19R,420,40.610003,-73.957956
Q..S19R,421,40.609984,-73.957953
Q..S19R,422,40.609965,-73.957951
Q..S19R,423,40.609946,-73.957948
Q..S19R,424,40.609928,-73.957946
Q..S19R,425,40.609910,-73.957943
Q..S19R,426,40.609892,-73.957941
Q..S19R,427,40.609875,-73.957939
Q..S19R,428,40.609748,-73.957922
Q..S19R,429,40.609729,-73.957920
Q..S19R,430,40.609710,-73.957918
Q..S19R,431,40.609691,-73.957917
Q..S19R,432,40.609673,-73.957915
Q..S19R,433,40.609654,-73.957913
Q..S19R,434,40.609636,-73.957910
Q..S19R,435,40.609618,-73.957908
Q..S19R,436,40.609600,-73.957906
Q..S19R,437,40.609582,-73.957903
Q..S19R,438,40.609564,-73.957901
Q..S19R,439,40.609547,-73.957898
Q..S19R,440,40.609529,-73.957896
Q..S19R,441,40.609512,-73.957893
Q..S19R,442,40.609495,-73.957890
Q..S19R,443,40.609478,-73.957887
Q..S19R,444,40.608670,-73.957734
Q..S19R,445,40.608159,-73.957640
Q..S19R,446,40.608138,-73.957636
Q..S19R,447,40.608117,-73.957632
Q..S19R,448,40.608096,-73.957628
Q..S19R,449,40.608075,-73.957624
Q..S19R,450,40.608055,-73.957620
Q..S19R,451,40.608035,-73.957616
Q..S19R,452,40.608016,-73.957611
Q..S19R,453,40.607996,-73.957607
Q..S19R,454,40.607977,-73.957602
Q..S19R,455,40.607959,-73.957597
Q..S19R,456,40.607940,-73.957592
Q..S19R,457,40.607922,-73.957588
Q..S19R,458,40.607904,-73.957582
Q..S19R,459,40.607886,-73.957577
Q..S19R,460,40.607869,-73.957572
Q..S19R,461,40.607789,-73.957548
Q..S19R,462,40.607776,-73.957545
Q..S19R,463,40.607764,-73.957541
Q..S19R,464,40.607751,-73.957538
Q..S19R,465,40.607738,-73.957535
Q..S19R,466,40.607725,-73.957532
Q..S19R,467,40.607712,-73.957529
Q..S19R,468,40.607699,-73.957526
Q..S19R,469,40.607685,-73.957522
Q..S19R,470,40.607672,-73.957519
Q..S19R,471,40.607659,-73.957516
Q..S19R,472,40.607645,-73.957513
Q..S19R,473,40.607632,-73.957511
Q..S19R,474,40.607618,-73.957508
Q..S19R,475,40.607605,-73.957505
Q..S19R,476,40.607591,-73.957502
Q..S19R,477,40.599300,-73.955929
Q..S19R,478,40.595246,-73.955161
Q..S19R,479,40.590785,-73.954319
Q..S19R,480,40.589295,-73.954106
Q..S19R,481,40.589221,-73.954096
Q..S19R,482,40.589147,-73.954087
Q..S19R,483,40.589072,-73.954079
Q..S19R,484,40.588997,-73.954072
Q..S19R,485,40.588921,-73.954065
Q..S19R,486,40.588844,-73.954060
Q..S19R,487,40.588767,-73.954057
Q..S19R,488,40.588689,-73.954054
Q..S19R,489,40.588610,-73.954052
Q..S19R,490,40.588530,-73.954051
Q..S19R,491,40.588450,-73.954052
Q..S19R,492,40.588369,-73.954054
Q..S19R,493,40.588288,-73.954056
Q..S19R,494,40.588205,-73.954060
Q..S19R,495,40.588121,-73.954066
Q..S19R,496,40.587758,-73.954096
Q..S19R,497,40.587708,-73.954104
Q..S19R,498,40.587657,-73.954110
Q..S19R,499,40.587605,-73.954116
Q..S19R,500,40.587552,-73.954121
Q..S19R,501,40.587498,-73.954126
Q..S19R,502,40.587443,-73.954131
Q..S19R,503,40.587387,-73.954135
Q..S19R,504,40.587329,-73.954139
Q..S19R,505,40.587271,-73.954142
Q..S19R,506,40.587211,-73.954145
Q..S19R,507,40.587150,-73.954148
Q..S19R,508,40.587088,-73.954150
Q..S19R,509,40.587025,-73.954152
Q..S19R,510,40.586961,-73.954154
Q..S19R,511,40.586896,-73.954155
Q..S19R,512,40.586783,-73.954153
Q..S19R,513,40.586670,-73.954158
Q..S19R,514,40.586556,-73.954167
Q..S19R,515,40.586443,-73.954181
Q..S19R,516,40.586329,-73.954201
Q..S19R,517,40.586216,-73.954225
Q..S19R,518,40.586103,-73.954254
Q..S19R,519,40.585989,-73.954289
Q..S19R,520,40.585876,-73.954328
Q..S19R,521,40.585763,-73.954373
Q..S19R,522,40.585650,-73.954422
Q..S19R,523,40.585536,-73.954477
Q..S19R,524,40.585423,-73.954536
Q..S19R,525,40.585310,-73.954601
Q..S19R,526,40.585198,-73.954670
Q..S19R,527,40.578316,-73.959575
Q..S19R,528,40.578268,-73.959607
Q..S19R,529,40.578223,-73.959643
Q..S19R,530,40.578180,-73.959681
Q..S19R,531,40.578139,-73.959721
Q..S19R,532,40.578101,-73.959765
Q..S19R,533,40.578064,-73.959811
Q..S19R,534,40.578030,-73.959860
Q..S19R,535,40.577998,-73.959912
Q..S19R,536,40.577969,-73.959967
Q..S19R,537,40.577942,-73.960025
Q..S19R,538,40.577917,-73.960085
Q..S19R,539,40.577894,-73.960148
Q..S19R,540,40.577873,-73.960214
Q..S19R,541,40.577855,-73.960283
Q..S19R,542,40.577839,-73.960354
Q..S19R,543,40.577621,-73.961376
Q..S19R,544,40.576418,-73.967059
Q..S19R,545,40.576401,-73.967154
Q..S19R,546,40.576385,-73.967249
Q..S19R,547,40.576371,-73.967345
Q..S19R,548,40.576358,-73.967440
Q..S19R,549,40.576347,-73.967536
Q..S19R,550,40.576337,-73.967632
Q..S19R,551,40.576329,-73.967728
Q..S19R,552,40.576322,-73.967824
Q..S19R,553,40.576316,-73.967920
Q..S19R,554,40.576312,-73.968017
Q..S19R,555,40.576309,-73.968113
Q..S19R,556,40.576308,-73.968210
Q..S19R,557,40.576308,-73.968307
Q..S19R,558,40.576310,-73.968404
Q..S19R,559,40.576312,-73.968501
Q..S19R,560,40.576312,-73.968513
Q..S19R,561,40.576312,-73.968525
Q..S19R,562,40.576312,-73.968537
Q..S19R,563,40.576313,-73.968550
Q..S19R,564,40.576313,-73.968562
Q..S19R,565,40.576314,-73.968575
Q..S19R,566,40.576315,-73.968588
Q..S19R,567,40.576315,-73.968600
Q..S19R,568,40.576316,-73.968613
Q..S19R,569,40.576317,-73.968627
Q..S19R,570,40.576318,-73.968640
Q..S19R,571,40.576319,-73.968653
Q..S19R,572,40.576320,-73.968667
Q..S19R,573,40.576321,-73.968680
Q..S19R,574,40.576322,-73.968694
Q..S19R,575,40.576731,-73.973141
Q..S19R,576,40.576737,-73.973232
Q..S19R,577,40.576742,-73.973322
Q..S19R,578,40.576744,-73.973411
Q..S19R,579,40.576744,-73.973498
Q..S19R,580,40.576743,-73.973585
Q..S19R,581,40.576739,-73.973670
Q..S19R,582,40.576734,-73.973754
Q..S19R,583,40.576726,-73.973837
Q..S19R,584,40.576716,-73.973919
Q..S19R,585,40.576705,-73.974000
Q..S19R,586,40.576691,-73.974080
Q..S19R,587,40.576676,-73.974159
Q..S19R,588,40.576658,-73.974236
Q..S19R,589,40.576639,-73.974313
Q..S19R,590,40.576618,-73.974389
Q..S19R,591,40.576429,-73.974984
Q..S19R,592,40.576127,-73.975939
Q..S19R,593,40.575912,-73.976620
Q..S19R,594,40.575885,-73.976719
Q..S19R,595,40.575860,-73.976818
Q..S19R,596,40.575837,-73.976917
Q..S19R,597,40.575818,-73.977015
Q..S19R,598,40.575801,-73.977114
Q..S19R,599,40.575786,-73.977212
Q..S19R,600,40.575774,-73.977310
Q..S19R,601,40.575765,-73.977408
Q..S19R,602,40.575758,-73.977506
Q..S19R,603,40.575754,-73.977603
Q..S19R,604,40.575752,-73.977700
Q..S19R,605,40.575753,-73.977798
Q..S19R,606,40.575756,-73.977895
Q..S19R,607,40.575762,-73.977991
Q..S19R,608,40.575771,-73.978088
Q..S19R,609,40.576039,-73.980094
Q..S19R,610,40.576058,-73.980212
Q..S19R,611,40.576081,-73.980322
Q..S19R,612,40.576106,-73.980425
Q..S19R,613,40.576134,-73.980520
Q..S19R,614,40.576165,-73.980608
Q..S19R,615,40.576199,-73.980689
Q..S19R,616,40.576235,-73.980762
Q..S19R,617,40.576275,-73.980828
Q..S19R,618,40.576318,-73.980887
Q..S19R,619,40.576363,-73.980938
Q..S19R,620,40.576412,-73.980982
Q..S19R,621,40.576463,-73.981018
Q..S19R,622,40.576518,-73.981047
Q..S19R,623,40.576575,-73.981069
Q..S19R,624,40.576635,-73.981083
Q..S19R,625,40.577422,-73.981233
R..N78R,0,40.616622,-74.030876
R..N78R,1,40.622687,-74.028398
R..N78R,2,40.629742,-74.025510
R..N78R,3,40.634967,-74.023377
R..N78R,4,40.636436,-74.022774
R..N78R,5,40.636490,-74.022750
R..N78R,6,40.636544,-74.022723
R..N78R,7,40.636597,-74.022696
R..N78R,8,40.636649,-74.022667
R..N78R,9,40.636699,-74.022637
R..N78R,10,40.636748,-74.022606
R..N78R,11,40.636796,-74.022574
R..N78R,12,40.636843,-74.022541
R..N78R,13,40.636889,-74.022507
R..N78R,14,40.636934,-74.022472
R..N78R,15,40.636977,-74.022435
R..N78R,16,40.637019,-74.022398
R..N78R,17,40.637060,-74.022359
R..N78R,18,40.637100,-74.022319
R..N78R,19,40.637140,-74.022278
R..N78R,20,40.638650,-74.020704
R..N78R,21,40.641362,-74.017881
R..N78R,22,40.645069,-74.014034
R..N78R,23,40.648939,-74.010006
R..N78R,24,40.653563,-74.005194
R..N78R,25,40.655144,-74.003549
R..N78R,26,40.660397,-73.998091
R..N78R,27,40.665414,-73.992872
R..N78R,28,40.665448,-73.992838
R..N78R,29,40.665483,-73.992804
R..N78R,30,40.665517,-73.992772
R..N78R,31,40.665552,-73.992739
R..N78R,32,40.665586,-73.992707
R..N78R,33,40.665620,-73.992675
R..N78R,34,40.665655,-73.992644
R..N78R,35,40.665689,-73.992612
R..N78R,36,40.665724,-73.992582
R..N78R,37,40.665758,-73.992551
R..N78R,38,40.665792,-73.992521
R..N78R,39,40.665827,-73.992491
R..N78R,40,40.665861,-73.992462
R..N78R,41,40.665896,-73.992433
R..N78R,42,40.665930,-73.992403
R..N78R,43,40.670847,-73.988302
R..N78R,44,40.675775,-73.984193
R..N78R,45,40.675831,-73.984147
R..N78R,46,40.675887,-73.984102
R..N78R,47,40.675942,-73.984059
R..N78R,48,40.675997,-73.984016
R..N78R,49,40.676050,-73.983975
R..N78R,50,40.676104,-73.983934
R..N78R,51,40.676156,-73.983895
R..N78R,52,40.676208,-73.983857
R..N78R,53,40.676259,-73.983820
R..N78R,54,40.676309,-73.983785
R..N78R,55,40.676359,-73.983750
R..N78R,56,40.676408,-73.983717
R..N78R,57,40.676457,-73.983684
R..N78R,58,40.676505,-73.983653
R..N78R,59,40.676552,-73.983623
R..N78R,60,40.677316,-73.983110
R..N78R,61,40.683666,-73.978810
R..N78R,62,40.684598,-73.978198
R..N78R,63,40.684641,-73.978169
R..N78R,64,40.684683,-73.978143
R..N78R,65,40.684726,-73.978118
R..N78R,66,40.684769,-73.978096
R..N78R,67,40.684811,-73.978075
R..N78R,68,40.684854,-73.978057
R..N78R,69,40.684897,-73.978040
R..N78R,70,40.684939,-73.978026
R..N78R,71,40.684982,-73.978014
R..N78R,72,40.685024,-73.978003
R..N78R,73,40.685067,-73.977995
R..N78R,74,40.685110,-73.977988
R..N78R,75,40.685152,-73.977984
R..N78R,76,40.685195,-73.977981
R..N78R,77,40.685237,-73.977980
R..N78R,78,40.687446,-73.978304
R..N78R,79,40.687496,-73.978312
R..N78R,80,40.687545,-73.978323
R..N78R,81,40.687594,-73.978338
R..N78R,82,40.687640,-73.978357
R..N78R,83,40.687686,-73.978380
R..N78R,84,40.687730,-73.978406
R..N78R,85,40.687773,-73.978436
R..N78R,86,40.687815,-73.978469
R..N78R,87,40.687855,-73.978506
R..N78R,88,40.687894,-73.978547
R..N78R,89,40.687931,-73.978592
R..N78R,90,40.687967,-73.978640
R..N78R,91,40.688002,-73.978691
R..N78R,92,40.688036,-73.978747
R..N78R,93,40.688068,-73.978805
R..N78R,94,40.688730,-73.980474
R..N78R,95,40.688760,-73.980545
R..N78R,96,40.688792,-73.980613
R..N78R,97,40.688827,-73.980678
R..N78R,98,40.688863,-73.980740
R..N78R,99,40.688902,-73.980798
R..N78R,100,40.688943,-73.980853
R..N78R,101,40.688986,-73.980905
R..N78R,102,40.689031,-73.980954
R..N78R,103,40.689078,-73.980999
R..N78R,104,40.689127,-73.981042
R..N78R,105,40.689178,-73.981081
R..N78R,106,40.689232,-73.981117
R..N78R,107,40.689287,-73.981149
R..N78R,108,40.689345,-73.981179
R..N78R,109,40.689405,-73.981205
R..N78R,110,40.690635,-73.981824
R..N78R,111,40.691559,-73.982304
R..N78R,112,40.691624,-73.982337
R..N78R,113,40.691684,-73.982376
R..N78R,114,40.691740,-73.982419
R..N78R,115,40.691792,-73.982467
R..N78R,116,40.691840,-73.982521
R..N78R,117,40.691883,-73.982579
R..N78R,118,40.691922,-73.982642
R..N78R,119,40.691957,-73.982711
R..N78R,120,40.691988,-73.982784
R..N78R,121,40.692014,-73.982862
R..N78R,122,40.692036,-73.982946
R..N78R,123,40.692054,-73.983034
R..N78R,124,40.692068,-73.983127
R..N78R,125,40.692077,-73.983226
R..N78R,126,40.692082,-73.983329
R..N78R,127,40.692180,-73.985942
R..N78R,128,40.692270,-73.988290
R..N78R,129,40.692277,-73.988439
R..N78R,130,40.692290,-73.988583
R..N78R,131,40.692309,-73.988720
R..N78R,132,40.692335,-73.988848
R..N78R,133,40.692367,-73.988970
R..N78R,134,40.692405,-73.989083
R..N78R,135,40.692449,-73.989190
R..N78R,136,40.692500,-73.989288
R..N78R,137,40.692557,-73.989380
R..N78R,138,40.692621,-73.989463
R..N78R,139,40.692690,-73.989540
R..N78R,140,40.692766,-73.989608
R..N78R,141,40.692849,-73.989669
R..N78R,142,40.692937,-73.989723
R..N78R,143,40.693032,-73.989769
R..N78R,144,40.693111,-73.989809
R..N78R,145,40.693186,-73.989854
R..N78R,146,40.693257,-73.989902
R..N78R,147,40.693325,-73.989954
R..N78R,148,40.693389,-73.990010
R..N78R,149,40.693449,-73.990070
R..N78R,150,40.693506,-73.990134
R..N78R,151,40.693559,-73.990202
R..N78R,152,40.693608,-73.990274
R..N78R,153,40.693654,-73.990350
R..N78R,154,40.693696,-73.990430
R..N78R,155,40.693734,-73.990514
R..N78R,156,40.693768,-73.990602
R..N78R,157,40.693799,-73.990693
R..N78R,158,40.693825,-73.990788
R..N78R,159,40.694100,-73.991777
R..N78R,160,40.695626,-73.997331
R..N78R,161,40.695655,-73.997441
R..N78R,162,40.695685,-73.997553
R..N78R,163,40.695716,-73.997667
R..N78R,164,40.695749,-73.997782
R..N78R,165,40.695782,-73.997899
R..N78R,166,40.695816,-73.998018
R..N78R,167,40.695852,-73.998138
R..N78R,168,40.695888,-73.998260
R..N78R,169,40.695926,-73.998384
R..N78R,170,40.695965,-73.998509
R..N78R,171,40.696005,-73.998636
R..N78R,172,40.696046,-73.998764
R..N78R,173,40.696088,-73.998895
R..N78R,174,40.696131,-73.999026
R..N78R,175,40.696176,-73.999159
R..N78R,176,40.699942,-74.010110
R..N78R,177,40.700483,-74.011412
R..N78R,178,40.700546,-74.011544
R..N78R,179,40.700612,-74.011669
R..N78R,180,40.700682,-74.011786
R..N78R,181,40.700755,-74.011896
R..N78R,182,40.700832,-74.012000
R..N78R,183,40.700913,-74.012097
R..N78R,184,40.700997,-74.012187
R..N78R,185,40.701086,-74.012270
R..N78R,186,40.701177,-74.012346
R..N78R,187,40.701273,-74.012415
R..N78R,188,40.701372,-74.012477
R..N78R,189,40.701476,-74.012532
R..N78R,190,40.701582,-74.012581
R..N78R,191,40.701693,-74.012622
R..N78R,192,40.701808,-74.012658
R..N78R,193,40.703087,-74.012994
R..N78R,194,40.703592,-74.013114
R..N78R,195,40.703655,-74.013128
R..N78R,196,40.703722,-74.013142
R..N78R,197,40.703792,-74.013156
R..N78R,198,40.703865,-74.013171
R..N78R,199,40.703942,-74.013185
R..N78R,200,40.704023,-74.013199
R..N78R,201,40.704107,-74.013213
R..N78R,202,40.704194,-74.013227
R..N78R,203,40.704285,-74.013241
R..N78R,204,40.704379,-74.013255
R..N78R,205,40.704477,-74.013269
R..N78R,206,40.704578,-74.013284
R..N78R,207,40.704683,-74.013298
R..N78R,208,40.704791,-74.013312
R..N78R,209,40.704903,-74.013326
R..N78R,210,40.704946,-74.013331
R..N78R,211,40.704989,-74.013338
R..N78R,212,40.705030,-74.013347
R..N78R,213,40.705072,-74.013358
R..N78R,214,40.705114,-74.013371
R..N78R,215,40.705155,-74.013386
R..N78R,216,40.705196,-74.013404
R..N78R,217,40.705236,-74.013423
R..N78R,218,40.705277,-74.013444
R..N78R,219,40.705317,-74.013467
R..N78R,220,40.705357,-74.013493
R..N78R,221,40.705396,-74.013520
R..N78R,222,40.705436,-74.013549
R..N78R,223,40.705475,-74.013581
R..N78R,224,40.705514,-74.013614
R..N78R,225,40.705755,-74.013816
R..N78R,226,40.705820,-74.013870
R..N78R,227,40.705884,-74.013918
R..N78R,228,40.705946,-74.013958
R..N78R,229,40.706007,-74.013992
R..N78R,230,40.706067,-74.014018
R..N78R,231,40.706126,-74.014037
R..N78R,232,40.706184,-74.014050
R..N78R,233,40.706241,-74.014055
R..N78R,234,40.706297,-74.014053
R..N78R,235,40.706352,-74.014044
R..N78R,236,40.706406,-74.014028
R..N78R,237,40.706459,-74.014005
R..N78R,238,40.706511,-74.013975
R..N78R,239,40.706562,-74.013938
R..N78R,240,40.706611,-74.013894
R..N78R,241,40.706959,-74.013569
R..N78R,242,40.706975,-74.013554
R..N78R,243,40.706992,-74.013539
R..N78R,244,40.707008,-74.013523
R..N78R,245,40.707025,-74.013508
R..N78R,246,40.707042,-74.013493
R..N78R,247,40.707059,-74.013478
R..N78R,248,40.707076,-74.013463
R..N78R,249,40.707094,-74.013447
R..N78R,250,40.707111,-74.013432
R..N78R,251,40.707129,-74.013417
R..N78R,252,40.707147,-74.013402
R..N78R,253,40.707165,-74.013387
R..N78R,254,40.707183,-74.013372
R..N78R,255,40.707201,-74.013357
R..N78R,256,40.707220,-74.013342
R..N78R,257,40.707254,-74.013314
R..N78R,258,40.707290,-74.013286
R..N78R,259,40.707326,-74.013258
R..N78R,260,40.707362,-74.013232
R..N78R,261,40.707400,-74.013205
R..N78R,262,40.707438,-74.013179
R..N78R,263,40.707477,-74.013153
R..N78R,264,40.710668,-74.011029
R..N78R,265,40.711537,-74.010465
R..N78R,266,40.711587,-74.010420
R..N78R,267,40.711631,-74.010373
R..N78R,268,40.711669,-74.010323
R..N78R,269,40.711701,-74.010270
R..N78R,270,40.711728,-74.010215
R..N78R,271,40.711748,-74.010157
R..N78R,272,40.711762,-74.010096
R..N78R,273,40.711770,-74.010032
R..N78R,274,40.711773,-74.009965
R..N78R,275,40.711769,-74.009896
R..N78R,276,40.711760,-74.009824
R..N78R,277,40.711744,-74.009749
R..N78R,278,40.711723,-74.009672
R..N78R,279,40.711695,-74.009592
R..N78R,280,40.711662,-74.009509
R..N78R,281,40.711623,-74.009411
R..N78R,282,40.711589,-74.009327
R..N78R,283,40.711561,-74.009245
R..N78R,284,40.711537,-74.009165
R..N78R,285,40.711519,-74.009087
R..N78R,286,40.711507,-74.009011
R..N78R,287,40.711500,-74.008937
R..N78R,288,40.711498,-74.008865
R..N78R,289,40.711501,-74.008794
R..N78R,290,40.711510,-74.008725
R..N78R,291,40.711525,-74.008659
R..N78R,292,40.711544,-74.008594
R..N78R,293,40.711569,-74.008531
R..N78R,294,40.711599,-74.008470
R..N78R,295,40.711635,-74.008410
R..N78R,296,40.711676,-74.008353
R..N78R,297,40.712478,-74.007711
R..N78R,298,40.712488,-74.007703
R..N78R,299,40.712497,-74.007694
R..N78R,300,40.712507,-74.007686
R..N78R,301,40.712516,-74.007677
R..N78R,302,40.712525,-74.007669
R..N78R,303,40.712533,-74.007660
R..N78R,304,40.712542,-74.007651
R..N78R,305,40.712550,-74.007641
R..N78R,306,40.712558,-74.007632
R..N78R,307,40.712566,-74.007623
R..N78R,308,40.712574,-74.007613
R..N78R,309,40.712582,-74.007603
R..N78R,310,40.712589,-74.007593
R..N78R,311,40.712596,-74.007583
R..N78R,312,40.712603,-74.007573
R..N78R,313,40.712610,-74.007563
R..N78R,314,40.712618,-74.007553
R..N78R,315,40.712625,-74.007544
R..N78R,316,40.712633,-74.007535
R..N78R,317,40.712640,-74.007526
R..N78R,318,40.712648,-74.007517
R..N78R,319,40.712656,-74.007508
R..N78R,320,40.712664,-74.007500
R..N78R,321,40.712672,-74.007492
R..N78R,322,40.712680,-74.007484
R..N78R,323,40.712688,-74.007476
R..N78R,324,40.712697,-74.007468
R..N78R,325,40.712705,-74.007461
R..N78R,326,40.712713,-74.007454
R..N78R,327,40.712722,-74.007447
R..N78R,328,40.713282,-74.006978
R..N78R,329,40.714011,-74.006374
R..N78R,330,40.714018,-74.006368
R..N78R,331,40.714025,-74.006363
R..N78R,332,40.714032,-74.006357
R..N78R,333,40.714039,-74.006352
R..N78R,334,40.714046,-74.006347
R..N78R,335,40.714054,-74.006342
R..N78R,336,40.714061,-74.006337
R..N78R,337,40.714069,-74.006333
R..N78R,338,40.714076,-74.006329
R..N78R,339,40.714084,-74.006324
R..N78R,340,40.714092,-74.006321
R..N78R,341,40.714100,-74.006317
R..N78R,342,40.714108,-74.006313
R..N78R,343,40.714116,-74.006310
R..N78R,344,40.714124,-74.006307
R..N78R,345,40.714133,-74.006303
R..N78R,346,40.714141,-74.006299
R..N78R,347,40.714150,-74.006296
R..N78R,348,40.714158,-74.006292
R..N78R,349,40.714166,-74.006288
R..N78R,350,40.714174,-74.006283
R..N78R,351,40.714181,-74.006279
R..N78R,352,40.714189,-74.006275
R..N78R,353,40.714196,-74.006270
R..N78R,354,40.714203,-74.006266
R..N78R,355,40.714210,-74.006261
R..N78R,356,40.714217,-74.006257
R..N78R,357,40.714223,-74.006252
R..N78R,358,40.714230,-74.006247
R..N78R,359,40.714236,-74.006242
R..N78R,360,40.719527,-74.001775
R..N78R,361,40.719930,-74.001429
R..N78R,362,40.719858,-74.001483
R..N78R,363,40.719787,-74.001528
R..N78R,364,40.719718,-74.001564
R..N78R,365,40.719650,-74.001592
R..N78R,366,40.719584,-74.001611
R..N78R,367,40.719519,-74.001622
R..N78R,368,40.719456,-74.001623
R..N78R,369,40.719394,-74.001616
R..N78R,370,40.719334,-74.001601
R..N78R,371,40.719275,-74.001577
R..N78R,372,40.719218,-74.001544
R..N78R,373,40.719162,-74.001502
R..N78R,374,40.719108,-74.001452
R..N78R,375,40.719055,-74.001393
R..N78R,376,40.719004,-74.001326
R..N78R,377,40.718383,-74.000460
R..N78R,378,40.724329,-73.997702
R..N78R,379,40.730328,-73.992629
R..N78R,380,40.731445,-73.991683
R..N78R,381,40.731485,-73.991649
R..N78R,382,40.731526,-73.991617
R..N78R,383,40.731567,-73.991586
R..N78R,384,40.731609,-73.991558
R..N78R,385,40.731651,-73.991531
R..N78R,386,40.731693,-73.991505
R..N78R,387,40.731736,-73.991482
R..N78R,388,40.731779,-73.991460
R..N78R,389,40.731822,-73.991440
R..N78R,390,40.731866,-73.991422
R..N78R,391,40.731910,-73.991406
R..N78R,392,40.731954,-73.991391
R..N78R,393,40.731999,-73.991378
R..N78R,394,40.732044,-73.991367
R..N78R,395,40.732090,-73.991358
R..N78R,396,40.735736,-73.990568
R..N78R,397,40.737433,-73.990206
R..N78R,398,40.737476,-73.990195
R..N78R,399,40.737519,-73.990186
R..N78R,400,40.737563,-73.990176
R..N78R,401,40.737608,-73.990166
R..N78R,402,40.737653,-73.990155
R..N78R,403,40.737698,-73.990144
R..N78R,404,40.737745,-73.990134
R..N78R,405,40.737792,-73.990122
R..N78R,406,40.737839,-73.990111
R..N78R,407,40.737887,-73.990099
R..N78R,408,40.737936,-73.990088
R..N78R,409,40.737985,-73.990076
R..N78R,410,40.738035,-73.990063
R..N78R,411,40.738085,-73.990051
R..N78R,412,40.738136,-73.990037
R..N78R,413,40.739792,-73.989604
R..N78R,414,40.739844,-73.989590
R..N78R,415,40.739894,-73.989578
R..N78R,416,40.739945,-73.989566
R..N78R,417,40.739995,-73.989554
R..N78R,418,40.740045,-73.989543
R..N78R,419,40.740095,-73.989532
R..N78R,420,40.740145,-73.989522
R..N78R,421,40.740195,-73.989512
R..N78R,422,40.740244,-73.989503
R..N78R,423,40.740294,-73.989494
R..N78R,424,40.740343,-73.989485
R..N78R,425,40.740392,-73.989477
R..N78R,426,40.740441,-73.989469
R..N78R,427,40.740489,-73.989462
R..N78R,428,40.740538,-73.989455
R..N78R,429,40.741303,-73.989344
R..N78R,430,40.742643,-73.989192
R..N78R,431,40.742700,-73.989186
R..N78R,432,40.742757,-73.989180
R..N78R,433,40.742812,-73.989173
R..N78R,434,40.742867,-73.989166
R..N78R,435,40.742920,-73.989160
R..N78R,436,40.742973,-73.989153
R..N78R,437,40.743025,-73.989146
R..N78R,438,40.743075,-73.989138
R..N78R,439,40.743125,-73.989131
R..N78R,440,40.743173,-73.989123
R..N78R,441,40.743221,-73.989116
R..N78R,442,40.743268,-73.989108
R..N78R,443,40.743314,-73.989100
R..N78R,444,40.743358,-73.989091
R..N78R,445,40.743402,-73.989083
R..N78R,446,40.745494,-73.988691
R..N78R,447,40.749567,-73.987950
R..N78R,448,40.751815,-73.987570
R..N78R,449,40.751893,-73.987556
R..N78R,450,40.751971,-73.987541
R..N78R,451,40.752049,-73.987526
R..N78R,452,40.752127,-73.987510
R..N78R,453,40.752204,-73.987493
R..N78R,454,40.752282,-73.987475
R..N78R,455,40.752360,-73.987457
R..N78R,456,40.752438,-73.987437
R..N78R,457,40.752516,-73.987417
R..N78R,458,40.752593,-73.987396
R..N78R,459,40.752671,-73.987375
R..N78R,460,40.752749,-73.987353
R..N78R,461,40.752827,-73.987329
R..N78R,462,40.752904,-73.987306
R..N78R,463,40.752982,-73.987281
R..N78R,464,40.754672,-73.986754
R..N78R,465,40.756430,-73.986201
R..N78R,466,40.756569,-73.986154
R..N78R,467,40.756705,-73.986106
R..N78R,468,40.756839,-73.986056
R..N78R,469,40.756971,-73.986003
R..N78R,470,40.757101,-73.985949
R..N78R,471,40.757229,-73.985893
R..N78R,472,40.757354,-73.985835
R..N78R,473,40.757477,-73.985775
R..N78R,474,40.757599,-73.985712
R..N78R,475,40.757718,-73.985648
R..N78R,476,40.757835,-73.985582
R..N78R,477,40.757949,-73.985514
R..N78R,478,40.758062,-73.985444
R..N78R,479,40.758173,-73.985371
R..N78R,480,40.758280,-73.985298
R..N78R,481,40.759901,-73.984139
R..N78R,482,40.764664,-73.980658
R..N78R,483,40.766254,-73.979499
R..N78R,484,40.766329,-73.979438
R..N78R,485,40.766396,-73.979375
R..N78R,486,40.766455,-73.979308
R..N78R,487,40.766507,-73.979239
R..N78R,488,40.766550,-73.979166
R..N78R,489,40.766585,-73.979091
R..N78R,490,40.766612,-73.979012
R..N78R,491,40.766632,-73.978931
R..N78R,492,40.766643,-73.978846
R..N78R,493,40.766646,-73.978759
R..N78R,494,40.766641,-73.978668
R..N78R,495,40.766628,-73.978575
R..N78R,496,40.766606,-73.978478
R..N78R,497,40.766577,-73.978379
R..N78R,498,40.766540,-73.978276
R..N78R,499,40.764825,-73.974217
R..N78R,500,40.764816,-73.974193
R..N78R,501,40.764808,-73.974170
R..N78R,502,40.764800,-73.974146
R..N78R,503,40.764793,-73.974121
R..N78R,504,40.764787,-73.974097
R..N78R,505,40.764782,-73.974073
R..N78R,506,40.764777,-73.974048
R..N78R,507,40.764773,-73.974024
R..N78R,508,40.764770,-73.973999
R..N78R,509,40.764768,-73.973974
R..N78R,510,40.764766,-73.973949
R..N78R,511,40.764765,-73.973924
R..N78R,512,40.764765,-73.973898
R..N78R,513,40.764766,-73.973873
R..N78R,514,40.764767,-73.973847
R..N78R,515,40.764811,-73.973347
R..N78R,516,40.764873,-73.972718
R..N78R,517,40.764873,-73.972694
R..N78R,518,40.764873,-73.972670
R..N78R,519,40.764872,-73.972647
R..N78R,520,40.764870,-73.972623
R..N78R,521,40.764867,-73.972599
R..N78R,522,40.764864,-73.972575
R..N78R,523,40.764859,-73.972550
R..N78R,524,40.764854,-73.972526
R..N78R,525,40.764849,-73.972501
R..N78R,526,40.764842,-73.972476
R..N78R,527,40.764835,-73.972450
R..N78R,528,40.764827,-73.972425
R..N78R,529,40.764819,-73.972399
R..N78R,530,40.764809,-73.972373
R..N78R,531,40.764799,-73.972347
R..N78R,532,40.762660,-73.967258
R..N78R,533,40.759230,-73.959131
R..N78R,534,40.753765,-73.946938
R..N78R,535,40.752553,-73.944152
R..N78R,536,40.752397,-73.943838
R..N78R,537,40.752329,-73.943736
R..N78R,538,40.752258,-73.943643
R..N78R,539,40.752184,-73.943557
R..N78R,540,40.752107,-73.943480
R..N78R,541,40.752028,-73.943410
R..N78R,542,40.751945,-73.943348
R..N78R,543,40.751860,-73.943294
R..N78R,544,40.751772,-73.943248
R..N78R,545,40.751680,-73.943209
R..N78R,546,40.751586,-73.943179
R..N78R,547,40.751489,-73.943156
R..N78R,548,40.751389,-73.943142
R..N78R,549,40.751287,-73.943135
R..N78R,550,40.751179,-73.943135
R..N78R,551,40.750367,-73.943169
R..N78R,552,40.750311,-73.943172
R..N78R,553,40.750255,-73.943174
R..N78R,554,40.750200,-73.943172
R..N78R,555,40.750146,-73.943167
R..N78R,556,40.750092,-73.943158
R..N78R,557,40.750039,-73.943146
R..N78R,558,40.749987,-73.943132
R..N78R,559,40.749935,-73.943114
R..N78R,560,40.749884,-73.943092
R..N78R,561,40.749834,-73.943068
R..N78R,562,40.749785,-73.943040
R..N78R,563,40.749736,-73.943009
R..N78R,564,40.749688,-73.942975
R..N78R,565,40.749641,-73.942938
R..N78R,566,40.749595,-73.942897
R..N78R,567,40.748566,-73.941909
R..N78R,568,40.748457,-73.941796
R..N78R,569,40.748360,-73.941681
R..N78R,570,40.748273,-73.941561
R..N78R,571,40.748197,-73.941437
R..N78R,572,40.748132,-73.941309
R..N78R,573,40.748077,-73.941176
R..N78R,574,40.748033,-73.941038
R..N78R,575,40.748000,-73.940897
R..N78R,576,40.747977,-73.940750
R..N78R,577,40.747964,-73.940600
R..N78R,578,40.747963,-73.940445
R..N78R,579,40.747972,-73.940285
R..N78R,580,40.747991,-73.940121
R..N78R,581,40.748021,-73.939953
R..N78R,582,40.748061,-73.939780
R..N78R,583,40.748973,-73.937243
R..N93R,0,40.616622,-74.030876
R..N93R,1,40.622687,-74.028398
R..N93R,2,40.629742,-74.025510
R..N93R,3,40.634967,-74.023377
R..N93R,4,40.636436,-74.022774
R..N93R,5,40.636490,-74.022750
R..N93R,6,40.636544,-74.022723
R..N93R,7,40.636597,-74.022696
R..N93R,8,40.636649,-74.022667
R..N93R,9,40.636699,-74.022637
R..N93R,10,40.636748,-74.022606
R..N93R,11,40.636796,-74.022574
R..N93R,12,40.636843,-74.022541
R..N93R,13,40.636889,-74.022507
R..N93R,14,40.636934,-74.022472
R..N93R,15,40.636977,-74.022435
R..N93R,16,40.637019,-74.022398
R..N93R,17,40.637060,-74.022359
R..N93R,18,40.637100,-74.022319
R..N93R,19,40.637140,-74.022278
R..N93R,20,40.638650,-74.020704
R..N93R,21,40.641362,-74.017881
R..N93R,22,40.645069,-74.014034
R..N93R,23,40.648939,-74.010006
R..N93R,24,40.653563,-74.005194
R..N93R,25,40.655144,-74.003549
R..N93R,26,40.660397,-73.998091
R..N93R,27,40.665414,-73.992872
R..N93R,28,40.665448,-73.992838
R..N93R,29,40.665483,-73.992804
R..N93R,30,40.665517,-73.992772
R..N93R,31,40.665552,-73.992739
R..N93R,32,40.665586,-73.992707
R..N93R,33,40.665620,-73.992675
R..N93R,34,40.665655,-73.992644
R..N93R,35,40.665689,-73.992612
R..N93R,36,40.665724,-73.992582
R..N93R,37,40.665758,-73.992551
R..N93R,38,40.665792,-73.992521
R..N93R,39,40.665827,-73.992491
R..N93R,40,40.665861,-73.992462
R..N93R,41,40.665896,-73.992433
R..N93R,42,40.665930,-73.992403
R..N93R,43,40.670847,-73.988302
R..N93R,44,40.675775,-73.984193
R..N93R,45,40.675831,-73.984147
R..N93R,46,40.675887,-73.984102
R..N93R,47,40.675942,-73.984059
R..N93R,48,40.675997,-73.984016
R..N93R,49,40.676050,-73.983975
R..N93R,50,40.676104,-73.983934
R..N93R,51,40.676156,-73.983895
R..N93R,52,40.676208,-73.983857
R..N93R,53,40.676259,-73.983820
R..N93R,54,40.676309,-73.983785
R..N93R,55,40.676359,-73.983750
R..N93R,56,40.676408,-73.983717
R..N93R,57,40.676457,-73.983684
R..N93R,58,40.676505,-73.983653
R..N93R,59,40.676552,-73.983623
R..N93R,60,40.677316,-73.983110
R..N93R,61,40.683666,-73.978810
R..N93R,62,40.684598,-73.978198
R..N93R,63,40.684641,-73.978169
R..N93R,64,40.684683,-73.978143
R..N93R,65,40.684726,-73.978118
R..N93R,66,40.684769,-73.978096
R..N93R,67,40.684811,-73.978075
R..N93R,68,40.684854,-73.978057
R..N93R,69,40.684897,-73.978040
R..N93R,70,40.684939,-73.978026
R..N93R,71,40.684982,-73.978014
R..N93R,72,40.685024,-73.978003
R..N93R,73,40.685067,-73.977995
R..N93R,74,40.685110,-73.977988
R..N93R,75,40.685152,-73.977984
R..N93R,76,40.685195,-73.977981
R..N93R,77,40.685237,-73.977980
R..N93R,78,40.687446,-73.978304
R..N93R,79,40.687496,-73.978312
R..N93R,80,40.687545,-73.978323
R..N93R,81,40.687594,-73.978338
R..N93R,82,40.687640,-73.978357
R..N93R,83,40.687686,-73.978380
R..N93R,84,40.687730,-73.978406
R..N93R,85,40.687773,-73.978436
R..N93R,86,40.687815,-73.978469
R..N93R,87,40.687855,-73.978506
R..N93R,88,40.687894,-73.978547
R..N93R,89,40.687931,-73.978592
R..N93R,90,40.687967,-73.978640
R..N93R,91,40.688002,-73.978691
R..N93R,92,40.688036,-73.978747
R..N93R,93,40.688068,-73.978805
R..N93R,94,40.688730,-73.980474
R..N93R,95,40.688760,-73.980545
R..N93R,96,40.688792,-73.980613
R..N93R,97,40.688827,-73.980678
R..N93R,98,40.688863,-73.980740
R..N93R,99,40.688902,-73.980798
R..N93R,100,40.688943,-73.980853
R..N93R,101,40.688986,-73.980905
R..N93R,102,40.689031,-73.980954
R..N93R,103,40.689078,-73.980999
R..N93R,104,40.689127,-73.981042
R..N93R,105,40.689178,-73.981081
R..N93R,106,40.689232,-73.981117
R..N93R,107,40.689287,-73.981149
R..N93R,108,40.689345,-73.981179
R..N93R,109,40.689405,-73.981205
R..N93R,110,40.690635,-73.981824
R..N93R,111,40.691559,-73.982304
R..N93R,112,40.691624,-73.982337
R..N93R,113,40.691684,-73.982376
R..N93R,114,40.691740,-73.982419
R..N93R,115,40.691792,-73.982467
R..N93R,116,40.691840,-73.982521
R..N93R,117,40.691883,-73.982579
R..N93R,118,40.691922,-73.982642
R..N93R,119,40.691957,-73.982711
R..N93R,120,40.691988,-73.982784
R..N93R,121,40.692014,-73.982862
R..N93R,122,40.692036,-73.982946
R..N93R,123,40.692054,-73.983034
R..N93R,124,40.692068,-73.983127
R..N93R,125,40.692077,-73.983226
R..N93R,126,40.692082,-73.983329
R..N93R,127,40.692180,-73.985942
R..N93R,128,40.692270,-73.988290
R..N93R,129,40.692277,-73.988439
R..N93R,130,40.692290,-73.988583
R..N93R,131,40.692309,-73.988720
R..N93R,132,40.692335,-73.988848
R..N93R,133,40.692367,-73.988970
R..N93R,134,40.692405,-73.989083
R..N93R,135,40.692449,-73.989190
R..N93R,136,40.692500,-73.989288
R..N93R,137,40.692557,-73.989380
R..N93R,138,40.692621,-73.989463
R..N93R,139,40.692690,-73.989540
R..N93R,140,40.692766,-73.989608
R..N93R,141,40.692849,-73.989669
R..N93R,142,40.692937,-73.989723
R..N93R,143,40.693032,-73.989769
R..N93R,144,40.693111,-73.989809
R..N93R,145,40.693186,-73.989854
R..N93R,146,40.693257,-73.989902
R..N93R,147,40.693325,-73.989954
R..N93R,148,40.693389,-73.990010
R..N93R,149,40.693449,-73.990070
R..N93R,150,40.693506,-73.990134
R..N93R,151,40.693559,-73.990202
R..N93R,152,40.693608,-73.990274
R..N93R,153,40.693654,-73.990350
R..N93R,154,40.693696,-73.990430
R..N93R,155,40.693734,-73.990514
R..N93R,156,40.693768,-73.990602
R..N93R,157,40.693799,-73.990693
R..N93R,158,40.693825,-73.990788
R..N93R,159,40.694100,-73.991777
R..N93R,160,40.695626,-73.997331
R..N93R,161,40.695655,-73.997441
R..N93R,162,40.695685,-73.997553
R..N93R,163,40.695716,-73.997667
R..N93R,164,40.695749,-73.997782
R..N93R,165,40.695782,-73.997899
R..N93R,166,40.695816,-73.998018
R..N93R,167,40.695852,-73.998138
R..N93R,168,40.695888,-73.998260
R..N93R,169,40.695926,-73.998384
R..N93R,170,40.695965,-73.998509
R..N93R,171,40.696005,-73.998636
R..N93R,172,40.696046,-73.998764
R..N93R,173,40.696088,-73.998895
R..N93R,174,40.696131,-73.999026
R..N93R,175,40.696176,-73.999159
R..N93R,176,40.699942,-74.010110
R..N93R,177,40.700483,-74.011412
R..N93R,178,40.700546,-74.011544
R..N93R,179,40.700612,-74.011669
R..N93R,180,40.700682,-74.011786
R..N93R,181,40.700755,-74.011896
R..N93R,182,40.700832,-74.012000
R..N93R,183,40.700913,-74.012097
R..N93R,184,40.700997,-74.012187
R..N93R,185,40.701086,-74.012270
R..N93R,186,40.701177,-74.012346
R..N93R,187,40.701273,-74.012415
R..N93R,188,40.701372,-74.012477
R..N93R,189,40.701476,-74.012532
R..N93R,190,40.701582,-74.012581
R..N93R,191,40.701693,-74.012622
R..N93R,192,40.701808,-74.012658
R..N93R,193,40.703087,-74.012994
R..N93R,194,40.703592,-74.013114
R..N93R,195,40.703655,-74.013128
R..N93R,196,40.703722,-74.013142
R..N93R,197,40.703792,-74.013156
R..N93R,198,40.703865,-74.013171
R..N93R,199,40.703942,-74.013185
R..N93R,200,40.704023,-74.013199
R..N93R,201,40.704107,-74.013213
R..N93R,202,40.704194,-74.013227
R..N93R,203,40.704285,-74.013241
R..N93R,204,40.704379,-74.013255
R..N93R,205,40.704477,-74.013269
R..N93R,206,40.704578,-74.013284
R..N93R,207,40.704683,-74.013298
R..N93R,208,40.704791,-74.013312
R..N93R,209,40.704903,-74.013326
R..N93R,210,40.704946,-74.013331
R..N93R,211,40.704989,-74.013338
R..N93R,212,40.705030,-74.013347
R..N93R,213,40.705072,-74.013358
R..N93R,214,40.705114,-74.013371
R..N93R,215,40.705155,-74.013386
R..N93R,216,40.705196,-74.013404
R..N93R,217,40.705236,-74.013423
R..N93R,218,40.705277,-74.013444
R..N93R,219,40.705317,-74.013467
R..N93R,220,40.705357,-74.013493
R..N93R,221,40.705396,-74.013520
R..N93R,222,40.705436,-74.013549
R..N93R,223,40.705475,-74.013581
R..N93R,224,40.705514,-74.013614
R..N93R,225,40.705755,-74.013816
R..N93R,226,40.705820,-74.013870
R..N93R,227,40.705884,-74.013918
R..N93R,228,40.705946,-74.013958
R..N93R,229,40.706007,-74.013992
R..N93R,230,40.706067,-74.014018
R..N93R,231,40.706126,-74.014037
R..N93R,232,40.706184,-74.014050
R..N93R,233,40.706241,-74.014055
R..N93R,234,40.706297,-74.014053
R..N93R,235,40.706352,-74.014044
R..N93R,236,40.706406,-74.014028
R..N93R,237,40.706459,-74.014005
R..N93R,238,40.706511,-74.013975
R..N93R,239,40.706562,-74.013938
R..N93R,240,40.706611,-74.013894
R..N93R,241,40.706959,-74.013569
R..N93R,242,40.706975,-74.013554
R..N93R,243,40.706992,-74.013539
R..N93R,244,40.707008,-74.013523
R..N93R,245,40.707025,-74.013508
R..N93R,246,40.707042,-74.013493
R..N93R,247,40.707059,-74.013478
R..N93R,248,40.707076,-74.013463
R..N93R,249,40.707094,-74.013447
R..N93R,250,40.707111,-74.013432
R..N93R,251,40.707129,-74.013417
R..N93R,252,40.707147,-74.013402
R..N93R,253,40.707165,-74.013387
R..N93R,254,40.707183,-74.013372
R..N93R,255,40.707201,-74.013357
R..N93R,256,40.707220,-74.013342
R..N93R,257,40.707254,-74.013314
R..N93R,258,40.707290,-74.013286
R..N93R,259,40.707326,-74.013258
R..N93R,260,40.707362,-74.013232
R..N93R,261,40.707400,-74.013205
R..N93R,262,40.707438,-74.013179
R..N93R,263,40.707477,-74.013153
R..N93R,264,40.710668,-74.011029
R..N93R,265,40.711537,-74.010465
R..N93R,266,40.711587,-74.010420
R..N93R,267,40.711631,-74.010373
R..N93R,268,40.711669,-74.010323
R..N93R,269,40.711701,-74.010270
R..N93R,270,40.711728,-74.010215
R..N93R,271,40.711748,-74.010157
R..N93R,272,40.711762,-74.010096
R..N93R,273,40.711770,-74.010032
R..N93R,274,40.711773,-74.009965
R..N93R,275,40.711769,-74.009896
R..N93R,276,40.711760,-74.009824
R..N93R,277,40.711744,-74.009749
R..N93R,278,40.711723,-74.009672
R..N93R,279,40.711695,-74.009592
R..N93R,280,40.711662,-74.009509
R..N93R,281,40.711623,-74.009411
R..N93R,282,40.711589,-74.009327
R..N93R,283,40.711561,-74.009245
R..N93R,284,40.711537,-74.009165
R..N93R,285,40.711519,-74.009087
R..N93R,286,40.711507,-74.009011
R..N93R,287,40.711500,-74.008937
R..N93R,288,40.711498,-74.008865
R..N93R,289,40.711501,-74.008794
R..N93R,290,40.711510,-74.008725
R..N93R,291,40.711525,-74.008659
R..N93R,292,40.711544,-74.008594
R..N93R,293,40.711569,-74.008531
R..N93R,294,40.711599,-74.008470
R..N93R,295,40.711635,-74.008410
R..N93R,296,40.711676,-74.008353
R..N93R,297,40.712478,-74.007711
R..N93R,298,40.712488,-74.007703
R..N93R,299,40.712497,-74.007694
R..N93R,300,40.712507,-74.007686
R..N93R,301,40.712516,-74.007677
R..N93R,302,40.712525,-74.007669
R..N93R,303,40.712533,-74.007660
R..N93R,304,40.712542,-74.007651
R..N93R,305,40.712550,-74.007641
R..N93R,306,40.712558,-74.007632
R..N93R,307,40.712566,-74.007623
R..N93R,308,40.712574,-74.007613
R..N93R,309,40.712582,-74.007603
R..N93R,310,40.712589,-74.007593
R..N93R,311,40.712596,-74.007583
R..N93R,312,40.712603,-74.007573
R..N93R,313,40.712610,-74.007563
R..N93R,314,40.712618,-74.007553
R..N93R,315,40.712625,-74.007544
R..N93R,316,40.712633,-74.007535
R..N93R,317,40.712640,-74.007526
R..N93R,318,40.712648,-74.007517
R..N93R,319,40.712656,-74.007508
R..N93R,320,40.712664,-74.007500
R..N93R,321,40.712672,-74.007492
R..N93R,322,40.712680,-74.007484
R..N93R,323,40.712688,-74.007476
R..N93R,324,40.712697,-74.007468
R..N93R,325,40.712705,-74.007461
R..N93R,326,40.712713,-74.007454
R..N93R,327,40.712722,-74.007447
R..N93R,328,40.713282,-74.006978
R..N93R,329,40.714011,-74.006374
R..N93R,330,40.714018,-74.006368
R..N93R,331,40.714025,-74.006363
R..N93R,332,40.714032,-74.006357
R..N93R,333,40.714039,-74.006352
R..N93R,334,40.714046,-74.006347
R..N93R,335,40.714054,-74.006342
R..N93R,336,40.714061,-74.006337
R..N93R,337,40.714069,-74.006333
R..N93R,338,40.714076,-74.006329
R..N93R,339,40.714084,-74.006324
R..N93R,340,40.714092,-74.006321
R..N93R,341,40.714100,-74.006317
R..N93R,342,40.714108,-74.006313
R..N93R,343,40.714116,-74.006310
R..N93R,344,40.714124,-74.006307
R..N93R,345,40.714133,-74.006303
R..N93R,346,40.714141,-74.006299
R..N93R,347,40.714150,-74.006296
R..N93R,348,40.714158,-74.006292
R..N93R,349,40.714166,-74.006288
R..N93R,350,40.714174,-74.006283
R..N93R,351,40.714181,-74.006279
R..N93R,352,40.714189,-74.006275
R..N93R,353,40.714196,-74.006270
R..N93R,354,40.714203,-74.006266
R..N93R,355,40.714210,-74.006261
R..N93R,356,40.714217,-74.006257
R..N93R,357,40.714223,-74.006252
R..N93R,358,40.714230,-74.006247
R..N93R,359,40.714236,-74.006242
R..N93R,360,40.719527,-74.001775
R..N93R,361,40.719930,-74.001429
R..N93R,362,40.724329,-73.997702
R..N93R,363,40.730328,-73.992629
R..N93R,364,40.731445,-73.991683
R..N93R,365,40.731485,-73.991649
R..N93R,366,40.731526,-73.991617
R..N93R,367,40.731567,-73.991586
R..N93R,368,40.731609,-73.991558
R..N93R,369,40.731651,-73.991531
R..N93R,370,40.731693,-73.991505
R..N93R,371,40.731736,-73.991482
R..N93R,372,40.731779,-73.991460
R..N93R,373,40.731822,-73.991440
R..N93R,374,40.731866,-73.991422
R..N93R,375,40.731910,-73.991406
R..N93R,376,40.731954,-73.991391
R..N93R,377,40.731999,-73.991378
R..N93R,378,40.732044,-73.991367
R..N93R,379,40.732090,-73.991358
R..N93R,380,40.735736,-73.990568
R..N93R,381,40.737433,-73.990206
R..N93R,382,40.737476,-73.990195
R..N93R,383,40.737519,-73.990186
R..N93R,384,40.737563,-73.990176
R..N93R,385,40.737608,-73.990166
R..N93R,386,40.737653,-73.990155
R..N93R,387,40.737698,-73.990144
R..N93R,388,40.737745,-73.990134
R..N93R,389,40.737792,-73.990122
R..N93R,390,40.737839,-73.990111
R..N93R,391,40.737887,-73.990099
R..N93R,392,40.737936,-73.990088
R..N93R,393,40.737985,-73.990076
R..N93R,394,40.738035,-73.990063
R..N93R,395,40.738085,-73.990051
R..N93R,396,40.738136,-73.990037
R..N93R,397,40.739792,-73.989604
R..N93R,398,40.739844,-73.989590
R..N93R,399,40.739894,-73.989578
R..N93R,400,40.739945,-73.989566
R..N93R,401,40.739995,-73.989554
R..N93R,402,40.740045,-73.989543
R..N93R,403,40.740095,-73.989532
R..N93R,404,40.740145,-73.989522
R..N93R,405,40.740195,-73.989512
R..N93R,406,40.740244,-73.989503
R..N93R,407,40.740294,-73.989494
R..N93R,408,40.740343,-73.989485
R..N93R,409,40.740392,-73.989477
R..N93R,410,40.740441,-73.989469
R..N93R,411,40.740489,-73.989462
R..N93R,412,40.740538,-73.989455
R..N93R,413,40.741303,-73.989344
R..N93R,414,40.742643,-73.989192
R..N93R,415,40.742700,-73.989186
R..N93R,416,40.742757,-73.989180
R..N93R,417,40.742812,-73.989173
R..N93R,418,40.742867,-73.989166
R..N93R,419,40.742920,-73.989160
R..N93R,420,40.742973,-73.989153
R..N93R,421,40.743025,-73.989146
R..N93R,422,40.743075,-73.989138
R..N93R,423,40.743125,-73.989131
R..N93R,424,40.743173,-73.989123
R..N93R,425,40.743221,-73.989116
R..N93R,426,40.743268,-73.989108
R..N93R,427,40.743314,-73.989100
R..N93R,428,40.743358,-73.989091
R..N93R,429,40.743402,-73.989083
R..N93R,430,40.745494,-73.988691
R..N93R,431,40.749567,-73.987950
R..N93R,432,40.751815,-73.987570
R..N93R,433,40.751893,-73.987556
R..N93R,434,40.751971,-73.987541
R..N93R,435,40.752049,-73.987526
R..N93R,436,40.752127,-73.987510
R..N93R,437,40.752204,-73.987493
R..N93R,438,40.752282,-73.987475
R..N93R,439,40.752360,-73.987457
R..N93R,440,40.752438,-73.987437
R..N93R,441,40.752516,-73.987417
R..N93R,442,40.752593,-73.987396
R..N93R,443,40.752671,-73.987375
R..N93R,444,40.752749,-73.987353
R..N93R,445,40.752827,-73.987329
R..N93R,446,40.752904,-73.987306
R..N93R,447,40.752982,-73.987281
R..N93R,448,40.754672,-73.986754
R..N93R,449,40.756430,-73.986201
R..N93R,450,40.756569,-73.986154
R..N93R,451,40.756705,-73.986106
R..N93R,452,40.756839,-73.986056
R..N93R,453,40.756971,-73.986003
R..N93R,454,40.757101,-73.985949
R..N93R,455,40.757229,-73.985893
R..N93R,456,40.757354,-73.985835
R..N93R,457,40.757477,-73.985775
R..N93R,458,40.757599,-73.985712
R..N93R,459,40.757718,-73.985648
R..N93R,460,40.757835,-73.985582
R..N93R,461,40.757949,-73.985514
R..N93R,462,40.758062,-73.985444
R..N93R,463,40.758173,-73.985371
R..N93R,464,40.758280,-73.985298
R..N93R,465,40.759901,-73.984139
R..N93R,466,40.764664,-73.980658
R..N93R,467,40.766254,-73.979499
R..N93R,468,40.766329,-73.979438
R..N93R,469,40.766396,-73.979375
R..N93R,470,40.766455,-73.979308
R..N93R,471,40.766507,-73.979239
R..N93R,472,40.766550,-73.979166
R..N93R,473,40.766585,-73.979091
R..N93R,474,40.766612,-73.979012
R..N93R,475,40.766632,-73.978931
R..N93R,476,40.766643,-73.978846
R..N93R,477,40.766646,-73.978759
R..N93R,478,40.766641,-73.978668
R..N93R,479,40.766628,-73.978575
R..N93R,480,40.766606,-73.978478
R..N93R,481,40.766577,-73.978379
R..N93R,482,40.766540,-73.978276
R..N93R,483,40.764825,-73.974217
R..N93R,484,40.764816,-73.974193
R..N93R,485,40.764808,-73.974170
R..N93R,486,40.764800,-73.974146
R..N93R,487,40.764793,-73.974121
R..N93R,488,40.764787,-73.974097
R..N93R,489,40.764782,-73.974073
R..N93R,490,40.764777,-73.974048
R..N93R,491,40.764773,-73.974024
R..N93R,492,40.764770,-73.973999
R..N93R,493,40.764768,-73.973974
R..N93R,494,40.764766,-73.973949
R..N93R,495,40.764765,-73.973924
R..N93R,496,40.764765,-73.973898
R..N93R,497,40.764766,-73.973873
R..N93R,498,40.764767,-73.973847
R..N93R,499,40.764811,-73.973347
R..N93R,500,40.764873,-73.972718
R..N93R,501,40.764873,-73.972694
R..N93R,502,40.764873,-73.972670
R..N93R,503,40.764872,-73.972647
R..N93R,504,40.764870,-73.972623
R..N93R,505,40.764867,-73.972599
R..N93R,506,40.764864,-73.972575
R..N93R,507,40.764859,-73.972550
R..N93R,508,40.764854,-73.972526
R..N93R,509,40.764849,-73.972501
R..N93R,510,40.764842,-73.972476
R..N93R,511,40.764835,-73.972450
R..N93R,512,40.764827,-73.972425
R..N93R,513,40.764819,-73.972399
R..N93R,514,40.764809,-73.972373
R..N93R,515,40.764799,-73.972347
R..N93R,516,40.762660,-73.967258
R..N93R,517,40.759230,-73.959131
R..N93R,518,40.753765,-73.946938
R..N93R,519,40.752553,-73.944152
R..N93R,520,40.752397,-73.943838
R..N93R,521,40.752329,-73.943736
R..N93R,522,40.752258,-73.943643
R..N93R,523,40.752184,-73.943557
R..N93R,524,40.752107,-73.943480
R..N93R,525,40.752028,-73.943410
R..N93R,526,40.751945,-73.943348
R..N93R,527,40.751860,-73.943294
R..N93R,528,40.751772,-73.943248
R..N93R,529,40.751680,-73.943209
R..N93R,530,40.751586,-73.943179
R..N93R,531,40.751489,-73.943156
R..N93R,532,40.751389,-73.943142
R..N93R,533,40.751287,-73.943135
R..N93R,534,40.751179,-73.943135
R..N93R,535,40.750367,-73.943169
R..N93R,536,40.750311,-73.943172
R..N93R,537,40.750255,-73.943174
R..N93R,538,40.750200,-73.943172
R..N93R,539,40.750146,-73.943167
R..N93R,540,40.750092,-73.943158
R..N93R,541,40.750039,-73.943146
R..N93R,542,40.749987,-73.943132
R..N93R,543,40.749935,-73.943114
R..N93R,544,40.749884,-73.943092
R..N93R,545,40.749834,-73.943068
R..N93R,546,40.749785,-73.943040
R..N93R,547,40.749736,-73.943009
R..N93R,548,40.749688,-73.942975
R..N93R,549,40.749641,-73.942938
R..N93R,550,40.749595,-73.942897
R..N93R,551,40.748566,-73.941909
R..N93R,552,40.748457,-73.941796
R..N93R,553,40.748360,-73.941681
R..N93R,554,40.748273,-73.941561
R..N93R,555,40.748197,-73.941437
R..N93R,556,40.748132,-73.941309
R..N93R,557,40.748077,-73.941176
R..N93R,558,40.748033,-73.941038
R..N93R,559,40.748000,-73.940897
R..N93R,560,40.747977,-73.940750
R..N93R,561,40.747964,-73.940600
R..N93R,562,40.747963,-73.940445
R..N93R,563,40.747972,-73.940285
R..N93R,564,40.747991,-73.940121
R..N93R,565,40.748021,-73.939953
R..N93R,566,40.748061,-73.939780
R..N93R,567,40.748973,-73.937243
R..N93R,568,40.748999,-73.937170
R..N93R,569,40.749025,-73.937099
R..N93R,570,40.749054,-73.937030
R..N93R,571,40.749083,-73.936963
R..N93R,572,40.749114,-73.936897
R..N93R,573,40.749146,-73.936834
R..N93R,574,40.749180,-73.936772
R..N93R,575,40.749215,-73.936712
R..N93R,576,40.749251,-73.936655
R..N93R,577,40.749288,-73.936599
R..N93R,578,40.749327,-73.936544
R..N93R,579,40.749367,-73.936492
R..N93R,580,40.749408,-73.936442
R..N93R,581,40.749451,-73.936394
R..N93R,582,40.749495,-73.936347
R..N93R,583,40.750660,-73.935094
R..N93R,584,40.750826,-73.934913
R..N93R,585,40.750981,-73.934726
R..N93R,586,40.751125,-73.934532
R..N93R,587,40.751258,-73.934331
R..N93R,588,40.751380,-73.934122
R..N93R,589,40.751491,-73.933905
R..N93R,590,40.751591,-73.933682
R..N93R,591,40.751680,-73.933451
R..N93R,592,40.751758,-73.933212
R..N93R,593,40.751824,-73.932966
R..N93R,594,40.751880,-73.932713
R..N93R,595,40.751924,-73.932452
R..N93R,596,40.751957,-73.932184
R..N93R,597,40.751979,-73.931908
R..N93R,598,40.751990,-73.931627
R..N93R,599,40.752039,-73.928781
R..N93R,600,40.752074,-73.926563
R..N93R,601,40.752078,-73.926450
R..N93R,602,40.752083,-73.926339
R..N93R,603,40.752090,-73.926229
R..N93R,604,40.752098,-73.926120
R..N93R,605,40.752108,-73.926011
R..N93R,606,40.752119,-73.925903
R..N93R,607,40.752132,-73.925796
R..N93R,608,40.752146,-73.925690
R..N93R,609,40.752162,-73.925585
R..N93R,610,40.752179,-73.925480
R..N93R,611,40.752197,-73.925376
R..N93R,612,40.752217,-73.925273
R..N93R,613,40.752239,-73.925171
R..N93R,614,40.752262,-73.925070
R..N93R,615,40.752285,-73.924968
R..N93R,616,40.752311,-73.924861
R..N93R,617,40.752340,-73.924757
R..N93R,618,40.752373,-73.924657
R..N93R,619,40.752411,-73.924560
R..N93R,620,40.752452,-73.924467
R..N93R,621,40.752497,-73.924377
R..N93R,622,40.752545,-73.924291
R..N93R,623,40.752598,-73.924208
R..N93R,624,40.752654,-73.924129
R..N93R,625,40.752714,-73.924054
R..N93R,626,40.752778,-73.923982
R..N93R,627,40.752846,-73.923913
R..N93R,628,40.752918,-73.923848
R..N93R,629,40.752994,-73.923787
R..N93R,630,40.753072,-73.923728
R..N93R,631,40.755854,-73.921565
R..N93R,632,40.755867,-73.921555
R..N93R,633,40.755879,-73.921546
R..N93R,634,40.755893,-73.921535
R..N93R,635,40.755906,-73.921525
R..N93R,636,40.755920,-73.921515
R..N93R,637,40.755934,-73.921504
R..N93R,638,40.755948,-73.921493
R..N93R,639,40.755962,-73.921481
R..N93R,640,40.755977,-73.921470
R..N93R,641,40.755992,-73.921458
R..N93R,642,40.756007,-73.921446
R..N93R,643,40.756023,-73.921433
R..N93R,644,40.756039,-73.921421
R..N93R,645,40.756055,-73.921408
R..N93R,646,40.756071,-73.921395
R..N93R,647,40.756879,-73.920740
R..N93R,648,40.757972,-73.919850
R..N93R,649,40.758107,-73.919713
R..N93R,650,40.758213,-73.919568
R..N93R,651,40.758303,-73.919417
R..N93R,652,40.758378,-73.919262
R..N93R,653,40.758437,-73.919101
R..N93R,654,40.758481,-73.918936
R..N93R,655,40.758510,-73.918765
R..N93R,656,40.758523,-73.918590
R..N93R,657,40.758520,-73.918409
R..N93R,658,40.758502,-73.918224
R..N93R,659,40.758469,-73.918033
R..N93R,660,40.758420,-73.917838
R..N93R,661,40.758356,-73.917638
R..N93R,662,40.758276,-73.917432
R..N93R,663,40.758182,-73.917222
R..N93R,664,40.757023,-73.914834
R..N93R,665,40.757005,-73.914798
R..N93R,666,40.756987,-73.914762
R..N93R,667,40.756969,-73.914726
R..N93R,668,40.756951,-73.914691
R..N93R,669,40.756933,-73.914655
R..N93R,670,40.756915,-73.914619
R..N93R,671,40.756898,-73.914583
R..N93R,672,40.756880,-73.914547
R..N93R,673,40.756863,-73.914511
R..N93R,674,40.756846,-73.914475
R..N93R,675,40.756829,-73.914439
R..N93R,676,40.756812,-73.914404
R..N93R,677,40.756795,-73.914368
R..N93R,678,40.756779,-73.914332
R..N93R,679,40.756762,-73.914295
R..N93R,680,40.756312,-73.913333
R..N93R,681,40.754245,-73.908935
R..N93R,682,40.753221,-73.906786
R..N93R,683,40.752885,-73.906006
R..N93R,684,40.749669,-73.898453
R..N93R,685,40.746644,-73.891338
R..N93R,686,40.744006,-73.885149
R..N93R,687,40.743987,-73.885104
R..N93R,688,40.743967,-73.885059
R..N93R,689,40.743948,-73.885015
R..N93R,690,40.743928,-73.884971
R..N93R,691,40.743909,-73.884928
R..N93R,692,40.743890,-73.884885
R..N93R,693,40.743871,-73.884843
R..N93R,694,40.743851,-73.884801
R..N93R,695,40.743832,-73.884760
R..N93R,696,40.743813,-73.884719
R..N93R,697,40.743794,-73.884679
R..N93R,698,40.743775,-73.884639
R..N93R,699,40.743756,-73.884600
R..N93R,700,40.743756,-73.884600
R..N93R,701,40.743737,-73.884561
R..N93R,702,40.743718,-73.884523
R..N93R,703,40.742933,-73.882917
R..N93R,704,40.742897,-73.882846
R..N93R,705,40.742862,-73.882775
R..N93R,706,40.742827,-73.882706
R..N93R,707,40.742792,-73.882639
R..N93R,708,40.742759,-73.882574
R..N93R,709,40.742726,-73.882510
R..N93R,710,40.742693,-73.882448
R..N93R,711,40.742661,-73.882388
R..N93R,712,40.742630,-73.882330
R..N93R,713,40.742599,-73.882273
R..N93R,714,40.742569,-73.882218
R..N93R,715,40.742539,-73.882165
R..N93R,716,40.742510,-73.882114
R..N93R,717,40.742482,-73.882064
R..N93R,718,40.742454,-73.882017
R..N93R,719,40.742415,-73.881945
R..N93R,720,40.742376,-73.881874
R..N93R,721,40.742337,-73.881803
R..N93R,722,40.742296,-73.881732
R..N93R,723,40.742256,-73.881662
R..N93R,724,40.742215,-73.881592
R..N93R,725,40.742173,-73.881523
R..N93R,726,40.742131,-73.881453
R..N93R,727,40.742088,-73.881384
R..N93R,728,40.742045,-73.881316
R..N93R,729,40.742001,-73.881247
R..N93R,730,40.741957,-73.881179
R..N93R,731,40.741913,-73.881112
R..N93R,732,40.741868,-73.881044
R..N93R,733,40.741822,-73.880977
R..N93R,734,40.740665,-73.879422
R..N93R,735,40.740614,-73.879357
R..N93R,736,40.740561,-73.879295
R..N93R,737,40.740506,-73.879235
R..N93R,738,40.740449,-73.879175
R..N93R,739,40.740389,-73.879117
R..N93R,740,40.740326,-73.879060
R..N93R,741,40.740261,-73.879004
R..N93R,742,40.740194,-73.878950
R..N93R,743,40.740124,-73.878897
R..N93R,744,40.740052,-73.878845
R..N93R,745,40.739977,-73.878794
R..N93R,746,40.739900,-73.878744
R..N93R,747,40.739821,-73.878696
R..N93R,748,40.739739,-73.878649
R..N93R,749,40.739655,-73.878602
R..N93R,750,40.737015,-73.877223
R..N93R,751,40.736710,-73.877055
R..N93R,752,40.736514,-73.876951
R..N93R,753,40.736327,-73.876834
R..N93R,754,40.736148,-73.876705
R..N93R,755,40.735976,-73.876562
R..N93R,756,40.735812,-73.876405
R..N93R,757,40.735655,-73.876236
R..N93R,758,40.735507,-73.876054
R..N93R,759,40.735365,-73.875859
R..N93R,760,40.735232,-73.875650
R..N93R,761,40.735106,-73.875429
R..N93R,762,40.734988,-73.875194
R..N93R,763,40.734877,-73.874947
R..N93R,764,40.734775,-73.874686
R..N93R,765,40.734679,-73.874412
R..N93R,766,40.734593,-73.874126
R..N93R,767,40.733648,-73.870923
R..N93R,768,40.733614,-73.870805
R..N93R,769,40.733579,-73.870688
R..N93R,770,40.733544,-73.870571
R..N93R,771,40.733509,-73.870454
R..N93R,772,40.733473,-73.870339
R..N93R,773,40.733437,-73.870224
R..N93R,774,40.733401,-73.870111
R..N93R,775,40.733365,-73.869998
R..N93R,776,40.733328,-73.869885
R..N93R,777,40.733292,-73.869774
R..N93R,778,40.733255,-73.869663
R..N93R,779,40.733218,-73.869554
R..N93R,780,40.733181,-73.869445
R..N93R,781,40.733144,-73.869336
R..N93R,782,40.733106,-73.869229
R..N93R,783,40.733041,-73.869062
R..N93R,784,40.732975,-73.868898
R..N93R,785,40.732909,-73.868737
R..N93R,786,40.732842,-73.868579
R..N93R,787,40.732774,-73.868425
R..N93R,788,40.732706,-73.868274
R..N93R,789,40.732638,-73.868127
R..N93R,790,40.732568,-73.867984
R..N93R,791,40.732499,-73.867843
R..N93R,792,40.732429,-73.867707
R..N93R,793,40.732358,-73.867573
R..N93R,794,40.732287,-73.867444
R..N93R,795,40.732215,-73.867317
R..N93R,796,40.732143,-73.867194
R..N93R,797,40.732070,-73.867073
R..N93R,798,40.731991,-73.866945
R..N93R,799,40.731914,-73.866812
R..N93R,800,40.731838,-73.866676
R..N93R,801,40.731763,-73.866535
R..N93R,802,40.731688,-73.866390
R..N93R,803,40.731614,-73.866241
R..N93R,804,40.731541,-73.866087
R..N93R,805,40.731469,-73.865930
R..N93R,806,40.731397,-73.865768
R..N93R,807,40.731327,-73.865602
R..N93R,808,40.731257,-73.865431
R..N93R,809,40.731187,-73.865257
R..N93R,810,40.731119,-73.865078
R..N93R,811,40.731051,-73.864895
R..N93R,812,40.730985,-73.864710
R..N93R,813,40.729846,-73.861604
R..N93R,814,40.727216,-73.854378
R..N93R,815,40.727179,-73.854282
R..N93R,816,40.727142,-73.854184
R..N93R,817,40.727103,-73.854085
R..N93R,818,40.727062,-73.853983
R..N93R,819,40.727021,-73.853879
R..N93R,820,40.726977,-73.853773
R..N93R,821,40.726933,-73.853665
R..N93R,822,40.726887,-73.853554
R..N93R,823,40.726839,-73.853442
R..N93R,824,40.726790,-73.853327
R..N93R,825,40.726740,-73.853210
R..N93R,826,40.726688,-73.853091
R..N93R,827,40.726635,-73.852969
R..N93R,828,40.726580,-73.852846
R..N93R,829,40.726523,-73.852719
R..N93R,830,40.726443,-73.852538
R..N93R,831,40.726358,-73.852359
R..N93R,832,40.726271,-73.852185
R..N93R,833,40.726181,-73.852015
R..N93R,834,40.726090,-73.851849
R..N93R,835,40.725995,-73.851688
R..N93R,836,40.725899,-73.851530
R..N93R,837,40.725800,-73.851377
R..N93R,838,40.725699,-73.851228
R..N93R,839,40.725596,-73.851083
R..N93R,840,40.725490,-73.850942
R..N93R,841,40.725382,-73.850805
R..N93R,842,40.725272,-73.850673
R..N93R,843,40.725159,-73.850544
R..N93R,844,40.725045,-73.850418
R..N93R,845,40.724889,-73.850252
R..N93R,846,40.724735,-73.850084
R..N93R,847,40.724584,-73.849912
R..N93R,848,40.724436,-73.849736
R..N93R,849,40.724292,-73.849556
R..N93R,850,40.724151,-73.849372
R..N93R,851,40.724013,-73.849184
R..N93R,852,40.723878,-73.848993
R..N93R,853,40.723747,-73.848797
R..N93R,854,40.723618,-73.848598
R..N93R,855,40.723493,-73.848394
R..N93R,856,40.723371,-73.848187
R..N93R,857,40.723253,-73.847975
R..N93R,858,40.723137,-73.847760
R..N93R,859,40.723026,-73.847541
R..N93R,860,40.721691,-73.844521
SI..N02R,0,40.512764,-74.251961
SI..N02R,1,40.513334,-74.251124
SI..N02R,2,40.513458,-74.250917
SI..N02R,3,40.513579,-74.250706
SI..N02R,4,40.513696,-74.250493
SI..N02R,5,40.513810,-74.250277
SI..N02R,6,40.513920,-74.250059
SI..N02R,7,40.514027,-74.249838
SI..N02R,8,40.514130,-74.249614
SI..N02R,9,40.514229,-74.249388
SI..N02R,10,40.514325,-74.249159
SI..N02R,11,40.514418,-74.248927
SI..N02R,12,40.514507,-74.248693
SI..N02R,13,40.514593,-74.248456
SI..N02R,14,40.514675,-74.248217
SI..N02R,15,40.514753,-74.247975
SI..N02R,16,40.514828,-74.247730
SI..N02R,17,40.515198,-74.246451
SI..N02R,18,40.515401,-74.245689
SI..N02R,19,40.515486,-74.245353
SI..N02R,20,40.515494,-74.245319
SI..N02R,21,40.515502,-74.245285
SI..N02R,22,40.515510,-74.245250
SI..N02R,23,40.515517,-74.245214
SI..N02R,24,40.515525,-74.245178
SI..N02R,25,40.515533,-74.245141
SI..N02R,26,40.515541,-74.245104
SI..N02R,27,40.515549,-74.245066
SI..N02R,28,40.515557,-74.245028
SI..N02R,29,40.515565,-74.244989
SI..N02R,30,40.515573,-74.244949
SI..N02R,31,40.515580,-74.244909
SI..N02R,32,40.515588,-74.244869
SI..N02R,33,40.515596,-74.244828
SI..N02R,34,40.515604,-74.244786
SI..N02R,35,40.515695,-74.244342
SI..N02R,36,40.515720,-74.244235
SI..N02R,37,40.515746,-74.244130
SI..N02R,38,40.515773,-74.244025
SI..N02R,39,40.515802,-74.243922
SI..N02R,40,40.515832,-74.243821
SI..N02R,41,40.515862,-74.243720
SI..N02R,42,40.515895,-74.243621
SI..N02R,43,40.515928,-74.243523
SI..N02R,44,40.515962,-74.243427
SI..N02R,45,40.515998,-74.243331
SI..N02R,46,40.516035,-74.243237
SI..N02R,47,40.516073,-74.243144
SI..N02R,48,40.516112,-74.243052
SI..N02R,49,40.516152,-74.242962
SI..N02R,50,40.516194,-74.242872
SI..N02R,51,40.517071,-74.241023
SI..N02R,52,40.517115,-74.240928
SI..N02R,53,40.517157,-74.240832
SI..N02R,54,40.517198,-74.240735
SI..N02R,55,40.517238,-74.240638
SI..N02R,56,40.517276,-74.240540
SI..N02R,57,40.517313,-74.240442
SI..N02R,58,40.517349,-74.240344
SI..N02R,59,40.517383,-74.240244
SI..N02R,60,40.517416,-74.240145
SI..N02R,61,40.517447,-74.240044
SI..N02R,62,40.517478,-74.239944
SI..N02R,63,40.517507,-74.239843
SI..N02R,64,40.517534,-74.239741
SI..N02R,65,40.517560,-74.239639
SI..N02R,66,40.517585,-74.239535
SI..N02R,67,40.517812,-74.238373
SI..N02R,68,40.519631,-74.229141
SI..N02R,69,40.520312,-74.225688
SI..N02R,70,40.520334,-74.225581
SI..N02R,71,40.520357,-74.225474
SI..N02R,72,40.520380,-74.225368
SI..N02R,73,40.520403,-74.225262
SI..N02R,74,40.520427,-74.225156
SI..N02R,75,40.520451,-74.225050
SI..N02R,76,40.520476,-74.224944
SI..N02R,77,40.520500,-74.224838
SI..N02R,78,40.520526,-74.224732
SI..N02R,79,40.520551,-74.224626
SI..N02R,80,40.520577,-74.224521
SI..N02R,81,40.520604,-74.224415
SI..N02R,82,40.520630,-74.224309
SI..N02R,83,40.520658,-74.224204
SI..N02R,84,40.520685,-74.224099
SI..N02R,85,40.522102,-74.219083
SI..N02R,86,40.522128,-74.218988
SI..N02R,87,40.522153,-74.218895
SI..N02R,88,40.522177,-74.218803
SI..N02R,89,40.522201,-74.218714
SI..N02R,90,40.522223,-74.218626
SI..N02R,91,40.522245,-74.218540
SI..N02R,92,40.522267,-74.218455
SI..N02R,93,40.522287,-74.218373
SI..N02R,94,40.522307,-74.218292
SI..N02R,95,40.522326,-74.218214
SI..N02R,96,40.522344,-74.218137
SI..N02R,97,40.522361,-74.218062
SI..N02R,98,40.522378,-74.217988
SI..N02R,99,40.522394,-74.217917
SI..N02R,100,40.522410,-74.217847
SI..N02R,101,40.522452,-74.217658
SI..N02R,102,40.522494,-74.217466
SI..N02R,103,40.522534,-74.217271
SI..N02R,104,40.522573,-74.217073
SI..N02R,105,40.522611,-74.216872
SI..N02R,106,40.522647,-74.216667
SI..N02R,107,40.522683,-74.216460
SI..N02R,108,40.522717,-74.216249
SI..N02R,109,40.522750,-74.216035
SI..N02R,110,40.522782,-74.215819
SI..N02R,111,40.522813,-74.215599
SI..N02R,112,40.522843,-74.215375
SI..N02R,113,40.522871,-74.215149
SI..N02R,114,40.522899,-74.214920
SI..N02R,115,40.522924,-74.214686
SI..N02R,116,40.523427,-74.210498
SI..N02R,117,40.523434,-74.210437
SI..N02R,118,40.523441,-74.210376
SI..N02R,119,40.523448,-74.210317
SI..N02R,120,40.523455,-74.210257
SI..N02R,121,40.523462,-74.210199
SI..N02R,122,40.523469,-74.210141
SI..N02R,123,40.523476,-74.210084
SI..N02R,124,40.523484,-74.210028
SI..N02R,125,40.523491,-74.209972
SI..N02R,126,40.523499,-74.209917
SI..N02R,127,40.523506,-74.209863
SI..N02R,128,40.523514,-74.209810
SI..N02R,129,40.523521,-74.209757
SI..N02R,130,40.523529,-74.209704
SI..N02R,131,40.523537,-74.209653
SI..N02R,132,40.524408,-74.203552
SI..N02R,133,40.524451,-74.203290
SI..N02R,134,40.524499,-74.203030
SI..N02R,135,40.524552,-74.202776
SI..N02R,136,40.524609,-74.202525
SI..N02R,137,40.524670,-74.202280
SI..N02R,138,40.524735,-74.202038
SI..N02R,139,40.524804,-74.201801
SI..N02R,140,40.524877,-74.201568
SI..N02R,141,40.524955,-74.201340
SI..N02R,142,40.525037,-74.201116
SI..N02R,143,40.525122,-74.200896
SI..N02R,144,40.525213,-74.200681
SI..N02R,145,40.525307,-74.200470
SI..N02R,146,40.525405,-74.200264
SI..N02R,147,40.525507,-74.200064
SI..N02R,148,40.525584,-74.199922
SI..N02R,149,40.525664,-74.199781
SI..N02R,150,40.525746,-74.199643
SI..N02R,151,40.525831,-74.199506
SI..N02R,152,40.525920,-74.199371
SI..N02R,153,40.526011,-74.199239
SI..N02R,154,40.526105,-74.199108
SI..N02R,155,40.526202,-74.198980
SI..N02R,156,40.526302,-74.198854
SI..N02R,157,40.526404,-74.198730
SI..N02R,158,40.526510,-74.198608
SI..N02R,159,40.526618,-74.198488
SI..N02R,160,40.526729,-74.198370
SI..N02R,161,40.526843,-74.198254
SI..N02R,162,40.526961,-74.198141
SI..N02R,163,40.533674,-74.191794
SI..N02R,164,40.534239,-74.191268
SI..N02R,165,40.534433,-74.191077
SI..N02R,166,40.534625,-74.190881
SI..N02R,167,40.534814,-74.190682
SI..N02R,168,40.534999,-74.190482
SI..N02R,169,40.535182,-74.190278
SI..N02R,170,40.535361,-74.190073
SI..N02R,171,40.535538,-74.189865
SI..N02R,172,40.535711,-74.189654
SI..N02R,173,40.535882,-74.189442
SI..N02R,174,40.536049,-74.189226
SI..N02R,175,40.536213,-74.189009
SI..N02R,176,40.536374,-74.188789
SI..N02R,177,40.536532,-74.188566
SI..N02R,178,40.536687,-74.188341
SI..N02R,179,40.536839,-74.188114
SI..N02R,180,40.536988,-74.187878
SI..N02R,181,40.537135,-74.187637
SI..N02R,182,40.537280,-74.187391
SI..N02R,183,40.537423,-74.187140
SI..N02R,184,40.537565,-74.186883
SI..N02R,185,40.537706,-74.186622
SI..N02R,186,40.537844,-74.186355
SI..N02R,187,40.537981,-74.186082
SI..N02R,188,40.538117,-74.185804
SI..N02R,189,40.538251,-74.185521
SI..N02R,190,40.538383,-74.185233
SI..N02R,191,40.538514,-74.184940
SI..N02R,192,40.538643,-74.184641
SI..N02R,193,40.538770,-74.184336
SI..N02R,194,40.538895,-74.184028
SI..N02R,195,40.538963,-74.183852
SI..N02R,196,40.539030,-74.183678
SI..N02R,197,40.539094,-74.183508
SI..N02R,198,40.539155,-74.183340
SI..N02R,199,40.539215,-74.183174
SI..N02R,200,40.539272,-74.183012
SI..N02R,201,40.539327,-74.182852
SI..N02R,202,40.539380,-74.182695
SI..N02R,203,40.539431,-74.182540
SI..N02R,204,40.539479,-74.182389
SI..N02R,205,40.539525,-74.182240
SI..N02R,206,40.539569,-74.182093
SI..N02R,207,40.539611,-74.181950
SI..N02R,208,40.539651,-74.181809
SI..N02R,209,40.539687,-74.181672
SI..N02R,210,40.539711,-74.181583
SI..N02R,211,40.539738,-74.181486
SI..N02R,212,40.539766,-74.181379
SI..N02R,213,40.539795,-74.181264
SI..N02R,214,40.539826,-74.181140
SI..N02R,215,40.539859,-74.181007
SI..N02R,216,40.539892,-74.180865
SI..N02R,217,40.539928,-74.180715
SI..N02R,218,40.539965,-74.180555
SI..N02R,219,40.540003,-74.180387
SI..N02R,220,40.540043,-74.180209
SI..N02R,221,40.540084,-74.180023
SI..N02R,222,40.540127,-74.179828
SI..N02R,223,40.540171,-74.179625
SI..N02R,224,40.540217,-74.179413
SI..N02R,225,40.540460,-74.178217
SI..N02R,226,40.541685,-74.171897
SI..N02R,227,40.541762,-74.171539
SI..N02R,228,40.541846,-74.171177
SI..N02R,229,40.541940,-74.170812
SI..N02R,230,40.542043,-74.170442
SI..N02R,231,40.542155,-74.170070
SI..N02R,232,40.542276,-74.169693
SI..N02R,233,40.542407,-74.169313
SI..N02R,234,40.542547,-74.168929
SI..N02R,235,40.542697,-74.168541
SI..N02R,236,40.542855,-74.168149
SI..N02R,237,40.543023,-74.167754
SI..N02R,238,40.543200,-74.167355
SI..N02R,239,40.543387,-74.166952
SI..N02R,240,40.543583,-74.166546
SI..N02R,241,40.543787,-74.166135
SI..N02R,242,40.544601,-74.164570
SI..N02R,243,40.545924,-74.162046
SI..N02R,244,40.548100,-74.157749
SI..N02R,245,40.548317,-74.157326
SI..N02R,246,40.548524,-74.156917
SI..N02R,247,40.548724,-74.156522
SI..N02R,248,40.548916,-74.156143
SI..N02R,249,40.549100,-74.155779
SI..N02R,250,40.549276,-74.155429
SI..N02R,251,40.549444,-74.155095
SI..N02R,252,40.549604,-74.154775
SI..N02R,253,40.549756,-74.154471
SI..N02R,254,40.549901,-74.154181
SI..N02R,255,40.550037,-74.153906
SI..N02R,256,40.550165,-74.153646
SI..N02R,257,40.550286,-74.153402
SI..N02R,258,40.550398,-74.153172
SI..N02R,259,40.550502,-74.152956
SI..N02R,260,40.551231,-74.151399
SI..N02R,261,40.551688,-74.150411
SI..N02R,262,40.551760,-74.150248
SI..N02R,263,40.551830,-74.150082
SI..N02R,264,40.551897,-74.149913
SI..N02R,265,40.551959,-74.149742
SI..N02R,266,40.552019,-74.149568
SI..N02R,267,40.552074,-74.149392
SI..N02R,268,40.552126,-74.149214
SI..N02R,269,40.552175,-74.149033
SI..N02R,270,40.552220,-74.148850
SI..N02R,271,40.552261,-74.148665
SI..N02R,272,40.552299,-74.148477
SI..N02R,273,40.552333,-74.148287
SI..N02R,274,40.552364,-74.148094
SI..N02R,275,40.552391,-74.147899
SI..N02R,276,40.552415,-74.147702
SI..N02R,277,40.552643,-74.145709
SI..N02R,278,40.552663,-74.145547
SI..N02R,279,40.552686,-74.145386
SI..N02R,280,40.552710,-74.145226
SI..N02R,281,40.552735,-74.145068
SI..N02R,282,40.552762,-74.144912
SI..N02R,283,40.552791,-74.144757
SI..N02R,284,40.552821,-74.144603
SI..N02R,285,40.552853,-74.144451
SI..N02R,286,40.552886,-74.144301
SI..N02R,287,40.552921,-74.144152
SI..N02R,288,40.552957,-74.144004
SI..N02R,289,40.552995,-74.143858
SI..N02R,290,40.553035,-74.143714
SI..N02R,291,40.553076,-74.143571
SI..N02R,292,40.553118,-74.143429
SI..N02R,293,40.553166,-74.143281
SI..N02R,294,40.553215,-74.143133
SI..N02R,295,40.553266,-74.142986
SI..N02R,296,40.553318,-74.142838
SI..N02R,297,40.553372,-74.142690
SI..N02R,298,40.553427,-74.142542
SI..N02R,299,40.553484,-74.142394
SI..N02R,300,40.553542,-74.142246
SI..N02R,301,40.553602,-74.142098
SI..N02R,302,40.553663,-74.141950
SI..N02R,303,40.553726,-74.141802
SI..N02R,304,40.553790,-74.141654
SI..N02R,305,40.553855,-74.141506
SI..N02R,306,40.553922,-74.141358
SI..N02R,307,40.553992,-74.141210
SI..N02R,308,40.554617,-74.139893
SI..N02R,309,40.554697,-74.139724
SI..N02R,310,40.554779,-74.139559
SI..N02R,311,40.554862,-74.139396
SI..N02R,312,40.554945,-74.139235
SI..N02R,313,40.555028,-74.139078
SI..N02R,314,40.555112,-74.138922
SI..N02R,315,40.555196,-74.138769
SI..N02R,316,40.555280,-74.138619
SI..N02R,317,40.555365,-74.138471
SI..N02R,318,40.555451,-74.138326
SI..N02R,319,40.555537,-74.138184
SI..N02R,320,40.555623,-74.138043
SI..N02R,321,40.555710,-74.137906
SI..N02R,322,40.555797,-74.137771
SI..N02R,323,40.555885,-74.137638
SI..N02R,324,40.556400,-74.136907
SI..N02R,325,40.556858,-74.136290
SI..N02R,326,40.556939,-74.136186
SI..N02R,327,40.557019,-74.136084
SI..N02R,328,40.557098,-74.135985
SI..N02R,329,40.557175,-74.135887
SI..N02R,330,40.557251,-74.135792
SI..N02R,331,40.557325,-74.135699
SI..N02R,332,40.557398,-74.135608
SI..N02R,333,40.557470,-74.135519
SI..N02R,334,40.557540,-74.135432
SI..N02R,335,40.557608,-74.135348
SI..N02R,336,40.557676,-74.135265
SI..N02R,337,40.557742,-74.135185
SI..N02R,338,40.557806,-74.135107
SI..N02R,339,40.557869,-74.135031
SI..N02R,340,40.557931,-74.134957
SI..N02R,341,40.565110,-74.126320
SI..N02R,342,40.565536,-74.125816
SI..N02R,343,40.565594,-74.125750
SI..N02R,344,40.565652,-74.125684
SI..N02R,345,40.565711,-74.125619
SI..N02R,346,40.565769,-74.125555
SI..N02R,347,40.565827,-74.125491
SI..N02R,348,40.565885,-74.125428
SI..N02R,349,40.565944,-74.125365
SI..N02R,350,40.566002,-74.125303
SI..N02R,351,40.566061,-74.125241
SI..N02R,352,40.566119,-74.125180
SI..N02R,353,40.566178,-74.125120
SI..N02R,354,40.566236,-74.125060
SI..N02R,355,40.566295,-74.125000
SI..N02R,356,40.566353,-74.124941
SI..N02R,357,40.566412,-74.124882
SI..N02R,358,40.570115,-74.121358
SI..N02R,359,40.570294,-74.121180
SI..N02R,360,40.570470,-74.121003
SI..N02R,361,40.570642,-74.120825
SI..N02R,362,40.570810,-74.120646
SI..N02R,363,40.570975,-74.120468
SI..N02R,364,40.571137,-74.120289
SI..N02R,365,40.571294,-74.120110
SI..N02R,366,40.571449,-74.119930
SI..N02R,367,40.571599,-74.119751
SI..N02R,368,40.571747,-74.119571
SI..N02R,369,40.571890,-74.119390
SI..N02R,370,40.572030,-74.119210
SI..N02R,371,40.572167,-74.119029
SI..N02R,372,40.572300,-74.118848
SI..N02R,373,40.572428,-74.118668
SI..N02R,374,40.573480,-74.117210
SI..N02R,375,40.576732,-74.112691
SI..N02R,376,40.576760,-74.112651
SI..N02R,377,40.576788,-74.112611
SI..N02R,378,40.576815,-74.112572
SI..N02R,379,40.576843,-74.112534
SI..N02R,380,40.576870,-74.112496
SI..N02R,381,40.576896,-74.112459
SI..N02R,382,40.576923,-74.112423
SI..N02R,383,40.576949,-74.112387
SI..N02R,384,40.576975,-74.112352
SI..N02R,385,40.577001,-74.112318
SI..N02R,386,40.577026,-74.112285
SI..N02R,387,40.577051,-74.112252
SI..N02R,388,40.577076,-74.112219
SI..N02R,389,40.577101,-74.112188
SI..N02R,390,40.577125,-74.112157
SI..N02R,391,40.578505,-74.110335
SI..N02R,392,40.578965,-74.109704
SI..N02R,393,40.583591,-74.103338
SI..N02R,394,40.588849,-74.096090
SI..N02R,395,40.592478,-74.091101
SI..N02R,396,40.592688,-74.090820
SI..N02R,397,40.592901,-74.090549
SI..N02R,398,40.593119,-74.090285
SI..N02R,399,40.593341,-74.090029
SI..N02R,400,40.593568,-74.089780
SI..N02R,401,40.593799,-74.089538
SI..N02R,402,40.594035,-74.089303
SI..N02R,403,40.594276,-74.089075
SI..N02R,404,40.594521,-74.088855
SI..N02R,405,40.594771,-74.088642
SI..N02R,406,40.595025,-74.088436
SI..N02R,407,40.595284,-74.088237
SI..N02R,408,40.595547,-74.088045
SI..N02R,409,40.595815,-74.087861
SI..N02R,410,40.596087,-74.087682
SI..N02R,411,40.596612,-74.087368
SI..N02R,412,40.596716,-74.087312
SI..N02R,413,40.596818,-74.087257
SI..N02R,414,40.596919,-74.087204
SI..N02R,415,40.597020,-74.087151
SI..N02R,416,40.597121,-74.087101
SI..N02R,417,40.597221,-74.087051
SI..N02R,418,40.597320,-74.087003
SI..N02R,419,40.597419,-74.086957
SI..N02R,420,40.597518,-74.086912
SI..N02R,421,40.597616,-74.086869
SI..N02R,422,40.597713,-74.086827
SI..N02R,423,40.597810,-74.086786
SI..N02R,424,40.597907,-74.086747
SI..N02R,425,40.598003,-74.086709
SI..N02R,426,40.598098,-74.086673
SI..N02R,427,40.600437,-74.085801
SI..N02R,428,40.600583,-74.085736
SI..N02R,429,40.600729,-74.085671
SI..N02R,430,40.600874,-74.085602
SI..N02R,431,40.601018,-74.085530
SI..N02R,432,40.601161,-74.085456
SI..N02R,433,40.601302,-74.085379
SI..N02R,434,40.601443,-74.085298
SI..N02R,435,40.601583,-74.085215
SI..N02R,436,40.601721,-74.085129
SI..N02R,437,40.601859,-74.085040
SI..N02R,438,40.601995,-74.084948
SI..N02R,439,40.602130,-74.084853
SI..N02R,440,40.602265,-74.084755
SI..N02R,441,40.602398,-74.084654
SI..N02R,442,40.602529,-74.084551
SI..N02R,443,40.603117,-74.084087
SI..N02R,444,40.608230,-74.080023
SI..N02R,445,40.608338,-74.079939
SI..N02R,446,40.608447,-74.079855
SI..N02R,447,40.608555,-74.079773
SI..N02R,448,40.608662,-74.079693
SI..N02R,449,40.608770,-74.079614
SI..N02R,450,40.608877,-74.079537
SI..N02R,451,40.608985,-74.079462
SI..N02R,452,40.609091,-74.079388
SI..N02R,453,40.609198,-74.079316
SI..N02R,454,40.609305,-74.079246
SI..N02R,455,40.609411,-74.079178
SI..N02R,456,40.609517,-74.079111
SI..N02R,457,40.609623,-74.079045
SI..N02R,458,40.609729,-74.078982
SI..N02R,459,40.609835,-74.078919
SI..N02R,460,40.616007,-74.075264
SI..N02R,461,40.616172,-74.075160
SI..N02R,462,40.616334,-74.075051
SI..N02R,463,40.616490,-74.074937
SI..N02R,464,40.616642,-74.074818
SI..N02R,465,40.616788,-74.074694
SI..N02R,466,40.616929,-74.074566
SI..N02R,467,40.617066,-74.074433
SI..N02R,468,40.617197,-74.074296
SI..N02R,469,40.617323,-74.074153
SI..N02R,470,40.617445,-74.074006
SI..N02R,471,40.617561,-74.073855
SI..N02R,472,40.617672,-74.073698
SI..N02R,473,40.617779,-74.073537
SI..N02R,474,40.617880,-74.073371
SI..N02R,475,40.617977,-74.073200
SI..N02R,476,40.618224,-74.072724
SI..N02R,477,40.618268,-74.072642
SI..N02R,478,40.618312,-74.072561
SI..N02R,479,40.618358,-74.072484
SI..N02R,480,40.618404,-74.072408
SI..N02R,481,40.618452,-74.072335
SI..N02R,482,40.618502,-74.072263
SI..N02R,483,40.618552,-74.072195
SI..N02R,484,40.618604,-74.072128
SI..N02R,485,40.618657,-74.072064
SI..N02R,486,40.618712,-74.072002
SI..N02R,487,40.618767,-74.071942
SI..N02R,488,40.618824,-74.071884
SI..N02R,489,40.618883,-74.071829
SI..N02R,490,40.618942,-74.071776
SI..N02R,491,40.619004,-74.071724
SI..N02R,492,40.619065,-74.071675
SI..N02R,493,40.619125,-74.071628
SI..N02R,494,40.619185,-74.071583
SI..N02R,495,40.619243,-74.071541
SI..N02R,496,40.619301,-74.071501
SI..N02R,497,40.619358,-74.071464
SI..N02R,498,40.619413,-74.071429
SI..N02R,499,40.619468,-74.071396
SI..N02R,500,40.619523,-74.071365
SI..N02R,501,40.619576,-74.071337
SI..N02R,502,40.619628,-74.071311
SI..N02R,503,40.619680,-74.071288
SI..N02R,504,40.619730,-74.071266
SI..N02R,505,40.619780,-74.071248
SI..N02R,506,40.619828,-74.071232
SI..N02R,507,40.620036,-74.071172
SI..N02R,508,40.620246,-74.071140
SI..N02R,509,40.620457,-74.071136
SI..N02R,510,40.620670,-74.071160
SI..N02R,511,40.620885,-74.071212
SI..N02R,512,40.621101,-74.071292
SI..N02R,513,40.621319,-74.071402
SI..N02R,514,40.622046,-74.071805
SI..N02R,515,40.622095,-74.071835
SI..N02R,516,40.622144,-74.071866
SI..N02R,517,40.622193,-74.071899
SI..N02R,518,40.622244,-74.071933
SI..N02R,519,40.622295,-74.071968
SI..N02R,520,40.622346,-74.072005
SI..N02R,521,40.622399,-74.072043
SI..N02R,522,40.622452,-74.072083
SI..N02R,523,40.622505,-74.072124
SI..N02R,524,40.622559,-74.072166
SI..N02R,525,40.622614,-74.072210
SI..N02R,526,40.622669,-74.072255
SI..N02R,527,40.622725,-74.072301
SI..N02R,528,40.622782,-74.072349
SI..N02R,529,40.622839,-74.072398
SI..N02R,530,40.623372,-74.072856
SI..N02R,531,40.623393,-74.072874
SI..N02R,532,40.623415,-74.072893
SI..N02R,533,40.623436,-74.072911
SI..N02R,534,40.623458,-74.072929
SI..N02R,535,40.623480,-74.072947
SI..N02R,536,40.623502,-74.072965
SI..N02R,537,40.623525,-74.072983
SI..N02R,538,40.623547,-74.073001
SI..N02R,539,40.623570,-74.073019
SI..N02R,540,40.623593,-74.073037
SI..N02R,541,40.623616,-74.073054
SI..N02R,542,40.623640,-74.073072
SI..N02R,543,40.623663,-74.073090
SI..N02R,544,40.623687,-74.073107
SI..N02R,545,40.623711,-74.073125
SI..N02R,546,40.624241,-74.073516
SI..N02R,547,40.625771,-74.074613
SI..N02R,548,40.625840,-74.074656
SI..N02R,549,40.625912,-74.074699
SI..N02R,550,40.625986,-74.074739
SI..N02R,551,40.626063,-74.074777
SI..N02R,552,40.626142,-74.074813
SI..N02R,553,40.626224,-74.074846
SI..N02R,554,40.626308,-74.074878
SI..N02R,555,40.626395,-74.074907
SI..N02R,556,40.626484,-74.074935
SI..N02R,557,40.626575,-74.074960
SI..N02R,558,40.626669,-74.074983
SI..N02R,559,40.626766,-74.075004
SI..N02R,560,40.626865,-74.075022
SI..N02R,561,40.626966,-74.075039
SI..N02R,562,40.627070,-74.075052
SI..N02R,563,40.627915,-74.075162
SI..N02R,564,40.628990,-74.075282
SI..N02R,565,40.629090,-74.075291
SI..N02R,566,40.629189,-74.075300
SI..N02R,567,40.629286,-74.075308
SI..N02R,568,40.629382,-74.075315
SI..N02R,569,40.629476,-74.075321
SI..N02R,570,40.629569,-74.075326
SI..N02R,571,40.629660,-74.075330
SI..N02R,572,40.629750,-74.075333
SI..N02R,573,40.629838,-74.075335
SI..N02R,574,40.629924,-74.075336
SI..N02R,575,40.630010,-74.075336
SI..N02R,576,40.630093,-74.075335
SI..N02R,577,40.630175,-74.075333
SI..N02R,578,40.630256,-74.075329
SI..N02R,579,40.630334,-74.075325
SI..N02R,580,40.630432,-74.075320
SI..N02R,581,40.630529,-74.075312
SI..N02R,582,40.630626,-74.075300
SI..N02R,583,40.630722,-74.075286
SI..N02R,584,40.630819,-74.075269
SI..N02R,585,40.630915,-74.075249
SI..N02R,586,40.631010,-74.075226
SI..N02R,587,40.631106,-74.075200
SI..N02R,588,40.631201,-74.075171
SI..N02R,589,40.631296,-74.075139
SI..N02R,590,40.631390,-74.075105
SI..N02R,591,40.631484,-74.075067
SI..N02R,592,40.631578,-74.075027
SI..N02R,593,40.631672,-74.074984
SI..N02R,594,40.631765,-74.074938
SI..N02R,595,40.632261,-74.074671
SI..N02R,596,40.632380,-74.074606
SI..N02R,597,40.632501,-74.074547
SI..N02R,598,40.632623,-74.074494
SI..N02R,599,40.632746,-74.074448
SI..N02R,600,40.632870,-74.074408
SI..N02R,601,40.632994,-74.074375
SI..N02R,602,40.633120,-74.074348
SI..N02R,603,40.633246,-74.074328
SI..N02R,604,40.633373,-74.074314
SI..N02R,605,40.633502,-74.074306
SI..N02R,606,40.633631,-74.074305
SI..N02R,607,40.633760,-74.074310
SI..N02R,608,40.633891,-74.074322
SI..N02R,609,40.634023,-74.074340
SI..N02R,610,40.634155,-74.074363
SI..N02R,611,40.634811,-74.074485
SI..N02R,612,40.634843,-74.074492
SI..N02R,613,40.634876,-74.074498
SI..N02R,614,40.634909,-74.074504
SI..N02R,615,40.634943,-74.074511
SI..N02R,616,40.634978,-74.074517
SI..N02R,617,40.635013,-74.074524
SI..N02R,618,40.635050,-74.074530
SI..N02R,619,40.635087,-74.074536
SI..N02R,620,40.635124,-74.074542
SI..N02R,621,40.635162,-74.074549
SI..N02R,622,40.635201,-74.074555
SI..N02R,623,40.635241,-74.074561
SI..N02R,624,40.635281,-74.074567
SI..N02R,625,40.635322,-74.074573
SI..N02R,626,40.635364,-74.074579
SI..N02R,627,40.636516,-74.074756
SI..N02R,628,40.636543,-74.074760
SI..N02R,629,40.636571,-74.074764
SI..N02R,630,40.636598,-74.074768
SI..N02R,631,40.636626,-74.074773
SI..N02R,632,40.636655,-74.074777
SI..N02R,633,40.636683,-74.074782
SI..N02R,634,40.636712,-74.074787
SI..N02R,635,40.636740,-74.074793
SI..N02R,636,40.636770,-74.074798
SI..N02R,637,40.636799,-74.074804
SI..N02R,638,40.636828,-74.074810
SI..N02R,639,40.636858,-74.074816
SI..N02R,640,40.636888,-74.074822
SI..N02R,641,40.636919,-74.074828
SI..N02R,642,40.636949,-74.074835
SI..N02R,643,40.636995,-74.074845
SI..N02R,644,40.637042,-74.074856
SI..N02R,645,40.637090,-74.074867
SI..N02R,646,40.637140,-74.074879
SI..N02R,647,40.637190,-74.074892
SI..N02R,648,40.637241,-74.074905
SI..N02R,649,40.637293,-74.074920
SI..N02R,650,40.637347,-74.074935
SI..N02R,651,40.637401,-74.074950
SI..N02R,652,40.637457,-74.074966
SI..N02R,653,40.637513,-74.074983
SI..N02R,654,40.637570,-74.075001
SI..N02R,655,40.637629,-74.075019
SI..N02R,656,40.637688,-74.075038
SI..N02R,657,40.637750,-74.075058
SI..N02R,658,40.638470,-74.075291
SI..N02R,659,40.638534,-74.075307
SI..N02R,660,40.638597,-74.075321
SI..N02R,661,40.638662,-74.075333
SI..N02R,662,40.638726,-74.075342
SI..N02R,663,40.638791,-74.075349
SI..N02R,664,40.638856,-74.075355
SI..N02R,665,40.638922,-74.075357
SI..N02R,666,40.638988,-74.075358
SI..N02R,667,40.639054,-74.075357
SI..N02R,668,40.639121,-74.075353
SI..N02R,669,40.639188,-74.075347
SI..N02R,670,40.639255,-74.075339
SI..N02R,671,40.639323,-74.075328
SI..N02R,672,40.639391,-74.075316
SI..N02R,673,40.639459,-74.075301
SI..N02R,674,40.642140,-74.074647
SI..N02R,675,40.642252,-74.074612
SI..N02R,676,40.642363,-74.074572
SI..N02R,677,40.642473,-74.074527
SI..N02R,678,40.642582,-74.074478
SI..N02R,679,40.642691,-74.074424
SI..N02R,680,40.642800,-74.074366
SI..N02R,681,40.642907,-74.074304
SI..N02R,682,40.643014,-74.074237
SI..N02R,683,40.643121,-74.074166
SI..N02R,684,40.643227,-74.074090
SI..N02R,685,40.643332,-74.074010
SI..N02R,686,40.643437,-74.073925
SI..N02R,687,40.643541,-74.073836
SI..N02R,688,40.643645,-74.073742
SI..N02R,689,40.643748,-74.073643
SI..S03R,0,40.643748,-74.073643
SI..S03R,1,40.643645,-74.073742
SI..S03R,2,40.643541,-74.073836
SI..S03R,3,40.643437,-74.073925
SI..S03R,4,40.643332,-74.074010
SI..S03R,5,40.643227,-74.074090
SI..S03R,6,40.643121,-74.074166
SI..S03R,7,40.643014,-74.074237
SI..S03R,8,40.642907,-74.074304
SI..S03R,9,40.642800,-74.074366
SI..S03R,10,40.642691,-74.074424
SI..S03R,11,40.642582,-74.074478
SI..S03R,12,40.642473,-74.074527
SI..S03R,13,40.642363,-74.074572
SI..S03R,14,40.642252,-74.074612
SI..S03R,15,40.642140,-74.074647
SI..S03R,16,40.639459,-74.075301
SI..S03R,17,40.639391,-74.075316
SI..S03R,18,40.639323,-74.075328
SI..S03R,19,40.639255,-74.075339
SI..S03R,20,40.639188,-74.075347
SI..S03R,21,40.639121,-74.075353
SI..S03R,22,40.639054,-74.075357
SI..S03R,23,40.638988,-74.075358
SI..S03R,24,40.638922,-74.075357
SI..S03R,25,40.638856,-74.075355
SI..S03R,26,40.638791,-74.075349
SI..S03R,27,40.638726,-74.075342
SI..S03R,28,40.638662,-74.075333
SI..S03R,29,40.638597,-74.075321
SI..S03R,30,40.638534,-74.075307
SI..S03R,31,40.638470,-74.075291
SI..S03R,32,40.637750,-74.075058
SI..S03R,33,40.637688,-74.075038
SI..S03R,34,40.637629,-74.075019
SI..S03R,35,40.637570,-74.075001
SI..S03R,36,40.637513,-74.074983
SI..S03R,37,40.637457,-74.074966
SI..S03R,38,40.637401,-74.074950
SI..S03R,39,40.637347,-74.074935
SI..S03R,40,40.637293,-74.074920
SI..S03R,41,40.637241,-74.074905
SI..S03R,42,40.637190,-74.074892
SI..S03R,43,40.637140,-74.074879
SI..S03R,44,40.637090,-74.074867
SI..S03R,45,40.637042,-74.074856
SI..S03R,46,40.636995,-74.074845
SI..S03R,47,40.636949,-74.074835
SI..S03R,48,40.636919,-74.074828
SI..S03R,49,40.636888,-74.074822
SI..S03R,50,40.636858,-74.074816
SI..S03R,51,40.636828,-74.074810
SI..S03R,52,40.636799,-74.074804
SI..S03R,53,40.636770,-74.074798
SI..S03R,54,40.636740,-74.074793
SI..S03R,55,40.636712,-74.074787
SI..S03R,56,40.636683,-74.074782
SI..S03R,57,40.636655,-74.074777
SI..S03R,58,40.636626,-74.074773
SI..S03R,59,40.636598,-74.074768
SI..S03R,60,40.636571,-74.074764
SI..S03R,61,40.636543,-74.074760
SI..S03R,62,40.636516,-74.074756
SI..S03R,63,40.635364,-74.074579
SI..S03R,64,40.635322,-74.074573
SI..S03R,65,40.635281,-74.074567
SI..S03R,66,40.635241,-74.074561
SI..S03R,67,40.635201,-74.074555
SI..S03R,68,40.635162,-74.074549
SI..S03R,69,40.635124,-74.074542
SI..S03R,70,40.635087,-74.074536
SI..S03R,71,40.635050,-74.074530
SI..S03R,72,40.635013,-74.074524
SI..S03R,73,40.634978,-74.074517
SI..S03R,74,40.634943,-74.074511
SI..S03R,75,40.634909,-74.074504
SI..S03R,76,40.634876,-74.074498
SI..S03R,77,40.634843,-74.074492
SI..S03R,78,40.634811,-74.074485
SI..S03R,79,40.634155,-74.074363
SI..S03R,80,40.634023,-74.074340
SI..S03R,81,40.633891,-74.074322
SI..S03R,82,40.633760,-74.074310
SI..S03R,83,40.633631,-74.074305
SI..S03R,84,40.633502,-74.074306
SI..S03R,85,40.633373,-74.074314
SI..S03R,86,40.633246,-74.074328
SI..S03R,87,40.633120,-74.074348
SI..S03R,88,40.632994,-74.074375
SI..S03R,89,40.632870,-74.074408
SI..S03R,90,40.632746,-74.074448
SI..S03R,91,40.632623,-74.074494
SI..S03R,92,40.632501,-74.074547
SI..S03R,93,40.632380,-74.074606
SI..S03R,94,40.632261,-74.074671
SI..S03R,95,40.631765,-74.074938
SI..S03R,96,40.631672,-74.074984
SI..S03R,97,40.631578,-74.075027
SI..S03R,98,40.631484,-74.075067
SI..S03R,99,40.631390,-74.075105
SI..S03R,100,40.631296,-74.075139
SI..S03R,101,40.631201,-74.075171
SI..S03R,102,40.631106,-74.075200
SI..S03R,103,40.631010,-74.075226
SI..S03R,104,40.630915,-74.075249
SI..S03R,105,40.630819,-74.075269
SI..S03R,106,40.630722,-74.075286
SI..S03R,107,40.630626,-74.075300
SI..S03R,108,40.630529,-74.075312
SI..S03R,109,40.630432,-74.075320
SI..S03R,110,40.630334,-74.075325
SI..S03R,111,40.630256,-74.075329
SI..S03R,112,40.630175,-74.075333
SI..S03R,113,40.630093,-74.075335
SI..S03R,114,40.630010,-74.075336
SI..S03R,115,40.629924,-74.075336
SI..S03R,116,40.629838,-74.075335
SI..S03R,117,40.629750,-74.075333
SI..S03R,118,40.629660,-74.075330
SI..S03R,119,40.629569,-74.075326
SI..S03R,120,40.629476,-74.075321
SI..S03R,121,40.629382,-74.075315
SI..S03R,122,40.629286,-74.075308
SI..S03R,123,40.629189,-74.075300
SI..S03R,124,40.629090,-74.075291
SI..S03R,125,40.628990,-74.075282
SI..S03R,126,40.627915,-74.075162
SI..S03R,127,40.627070,-74.075052
SI..S03R,128,40.626966,-74.075039
SI..S03R,129,40.626865,-74.075022
SI..S03R,130,40.626766,-74.075004
SI..S03R,131,40.626669,-74.074983
SI..S03R,132,40.626575,-74.074960
SI..S03R,133,40.626484,-74.074935
SI..S03R,134,40.626395,-74.074907
SI..S03R,135,40.626308,-74.074878
SI..S03R,136,40.626224,-74.074846
SI..S03R,137,40.626142,-74.074813
SI..S03R,138,40.626063,-74.074777
SI..S03R,139,40.625986,-74.074739
SI..S03R,140,40.625912,-74.074699
SI..S03R,141,40.625840,-74.074656
SI..S03R,142,40.625771,-74.074613
SI..S03R,143,40.624241,-74.073516
SI..S03R,144,40.623711,-74.073125
SI..S03R,145,40.623687,-74.073107
SI..S03R,146,40.623663,-74.073090
SI..S03R,147,40.623640,-74.073072
SI..S03R,148,40.623616,-74.073054
SI..S03R,149,40.623593,-74.073037
SI..S03R,150,40.623570,-74.073019
SI..S03R,151,40.623547,-74.073001
SI..S03R,152,40.623525,-74.072983
SI..S03R,153,40.623502,-74.072965
SI..S03R,154,40.623480,-74.072947
SI..S03R,155,40.623458,-74.072929
SI..S03R,156,40.623436,-74.072911
SI..S03R,157,40.623415,-74.072893
SI..S03R,158,40.623393,-74.072874
SI..S03R,159,40.623372,-74.072856
SI..S03R,160,40.622839,-74.072398
SI..S03R,161,40.622782,-74.072349
SI..S03R,162,40.622725,-74.072301
SI..S03R,163,40.622669,-74.072255
SI..S03R,164,40.622614,-74.072210
SI..S03R,165,40.622559,-74.072166
SI..S03R,166,40.622505,-74.072124
SI..S03R,167,40.622452,-74.072083
SI..S03R,168,40.622399,-74.072043
SI..S03R,169,40.622346,-74.072005
SI..S03R,170,40.622295,-74.071968
SI..S03R,171,40.622244,-74.071933
SI..S03R,172,40.622193,-74.071899
SI..S03R,173,40.622144,-74.071866
SI..S03R,174,40.622095,-74.071835
SI..S03R,175,40.622046,-74.071805
SI..S03R,176,40.621319,-74.071402
SI..S03R,177,40.621101,-74.071292
SI..S03R,178,40.620885,-74.071212
SI..S03R,179,40.620670,-74.071160
SI..S03R,180,40.620457,-74.071136
SI..S03R,181,40.620246,-74.071140
SI..S03R,182,40.620036,-74.071172
SI..S03R,183,40.619828,-74.071232
SI..S03R,184,40.619780,-74.071248
SI..S03R,185,40.619730,-74.071266
SI..S03R,186,40.619680,-74.071288
SI..S03R,187,40.619628,-74.071311
SI..S03R,188,40.619576,-74.071337
SI..S03R,189,40.619523,-74.071365
SI..S03R,190,40.619468,-74.071396
SI..S03R,191,40.619413,-74.071429
SI..S03R,192,40.619358,-74.071464
SI..S03R,193,40.619301,-74.071501
SI..S03R,194,40.619243,-74.071541
SI..S03R,195,40.619185,-74.071583
SI..S03R,196,40.619125,-74.071628
SI..S03R,197,40.619065,-74.071675
SI..S03R,198,40.619004,-74.071724
SI..S03R,199,40.618942,-74.071776
SI..S03R,200,40.618883,-74.071829
SI..S03R,201,40.618824,-74.071884
SI..S03R,202,40.618767,-74.071942
SI..S03R,203,40.618712,-74.072002
SI..S03R,204,40.618657,-74.072064
SI..S03R,205,40.618604,-74.072128
SI..S03R,206,40.618552,-74.072195
SI..S03R,207,40.618502,-74.072263
SI..S03R,208,40.618452,-74.072335
SI..S03R,209,40.618404,-74.072408
SI..S03R,210,40.618358,-74.072484
SI..S03R,211,40.618312,-74.072561
SI..S03R,212,40.618268,-74.072642
SI..S03R,213,40.618224,-74.072724
SI..S03R,214,40.617977,-74.073200
SI..S03R,215,40.617880,-74.073371
SI..S03R,216,40.617779,-74.073537
SI..S03R,217,40.617672,-74.073698
SI..S03R,218,40.617561,-74.073855
SI..S03R,219,40.617445,-74.074006
SI..S03R,220,40.617323,-74.074153
SI..S03R,221,40.617197,-74.074296
SI..S03R,222,40.617066,-74.074433
SI..S03R,223,40.616929,-74.074566
SI..S03R,224,40.616788,-74.074694
SI..S03R,225,40.616642,-74.074818
SI..S03R,226,40.616490,-74.074937
SI..S03R,227,40.616334,-74.075051
SI..S03R,228,40.616172,-74.075160
SI..S03R,229,40.616007,-74.075264
SI..S03R,230,40.609835,-74.078919
SI..S03R,231,40.609729,-74.078982
SI..S03R,232,40.609623,-74.079045
SI..S03R,233,40.609517,-74.079111
SI..S03R,234,40.609411,-74.079178
SI..S03R,235,40.609305,-74.079246
SI..S03R,236,40.609198,-74.079316
SI..S03R,237,40.609091,-74.079388
SI..S03R,238,40.608985,-74.079462
SI..S03R,239,40.608877,-74.079537
SI..S03R,240,40.608770,-74.079614
SI..S03R,241,40.608662,-74.079693
SI..S03R,242,40.608555,-74.079773
SI..S03R,243,40.608447,-74.079855
SI..S03R,244,40.608338,-74.079939
SI..S03R,245,40.608230,-74.080023
SI..S03R,246,40.603117,-74.084087
SI..S03R,247,40.602529,-74.084551
SI..S03R,248,40.602398,-74.084654
SI..S03R,249,40.602265,-74.084755
SI..S03R,250,40.602130,-74.084853
SI..S03R,251,40.601995,-74.084948
SI..S03R,252,40.601859,-74.085040
SI..S03R,253,40.601721,-74.085129
SI..S03R,254,40.601583,-74.085215
SI..S03R,255,40.601443,-74.085298
SI..S03R,256,40.601302,-74.085379
SI..S03R,257,40.601161,-74.085456
SI..S03R,258,40.601018,-74.085530
SI..S03R,259,40.600874,-74.085602
SI..S03R,260,40.600729,-74.085671
SI..S03R,261,40.600583,-74.085736
SI..S03R,262,40.600437,-74.085801
SI..S03R,263,40.598098,-74.086673
SI..S03R,264,40.598003,-74.086709
SI..S03R,265,40.597907,-74.086747
SI..S03R,266,40.597810,-74.086786
SI..S03R,267,40.597713,-74.086827
SI..S03R,268,40.597616,-74.086869
SI..S03R,269,40.597518,-74.086912
SI..S03R,270,40.597419,-74.086957
SI..S03R,271,40.597320,-74.087003
SI..S03R,272,40.597221,-74.087051
SI..S03R,273,40.597121,-74.087101
SI..S03R,274,40.597020,-74.087151
SI..S03R,275,40.596919,-74.087204
SI..S03R,276,40.596818,-74.087257
SI..S03R,277,40.596716,-74.087312
SI..S03R,278,40.596612,-74.087368
SI..S03R,279,40.596087,-74.087682
SI..S03R,280,40.595815,-74.087861
SI..S03R,281,40.595547,-74.088045
SI..S03R,282,40.595284,-74.088237
SI..S03R,283,40.595025,-74.088436
SI..S03R,284,40.594771,-74.088642
SI..S03R,285,40.594521,-74.088855
SI..S03R,286,40.594276,-74.089075
SI..S03R,287,40.594035,-74.089303
SI..S03R,288,40.593799,-74.089538
SI..S03R,289,40.593568,-74.089780
SI..S03R,290,40.593341,-74.090029
SI..S03R,291,40.593119,-74.090285
SI..S03R,292,40.592901,-74.090549
SI..S03R,293,40.592688,-74.090820
SI..S03R,294,40.592478,-74.091101
SI..S03R,295,40.588849,-74.096090
SI..S03R,296,40.583591,-74.103338
SI..S03R,297,40.578965,-74.109704
SI..S03R,298,40.578505,-74.110335
SI..S03R,299,40.577125,-74.112157
SI..S03R,300,40.577101,-74.112188
SI..S03R,301,40.577076,-74.112219
SI..S03R,302,40.577051,-74.112252
SI..S03R,303,40.577026,-74.112285
SI..S03R,304,40.577001,-74.112318
SI..S03R,305,40.576975,-74.112352
SI..S03R,306,40.576949,-74.112387
SI..S03R,307,40.576923,-74.112423
SI..S03R,308,40.576896,-74.112459
SI..S03R,309,40.576870,-74.112496
SI..S03R,310,40.576843,-74.112534
SI..S03R,311,40.576815,-74.112572
SI..S03R,312,40.576788,-74.112611
SI..S03R,313,40.576760,-74.112651
SI..S03R,314,40.576732,-74.112691
SI..S03R,315,40.573480,-74.117210
SI..S03R,316,40.572428,-74.118668
SI..S03R,317,40.572300,-74.118848
SI..S03R,318,40.572167,-74.119029
SI..S03R,319,40.572030,-74.119210
SI..S03R,320,40.571890,-74.119390
SI..S03R,321,40.571747,-74.119571
SI..S03R,322,40.571599,-74.119751
SI..S03R,323,40.571449,-74.119930
SI..S03R,324,40.571294,-74.120110
SI..S03R,325,40.571137,-74.120289
SI..S03R,326,40.570975,-74.120468
SI..S03R,327,40.570810,-74.120646
SI..S03R,328,40.570642,-74.120825
SI..S03R,329,40.570470,-74.121003
SI..S03R,330,40.570294,-74.121180
SI..S03R,331,40.570115,-74.121358
SI..S03R,332,40.566412,-74.124882
SI..S03R,333,40.566353,-74.124941
SI..S03R,334,40.566295,-74.125000
SI..S03R,335,40.566236,-74.125060
SI..S03R,336,40.566178,-74.125120
SI..S03R,337,40.566119,-74.125180
SI..S03R,338,40.566061,-74.125241
SI..S03R,339,40.566002,-74.125303
SI..S03R,340,40.565944,-74.125365
SI..S03R,341,40.565885,-74.125428
SI..S03R,342,40.565827,-74.125491
SI..S03R,343,40.565769,-74.125555
SI..S03R,344,40.565711,-74.125619
SI..S03R,345,40.565652,-74.125684
SI..S03R,346,40.565594,-74.125750
SI..S03R,347,40.565536,-74.125816
SI..S03R,348,40.565110,-74.126320
SI..S03R,349,40.557931,-74.134957
SI..S03R,350,40.557869,-74.135031
SI..S03R,351,40.557806,-74.135107
SI..S03R,352,40.557742,-74.135185
SI..S03R,353,40.557676,-74.135265
SI..S03R,354,40.557608,-74.135348
SI..S03R,355,40.557540,-74.135432
SI..S03R,356,40.557470,-74.135519
SI..S03R,357,40.557398,-74.135608
SI..S03R,358,40.557325,-74.135699
SI..S03R,359,40.557251,-74.135792
SI..S03R,360,40.557175,-74.135887
SI..S03R,361,40.557098,-74.135985
SI..S03R,362,40.557019,-74.136084
SI..S03R,363,40.556939,-74.136186
SI..S03R,364,40.556858,-74.136290
SI..S03R,365,40.556400,-74.136907
SI..S03R,366,40.555885,-74.137638
SI..S03R,367,40.555797,-74.137771
SI..S03R,368,40.555710,-74.137906
SI..S03R,369,40.555623,-74.138043
SI..S03R,370,40.555537,-74.138184
SI..S03R,371,40.555451,-74.138326
SI..S03R,372,40.555365,-74.138471
SI..S03R,373,40.555280,-74.138619
SI..S03R,374,40.555196,-74.138769
SI..S03R,375,40.555112,-74.138922
SI..S03R,376,40.555028,-74.139078
SI..S03R,377,40.554945,-74.139235
SI..S03R,378,40.554862,-74.139396
SI..S03R,379,40.554779,-74.139559
SI..S03R,380,40.554697,-74.139724
SI..S03R,381,40.554617,-74.139893
SI..S03R,382,40.553992,-74.141210
SI..S03R,383,40.553922,-74.141358
SI..S03R,384,40.553855,-74.141506
SI..S03R,385,40.553790,-74.141654
SI..S03R,386,40.553726,-74.141802
SI..S03R,387,40.553663,-74.141950
SI..S03R,388,40.553602,-74.142098
SI..S03R,389,40.553542,-74.142246
SI..S03R,390,40.553484,-74.142394
SI..S03R,391,40.553427,-74.142542
SI..S03R,392,40.553372,-74.142690
SI..S03R,393,40.553318,-74.142838
SI..S03R,394,40.553266,-74.142986
SI..S03R,395,40.553215,-74.143133
SI..S03R,396,40.553166,-74.143281
SI..S03R,397,40.553118,-74.143429
SI..S03R,398,40.553076,-74.143571
SI..S03R,399,40.553035,-74.143714
SI..S03R,400,40.552995,-74.143858
SI..S03R,401,40.552957,-74.144004
SI..S03R,402,40.552921,-74.144152
SI..S03R,403,40.552886,-74.144301
SI..S03R,404,40.552853,-74.144451
SI..S03R,405,40.552821,-74.144603
SI..S03R,406,40.552791,-74.144757
SI..S03R,407,40.552762,-74.144912
SI..S03R,408,40.552735,-74.145068
SI..S03R,409,40.552710,-74.145226
SI..S03R,410,40.552686,-74.145386
SI..S03R,411,40.552663,-74.145547
SI..S03R,412,40.552643,-74.145709
SI..S03R,413,40.552415,-74.147702
SI..S03R,414,40.552391,-74.147899
SI..S03R,415,40.552364,-74.148094
SI..S03R,416,40.552333,-74.148287
SI..S03R,417,40.552299,-74.148477
SI..S03R,418,40.552261,-74.148665
SI..S03R,419,40.552220,-74.148850
SI..S03R,420,40.552175,-74.149033
SI..S03R,421,40.552126,-74.149214
SI..S03R,422,40.552074,-74.149392
SI..S03R,423,40.552019,-74.149568
SI..S03R,424,40.551959,-74.149742
SI..S03R,425,40.551897,-74.149913
SI..S03R,426,40.551830,-74.150082
SI..S03R,427,40.551760,-74.150248
SI..S03R,428,40.551688,-74.150411
SI..S03R,429,40.551231,-74.151399
SI..S03R,430,40.550502,-74.152956
SI..S03R,431,40.550398,-74.153172
SI..S03R,432,40.550286,-74.153402
SI..S03R,433,40.550165,-74.153646
SI..S03R,434,40.550037,-74.153906
SI..S03R,435,40.549901,-74.154181
SI..S03R,436,40.549756,-74.154471
SI..S03R,437,40.549604,-74.154775
SI..S03R,438,40.549444,-74.155095
SI..S03R,439,40.549276,-74.155429
SI..S03R,440,40.549100,-74.155779
SI..S03R,441,40.548916,-74.156143
SI..S03R,442,40.548724,-74.156522
SI..S03R,443,40.548524,-74.156917
SI..S03R,444,40.548317,-74.157326
SI..S03R,445,40.548100,-74.157749
SI..S03R,446,40.545924,-74.162046
SI..S03R,447,40.544601,-74.164570
SI..S03R,448,40.543787,-74.166135
SI..S03R,449,40.543583,-74.166546
SI..S03R,450,40.543387,-74.166952
SI..S03R,451,40.543200,-74.167355
SI..S03R,452,40.543023,-74.167754
SI..S03R,453,40.542855,-74.168149
SI..S03R,454,40.542697,-74.168541
SI..S03R,455,40.542547,-74.168929
SI..S03R,456,40.542407,-74.169313
SI..S03R,457,40.542276,-74.169693
SI..S03R,458,40.542155,-74.170070
SI..S03R,459,40.542043,-74.170442
SI..S03R,460,40.541940,-74.170812
SI..S03R,461,40.541846,-74.171177
SI..S03R,462,40.541762,-74.171539
SI..S03R,463,40.541685,-74.171897
SI..S03R,464,40.540460,-74.178217
SI..S03R,465,40.540217,-74.179413
SI..S03R,466,40.540171,-74.179625
SI..S03R,467,40.540127,-74.179828
SI..S03R,468,40.540084,-74.180023
SI..S03R,469,40.540043,-74.180209
SI..S03R,470,40.540003,-74.180387
SI..S03R,471,40.539965,-74.180555
SI..S03R,472,40.539928,-74.180715
SI..S03R,473,40.539892,-74.180865
SI..S03R,474,40.539859,-74.181007
SI..S03R,475,40.539826,-74.181140
SI..S03R,476,40.539795,-74.181264
SI..S03R,477,40.539766,-74.181379
SI..S03R,478,40.539738,-74.181486
SI..S03R,479,40.539711,-74.181583
SI..S03R,480,40.539687,-74.181672
SI..S03R,481,40.539651,-74.181809
SI..S03R,482,40.539611,-74.181950
SI..S03R,483,40.539569,-74.182093
SI..S03R,484,40.539525,-74.182240
SI..S03R,485,40.539479,-74.182389
SI..S03R,486,40.539431,-74.182540
SI..S03R,487,40.539380,-74.182695
SI..S03R,488,40.539327,-74.182852
SI..S03R,489,40.539272,-74.183012
SI..S03R,490,40.539215,-74.183174
SI..S03R,491,40.539155,-74.183340
SI..S03R,492,40.539094,-74.183508
SI..S03R,493,40.539030,-74.183678
SI..S03R,494,40.538963,-74.183852
SI..S03R,495,40.538895,-74.184028
SI..S03R,496,40.538770,-74.184336
SI..S03R,497,40.538643,-74.184641
SI..S03R,498,40.538514,-74.184940
SI..S03R,499,40.538383,-74.185233
SI..S03R,500,40.538251,-74.185521
SI..S03R,501,40.538117,-74.185804
SI..S03R,502,40.537981,-74.186082
SI..S03R,503,40.537844,-74.186355
SI..S03R,504,40.537706,-74.186622
SI..S03R,505,40.537565,-74.186883
SI..S03R,506,40.537423,-74.187140
SI..S03R,507,40.537280,-74.187391
SI..S03R,508,40.537135,-74.187637
SI..S03R,509,40.536988,-74.187878
SI..S03R,510,40.536839,-74.188114
SI..S03R,511,40.536687,-74.188341
SI..S03R,512,40.536532,-74.188566
SI..S03R,513,40.536374,-74.188789
SI..S03R,514,40.536213,-74.189009
SI..S03R,515,40.536049,-74.189226
SI..S03R,516,40.535882,-74.189442
SI..S03R,517,40.535711,-74.189654
SI..S03R,518,40.535538,-74.189865
SI..S03R,519,40.535361,-74.190073
SI..S03R,520,40.535182,-74.190278
SI..S03R,521,40.534999,-74.190482
SI..S03R,522,40.534814,-74.190682
SI..S03R,523,40.534625,-74.190881
SI..S03R,524,40.534433,-74.191077
SI..S03R,525,40.534239,-74.191268
SI..S03R,526,40.533674,-74.191794
SI..S03R,527,40.526961,-74.198141
SI..S03R,528,40.526843,-74.198254
SI..S03R,529,40.526729,-74.198370
SI..S03R,530,40.526618,-74.198488
SI..S03R,531,40.526510,-74.198608
SI..S03R,532,40.526404,-74.198730
SI..S03R,533,40.526302,-74.198854
SI..S03R,534,40.526202,-74.198980
SI..S03R,535,40.526105,-74.199108
SI..S03R,536,40.526011,-74.199239
SI..S03R,537,40.525920,-74.199371
SI..S03R,538,40.525831,-74.199506
SI..S03R,539,40.525746,-74.199643
SI..S03R,540,40.525664,-74.199781
SI..S03R,541,40.525584,-74.199922
SI..S03R,542,40.525507,-74.200064
SI..S03R,543,40.525405,-74.200264
SI..S03R,544,40.525307,-74.200470
SI..S03R,545,40.525213,-74.200681
SI..S03R,546,40.525122,-74.200896
SI..S03R,547,40.525037,-74.201116
SI..S03R,548,40.524955,-74.201340
SI..S03R,549,40.524877,-74.201568
SI..S03R,550,40.524804,-74.201801
SI..S03R,551,40.524735,-74.202038
SI..S03R,552,40.524670,-74.202280
SI..S03R,553,40.524609,-74.202525
SI..S03R,554,40.524552,-74.202776
SI..S03R,555,40.524499,-74.203030
SI..S03R,556,40.524451,-74.203290
SI..S03R,557,40.524408,-74.203552
SI..S03R,558,40.523537,-74.209653
SI..S03R,559,40.523529,-74.209704
SI..S03R,560,40.523521,-74.209757
SI..S03R,561,40.523514,-74.209810
SI..S03R,562,40.523506,-74.209863
SI..S03R,563,40.523499,-74.209917
SI..S03R,564,40.523491,-74.209972
SI..S03R,565,40.523484,-74.210028
SI..S03R,566,40.523476,-74.210084
SI..S03R,567,40.523469,-74.210141
SI..S03R,568,40.523462,-74.210199
SI..S03R,569,40.523455,-74.210257
SI..S03R,570,40.523448,-74.210317
SI..S03R,571,40.523441,-74.210376
SI..S03R,572,40.523434,-74.210437
SI..S03R,573,40.523427,-74.210498
SI..S03R,574,40.522924,-74.214686
SI..S03R,575,40.522899,-74.214920
SI..S03R,576,40.522871,-74.215149
SI..S03R,577,40.522843,-74.215375
SI..S03R,578,40.522813,-74.215599
SI..S03R,579,40.522782,-74.215819
SI..S03R,580,40.522750,-74.216035
SI..S03R,581,40.522717,-74.216249
SI..S03R,582,40.522683,-74.216460
SI..S03R,583,40.522647,-74.216667
SI..S03R,584,40.522611,-74.216872
SI..S03R,585,40.522573,-74.217073
SI..S03R,586,40.522534,-74.217271
SI..S03R,587,40.522494,-74.217466
SI..S03R,588,40.522452,-74.217658
SI..S03R,589,40.522410,-74.217847
SI..S03R,590,40.522394,-74.217917
SI..S03R,591,40.522378,-74.217988
SI..S03R,592,40.522361,-74.218062
SI..S03R,593,40.522344,-74.218137
SI..S03R,594,40.522326,-74.218214
SI..S03R,595,40.522307,-74.218292
SI..S03R,596,40.522287,-74.218373
SI..S03R,597,40.522267,-74.218455
SI..S03R,598,40.522245,-74.218540
SI..S03R,599,40.522223,-74.218626
SI..S03R,600,40.522201,-74.218714
SI..S03R,601,40.522177,-74.218803
SI..S03R,602,40.522153,-74.218895
SI..S03R,603,40.522128,-74.218988
SI..S03R,604,40.522102,-74.219083
SI..S03R,605,40.520685,-74.224099
SI..S03R,606,40.520658,-74.224204
SI..S03R,607,40.520630,-74.224309
SI..S03R,608,40.520604,-74.224415
SI..S03R,609,40.520577,-74.224521
SI..S03R,610,40.520551,-74.224626
SI..S03R,611,40.520526,-74.224732
SI..S03R,612,40.520500,-74.224838
SI..S03R,613,40.520476,-74.224944
SI..S03R,614,40.520451,-74.225050
SI..S03R,615,40.520427,-74.225156
SI..S03R,616,40.520403,-74.225262
SI..S03R,617,40.520380,-74.225368
SI..S03R,618,40.520357,-74.225474
SI..S03R,619,40.520334,-74.225581
SI..S03R,620,40.520312,-74.225688
SI..S03R,621,40.519631,-74.229141
SI..S03R,622,40.517812,-74.238373
SI..S03R,623,40.517585,-74.239535
SI..S03R,624,40.517560,-74.239639
SI..S03R,625,40.517534,-74.239741
SI..S03R,626,40.517507,-74.239843
SI..S03R,627,40.517478,-74.239944
SI..S03R,628,40.517447,-74.240044
SI..S03R,629,40.517416,-74.240145
SI..S03R,630,40.517383,-74.240244
SI..S03R,631,40.517349,-74.240344
SI..S03R,632,40.517313,-74.240442
SI..S03R,633,40.517276,-74.240540
SI..S03R,634,40.517238,-74.240638
SI..S03R,635,40.517198,-74.240735
SI..S03R,636,40.517157,-74.240832
SI..S03R,637,40.517115,-74.240928
SI..S03R,638,40.517071,-74.241023
SI..S03R,639,40.516194,-74.242872
SI..S03R,640,40.516152,-74.242962
SI..S03R,641,40.516112,-74.243052
SI..S03R,642,40.516073,-74.243144
SI..S03R,643,40.516035,-74.243237
SI..S03R,644,40.515998,-74.243331
SI..S03R,645,40.515962,-74.243427
SI..S03R,646,40.515928,-74.243523
SI..S03R,647,40.515895,-74.243621
SI..S03R,648,40.515862,-74.243720
SI..S03R,649,40.515832,-74.243821
SI..S03R,650,40.515802,-74.243922
SI..S03R,651,40.515773,-74.244025
SI..S03R,652,40.515746,-74.244130
SI..S03R,653,40.515720,-74.244235
SI..S03R,654,40.515695,-74.244342
SI..S03R,655,40.515604,-74.244786
SI..S03R,656,40.515596,-74.244828
SI..S03R,657,40.515588,-74.244869
SI..S03R,658,40.515580,-74.244909
SI..S03R,659,40.515573,-74.244949
SI..S03R,660,40.515565,-74.244989
SI..S03R,661,40.515557,-74.245028
SI..S03R,662,40.515549,-74.245066
SI..S03R,663,40.515541,-74.245104
SI..S03R,664,40.515533,-74.245141
SI..S03R,665,40.515525,-74.245178
SI..S03R,666,40.515517,-74.245214
SI..S03R,667,40.515510,-74.245250
SI..S03R,668,40.515502,-74.245285
SI..S03R,669,40.515494,-74.245319
SI..S03R,670,40.515486,-74.245353
SI..S03R,671,40.515401,-74.245689
SI..S03R,672,40.515198,-74.246451
SI..S03R,673,40.514828,-74.247730
SI..S03R,674,40.514753,-74.247975
SI..S03R,675,40.514675,-74.248217
SI..S03R,676,40.514593,-74.248456
SI..S03R,677,40.514507,-74.248693
SI..S03R,678,40.514418,-74.248927
SI..S03R,679,40.514325,-74.249159
SI..S03R,680,40.514229,-74.249388
SI..S03R,681,40.514130,-74.249614
SI..S03R,682,40.514027,-74.249838
SI..S03R,683,40.513920,-74.250059
SI..S03R,684,40.513810,-74.250277
SI..S03R,685,40.513696,-74.250493
SI..S03R,686,40.513579,-74.250706
SI..S03R,687,40.513458,-74.250917
SI..S03R,688,40.513334,-74.251124
SI..S03R,689,40.512764,-74.251961
