shape_id,shape_pt_lat,shape_pt_lon,shape_pt_sequence,shape_dist_traveled
001E_shp,37.99538897,-121.780434326999,1,0
001E_shp,37.995510942,-121.781111044999,2,20
001E_shp,37.995629325,-121.781788781999,3,40
001E_shp,37.995744108,-121.782467506999,4,60
001E_shp,37.995854744,-121.783147330999,5,80
001E_shp,37.995956886,-121.783829262999,6,100
001E_shp,37.996060926,-121.784510726999,7,120
001E_shp,37.996174178,-121.785189867999,8,140
001E_shp,37.996290265,-121.785868244999,9,160
001E_shp,37.996408316,-121.786546081999,10,180
001E_shp,37.996526518,-121.787223877999,11,200
001E_shp,37.996645528,-121.787901448999,12,220
001E_shp,37.996765512,-121.788578748999,13,240
001E_shp,37.996885663,-121.789256000999,14,260
001E_shp,37.997005176,-121.789933433999,15,280
001E_shp,37.997123244,-121.790611271999,16,300
001E_shp,37.997239894,-121.791289503999,17,320
001E_shp,37.997355709,-121.791967965999,18,340
001E_shp,37.997470791,-121.792646627999,19,360
001E_shp,37.997585285,-121.793325449999,20,380
001E_shp,37.997698756,-121.794004546999,21,400
001E_shp,37.997811114,-121.794683939999,22,420
001E_shp,37.997921689,-121.795363799999,23,440
001E_shp,37.998027749,-121.796044804999,24,460
001E_shp,37.998118259,-121.796729350999,25,480
001E_shp,37.99818434,-121.797418320999,26,500
001E_shp,37.998225244,-121.798110411999,27,520
001E_shp,37.998243791,-121.798804053999,28,540
001E_shp,37.998250718,-121.799498065999,29,560
001E_shp,37.998254075,-121.800192128999,30,580
001E_shp,37.998256527,-121.800886198999,31,600
001E_shp,37.998257497,-121.801580273999,32,620
001E_shp,37.998257351,-121.802274349999,33,640
001E_shp,37.998256447,-121.802968424999,34,660
001E_shp,37.998255151,-121.803662499999,35,680
001E_shp,37.998253823,-121.804356574999,36,700
001E_shp,37.998252242,-121.805050647999,37,720
001E_shp,37.998249805,-121.805744716999,38,740
001E_shp,37.998246799,-121.806438782999,39,760
001E_shp,37.998243525,-121.807132846999,40,780
001E_shp,37.998240282,-121.807826911999,41,800
001E_shp,37.998237369,-121.808520977999,42,820
001E_shp,37.998235085,-121.809215046999,43,840
001E_shp,37.998233505,-121.809909120999,44,860
001E_shp,37.99823211,-121.810603194999,45,880
001E_shp,37.998231119,-121.811297269999,46,900
001E_shp,37.998230817,-121.811991345999,47,920
001E_shp,37.998231151,-121.812685421999,48,940
001E_shp,37.998232134,-121.813379496999,49,960
001E_shp,37.998235302,-121.814073560999,50,980
001E_shp,37.998240747,-121.814767598999,51,1000
001E_shp,37.998255751,-121.815461401999,52,1020
001E_shp,37.99829101,-121.816153981999,53,1040
001E_shp,37.998354135,-121.816843376999,54,1060
001E_shp,37.998444957,-121.817527830999,55,1080
001E_shp,37.998563929,-121.818205335999,56,1100
001E_shp,37.998709446,-121.818874543999,57,1120
001E_shp,37.998875851,-121.819535965999,58,1140
001E_shp,37.999054059,-121.820192493999,59,1160
001E_shp,37.999239416,-121.820845855999,60,1180
001E_shp,37.999428279,-121.821497613999,61,1200
001E_shp,37.999619945,-121.822148068999,62,1220
001E_shp,37.999808579,-121.822799936999,63,1240
001E_shp,37.999994597,-121.823453008999,64,1260
001E_shp,38.000178788,-121.824106906999,65,1280
001E_shp,38.000361285,-121.824761566999,66,1300
001E_shp,38.000542541,-121.825416778999,67,1320
001E_shp,38.000723012,-121.826072337999,68,1340
001E_shp,38.000903154,-121.826728041999,69,1360
001E_shp,38.001083359,-121.827383721999,70,1380
001E_shp,38.001262906,-121.828039689999,71,1400
001E_shp,38.001440417,-121.828696544999,72,1420
001E_shp,38.001614341,-121.829354930999,73,1440
001E_shp,38.001786508,-121.830014055999,74,1460
001E_shp,38.00195975,-121.830672731999,75,1480
001E_shp,38.002136098,-121.831330092999,76,1500
001E_shp,38.002314246,-121.831986679999,77,1520
001E_shp,38.002493651,-121.832642721999,78,1540
001E_shp,38.0026741,-121.833298306999,79,1560
001E_shp,38.002855926,-121.833953286999,80,1580
001E_shp,38.003038697,-121.834607846999,81,1600
001E_shp,38.003221887,-121.835262222999,82,1620
001E_shp,38.003405208,-121.835916541999,83,1640
001E_shp,38.003588961,-121.836570668999,84,1660
001E_shp,38.003773087,-121.837224629999,85,1680
001E_shp,38.003957611,-121.837878412999,86,1700
001E_shp,38.004142911,-121.838531845999,87,1720
001E_shp,38.004328836,-121.839184997999,88,1740
001E_shp,38.004515166,-121.839837967999,89,1760
001E_shp,38.004701677,-121.840490855999,90,1780
001E_shp,38.004888147,-121.841143765999,91,1800
001E_shp,38.005074358,-121.841796792999,92,1820
001E_shp,38.005260086,-121.842450042999,93,1840
001E_shp,38.005445111,-121.843103613999,94,1860
001E_shp,38.005629782,-121.843757343999,95,1880
001E_shp,38.005814331,-121.844411133,96,1900
001E_shp,38.005998429,-121.845065125999,97,1920
001E_shp,38.006181747,-121.845719470999,98,1940
001E_shp,38.006363978,-121.846374300999,99,1960
001E_shp,38.006545187,-121.847029585999,100,1980
001E_shp,38.006725764,-121.847685151999,101,2000
001E_shp,38.006906004,-121.848340865999,102,2020
001E_shp,38.007085371,-121.848996964999,103,2040
001E_shp,38.007264148,-121.849653322999,104,2060
001E_shp,38.007442874,-121.850309704999,105,2080
001E_shp,38.007622085,-121.850965876999,106,2100
001E_shp,38.007802324,-121.851621599999,107,2120
001E_shp,38.007984071,-121.852276658999,108,2140
001E_shp,38.008167053,-121.852931171999,109,2160
001E_shp,38.008350769,-121.853585356999,110,2180
001E_shp,38.008534721,-121.854239437999,111,2200
001E_shp,38.008718411,-121.854893636999,112,2220
001E_shp,38.008901341,-121.855548179999,113,2240
001E_shp,38.009083008,-121.856203283999,114,2260
001E_shp,38.009263193,-121.856859044999,115,2280
001E_shp,38.009442721,-121.857515093999,116,2300
001E_shp,38.009621194,-121.858171603999,117,2320
001E_shp,38.009798509,-121.858828617999,118,2340
001E_shp,38.009975119,-121.859485934999,119,2360
001E_shp,38.010148631,-121.860144568999,120,2380
001E_shp,38.010317586,-121.860805095999,121,2400
001E_shp,38.010482051,-121.861467429999,122,2420
001E_shp,38.010642037,-121.862131516999,123,2440
001E_shp,38.010798239,-121.862797042999,124,2460
001E_shp,38.010951025,-121.863463836999,125,2480
001E_shp,38.011103841,-121.864130620999,126,2500
001E_shp,38.011260038,-121.864796152999,127,2520
001E_shp,38.01141997,-121.865460267999,128,2540
001E_shp,38.011581461,-121.866123783999,129,2560
001E_shp,38.011742411,-121.86678751,130,2580
001E_shp,38.011901498,-121.867451954999,131,2600
001E_shp,38.012060422,-121.868116462999,132,2620
001E_shp,38.012215947,-121.868782253999,133,2640
001E_shp,38.012365379,-121.869450269999,134,2660
001E_shp,38.012509208,-121.870120250999,135,2680
001E_shp,38.012649455,-121.870791446999,136,2700
001E_shp,38.012787736,-121.871463296999,137,2720
001E_shp,38.012924213,-121.872135735999,138,2740
001E_shp,38.013059631,-121.872808519999,139,2760
001E_shp,38.013196666,-121.873480778999,140,2780
001E_shp,38.013336251,-121.874152203,141,2800
001E_shp,38.013478101,-121.874822868999,142,2820
001E_shp,38.013622863,-121.875492538999,143,2840
001E_shp,38.013772422,-121.876160524999,144,2860
001E_shp,38.013927444,-121.876826513999,145,2880
001E_shp,38.014087695,-121.877490530999,146,2900
001E_shp,38.014240025,-121.878157499999,147,2920
001E_shp,38.014389669,-121.878825443999,148,2940
001E_shp,38.014556331,-121.879486929,149,2960
001E_shp,38.014715882,-121.880151209999,150,2980
001E_shp,38.014879629,-121.880813765999,151,3000
001E_shp,38.015031985,-121.881480693999,152,3020
001E_shp,38.015194433,-121.882143858999,153,3040
001E_shp,38.015347377,-121.882810631999,154,3060
001E_shp,38.015504459,-121.883475858999,155,3080
001E_shp,38.015669188,-121.884138135999,156,3100
001E_shp,38.015831667,-121.884801297999,157,3120
001E_shp,38.015985158,-121.885467873999,158,3140
001E_shp,38.016139659,-121.886134075999,159,3160
001E_shp,38.016305912,-121.886795740999,160,3180
001E_shp,38.016470645,-121.887458006999,161,3200
001E_shp,38.016622677,-121.888125121999,162,3220
001E_shp,38.016778773,-121.888790727999,163,3240
001E_shp,38.016942974,-121.889453222999,164,3260
001E_shp,38.01710871,-121.890115111999,165,3280
001E_shp,38.017268656,-121.890779269999,166,3300
001E_shp,38.017428039,-121.891443647999,167,3320
001E_shp,38.017593449,-121.892105670999,168,3340
001E_shp,38.01776301,-121.892766014999,169,3360
001E_shp,38.017937137,-121.893424457999,170,3380
001E_shp,38.018115193,-121.894081223999,171,3400
001E_shp,38.018297589,-121.894736081999,172,3420
001E_shp,38.018483174,-121.895389513999,173,3440
001E_shp,38.018666156,-121.896044116999,174,3460
001E_shp,38.018846812,-121.896699752999,175,3480
001E_shp,38.019022928,-121.897357360999,176,3500
001E_shp,38.019190561,-121.898018480999,177,3520
001E_shp,38.019343318,-121.898685332999,178,3540
001E_shp,38.019479713,-121.899357831999,179,3560
001E_shp,38.019599865,-121.900035262999,180,3580
001E_shp,38.019703581,-121.900717021999,181,3600
001E_shp,38.019790968,-121.901402428999,182,3620
001E_shp,38.019861932,-121.902090861999,183,3640
001E_shp,38.019916264,-121.902781707999,184,3660
001E_shp,38.019953683,-121.903474345999,185,3680
001E_shp,38.019977221,-121.904167971999,186,3700
001E_shp,38.019993571,-121.904861942999,187,3720
001E_shp,38.020005431,-121.905556059999,188,3740
001E_shp,38.020014814,-121.906250238999,189,3760
001E_shp,38.020024125,-121.906944419999,190,3780
001E_shp,38.020032509,-121.907638618999,191,3800
001E_shp,38.020039787,-121.908332838999,192,3820
001E_shp,38.020046069,-121.909027072999,193,3840
001E_shp,38.020051403,-121.909721321999,194,3860
001E_shp,38.02005537,-121.910415583999,195,3880
001E_shp,38.020056733,-121.911109860999,196,3900
001E_shp,38.020055274,-121.911804138999,197,3920
001E_shp,38.020055249,-121.912498418999,198,3940
001E_shp,38.020060865,-121.913192658999,199,3960
001E_shp,38.020071587,-121.913886806,200,3980
001E_shp,38.020082659,-121.914580944999,201,4000
001E_shp,38.020090229,-121.915275158999,202,4020
001E_shp,38.020095807,-121.915969403999,203,4040
001E_shp,38.020099608,-121.916663668999,204,4060
001E_shp,38.020101777,-121.917357943999,205,4080
001E_shp,38.020102224,-121.918052224999,206,4100
001E_shp,38.020099928,-121.918746498999,207,4120
001E_shp,38.020094221,-121.919440733999,208,4140
001E_shp,38.02007548,-121.920134574999,209,4160
001E_shp,38.020036772,-121.920827092999,210,4180
001E_shp,38.019978301,-121.921517387999,211,4200
001E_shp,38.019900441,-121.922204620999,212,4220
001E_shp,38.019804041,-121.922888092999,213,4240
001E_shp,38.019698035,-121.923569311,214,4260
001E_shp,38.019585703,-121.924248905999,215,4280
001E_shp,38.019469448,-121.924927450999,216,4300
001E_shp,38.019356487,-121.925606881999,217,4320
001E_shp,38.019248938,-121.926287707999,218,4340
001E_shp,38.019149287,-121.926970450999,219,4360
001E_shp,38.019075087,-121.927658327999,220,4380
001E_shp,38.019015902,-121.928348519999,221,4400
001E_shp,38.018975163,-121.929040854999,222,4420
001E_shp,38.018953555,-121.929734543,223,4440
001E_shp,38.018944396,-121.930428709999,224,4460
001E_shp,38.018938911,-121.931122943999,225,4480
001E_shp,38.018935944,-121.931817203999,226,4500
001E_shp,38.018935674,-121.932511473999,227,4520
001E_shp,38.018933695,-121.933205727999,228,4540
001E_shp,38.018934282,-121.933899989999,229,4560
001E_shp,38.018939447,-121.934594227999,230,4580
001E_shp,38.018935691,-121.935288475,231,4600
001E_shp,38.018931967,-121.935982721999,232,4620
001E_shp,38.018936789,-121.936676963999,233,4640
001E_shp,38.018940624,-121.937371212999,234,4660
001E_shp,38.018940854,-121.938065482999,235,4680
001E_shp,38.018938516,-121.938759746999,236,4700
001E_shp,38.018931353,-121.939453950999,237,4720
001E_shp,38.018923144,-121.940148130999,238,4740
001E_shp,38.018926321,-121.940842387999,239,4760
001E_shp,38.018921202,-121.941536619999,240,4780
001E_shp,38.018919434,-121.942230868999,241,4800
001E_shp,38.018924019,-121.942925110999,242,4820
001E_shp,38.018919993,-121.943619358999,243,4840
001E_shp,38.018912703,-121.944313561999,244,4860
001E_shp,38.018910209,-121.945007823999,245,4880
001E_shp,38.01891159,-121.945702089999,246,4900
001E_shp,38.018915588,-121.946396337999,247,4920
001E_shp,38.018933373,-121.947090194999,248,4940
001E_shp,38.018980225,-121.947781877999,249,4960
001E_shp,38.019058046,-121.948468980999,250,4980
001E_shp,38.01917993,-121.949145807999,251,5000
001E_shp,38.019341605,-121.949809162999,252,5020
001E_shp,38.019530669,-121.950460963999,253,5040
001E_shp,38.019729952,-121.951107924999,254,5060
001E_shp,38.019933939,-121.951752542999,255,5080
001E_shp,38.020135755,-121.952398249999,256,5100
001E_shp,38.020331064,-121.953047150999,257,5120
001E_shp,38.020519854,-121.953699122999,258,5140
001E_shp,38.020696502,-121.954356498999,259,5160
001E_shp,38.020860009,-121.955019291999,260,5180
001E_shp,38.021009244,-121.955687439999,261,5200
001E_shp,38.021146762,-121.956359610999,262,5220
001E_shp,38.021280763,-121.957032918999,263,5240
001E_shp,38.021411493,-121.957707257999,264,5260
001E_shp,38.021542154,-121.958381619999,265,5280
001E_shp,38.02167263,-121.959056038999,266,5300
001E_shp,38.021802476,-121.959730654999,267,5320
001E_shp,38.021931755,-121.960405444999,268,5340
001E_shp,38.022060528,-121.961080390999,269,5360
001E_shp,38.022188862,-121.961755472,270,5380
001E_shp,38.022316816,-121.962430669999,271,5400
001E_shp,38.022444456,-121.963105963999,272,5420
001E_shp,38.022571845,-121.963781333999,273,5440
001E_shp,38.022699044,-121.964456762999,274,5460
001E_shp,38.022826149,-121.965132220999,275,5480
001E_shp,38.022953189,-121.965807700999,276,5500
001E_shp,38.023079572,-121.966483377999,277,5520
001E_shp,38.023205093,-121.967159311999,278,5540
001E_shp,38.023330002,-121.967835429999,279,5560
001E_shp,38.023452778,-121.968512170999,280,5580
001E_shp,38.023572327,-121.969189832999,281,5600
001E_shp,38.023680251,-121.969870548999,282,5620
001E_shp,38.0237633,-121.970556834999,283,5640
001E_shp,38.023818827,-121.971247483999,284,5660
001E_shp,38.02384642,-121.971940865999,285,5680
001E_shp,38.023846939,-121.972635105999,286,5700
001E_shp,38.023817925,-121.973328409999,287,5720
001E_shp,38.023764671,-121.974019386999,288,5740
001E_shp,38.023681829,-121.974705671999,289,5760
001E_shp,38.023572391,-121.975385990999,290,5780
001E_shp,38.023435968,-121.976058476999,291,5800
001E_shp,38.02327267,-121.976721292999,292,5820
001E_shp,38.023083915,-121.977373234999,293,5840
001E_shp,38.022870597,-121.978012976999,294,5860
001E_shp,38.022632391,-121.978638494999,295,5880
001E_shp,38.022376445,-121.979252781999,296,5900
001E_shp,38.022115855,-121.979863959999,297,5920
001E_shp,38.021853083,-121.980473639999,298,5940
001E_shp,38.021588809,-121.981082281999,299,5960
001E_shp,38.021323561,-121.981690242999,300,5980
001E_shp,38.021055641,-121.982296323999,301,6000
001E_shp,38.020785192,-121.982900607999,302,6020
001E_shp,38.020522796,-121.983510518999,303,6040
001E_shp,38.02026531,-121.984123779999,304,6060
001E_shp,38.019999526,-121.984731336999,305,6080
001E_shp,38.019728199,-121.985334982999,306,6100
001E_shp,38.019463153,-121.985943059999,307,6120
001E_shp,38.019202019,-121.986553843999,308,6140
001E_shp,38.018937407,-121.987162225999,309,6160
001E_shp,38.01866962,-121.987768380999,310,6180
001E_shp,38.018394339,-121.988369138999,311,6200
001E_shp,38.018101437,-121.988956374999,312,6220
001E_shp,38.017789594,-121.989527801999,313,6240
001E_shp,38.017459954,-121.990083077999,314,6260
001E_shp,38.017121198,-121.990629544999,315,6280
001E_shp,38.016773822,-121.991167279999,316,6300
001E_shp,38.016423085,-121.991701534999,317,6320
001E_shp,38.016078032,-121.992241668999,318,6340
001E_shp,38.015739848,-121.992788682999,319,6360
001E_shp,38.015415054,-121.993348473999,320,6380
001E_shp,38.015109713,-121.993925485999,321,6400
001E_shp,38.01481983,-121.994515107999,322,6420
001E_shp,38.014553015,-121.995121854999,323,6440
001E_shp,38.014304172,-121.995740705999,324,6460
001E_shp,38.014073323,-121.996370560999,325,6480
001E_shp,38.013864199,-121.997012454999,326,6500
001E_shp,38.013670822,-121.997662161,327,6520
001E_shp,38.013504006,-121.998323517999,328,6540
001E_shp,38.013359545,-121.998993250999,329,6560
001E_shp,38.013232309,-121.999668558999,330,6580
001E_shp,38.013116406,-122.000347128999,331,6600
001E_shp,38.013009225,-122.001027994999,332,6620
001E_shp,38.012903111,-122.00170913,333,6640
001E_shp,38.012799002,-122.002390756999,334,6660
001E_shp,38.012695363,-122.003072498,335,6680
001E_shp,38.012592321,-122.003754382999,336,6700
001E_shp,38.012490012,-122.004436442999,337,6720
001E_shp,38.012388341,-122.005118654999,338,6740
001E_shp,38.012287215,-122.005800993999,339,6760
001E_shp,38.012186536,-122.006483437999,340,6780
001E_shp,38.01208621,-122.007165965999,341,6800
001E_shp,38.011986478,-122.007848630999,342,6820
001E_shp,38.011888074,-122.008531601999,343,6840
001E_shp,38.011790358,-122.009214730999,344,6860
001E_shp,38.01169259,-122.009897846999,345,6880
001E_shp,38.011594025,-122.010580778999,346,6900
001E_shp,38.011493919,-122.011263350999,347,6920
001E_shp,38.011392124,-122.011945522999,348,6940
001E_shp,38.011289359,-122.012627462999,349,6960
001E_shp,38.011184345,-122.013308852999,350,6980
001E_shp,38.011076976,-122.013989656999,351,7000
001E_shp,38.010967163,-122.014669835999,352,7020
001E_shp,38.010855074,-122.015349419999,353,7040
001E_shp,38.010739236,-122.016027995999,354,7060
001E_shp,38.010617576,-122.016704926999,355,7080
001E_shp,38.010466876,-122.017372095999,356,7100
001E_shp,38.010250154,-122.018009548999,357,7120
001E_shp,38.009974005,-122.018609122999,358,7140
001E_shp,38.009643038,-122.019162651999,359,7160
001E_shp,38.00925881,-122.019657905999,360,7180
001E_shp,38.008830193,-122.020091396999,361,7200
001E_shp,38.008374487,-122.020478839999,362,7220
001E_shp,38.007912435,-122.020854129999,363,7240
001E_shp,38.007449157,-122.021226993999,364,7260
001E_shp,38.006981746,-122.021591510999,365,7280
001E_shp,38.006517839,-122.021963028999,366,7300
001E_shp,38.006058895,-122.022344296999,367,7320
001E_shp,38.005595927,-122.022717608,368,7340
001E_shp,38.00513718,-122.023099068999,369,7360
001E_shp,38.004675815,-122.023475459999,370,7380
001E_shp,38.004222563,-122.023867429999,371,7400
001E_shp,38.003754155,-122.024229853999,372,7420
001E_shp,38.003291131,-122.024603176999,373,7440
001E_shp,38.002831828,-122.024983786999,374,7460
001E_shp,38.002377191,-122.025373240999,375,7480
001E_shp,38.0019145,-122.025747187999,376,7500
001E_shp,38.001453254,-122.026123966999,377,7520
001E_shp,38.000994645,-122.026505879999,378,7540
001E_shp,38.000528718,-122.026873379999,379,7560
001E_shp,38.000057361,-122.027229665999,380,7580
001E_shp,37.999582788,-122.027579068999,381,7600
001E_shp,37.999106868,-122.027925534999,382,7620
001E_shp,37.998629775,-122.028269413999,383,7640
001E_shp,37.998152333,-122.028612516999,384,7660
001E_shp,37.997673823,-122.028953230999,385,7680
001E_shp,37.997194879,-122.029292969999,386,7700
001E_shp,37.996716581,-122.029634157999,387,7720
001E_shp,37.996240045,-122.029979253999,388,7740
001E_shp,37.995766071,-122.030329936999,389,7760
001E_shp,37.995291549,-122.030679431999,390,7780
001E_shp,37.99481324,-122.031020574999,391,7800
001E_shp,37.994335471,-122.031362916999,392,7820
001E_shp,37.993861835,-122.031714320999,393,7840
001E_shp,37.993386284,-122.032061551999,394,7860
001E_shp,37.992906118,-122.032398444999,395,7880
001E_shp,37.992414917,-122.032708718999,396,7900
001E_shp,37.991908927,-122.032978348999,397,7920
001E_shp,37.991389423,-122.033203124999,398,7940
001E_shp,37.990858781,-122.033381756999,399,7960
001E_shp,37.990319321,-122.033511426999,400,7980
001E_shp,37.98977399,-122.033592578999,401,8000
001E_shp,37.989225495,-122.033626261999,402,8020
001E_shp,37.988676545,-122.033608339999,403,8040
001E_shp,37.988129527,-122.033547167,404,8060
001E_shp,37.987587185,-122.033438552999,405,8080
001E_shp,37.987052637,-122.033279674999,406,8100
001E_shp,37.986525141,-122.033086474999,407,8120
001E_shp,37.986001608,-122.032876690999,408,8140
001E_shp,37.985480496,-122.032657453999,409,8160
001E_shp,37.984959548,-122.032437588999,410,8180
001E_shp,37.984439579,-122.032214058999,411,8200
001E_shp,37.983920011,-122.031989042999,412,8220
001E_shp,37.983400202,-122.031764921999,413,8240
001E_shp,37.982879534,-122.031544008999,414,8260
001E_shp,37.982358016,-122.031326321999,415,8280
001E_shp,37.981836366,-122.031109138999,416,8300
001E_shp,37.98131534,-122.030889582999,417,8320
001E_shp,37.980794892,-122.030667845999,418,8340
001E_shp,37.980276454,-122.030438732999,419,8360
001E_shp,37.97976502,-122.030186047999,420,8380
001E_shp,37.979270164,-122.029885374999,421,8400
001E_shp,37.978790256,-122.029548015999,422,8420
001E_shp,37.978317605,-122.029194609999,423,8440
001E_shp,37.977841842,-122.028848011999,424,8460
001E_shp,37.977345051,-122.028553498999,425,8480
001E_shp,37.976816399,-122.028368916999,426,8500
001E_shp,37.976270828,-122.028292908999,427,8520
001E_shp,37.975723254,-122.028324445999,428,8540
001E_shp,37.975187909,-122.028477350999,429,8560
001E_shp,37.974666901,-122.028696488999,430,8580
001E_shp,37.974151989,-122.028937774999,431,8600
001E_shp,37.973628538,-122.029147767999,432,8620
001E_shp,37.973108168,-122.029369602999,433,8640
001E_shp,37.972594908,-122.029616541999,434,8660
001E_shp,37.97207357,-122.029834663999,435,8680
001E_shp,37.971557829,-122.030072992999,436,8700
001E_shp,37.971040153,-122.030304692999,437,8720
001E_shp,37.970517203,-122.030516657999,438,8740
001E_shp,37.969995029,-122.030731393999,439,8760
001E_shp,37.969473175,-122.030947513999,440,8780
001E_shp,37.968943083,-122.031128983999,441,8800
001E_shp,37.968406116,-122.031274135999,442,8820
001E_shp,37.967862363,-122.031371250999,443,8840
001E_shp,37.967314693,-122.031422551999,444,8860
001E_shp,37.966765612,-122.031434235999,445,8880
001E_shp,37.966216998,-122.031402788999,446,8900
001E_shp,37.965672095,-122.031317410999,447,8920
001E_shp,37.965132471,-122.031188658999,448,8940
001E_shp,37.964600098,-122.031018461999,449,8960
001E_shp,37.964074437,-122.030817400999,450,8980
001E_shp,37.963552494,-122.030601440999,451,9000
001E_shp,37.963029582,-122.030389319999,452,9020
001E_shp,37.962503282,-122.030190891999,453,9040
001E_shp,37.961978702,-122.029985347999,454,9060
001E_shp,37.961455361,-122.029774805999,455,9080
001E_shp,37.960931839,-122.029564987999,456,9100
001E_shp,37.960407688,-122.029357686999,457,9120
001E_shp,37.959883225,-122.029151653999,458,9140
001E_shp,37.959358651,-122.028946070999,459,9160
001E_shp,37.958834165,-122.028740128999,460,9180
001E_shp,37.95830997,-122.028533015,461,9200
001E_shp,37.957786131,-122.028324462999,462,9220
001E_shp,37.957262423,-122.028115393999,463,9240
001E_shp,37.95673908,-122.027904868999,464,9260
001E_shp,37.956216299,-122.027692132999,465,9280
001E_shp,37.955693926,-122.027477806999,466,9300
001E_shp,37.955172149,-122.027261176999,467,9320
001E_shp,37.954651236,-122.027041259999,468,9340
001E_shp,37.954131797,-122.026815855999,469,9360
001E_shp,37.953613115,-122.026587678999,470,9380
001E_shp,37.953093916,-122.026361393999,471,9400
001E_shp,37.952573631,-122.026139123999,472,9420
001E_shp,37.952050353,-122.025928425999,473,9440
001E_shp,37.951531042,-122.025702761999,474,9460
001E_shp,37.951003053,-122.02551193,475,9480
001E_shp,37.95047936,-122.025302867999,476,9500
001E_shp,37.949950335,-122.025116680999,477,9520
001E_shp,37.949412593,-122.024976544999,478,9540
001E_shp,37.948867121,-122.024897531999,479,9560
001E_shp,37.948318162,-122.024883687999,480,9580
001E_shp,37.947770925,-122.024939343999,481,9600
001E_shp,37.947230154,-122.025059298999,482,9620
001E_shp,37.946701359,-122.025246015999,483,9640
001E_shp,37.946188824,-122.025494577999,484,9660
001E_shp,37.945698251,-122.025805914999,485,9680
001E_shp,37.945233051,-122.026173988999,486,9700
001E_shp,37.944798527,-122.026597879999,487,9720
001E_shp,37.944398943,-122.027073315999,488,9740
001E_shp,37.944036475,-122.027594071999,489,9760
001E_shp,37.943707727,-122.028149561999,490,9780
001E_shp,37.943396716,-122.028721212,491,9800
001E_shp,37.943092404,-122.029298586999,492,9820
001E_shp,37.942788805,-122.029876559999,493,9840
001E_shp,37.942486944,-122.030455979999,494,9860
001E_shp,37.94218622,-122.031036339999,495,9880
001E_shp,37.941886009,-122.031617122999,496,9900
001E_shp,37.941585728,-122.032197844,497,9920
001E_shp,37.941285801,-122.032778854999,498,9940
001E_shp,37.940986444,-122.03336033,499,9960
001E_shp,37.940687536,-122.033942173999,500,9980
001E_shp,37.940388958,-122.034524284999,501,10000
001E_shp,37.94009059,-122.035106564999,502,10020
001E_shp,37.93979231,-122.035688913999,503,10040
001E_shp,37.939493997,-122.036271232999,504,10060
001E_shp,37.939195534,-122.036853427999,505,10080
001E_shp,37.938897164,-122.037435696999,506,10100
001E_shp,37.938599054,-122.038018175999,507,10120
001E_shp,37.938301105,-122.038600783999,508,10140
001E_shp,37.938003221,-122.039183441999,509,10160
001E_shp,37.937705303,-122.039766070999,510,10180
001E_shp,37.937407254,-122.040348589999,511,10200
001E_shp,37.937108976,-122.040930918999,512,10220
001E_shp,37.936810371,-122.041512980999,513,10240
001E_shp,37.936511342,-122.042094691999,514,10260
001E_shp,37.936211723,-122.042675914999,515,10280
001E_shp,37.935911469,-122.043256614999,516,10300
001E_shp,37.93561079,-122.043836960999,517,10320
001E_shp,37.935309899,-122.044417129999,518,10340
001E_shp,37.935009008,-122.044997297999,519,10360
001E_shp,37.934708332,-122.045577638999,520,10380
001E_shp,37.934408082,-122.046158328999,521,10400
001E_shp,37.934108472,-122.046739544999,522,10420
001E_shp,37.933809964,-122.047321661999,523,10440
001E_shp,37.933513099,-122.047905111999,524,10460
001E_shp,37.933217006,-122.048489187999,525,10480
001E_shp,37.932920717,-122.049073100999,526,10500
001E_shp,37.932623259,-122.049656063999,527,10520
001E_shp,37.932323666,-122.050237278999,528,10540
001E_shp,37.932021806,-122.050816617999,529,10560
001E_shp,37.931717705,-122.051394065999,530,10580
001E_shp,37.931398862,-122.051958679999,531,10600
001E_shp,37.931065936,-122.052510161999,532,10620
001E_shp,37.930714108,-122.053042576999,533,10640
001E_shp,37.930344678,-122.053555680999,534,10660
001E_shp,37.92996433,-122.054055927999,535,10680
001E_shp,37.929578416,-122.054549349999,536,10700
001E_shp,37.929189732,-122.055039293,537,10720
001E_shp,37.928799485,-122.055527250999,538,10740
001E_shp,37.928408276,-122.056013956999,539,10760
001E_shp,37.928023249,-122.056508473999,540,10780
001E_shp,37.927636072,-122.057000305999,541,10800
001E_shp,37.927247446,-122.057490307999,542,10820
001E_shp,37.926853386,-122.057973333999,543,10840
001E_shp,37.926450112,-122.058443989999,544,10860
001E_shp,37.9260269,-122.058885766999,545,10880
001E_shp,37.925578566,-122.059286049999,546,10900
001E_shp,37.925106465,-122.059640043999,547,10920
001E_shp,37.924612345,-122.059942411999,548,10940
001E_shp,37.924100969,-122.060195092999,549,10960
001E_shp,37.923579256,-122.060411697999,550,10980
001E_shp,37.923052503,-122.060608097999,551,11000
001E_shp,37.92252371,-122.060795567999,552,11020
001E_shp,37.921993377,-122.060975964999,553,11040
001E_shp,37.921462583,-122.061154203999,554,11060
001E_shp,37.920933366,-122.061339733999,555,11080
001E_shp,37.920406548,-122.061535786999,556,11100
001E_shp,37.919884888,-122.061752659999,557,11120
001E_shp,37.919369239,-122.061991365999,558,11140
001E_shp,37.918859495,-122.062249530999,559,11160
001E_shp,37.918352604,-122.062516522999,560,11180
001E_shp,37.917841629,-122.062770781999,561,11200
001E_shp,37.917324013,-122.063002525999,562,11220
001E_shp,37.916797674,-122.063200415999,563,11240
001E_shp,37.91626381,-122.063362921999,564,11260
001E_shp,37.91572366,-122.063488249999,565,11280
001E_shp,37.91517947,-122.063581763999,566,11300
001E_shp,37.914633177,-122.063653512999,567,11320
001E_shp,37.914086032,-122.063714049999,568,11340
001E_shp,37.913538715,-122.063772109999,569,11360
001E_shp,37.912992616,-122.063846179999,570,11380
001E_shp,37.912448408,-122.063939523999,571,11400
001E_shp,37.911909249,-122.064071204999,572,11420
001E_shp,37.911376793,-122.064241023999,573,11440
001E_shp,37.910852966,-122.064449091999,574,11460
001E_shp,37.910337855,-122.064689538999,575,11480
001E_shp,37.909831444,-122.064957843999,576,11500
001E_shp,37.909330387,-122.065241804999,577,11520
001E_shp,37.908831566,-122.065531979999,578,11540
001E_shp,37.908333799,-122.065825020999,579,11560
001E_shp,37.907836889,-122.066120368999,580,11580
001E_shp,37.90734094,-122.066418277999,581,11600
001E_shp,37.90684641,-122.066719919999,582,11620
001E_shp,37.906350523,-122.067017982999,583,11640
001E_shp,37.905852894,-122.067311384999,584,11660
001E_shp,37.905356712,-122.067608666999,585,11680
001E_shp,37.904859987,-122.067904499999,586,11700
001E_shp,37.904362429,-122.068198088999,587,11720
001E_shp,37.903863649,-122.068488356999,588,11740
001E_shp,37.903365006,-122.068778999999,589,11760
001E_shp,37.90286749,-122.069072700999,590,11780
001E_shp,37.902371357,-122.069370100999,591,11800
001E_shp,37.9018779,-122.069674492999,592,11820
001E_shp,37.901392278,-122.069998207999,593,11840
001E_shp,37.900920011,-122.070351949999,594,11860
001E_shp,37.900470143,-122.070749247999,595,11880
001E_shp,37.900044028,-122.071186375999,596,11900
001E_shp,37.899641878,-122.071658249999,597,11920
001E_shp,37.899269139,-122.072167136999,598,11940
001E_shp,37.898926111,-122.072708329999,599,11960
001E_shp,37.898615794,-122.073280007,600,11980
001E_shp,37.898337481,-122.073877483999,601,12000
001E_shp,37.898090968,-122.074496715999,602,12020
001E_shp,37.897882667,-122.075137947999,603,12040
001E_shp,37.897712408,-122.075796736999,604,12060
001E_shp,37.897578242,-122.076468729999,605,12080
001E_shp,37.897482939,-122.077151198999,606,12100
001E_shp,37.89742775,-122.077840652999,607,12120
001E_shp,37.897410913,-122.078533358999,608,12140
001E_shp,37.897432577,-122.079225806999,609,12160
001E_shp,37.897490596,-122.079914945999,610,12180
001E_shp,37.897576735,-122.080599452999,611,12200
001E_shp,37.897674685,-122.081281465999,612,12220
001E_shp,37.897775868,-122.081962725999,613,12240
001E_shp,37.897860194,-122.082647619999,614,12260
001E_shp,37.89792784,-122.083335450999,615,12280
001E_shp,37.897977309,-122.084025737999,616,12300
001E_shp,37.898007212,-122.084717804999,617,12320
001E_shp,37.898017278,-122.085410793,618,12340
001E_shp,37.898013352,-122.086103900999,619,12360
001E_shp,37.898000835,-122.086796856999,620,12380
001E_shp,37.897986573,-122.087489760999,621,12400
001E_shp,37.897970122,-122.088182588,622,12420
001E_shp,37.897953476,-122.088875406999,623,12440
001E_shp,37.897936133,-122.089568198999,624,12460
001E_shp,37.897918063,-122.090260960999,625,12480
001E_shp,37.897899274,-122.090953690999,626,12500
001E_shp,37.897879794,-122.091646392999,627,12520
001E_shp,37.897859694,-122.092339064999,628,12540
001E_shp,37.897838827,-122.093031701999,629,12560
001E_shp,37.897817015,-122.093724290999,630,12580
001E_shp,37.897794499,-122.094416844999,631,12600
001E_shp,37.897771189,-122.095109355999,632,12620
001E_shp,37.897745852,-122.095801752999,633,12640
001E_shp,37.897718622,-122.096494035999,634,12660
001E_shp,37.897686344,-122.097185968999,635,12680
001E_shp,37.897644012,-122.097877010999,636,12700
001E_shp,37.897583809,-122.098565936999,637,12720
001E_shp,37.897504894,-122.099251841999,638,12740
001E_shp,37.897409086,-122.099934323999,639,12760
001E_shp,37.897304278,-122.100614719999,640,12780
001E_shp,37.897196407,-122.101294350999,641,12800
001E_shp,37.89708777,-122.101973787999,642,12820
001E_shp,37.896977925,-122.102652913999,643,12840
001E_shp,37.896867123,-122.103331791999,644,12860
001E_shp,37.896755665,-122.104010497999,645,12880
001E_shp,37.896643756,-122.104689083999,646,12900
001E_shp,37.896530822,-122.105367398999,647,12920
001E_shp,37.89641714,-122.106045513999,648,12940
001E_shp,37.896303246,-122.106723571999,649,12960
001E_shp,37.896189675,-122.107401712999,650,12980
001E_shp,37.896076767,-122.108080030999,651,13000
001E_shp,37.895963788,-122.108758329999,652,13020
001E_shp,37.895851077,-122.109436696999,653,13040
001E_shp,37.895739213,-122.110115286999,654,13060
001E_shp,37.89562876,-122.110794243999,655,13080
001E_shp,37.895518847,-122.111473339999,656,13100
001E_shp,37.895411702,-122.112153135999,657,13120
001E_shp,37.895311324,-122.112834571999,658,13140
001E_shp,37.895210763,-122.113515964999,659,13160
001E_shp,37.895104729,-122.114196036999,660,13180
001E_shp,37.89499629,-122.114875503999,661,13200
001E_shp,37.894884448,-122.115554090999,662,13220
001E_shp,37.894770473,-122.116232112999,663,13240
001E_shp,37.89465639,-122.116910103999,664,13260
001E_shp,37.894544221,-122.117588601999,665,13280
001E_shp,37.89443527,-122.118267933999,666,13300
001E_shp,37.89432788,-122.118947660999,667,13320
001E_shp,37.89421981,-122.119627214999,668,13340
001E_shp,37.894110322,-122.120306406999,669,13360
001E_shp,37.893998355,-122.120984950999,670,13380
001E_shp,37.893881782,-122.121662255999,671,13400
001E_shp,37.893749868,-122.122335031999,672,13420
001E_shp,37.893600619,-122.123002019999,673,13440
001E_shp,37.893439456,-122.123664599,674,13460
001E_shp,37.89327194,-122.124324667999,675,13480
001E_shp,37.893100112,-122.124982964999,676,13500
001E_shp,37.892947819,-122.125648797999,677,13520
001E_shp,37.892780522,-122.126308857999,678,13540
001E_shp,37.892624231,-122.126973271999,679,13560
001E_shp,37.89245585,-122.127632963999,680,13580
001E_shp,37.892296098,-122.128296057999,681,13600
001E_shp,37.892129164,-122.128956310999,682,13620
001E_shp,37.891953143,-122.129612835999,683,13640
001E_shp,37.891784509,-122.130272438999,684,13660
001E_shp,37.891619587,-122.130933535999,685,13680
001E_shp,37.89145591,-122.131595123999,686,13700
001E_shp,37.891294203,-122.132257481999,687,13720
001E_shp,37.891134771,-122.132920715999,688,13740
001E_shp,37.890979275,-122.133585425999,689,13760
001E_shp,37.890836402,-122.134254593999,690,13780
001E_shp,37.890723559,-122.134932763,691,13800
001E_shp,37.890652962,-122.135619905999,692,13820
001E_shp,37.890627189,-122.136311999999,693,13840
001E_shp,37.890647944,-122.137004370999,694,13860
001E_shp,37.890710471,-122.137692792999,695,13880
001E_shp,37.890807916,-122.138374792999,696,13900
001E_shp,37.890923256,-122.139052394999,697,13920
001E_shp,37.891049458,-122.139726921999,698,13940
001E_shp,37.891171227,-122.140402737999,699,13960
001E_shp,37.891283183,-122.141081245999,700,13980
001E_shp,37.891375873,-122.141764326999,701,14000
001E_shp,37.891437478,-122.142452885999,702,14020
001E_shp,37.891462783,-122.143145112999,703,14040
001E_shp,37.891452555,-122.143837953999,704,14060
001E_shp,37.891411595,-122.144529050999,705,14080
001E_shp,37.891353795,-122.145218256999,706,14100
001E_shp,37.891286798,-122.145906152999,707,14120
001E_shp,37.891229822,-122.146595474999,708,14140
001E_shp,37.891191035,-122.147286751999,709,14160
001E_shp,37.891181567,-122.147979633999,710,14180
001E_shp,37.891206509,-122.148671852999,711,14200
001E_shp,37.891267649,-122.149360516999,712,14220
001E_shp,37.891352016,-122.150045344999,713,14240
001E_shp,37.891447374,-122.150727887999,714,14260
001E_shp,37.89154745,-122.151409363999,715,14280
001E_shp,37.891649845,-122.152090289999,716,14300
001E_shp,37.891754818,-122.152770593999,717,14320
001E_shp,37.891860536,-122.153450714999,718,14340
001E_shp,37.891967418,-122.154130545999,719,14360
001E_shp,37.892075897,-122.154809975999,720,14380
001E_shp,37.892184276,-122.155489432999,721,14400
001E_shp,37.892290861,-122.156169340999,722,14420
001E_shp,37.892394707,-122.156849924999,723,14440
001E_shp,37.892496633,-122.157530972999,724,14460
001E_shp,37.892596048,-122.158212610999,725,14480
001E_shp,37.892691476,-122.158895154999,726,14500
001E_shp,37.892781108,-122.159578941999,727,14520
001E_shp,37.892856948,-122.160265370999,728,14540
001E_shp,37.892915939,-122.160954420999,729,14560
001E_shp,37.892956359,-122.161645598999,730,14580
001E_shp,37.89297767,-122.162338128999,731,14600
001E_shp,37.892981231,-122.163031179999,732,14620
001E_shp,37.892966608,-122.163723992999,733,14640
001E_shp,37.892933671,-122.164415804999,734,14660
001E_shp,37.892882896,-122.165105888999,735,14680
001E_shp,37.892813589,-122.165793410999,736,14700
001E_shp,37.892726791,-122.166477762999,737,14720
001E_shp,37.89262231,-122.167158159999,738,14740
001E_shp,37.892499247,-122.167833600999,739,14760
001E_shp,37.89235992,-122.168503956,740,14780
001E_shp,37.89220161,-122.169167598999,741,14800
001E_shp,37.89202593,-122.169824238999,742,14820
001E_shp,37.891833846,-122.170473529999,743,14840
001E_shp,37.891625623,-122.171114838,744,14860
001E_shp,37.891396983,-122.171744946999,745,14880
001E_shp,37.891147326,-122.172362224999,746,14900
001E_shp,37.890875025,-122.172964059999,747,14920
001E_shp,37.890579359,-122.173548037999,748,14940
001E_shp,37.890260472,-122.174112251999,749,14960
001E_shp,37.889919819,-122.174655829999,750,14980
001E_shp,37.889558832,-122.175178092999,751,15000
001E_shp,37.889178475,-122.175677982999,752,15020
001E_shp,37.888776121,-122.176149660999,753,15040
001E_shp,37.888358009,-122.176598952999,754,15060
001E_shp,37.887922428,-122.177021040999,755,15080
001E_shp,37.887470937,-122.177415574999,756,15100
001E_shp,37.88700493,-122.177782301999,757,15120
001E_shp,37.886526024,-122.178121457999,758,15140
001E_shp,37.88602947,-122.178417464999,759,15160
001E_shp,37.885539157,-122.178729752999,760,15180
001E_shp,37.88504781,-122.179039435999,761,15200
001E_shp,37.884551993,-122.179337604999,762,15220
001E_shp,37.884056692,-122.179637130999,763,15240
001E_shp,37.883564011,-122.179943459999,764,15260
001E_shp,37.883074344,-122.180257375999,765,15280
001E_shp,37.882589943,-122.180584023,766,15300
001E_shp,37.882111179,-122.180923617999,767,15320
001E_shp,37.881643689,-122.181287290999,768,15340
001E_shp,37.881173077,-122.181644533999,769,15360
001E_shp,37.880700804,-122.181998318999,770,15380
001E_shp,37.880232225,-122.182359860999,771,15400
001E_shp,37.879761175,-122.182716227999,772,15420
001E_shp,37.879286105,-122.183064016999,773,15440
001E_shp,37.87881502,-122.183420305999,774,15460
001E_shp,37.878347038,-122.183783016999,775,15480
001E_shp,37.877876136,-122.184139696999,776,15500
001E_shp,37.877409496,-122.184505181999,777,15520
001E_shp,37.876947567,-122.184880038999,778,15540
001E_shp,37.876501264,-122.185283661999,779,15560
001E_shp,37.876083996,-122.185733809999,780,15580
001E_shp,37.875700756,-122.186230008999,781,15600
001E_shp,37.875347263,-122.186760042999,782,15620
001E_shp,37.874988326,-122.187284449999,783,15640
001E_shp,37.874633134,-122.187812970999,784,15660
001E_shp,37.874287287,-122.188351239999,785,15680
001E_shp,37.87395607,-122.188903952999,786,15700
001E_shp,37.873635994,-122.189467032999,787,15720
001E_shp,37.873326764,-122.190039672999,788,15740
001E_shp,37.873028309,-122.190621341999,789,15760
001E_shp,37.872737617,-122.191209238999,790,15780
001E_shp,37.872452947,-122.191801812,791,15800
001E_shp,37.872171438,-122.192396780999,792,15820
001E_shp,37.871893486,-122.192994404999,793,15840
001E_shp,37.871618535,-122.193594231999,794,15860
001E_shp,37.871346873,-122.194196436999,795,15880
001E_shp,37.871076061,-122.194799248999,796,15900
001E_shp,37.870806152,-122.195402702999,797,15920
001E_shp,37.870537359,-122.196006947999,798,15940
001E_shp,37.870268292,-122.196610994999,799,15960
001E_shp,37.869997558,-122.197213854999,800,15980
001E_shp,37.869723964,-122.197814652999,801,16000
001E_shp,37.869447902,-122.198413648999,802,16020
001E_shp,37.869170556,-122.199011699999,803,16040
001E_shp,37.868893113,-122.199609677999,804,16060
001E_shp,37.868616759,-122.200208452999,805,16080
001E_shp,37.868341931,-122.200808344999,806,16100
001E_shp,37.868067739,-122.201408696999,807,16120
001E_shp,37.867794057,-122.202009416999,808,16140
001E_shp,37.867520782,-122.202610428999,809,16160
001E_shp,37.867247816,-122.203211662999,810,16180
001E_shp,37.866975285,-122.203813208999,811,16200
001E_shp,37.866703262,-122.204415117999,812,16220
001E_shp,37.866431638,-122.205017310999,813,16240
001E_shp,37.866160304,-122.205619709999,814,16260
001E_shp,37.865889149,-122.206222234999,815,16280
001E_shp,37.865618064,-122.206824808999,816,16300
001E_shp,37.865346943,-122.207427352999,817,16320
001E_shp,37.865075862,-122.208029924999,818,16340
001E_shp,37.864804895,-122.208632575999,819,16360
001E_shp,37.864534053,-122.209235314999,820,16380
001E_shp,37.864263339,-122.209838141999,821,16400
001E_shp,37.863992764,-122.210441066999,822,16420
001E_shp,37.863722335,-122.211044092999,823,16440
001E_shp,37.863452026,-122.211647202999,824,16460
001E_shp,37.863181784,-122.212250359999,825,16480
001E_shp,37.862911659,-122.212853594999,826,16500
001E_shp,37.862641705,-122.213456951999,827,16520
001E_shp,37.862371976,-122.214060465999,828,16540
001E_shp,37.862102527,-122.214664177999,829,16560
001E_shp,37.861833444,-122.215268145999,830,16580
001E_shp,37.861565074,-122.215872616999,831,16600
001E_shp,37.861297216,-122.216477446999,832,16620
001E_shp,37.861029489,-122.217082366999,833,16640
001E_shp,37.860761512,-122.217687109999,834,16660
001E_shp,37.860492908,-122.218291405999,835,16680
001E_shp,37.860223339,-122.218895015999,836,16700
001E_shp,37.85995305,-122.219498111999,837,16720
001E_shp,37.859682234,-122.220100828999,838,16740
001E_shp,37.859410987,-122.220703236999,839,16760
001E_shp,37.859139411,-122.221305404999,840,16780
001E_shp,37.858867593,-122.221907397999,841,16800
001E_shp,37.858595402,-122.222509120999,842,16820
001E_shp,37.858322842,-122.223110574999,843,16840
001E_shp,37.858050026,-122.223711843999,844,16860
001E_shp,37.857777069,-122.224313006999,845,16880
001E_shp,37.857504069,-122.224914137999,846,16900
001E_shp,37.857230992,-122.225515210999,847,16920
001E_shp,37.856957797,-122.226116195999,848,16940
001E_shp,37.856684467,-122.226717082,849,16960
001E_shp,37.856410981,-122.227317851999,850,16980
001E_shp,37.856137321,-122.227918494,851,17000
001E_shp,37.855863467,-122.228518992999,852,17020
001E_shp,37.855589402,-122.229119335999,853,17040
001E_shp,37.855315105,-122.229719508999,854,17060
001E_shp,37.855040674,-122.230319581999,855,17080
001E_shp,37.854766066,-122.230919524999,856,17100
001E_shp,37.854491134,-122.231519228999,857,17120
001E_shp,37.854215775,-122.232118618999,858,17140
001E_shp,37.853940264,-122.232717894999,859,17160
001E_shp,37.853664376,-122.233316893,860,17180
001E_shp,37.85338774,-122.233915340999,861,17200
001E_shp,37.853110034,-122.234512996999,862,17220
001E_shp,37.852831623,-122.235110129999,863,17240
001E_shp,37.852551179,-122.235705742999,864,17260
001E_shp,37.852268012,-122.236299300999,865,17280
001E_shp,37.851978623,-122.236888060999,866,17300
001E_shp,37.851689882,-122.237477322999,867,17320
001E_shp,37.851409672,-122.238073100999,868,17340
001E_shp,37.851120202,-122.238661754999,869,17360
001E_shp,37.850817519,-122.239239750999,870,17380
001E_shp,37.850503524,-122.239808088999,871,17400
001E_shp,37.850183161,-122.240370738999,872,17420
001E_shp,37.84986252,-122.240933135999,873,17440
001E_shp,37.849550016,-122.241502777,874,17460
001E_shp,37.849236085,-122.242071159999,875,17480
001E_shp,37.848915581,-122.242633682999,876,17500
001E_shp,37.848595495,-122.243196580999,877,17520
001E_shp,37.8482801,-122.243763673999,878,17540
001E_shp,37.847966258,-122.244332134999,879,17560
001E_shp,37.847650097,-122.244898541999,880,17580
001E_shp,37.847329158,-122.245460659999,881,17600
001E_shp,37.84701105,-122.246025319999,882,17620
001E_shp,37.846701089,-122.246597114999,883,17640
001E_shp,37.846408301,-122.247183085999,884,17660
001E_shp,37.84613657,-122.247784986999,885,17680
001E_shp,37.845879904,-122.248397344999,886,17700
001E_shp,37.845629343,-122.249013721999,887,17720
001E_shp,37.845384986,-122.249634040999,888,17740
001E_shp,37.845148871,-122.250259419999,889,17760
001E_shp,37.84490918,-122.250882622999,890,17780
001E_shp,37.844663958,-122.251502394999,891,17800
001E_shp,37.844418196,-122.252121829999,892,17820
001E_shp,37.844175821,-122.252743379999,893,17840
001E_shp,37.843937113,-122.253367181999,894,17860
001E_shp,37.843702116,-122.253993213999,895,17880
001E_shp,37.843477308,-122.254625155999,896,17900
001E_shp,37.843264106,-122.255263457999,897,17920
001E_shp,37.843057811,-122.255905372999,898,17940
001E_shp,37.842854954,-122.256549026999,899,17960
001E_shp,37.842656085,-122.257194654999,900,17980
001E_shp,37.842459581,-122.257841431999,901,18000
001E_shp,37.842261672,-122.258487524999,902,18020
001E_shp,37.842061376,-122.259132446999,903,18040
001E_shp,37.841859516,-122.259776590999,904,18060
001E_shp,37.841654567,-122.260419178999,905,18080
001E_shp,37.84144662,-122.261060227999,906,18100
001E_shp,37.841227592,-122.261695355999,907,18120
001E_shp,37.84098305,-122.26231535,908,18140
001E_shp,37.840694413,-122.262904298999,909,18160
001E_shp,37.840351122,-122.263444623999,910,18180
001E_shp,37.839970377,-122.263943285999,911,18200
001E_shp,37.839542496,-122.264376820999,912,18220
001E_shp,37.839081071,-122.264751615999,913,18240
001E_shp,37.838588663,-122.265057810999,914,18260
001E_shp,37.838072729,-122.265294380999,915,18280
001E_shp,37.837540443,-122.265464178999,916,18300
001E_shp,37.83699917,-122.265581403999,917,18320
001E_shp,37.836454984,-122.265675265999,918,18340
001E_shp,37.835909798,-122.265759447,919,18360
001E_shp,37.835364145,-122.265838683999,920,18380
001E_shp,37.834819102,-122.265924341999,921,18400
001E_shp,37.834274673,-122.266015986999,922,18420
001E_shp,37.83373081,-122.266112841,923,18440
001E_shp,37.833187277,-122.266212597999,924,18460
001E_shp,37.832644096,-122.266315354999,925,18480
001E_shp,37.832101262,-122.266420992999,926,18500
001E_shp,37.831558794,-122.266529574999,927,18520
001E_shp,37.831016702,-122.266641098999,928,18540
001E_shp,37.830474995,-122.266755558999,929,18560
001E_shp,37.829933684,-122.266872956999,930,18580
001E_shp,37.829392777,-122.266993283999,931,18600
001E_shp,37.82885078,-122.267104780999,932,18620
001E_shp,37.82830753,-122.267206934999,933,18640
001E_shp,37.827765228,-122.267316801999,934,18660
001E_shp,37.827223925,-122.267434248999,935,18680
001E_shp,37.826684713,-122.267565945999,936,18700
001E_shp,37.826148225,-122.267714369999,937,18720
001E_shp,37.825613524,-122.267872742999,938,18740
001E_shp,37.825080424,-122.268039472999,939,18760
001E_shp,37.82454933,-122.268216059999,940,18780
001E_shp,37.824018054,-122.268391763999,941,18800
001E_shp,37.82348378,-122.268552270999,942,18820
001E_shp,37.822948566,-122.268707732999,943,18840
001E_shp,37.822411367,-122.268851581999,944,18860
001E_shp,37.82187551,-122.269003418999,945,18880
001E_shp,37.821338142,-122.269146343999,946,18900
001E_shp,37.820806825,-122.269321812999,947,18920
001E_shp,37.820271743,-122.269478004999,948,18940
001E_shp,37.819734303,-122.269620833999,949,18960
001E_shp,37.819196001,-122.269758466999,950,18980
001E_shp,37.81865947,-122.269906626999,951,19000
001E_shp,37.818124062,-122.270061154999,952,19020
001E_shp,37.817587312,-122.270208087999,953,19040
001E_shp,37.817053159,-122.270369256999,954,19060
001E_shp,37.816523049,-122.270550458999,955,19080
001E_shp,37.815990019,-122.270717399999,956,19100
001E_shp,37.815450936,-122.270849184999,957,19120
001E_shp,37.81490373,-122.270902642999,958,19140
001E_shp,37.81435546,-122.270870850999,959,19160
001E_shp,37.813817029,-122.270737068999,960,19180
001E_shp,37.813298295,-122.270510885999,961,19200
001E_shp,37.81281237,-122.270189276999,962,19220
001E_shp,37.81235852,-122.269800028999,963,19240
001E_shp,37.811954331,-122.269331761999,964,19260
001E_shp,37.811568778,-122.268838862999,965,19280
001E_shp,37.811167377,-122.268366393999,966,19300
001E_shp,37.810720272,-122.267968107999,967,19320
001E_shp,37.810195987,-122.267773767,968,19340
001E_shp,37.809653428,-122.267854115999,969,19360
001E_shp,37.809142269,-122.268106648999,970,19380
001E_shp,37.808648628,-122.268409851999,971,19400
001E_shp,37.808159806,-122.268724909999,972,19420
001E_shp,37.807665538,-122.269026855999,973,19440
001E_shp,37.807172062,-122.269330850999,974,19460
001E_shp,37.806679424,-122.269636997999,975,19480
001E_shp,37.806188206,-122.269946741999,976,19500
001E_shp,37.805698011,-122.270259050999,977,19520
001E_shp,37.805207656,-122.270570957999,978,19540
001E_shp,37.804716218,-122.270880143999,979,19560
001E_shp,37.804224191,-122.271187838999,980,19580
001E_shp,37.803731691,-122.271494325999,981,19600
001E_shp,37.803375854,-122.271705487999,982,19620
001E_shp,37.802882599,-122.272009897999,983,19640
001E_shp,37.802398935,-122.272337940999,984,19660
001E_shp,37.801916861,-122.272669660999,985,19680
001E_shp,37.801427241,-122.272983351999,986,19700
001E_shp,37.800933455,-122.273286503999,987,19720
001E_shp,37.800432565,-122.273570318999,988,19740
001E_shp,37.799922793,-122.273827981999,989,19760
001E_shp,37.799434711,-122.274143103999,990,19780
001E_shp,37.799021181,-122.274596624999,991,19800
001E_shp,37.798692732,-122.275149168999,992,19820
001E_shp,37.798508804,-122.275797759999,993,19840
001E_shp,37.798497459,-122.276488165999,994,19860
001E_shp,37.798546123,-122.277177572999,995,19880
001E_shp,37.79864547,-122.277857409999,996,19900
001E_shp,37.798861853,-122.278492579999,997,19920
001E_shp,37.799153267,-122.279078984999,998,19940
001E_shp,37.799462058,-122.279651391999,999,19960
001E_shp,37.799756193,-122.280235979999,1000,19980
001E_shp,37.800041976,-122.280827120999,1001,20000
001E_shp,37.800323076,-122.281421822999,1002,20020
001E_shp,37.800602631,-122.282017684999,1003,20040
001E_shp,37.800880138,-122.282615067,1004,20060
001E_shp,37.801151548,-122.283216849999,1005,20080
001E_shp,37.801402124,-122.283832671999,1006,20100
001E_shp,37.801614359,-122.284470962999,1007,20120
001E_shp,37.801792089,-122.285125866999,1008,20140
001E_shp,37.801949436,-122.285789071999,1009,20160
001E_shp,37.802099631,-122.286454929999,1010,20180
001E_shp,37.802246928,-122.287121816999,1011,20200
001E_shp,37.802394513,-122.287788603999,1012,20220
001E_shp,37.802544691,-122.288454471999,1013,20240
001E_shp,37.802698707,-122.289118944,1014,20260
001E_shp,37.802858571,-122.289781206999,1015,20280
001E_shp,37.803039178,-122.290434867999,1016,20300
001E_shp,37.80325357,-122.291072061999,1017,20320
001E_shp,37.803493272,-122.291694898999,1018,20340
001E_shp,37.803740652,-122.292312969999,1019,20360
001E_shp,37.803991363,-122.292928905999,1020,20380
001E_shp,37.804243484,-122.293543930999,1021,20400
001E_shp,37.804492442,-122.294160995999,1022,20420
001E_shp,37.804737817,-122.294780342999,1023,20440
001E_shp,37.804989311,-122.295395612,1024,20460
001E_shp,37.805245925,-122.296007668999,1025,20480
001E_shp,37.805491824,-122.296626680999,1026,20500
001E_shp,37.805726301,-122.297252683999,1027,20520
001E_shp,37.80594076,-122.297889887999,1028,20540
001E_shp,37.806119633,-122.298544308999,1029,20560
001E_shp,37.806278444,-122.299207004999,1030,20580
001E_shp,37.806432587,-122.299871467999,1031,20600
001E_shp,37.806583629,-122.300537060999,1032,20620
001E_shp,37.806731351,-122.301203837999,1033,20640
001E_shp,37.806877522,-122.301871160999,1034,20660
001E_shp,37.807024153,-122.302538323999,1035,20680
001E_shp,37.807170329,-122.303205647999,1036,20700
001E_shp,37.807314716,-122.303873589999,1037,20720
001E_shp,37.807456346,-122.304542471999,1038,20740
001E_shp,37.807593865,-122.305212707999,1039,20760
001E_shp,37.807719893,-122.305886508999,1040,20780
001E_shp,37.807829157,-122.306564934,1041,20800
001E_shp,37.807923399,-122.307246945999,1042,20820
001E_shp,37.808007094,-122.307931156999,1043,20840
001E_shp,37.808087682,-122.308615960999,1044,20860
001E_shp,37.808164538,-122.309301448999,1045,20880
001E_shp,37.808237947,-122.309987536999,1046,20900
001E_shp,37.808308379,-122.310674119999,1047,20920
001E_shp,37.808376221,-122.311361119999,1048,20940
001E_shp,37.808440822,-122.312048579999,1049,20960
001E_shp,37.808489018,-122.312737794999,1050,20980
001E_shp,37.808560049,-122.313424284999,1051,21000
001E_shp,37.808631077,-122.314110774999,1052,21020
001E_shp,37.808696711,-122.314798088999,1053,21040
001E_shp,37.808758431,-122.315486006999,1054,21060
001E_shp,37.80882644,-122.316172960999,1055,21080
001E_shp,37.808897215,-122.316859495999,1056,21100
001E_shp,37.808967986,-122.317546031999,1057,21120
001E_shp,37.809038752,-122.318232568999,1058,21140
001E_shp,37.809109062,-122.318919175999,1059,21160
001E_shp,37.809170994,-122.319607068999,1060,21180
001E_shp,37.809235361,-122.320294607,1061,21200
001E_shp,37.80929868,-122.320982297999,1062,21220
001E_shp,37.809361251,-122.321670101,1063,21240
001E_shp,37.809424159,-122.322357855999,1064,21260
001E_shp,37.809487062,-122.323045612999,1065,21280
001E_shp,37.809552169,-122.323733044,1066,21300
001E_shp,37.809618985,-122.324420212999,1067,21320
001E_shp,37.80968245,-122.325107878999,1068,21340
001E_shp,37.809739158,-122.325796483999,1069,21360
001E_shp,37.809789104,-122.326485921999,1070,21380
001E_shp,37.809832277,-122.327176088999,1071,21400
001E_shp,37.809868673,-122.327866878999,1072,21420
001E_shp,37.809898105,-122.328558196999,1073,21440
001E_shp,37.809920558,-122.329249929999,1074,21460
001E_shp,37.809936722,-122.329941944999,1075,21480
001E_shp,37.809942095,-122.330634128999,1076,21500
001E_shp,37.809922229,-122.331325968999,1077,21520
001E_shp,37.809898269,-122.332017625999,1078,21540
001E_shp,37.809868426,-122.332708917999,1079,21560
001E_shp,37.809833243,-122.333399805999,1080,21580
001E_shp,37.809792724,-122.334090226999,1081,21600
001E_shp,37.809746872,-122.334780115999,1082,21620
001E_shp,37.809695692,-122.335469406999,1083,21640
001E_shp,37.8096399,-122.336158133999,1084,21660
001E_shp,37.809576902,-122.336845865999,1085,21680
001E_shp,37.809506912,-122.337532521999,1086,21700
001E_shp,37.809429702,-122.338217945999,1087,21720
001E_shp,37.809345286,-122.338902018999,1088,21740
001E_shp,37.809253679,-122.339584619,1089,21760
001E_shp,37.809154896,-122.340265627999,1090,21780
001E_shp,37.809048953,-122.340944927999,1091,21800
001E_shp,37.808935872,-122.341622395999,1092,21820
001E_shp,37.808818303,-122.342298654999,1093,21840
001E_shp,37.808702329,-122.342975347999,1094,21860
001E_shp,37.808587731,-122.343652414999,1095,21880
001E_shp,37.808470535,-122.344328774999,1096,21900
001E_shp,37.808354548,-122.345005463999,1097,21920
001E_shp,37.808239433,-122.345682389999,1098,21940
001E_shp,37.808124315,-122.346359313,1099,21960
001E_shp,37.808007579,-122.347035794999,1100,21980
001E_shp,37.807890239,-122.347712109999,1101,22000
001E_shp,37.80777469,-122.348388914999,1102,22020
001E_shp,37.807659144,-122.349065716999,1103,22040
001E_shp,37.807543593,-122.349742518999,1104,22060
001E_shp,37.807427354,-122.350419130999,1105,22080
001E_shp,37.807309955,-122.351095424999,1106,22100
001E_shp,37.807192343,-122.351771655,1107,22120
001E_shp,37.807078497,-122.352448909999,1108,22140
001E_shp,37.806963279,-122.353125794,1109,22160
001E_shp,37.806846786,-122.353802332999,1110,22180
001E_shp,37.806731737,-122.354479261,1111,22200
001E_shp,37.80661592,-122.355155979999,1112,22220
001E_shp,37.806498884,-122.355832365999,1113,22240
001E_shp,37.806382752,-122.356508997999,1114,22260
001E_shp,37.806267923,-122.357185982999,1115,22280
001E_shp,37.806152726,-122.357862867,1116,22300
001E_shp,37.806036754,-122.358539539999,1117,22320
001E_shp,37.805920778,-122.359216210999,1118,22340
001E_shp,37.805804799,-122.359892879999,1119,22360
001E_shp,37.805687783,-122.360569263999,1120,22380
001E_shp,37.805570479,-122.361245566999,1121,22400
001E_shp,37.805453639,-122.361921997999,1122,22420
001E_shp,37.80533824,-122.362598818999,1123,22440
001E_shp,37.805223785,-122.363275894999,1124,22460
001E_shp,37.805107304,-122.363952420999,1125,22480
001E_shp,37.80499089,-122.364628962999,1126,22500
001E_shp,37.804875451,-122.365305769999,1127,22520
001E_shp,37.804760524,-122.365982714999,1128,22540
001E_shp,37.804646053,-122.366659780999,1129,22560
001E_shp,37.804531578,-122.367336845999,1130,22580
001E_shp,37.804417098,-122.368013906999,1131,22600
001E_shp,37.804302615,-122.368690966999,1132,22620
001E_shp,37.804186037,-122.369367457999,1133,22640
001E_shp,37.804068153,-122.370043585999,1134,22660
001E_shp,37.803948679,-122.370719270999,1135,22680
001E_shp,37.803827461,-122.371394460999,1136,22700
001E_shp,37.803701424,-122.372068246999,1137,22720
001E_shp,37.803576092,-122.372742220999,1138,22740
001E_shp,37.803437628,-122.373412090999,1139,22760
001E_shp,37.803282201,-122.374076017999,1140,22780
001E_shp,37.803112196,-122.374734234999,1141,22800
001E_shp,37.802926196,-122.375385554999,1142,22820
001E_shp,37.802725019,-122.376029651999,1143,22840
001E_shp,37.802509321,-122.376666256999,1144,22860
001E_shp,37.8022777,-122.377293903999,1145,22880
001E_shp,37.802032032,-122.377912981999,1146,22900
001E_shp,37.801765894,-122.378518513999,1147,22920
001E_shp,37.80149636,-122.379121675999,1148,22940
001E_shp,37.801228034,-122.379725686999,1149,22960
001E_shp,37.800960954,-122.380330573999,1150,22980
001E_shp,37.800695146,-122.380936346999,1151,23000
001E_shp,37.800428688,-122.381541660999,1152,23020
001E_shp,37.800160388,-122.382145682999,1153,23040
001E_shp,37.799893733,-122.382750859999,1154,23060
001E_shp,37.799627076,-122.383356032999,1155,23080
001E_shp,37.79935929,-122.383960407999,1156,23100
001E_shp,37.799090254,-122.384563901999,1157,23120
001E_shp,37.798822419,-122.385168241999,1158,23140
001E_shp,37.798555393,-122.385773146999,1159,23160
001E_shp,37.79828866,-122.386378254999,1160,23180
001E_shp,37.798021923,-122.386983358999,1161,23200
001E_shp,37.797755184,-122.387588458999,1162,23220
001E_shp,37.797487545,-122.388192925999,1163,23240
001E_shp,37.797219584,-122.388797163999,1164,23260
001E_shp,37.796950492,-122.389400600999,1165,23280
001E_shp,37.796680752,-122.390003575999,1166,23300
001E_shp,37.796411009,-122.390606546999,1167,23320
001E_shp,37.796140677,-122.391209093999,1168,23340
001E_shp,37.795868237,-122.391810129999,1169,23360
001E_shp,37.795593136,-122.392409234999,1170,23380
001E_shp,37.795314731,-122.393005908999,1171,23400
001E_shp,37.795031544,-122.393598992999,1172,23420
001E_shp,37.794743414,-122.394188268,1173,23440
001E_shp,37.794436141,-122.394761265999,1174,23460
001E_shp,37.794093341,-122.395301862999,1175,23480
001E_shp,37.793726678,-122.395817159999,1176,23500
001E_shp,37.793346915,-122.396317197999,1177,23520
001E_shp,37.792957066,-122.396804758999,1178,23540
001E_shp,37.792570182,-122.397295997999,1179,23560
001E_shp,37.792185317,-122.397789824999,1180,23580
001E_shp,37.791799711,-122.398282729999,1181,23600
001E_shp,37.791413366,-122.398774713999,1182,23620
001E_shp,37.791026284,-122.399265773999,1183,23640
001E_shp,37.790638466,-122.399755907999,1184,23660
001E_shp,37.790249913,-122.400245115999,1185,23680
001E_shp,37.789860627,-122.400733393999,1186,23700
001E_shp,37.789470604,-122.401220734999,1187,23720
001E_shp,37.789080291,-122.401707703999,1188,23740
001E_shp,37.78869063,-122.402195501,1189,23760
001E_shp,37.788301625,-122.402684122999,1190,23780
001E_shp,37.787913338,-122.403173650999,1191,23800
001E_shp,37.787526259,-122.403664692999,1192,23820
001E_shp,37.787139907,-122.404156638999,1193,23840
001E_shp,37.786753549,-122.404648574999,1194,23860
001E_shp,37.786366449,-122.405139580999,1195,23880
001E_shp,37.785978531,-122.405629559999,1196,23900
001E_shp,37.785590205,-122.406119023999,1197,23920
001E_shp,37.785201473,-122.406607971999,1198,23940
001E_shp,37.784812046,-122.407096036999,1199,23960
001E_shp,37.78442124,-122.407582349,1200,23980
001E_shp,37.784031068,-122.408069464999,1201,24000
001E_shp,37.78364157,-122.408557434999,1202,24020
001E_shp,37.783253395,-122.409047071999,1203,24040
001E_shp,37.782865611,-122.409537199999,1204,24060
001E_shp,37.782476689,-122.410025888999,1205,24080
001E_shp,37.782085666,-122.410511907999,1206,24100
001E_shp,37.781693905,-122.410996978999,1207,24120
001E_shp,37.781303315,-122.411483545999,1208,24140
001E_shp,37.780914354,-122.411972175999,1209,24160
001E_shp,37.780525421,-122.412460840999,1210,24180
001E_shp,37.780134956,-122.412947557999,1211,24200
001E_shp,37.779743283,-122.413432728999,1212,24220
001E_shp,37.779351153,-122.413917288999,1213,24240
001E_shp,37.778971409,-122.414417283999,1214,24260
001E_shp,37.778589031,-122.414914077999,1215,24280
001E_shp,37.778204034,-122.415407647,1216,24300
001E_shp,37.777816434,-122.415897970999,1217,24320
001E_shp,37.777426245,-122.416385021999,1218,24340
001E_shp,37.777033376,-122.416868635999,1219,24360
001E_shp,37.776638366,-122.417349475999,1220,24380
001E_shp,37.77624125,-122.417827548999,1221,24400
001E_shp,37.775842024,-122.418302819999,1222,24420
001E_shp,37.775436074,-122.418768906999,1223,24440
001E_shp,37.775004837,-122.419197172999,1224,24460
001E_shp,37.77454227,-122.419569565999,1225,24480
001E_shp,37.774050919,-122.419878223999,1226,24500
001E_shp,37.773533534,-122.420109595999,1227,24520
001E_shp,37.773000138,-122.420273092999,1228,24540
001E_shp,37.772454822,-122.420353436999,1229,24560
001E_shp,37.771905868,-122.420365266999,1230,24580
001E_shp,37.771357125,-122.420335816999,1231,24600
001E_shp,37.770808829,-122.420294738999,1232,24620
001E_shp,37.77026096,-122.420245424999,1233,24640
001E_shp,37.769713394,-122.420191013999,1234,24660
001E_shp,37.769166072,-122.420132824999,1235,24680
001E_shp,37.768618973,-122.420071384999,1236,24700
001E_shp,37.768071977,-122.420008522999,1237,24720
001E_shp,37.767524839,-122.419947646999,1238,24740
001E_shp,37.766977422,-122.419890890999,1239,24760
001E_shp,37.766429857,-122.419836443999,1240,24780
001E_shp,37.765882189,-122.419783665999,1241,24800
001E_shp,37.765334417,-122.419732625999,1242,24820
001E_shp,37.764786741,-122.419680057999,1243,24840
001E_shp,37.764239236,-122.419624658999,1244,24860
001E_shp,37.763691717,-122.419569482999,1245,24880
001E_shp,37.763144183,-122.419514530999,1246,24900
001E_shp,37.762596635,-122.419459799999,1247,24920
001E_shp,37.762049074,-122.419405292999,1248,24940
001E_shp,37.761501498,-122.419351007999,1249,24960
001E_shp,37.760953908,-122.419296945999,1250,24980
001E_shp,37.760406305,-122.419243107999,1251,25000
001E_shp,37.759858688,-122.419189492999,1252,25020
001E_shp,37.759311057,-122.419136099999,1253,25040
001E_shp,37.758763412,-122.419082929999,1254,25060
001E_shp,37.758215753,-122.419029982999,1255,25080
001E_shp,37.757668082,-122.418977257999,1256,25100
001E_shp,37.757120396,-122.418924756999,1257,25120
001E_shp,37.756572697,-122.418872477999,1258,25140
001E_shp,37.756024985,-122.418820421999,1259,25160
001E_shp,37.755477259,-122.418768589999,1260,25180
001E_shp,37.754929521,-122.418716979999,1261,25200
001E_shp,37.754381768,-122.418665591999,1262,25220
001E_shp,37.753834003,-122.418614428999,1263,25240
001E_shp,37.753286224,-122.418563485999,1264,25260
001E_shp,37.752738433,-122.418512767999,1265,25280
001E_shp,37.752190771,-122.418460321999,1266,25300
001E_shp,37.751644347,-122.418390072999,1267,25320
001E_shp,37.75109705,-122.418331591999,1268,25340
001E_shp,37.750549079,-122.418284143,1269,25360
001E_shp,37.750000595,-122.418247272999,1270,25380
001E_shp,37.749451721,-122.418221562999,1271,25400
001E_shp,37.748902722,-122.418235079999,1272,25420
001E_shp,37.748358217,-122.418321271999,1273,25440
001E_shp,37.74782675,-122.418494119999,1274,25460
001E_shp,37.747316199,-122.418748631999,1275,25480
001E_shp,37.7468196,-122.419044103999,1276,25500
001E_shp,37.746328631,-122.419354237999,1277,25520
001E_shp,37.745838725,-122.419667027999,1278,25540
001E_shp,37.745349776,-122.419982181999,1279,25560
001E_shp,37.744861553,-122.420299112999,1280,25580
001E_shp,37.744374048,-122.420617787999,1281,25600
001E_shp,37.743886984,-122.420937530999,1282,25620
001E_shp,37.743399967,-122.421257386999,1283,25640
001E_shp,37.742913091,-122.421577579999,1284,25660
001E_shp,37.74242703,-122.421899726999,1285,25680
001E_shp,37.741942476,-122.422225449999,1286,25700
001E_shp,37.741459159,-122.422554075,1287,25720
001E_shp,37.740980367,-122.422892997999,1288,25740
001E_shp,37.740516911,-122.423263897999,1289,25760
001E_shp,37.740069858,-122.423665670999,1290,25780
001E_shp,37.739642613,-122.424100058999,1291,25800
001E_shp,37.739238943,-122.424568983999,1292,25820
001E_shp,37.738854648,-122.425063082999,1293,25840
001E_shp,37.738486127,-122.425575903999,1294,25860
001E_shp,37.738129947,-122.426102399999,1295,25880
001E_shp,37.737780441,-122.426635949999,1296,25900
001E_shp,37.737434761,-122.427173443999,1297,25920
001E_shp,37.737086406,-122.427708184999,1298,25940
001E_shp,37.736734845,-122.428239589999,1299,25960
001E_shp,37.7363815,-122.428769114999,1300,25980
001E_shp,37.736027416,-122.429297854999,1301,26000
001E_shp,37.735673634,-122.429826910999,1302,26020
001E_shp,37.735321193,-122.430357381999,1303,26040
001E_shp,37.734970246,-122.430889418999,1304,26060
001E_shp,37.734619882,-122.431422063999,1305,26080
001E_shp,37.73427001,-122.431955217,1306,26100
001E_shp,37.733920575,-122.432488821999,1307,26120
001E_shp,37.733571615,-122.433022916999,1308,26140
001E_shp,37.733223129,-122.433557500999,1309,26160
001E_shp,37.732870062,-122.434087255999,1310,26180
001E_shp,37.732515591,-122.434615557999,1311,26200
001E_shp,37.732163253,-122.435146114999,1312,26220
001E_shp,37.731813132,-122.435678991999,1313,26240
001E_shp,37.731464927,-122.436213850999,1314,26260
001E_shp,37.73111706,-122.436749057999,1315,26280
001E_shp,37.73077279,-122.437287927999,1316,26300
001E_shp,37.730436924,-122.437835122999,1317,26320
001E_shp,37.730125261,-122.438404333999,1318,26340
001E_shp,37.729844093,-122.438998308999,1319,26360
001E_shp,37.729594121,-122.439614007999,1320,26380
001E_shp,37.729363268,-122.440241500999,1321,26400
001E_shp,37.729137853,-122.440872132999,1322,26420
001E_shp,37.728900106,-122.441495490999,1323,26440
001E_shp,37.728638559,-122.442103560999,1324,26460
001E_shp,37.728355432,-122.442696032999,1325,26480
001E_shp,37.728044296,-122.443265841999,1326,26500
001E_shp,37.727707792,-122.443812255999,1327,26520
001E_shp,37.727344344,-122.444330483999,1328,26540
001E_shp,37.726951636,-122.444813838999,1329,26560
001E_shp,37.726533647,-122.445262265999,1330,26580
001E_shp,37.726088992,-122.445667911999,1331,26600
001E_shp,37.725622116,-122.446032025999,1332,26620
001E_shp,37.72513666,-122.446355086999,1333,26640
001E_shp,37.724633194,-122.446631322999,1334,26660
001E_shp,37.724115869,-122.446863153999,1335,26680
001E_shp,37.723586784,-122.447048195999,1336,26700
001E_shp,37.723048737,-122.447186960999,1337,26720
001E_shp,37.722508592,-122.447312474999,1338,26740
001E_shp,37.721967598,-122.447432066999,1339,26760
001E_shp,37.721425496,-122.447543406999,1340,26780
001E_shp,37.720884856,-122.447665331999,1341,26800
001E_shp,37.720343454,-122.447781956999,1342,26820
001E_shp,37.719800613,-122.447887322999,1343,26840
001E_shp,37.719255625,-122.447973353999,1344,26860
001E_shp,37.718708875,-122.448039434999,1345,26880
001E_shp,37.718163073,-122.448116887999,1346,26900
001E_shp,37.717620017,-122.448220023999,1347,26920
001E_shp,37.717085701,-122.448378956999,1348,26940
001E_shp,37.716565702,-122.448601012999,1349,26960
001E_shp,37.716065422,-122.448885726999,1350,26980
001E_shp,37.715590427,-122.449232535999,1351,27000
001E_shp,37.715134382,-122.449617669999,1352,27020
001E_shp,37.714697505,-122.450036616999,1353,27040
001E_shp,37.714277758,-122.450482525999,1354,27060
001E_shp,37.713870401,-122.450946297999,1355,27080
001E_shp,37.713471169,-122.451421163999,1356,27100
001E_shp,37.713077164,-122.451902897999,1357,27120
001E_shp,37.712685712,-122.452387921999,1358,27140
001E_shp,37.71229523,-122.452874176999,1359,27160
001E_shp,37.711908793,-122.453365520999,1360,27180
001E_shp,37.711529345,-122.453865393999,1361,27200
001E_shp,37.711174355,-122.454392728999,1362,27220
001E_shp,37.710859659,-122.454958936999,1363,27240
001E_shp,37.710594579,-122.455563938999,1364,27260
001E_shp,37.710386705,-122.456203629999,1365,27280
001E_shp,37.710236056,-122.456868091999,1366,27300
001E_shp,37.710145375,-122.457549610999,1367,27320
001E_shp,37.710104027,-122.458238898999,1368,27340
001E_shp,37.710092013,-122.458930073999,1369,27360
001E_shp,37.710090405,-122.459621451999,1370,27380
001E_shp,37.710094608,-122.460312815999,1371,27400
001E_shp,37.710102342,-122.461004130999,1372,27420
001E_shp,37.710113887,-122.461695363999,1373,27440
001E_shp,37.710125481,-122.462386596999,1374,27460
001E_shp,37.710133342,-122.463077908999,1375,27480
001E_shp,37.710134741,-122.463769260999,1376,27500
001E_shp,37.71008619,-122.464456855999,1377,27520
001E_shp,37.70994038,-122.465122481999,1378,27540
001E_shp,37.709683192,-122.465731818999,1379,27560
001E_shp,37.709338025,-122.466268651999,1380,27580
001E_shp,37.708913829,-122.466705855999,1381,27600
001E_shp,37.708453314,-122.467082534999,1382,27620
001E_shp,37.708001899,-122.467476285999,1383,27640
001E_shp,37.707544911,-122.467859773999,1384,27660
001E_shp,37.707078618,-122.468225158999,1385,27680
001E_shp,37.70661732,-122.468600440999,1386,27700
001E_shp,37.706158276,-122.468980067999,1387,27720
001E_shp,37.705698619,-122.469358535999,1388,27740
001E_shp,37.705242478,-122.469743668999,1389,27760
001E_shp,37.704788855,-122.470133485999,1390,27780
001E_shp,37.704326651,-122.470506904999,1391,27800
001E_shp,37.703840825,-122.470828372999,1392,27820
001E_shp,37.703316646,-122.471030200999,1393,27840
001E_shp,37.702770762,-122.471097137999,1394,27860
001E_shp,37.702221507,-122.471098119999,1395,27880
001E_shp,37.701672301,-122.471087563999,1396,27900
001E_shp,37.701123131,-122.471074114999,1397,27920
001E_shp,37.700574003,-122.471058121999,1398,27940
001E_shp,37.700024829,-122.471045074999,1399,27960
001E_shp,37.699475565,-122.471041409999,1400,27980
001E_shp,37.698926307,-122.471036736999,1401,28000
001E_shp,37.698377171,-122.471022095999,1402,28020
001E_shp,37.697830002,-122.470965718999,1403,28040
001E_shp,37.697293083,-122.470822337999,1404,28060
001E_shp,37.696765991,-122.470627967999,1405,28080
001E_shp,37.696242922,-122.470417013999,1406,28100
001E_shp,37.695716881,-122.470218127999,1407,28120
001E_shp,37.695186104,-122.470040541999,1408,28140
001E_shp,37.694644342,-122.469930692999,1409,28160
001E_shp,37.69409586,-122.469895887999,1410,28180
001E_shp,37.693546717,-122.469881374999,1411,28200
001E_shp,37.692997457,-122.469876391999,1412,28220
001E_shp,37.692448241,-122.469866766999,1413,28240
001E_shp,37.691899158,-122.469848462999,1414,28260
001E_shp,37.691350001,-122.469834605999,1415,28280
001E_shp,37.690800741,-122.469832317999,1416,28300
001E_shp,37.690251544,-122.469841158999,1417,28320
001E_shp,37.689702956,-122.469811244999,1418,28340
001E_shp,37.689162255,-122.46969241,1419,28360
001E_shp,37.688637749,-122.469488881999,1420,28380
001E_shp,37.688133876,-122.469214168999,1421,28400
001E_shp,37.687625777,-122.468951887999,1422,28420
001E_shp,37.687118663,-122.468686425999,1423,28440
001E_shp,37.686626735,-122.468379679999,1424,28460
001E_shp,37.686143041,-122.468053582999,1425,28480
001E_shp,37.685704238,-122.467639567999,1426,28500
001E_shp,37.685326126,-122.467138917999,1427,28520
001E_shp,37.684979376,-122.466602956999,1428,28540
001E_shp,37.68462172,-122.466078424999,1429,28560
001E_shp,37.684261349,-122.465556837999,1430,28580
001E_shp,37.683890516,-122.465046999999,1431,28600
001E_shp,37.683521626,-122.464534944999,1432,28620
001E_shp,37.683159774,-122.464014977999,1433,28640
001E_shp,37.682797206,-122.463495805999,1434,28660
001E_shp,37.682432972,-122.462978489999,1435,28680
001E_shp,37.682060566,-122.462470480999,1436,28700
001E_shp,37.681666027,-122.461989926999,1437,28720
001E_shp,37.681247379,-122.461542800999,1438,28740
001E_shp,37.680809095,-122.461126276999,1439,28760
001E_shp,37.680364831,-122.460719863999,1440,28780
001E_shp,37.679924949,-122.460305985999,1441,28800
001E_shp,37.679487169,-122.459888586999,1442,28820
001E_shp,37.679045419,-122.459477881999,1443,28840
001E_shp,37.678598868,-122.459075464999,1444,28860
001E_shp,37.678153285,-122.458671360999,1445,28880
001E_shp,37.677709942,-122.458263385999,1446,28900
001E_shp,37.677277808,-122.457836858999,1447,28920
001E_shp,37.676867501,-122.457377646999,1448,28940
001E_shp,37.676480058,-122.456887946999,1449,28960
001E_shp,37.676120962,-122.456365102999,1450,28980
001E_shp,37.675776255,-122.455827081999,1451,29000
001E_shp,37.675438281,-122.455282337999,1452,29020
001E_shp,37.675100923,-122.454736992999,1453,29040
001E_shp,37.674753858,-122.454201410999,1454,29060
001E_shp,37.674380046,-122.453695262999,1455,29080
001E_shp,37.673980502,-122.453221278999,1456,29100
001E_shp,37.673551585,-122.452789863999,1457,29120
001E_shp,37.67309904,-122.452398459999,1458,29140
001E_shp,37.67262703,-122.452045349999,1459,29160
001E_shp,37.672138458,-122.451729675999,1460,29180
001E_shp,37.671645898,-122.451423869999,1461,29200
001E_shp,37.671150897,-122.451124358999,1462,29220
001E_shp,37.670655121,-122.450826885999,1463,29240
001E_shp,37.670160298,-122.450526915999,1464,29260
001E_shp,37.669667287,-122.450222259999,1465,29280
001E_shp,37.669178437,-122.449907212999,1466,29300
001E_shp,37.668697293,-122.449574004999,1467,29320
001E_shp,37.668231747,-122.449207433999,1468,29340
001E_shp,37.667783734,-122.448807862999,1469,29360
001E_shp,37.667351431,-122.448381702999,1470,29380
001E_shp,37.66694285,-122.447920143999,1471,29400
001E_shp,37.666557302,-122.447428082999,1472,29420
001E_shp,37.666189464,-122.446914986999,1473,29440
001E_shp,37.665838249,-122.446383771999,1474,29460
001E_shp,37.665497064,-122.445842281999,1475,29480
001E_shp,37.665159362,-122.445297333999,1476,29500
001E_shp,37.664816715,-122.444757294999,1477,29520
001E_shp,37.664471475,-122.444219877999,1478,29540
001E_shp,37.664127858,-122.443680858,1479,29560
001E_shp,37.663786309,-122.443139726999,1480,29580
001E_shp,37.663441196,-122.442602189999,1481,29600
001E_shp,37.663092292,-122.442068541999,1482,29620
001E_shp,37.662734303,-122.441544530999,1483,29640
001E_shp,37.662360223,-122.441038752999,1484,29660
001E_shp,37.661980208,-122.440540073999,1485,29680
001E_shp,37.661572213,-122.440077539999,1486,29700
001E_shp,37.661148657,-122.439637759999,1487,29720
001E_shp,37.66070985,-122.439222269999,1488,29740
001E_shp,37.660257175,-122.438830995999,1489,29760
001E_shp,37.659798692,-122.438450509999,1490,29780
001E_shp,37.659337107,-122.438076014999,1491,29800
001E_shp,37.658873225,-122.437706024999,1492,29820
001E_shp,37.658413939,-122.437327102999,1493,29840
001E_shp,37.657960426,-122.436937330999,1494,29860
001E_shp,37.657516582,-122.436530432999,1495,29880
001E_shp,37.657090411,-122.436094703999,1496,29900
001E_shp,37.656683822,-122.435630308999,1497,29920
001E_shp,37.656299027,-122.435137376999,1498,29940
001E_shp,37.655933154,-122.434622169999,1499,29960
001E_shp,37.655592095,-122.434080842999,1500,29980
001E_shp,37.655264017,-122.433526790999,1501,30000
001E_shp,37.654941773,-122.432967328999,1502,30020
001E_shp,37.654627694,-122.432400546999,1503,30040
001E_shp,37.654314885,-122.431832655,1504,30060
001E_shp,37.654004204,-122.43126292,1505,30080
001E_shp,37.653694698,-122.430692175999,1506,30100
001E_shp,37.653383152,-122.430123193999,1507,30120
001E_shp,37.653069277,-122.429556244999,1508,30140
001E_shp,37.652752173,-122.428992147999,1509,30160
001E_shp,37.652427821,-122.428434620999,1510,30180
001E_shp,37.652088784,-122.427891173999,1511,30200
001E_shp,37.651727464,-122.427370923999,1512,30220
001E_shp,37.651346821,-122.426872956999,1513,30240
001E_shp,37.650946362,-122.426400229999,1514,30260
001E_shp,37.650527778,-122.425953017999,1515,30280
001E_shp,37.650093232,-122.425530543999,1516,30300
001E_shp,37.649647839,-122.425126263999,1517,30320
001E_shp,37.649200607,-122.424725202999,1518,30340
001E_shp,37.648751065,-122.424328248999,1519,30360
001E_shp,37.648301026,-122.423932186999,1520,30380
001E_shp,37.647852278,-122.423533820999,1521,30400
001E_shp,37.64740529,-122.423132335999,1522,30420
001E_shp,37.646959226,-122.422729230999,1523,30440
001E_shp,37.646513398,-122.422325716999,1524,30460
001E_shp,37.646067113,-122.421923004999,1525,30480
001E_shp,37.645619686,-122.421522303999,1526,30500
001E_shp,37.645171414,-122.421123101999,1527,30520
001E_shp,37.644721302,-122.420727192999,1528,30540
001E_shp,37.644267051,-122.420338851999,1529,30560
001E_shp,37.643801405,-122.419972670999,1530,30580
001E_shp,37.643317383,-122.419646284999,1531,30600
001E_shp,37.642824883,-122.419340468999,1532,30620
001E_shp,37.642329315,-122.419042555999,1533,30640
001E_shp,37.641831196,-122.418751457999,1534,30660
001E_shp,37.641332223,-122.418462675999,1535,30680
001E_shp,37.640834808,-122.418169681,1536,30700
001E_shp,37.640338743,-122.417873082999,1537,30720
001E_shp,37.639843015,-122.417575600999,1538,30740
001E_shp,37.639346718,-122.417279625999,1539,30760
001E_shp,37.638849484,-122.416986145999,1540,30780
001E_shp,37.638351761,-122.416693985,1541,30800
001E_shp,37.637853555,-122.416403125999,1542,30820
001E_shp,37.637356059,-122.416110368999,1543,30840
001E_shp,37.636856096,-122.415824358999,1544,30860
001E_shp,37.636355334,-122.415540613999,1545,30880
001E_shp,37.635860712,-122.415240277999,1546,30900
001E_shp,37.635371174,-122.414927053999,1547,30920
001E_shp,37.634887216,-122.414600433999,1548,30940
001E_shp,37.634406976,-122.414265204999,1549,30960
001E_shp,37.633922099,-122.413940703999,1550,30980
001E_shp,37.633434515,-122.413622678999,1551,31000
001E_shp,37.632944457,-122.413310724999,1552,31020
001E_shp,37.632452233,-122.413004214999,1553,31040
001E_shp,37.631957249,-122.412704821999,1554,31060
001E_shp,37.631459816,-122.412411904999,1555,31080
001E_shp,37.630961098,-122.412122466999,1556,31100
001E_shp,37.630461686,-122.411834928999,1557,31120
001E_shp,37.629961996,-122.411548154999,1558,31140
001E_shp,37.629461737,-122.411262958999,1559,31160
001E_shp,37.628961316,-122.410978208999,1560,31180
001E_shp,37.628461173,-122.410692693999,1561,31200
001E_shp,37.627961612,-122.410405569999,1562,31220
001E_shp,37.62746229,-122.410117795999,1563,31240
001E_shp,37.626963559,-122.409828407999,1564,31260
001E_shp,37.626465493,-122.409537214999,1565,31280
001E_shp,37.625968192,-122.409243967999,1566,31300
001E_shp,37.625472917,-122.408945351999,1567,31320
001E_shp,37.624980505,-122.408639362999,1568,31340
001E_shp,37.624497635,-122.408310412999,1569,31360
001E_shp,37.62402669,-122.407955062999,1570,31380
001E_shp,37.623557298,-122.407596474999,1571,31400
001E_shp,37.62308398,-122.407246105999,1572,31420
001E_shp,37.622616261,-122.406884045999,1573,31440
001E_shp,37.622140229,-122.406539515999,1574,31460
001E_shp,37.621671612,-122.406179344999,1575,31480
001E_shp,37.621206347,-122.405812308999,1576,31500
001E_shp,37.620736172,-122.405455297999,1577,31520
001E_shp,37.620263613,-122.405103288999,1578,31540
001E_shp,37.619791487,-122.404750367999,1579,31560
001E_shp,37.619322714,-122.404390467999,1580,31580
001E_shp,37.618857441,-122.404023452999,1581,31600
001E_shp,37.61838341,-122.403674678999,1582,31620
001E_shp,37.617907526,-122.403329856999,1583,31640
001E_shp,37.617434402,-122.402979068999,1584,31660
001E_shp,37.616956798,-122.402638015999,1585,31680
001E_shp,37.616480398,-122.402294319999,1586,31700
001E_shp,37.616006759,-122.401944633999,1587,31720
001E_shp,37.615534374,-122.401592276999,1588,31740
001E_shp,37.615063281,-122.401237203999,1589,31760
001E_shp,37.614593216,-122.400879982999,1590,31780
001E_shp,37.614123358,-122.400522332999,1591,31800
001E_shp,37.613655911,-122.400159747999,1592,31820
001E_shp,37.613194636,-122.399784918999,1593,31840
001E_shp,37.612738576,-122.399400324999,1594,31860
001E_shp,37.612267786,-122.399044915999,1595,31880
001E_shp,37.611819232,-122.398646544999,1596,31900
001E_shp,37.611388247,-122.398218567999,1597,31920
001E_shp,37.610946212,-122.397808751999,1598,31940
001E_shp,37.61051951,-122.397374136999,1599,31960
001E_shp,37.61010489,-122.396921291999,1600,31980
001E_shp,37.609686753,-122.396473656999,1601,32000
001E_shp,37.609255113,-122.396046719999,1602,32020
001E_shp,37.608825426,-122.395616750999,1603,32040
001E_shp,37.60840948,-122.395165882999,1604,32060
001E_shp,37.607978883,-122.394737306999,1605,32080
001E_shp,37.607544021,-122.394315533999,1606,32100
001E_shp,37.6071148,-122.393884704999,1607,32120
001E_shp,37.606679402,-122.393463801999,1608,32140
001E_shp,37.606245139,-122.393041060999,1609,32160
001E_shp,37.605816702,-122.392609012999,1610,32180
001E_shp,37.605393756,-122.392168519,1611,32200
001E_shp,37.604976724,-122.391719186999,1612,32220
001E_shp,37.60455725,-122.391273478999,1613,32240
001E_shp,37.604131623,-122.390837073999,1614,32260
001E_shp,37.603704184,-122.390403471999,1615,32280
001E_shp,37.603278708,-122.389966835999,1616,32300
001E_shp,37.602854426,-122.38952837,1617,32320
001E_shp,37.602433696,-122.389084533999,1618,32340
001E_shp,37.602020941,-122.388629147999,1619,32360
001E_shp,37.601619294,-122.388158267,1620,32380
001E_shp,37.601205975,-122.387703594999,1621,32400
001E_shp,37.600785009,-122.387260126999,1622,32420
001E_shp,37.600360051,-122.386822718999,1623,32440
001E_shp,37.600271406,-122.386732847999,1624,32460
002A_shp,37.600271406,-122.386732847999,1,0
002A_shp,37.600697249,-122.387168895999,2,20
002A_shp,37.601119187,-122.387610903999,3,40
002A_shp,37.601534297,-122.388062988999,4,60
002A_shp,37.601938129,-122.388530875999,5,80
002A_shp,37.602346804,-122.388991994999,6,100
002A_shp,37.602766854,-122.389436846999,7,120
002A_shp,37.603190587,-122.389876149999,8,140
002A_shp,37.603615697,-122.390313348999,9,160
002A_shp,37.604042796,-122.390747478999,10,180
002A_shp,37.604469199,-122.391182687999,11,200
002A_shp,37.604890548,-122.391625590999,12,220
002A_shp,37.605307502,-122.392075038999,13,240
002A_shp,37.605728247,-122.392518850999,14,260
002A_shp,37.606155823,-122.392952241999,15,280
002A_shp,37.606588605,-122.393377379999,16,300
002A_shp,37.607025142,-122.393796427999,17,320
002A_shp,37.60745492,-122.394226368999,18,340
002A_shp,37.60788846,-122.394650271999,19,360
002A_shp,37.608321255,-122.395075359999,20,380
002A_shp,37.608738465,-122.395524315999,21,400
002A_shp,37.609164508,-122.395959986999,22,420
002A_shp,37.609598868,-122.396382560999,23,440
002A_shp,37.61002042,-122.396825193999,24,460
002A_shp,37.610447788,-122.397258883999,25,480
002A_shp,37.610880588,-122.397684037999,26,500
002A_shp,37.611306268,-122.398120373999,27,520
002A_shp,37.611735017,-122.398551903999,28,540
002A_shp,37.612178786,-122.398958694999,29,560
002A_shp,37.612633468,-122.399346036999,30,580
002A_shp,37.613117874,-122.399670194999,31,600
002A_shp,37.613640646,-122.399874882999,32,620
002A_shp,37.614187754,-122.399865350999,33,640
002A_shp,37.614702352,-122.399632150999,34,660
002A_shp,37.615128133,-122.399201431,35,680
002A_shp,37.615423599,-122.398623422999,36,700
002A_shp,37.615559351,-122.397956376999,37,720
002A_shp,37.615592547,-122.397267312999,38,740
002A_shp,37.615603722,-122.396576984999,39,760
002A_shp,37.615600163,-122.395886496999,40,780
002A_shp,37.615605887,-122.395196038,41,800
002A_shp,37.615625216,-122.394505981999,42,820
002A_shp,37.615670145,-122.393819423999,43,840
002A_shp,37.615800218,-122.393148794999,44,860
002A_shp,37.615971875,-122.392493058999,45,880
002A_shp,37.61599768,-122.392414074999,46,900
002A_shp,37.61599768,-122.392414074999,47,920
002A_shp,37.615819942,-122.393067253999,48,940
002A_shp,37.615682405,-122.393735518999,49,960
002A_shp,37.615632941,-122.394422653999,50,980
002A_shp,37.615619892,-122.395112942999,51,1000
002A_shp,37.615616429,-122.395803436999,52,1020
002A_shp,37.615617905,-122.396493938999,53,1040
002A_shp,37.615627859,-122.397184323999,54,1060
002A_shp,37.61563884,-122.397874686999,55,1080
002A_shp,37.615638897,-122.398565191999,56,1100
002A_shp,37.615655114,-122.399255335999,57,1120
002A_shp,37.615713285,-122.399941570999,58,1140
002A_shp,37.615861572,-122.400605525999,59,1160
002A_shp,37.616085896,-122.401235121999,60,1180
002A_shp,37.616402026,-122.401798213999,61,1200
002A_shp,37.616758577,-122.402322241999,62,1220
002A_shp,37.617175109,-122.402771850999,63,1240
002A_shp,37.617625877,-122.403165597999,64,1260
002A_shp,37.618104808,-122.403503508999,65,1280
002A_shp,37.618589729,-122.403827749999,66,1300
002A_shp,37.619062049,-122.404180049999,67,1320
002A_shp,37.619526289,-122.404549104999,68,1340
002A_shp,37.61999664,-122.404905743999,69,1360
002A_shp,37.620469474,-122.405257164999,70,1380
002A_shp,37.620941551,-122.405610192999,71,1400
002A_shp,37.62140948,-122.405971823999,72,1420
002A_shp,37.621874607,-122.406339144999,73,1440
002A_shp,37.622347957,-122.406689385999,74,1460
002A_shp,37.622820928,-122.407040421999,75,1480
002A_shp,37.623289512,-122.407400681999,76,1500
002A_shp,37.623763245,-122.407750175999,77,1520
002A_shp,37.62423052,-122.408113166999,78,1540
002A_shp,37.624706432,-122.408457896999,79,1560
002A_shp,37.625194794,-122.408773847999,80,1580
002A_shp,37.625688824,-122.409075695999,81,1600
002A_shp,37.62618497,-122.409372015999,82,1620
002A_shp,37.626682693,-122.409664132999,83,1640
002A_shp,37.627180958,-122.409954784999,84,1660
002A_shp,37.627680012,-122.410243294999,85,1680
002A_shp,37.628179454,-122.410530740999,86,1700
002A_shp,37.628679238,-122.410817250999,87,1720
002A_shp,37.629179532,-122.411102347999,88,1740
002A_shp,37.629679919,-122.411387193999,89,1760
002A_shp,37.630179974,-122.411672956999,90,1780
002A_shp,37.630679466,-122.411960273999,91,1800
002A_shp,37.631178714,-122.412248266999,92,1820
002A_shp,37.631676838,-122.412539312999,93,1840
002A_shp,37.6321735,-122.412834286999,94,1860
002A_shp,37.632667139,-122.413137174999,95,1880
002A_shp,37.633158433,-122.413446039999,96,1900
002A_shp,37.633647435,-122.413760600999,97,1920
002A_shp,37.634133913,-122.414081292999,98,1940
002A_shp,37.634616742,-122.414410564999,99,1960
002A_shp,37.635097288,-122.414745091999,100,1980
002A_shp,37.635583997,-122.415065214999,101,2000
002A_shp,37.636075767,-122.415372862999,102,2020
002A_shp,37.636572889,-122.415666551999,103,2040
002A_shp,37.637074769,-122.415947230999,104,2060
002A_shp,37.637572923,-122.416238212999,105,2080
002A_shp,37.638070857,-122.416529794999,106,2100
002A_shp,37.638568851,-122.416821221999,107,2120
002A_shp,37.639066365,-122.417113949999,108,2140
002A_shp,37.639563255,-122.417408346999,109,2160
002A_shp,37.640059193,-122.417705273999,110,2180
002A_shp,37.640554958,-122.418002663999,111,2200
002A_shp,37.64105145,-122.418298124999,112,2220
002A_shp,37.641549734,-122.418588776999,113,2240
002A_shp,37.642048663,-122.418877680999,114,2260
002A_shp,37.642545572,-122.419172026999,115,2280
002A_shp,37.643040374,-122.419471940999,116,2300
002A_shp,37.643530125,-122.419784655999,117,2320
002A_shp,37.644006706,-122.420127769999,118,2340
002A_shp,37.644465819,-122.420506904999,119,2360
002A_shp,37.644917805,-122.420899411,120,2380
002A_shp,37.64536697,-122.421297018999,121,2400
002A_shp,37.64581497,-122.421696703999,122,2420
002A_shp,37.646261815,-122.422098429999,123,2440
002A_shp,37.646707816,-122.422501641999,124,2460
002A_shp,37.647153663,-122.422905126999,125,2480
002A_shp,37.647600045,-122.423307674999,126,2500
002A_shp,37.648047686,-122.423708005999,127,2520
002A_shp,37.648497211,-122.424104986999,128,2540
002A_shp,37.648947255,-122.424501040999,129,2560
002A_shp,37.649396014,-122.424899393999,130,2580
002A_shp,37.649842486,-122.425301796999,131,2600
002A_shp,37.650284353,-122.425712093999,132,2620
002A_shp,37.650712448,-122.426144838999,133,2640
002A_shp,37.65112337,-122.426603156999,134,2660
002A_shp,37.651515179,-122.427087211999,135,2680
002A_shp,37.651887381,-122.427595177999,136,2700
002A_shp,37.652239379,-122.428125410999,137,2720
002A_shp,37.652570286,-122.428676778999,138,2740
002A_shp,37.652891008,-122.429237620999,139,2760
002A_shp,37.653206563,-122.429803092999,140,2780
002A_shp,37.653519408,-122.430370945999,141,2800
002A_shp,37.653829728,-122.430940987999,142,2820
002A_shp,37.654139334,-122.431511646999,143,2840
002A_shp,37.654451436,-122.432080151999,144,2860
002A_shp,37.654764107,-122.432648164999,145,2880
002A_shp,37.655080853,-122.433212587999,146,2900
002A_shp,37.655408735,-122.433766836999,147,2920
002A_shp,37.655736616,-122.434321033999,148,2940
002A_shp,37.656090159,-122.434849666999,149,2960
002A_shp,37.656464614,-122.435355037999,150,2980
002A_shp,37.656858561,-122.435836333999,151,3000
002A_shp,37.657273819,-122.436288443999,152,3020
002A_shp,37.657708086,-122.436711361999,153,3040
002A_shp,37.658157401,-122.437108723999,154,3060
002A_shp,37.658613342,-122.437493995999,155,3080
002A_shp,37.659075338,-122.437867680999,156,3100
002A_shp,37.659538995,-122.438238111999,157,3120
002A_shp,37.65999895,-122.438615775999,158,3140
002A_shp,37.660456017,-122.438998945999,159,3160
002A_shp,37.660903033,-122.439400353999,160,3180
002A_shp,37.661335766,-122.439825830999,161,3200
002A_shp,37.66175193,-122.440276695999,162,3220
002A_shp,37.662147408,-122.440755674999,163,3240
002A_shp,37.66252665,-122.441255401999,164,3260
002A_shp,37.662891874,-122.441771432999,165,3280
002A_shp,37.663244911,-122.442300740999,166,3300
002A_shp,37.66359214,-122.442836116999,167,3320
002A_shp,37.663935687,-122.443375240999,168,3340
002A_shp,37.664275715,-122.443917884999,169,3360
002A_shp,37.664622312,-122.444453915999,170,3380
002A_shp,37.6649665,-122.444992400999,171,3400
002A_shp,37.665306969,-122.445534611999,172,3420
002A_shp,37.665644698,-122.446079532999,173,3440
002A_shp,37.665989545,-122.446617345999,174,3460
002A_shp,37.666347872,-122.447140974999,175,3480
002A_shp,37.666723088,-122.447645532999,176,3500
002A_shp,37.667117539,-122.448126261999,177,3520
002A_shp,37.667537858,-122.448570846999,178,3540
002A_shp,37.667976537,-122.448986616999,179,3560
002A_shp,37.668432948,-122.449370888999,180,3580
002A_shp,37.668905599,-122.449722692999,181,3600
002A_shp,37.669390828,-122.450046480999,182,3620
002A_shp,37.6698822,-122.450355268999,183,3640
002A_shp,37.670375836,-122.450658315999,184,3660
002A_shp,37.670871288,-122.450956638999,185,3680
002A_shp,37.671366939,-122.451254442999,186,3700
002A_shp,37.671861053,-122.451556257999,187,3720
002A_shp,37.672352782,-122.451864183999,188,3740
002A_shp,37.6728354,-122.452193893999,189,3760
002A_shp,37.673299015,-122.452564278999,190,3780
002A_shp,37.673741787,-122.452972975999,191,3800
002A_shp,37.674158125,-122.453423398999,192,3820
002A_shp,37.674546347,-122.453912104999,193,3840
002A_shp,37.674907112,-122.454432978999,194,3860
002A_shp,37.675249101,-122.454973735999,195,3880
002A_shp,37.675584613,-122.455520895999,196,3900
002A_shp,37.675925379,-122.456062888999,197,3920
002A_shp,37.67627518,-122.456595661,198,3940
002A_shp,37.676645956,-122.457105276999,199,3960
002A_shp,37.677043199,-122.457582428999,200,3980
002A_shp,37.677464552,-122.458025547999,201,4000
002A_shp,37.677902556,-122.458442491999,202,4020
002A_shp,37.678347103,-122.458848404999,203,4040
002A_shp,37.678793825,-122.459250517999,204,4060
002A_shp,37.679238864,-122.459655569999,205,4080
002A_shp,37.679678209,-122.460070348999,206,4100
002A_shp,37.680116111,-122.460487546999,207,4120
002A_shp,37.680558528,-122.460897118999,208,4140
002A_shp,37.681001487,-122.461305766999,209,4160
002A_shp,37.681433485,-122.461732456999,210,4180
002A_shp,37.681842011,-122.462194322999,211,4200
002A_shp,37.682223783,-122.462691030999,212,4220
002A_shp,37.682592544,-122.463203228999,213,4240
002A_shp,37.682955455,-122.463722022999,214,4260
002A_shp,37.68331726,-122.464242038999,215,4280
002A_shp,37.68368114,-122.464759750999,216,4300
002A_shp,37.68405313,-122.465268262999,217,4320
002A_shp,37.68441948,-122.465783188999,218,4340
002A_shp,37.684778451,-122.466306303999,219,4360
002A_shp,37.685130143,-122.466837116999,220,4380
002A_shp,37.685484593,-122.467364883999,221,4400
002A_shp,37.68588765,-122.467833161999,222,4420
002A_shp,37.686348981,-122.468207282999,223,4440
002A_shp,37.686837784,-122.468522143999,224,4460
002A_shp,37.68733889,-122.468804886999,225,4480
002A_shp,37.687848706,-122.469062080999,226,4500
002A_shp,37.688351572,-122.469339838999,227,4520
002A_shp,37.688863808,-122.469588316999,228,4540
002A_shp,37.689396502,-122.469755083999,229,4560
002A_shp,37.689941902,-122.469831306999,230,4580
002A_shp,37.690491047,-122.469840595999,231,4600
002A_shp,37.691040247,-122.469831396999,232,4620
002A_shp,37.691589483,-122.469839169999,233,4640
002A_shp,37.692138579,-122.469856755999,234,4660
002A_shp,37.692687708,-122.469872433999,235,4680
002A_shp,37.693236962,-122.469878264999,236,4700
002A_shp,37.6937862,-122.469885892999,237,4720
002A_shp,37.694335248,-122.469905439999,238,4740
002A_shp,37.69488221,-122.469965544999,239,4760
002A_shp,37.695418418,-122.470113811999,240,4780
002A_shp,37.69594659,-122.470303469999,241,4800
002A_shp,37.696471006,-122.470509000999,242,4820
002A_shp,37.696995329,-122.470714871999,243,4840
002A_shp,37.697525296,-122.470896122999,244,4860
002A_shp,37.698067928,-122.470999969999,245,4880
002A_shp,37.698616581,-122.471030763999,246,4900
002A_shp,37.699165804,-122.471039860999,247,4920
002A_shp,37.699715075,-122.471042151999,248,4940
002A_shp,37.700264309,-122.471049841999,249,4960
002A_shp,37.700813447,-122.471065246999,250,4980
002A_shp,37.701362597,-122.471079888999,251,5000
002A_shp,37.70191177,-122.471093158999,252,5020
002A_shp,37.702461016,-122.471099361999,253,5040
002A_shp,37.703009992,-122.471083664999,254,5060
002A_shp,37.703549518,-122.470960110999,255,5080
002A_shp,37.70405688,-122.470698392999,256,5100
002A_shp,37.704529815,-122.470347271999,257,5120
002A_shp,37.704987182,-122.469964476999,258,5140
002A_shp,37.705440628,-122.469574327999,259,5160
002A_shp,37.705898712,-122.469192852999,260,5180
002A_shp,37.706358967,-122.468815546999,261,5200
002A_shp,37.70681787,-122.468435631999,262,5220
002A_shp,37.707282058,-122.468066063999,263,5240
002A_shp,37.707745637,-122.467695318999,264,5260
002A_shp,37.70819732,-122.467301989999,265,5280
002A_shp,37.70865577,-122.466921457999,266,5300
002A_shp,37.709107561,-122.466528644999,267,5320
002A_shp,37.70949691,-122.466043165999,268,5340
002A_shp,37.70980822,-122.465474851999,269,5360
002A_shp,37.710015817,-122.464836479999,270,5380
002A_shp,37.710120744,-122.464158713999,271,5400
002A_shp,37.710136555,-122.463467794999,272,5420
002A_shp,37.710130547,-122.462776451999,273,5440
002A_shp,37.710120673,-122.462085178999,274,5460
002A_shp,37.710108615,-122.461393959999,275,5480
002A_shp,37.710098329,-122.460702695999,276,5500
002A_shp,37.710092213,-122.460011352999,277,5520
002A_shp,37.710090273,-122.459319974999,278,5540
002A_shp,37.71009463,-122.458628613999,279,5560
002A_shp,37.710117625,-122.457937916999,280,5580
002A_shp,37.710177195,-122.457250828999,281,5600
002A_shp,37.710294125,-122.456575633999,282,5620
002A_shp,37.710471516,-122.455921713999,283,5640
002A_shp,37.710702168,-122.455294648999,284,5660
002A_shp,37.710990338,-122.454706312999,285,5680
002A_shp,37.71132489,-122.454158253999,286,5700
002A_shp,37.711693404,-122.453645746999,287,5720
002A_shp,37.712076681,-122.453150503999,288,5740
002A_shp,37.71246516,-122.452661715999,289,5760
002A_shp,37.712856292,-122.452176285999,290,5780
002A_shp,37.713248471,-122.451692191999,291,5800
002A_shp,37.713644566,-122.451213183999,292,5820
002A_shp,37.714046648,-122.450742152999,293,5840
002A_shp,37.714459239,-122.450285779999,294,5860
002A_shp,37.714885762,-122.449850240999,295,5880
002A_shp,37.715330626,-122.449444838999,296,5900
002A_shp,37.715794696,-122.449075121999,297,5920
002A_shp,37.716280694,-122.448753623999,298,5940
002A_shp,37.716790553,-122.448497217999,299,5960
002A_shp,37.717317061,-122.448301091999,300,5980
002A_shp,37.717856252,-122.448170389999,301,6000
002A_shp,37.718400873,-122.448080942999,302,6020
002A_shp,37.718947336,-122.448011265999,303,6040
002A_shp,37.719493494,-122.447938137,304,6060
002A_shp,37.720037608,-122.447843763999,305,6080
002A_shp,37.720579637,-122.447731874999,306,6100
002A_shp,37.721120571,-122.447611873999,307,6120
002A_shp,37.721662011,-122.447495880999,308,6140
002A_shp,37.722203617,-122.447380776999,309,6160
002A_shp,37.722744269,-122.447258755999,310,6180
002A_shp,37.72328394,-122.447130042999,311,6200
002A_shp,37.723819007,-122.446974473999,312,6220
002A_shp,37.724343321,-122.446768736999,313,6240
002A_shp,37.724854243,-122.446515264999,314,6260
002A_shp,37.725351102,-122.446220842999,315,6280
002A_shp,37.725827749,-122.445877437999,316,6300
002A_shp,37.726286135,-122.445496702999,317,6320
002A_shp,37.726718974,-122.445071270999,318,6340
002A_shp,37.727125693,-122.444606716999,319,6360
002A_shp,37.727507164,-122.444109354999,320,6380
002A_shp,37.727858159,-122.443577546999,321,6400
002A_shp,37.728182905,-122.443019926999,322,6420
002A_shp,37.728482589,-122.442440503999,323,6440
002A_shp,37.728754936,-122.441840000999,324,6460
002A_shp,37.729006605,-122.441225398999,325,6480
002A_shp,37.729237387,-122.440597853999,326,6500
002A_shp,37.729462093,-122.439966814999,327,6520
002A_shp,37.729699834,-122.439343415999,328,6540
002A_shp,37.729963243,-122.438736729999,329,6560
002A_shp,37.730256333,-122.438151948999,330,6580
002A_shp,37.730582076,-122.437595258999,331,6600
002A_shp,37.730922049,-122.437052084999,332,6620
002A_shp,37.731268685,-122.436515618999,333,6640
002A_shp,37.731616552,-122.435980409999,334,6660
002A_shp,37.731965544,-122.435446362999,335,6680
002A_shp,37.732316621,-122.434914482999,336,6700
002A_shp,37.732669897,-122.434384914999,337,6720
002A_shp,37.733025291,-122.433857595999,338,6740
002A_shp,37.733375027,-122.433324335999,339,6760
002A_shp,37.73372372,-122.432789965999,340,6780
002A_shp,37.734072889,-122.432256086,341,6800
002A_shp,37.734422517,-122.431722679999,342,6820
002A_shp,37.734772593,-122.431189735999,343,6840
002A_shp,37.735123196,-122.430657342999,344,6860
002A_shp,37.735474642,-122.430125827999,345,6880
002A_shp,37.735827797,-122.429596106999,346,6900
002A_shp,37.736181838,-122.429067323999,347,6920
002A_shp,37.736535727,-122.428538377,348,6940
002A_shp,37.736888424,-122.428008166999,349,6960
002A_shp,37.737238878,-122.427475604,350,6980
002A_shp,37.737585466,-122.426939041999,351,7000
002A_shp,37.737931983,-122.426402403999,352,7020
002A_shp,37.738284067,-122.425871543999,353,7040
002A_shp,37.738644924,-122.425350133,354,7060
002A_shp,37.739020084,-122.424844998999,355,7080
002A_shp,37.739412471,-122.424361116999,356,7100
002A_shp,37.739825521,-122.423905364999,357,7120
002A_shp,37.74026309,-122.423487477999,358,7140
002A_shp,37.740716068,-122.423096381999,359,7160
002A_shp,37.741188326,-122.422743386999,360,7180
002A_shp,37.741669769,-122.422410452999,361,7200
002A_shp,37.742153535,-122.422082875999,362,7220
002A_shp,37.742638833,-122.421758910999,363,7240
002A_shp,37.743125333,-122.421437816999,364,7260
002A_shp,37.743612351,-122.421117964999,365,7280
002A_shp,37.744099331,-122.420798018999,366,7300
002A_shp,37.744586553,-122.420478657999,367,7320
002A_shp,37.745074338,-122.420160659999,368,7340
002A_shp,37.745562941,-122.419844658999,369,7360
002A_shp,37.746052146,-122.419530137999,370,7380
002A_shp,37.746542685,-122.419218924999,371,7400
002A_shp,37.747034989,-122.418912196999,372,7420
002A_shp,37.747536663,-122.418630800999,373,7440
002A_shp,37.748056257,-122.418408090999,374,7460
002A_shp,37.748594325,-122.418270938999,375,7480
002A_shp,37.749141992,-122.418222053999,376,7500
002A_shp,37.749691124,-122.418230404999,377,7520
002A_shp,37.750239815,-122.418262064999,378,7540
002A_shp,37.750788091,-122.418303543999,379,7560
002A_shp,37.751335796,-122.418355632999,380,7580
002A_shp,37.75188273,-122.418419274999,381,7600
002A_shp,37.752429499,-122.418484262999,382,7620
002A_shp,37.752977298,-122.418534856999,383,7640
002A_shp,37.753525084,-122.418585672999,384,7660
002A_shp,37.754072857,-122.418636710999,385,7680
002A_shp,37.754620616,-122.418687971999,386,7700
002A_shp,37.755168363,-122.418739455999,387,7720
002A_shp,37.755716097,-122.418791163999,388,7740
002A_shp,37.756263816,-122.418843092999,389,7760
002A_shp,37.756811522,-122.418895246999,390,7780
002A_shp,37.757359216,-122.418947621999,391,7800
002A_shp,37.757906895,-122.419000220999,392,7820
002A_shp,37.758454561,-122.419053041999,393,7840
002A_shp,37.759002214,-122.419106086999,394,7860
002A_shp,37.759549852,-122.419159353999,395,7880
002A_shp,37.760097477,-122.419212843999,396,7900
002A_shp,37.760645088,-122.419266556999,397,7920
002A_shp,37.761192686,-122.419320492999,398,7940
002A_shp,37.761740269,-122.419374652999,399,7960
002A_shp,37.762287839,-122.419429032999,400,7980
002A_shp,37.762835395,-122.419483636999,401,8000
002A_shp,37.763382936,-122.419538464999,402,8020
002A_shp,37.763930464,-122.419593514999,403,8040
002A_shp,37.764477977,-122.419648788999,404,8060
002A_shp,37.765025476,-122.419704283999,405,8080
002A_shp,37.765573285,-122.419754665999,406,8100
002A_shp,37.766121011,-122.419806474999,407,8120
002A_shp,37.766668636,-122.419859954999,408,8140
002A_shp,37.767216146,-122.419915284999,409,8160
002A_shp,37.76776345,-122.419973730999,410,8180
002A_shp,37.768310497,-122.420035889999,411,8200
002A_shp,37.768857509,-122.420098550999,412,8220
002A_shp,37.769404719,-122.420158369999,413,8240
002A_shp,37.769952115,-122.420215456999,414,8260
002A_shp,37.770499813,-122.420267718999,415,8280
002A_shp,37.771047864,-122.420313675999,416,8300
002A_shp,37.771596306,-122.420351553999,417,8320
002A_shp,37.772145344,-122.420368681999,418,8340
002A_shp,37.772693383,-122.420326825999,419,8360
002A_shp,37.773234583,-122.420211590999,420,8380
002A_shp,37.773761488,-122.420017077999,421,8400
002A_shp,37.774267979,-122.419750832999,422,8420
002A_shp,37.774748326,-122.419415819999,423,8440
002A_shp,37.775196347,-122.419015995999,424,8460
002A_shp,37.775614554,-122.418567713999,425,8480
002A_shp,37.776016569,-122.418096196999,426,8500
002A_shp,37.77641472,-122.417619492999,427,8520
002A_shp,37.776810828,-122.417140090999,428,8540
002A_shp,37.777205005,-122.416658169999,429,8560
002A_shp,37.777596706,-122.416173049999,430,8580
002A_shp,37.777985765,-122.415684565999,431,8600
002A_shp,37.778372233,-122.415192825999,432,8620
002A_shp,37.77875609,-122.414697845999,433,8640
002A_shp,37.779137321,-122.414199654999,434,8660
002A_shp,37.779521963,-122.413705781999,435,8680
002A_shp,37.779914193,-122.413221326999,436,8700
002A_shp,37.780305434,-122.412735601999,437,8720
002A_shp,37.780695124,-122.412247895999,438,8740
002A_shp,37.781083853,-122.411758973999,439,8760
002A_shp,37.781473376,-122.411271053999,440,8780
002A_shp,37.781864698,-122.410785421999,441,8800
002A_shp,37.782256377,-122.410300241999,442,8820
002A_shp,37.782646516,-122.409813096999,443,8840
002A_shp,37.783034754,-122.409323542999,444,8860
002A_shp,37.783422519,-122.408833391999,445,8880
002A_shp,37.783811309,-122.408344527999,446,8900
002A_shp,37.784201124,-122.407856959999,447,8920
002A_shp,37.784591573,-122.407370194999,448,8940
002A_shp,37.784982068,-122.406883489,449,8960
002A_shp,37.785371029,-122.406394830999,450,8980
002A_shp,37.785759584,-122.405905655999,451,9000
002A_shp,37.786147732,-122.405415968999,452,9020
002A_shp,37.786535382,-122.404925651999,453,9040
002A_shp,37.786922068,-122.404434126999,454,9060
002A_shp,37.787308334,-122.403942073999,455,9080
002A_shp,37.787694913,-122.403450408999,456,9100
002A_shp,37.788082533,-122.402960046999,457,9120
002A_shp,37.78847117,-122.402470958999,458,9140
002A_shp,37.788860461,-122.401982697,459,9160
002A_shp,37.789250406,-122.401495260999,460,9180
002A_shp,37.789640766,-122.401008349,461,9200
002A_shp,37.790030465,-122.400520595999,462,9220
002A_shp,37.790419431,-122.400031911999,463,9240
002A_shp,37.790807664,-122.399542299999,464,9260
002A_shp,37.791195161,-122.399051761999,465,9280
002A_shp,37.791581922,-122.398560298999,466,9300
002A_shp,37.791967944,-122.398067912999,467,9320
002A_shp,37.792353228,-122.397574605999,468,9340
002A_shp,37.792737771,-122.397080378999,469,9360
002A_shp,37.793128243,-122.396593662999,470,9380
002A_shp,37.79351386,-122.396100788999,471,9400
002A_shp,37.793888648,-122.395594828999,472,9420
002A_shp,37.794246737,-122.395070084999,473,9440
002A_shp,37.794573293,-122.394513859999,474,9460
002A_shp,37.794869983,-122.393932044999,475,9480
002A_shp,37.79515553,-122.393340762999,476,9500
002A_shp,37.795436464,-122.392745976999,477,9520
002A_shp,37.795713558,-122.392148334999,478,9540
002A_shp,37.795987483,-122.391548372999,479,9560
002A_shp,37.796258886,-122.390946589999,480,9580
002A_shp,37.796528631,-122.390343621999,481,9600
002A_shp,37.796798372,-122.389740648999,482,9620
002A_shp,37.797067932,-122.389137545999,483,9640
002A_shp,37.797336599,-122.388533807999,484,9660
002A_shp,37.797604255,-122.387929354999,485,9680
002A_shp,37.797871495,-122.387324606999,486,9700
002A_shp,37.798138233,-122.386719504999,487,9720
002A_shp,37.798404968,-122.386114398999,488,9740
002A_shp,37.7986717,-122.385509287999,489,9760
002A_shp,37.798939209,-122.384904719999,490,9780
002A_shp,37.799207439,-122.384300659999,491,9800
002A_shp,37.799476693,-122.383697318999,492,9820
002A_shp,37.799743352,-122.383092148999,493,9840
002A_shp,37.800010007,-122.382486973999,494,9860
002A_shp,37.800277327,-122.381882262999,495,9880
002A_shp,37.800545646,-122.381278252999,496,9900
002A_shp,37.800810738,-122.380671982999,497,9920
002A_shp,37.801077184,-122.380066652999,498,9940
002A_shp,37.801344896,-122.379462208999,499,9960
002A_shp,37.801613891,-122.378858667999,500,9980
002A_shp,37.801882928,-122.378255155999,501,10000
002A_shp,37.802141623,-122.377644599999,502,10020
002A_shp,37.802380598,-122.377021339999,503,10040
002A_shp,37.802605078,-122.376389578999,504,10060
002A_shp,37.802814548,-122.375749694999,505,10080
002A_shp,37.80300954,-122.375102564999,506,10100
002A_shp,37.803188025,-122.374447916999,507,10120
002A_shp,37.803352005,-122.373787274999,508,10140
002A_shp,37.803499725,-122.373120555999,509,10160
002A_shp,37.803631807,-122.372448657999,510,10180
002A_shp,37.803756383,-122.371774443999,511,10200
002A_shp,37.803880417,-122.371100073999,512,10220
002A_shp,37.804001018,-122.370424707999,513,10240
002A_shp,37.80412006,-122.369748900999,514,10260
002A_shp,37.804236907,-122.369072484999,515,10280
002A_shp,37.804352536,-122.368395735999,516,10300
002A_shp,37.804467017,-122.367718675999,517,10320
002A_shp,37.804581495,-122.367041612999,518,10340
002A_shp,37.804695969,-122.366364546999,519,10360
002A_shp,37.804810438,-122.365687480999,520,10380
002A_shp,37.804925789,-122.365010649999,521,10400
002A_shp,37.805041614,-122.364333946999,522,10420
002A_shp,37.805158096,-122.363657422999,523,10440
002A_shp,37.805273853,-122.362980700999,524,10460
002A_shp,37.805388213,-122.362303597999,525,10480
002A_shp,37.805504323,-122.361626969999,526,10500
002A_shp,37.80562163,-122.360950666999,527,10520
002A_shp,37.805738933,-122.360274361999,528,10540
002A_shp,37.805855373,-122.359597818999,529,10560
002A_shp,37.80597135,-122.358921149999,530,10580
002A_shp,37.806087323,-122.358244476999,531,10600
002A_shp,37.806203163,-122.357567767999,532,10620
002A_shp,37.806317994,-122.356890783999,533,10640
002A_shp,37.806432879,-122.356213814999,534,10660
002A_shp,37.806549918,-122.355537429999,535,10680
002A_shp,37.806666951,-122.354861041999,536,10700
002A_shp,37.806781618,-122.354184009999,537,10720
002A_shp,37.806897583,-122.353507329999,538,10740
002A_shp,37.807014074,-122.352830789999,539,10760
002A_shp,37.80712814,-122.352153594999,540,10780
002A_shp,37.807243209,-122.351476671999,541,10800
002A_shp,37.807361518,-122.350800629999,542,10820
002A_shp,37.807478257,-122.350124153999,543,10840
002A_shp,37.807593978,-122.349447400999,544,10860
002A_shp,37.807709528,-122.348770598999,545,10880
002A_shp,37.807825073,-122.348093793999,546,10900
002A_shp,37.807941405,-122.347417203999,547,10920
002A_shp,37.808058744,-122.346740887999,548,10940
002A_shp,37.808174512,-122.346064141999,549,10960
002A_shp,37.808289629,-122.345387217999,550,10980
002A_shp,37.808404741,-122.344710290999,551,11000
002A_shp,37.808521639,-122.344033849999,552,11020
002A_shp,37.808637897,-122.343357233999,553,11040
002A_shp,37.808752148,-122.342680072999,554,11060
002A_shp,37.808869709,-122.342003811999,555,11080
002A_shp,37.808985643,-122.341327106999,556,11100
002A_shp,37.809095828,-122.340648885999,557,11120
002A_shp,37.809198866,-122.339968878999,558,11140
002A_shp,37.809294738,-122.339287207999,559,11160
002A_shp,37.809383429,-122.338603989999,560,11180
002A_shp,37.809464922,-122.337919345999,561,11200
002A_shp,37.80953893,-122.337233351999,562,11220
002A_shp,37.809605627,-122.336546165999,563,11240
002A_shp,37.80966528,-122.335857952999,564,11260
002A_shp,37.809719207,-122.335168982999,565,11280
002A_shp,37.809767778,-122.334479385999,566,11300
002A_shp,37.809811017,-122.333789226999,567,11320
002A_shp,37.809848923,-122.333098569999,568,11340
002A_shp,37.809881491,-122.332407483999,569,11360
002A_shp,37.809908718,-122.331716029999,570,11380
002A_shp,37.809931962,-122.331024335999,571,11400
002A_shp,37.809943311,-122.33033228,572,11420
002A_shp,37.809929912,-122.329640183999,573,11440
002A_shp,37.80991108,-122.328948286999,574,11460
002A_shp,37.809885457,-122.328256735999,575,11480
002A_shp,37.809853048,-122.327565638999,576,11500
002A_shp,37.809813858,-122.3268751,577,11520
002A_shp,37.809767893,-122.326185224999,578,11540
002A_shp,37.809715159,-122.325496120999,579,11560
002A_shp,37.809655665,-122.324807889999,580,11580
002A_shp,37.809589421,-122.324120639999,581,11600
002A_shp,37.80952374,-122.323433295999,582,11620
002A_shp,37.809459634,-122.322745716999,583,11640
002A_shp,37.809396729,-122.322057960999,584,11660
002A_shp,37.809333938,-122.321370189999,585,11680
002A_shp,37.809271417,-122.320682378999,586,11700
002A_shp,37.809206923,-122.319994862999,587,11720
002A_shp,37.809143823,-122.319307138999,588,11740
002A_shp,37.80907866,-122.318619742999,589,11760
002A_shp,37.809007895,-122.317933204999,590,11780
002A_shp,37.808937126,-122.317246667999,591,11800
002A_shp,37.808866353,-122.316560132999,592,11820
002A_shp,37.808797471,-122.315873303999,593,11840
002A_shp,37.8087311,-122.315186101,594,11860
002A_shp,37.808670123,-122.314498076999,595,11880
002A_shp,37.808600105,-122.313811430999,596,11900
002A_shp,37.808529076,-122.313124940999,597,11920
002A_shp,37.80845897,-122.312438304999,598,11940
002A_shp,37.808413418,-122.311748718999,599,11960
002A_shp,37.808346889,-122.311061516,600,11980
002A_shp,37.808278054,-122.310374672999,601,12000
002A_shp,37.80820631,-122.309688303999,602,12020
002A_shp,37.808131463,-122.309002463999,603,12040
002A_shp,37.808053069,-122.308317253999,604,12060
002A_shp,37.807971122,-122.307632705999,605,12080
002A_shp,37.807883969,-122.306949191999,606,12100
002A_shp,37.807783836,-122.306268514999,607,12120
002A_shp,37.807666765,-122.305592157999,608,12140
002A_shp,37.807534982,-122.304920099999,609,12160
002A_shp,37.807394853,-122.304250716999,610,12180
002A_shp,37.807252061,-122.303582229999,611,12200
002A_shp,37.80710673,-122.302914612,612,12220
002A_shp,37.806960193,-122.302247416999,613,12240
002A_shp,37.806813775,-122.301580178999,614,12260
002A_shp,37.806667311,-122.300912958999,615,12280
002A_shp,37.806518098,-122.300246709999,616,12300
002A_shp,37.806365768,-122.299581584999,617,12320
002A_shp,37.806210655,-122.298917480999,618,12340
002A_shp,37.80604558,-122.298257240999,619,12360
002A_shp,37.805851134,-122.297609965999,620,12380
002A_shp,37.805625722,-122.296978725999,621,12400
002A_shp,37.805385804,-122.296356001999,622,12420
002A_shp,37.805135391,-122.295739875999,623,12440
002A_shp,37.804875151,-122.295130280999,624,12460
002A_shp,37.804631113,-122.294510092999,625,12480
002A_shp,37.804384542,-122.293891504999,626,12500
002A_shp,37.804133671,-122.293275669999,627,12520
002A_shp,37.803881595,-122.292660615999,628,12540
002A_shp,37.803632714,-122.292043503999,629,12560
002A_shp,37.803387341,-122.291424174999,630,12580
002A_shp,37.803155894,-122.290796463999,631,12600
002A_shp,37.80295673,-122.290151471999,632,12620
002A_shp,37.802787305,-122.289493027999,633,12640
002A_shp,37.802630743,-122.288829497999,634,12660
002A_shp,37.802479076,-122.288164166999,635,12680
002A_shp,37.802329745,-122.287497997999,636,12700
002A_shp,37.802183012,-122.286830912999,637,12720
002A_shp,37.802034111,-122.286164592999,638,12740
002A_shp,37.801882657,-122.285499192999,639,12760
002A_shp,37.801718086,-122.284838794,640,12780
002A_shp,37.801526556,-122.284190143999,641,12800
002A_shp,37.801297553,-122.283561129999,642,12820
002A_shp,37.801035164,-122.282953039999,643,12840
002A_shp,37.800759071,-122.282354622999,644,12860
002A_shp,37.800480986,-122.281757669999,645,12880
002A_shp,37.800200803,-122.281162277999,646,12900
002A_shp,37.799918037,-122.280568833999,647,12920
002A_shp,37.799629023,-122.279980201999,648,12940
002A_shp,37.799329938,-122.279399637999,649,12960
002A_shp,37.799020912,-122.278827446999,650,12980
002A_shp,37.798756333,-122.278221720999,651,13000
002A_shp,37.798590228,-122.277563908999,652,13020
002A_shp,37.798521427,-122.276877352999,653,13040
002A_shp,37.798487468,-122.276186651999,654,13060
002A_shp,37.798567179,-122.275505282999,655,13080
002A_shp,37.79882226,-122.274895452999,656,13100
002A_shp,37.799192327,-122.274385559999,657,13120
002A_shp,37.799641411,-122.273990902999,658,13140
002A_shp,37.800144486,-122.273713770999,659,13160
002A_shp,37.800652686,-122.273451388999,660,13180
002A_shp,37.801149318,-122.273155735999,661,13200
002A_shp,37.80164139,-122.272848181999,662,13220
002A_shp,37.80212798,-122.272527127999,663,13240
002A_shp,37.802609223,-122.272193463999,664,13260
002A_shp,37.803096333,-122.271873695999,665,13280
002A_shp,37.803526781,-122.271619320999,666,13300
002A_shp,37.803946504,-122.271360831999,667,13320
002A_shp,37.804438798,-122.271053817999,668,13340
002A_shp,37.804930616,-122.270745595999,669,13360
002A_shp,37.80542157,-122.270435189999,670,13380
002A_shp,37.80591171,-122.270122743999,671,13400
002A_shp,37.806402206,-122.269811187999,672,13420
002A_shp,37.806894126,-122.269503217999,673,13440
002A_shp,37.807387145,-122.269198046999,674,13460
002A_shp,37.807880964,-122.268894936999,675,13480
002A_shp,37.808375582,-122.268593898999,676,13500
002A_shp,37.80886163,-122.268271850999,677,13520
002A_shp,37.809362845,-122.267989060999,678,13540
002A_shp,37.809887051,-122.267789033999,679,13560
002A_shp,37.810430985,-122.267830240999,680,13580
002A_shp,37.81092608,-122.268121925999,681,13600
002A_shp,37.811344689,-122.268569312999,682,13620
002A_shp,37.811737518,-122.269053069999,683,13640
002A_shp,37.812129978,-122.269536913999,684,13660
002A_shp,37.81255187,-122.269978112999,685,13680
002A_shp,37.81302,-122.270339709999,686,13700
002A_shp,37.813521757,-122.270619367999,687,13720
002A_shp,37.814049944,-122.270807201999,688,13740
002A_shp,37.814594056,-122.270896509999,689,13760
002A_shp,37.815143015,-122.270890813999,690,13780
002A_shp,37.815686947,-122.270798011999,691,13800
002A_shp,37.81622301,-122.270647490999,692,13820
002A_shp,37.816754089,-122.270470910999,693,13840
002A_shp,37.817285605,-122.270296504999,694,13860
002A_shp,37.817821469,-122.270144643999,695,13880
002A_shp,37.818357577,-122.269994054999,696,13900
002A_shp,37.818893121,-122.269840279999,697,13920
002A_shp,37.81943065,-122.269697980999,698,13940
002A_shp,37.81996893,-122.269560210999,699,13960
002A_shp,37.820505488,-122.269412185999,700,13980
002A_shp,37.821038149,-122.269243579999,701,14000
002A_shp,37.821571836,-122.269080369999,702,14020
002A_shp,37.822108786,-122.268935017999,703,14040
002A_shp,37.822646432,-122.268793711999,704,14060
002A_shp,37.823181404,-122.268636991999,705,14080
002A_shp,37.823717311,-122.268485270999,706,14100
002A_shp,37.824250078,-122.268316887999,707,14120
002A_shp,37.824780582,-122.268137478999,708,14140
002A_shp,37.825312651,-122.267965599999,709,14160
002A_shp,37.825846521,-122.267802840999,710,14180
002A_shp,37.826381872,-122.267648003999,711,14200
002A_shp,37.826919403,-122.267505710999,712,14220
002A_shp,37.827459863,-122.267382326999,713,14240
002A_shp,37.828001576,-122.267267938999,714,14260
002A_shp,37.8285443,-122.267161431999,715,14280
002A_shp,37.829087914,-122.267062435999,716,14300
002A_shp,37.829628588,-122.266940455999,717,14320
002A_shp,37.830169673,-122.266821405999,718,14340
002A_shp,37.830711157,-122.266705287999,719,14360
002A_shp,37.831253033,-122.266592107999,720,14380
002A_shp,37.831795291,-122.266481866999,721,14400
002A_shp,37.83233792,-122.266374567999,722,14420
002A_shp,37.832880908,-122.266270205999,723,14440
002A_shp,37.833424236,-122.266168693999,724,14460
002A_shp,37.83396792,-122.266070245999,725,14480
002A_shp,37.834511978,-122.265975159999,726,14500
002A_shp,37.835056706,-122.265886377999,727,14520
002A_shp,37.835602041,-122.265803747999,728,14540
002A_shp,37.836147618,-122.265723689999,729,14560
002A_shp,37.836692449,-122.265635946999,730,14580
002A_shp,37.837235744,-122.265534349999,731,14600
002A_shp,37.837774103,-122.265397939999,732,14620
002A_shp,37.838300186,-122.265199877999,733,14640
002A_shp,37.83880642,-122.264932137999,734,14660
002A_shp,37.839287224,-122.264598001999,735,14680
002A_shp,37.839734417,-122.264196202,736,14700
002A_shp,37.840142012,-122.263732703999,737,14720
002A_shp,37.840505766,-122.263214026999,738,14740
002A_shp,37.840825413,-122.262651539999,739,14760
002A_shp,37.841094113,-122.262047804999,740,14780
002A_shp,37.841324965,-122.261419438999,741,14800
002A_shp,37.841538185,-122.260781160999,742,14820
002A_shp,37.841744222,-122.260139124999,743,14840
002A_shp,37.841947859,-122.259495873999,744,14860
002A_shp,37.84214879,-122.258851266999,745,14880
002A_shp,37.842348383,-122.258205998999,746,14900
002A_shp,37.842545218,-122.257559381999,747,14920
002A_shp,37.84274229,-122.256912877999,748,14940
002A_shp,37.842943107,-122.256268210999,749,14960
002A_shp,37.843147389,-122.255625273999,750,14980
002A_shp,37.843355523,-122.254984305,751,15000
002A_shp,37.843574043,-122.254348868999,752,15020
002A_shp,37.843803769,-122.253719745999,753,15040
002A_shp,37.844040694,-122.253094865999,754,15060
002A_shp,37.84428111,-122.252472107999,755,15080
002A_shp,37.844524934,-122.251851456999,756,15100
002A_shp,37.844771723,-122.251232671999,757,15120
002A_shp,37.845014591,-122.250611422999,758,15140
002A_shp,37.845251406,-122.249986469999,759,15160
002A_shp,37.845490615,-122.249362974999,760,15180
002A_shp,37.845737933,-122.248744520999,761,15200
002A_shp,37.845990545,-122.248129474,762,15220
002A_shp,37.846252772,-122.247520889999,763,15240
002A_shp,37.846533343,-122.246925490999,764,15260
002A_shp,37.846834458,-122.246346245999,765,15280
002A_shp,37.847148774,-122.245778217999,766,15300
002A_shp,37.84746937,-122.245215791999,767,15320
002A_shp,37.847788497,-122.244652039999,768,15340
002A_shp,37.848103165,-122.244084307999,769,15360
002A_shp,37.84841721,-122.243516024999,770,15380
002A_shp,37.848734505,-122.242950621999,771,15400
002A_shp,37.849055759,-122.242388778999,772,15420
002A_shp,37.849373897,-122.241824128999,773,15440
002A_shp,37.849685757,-122.241253925999,774,15460
002A_shp,37.850001331,-122.240686995999,775,15480
002A_shp,37.850323833,-122.240126281999,776,15500
002A_shp,37.850641213,-122.239560943999,777,15520
002A_shp,37.850951222,-122.238989150999,778,15540
002A_shp,37.851248317,-122.238406552999,779,15560
002A_shp,37.851531521,-122.237813059999,780,15580
002A_shp,37.851814981,-122.237219748999,781,15600
002A_shp,37.852105398,-122.236631791999,782,15620
002A_shp,37.852391991,-122.236040863999,783,15640
002A_shp,37.852673791,-122.235446269999,784,15660
002A_shp,37.852953165,-122.234849855,785,15680
002A_shp,37.85323126,-122.234252488999,786,15700
002A_shp,37.853508483,-122.233654474999,787,15720
002A_shp,37.853784747,-122.233055752999,788,15740
002A_shp,37.854060425,-122.232456598999,789,15760
002A_shp,37.854335887,-122.231857286999,790,15780
002A_shp,37.854611067,-122.231257764999,791,15800
002A_shp,37.85488584,-122.230657943999,792,15820
002A_shp,37.855160353,-122.230057931999,793,15840
002A_shp,37.85543474,-122.229457824999,794,15860
002A_shp,37.855708936,-122.228857577999,795,15880
002A_shp,37.855982906,-122.228257163999,796,15900
002A_shp,37.856256673,-122.227656600999,797,15920
002A_shp,37.856530254,-122.227055901999,798,15940
002A_shp,37.85680367,-122.226455078999,799,15960
002A_shp,37.857076939,-122.225854148999,800,15980
002A_shp,37.85735008,-122.225253122999,801,16000
002A_shp,37.857623113,-122.224652017999,802,16020
002A_shp,37.857896102,-122.224050877999,803,16040
002A_shp,37.85816901,-122.223449678999,804,16060
002A_shp,37.858441728,-122.222848339999,805,16080
002A_shp,37.858714142,-122.222246777999,806,16100
002A_shp,37.858986146,-122.221644918999,807,16120
002A_shp,37.859257866,-122.221042854999,808,16140
002A_shp,37.859529311,-122.220440591999,809,16160
002A_shp,37.859800381,-122.219838056999,810,16180
002A_shp,37.86007098,-122.219235183999,811,16200
002A_shp,37.860341007,-122.218631899999,812,16220
002A_shp,37.860610135,-122.218027975999,813,16240
002A_shp,37.860878418,-122.217423450999,814,16260
002A_shp,37.86114624,-122.216818598999,815,16280
002A_shp,37.861413977,-122.216213684999,816,16300
002A_shp,37.861682012,-122.215608977999,817,16320
002A_shp,37.861950716,-122.215004743999,818,16340
002A_shp,37.862219982,-122.214400903999,819,16360
002A_shp,37.862489559,-122.213797282999,820,16380
002A_shp,37.862759393,-122.213193841999,821,16400
002A_shp,37.863029429,-122.212590542999,822,16420
002A_shp,37.863299613,-122.211987345999,823,16440
002A_shp,37.863569888,-122.211384213999,824,16460
002A_shp,37.863840237,-122.210781131999,825,16480
002A_shp,37.864110731,-122.210178149999,826,16500
002A_shp,37.864381367,-122.209575267999,827,16520
002A_shp,37.864652138,-122.208972480999,828,16540
002A_shp,37.864923036,-122.208369780999,829,16560
002A_shp,37.865194052,-122.207767164999,830,16580
002A_shp,37.865465174,-122.207164620999,831,16600
002A_shp,37.865736269,-122.206562055999,832,16620
002A_shp,37.866007371,-122.205959494999,833,16640
002A_shp,37.86627859,-122.205357014999,834,16660
002A_shp,37.866550038,-122.204754695999,835,16680
002A_shp,37.866821822,-122.204152615999,836,16700
002A_shp,37.867094053,-122.203550855999,837,16720
002A_shp,37.86736681,-122.202949472999,838,16740
002A_shp,37.867639899,-122.202348326999,839,16760
002A_shp,37.867913339,-122.201747432999,840,16780
002A_shp,37.868187232,-122.201146864999,841,16800
002A_shp,37.868461678,-122.200546697,842,16820
002A_shp,37.868737053,-122.199947204999,843,16840
002A_shp,37.869014027,-122.199348883999,844,16860
002A_shp,37.869291574,-122.198750981999,845,16880
002A_shp,37.869568506,-122.198152624999,846,16900
002A_shp,37.869843638,-122.197552945999,847,16920
002A_shp,37.870115905,-122.196951188999,848,16940
002A_shp,37.870385741,-122.196347688999,849,16960
002A_shp,37.870654517,-122.195743433999,850,16980
002A_shp,37.870923626,-122.195139411999,851,17000
002A_shp,37.871194212,-122.194536439999,852,17020
002A_shp,37.871465066,-122.193933655999,853,17040
002A_shp,37.871737955,-122.193332333999,854,17060
002A_shp,37.872014307,-122.192733532999,855,17080
002A_shp,37.872293719,-122.192136992999,856,17100
002A_shp,37.872576586,-122.191543046999,857,17120
002A_shp,37.872863454,-122.190952164999,858,17140
002A_shp,37.873157148,-122.190366642999,859,17160
002A_shp,37.873460252,-122.189788813999,860,17180
002A_shp,37.873774283,-122.189220345999,861,17200
002A_shp,37.874098734,-122.188661261999,862,17220
002A_shp,37.874436372,-122.188114771999,863,17240
002A_shp,37.87478707,-122.187581499999,864,17260
002A_shp,37.875146686,-122.187057775999,865,17280
002A_shp,37.87549655,-122.186523776999,866,17300
002A_shp,37.875864698,-122.186009751999,867,17320
002A_shp,37.876261472,-122.185530953999,868,17340
002A_shp,37.876692941,-122.185102520999,869,17360
002A_shp,37.877147891,-122.184714430999,870,17380
002A_shp,37.877612474,-122.184344797999,871,17400
002A_shp,37.878080952,-122.183983073999,872,17420
002A_shp,37.878551333,-122.183625357999,873,17440
002A_shp,37.879019752,-122.183263505999,874,17460
002A_shp,37.879493243,-122.182912328999,875,17480
002A_shp,37.879967296,-122.182562351999,876,17500
002A_shp,37.880436466,-122.182202041999,877,17520
002A_shp,37.880906024,-122.181842535999,878,17540
002A_shp,37.881379485,-122.181491267999,879,17560
002A_shp,37.881846093,-122.181125749999,880,17580
002A_shp,37.882318938,-122.180773285999,881,17600
002A_shp,37.882800515,-122.180440054999,882,17620
002A_shp,37.883287397,-122.180119336999,883,17640
002A_shp,37.883778591,-122.179809235999,884,17660
002A_shp,37.884272293,-122.179505538999,885,17680
002A_shp,37.884768414,-122.179208171999,886,17700
002A_shp,37.885262927,-122.178906588999,887,17720
002A_shp,37.885752255,-122.178591820999,888,17740
002A_shp,37.886246796,-122.178290493999,889,17760
002A_shp,37.886736717,-122.177977788999,890,17780
002A_shp,37.887209659,-122.177625484999,891,17800
002A_shp,37.887669822,-122.177247215999,892,17820
002A_shp,37.888114178,-122.176839977999,893,17840
002A_shp,37.888542799,-122.176406714999,894,17860
002A_shp,37.888953636,-122.175946791999,895,17880
002A_shp,37.889346708,-122.175462897999,896,17900
002A_shp,37.889718704,-122.174953077999,897,17920
002A_shp,37.890070919,-122.174421360999,898,17940
002A_shp,37.890402205,-122.173868647999,899,17960
002A_shp,37.890711471,-122.173295970999,900,17980
002A_shp,37.890996443,-122.172703566999,901,18000
002A_shp,37.891258842,-122.172094774999,902,18020
002A_shp,37.891499447,-122.171471789999,903,18040
002A_shp,37.891718576,-122.170836313999,904,18060
002A_shp,37.891919421,-122.170191265999,905,18080
002A_shp,37.892104632,-122.169538806999,906,18100
002A_shp,37.892272668,-122.168878990999,907,18120
002A_shp,37.892423717,-122.168212660999,908,18140
002A_shp,37.892554745,-122.167539607999,909,18160
002A_shp,37.892670176,-122.166862039999,910,18180
002A_shp,37.892766739,-122.166179777999,911,18200
002A_shp,37.8928459,-122.165493955999,912,18220
002A_shp,37.892907463,-122.164805266999,913,18240
002A_shp,37.892950266,-122.164114310999,914,18260
002A_shp,37.892975239,-122.163421968999,915,18280
002A_shp,37.892981763,-122.162728960999,916,18300
002A_shp,37.892970837,-122.162036033999,917,18320
002A_shp,37.89294104,-122.161343998999,918,18340
002A_shp,37.892892434,-122.160653661999,919,18360
002A_shp,37.892825746,-122.159965727999,920,18380
002A_shp,37.892743294,-122.159280513999,921,18400
002A_shp,37.892650622,-122.158597364999,922,18420
002A_shp,37.892552934,-122.157915328999,923,18440
002A_shp,37.892452516,-122.157233924999,924,18460
002A_shp,37.892349621,-122.156553109999,925,18480
002A_shp,37.892244714,-122.155872784999,926,18500
002A_shp,37.892137137,-122.155193125999,927,18520
002A_shp,37.892028508,-122.154513733999,928,18540
002A_shp,37.891920516,-122.153834179999,929,18560
002A_shp,37.891814464,-122.153154141999,930,18580
002A_shp,37.891708846,-122.152473996999,931,18600
002A_shp,37.891604771,-122.151793474999,932,18620
002A_shp,37.891503776,-122.151112215999,933,18640
002A_shp,37.891404689,-122.150430511999,934,18660
002A_shp,37.891313469,-122.149747070999,935,18680
002A_shp,37.891237,-122.149060795999,936,18700
002A_shp,37.891190942,-122.148370288999,937,18720
002A_shp,37.891181939,-122.147677427999,938,18740
002A_shp,37.89120472,-122.146985037999,939,18760
002A_shp,37.891253139,-122.146294697999,940,18780
002A_shp,37.891315293,-122.145606085999,941,18800
002A_shp,37.891380789,-122.144917970999,942,18820
002A_shp,37.891432233,-122.144227961999,943,18840
002A_shp,37.891461297,-122.143535950999,944,18860
002A_shp,37.891456005,-122.142843030999,945,18880
002A_shp,37.891415321,-122.14215198,946,18900
002A_shp,37.891338369,-122.141465844999,947,18920
002A_shp,37.891235872,-122.140784987999,948,18940
002A_shp,37.891119406,-122.140107682999,949,18960
002A_shp,37.890993942,-122.139432939999,950,18980
002A_shp,37.890871546,-122.138757312999,951,19000
002A_shp,37.890762284,-122.138078117999,952,19020
002A_shp,37.89067853,-122.137393291999,953,19040
002A_shp,37.890633258,-122.136702740999,954,19060
002A_shp,37.89063269,-122.136009883999,955,19080
002A_shp,37.890678566,-122.135319439999,956,19100
002A_shp,37.890768688,-122.134635976999,957,19120
002A_shp,37.890896047,-122.133961908999,958,19140
002A_shp,37.891045984,-122.133295173999,959,19160
002A_shp,37.891204256,-122.132631499999,960,19180
002A_shp,37.891364387,-122.131968533999,961,19200
002A_shp,37.891527122,-122.131306576999,962,19220
002A_shp,37.891691256,-122.130645167999,963,19240
002A_shp,37.891857346,-122.129984536,964,19260
002A_shp,37.892029583,-122.129326425999,965,19280
002A_shp,37.892204372,-122.128669380999,966,19300
002A_shp,37.892364001,-122.128006238999,967,19320
002A_shp,37.892530641,-122.127345858999,968,19340
002A_shp,37.89269136,-122.126683166999,969,19360
002A_shp,37.892856207,-122.126022125999,970,19380
002A_shp,37.893010879,-122.125357240999,971,19400
002A_shp,37.893174571,-122.124695723999,972,19420
002A_shp,37.893345744,-122.124037153999,973,19440
002A_shp,37.893510763,-122.123376082,974,19460
002A_shp,37.893667794,-122.122711927999,975,19480
002A_shp,37.89380965,-122.122042374999,976,19500
002A_shp,37.893933426,-122.121367142999,977,19520
002A_shp,37.894047897,-122.120689262999,978,19540
002A_shp,37.894158028,-122.120010236999,979,19560
002A_shp,37.894267161,-122.119330953999,980,19580
002A_shp,37.894374659,-122.118651254999,981,19600
002A_shp,37.894482452,-122.117971628999,982,19620
002A_shp,37.894592767,-122.117292647999,983,19640
002A_shp,37.894706019,-122.116614435999,984,19660
002A_shp,37.894820304,-122.115936497999,985,19680
002A_shp,37.894933598,-122.115258294999,986,19700
002A_shp,37.895043878,-122.114579300999,987,19720
002A_shp,37.895151376,-122.113899594999,988,19740
002A_shp,37.895255416,-122.113219034999,989,19760
002A_shp,37.895354387,-122.112537267,990,19780
002A_shp,37.895457802,-122.111856555999,991,19800
002A_shp,37.895566691,-122.111177199999,992,19820
002A_shp,37.895676718,-122.110498132999,993,19840
002A_shp,37.89578785,-122.109819351999,994,19860
002A_shp,37.895900155,-122.109140877999,995,19880
002A_shp,37.896013053,-122.108462558999,996,19900
002A_shp,37.896125969,-122.107784243999,997,19920
002A_shp,37.896239124,-122.107105991999,998,19940
002A_shp,37.896352901,-122.106427902999,999,19960
002A_shp,37.896466769,-122.105749838999,1000,19980
002A_shp,37.89658019,-122.105071653999,1001,20000
002A_shp,37.896692634,-122.104393208999,1002,20020
002A_shp,37.896804328,-122.103714564999,1003,20040
002A_shp,37.896915537,-122.103035794,1004,20060
002A_shp,37.897025959,-122.102356816999,1005,20080
002A_shp,37.897135291,-122.101677559,1006,20100
002A_shp,37.897243667,-122.100998053999,1007,20120
002A_shp,37.89735019,-122.100318085999,1008,20140
002A_shp,37.897452838,-122.099637171999,1009,20160
002A_shp,37.897541728,-122.098953199999,1010,20180
002A_shp,37.897612336,-122.098265850999,1011,20200
002A_shp,37.897664745,-122.097575908999,1012,20220
002A_shp,37.897701127,-122.096884304999,1013,20240
002A_shp,37.897730701,-122.096192179999,1014,20260
002A_shp,37.89775723,-122.095499852999,1015,20280
002A_shp,37.89778153,-122.094807395999,1016,20300
002A_shp,37.897804346,-122.094114858999,1017,20320
002A_shp,37.897826655,-122.093422294999,1018,20340
002A_shp,37.897848032,-122.092729682999,1019,20360
002A_shp,37.897868542,-122.092037029999,1020,20380
002A_shp,37.897888364,-122.091344344999,1021,20400
002A_shp,37.897907555,-122.090651630999,1022,20420
002A_shp,37.897926031,-122.089958885999,1023,20440
002A_shp,37.897943785,-122.089266110999,1024,20460
002A_shp,37.89796081,-122.088573305999,1025,20480
002A_shp,37.897977384,-122.087880483999,1026,20500
002A_shp,37.897993205,-122.087187633999,1027,20520
002A_shp,37.898006705,-122.086494705999,1028,20540
002A_shp,37.898016514,-122.085801686999,1029,20560
002A_shp,37.89801524,-122.085108564,1030,20580
002A_shp,37.897996787,-122.084415851999,1031,20600
002A_shp,37.897958057,-122.083724476999,1032,20620
002A_shp,37.897900508,-122.083035186999,1033,20640
002A_shp,37.897825277,-122.082348611999,1034,20660
002A_shp,37.89773304,-122.081665359999,1035,20680
002A_shp,37.897630573,-122.080984396999,1036,20700
002A_shp,37.897536445,-122.080301520999,1037,20720
002A_shp,37.897461067,-122.079615021,1038,20740
002A_shp,37.897418353,-122.078924111999,1039,20760
002A_shp,37.89741432,-122.078231163999,1040,20780
002A_shp,37.897446672,-122.077539373999,1041,20800
002A_shp,37.897519708,-122.076852553999,1042,20820
002A_shp,37.897632046,-122.076174229999,1043,20840
002A_shp,37.897781315,-122.075507291999,1044,20860
002A_shp,37.897969643,-122.074856351999,1045,20880
002A_shp,37.898194052,-122.074223919999,1046,20900
002A_shp,37.898455832,-122.073614733999,1047,20920
002A_shp,37.898746503,-122.073026762999,1048,20940
002A_shp,37.899072245,-122.072468880999,1049,20960
002A_shp,37.899427862,-122.071940818999,1050,20980
002A_shp,37.899813624,-122.071447625999,1051,21000
002A_shp,37.900226746,-122.070990990999,1052,21020
002A_shp,37.900662882,-122.070569844999,1053,21040
002A_shp,37.901124018,-122.070193625999,1054,21060
002A_shp,37.901602537,-122.069853484999,1055,21080
002A_shp,37.902092609,-122.069540572,1056,21100
002A_shp,37.902587512,-122.069239934,1057,21120
002A_shp,37.90308435,-122.068944415999,1058,21140
002A_shp,37.90358231,-122.068651915999,1059,21160
002A_shp,37.904081226,-122.068362017999,1060,21180
002A_shp,37.904579528,-122.068070445999,1061,21200
002A_shp,37.905076677,-122.067775748999,1062,21220
002A_shp,37.905573073,-122.067479037999,1063,21240
002A_shp,37.906070064,-122.067183934999,1064,21260
002A_shp,37.906567054,-122.066888806999,1065,21280
002A_shp,37.907062012,-122.066588293,1066,21300
002A_shp,37.907557046,-122.066287972999,1067,21320
002A_shp,37.908053464,-122.065991310999,1068,21340
002A_shp,37.908550716,-122.065696879999,1069,21360
002A_shp,37.909049,-122.065405242999,1070,21380
002A_shp,37.909548453,-122.065116807999,1071,21400
002A_shp,37.910051234,-122.064837760999,1072,21420
002A_shp,37.910561433,-122.064581169999,1073,21440
002A_shp,37.911080019,-122.064352924999,1074,21460
002A_shp,37.911608108,-122.064162683999,1075,21480
002A_shp,37.912143518,-122.064008399999,1076,21500
002A_shp,37.9126853,-122.063895082999,1077,21520
002A_shp,37.913230593,-122.063812136999,1078,21540
002A_shp,37.913777281,-122.063745445999,1079,21560
002A_shp,37.914324732,-122.063689360999,1080,21580
002A_shp,37.914871533,-122.063623990999,1081,21600
002A_shp,37.915417156,-122.063544642999,1082,21620
002A_shp,37.91595977,-122.063437596999,1083,21640
002A_shp,37.916497551,-122.063297054999,1084,21660
002A_shp,37.917028147,-122.063118206999,1085,21680
002A_shp,37.917550698,-122.062904970999,1086,21700
002A_shp,37.918064953,-122.062661563999,1087,21720
002A_shp,37.918573837,-122.062400721999,1088,21740
002A_shp,37.919081292,-122.062135457999,1089,21760
002A_shp,37.919593341,-122.061884715999,1090,21780
002A_shp,37.9201116,-122.061655197999,1091,21800
002A_shp,37.920635706,-122.061447906999,1092,21820
002A_shp,37.92116386,-122.061257603999,1093,21840
002A_shp,37.921693954,-122.061076094999,1094,21860
002A_shp,37.922224812,-122.060898166999,1095,21880
002A_shp,37.9227544,-122.060714318999,1096,21900
002A_shp,37.923282421,-122.060523432999,1097,21920
002A_shp,37.923807727,-122.060321019999,1098,21940
002A_shp,37.92432555,-122.060090076,1099,21960
002A_shp,37.924830061,-122.059816462999,1100,21980
002A_shp,37.925315116,-122.059491640999,1101,22000
002A_shp,37.925776922,-122.059116624999,1102,22020
002A_shp,37.926214365,-122.058697619999,1103,22040
002A_shp,37.926628267,-122.058241923999,1104,22060
002A_shp,37.927025947,-122.057763661999,1105,22080
002A_shp,37.927417309,-122.057277153999,1106,22100
002A_shp,37.9278051,-122.056786094999,1107,22120
002A_shp,37.928191422,-122.056293190999,1108,22140
002A_shp,37.928578674,-122.055801498,1109,22160
002A_shp,37.928969839,-122.055314716999,1110,22180
002A_shp,37.929359495,-122.054826007999,1111,22200
002A_shp,37.929746941,-122.054334503999,1112,22220
002A_shp,37.930131341,-122.053839203999,1113,22240
002A_shp,37.930507459,-122.053333886999,1114,22260
002A_shp,37.930870048,-122.052813086999,1115,22280
002A_shp,37.931213196,-122.052271705999,1116,22300
002A_shp,37.93153957,-122.051713991999,1117,22320
002A_shp,37.931851618,-122.051143373999,1118,22340
002A_shp,37.932153408,-122.050563978999,1119,22360
002A_shp,37.932454627,-122.049984106999,1120,22380
002A_shp,37.932753171,-122.049402031999,1121,22400
002A_shp,37.93305,-122.048818556999,1122,22420
002A_shp,37.933346084,-122.048234475999,1123,22440
002A_shp,37.933642394,-122.047650575999,1124,22460
002A_shp,37.933939899,-122.047067643999,1125,22480
002A_shp,37.934239024,-122.046486030999,1126,22500
002A_shp,37.934538939,-122.045905065999,1127,22520
002A_shp,37.934839402,-122.045324548999,1128,22540
002A_shp,37.935140197,-122.044744305,1129,22560
002A_shp,37.935441114,-122.044164158999,1130,22580
002A_shp,37.935741939,-122.043583933999,1131,22600
002A_shp,37.936042459,-122.043003455999,1132,22620
002A_shp,37.936342461,-122.042422547999,1133,22640
002A_shp,37.936641792,-122.041841084999,1134,22660
002A_shp,37.936940623,-122.041259210999,1135,22680
002A_shp,37.937239074,-122.040677023999,1136,22700
002A_shp,37.93753724,-122.040094601999,1137,22720
002A_shp,37.93783522,-122.039512023999,1138,22740
002A_shp,37.938133111,-122.038929373999,1139,22760
002A_shp,37.938431012,-122.038346726999,1140,22780
002A_shp,37.938729018,-122.037764165999,1141,22800
002A_shp,37.939027229,-122.037181768999,1142,22820
002A_shp,37.939325704,-122.036599583999,1143,22840
002A_shp,37.939624088,-122.036017323999,1144,22860
002A_shp,37.939922372,-122.035434978999,1145,22880
002A_shp,37.940220676,-122.034852647999,1146,22900
002A_shp,37.94051912,-122.034270429999,1147,22920
002A_shp,37.940817827,-122.033688422999,1148,22940
002A_shp,37.941116916,-122.033106727999,1149,22960
002A_shp,37.941416507,-122.032525441999,1150,22980
002A_shp,37.941716696,-122.031944646999,1151,23000
002A_shp,37.942016892,-122.031363853999,1152,23020
002A_shp,37.94231725,-122.030783192999,1153,23040
002A_shp,37.942618393,-122.030203178999,1154,23060
002A_shp,37.942920946,-122.029624331999,1155,23080
002A_shp,37.943224818,-122.029046586999,1156,23100
002A_shp,37.943531531,-122.028471250999,1157,23120
002A_shp,37.943848125,-122.027904558999,1158,23140
002A_shp,37.944189686,-122.027361645999,1159,23160
002A_shp,37.944568634,-122.026859923999,1160,23180
002A_shp,37.944984501,-122.026407349999,1161,23200
002A_shp,37.945431875,-122.026005426999,1162,23220
002A_shp,37.945909318,-122.025663022999,1163,23240
002A_shp,37.946409947,-122.025378457999,1164,23260
002A_shp,37.946930404,-122.025157712999,1165,23280
002A_shp,37.947464817,-122.024998959999,1166,23300
002A_shp,37.948008956,-122.024906235999,1167,23320
002A_shp,37.948557629,-122.024882394999,1168,23340
002A_shp,37.949105682,-122.024924005999,1169,23360
002A_shp,37.949648289,-122.025030090999,1170,23380
002A_shp,37.950181969,-122.025193506,1171,23400
002A_shp,37.950708155,-122.025392265999,1172,23420
002A_shp,37.951233326,-122.025594985999,1173,23440
002A_shp,37.951756897,-122.025803349999,1174,23460
002A_shp,37.952279079,-122.026018119999,1175,23480
002A_shp,37.952800563,-122.026235808999,1176,23500
002A_shp,37.953320457,-122.026459532999,1177,23520
002A_shp,37.953839273,-122.026687216999,1178,23540
002A_shp,37.95435813,-122.026914758999,1179,23560
002A_shp,37.95487825,-122.027137645999,1180,23580
002A_shp,37.95539958,-122.027355980999,1181,23600
002A_shp,37.955921647,-122.027571491999,1182,23620
002A_shp,37.956444205,-122.027785102999,1183,23640
002A_shp,37.95696722,-122.027996917999,1184,23660
002A_shp,37.957490757,-122.028206671999,1185,23680
002A_shp,37.958014538,-122.028415450999,1186,23700
002A_shp,37.958538496,-122.028623523999,1187,23720
002A_shp,37.959062842,-122.028830026999,1188,23740
002A_shp,37.959587392,-122.029035711999,1189,23760
002A_shp,37.960111943,-122.029241389999,1190,23780
002A_shp,37.960636294,-122.029447876999,1191,23800
002A_shp,37.961160224,-122.029656066999,1192,23820
002A_shp,37.961683508,-122.029866832999,1193,23840
002A_shp,37.962207185,-122.030076033999,1194,23860
002A_shp,37.962732804,-122.030277292999,1195,23880
002A_shp,37.963258344,-122.030478869999,1196,23900
002A_shp,37.96377955,-122.030697674999,1197,23920
002A_shp,37.964303204,-122.030906929999,1198,23940
002A_shp,37.964831227,-122.031097692999,1199,23960
002A_shp,37.965367031,-122.031249721,1200,23980
002A_shp,37.965909014,-122.031361619999,1201,24000
002A_shp,37.966456058,-122.031420939999,1202,24020
002A_shp,37.967005101,-122.031434392999,1203,24040
002A_shp,37.967553773,-122.031404791999,1204,24060
002A_shp,37.968100025,-122.031333980999,1205,24080
002A_shp,37.968641295,-122.031217046999,1206,24100
002A_shp,37.96917486,-122.031052811999,1207,24120
002A_shp,37.969701648,-122.030856865999,1208,24140
002A_shp,37.970224092,-122.030643075999,1209,24160
002A_shp,37.970744728,-122.030422268,1210,24180
002A_shp,37.971266708,-122.030206593999,1211,24200
002A_shp,37.971781503,-122.029964845999,1212,24220
002A_shp,37.972301732,-122.029742687999,1213,24240
002A_shp,37.972818264,-122.029507364999,1214,24260
002A_shp,37.973334129,-122.029269346999,1215,24280
002A_shp,37.97385752,-122.029059113999,1216,24300
002A_shp,37.974377593,-122.028836267999,1217,24320
002A_shp,37.974892596,-122.028595273999,1218,24340
002A_shp,37.975419423,-122.028399993999,1219,24360
002A_shp,37.975961254,-122.028291725999,1220,24380
002A_shp,37.97650963,-122.028315829999,1221,24400
002A_shp,37.977050259,-122.028434004999,1222,24420
002A_shp,37.97756581,-122.028670609999,1223,24440
002A_shp,37.978050867,-122.028995699999,1224,24460
002A_shp,37.978522784,-122.029350678999,1225,24480
002A_shp,37.978998101,-122.029698346999,1226,24500
002A_shp,37.979483742,-122.030022256,1227,24520
002A_shp,37.979986497,-122.030301151999,1228,24540
002A_shp,37.980502292,-122.030539455999,1229,24560
002A_shp,37.981021765,-122.030764785999,1230,24580
002A_shp,37.981542406,-122.030985796999,1231,24600
002A_shp,37.982063799,-122.031203963999,1232,24620
002A_shp,37.982585484,-122.031421012999,1233,24640
002A_shp,37.983106708,-122.031639820999,1234,24660
002A_shp,37.983626936,-122.031862386999,1235,24680
002A_shp,37.984146561,-122.032087190999,1236,24700
002A_shp,37.984666224,-122.032311851999,1237,24720
002A_shp,37.985186567,-122.032533986999,1238,24740
002A_shp,37.985707663,-122.032753293999,1239,24760
002A_shp,37.986229398,-122.032970138999,1240,24780
002A_shp,37.986754456,-122.033173761999,1241,24800
002A_shp,37.987284693,-122.033354478999,1242,24820
002A_shp,37.987822857,-122.033492337999,1243,24840
002A_shp,37.988367679,-122.033579085999,1244,24860
002A_shp,37.988915792,-122.033621980999,1245,24880
002A_shp,37.989464874,-122.033617317,1246,24900
002A_shp,37.990012401,-122.033563923999,1247,24920
002A_shp,37.990555398,-122.033460523999,1248,24940
002A_shp,37.991091257,-122.033309073999,1249,24960
002A_shp,37.991617579,-122.033111153,1250,24980
002A_shp,37.992131284,-122.032865954999,1251,25000
002A_shp,37.992631026,-122.032578304999,1252,25020
002A_shp,37.993116571,-122.032254004999,1253,25040
002A_shp,37.993594301,-122.031911575999,1254,25060
002A_shp,37.994068171,-122.031560679,1255,25080
002A_shp,37.994543237,-122.031212385999,1256,25100
002A_shp,37.995022194,-122.030872689999,1257,25120
002A_shp,37.9954988,-122.030527766999,1258,25140
002A_shp,37.995972566,-122.030176630999,1259,25160
002A_shp,37.996447542,-122.029828121999,1260,25180
002A_shp,37.996924993,-122.029485049999,1261,25200
002A_shp,37.997403705,-122.029144790999,1262,25220
002A_shp,37.997882594,-122.028804924999,1263,25240
002A_shp,37.998360578,-122.028463034999,1264,25260
002A_shp,37.99883789,-122.028119641999,1265,25280
002A_shp,37.999314595,-122.027774904999,1266,25300
002A_shp,37.999789941,-122.027427181999,1267,25320
002A_shp,38.000263311,-122.027075185999,1268,25340
002A_shp,38.000732646,-122.026714675999,1269,25360
002A_shp,38.001195558,-122.026341150999,1270,25380
002A_shp,38.001653077,-122.025957128999,1271,25400
002A_shp,38.002117363,-122.025586311999,1272,25420
002A_shp,38.002575398,-122.025203350999,1273,25440
002A_shp,38.003031635,-122.024816914999,1274,25460
002A_shp,38.003492254,-122.024438846999,1275,25480
002A_shp,38.003959056,-122.024073156999,1276,25500
002A_shp,38.004421538,-122.023698994999,1277,25520
002A_shp,38.004874421,-122.023306323999,1278,25540
002A_shp,38.005339896,-122.022937909999,1279,25560
002A_shp,38.005795766,-122.022550824999,1280,25580
002A_shp,38.006260203,-122.022180339999,1281,25600
002A_shp,38.006718558,-122.021797914999,1282,25620
002A_shp,38.007186158,-122.021433787999,1283,25640
002A_shp,38.007651466,-122.021064998999,1284,25660
002A_shp,38.008113982,-122.020690621999,1285,25680
002A_shp,38.008574179,-122.020311739999,1286,25700
002A_shp,38.009021761,-122.019909791999,1287,25720
002A_shp,38.009433101,-122.019450347999,1288,25740
002A_shp,38.009793333,-122.018927023999,1289,25760
002A_shp,38.010101333,-122.018352787999,1290,25780
002A_shp,38.010351643,-122.017735400999,1291,25800
002A_shp,38.010539883,-122.017083868999,1292,25820
002A_shp,38.010672156,-122.016410194999,1293,25840
002A_shp,38.010790503,-122.015732309999,1294,25860
002A_shp,38.010904149,-122.015053140999,1295,25880
002A_shp,38.011015381,-122.014373330999,1296,25900
002A_shp,38.011124064,-122.013692860999,1297,25920
002A_shp,38.01123049,-122.013011820999,1298,25940
002A_shp,38.011334364,-122.012330150999,1299,25960
002A_shp,38.011436588,-122.011648081999,1300,25980
002A_shp,38.011537806,-122.010965771999,1301,26000
002A_shp,38.01163715,-122.010283020999,1302,26020
002A_shp,38.011735276,-122.009599987999,1303,26040
002A_shp,38.01183293,-122.008916844999,1304,26060
002A_shp,38.011930855,-122.008233762999,1305,26080
002A_shp,38.012029793,-122.007550914999,1306,26100
002A_shp,38.01212992,-122.006868341999,1307,26120
002A_shp,38.012230387,-122.006185847999,1308,26140
002A_shp,38.01233125,-122.005503445999,1309,26160
002A_shp,38.012432602,-122.004821158999,1310,26180
002A_shp,38.01253454,-122.004139010999,1311,26200
002A_shp,38.012637157,-122.003457023999,1312,26220
002A_shp,38.012740548,-122.002775223999,1313,26240
002A_shp,38.012844237,-122.002093494999,1314,26260
002A_shp,38.012949149,-122.001412063999,1315,26280
002A_shp,38.013055487,-122.000730983999,1316,26300
002A_shp,38.013165459,-122.000050834999,1317,26320
002A_shp,38.013285953,-121.999373538999,1318,26340
002A_shp,38.013420055,-121.998700361999,1319,26360
002A_shp,38.013573702,-121.998033911,1320,26380
002A_shp,38.013752197,-121.997377463999,1321,26400
002A_shp,38.013953195,-121.996731417999,1322,26420
002A_shp,38.014170944,-121.996094140999,1323,26440
002A_shp,38.014410684,-121.995469577,1324,26460
002A_shp,38.01466685,-121.994855521999,1325,26480
002A_shp,38.01494432,-121.994256507999,1326,26500
002A_shp,38.01524074,-121.993672090999,1327,26520
002A_shp,38.015554572,-121.993102428999,1328,26540
002A_shp,38.015886177,-121.992549037999,1329,26560
002A_shp,38.016228081,-121.992005723999,1330,26580
002A_shp,38.016575481,-121.991468004999,1331,26600
002A_shp,38.016926565,-121.990934111999,1332,26620
002A_shp,38.017269789,-121.990392127999,1333,26640
002A_shp,38.017605481,-121.989842648999,1334,26660
002A_shp,38.01792826,-121.989280981999,1335,26680
002A_shp,38.018231586,-121.988702248999,1336,26700
002A_shp,38.018515286,-121.988107848999,1337,26720
002A_shp,38.018787042,-121.987504530999,1338,26740
002A_shp,38.019053281,-121.986897282999,1339,26760
002A_shp,38.019315949,-121.986287555999,1340,26780
002A_shp,38.019577746,-121.985677226999,1341,26800
002A_shp,38.019846321,-121.985071626999,1342,26820
002A_shp,38.020116866,-121.984467422999,1343,26840
002A_shp,38.020377898,-121.983856577999,1344,26860
002A_shp,38.020635816,-121.983243607999,1345,26880
002A_shp,38.020902785,-121.982636870999,1346,26900
002A_shp,38.02117306,-121.982032462999,1347,26920
002A_shp,38.021439424,-121.981425282999,1348,26940
002A_shp,38.021704104,-121.980816925999,1349,26960
002A_shp,38.021967976,-121.980208004999,1350,26980
002A_shp,38.022229415,-121.979597407999,1351,27000
002A_shp,38.022489528,-121.978985906999,1352,27020
002A_shp,38.022739357,-121.978367618999,1353,27040
002A_shp,38.022966334,-121.977735468999,1354,27060
002A_shp,38.023169446,-121.977090452999,1355,27080
002A_shp,38.023347578,-121.976433733999,1356,27100
002A_shp,38.023498578,-121.975766256999,1357,27120
002A_shp,38.023623435,-121.975090200999,1358,27140
002A_shp,38.023721522,-121.974407109999,1359,27160
002A_shp,38.023791095,-121.973718485999,1360,27180
002A_shp,38.02383294,-121.973026252999,1361,27200
002A_shp,38.023850161,-121.972332387,1362,27220
002A_shp,38.023837349,-121.971638334999,1363,27240
002A_shp,38.023798715,-121.970945804999,1364,27260
002A_shp,38.023729763,-121.970257067999,1365,27280
002A_shp,38.023636318,-121.969572940999,1366,27300
002A_shp,38.023520929,-121.968894134999,1367,27320
002A_shp,38.023399607,-121.968216972999,1368,27340
002A_shp,38.023275703,-121.967540559999,1369,27360
002A_shp,38.023150371,-121.966864567999,1370,27380
002A_shp,38.023024587,-121.966188711999,1371,27400
002A_shp,38.022897834,-121.965513145999,1372,27420
002A_shp,38.02277072,-121.964837688999,1373,27440
002A_shp,38.022643599,-121.964162236999,1374,27460
002A_shp,38.022516324,-121.963486830999,1375,27480
002A_shp,38.022388834,-121.962811491999,1376,27500
002A_shp,38.022261064,-121.962136236999,1377,27520
002A_shp,38.022132952,-121.961461088999,1378,27540
002A_shp,38.022004434,-121.960786063999,1379,27560
002A_shp,38.021875449,-121.960111182999,1380,27580
002A_shp,38.02174593,-121.959436465999,1381,27600
002A_shp,38.021615817,-121.958761934,1382,27620
002A_shp,38.02148506,-121.958087600999,1383,27640
002A_shp,38.021354678,-121.957413154,1384,27660
002A_shp,38.02122291,-121.956739139999,1385,27680
002A_shp,38.021087581,-121.956066253999,1386,27700
002A_shp,38.020945798,-121.955395513999,1387,27720
002A_shp,38.020790179,-121.954729704999,1388,27740
002A_shp,38.02062114,-121.954069136999,1389,27760
002A_shp,38.020438544,-121.953414363999,1390,27780
002A_shp,38.020246479,-121.952763919999,1391,27800
002A_shp,38.020048524,-121.952116306,1392,27820
002A_shp,38.019844796,-121.951471555999,1393,27840
002A_shp,38.019642317,-121.950826181999,1394,27860
002A_shp,38.019445818,-121.950177865999,1395,27880
002A_shp,38.019266463,-121.949521720999,1396,27900
002A_shp,38.019122584,-121.948851889999,1397,27920
002A_shp,38.019019183,-121.948170276999,1398,27940
002A_shp,38.018956916,-121.947480582999,1399,27960
002A_shp,38.018922884,-121.946787761999,1400,27980
002A_shp,38.018913146,-121.946093619999,1401,28000
002A_shp,38.018910553,-121.945399357999,1402,28020
002A_shp,38.018910817,-121.944705088999,1403,28040
002A_shp,38.018915005,-121.944010840999,1404,28060
002A_shp,38.018922574,-121.943316640999,1405,28080
002A_shp,38.018922667,-121.942622380999,1406,28100
002A_shp,38.018918458,-121.941928136999,1407,28120
002A_shp,38.018924411,-121.941233910999,1408,28140
002A_shp,38.018924808,-121.940539658999,1409,28160
002A_shp,38.018925346,-121.939845411999,1410,28180
002A_shp,38.018935579,-121.939151262999,1411,28200
002A_shp,38.01893987,-121.938457015999,1412,28220
002A_shp,38.018941087,-121.937762747999,1413,28240
002A_shp,38.018939674,-121.93706848,1414,28260
002A_shp,38.018934132,-121.936374246999,1415,28280
002A_shp,38.018932538,-121.935679989,1416,28300
002A_shp,38.018938295,-121.934985756999,1417,28320
002A_shp,38.018937694,-121.934291500999,1418,28340
002A_shp,38.018932908,-121.933597260999,1419,28360
002A_shp,38.018935511,-121.932903000999,1420,28380
002A_shp,38.01893546,-121.932208737999,1421,28400
002A_shp,38.018936906,-121.931514470999,1422,28420
002A_shp,38.018941049,-121.930820220999,1423,28440
002A_shp,38.018947318,-121.930125995999,1424,28460
002A_shp,38.018960323,-121.929431929999,1425,28480
002A_shp,38.018991055,-121.928738787999,1426,28500
002A_shp,38.019039242,-121.928047228999,1427,28520
002A_shp,38.019105637,-121.927358066999,1428,28540
002A_shp,38.019191751,-121.926672511999,1429,28560
002A_shp,38.019294737,-121.925990558999,1430,28580
002A_shp,38.019405478,-121.925310546999,1431,28600
002A_shp,38.019520043,-121.924631545999,1432,28620
002A_shp,38.019635644,-121.923952823999,1433,28640
002A_shp,38.019745197,-121.923272499999,1434,28660
002A_shp,38.019848078,-121.922590515999,1435,28680
002A_shp,38.019936712,-121.921905376999,1436,28700
002A_shp,38.020006288,-121.921216725999,1437,28720
002A_shp,38.020056021,-121.920525334999,1438,28740
002A_shp,38.020086136,-121.919832136999,1439,28760
002A_shp,38.020097845,-121.919138030999,1440,28780
002A_shp,38.020101325,-121.918443762999,1441,28800
002A_shp,38.020102306,-121.917749483999,1442,28820
002A_shp,38.020100987,-121.917055204999,1443,28840
002A_shp,38.020098178,-121.916360932999,1444,28860
002A_shp,38.020093585,-121.915666677999,1445,28880
002A_shp,38.020087276,-121.914972441999,1446,28900
002A_shp,38.020078102,-121.914278258999,1447,28920
002A_shp,38.02006658,-121.913584131999,1448,28940
002A_shp,38.020057546,-121.912889946999,1449,28960
002A_shp,38.020054798,-121.912195678999,1450,28980
002A_shp,38.020055996,-121.911501399999,1451,29000
002A_shp,38.020056688,-121.910807120999,1452,29020
002A_shp,38.020053837,-121.910112850999,1453,29040
002A_shp,38.020049218,-121.909418593999,1454,29060
002A_shp,38.020043432,-121.908724351999,1455,29080
002A_shp,38.020036745,-121.908030122999,1456,29100
002A_shp,38.020028992,-121.907335911999,1457,29120
002A_shp,38.020020111,-121.906641721999,1458,29140
002A_shp,38.020010834,-121.905947540999,1459,29160
002A_shp,38.02000074,-121.905253378999,1460,29180
002A_shp,38.019986863,-121.904559321999,1461,29200
002A_shp,38.019968593,-121.903865429999,1462,29220
002A_shp,38.019939467,-121.903172141999,1463,29240
002A_shp,38.019894648,-121.902480205999,1464,29260
002A_shp,38.019833014,-121.901790338999,1465,29280
002A_shp,38.019754878,-121.901103149,1466,29300
002A_shp,38.019660359,-121.900419255999,1467,29320
002A_shp,38.019549539,-121.899739286999,1468,29340
002A_shp,38.019422175,-121.899063963999,1469,29360
002A_shp,38.019278737,-121.898393812,1470,29380
002A_shp,38.019119388,-121.897729422999,1471,29400
002A_shp,38.018946511,-121.897070448999,1472,29420
002A_shp,38.018768456,-121.896413679999,1473,29440
002A_shp,38.018586828,-121.895758470999,1474,29460
002A_shp,38.018402264,-121.895104578999,1475,29480
002A_shp,38.01821731,-121.894450863999,1476,29500
002A_shp,38.018037148,-121.893795016999,1477,29520
002A_shp,38.017860654,-121.893137578999,1478,29540
002A_shp,38.017688538,-121.892478291999,1479,29560
002A_shp,38.017520832,-121.891817191999,1480,29580
002A_shp,38.017357842,-121.891154214999,1481,29600
002A_shp,38.017199683,-121.890489367999,1482,29620
002A_shp,38.017036921,-121.889826303999,1483,29640
002A_shp,38.016870609,-121.889164646999,1484,29660
002A_shp,38.016709185,-121.888501062999,1485,29680
002A_shp,38.016557086,-121.887833970999,1486,29700
002A_shp,38.016400419,-121.887168590999,1487,29720
002A_shp,38.016232299,-121.886507670999,1488,29740
002A_shp,38.016071238,-121.885843969999,1489,29760
002A_shp,38.015918956,-121.885176945999,1490,29780
002A_shp,38.015761766,-121.884511756999,1491,29800
002A_shp,38.01559702,-121.883849484999,1492,29820
002A_shp,38.015434586,-121.883186307999,1493,29840
002A_shp,38.015281125,-121.882519724999,1494,29860
002A_shp,38.015124742,-121.881854240999,1495,29880
002A_shp,38.014962465,-121.881191012999,1496,29900
002A_shp,38.014812138,-121.880523335999,1497,29920
002A_shp,38.014645918,-121.879861701999,1498,29940
002A_shp,38.014483049,-121.879198730999,1499,29960
002A_shp,38.014322799,-121.878534770999,1500,29980
002A_shp,38.014175428,-121.877866003999,1501,30000
002A_shp,38.014017937,-121.877200940999,1502,30020
002A_shp,38.013858801,-121.876536498999,1503,30040
002A_shp,38.013706651,-121.875869448999,1504,30060
002A_shp,38.013559196,-121.875200717999,1505,30080
002A_shp,38.013415938,-121.874530529999,1506,30100
002A_shp,38.013275187,-121.873859495999,1507,30120
002A_shp,38.013136543,-121.873187761999,1508,30140
002A_shp,38.013000541,-121.872515165999,1509,30160
002A_shp,38.01286499,-121.871842425999,1510,30180
002A_shp,38.012727539,-121.871170303999,1511,30200
002A_shp,38.012588637,-121.870498659999,1512,30220
002A_shp,38.012447235,-121.869827851999,1513,30240
002A_shp,38.012300845,-121.869158758999,1514,30260
002A_shp,38.012148809,-121.868491681999,1515,30280
002A_shp,38.011991302,-121.867826636999,1516,30300
002A_shp,38.011832163,-121.867162209999,1517,30320
002A_shp,38.011672429,-121.866498013999,1518,30340
002A_shp,38.011510986,-121.865834480999,1519,30360
002A_shp,38.011349916,-121.865170802999,1520,30380
002A_shp,38.011191336,-121.864506170999,1521,30400
002A_shp,38.011036981,-121.863839952999,1522,30420
002A_shp,38.010884603,-121.863173007999,1523,30440
002A_shp,38.01073075,-121.862506606999,1524,30460
002A_shp,38.010572601,-121.861841816999,1525,30480
002A_shp,38.010411011,-121.861178351999,1526,30500
002A_shp,38.010244372,-121.860516886999,1527,30520
002A_shp,38.010073523,-121.859857139999,1528,30540
002A_shp,38.009898334,-121.859199215999,1529,30560
002A_shp,38.009721201,-121.858542121999,1530,30580
002A_shp,38.009543538,-121.857885260999,1531,30600
002A_shp,38.009364532,-121.857228981999,1532,30620
002A_shp,38.009184728,-121.856573054999,1533,30640
002A_shp,38.009003979,-121.855917543999,1534,30660
002A_shp,38.008821699,-121.855262711999,1535,30680
002A_shp,38.008638378,-121.854608344999,1536,30700
002A_shp,38.008454512,-121.853954224999,1537,30720
002A_shp,38.008270601,-121.853300125999,1538,30740
002A_shp,38.008087144,-121.852645825999,1539,30760
002A_shp,38.00790464,-121.851991101999,1540,30780
002A_shp,38.00772357,-121.851335742999,1541,30800
002A_shp,38.007543847,-121.850679794999,1542,30820
002A_shp,38.007364913,-121.850023501999,1543,30840
002A_shp,38.007186231,-121.849367102999,1544,30860
002A_shp,38.007007263,-121.848710827999,1545,30880
002A_shp,38.006827471,-121.848054915999,1546,30900
002A_shp,38.006647076,-121.847399269,1547,30920
002A_shp,38.006466272,-121.846743804999,1548,30940
002A_shp,38.006284663,-121.846088697999,1549,30960
002A_shp,38.006101929,-121.845434090999,1550,30980
002A_shp,38.00591823,-121.844779918999,1551,31000
002A_shp,38.005733895,-121.844126032999,1552,31020
002A_shp,38.005549252,-121.843472287999,1553,31040
002A_shp,38.005364532,-121.842818578999,1554,31060
002A_shp,38.005179172,-121.842165160999,1555,31080
002A_shp,38.004993207,-121.841512019999,1556,31100
002A_shp,38.004806856,-121.840859055999,1557,31120
002A_shp,38.00462034,-121.840206168999,1558,31140
002A_shp,38.004433882,-121.839553256999,1559,31160
002A_shp,38.004247702,-121.838900219999,1560,31180
002A_shp,38.004062022,-121.838246957999,1561,31200
002A_shp,38.003877063,-121.837593369999,1562,31220
002A_shp,38.003692758,-121.836939488999,1563,31240
002A_shp,38.003508786,-121.836285458999,1564,31260
002A_shp,38.003325222,-121.835631248999,1565,31280
002A_shp,38.003141988,-121.834976891999,1566,31300
002A_shp,38.002958917,-121.834322463999,1567,31320
002A_shp,38.002776494,-121.833667748999,1568,31340
002A_shp,38.002595245,-121.833012513999,1569,31360
002A_shp,38.002415292,-121.832356711999,1570,31380
002A_shp,38.002236387,-121.831700452999,1571,31400
002A_shp,38.002058911,-121.831043576999,1572,31420
002A_shp,38.001883895,-121.830385649,1573,31440
002A_shp,38.001711469,-121.829726630999,1574,31460
002A_shp,38.001538884,-121.829067679999,1575,31480
002A_shp,38.00136337,-121.828409969999,1576,31500
002A_shp,38.001184781,-121.827753583999,1577,31520
002A_shp,38.001004784,-121.827097811999,1578,31540
002A_shp,38.000824615,-121.826442117999,1579,31560
002A_shp,38.000644385,-121.825786451999,1580,31580
002A_shp,38.000463628,-121.825131018999,1581,31600
002A_shp,38.000281887,-121.824476022999,1582,31620
002A_shp,38.000098707,-121.823821670999,1583,31640
002A_shp,37.999913656,-121.823168158999,1584,31660
002A_shp,37.999726892,-121.822515428999,1585,31680
002A_shp,37.999536414,-121.821864417999,1586,31700
002A_shp,37.999345287,-121.821213710999,1587,31720
002A_shp,37.99915796,-121.820561243999,1588,31740
002A_shp,37.998975683,-121.819906504999,1589,31760
002A_shp,37.998801041,-121.819248459,1590,31780
002A_shp,37.998642833,-121.818583838999,1591,31800
002A_shp,37.998508322,-121.817910961999,1592,31820
002A_shp,37.99840209,-121.817230070999,1593,31840
002A_shp,37.99832305,-121.816543293999,1594,31860
002A_shp,37.998272371,-121.815852254999,1595,31880
002A_shp,37.998247836,-121.815158919999,1596,31900
002A_shp,37.998237606,-121.814464974999,1597,31920
002A_shp,37.998233832,-121.813770914999,1598,31940
002A_shp,37.998231486,-121.813076846999,1599,31960
002A_shp,37.998231019,-121.812382770999,1600,31980
002A_shp,37.998230845,-121.811688694999,1601,32000
002A_shp,37.998231483,-121.810994618999,1602,32020
002A_shp,37.998232686,-121.810300544999,1603,32040
002A_shp,37.998234165,-121.809606471,1604,32060
002A_shp,37.998235984,-121.808912398999,1605,32080
002A_shp,37.998238579,-121.808218329999,1606,32100
002A_shp,37.998241673,-121.807524264999,1607,32120
002A_shp,37.998244967,-121.806830201999,1608,32140
002A_shp,37.99824816,-121.806136136999,1609,32160
002A_shp,37.998250955,-121.805442068999,1610,32180
002A_shp,37.99825305,-121.804747998999,1611,32200
002A_shp,37.998254383,-121.804053923999,1612,32220
002A_shp,37.998255741,-121.803359849999,1613,32240
002A_shp,37.998256911,-121.802665774999,1614,32260
002A_shp,37.998257529,-121.801971698999,1615,32280
002A_shp,37.998257233,-121.801277622999,1616,32300
002A_shp,37.998255661,-121.800583548999,1617,32320
002A_shp,37.998252468,-121.799889485999,1618,32340
002A_shp,37.998248796,-121.799195425,1619,32360
002A_shp,37.998238237,-121.798501484999,1620,32380
002A_shp,37.998210388,-121.797808349999,1621,32400
002A_shp,37.998158659,-121.797117420999,1622,32420
002A_shp,37.998081203,-121.796430349999,1623,32440
002A_shp,37.997982331,-121.795747647999,1624,32460
002A_shp,37.997874028,-121.795067203999,1625,32480
002A_shp,37.997762122,-121.794387689999,1626,32500
002A_shp,37.997649438,-121.793708383999,1627,32520
002A_shp,37.997535454,-121.793029423999,1628,32540
002A_shp,37.997420684,-121.792350677999,1629,32560
002A_shp,37.997305307,-121.791672095999,1630,32580
002A_shp,37.997189136,-121.790993733,1631,32600
002A_shp,37.99707199,-121.790315637999,1632,32620
002A_shp,37.996953192,-121.789638003,1633,32640
002A_shp,37.996833303,-121.788960675999,1634,32660
002A_shp,37.996713125,-121.788283431999,1635,32680
002A_shp,37.996593467,-121.787606042,1636,32700
002A_shp,37.996475046,-121.786928306,1637,32720
002A_shp,37.99635672,-121.786250544999,1638,32740
002A_shp,37.996239293,-121.785572535999,1639,32760
002A_shp,37.996124618,-121.784893776999,1640,32780
002A_shp,37.996013521,-121.784214074999,1641,32800
002A_shp,37.995913889,-121.783531537999,1642,32820
002A_shp,37.995807011,-121.782850762999,1643,32840
002A_shp,37.995694555,-121.782171415,1644,32860
002A_shp,37.99557813,-121.781493136,1645,32880
002A_shp,37.995458201,-121.780815833999,1646,32900
002A_shp,37.99538897,-121.780434326999,1647,32920
003C_shp,37.36848461900007,-121.87470964399995,1,0
003C_shp,37.36901547800005,-121.87488643299997,2,20
003C_shp,37.36954646400005,-121.87506259499997,3,40
003C_shp,37.37007722000004,-121.87523975599998,4,60
003C_shp,37.37060810500003,-121.87541641699994,5,80
003C_shp,37.37113897100005,-121.87559315799996,6,100
003C_shp,37.37166969400005,-121.87577059199998,7,120
003C_shp,37.37220121800004,-121.87594415899997,8,140
003C_shp,37.37273270900005,-121.87611773699996,9,160
003C_shp,37.37326408300004,-121.87629172799996,10,180
003C_shp,37.37379470800005,-121.87646929499999,11,200
003C_shp,37.374325042000066,-121.87664838499995,12,220
003C_shp,37.37485467400006,-121.87683084399998,13,240
003C_shp,37.375383476000025,-121.87701706299998,14,260
003C_shp,37.37591272100008,-121.87720128499996,15,280
003C_shp,37.376442809000025,-121.87738165899998,16,300
003C_shp,37.376973845000066,-121.87755763399997,17,320
003C_shp,37.37750472000005,-121.877734369,18,340
003C_shp,37.378035381000075,-121.87791210299997,19,360
003C_shp,37.378565844000036,-121.87809075999996,20,380
003C_shp,37.379096541000024,-121.87826834199996,21,400
003C_shp,37.37962735700006,-121.878445366,22,420
003C_shp,37.38015777000004,-121.87862427899995,23,440
003C_shp,37.38068855600005,-121.87880140799996,24,460
003C_shp,37.381219817000044,-121.87897626999995,25,480
003C_shp,37.381750949000036,-121.87915178699996,26,500
003C_shp,37.38228139100005,-121.87933052499994,27,520
003C_shp,37.38281197600003,-121.87950858399995,28,540
003C_shp,37.38334270400003,-121.87968600199997,29,560
003C_shp,37.38387357600004,-121.87986276799995,30,580
003C_shp,37.38440441100005,-121.88003971599994,31,600
003C_shp,37.38493532000007,-121.88021628699994,32,620
003C_shp,37.38546621100005,-121.88039297399996,33,640
003C_shp,37.38599706300005,-121.88056984999997,34,660
003C_shp,37.386527897000065,-121.88074680399995,35,680
003C_shp,37.38705869000006,-121.88092395899997,36,700
003C_shp,37.387589554000044,-121.88110077299996,37,720
003C_shp,37.388120462000074,-121.88127738599997,38,740
003C_shp,37.38865131000006,-121.88145428299998,39,760
003C_shp,37.38918219100003,-121.88163102099998,40,780
003C_shp,37.389713150000034,-121.88180739699999,41,800
003C_shp,37.39024408500006,-121.88198388799998,42,820
003C_shp,37.39077498100005,-121.88216055899994,43,840
003C_shp,37.39130575100006,-121.88233782999998,44,860
003C_shp,37.39183665100006,-121.88251448599999,45,880
003C_shp,37.39236815000004,-121.882688283,46,900
003C_shp,37.39289979500006,-121.88286138699999,47,920
003C_shp,37.39343110100003,-121.88303611499998,48,940
003C_shp,37.393962319000025,-121.88321122899998,49,960
003C_shp,37.39449316100007,-121.88338816799995,50,980
003C_shp,37.39502414100008,-121.88356445499994,51,1000
003C_shp,37.39555508300003,-121.88374091999998,52,1020
003C_shp,37.39608589900007,-121.88391798099997,53,1040
003C_shp,37.39661681800004,-121.88409456,54,1060
003C_shp,37.39714758700006,-121.88427184699998,55,1080
003C_shp,37.397678350000035,-121.88444916699996,56,1100
003C_shp,37.39820842300003,-121.88462964099995,57,1120
003C_shp,37.39873486500005,-121.88482597199999,58,1140
003C_shp,37.39925528200007,-121.88504614299995,59,1160
003C_shp,37.39976995500007,-121.88528656099999,60,1180
003C_shp,37.40027697700003,-121.88555137399999,61,1200
003C_shp,37.40077942500005,-121.88582957799997,62,1220
003C_shp,37.40128122300007,-121.88610963899998,63,1240
003C_shp,37.40178291900003,-121.88638997799995,64,1260
003C_shp,37.40228469700003,-121.88667009999995,65,1280
003C_shp,37.40278677500004,-121.88694937399998,66,1300
003C_shp,37.40328916400006,-121.88722776899999,67,1320
003C_shp,37.403792259000056,-121.88750415999999,68,1340
003C_shp,37.40429546900003,-121.88778022199995,69,1360
003C_shp,37.40479848700005,-121.88805683599998,70,1380
003C_shp,37.40530081900005,-121.88833539799998,71,1400
003C_shp,37.40580301500006,-121.88861435099994,72,1420
003C_shp,37.40630506200006,-121.88889372799997,73,1440
003C_shp,37.40680691700004,-121.88917365299994,74,1460
003C_shp,37.40730832200006,-121.88945483699996,75,1480
003C_shp,37.407809651000036,-121.88973622699996,76,1500
003C_shp,37.40830950800006,-121.89002159799998,77,1520
003C_shp,37.40881402900004,-121.89029378699996,78,1540
003C_shp,37.409316036000064,-121.89057329199994,79,1560
003C_shp,37.40981831700003,-121.89085202299998,80,1580
003C_shp,37.41032070000006,-121.89113046499995,81,1600
003C_shp,37.41082311500003,-121.89140882099997,82,1620
003C_shp,37.41132566600004,-121.89168678699997,83,1640
003C_shp,37.41182813100005,-121.89196499899998,84,1660
003C_shp,37.41233067400003,-121.89224298999994,85,1680
003C_shp,37.41283303100005,-121.89252150699997,86,1700
003C_shp,37.41333525500005,-121.89280040499995,87,1720
003C_shp,37.41383774700006,-121.89307850999995,88,1740
003C_shp,37.41434061500007,-121.89335558099998,89,1760
003C_shp,37.41484349700005,-121.893632621,90,1780
003C_shp,37.415346054000054,-121.89391058799998,91,1800
003C_shp,37.41584858700003,-121.894188628,92,1820
003C_shp,37.41635087900005,-121.89446735299998,93,1840
003C_shp,37.41685305900006,-121.89474639399998,94,1860
003C_shp,37.41735533600007,-121.89502516499999,95,1880
003C_shp,37.41785774700003,-121.89530354299995,96,1900
003C_shp,37.41836023700006,-121.89558170699996,97,1920
003C_shp,37.41886279000005,-121.89585969899997,98,1940
003C_shp,37.41936545100003,-121.89613735399996,99,1960
003C_shp,37.41986771400008,-121.89641617199999,100,1980
003C_shp,37.420370013000024,-121.89669489099998,101,2000
003C_shp,37.42087233600006,-121.89697354199996,102,2020
003C_shp,37.421374625000055,-121.89725229199996,103,2040
003C_shp,37.42187689600007,-121.89753109799994,104,2060
003C_shp,37.42237916500005,-121.89780990899999,105,2080
003C_shp,37.42288149400008,-121.89808854899997,106,2100
003C_shp,37.42338384400006,-121.89836713399995,107,2120
003C_shp,37.42388614400005,-121.89864586199997,108,2140
003C_shp,37.42438852500004,-121.89892436399998,109,2160
003C_shp,37.42489079500007,-121.89920317899998,110,2180
003C_shp,37.425393075000045,-121.89948196999995,111,2200
003C_shp,37.42589541600006,-121.89976058799999,112,2220
003C_shp,37.42639769800007,-121.90003937699998,113,2240
003C_shp,37.426899959000025,-121.90031820799999,114,2260
003C_shp,37.42740219700005,-121.90059712399994,115,2280
003C_shp,37.427904487000035,-121.90087589199999,116,2300
003C_shp,37.42840675800005,-121.90115471899998,117,2320
003C_shp,37.42890907000003,-121.90143343299997,118,2340
003C_shp,37.42941141600005,-121.90171204899997,119,2360
003C_shp,37.42991369900005,-121.90199084699998,120,2380
003C_shp,37.43041593700008,-121.90226977499998,121,2400
003C_shp,37.43091818500005,-121.90254864099995,122,2420
003C_shp,37.43142048100003,-121.90282740699996,123,2440
003C_shp,37.431922866000036,-121.903105918,124,2460
003C_shp,37.43242509500004,-121.90338487099996,125,2480
003C_shp,37.43292743400008,-121.90366351699998,126,2500
003C_shp,37.43342972500005,-121.90394230299995,127,2520
003C_shp,37.43393198100006,-121.90422119299996,128,2540
003C_shp,37.434434270000054,-121.90449999099997,129,2560
003C_shp,37.43493656000004,-121.90477878599995,130,2580
003C_shp,37.43543883800004,-121.90505761999998,131,2600
003C_shp,37.43594112300008,-121.90533643599997,132,2620
003C_shp,37.43644334700008,-121.90561541999995,133,2640
003C_shp,37.436945672000036,-121.90589412799994,134,2660
003C_shp,37.43744796800007,-121.90617291599995,135,2680
003C_shp,37.437950286000046,-121.90645164499995,136,2700
003C_shp,37.43845255900004,-121.90673050299995,137,2720
003C_shp,37.43895496400006,-121.90700898799997,138,2740
003C_shp,37.43945717200006,-121.90728801499995,139,2760
003C_shp,37.439959491000025,-121.907566713,140,2780
003C_shp,37.44046360500005,-121.90784029299999,141,2800
003C_shp,37.440970348000064,-121.90810612799999,142,2820
003C_shp,37.44147860800007,-121.90836737599994,143,2840
003C_shp,37.441987065000035,-121.90862801799994,144,2860
003C_shp,37.44249549700004,-121.90888873899996,145,2880
003C_shp,37.44300388700003,-121.90914959699995,146,2900
003C_shp,37.44351230400008,-121.90941037299996,147,2920
003C_shp,37.44402077400008,-121.90967098899995,148,2940
003C_shp,37.44452920900005,-121.90993171299999,149,2960
003C_shp,37.44503749100005,-121.91019290599996,150,2980
003C_shp,37.44554588800003,-121.91045375299996,151,3000
003C_shp,37.44605437100006,-121.91071433499997,152,3020
003C_shp,37.44656267200003,-121.91097547799995,153,3040
003C_shp,37.44707115500006,-121.91123605899998,154,3060
003C_shp,37.44757950500008,-121.91149705499998,155,3080
003C_shp,37.44808793100003,-121.91175781999999,156,3100
003C_shp,37.44859633400006,-121.91201865399995,157,3120
003C_shp,37.44910474300008,-121.91227947299996,158,3140
003C_shp,37.449613001000046,-121.91254075399996,159,3160
003C_shp,37.45012016800007,-121.91280533099996,160,3180
003C_shp,37.450625270000046,-121.91307606899994,161,3200
003C_shp,37.45113003700004,-121.91334779199997,162,3220
003C_shp,37.451636164000035,-121.91361550699997,163,3240
003C_shp,37.452144575000034,-121.91387632299995,164,3260
003C_shp,37.45265298900006,-121.91413713899999,165,3280
003C_shp,37.45316133700004,-121.914398157,166,3300
003C_shp,37.45366977000003,-121.91465891899998,167,3320
003C_shp,37.45417803300006,-121.91492020199996,168,3340
003C_shp,37.45468616100004,-121.91518190099998,169,3360
003C_shp,37.45519396700007,-121.91544458199996,170,3380
003C_shp,37.45570208000004,-121.91570632999998,171,3400
003C_shp,37.45621035400006,-121.91596757699995,172,3420
003C_shp,37.45671907800005,-121.91622744499995,173,3440
003C_shp,37.45722784800006,-121.91648717199996,174,3460
003C_shp,37.45773660900005,-121.91674693699997,175,3480
003C_shp,37.458245067000064,-121.91700763399996,176,3500
003C_shp,37.45875353300005,-121.91726830799996,177,3520
003C_shp,37.45926189900007,-121.91752929699999,178,3540
003C_shp,37.45977030200004,-121.91779017099998,179,3560
003C_shp,37.46027868600004,-121.91805110499996,180,3580
003C_shp,37.46078706000003,-121.91831206999996,181,3600
003C_shp,37.461295465000035,-121.91857294199997,182,3620
003C_shp,37.46180385100007,-121.91883386599994,183,3640
003C_shp,37.46231224500008,-121.91909476899997,184,3660
003C_shp,37.46282058200006,-121.91935585599998,185,3680
003C_shp,37.46332902200004,-121.91961662499995,186,3700
003C_shp,37.46383746200007,-121.91987739999996,187,3720
003C_shp,37.464345844000036,-121.92013835399996,188,3740
003C_shp,37.46485434500005,-121.92039893999998,189,3760
003C_shp,37.465362818000074,-121.92065961299994,190,3780
003C_shp,37.465871185000026,-121.92092061799997,191,3800
003C_shp,37.46637952300006,-121.92118171599998,192,3820
003C_shp,37.46688783900004,-121.921442878,193,3840
003C_shp,37.46739620300008,-121.92170389999995,194,3860
003C_shp,37.467904633000046,-121.92196471599999,195,3880
003C_shp,37.46841291800007,-121.92222598099994,196,3900
003C_shp,37.46892124200008,-121.92248712699995,197,3920
003C_shp,37.46942964800007,-121.92274802499998,198,3940
003C_shp,37.46993814000007,-121.92300866,199,3960
003C_shp,37.47044678300006,-121.92326882299994,200,3980
003C_shp,37.47095758000006,-121.92352225499997,201,4000
003C_shp,37.47146948500006,-121.923772155,202,4020
003C_shp,37.47198134800004,-121.92402219499996,203,4040
003C_shp,37.47249331000006,-121.92427191499996,204,4060
003C_shp,37.47300519800007,-121.92452187299995,205,4080
003C_shp,37.47351718800007,-121.92477150999997,206,4100
003C_shp,37.474029071000075,-121.92502148899996,207,4120
003C_shp,37.47454086600004,-121.92527175699996,208,4140
003C_shp,37.47505280100006,-121.92552156999994,209,4160
003C_shp,37.475564818000066,-121.92577111699995,210,4180
003C_shp,37.47607669400003,-121.92602112699996,211,4200
003C_shp,37.47658865300008,-121.92627086999994,212,4220
003C_shp,37.477100550000046,-121.92652081499995,213,4240
003C_shp,37.47761247200003,-121.92677067699998,214,4260
003C_shp,37.478124527000034,-121.92702011799997,215,4280
003C_shp,37.478636427000026,-121.92727005599994,216,4300
003C_shp,37.47914830700006,-121.92752005099999,217,4320
003C_shp,37.47966014200006,-121.92777020299997,218,4340
003C_shp,37.48017212900004,-121.92801986799998,219,4360
003C_shp,37.48068403600007,-121.92826979499995,220,4380
003C_shp,37.48119604200008,-121.92851939899998,221,4400
003C_shp,37.481707982000046,-121.92876922099998,222,4420
003C_shp,37.482219935000046,-121.92901900099997,223,4440
003C_shp,37.48273182300005,-121.92926899599996,224,4460
003C_shp,37.48324378500007,-121.92951875299997,225,4480
003C_shp,37.48375569800004,-121.92976866499998,226,4500
003C_shp,37.48426726400004,-121.93001969299996,227,4520
003C_shp,37.484776805000024,-121.93027711299999,228,4540
003C_shp,37.48528412100006,-121.93054136899997,229,4560
003C_shp,37.48578921500007,-121.93081224299999,230,4580
003C_shp,37.48629382100006,-121.93108456599998,231,4600
003C_shp,37.48679849600006,-121.931356688,232,4620
003C_shp,37.48730312200007,-121.93162895299997,233,4640
003C_shp,37.48780776700005,-121.93190116399995,234,4660
003C_shp,37.488312508000035,-121.93217309399995,235,4680
003C_shp,37.488817253000036,-121.93244502099998,236,4700
003C_shp,37.48932185900003,-121.93271735399998,237,4720
003C_shp,37.489826675000074,-121.93298906099994,238,4740
003C_shp,37.490331413000035,-121.93326100999997,239,4760
003C_shp,37.49083627300007,-121.93353260399999,240,4780
003C_shp,37.49134075000006,-121.93380531799994,241,4800
003C_shp,37.491845484000066,-121.93407727699997,242,4820
003C_shp,37.49235031500007,-121.93434895599995,243,4840
003C_shp,37.49285496700003,-121.93462115899996,244,4860
003C_shp,37.493361511000046,-121.93488771799997,245,4880
003C_shp,37.49387410200006,-121.93513540099997,246,4900
003C_shp,37.49438873200006,-121.93537640099998,247,4920
003C_shp,37.494903374000046,-121.93561736599997,248,4940
003C_shp,37.49541744700008,-121.93586020699996,249,4960
003C_shp,37.495929508000074,-121.93610968099995,250,4980
003C_shp,37.49644040900006,-121.93636284699994,251,5000
003C_shp,37.49695007500003,-121.93661993499995,252,5020
003C_shp,37.49745967900003,-121.93687721599997,253,5040
003C_shp,37.497965425000075,-121.93714622699997,254,5060
003C_shp,37.49847117000007,-121.93741524099994,255,5080
003C_shp,37.49897691500007,-121.93768425799999,256,5100
003C_shp,37.49948403700006,-121.93794915199999,257,5120
003C_shp,37.499991539000064,-121.938212911,258,5140
003C_shp,37.50049903900003,-121.93847667399996,259,5160
003C_shp,37.50100654000005,-121.93874043999995,260,5180
003C_shp,37.501514486000076,-121.93900284999995,261,5200
003C_shp,37.502022700000055,-121.93926444399995,262,5220
003C_shp,37.50253226700005,-121.939521792,263,5240
003C_shp,37.50304189600007,-121.93977899899994,264,5260
003C_shp,37.503548385000045,-121.94004580299998,265,5280
003C_shp,37.50405173300004,-121.94032181199998,266,5300
003C_shp,37.50454979600005,-121.94061250699997,267,5320
003C_shp,37.505042772000024,-121.94091657199999,268,5340
003C_shp,37.50553276100004,-121.94122817499999,269,5360
003C_shp,37.50602612600005,-121.94153126099997,270,5380
003C_shp,37.50652436200005,-121.94182151499996,271,5400
003C_shp,37.507026551000024,-121.94210084499997,272,5420
003C_shp,37.50753084100006,-121.94237416099998,273,5440
003C_shp,37.50803641400006,-121.94264371599996,274,5460
003C_shp,37.50854230300007,-121.94291233899997,275,5480
003C_shp,37.50904842700004,-121.94318026799999,276,5500
003C_shp,37.50955483800004,-121.94344734099997,277,5520
003C_shp,37.51006140100003,-121.94371395899998,278,5540
003C_shp,37.51056799400004,-121.94398049199998,279,5560
003C_shp,37.51107465800004,-121.94424681399994,280,5580
003C_shp,37.511581428000056,-121.94451281799996,281,5600
003C_shp,37.51208830400003,-121.94477850599998,282,5620
003C_shp,37.51259528600008,-121.94504387799998,283,5640
003C_shp,37.51310237300004,-121.94530893299998,284,5660
003C_shp,37.513609565000024,-121.94557367199997,285,5680
003C_shp,37.51411686200004,-121.94583809799997,286,5700
003C_shp,37.514624264000076,-121.94610220899995,287,5720
003C_shp,37.51513176900005,-121.94636600799998,288,5740
003C_shp,37.51563937900005,-121.94662949299999,289,5760
003C_shp,37.51614708500006,-121.94689268299999,290,5780
003C_shp,37.516654892000076,-121.94715556999995,291,5800
003C_shp,37.517162807000034,-121.94741812799998,292,5820
003C_shp,37.51767084200003,-121.94768032499996,293,5840
003C_shp,37.51817900700007,-121.94794212499994,294,5860
003C_shp,37.518687312000054,-121.94820349699995,295,5880
003C_shp,37.51919573500004,-121.94846450799997,296,5900
003C_shp,37.519704251000064,-121.94872523699996,297,5920
003C_shp,37.52021283400006,-121.94898575899998,298,5940
003C_shp,37.52072142900005,-121.94924625099998,299,5960
003C_shp,37.521229995000056,-121.94950682799998,300,5980
003C_shp,37.52173856700006,-121.94976739099997,301,6000
003C_shp,37.522247177000054,-121.95002783799998,302,6020
003C_shp,37.52275585800004,-121.95028806699997,303,6040
003C_shp,37.52326464400005,-121.95054797799997,304,6060
003C_shp,37.523773567000035,-121.95080746499997,305,6080
003C_shp,37.52428265800006,-121.95106642999997,306,6100
003C_shp,37.52479195300003,-121.95132476599997,307,6120
003C_shp,37.52530148300008,-121.95158237399994,308,6140
003C_shp,37.52581127900004,-121.95183915099994,309,6160
003C_shp,37.52632137400008,-121.95209499599997,310,6180
003C_shp,37.52683138200007,-121.95235110799996,311,6200
003C_shp,37.52734073000005,-121.95260928999994,312,6220
003C_shp,37.52785196800005,-121.95286149099996,313,6240
003C_shp,37.528367778000074,-121.95309845299994,314,6260
003C_shp,37.528895136000074,-121.95329080199997,315,6280
003C_shp,37.52943161200005,-121.95343787599995,316,6300
003C_shp,37.52997576700005,-121.95353104899999,317,6320
003C_shp,37.53052287300005,-121.95359235199999,318,6340
003C_shp,37.53107049300007,-121.95364597699995,319,6360
003C_shp,37.531618465000065,-121.95369365899995,320,6380
003C_shp,37.53216671500007,-121.953735989,321,6400
003C_shp,37.532715136000036,-121.95377468599997,322,6420
003C_shp,37.533263720000036,-121.95380953099999,323,6440
003C_shp,37.53381236400003,-121.95384287899998,324,6460
003C_shp,37.53436108000005,-121.95387426799999,325,6480
003C_shp,37.53490984000007,-121.95390449399997,326,6500
003C_shp,37.535458531000074,-121.95393654999998,327,6520
003C_shp,37.53600712400004,-121.95397120099994,328,6540
003C_shp,37.53655566200007,-121.95400719899999,329,6560
003C_shp,37.53710396200006,-121.95404844099994,330,6580
003C_shp,37.53765185900005,-121.95409738199999,331,6600
003C_shp,37.538198385000044,-121.95416613199995,332,6620
003C_shp,37.538742752000076,-121.95425798599996,333,6640
003C_shp,37.539284517000056,-121.95437166099998,334,6660
003C_shp,37.53982508800004,-121.95449405599999,335,6680
003C_shp,37.54036514200004,-121.95461998099995,336,6700
003C_shp,37.54090467000003,-121.95474942399994,337,6720
003C_shp,37.54144400100006,-121.95488016299998,338,6740
003C_shp,37.54198347200003,-121.95500998199998,339,6760
003C_shp,37.54252340800008,-121.95513671399999,340,6780
003C_shp,37.54306380400004,-121.95526031599996,341,6800
003C_shp,37.543604247000076,-121.95538359899996,342,6820
003C_shp,37.54414429600007,-121.95550957199998,343,6840
003C_shp,37.544683993000035,-121.95563789999994,344,6860
003C_shp,37.545222317000025,-121.95577499099994,345,6880
003C_shp,37.545755737000036,-121.95593912699997,346,6900
003C_shp,37.54628022700007,-121.95614377299995,347,6920
003C_shp,37.546792923000055,-121.95639089899998,348,6940
003C_shp,37.54729160200003,-121.95667982299994,349,6960
003C_shp,37.54777307300003,-121.95701161099998,350,6980
003C_shp,37.54823521600008,-121.95738390999998,351,7000
003C_shp,37.548675177000064,-121.95779688099998,352,7020
003C_shp,37.54910654200006,-121.95822397199998,353,7040
003C_shp,37.54953554400004,-121.95865481599998,354,7060
003C_shp,37.54996296200005,-121.95908813799997,355,7080
003C_shp,37.55039045600006,-121.95952134599997,356,7100
003C_shp,37.55081707100004,-121.95995591799999,357,7120
003C_shp,37.551241667000056,-121.96039360399999,358,7140
003C_shp,37.55166365400004,-121.96083523299995,359,7160
003C_shp,37.55207541300007,-121.96129182499999,360,7180
003C_shp,37.55246991900003,-121.96177169599997,361,7200
003C_shp,37.55283714700005,-121.96228459399998,362,7220
003C_shp,37.553168742000025,-121.96283434999998,363,7240
003C_shp,37.55346334500007,-121.96341640099996,364,7260
003C_shp,37.55372402200004,-121.96402350499994,365,7280
003C_shp,37.55394574400003,-121.96465453799999,366,7300
003C_shp,37.55412699900006,-121.96530563799996,367,7320
003C_shp,37.554267347000064,-121.96597250899998,368,7340
003C_shp,37.55436869700003,-121.96665046199996,369,7360
003C_shp,37.55444342900006,-121.96733396199994,370,7380
003C_shp,37.55450701600006,-121.96801925699998,371,7400
003C_shp,37.55456362900003,-121.96870552299998,372,7420
003C_shp,37.55461196300007,-121.96939278699995,373,7440
003C_shp,37.554666704000056,-121.97007927199996,374,7460
003C_shp,37.554735064000056,-121.97076383099994,375,7480
003C_shp,37.55483555600006,-121.97144192099995,376,7500
003C_shp,37.55498482000007,-121.97210566299998,377,7520
003C_shp,37.55517740400006,-121.97275148099999,378,7540
003C_shp,37.55542018400007,-121.97337018399998,379,7560
003C_shp,37.55570536100004,-121.97395967399996,380,7580
003C_shp,37.55602568200004,-121.97451989399997,381,7600
003C_shp,37.55638356700007,-121.97504323199996,382,7620
003C_shp,37.55674480500005,-121.97556296099998,383,7640
003C_shp,37.55709898300006,-121.97609033299995,384,7660
003C_shp,37.55746163300006,-121.97660853499997,385,7680
003C_shp,37.55781651900003,-121.97713515099997,386,7700
003C_shp,37.55817349300003,-121.97765955099999,387,7720
003C_shp,37.55853306400007,-121.97818114599994,388,7740
003C_shp,37.558895095000025,-121.97870005199997,389,7760
003C_shp,37.55925876800006,-121.97921714699999,390,7780
003C_shp,37.55962517300003,-121.97973118599998,391,7800
003C_shp,37.559997691000035,-121.98023823699998,392,7820
003C_shp,37.560382342000025,-121.98073074199999,393,7840
003C_shp,37.56077899200005,-121.98120805099995,394,7860
003C_shp,37.56118196500006,-121.98167692799996,395,7880
003C_shp,37.56158792100007,-121.98214174199995,396,7900
003C_shp,37.56199497100005,-121.98260504299998,397,7920
003C_shp,37.56240605100004,-121.98306268399995,398,7940
003C_shp,37.56281762200007,-121.98351962099997,399,7960
003C_shp,37.563221749000036,-121.98398693299998,400,7980
003C_shp,37.563635644000044,-121.98444054899994,401,8000
003C_shp,37.56405893500005,-121.98488026099994,402,8020
003C_shp,37.564493696000056,-121.985301919,403,8040
003C_shp,37.564940956000044,-121.98570243699999,404,8060
003C_shp,37.56539509400005,-121.98609058999995,405,8080
003C_shp,37.56585324500003,-121.98647123399996,406,8100
003C_shp,37.566315014000054,-121.98684492099994,407,8120
003C_shp,37.56677665300003,-121.98721886299995,408,8140
003C_shp,37.56723653700004,-121.98759620899995,409,8160
003C_shp,37.56769449800004,-121.98797722499995,410,8180
003C_shp,37.568149998000024,-121.98836286799997,411,8200
003C_shp,37.56859908700005,-121.98876018499999,412,8220
003C_shp,37.56903800500004,-121.98917502599994,413,8240
003C_shp,37.56946323500006,-121.98961176999995,414,8260
003C_shp,37.56987908100007,-121.99006260299996,415,8280
003C_shp,37.57028480100007,-121.99052775699994,416,8300
003C_shp,37.570676872000035,-121.99101100799999,417,8320
003C_shp,37.571061572000076,-121.99150357999997,418,8340
003C_shp,37.57144272100004,-121.99200049299998,419,8360
003C_shp,37.57182063400006,-121.99250129899997,420,8380
003C_shp,37.57220051200005,-121.99299975199995,421,8400
003C_shp,37.57258451100006,-121.99349319999999,422,8420
003C_shp,37.57296891300007,-121.99398615599995,423,8440
003C_shp,37.573350047000076,-121.99448310199995,424,8460
003C_shp,37.57372873000003,-121.99498300299996,425,8480
003C_shp,37.57410769300003,-121.99548256999998,426,8500
003C_shp,37.57448828300005,-121.99598018399996,427,8520
003C_shp,37.574869600000056,-121.99647692299999,428,8540
003C_shp,37.575251184000024,-121.99697333899996,429,8560
003C_shp,37.575632864000056,-121.99746964099995,430,8580
003C_shp,37.57601501800008,-121.99796536999997,431,8600
003C_shp,37.57639754100006,-121.99846065199995,432,8620
003C_shp,37.57678030000005,-121.99895564899998,433,8640
003C_shp,37.57716316700004,-121.99945051499998,434,8660
003C_shp,37.57754600800007,-121.99994541599995,435,8680
003C_shp,37.577928695000026,-122.00044050899999,436,8700
003C_shp,37.57831109600005,-122.00093595199996,437,8720
003C_shp,37.57869308100004,-122.00143190399996,438,8740
003C_shp,37.579074526000056,-122.00192851299994,439,8760
003C_shp,37.579455479000046,-122.00242572299999,440,8780
003C_shp,37.579836055000044,-122.00292338999998,441,8800
003C_shp,37.58021635000006,-122.00342139799994,442,8820
003C_shp,37.58059646700008,-122.00391962199996,443,8840
003C_shp,37.58097650500008,-122.00441794599999,444,8860
003C_shp,37.58135656600007,-122.00491624399996,445,8880
003C_shp,37.581736748000026,-122.00541439899996,446,8900
003C_shp,37.58211715200008,-122.00591228799999,447,8920
003C_shp,37.58249785600003,-122.00640981699996,448,8940
003C_shp,37.582878805000064,-122.00690705399995,449,8960
003C_shp,37.58325992300007,-122.00740408799999,450,8980
003C_shp,37.583641139000065,-122.00790100699999,451,9000
003C_shp,37.584022385000026,-122.00839789099996,452,9020
003C_shp,37.58440358800004,-122.00889482899998,453,9040
003C_shp,37.58478468100003,-122.00939190399998,454,9060
003C_shp,37.585165593000056,-122.00988919999998,455,9080
003C_shp,37.585546253000075,-122.01038680299996,456,9100
003C_shp,37.58592669600006,-122.01088467099999,457,9120
003C_shp,37.58630727100007,-122.01138238099998,458,9140
003C_shp,37.58668788800003,-122.01188004499994,459,9160
003C_shp,37.58706839700005,-122.01237784099999,460,9180
003C_shp,37.587448652000035,-122.01287594499996,461,9200
003C_shp,37.58782850500006,-122.01337453599996,462,9220
003C_shp,37.58820780700006,-122.01387379099998,463,9240
003C_shp,37.588586408000026,-122.01437388999994,464,9260
003C_shp,37.58896417300008,-122.014874986,465,9280
003C_shp,37.58934153000007,-122.01537657199998,466,9300
003C_shp,37.589718008000034,-122.01587920099996,467,9320
003C_shp,37.590092811000034,-122.01638380599996,468,9340
003C_shp,37.59046615300008,-122.01689012199995,469,9360
003C_shp,37.590834415000074,-122.01740217399998,470,9380
003C_shp,37.591197273000034,-122.01792038099995,471,9400
003C_shp,37.59156716800004,-122.01843067299995,472,9420
003C_shp,37.591944012000056,-122.01893287299998,473,9440
003C_shp,37.59232768700008,-122.01942683699997,474,9460
003C_shp,37.59271731600006,-122.01991339699998,475,9480
003C_shp,37.59311614500007,-122.02038798299998,476,9500
003C_shp,37.593535823000025,-122.02083313699995,477,9520
003C_shp,37.59397766200004,-122.02124308799995,478,9540
003C_shp,37.594432453000024,-122.02163016599997,479,9560
003C_shp,37.59489085100006,-122.02201048299997,480,9580
003C_shp,37.59534407500007,-122.02240046899999,481,9600
003C_shp,37.59579053700003,-122.02280255,482,9620
003C_shp,37.596225308000044,-122.02322435999997,483,9640
003C_shp,37.59664686800005,-122.02366685099997,484,9660
003C_shp,37.59705943100005,-122.02412260099999,485,9680
003C_shp,37.59746798100008,-122.02458403199995,486,9700
003C_shp,37.597873322000055,-122.02504991199999,487,9720
003C_shp,37.59827871600004,-122.02551572399994,488,9740
003C_shp,37.59868602700004,-122.02597888899999,489,9760
003C_shp,37.59909718000006,-122.02643665199997,490,9780
003C_shp,37.59951739600007,-122.02688113999994,491,9800
003C_shp,37.59994907600003,-122.02730800299997,492,9820
003C_shp,37.60038506700005,-122.02772791399997,493,9840
003C_shp,37.60082292800007,-122.02814474599995,494,9860
003C_shp,37.60126107000008,-122.02856111199998,495,9880
003C_shp,37.60169988700005,-122.02897635499994,496,9900
003C_shp,37.602139323000074,-122.02939056899999,497,9920
003C_shp,37.60257912000003,-122.02980417699996,498,9940
003C_shp,37.60301902700007,-122.030217602,499,9960
003C_shp,37.60345879300007,-122.03063126799998,500,9980
003C_shp,37.60389816400004,-122.03104559899998,501,10000
003C_shp,37.604336885000066,-122.03146101499999,502,10020
003C_shp,37.60477522100007,-122.03187707999996,503,10040
003C_shp,37.60521352300003,-122.03229320399998,504,10060
003C_shp,37.60565138700008,-122.03271005499994,505,10080
003C_shp,37.60608840700007,-122.03312830699997,506,10100
003C_shp,37.60652420900004,-122.03354856399994,507,10120
003C_shp,37.60695899700005,-122.03397047899995,508,10140
003C_shp,37.60739283800007,-122.03439393499997,509,10160
003C_shp,37.60782565300008,-122.03481904899996,510,10180
003C_shp,37.60825747200005,-122.03524575899996,511,10200
003C_shp,37.60868844400005,-122.03567382799997,512,10220
003C_shp,37.60911885300004,-122.03610278999997,513,10240
003C_shp,37.609547630000066,-122.03653433,514,10260
003C_shp,37.609974487000045,-122.03696885999994,515,10280
003C_shp,37.61039319300005,-122.03741572699994,516,10300
003C_shp,37.610806403000026,-122.03787063299995,517,10320
003C_shp,37.61121723800005,-122.03832893499998,518,10340
003C_shp,37.61162697200007,-122.03878879099994,519,10360
003C_shp,37.612035562000074,-122.03925025699999,520,10380
003C_shp,37.612443290000044,-122.03971292799997,521,10400
003C_shp,37.612849907000054,-122.04017714599996,522,10420
003C_shp,37.613255595000055,-122.04064264599998,523,10440
003C_shp,37.613660915000025,-122.041108657,524,10460
003C_shp,37.61406609200003,-122.04157486399998,525,10480
003C_shp,37.61447055800005,-122.04204205199994,526,10500
003C_shp,37.61487470800006,-122.042509672,527,10520
003C_shp,37.61527902200004,-122.04297707099994,528,10540
003C_shp,37.61568398400004,-122.04344358699996,529,10560
003C_shp,37.61608996800004,-122.04390869799994,530,10580
003C_shp,37.61649651300007,-122.04437303599997,531,10600
003C_shp,37.61690385300005,-122.04483627499997,532,10620
003C_shp,37.61731283800003,-122.04529721699998,533,10640
003C_shp,37.61772326400006,-122.04575613399999,534,10660
003C_shp,37.61813172800004,-122.04621780999997,535,10680
003C_shp,37.61853528200004,-122.04668626299997,536,10700
003C_shp,37.618941462000066,-122.04715110099994,537,10720
003C_shp,37.61935635000003,-122.04760358599998,538,10740
003C_shp,37.61978468700005,-122.04803580099997,539,10760
003C_shp,37.62022873500007,-122.04844210199997,540,10780
003C_shp,37.62068864100007,-122.04881953399996,541,10800
003C_shp,37.621163195000065,-122.04916715199994,542,10820
003C_shp,37.62165116600005,-122.04948399899996,543,10840
003C_shp,37.62215023600004,-122.04977234799998,544,10860
003C_shp,37.62265783400005,-122.050036192,545,10880
003C_shp,37.62316777900003,-122.05029280699995,546,10900
003C_shp,37.62367930400006,-122.05054441499999,547,10920
003C_shp,37.62419119300006,-122.05079485399995,548,10940
003C_shp,37.624704078000036,-122.05104204999998,549,10960
003C_shp,37.62521750900004,-122.05128745399998,550,10980
003C_shp,37.625730900000065,-122.05153298799996,551,11000
003C_shp,37.626243671000054,-122.05178056699998,552,11020
003C_shp,37.62675611100008,-122.05202922399997,553,11040
003C_shp,37.62726817400005,-122.05227910699995,554,11060
003C_shp,37.62777897500007,-122.05253304299998,555,11080
003C_shp,37.62828833800006,-122.05279149499995,556,11100
003C_shp,37.628794619000075,-122.05305933299996,557,11120
003C_shp,37.62929436600007,-122.05334581499994,558,11140
003C_shp,37.629783770000074,-122.05365924899996,559,11160
003C_shp,37.63026146900006,-122.054000068,560,11180
003C_shp,37.63073211900007,-122.05435613099996,561,11200
003C_shp,37.631200500000034,-122.05471690499996,562,11220
003C_shp,37.631667236000055,-122.05508103799997,563,11240
003C_shp,37.63213319400006,-122.05544674599997,564,11260
003C_shp,37.632599164000055,-122.05581242999995,565,11280
003C_shp,37.63306483000008,-122.05617872999994,566,11300
003C_shp,37.63353000300003,-122.05654602199996,567,11320
003C_shp,37.63399468000006,-122.05691430699994,568,11340
003C_shp,37.634459863000075,-122.05728155799994,569,11360
003C_shp,37.63492760500003,-122.05764365999994,570,11380
003C_shp,37.63539444500003,-122.05800759999994,571,11400
003C_shp,37.635860310000055,-122.05837351199995,572,11420
003C_shp,37.63632555300006,-122.05874067699995,573,11440
003C_shp,37.63678984500007,-122.05910973999994,574,11460
003C_shp,37.63725325100006,-122.05948056499994,575,11480
003C_shp,37.63771617900005,-122.05985233099995,576,11500
003C_shp,37.63817904700005,-122.06022422299998,577,11520
003C_shp,37.638642263000065,-122.06059542699995,578,11540
003C_shp,37.63910623800007,-122.06096513299997,579,11560
003C_shp,37.639570857000024,-122.06133355899999,580,11580
003C_shp,37.64003584000005,-122.06170126099994,581,11600
003C_shp,37.640501079000046,-122.06206845499997,582,11620
003C_shp,37.640966465000076,-122.06243535499999,583,11640
003C_shp,37.64143188800006,-122.062802181,584,11660
003C_shp,37.64189725500006,-122.06316912499994,585,11680
003C_shp,37.642362665000064,-122.06353598199996,586,11700
003C_shp,37.642828174000044,-122.063902644,587,11720
003C_shp,37.643293775000075,-122.06426912399996,588,11740
003C_shp,37.64375946100006,-122.06463543299998,589,11760
003C_shp,37.64422522700005,-122.065001586,590,11780
003C_shp,37.644691066000064,-122.06536759399995,591,11800
003C_shp,37.64515697100006,-122.06573346999994,592,11820
003C_shp,37.64562293700004,-122.06609922599995,593,11840
003C_shp,37.646088957000075,-122.06646487499995,594,11860
003C_shp,37.646555025000055,-122.06683043099997,595,11880
003C_shp,37.647021135000045,-122.06719590399996,596,11900
003C_shp,37.647487279000075,-122.067561308,597,11920
003C_shp,37.64795345300007,-122.06792665599994,598,11940
003C_shp,37.64841965000005,-122.06829196099994,599,11960
003C_shp,37.64888586300003,-122.06865723399994,600,11980
003C_shp,37.64935208700007,-122.06902248899996,601,12000
003C_shp,37.649818313000026,-122.06938773899998,602,12020
003C_shp,37.65028453800005,-122.06975299499999,603,12040
003C_shp,37.65075075400006,-122.07011827099996,604,12060
003C_shp,37.65121695700003,-122.07048357499997,605,12080
003C_shp,37.651683211000034,-122.07084877899996,606,12100
003C_shp,37.652149542000075,-122.07121383199996,607,12120
003C_shp,37.65261593900004,-122.07157874999996,608,12140
003C_shp,37.65308239500007,-122.07194355299998,609,12160
003C_shp,37.65354889900004,-122.07230825999994,610,12180
003C_shp,37.65401544200006,-122.07267289199996,611,12200
003C_shp,37.65448201400005,-122.07303746499997,612,12220
003C_shp,37.65494860700005,-122.07340199899994,613,12240
003C_shp,37.65541521100005,-122.07376651499999,614,12260
003C_shp,37.65588181500004,-122.07413102999999,615,12280
003C_shp,37.65634841200006,-122.07449556299997,616,12300
003C_shp,37.65681499000004,-122.07486013399995,617,12320
003C_shp,37.65728154200008,-122.075224763,618,12340
003C_shp,37.65774805800004,-122.07558946699999,619,12360
003C_shp,37.65821452800003,-122.07595426699999,620,12380
003C_shp,37.658680943000036,-122.076319179,621,12400
003C_shp,37.65914729200006,-122.07668422599994,622,12420
003C_shp,37.659613567000065,-122.07704942599997,623,12440
003C_shp,37.66007975900004,-122.07741479599997,624,12460
003C_shp,37.660545857000045,-122.07778035599995,625,12480
003C_shp,37.661011863000056,-122.07814610499997,626,12500
003C_shp,37.66147803700005,-122.07851151799997,627,12520
003C_shp,37.661944377000054,-122.07887659599999,628,12540
003C_shp,37.66241072200006,-122.07924166899994,629,12560
003C_shp,37.66287690900003,-122.07960706099999,630,12580
003C_shp,37.66334277500005,-122.07997310199994,631,12600
003C_shp,37.66380815800005,-122.08034011699999,632,12620
003C_shp,37.66427289400008,-122.08070842999996,633,12640
003C_shp,37.66473724100007,-122.08107752099994,634,12660
003C_shp,37.66520100900004,-122.08144776199998,635,12680
003C_shp,37.665661718000024,-122.08182398399998,636,12700
003C_shp,37.666111802000046,-122.08221996599997,637,12720
003C_shp,37.66654428100003,-122.08264571999996,638,12740
003C_shp,37.66695699700006,-122.08310153299999,639,12760
003C_shp,37.66734752800005,-122.08358730199996,640,12780
003C_shp,37.66772148700005,-122.08409338999996,641,12800
003C_shp,37.66808733000005,-122.08460880199999,642,12820
003C_shp,37.668449972000076,-122.08512779299997,643,12840
003C_shp,37.668810188000066,-122.085649451,644,12860
003C_shp,37.66916807600006,-122.08617364399998,645,12880
003C_shp,37.66952363000007,-122.08670034399995,646,12900
003C_shp,37.66988165300006,-122.08722434999999,647,12920
003C_shp,37.67024248800004,-122.087745343,648,12940
003C_shp,37.670601703000045,-122.08826810599999,649,12960
003C_shp,37.67095927100007,-122.08879265499996,650,12980
003C_shp,37.67131247000003,-122.08932186699997,651,13000
003C_shp,37.67165804200005,-122.089858978,652,13020
003C_shp,37.672004564000076,-122.09039512099997,653,13040
003C_shp,37.672355776000074,-122.09092643399998,654,13060
003C_shp,37.672708740000076,-122.09145590899999,655,13080
003C_shp,37.67306275000004,-122.09198427899997,656,13100
003C_shp,37.67341757500003,-122.09251178799997,657,13120
003C_shp,37.67377329100003,-122.093038348,658,13140
003C_shp,37.674129263000054,-122.09356463599994,659,13160
003C_shp,37.67448530300004,-122.09409085399994,660,13180
003C_shp,37.67484160500004,-122.09461679099996,661,13200
003C_shp,37.675198171000034,-122.09514245199995,662,13220
003C_shp,37.67555499500003,-122.09566783599996,663,13240
003C_shp,37.67591207800007,-122.096192944,664,13260
003C_shp,37.676269416000025,-122.09671777899996,665,13280
003C_shp,37.67662700900007,-122.09724234199996,666,13300
003C_shp,37.67698485400007,-122.09776663599996,667,13320
003C_shp,37.677342956000075,-122.09829065499997,668,13340
003C_shp,37.677701316000025,-122.09881439599997,669,13360
003C_shp,37.67805993400003,-122.09933786099998,670,13380
003C_shp,37.678418805000035,-122.09986105399997,671,13400
003C_shp,37.678777926000066,-122.10038397699998,672,13420
003C_shp,37.67913729400004,-122.10090663299997,673,13440
003C_shp,37.67949690700004,-122.10142902499996,674,13460
003C_shp,37.67985676700005,-122.10195115299996,675,13480
003C_shp,37.680216941000026,-122.10247293699996,676,13500
003C_shp,37.68057738500005,-122.10299442999997,677,13520
003C_shp,37.680938008000055,-122.10351572999997,678,13540
003C_shp,37.681298722000065,-122.10403693199999,679,13560
003C_shp,37.681659473000025,-122.104558097,680,13580
003C_shp,37.68202031900006,-122.10507915899996,681,13600
003C_shp,37.682381269000075,-122.10560010999995,682,13620
003C_shp,37.68274233000005,-122.10612094199996,683,13640
003C_shp,37.68310350200005,-122.10664165399999,684,13660
003C_shp,37.68346479100006,-122.10716224099997,685,13680
003C_shp,37.683826201000045,-122.10768269799996,686,13700
003C_shp,37.684187733000044,-122.10820302099995,687,13720
003C_shp,37.684549393000054,-122.10872320699997,688,13740
003C_shp,37.68491113700003,-122.10924330199998,689,13760
003C_shp,37.68527289300005,-122.10976338799998,690,13780
003C_shp,37.68563473800003,-122.11028337899995,691,13800
003C_shp,37.68599675300004,-122.11080318299997,692,13820
003C_shp,37.686359021000044,-122.11132270999997,693,13840
003C_shp,37.68672162400003,-122.11184187099997,694,13860
003C_shp,37.68708453100004,-122.11236069899996,695,13880
003C_shp,37.68744644900005,-122.11288061999994,696,13900
003C_shp,37.687808123000025,-122.11340081199995,697,13920
003C_shp,37.688171014000034,-122.11391966399998,698,13940
003C_shp,37.688536569000064,-122.11443554499999,699,13960
003C_shp,37.68890558500004,-122.114947514,700,13980
003C_shp,37.689281798000025,-122.11545097099997,701,14000
003C_shp,37.689666371000044,-122.11594436499996,702,14020
003C_shp,37.69002584700007,-122.11646692,703,14040
003C_shp,37.69039338500005,-122.11698054299995,704,14060
003C_shp,37.69074606400005,-122.11751043499999,705,14080
003C_shp,37.69110526700007,-122.11803332899996,706,14100
003C_shp,37.691466716000036,-122.11855378799999,707,14120
003C_shp,37.69182399700003,-122.11907879299997,708,14140
003C_shp,37.69218297200007,-122.11960196499996,709,14160
003C_shp,37.692545540000026,-122.12012120299994,710,14180
003C_shp,37.69290527700008,-122.12064354399996,711,14200
003C_shp,37.693259297000054,-122.12117204499998,712,14220
003C_shp,37.693615399000066,-122.12169832099994,713,14240
003C_shp,37.693977947000064,-122.12221756999998,714,14260
003C_shp,37.69434856600003,-122.12272772199998,715,14280
003C_shp,37.694710032000046,-122.12324817899997,716,14300
003C_shp,37.695061312000064,-122.12377954399994,717,14320
003C_shp,37.69542331100007,-122.12429929799998,718,14340
003C_shp,37.69579211900003,-122.12481143999997,719,14360
003C_shp,37.69613962200003,-122.12534675299997,720,14380
003C_shp,37.69649755300003,-122.12587104499994,721,14400
003C_shp,37.69686345300005,-122.12638659099997,722,14420
003C_shp,37.69722305300007,-122.12690194399994,723,14440
003C_shp,37.69758121600006,-122.12742603499998,724,14460
003C_shp,37.697935329000074,-122.12795445799998,725,14480
003C_shp,37.698279686000035,-122.12849297599996,726,14500
003C_shp,37.69861901100006,-122.12903653299998,727,14520
003C_shp,37.69896982200004,-122.12956844699994,728,14540
003C_shp,37.69932400700003,-122.13009681499994,729,14560
003C_shp,37.69968027200008,-122.13062296899994,730,14580
003C_shp,37.70003745200006,-122.13114814099998,731,14600
003C_shp,37.70039559200006,-122.13167227899999,732,14620
003C_shp,37.70075418500005,-122.13219592899998,733,14640
003C_shp,37.70111299600006,-122.13271934399995,734,14660
003C_shp,37.70147236200006,-122.13324215899996,735,14680
003C_shp,37.70183209700008,-122.13376457499999,736,14700
003C_shp,37.70219197800003,-122.13428683199999,737,14720
003C_shp,37.702551791000076,-122.134809169,738,14740
003C_shp,37.702911603000075,-122.13533150699999,739,14760
003C_shp,37.70327160200003,-122.13585364499994,740,14780
003C_shp,37.70363176600006,-122.13637560399997,741,14800
003C_shp,37.70399207500003,-122.13689740799998,742,14820
003C_shp,37.70435250400004,-122.13741908199995,743,14840
003C_shp,37.704713033000075,-122.13794064899997,744,14860
003C_shp,37.70507364100007,-122.13846213399995,745,14880
003C_shp,37.70543430400005,-122.13898355899994,746,14900
003C_shp,37.70579500000008,-122.13950495099999,747,14920
003C_shp,37.70615570900003,-122.14002633199999,748,14940
003C_shp,37.70651640800003,-122.14054772599997,749,14960
003C_shp,37.70687707500008,-122.141069158,750,14980
003C_shp,37.70723768900007,-122.14159065099994,751,15000
003C_shp,37.70759822600007,-122.14211222999995,752,15020
003C_shp,37.707958665000035,-122.14263391699996,753,15040
003C_shp,37.70831898500006,-122.14315573899995,754,15060
003C_shp,37.708679164000046,-122.14367771699995,755,15080
003C_shp,37.70903918000005,-122.14419987599996,756,15100
003C_shp,37.70939900900004,-122.14472224199994,757,15120
003C_shp,37.70975863000007,-122.14524483699995,758,15140
003C_shp,37.71011803000005,-122.14576767399996,759,15160
003C_shp,37.71047730400005,-122.14629065199995,760,15180
003C_shp,37.71083648500007,-122.14681373399998,761,15200
003C_shp,37.71119556300005,-122.14733693,762,15220
003C_shp,37.71155450800006,-122.14786027399998,763,15240
003C_shp,37.71191313300005,-122.14838396699997,764,15260
003C_shp,37.71227146500007,-122.14890797999999,765,15280
003C_shp,37.71262959000006,-122.14943222,766,15300
003C_shp,37.71298759300004,-122.14995659499999,767,15320
003C_shp,37.71334555800007,-122.15048101299999,768,15340
003C_shp,37.713703570000064,-122.15100538299998,769,15360
003C_shp,37.714061713000035,-122.15152961499996,770,15380
003C_shp,37.71442007200005,-122.15205361299996,771,15400
003C_shp,37.71477873200007,-122.15257728799997,772,15420
003C_shp,37.71513777700005,-122.15310054699995,773,15440
003C_shp,37.71549733000006,-122.15362325699999,774,15460
003C_shp,37.71585751300006,-122.15414527999997,775,15480
003C_shp,37.716218010000034,-122.15466696299995,776,15500
003C_shp,37.71657845900006,-122.15518870099999,777,15520
003C_shp,37.71693849700006,-122.15571088999997,778,15540
003C_shp,37.717297761000054,-122.15623392799995,779,15560
003C_shp,37.717655164000064,-122.15675898099994,780,15580
003C_shp,37.71801457300006,-122.15728185899997,781,15600
003C_shp,37.71837874100004,-122.15779949099999,782,15620
003C_shp,37.718751130000044,-122.15830773799996,783,15640
003C_shp,37.71914923000003,-122.15878370399997,784,15660
003C_shp,37.71958891300005,-122.15919731299999,785,15680
003C_shp,37.72005806900006,-122.15955675299995,786,15700
003C_shp,37.720536236000044,-122.15989701799998,787,15720
003C_shp,37.72101653000004,-122.16023250299997,788,15740
003C_shp,37.721499891000065,-122.16056092999997,789,15760
003C_shp,37.721984821000035,-122.16088566999997,790,15780
003C_shp,37.72246795700005,-122.16121463399998,791,15800
003C_shp,37.72295017600004,-122.16154572599999,792,15820
003C_shp,37.72343179200004,-122.16187821199998,793,15840
003C_shp,37.723912443000074,-122.16221289899994,794,15860
003C_shp,37.72439098800004,-122.16255233799995,795,15880
003C_shp,37.72486601600008,-122.16289947699994,796,15900
003C_shp,37.72533002500006,-122.16326939499999,797,15920
003C_shp,37.72578015500005,-122.16366559899996,798,15940
003C_shp,37.72621550500003,-122.16408714299996,799,15960
003C_shp,37.726634895000075,-122.16453362399994,800,15980
003C_shp,37.727042882000035,-122.16499661899996,801,16000
003C_shp,37.72744605500003,-122.16546627099996,802,16020
003C_shp,37.72784718200006,-122.16593869299999,803,16040
003C_shp,37.72824693200005,-122.16641296999995,804,16060
003C_shp,37.72864662200004,-122.16688732499995,805,16080
003C_shp,37.729046862000075,-122.16736094599997,806,16100
003C_shp,37.729446962000054,-122.167834761,807,16120
003C_shp,37.72984691000005,-122.16830877999996,808,16140
003C_shp,37.730246719000036,-122.16878298599994,809,16160
003C_shp,37.73064640100006,-122.16925736599995,810,16180
003C_shp,37.73104596600007,-122.16973190399995,811,16200
003C_shp,37.73144542600005,-122.17020658499996,812,16220
003C_shp,37.73184479300005,-122.17068139099996,813,16240
003C_shp,37.732244078000065,-122.17115631099995,814,16260
003C_shp,37.73264329300008,-122.17163132799999,815,16280
003C_shp,37.73304248800008,-122.17210637,816,16300
003C_shp,37.73344167400006,-122.17258142899999,817,16320
003C_shp,37.73384071000004,-122.17305668999995,818,16340
003C_shp,37.73423945400003,-122.17353234199999,819,16360
003C_shp,37.73463785900003,-122.17400844599996,820,16380
003C_shp,37.735036267000055,-122.17448454799995,821,16400
003C_shp,37.73543450600005,-122.17496087899997,822,16420
003C_shp,37.735832317000074,-122.17543777799995,823,16440
003C_shp,37.736229441000035,-122.17591558599997,824,16460
003C_shp,37.73662561700007,-122.17639464199999,825,16480
003C_shp,37.73702048200005,-122.176875414,826,16500
003C_shp,37.73741349000005,-122.17735859399994,827,16520
003C_shp,37.73780557500004,-122.17784296699995,828,16540
003C_shp,37.73819791300008,-122.17832701599997,829,16560
003C_shp,37.738591678000034,-122.17880922699999,830,16580
003C_shp,37.73898731400004,-122.17928900499999,831,16600
003C_shp,37.73938392400004,-122.17976750999998,832,16620
003C_shp,37.73978101900008,-122.18024537899998,833,16640
003C_shp,37.74017856900008,-122.18072264999995,834,16660
003C_shp,37.74057664500003,-122.18119922799997,835,16680
003C_shp,37.74097504200006,-122.18167538399996,836,16700
003C_shp,37.74137356700004,-122.18215137199996,837,16720
003C_shp,37.74177233200004,-122.18262704299997,838,16740
003C_shp,37.74217134700007,-122.18310238299995,839,16760
003C_shp,37.742570525000076,-122.18357750999996,840,16780
003C_shp,37.74296977900008,-122.18405253799995,841,16800
003C_shp,37.743369089000055,-122.18452749399995,842,16820
003C_shp,37.74376876900004,-122.18500195899998,843,16840
003C_shp,37.744168811000065,-122.18547594399996,844,16860
003C_shp,37.744569142000046,-122.18594954199995,845,16880
003C_shp,37.744969694000076,-122.18642284699996,846,16900
003C_shp,37.745370395000066,-122.18689595399997,847,16920
003C_shp,37.74577117600006,-122.18736895699999,848,16940
003C_shp,37.74617196500003,-122.18784194899996,849,16960
003C_shp,37.746572693000076,-122.18831502799998,850,16980
003C_shp,37.74697328900004,-122.18878828599998,851,17000
003C_shp,37.747373681000056,-122.18926181999996,852,17020
003C_shp,37.74777380100005,-122.18973572099998,853,17040
003C_shp,37.748173576000056,-122.19021008599998,854,17060
003C_shp,37.74857293700006,-122.19068500699996,855,17080
003C_shp,37.748971812000036,-122.19116057899998,856,17100
003C_shp,37.749370129000056,-122.19163689299995,857,17120
003C_shp,37.74976785300004,-122.19211399399995,858,17140
003C_shp,37.75016621800006,-122.19259025099996,859,17160
003C_shp,37.75056390800006,-122.19306740099995,860,17180
003C_shp,37.75095819300003,-122.19354900999997,861,17200
003C_shp,37.75134726400006,-122.19403730399995,862,17220
003C_shp,37.75173761100007,-122.19452398099997,863,17240
003C_shp,37.752131630000065,-122.19500594499999,864,17260
003C_shp,37.752529956000046,-122.19548226399996,865,17280
003C_shp,37.75293211800005,-122.19595344599998,866,17300
003C_shp,37.75333200600005,-122.19642768299997,867,17320
003C_shp,37.75372874400006,-122.19690609799994,868,17340
003C_shp,37.754129560000024,-122.19737910399999,869,17360
003C_shp,37.75452711200006,-122.19785645399998,870,17380
003C_shp,37.75492208800006,-122.19833719499997,871,17400
003C_shp,37.75532352700003,-122.19880935399999,872,17420
003C_shp,37.75573569000005,-122.19926659299995,873,17440
003C_shp,37.756141942000056,-122.19973217999996,874,17460
003C_shp,37.75654494400004,-122.20020224399997,875,17480
003C_shp,37.756945581000025,-122.20067550899995,876,17500
003C_shp,37.75734474600006,-122.20115074699999,877,17520
003C_shp,37.757743334000054,-122.20162675299997,878,17540
003C_shp,37.75814225200003,-122.20210232499994,879,17560
003C_shp,37.75854143600003,-122.20257754399995,880,17580
003C_shp,37.758940246000066,-122.20305326399995,881,17600
003C_shp,37.759338797000055,-122.20352933099997,882,17620
003C_shp,37.75973720300004,-122.20400559299998,883,17640
003C_shp,37.76013554000008,-122.20448194999994,884,17660
003C_shp,37.76053374900005,-122.20495847599994,885,17680
003C_shp,37.76093180100003,-122.20543521499997,886,17700
003C_shp,37.76132966600005,-122.20591220399996,887,17720
003C_shp,37.761727316000076,-122.20638947999998,888,17740
003C_shp,37.76212471400004,-122.20686709099999,889,17760
003C_shp,37.76252145400008,-122.20734557299994,890,17780
003C_shp,37.762917583000046,-122.20782485799998,891,17800
003C_shp,37.76331343800007,-122.20830450499994,892,17820
003C_shp,37.763709359000075,-122.20878406799994,893,17840
003C_shp,37.76410568600005,-122.20926310299996,894,17860
003C_shp,37.764502753000045,-122.20974116399998,895,17880
003C_shp,37.764900873000045,-122.21021783799995,896,17900
003C_shp,37.765299441000025,-122.21069392099997,897,17920
003C_shp,37.76569979800007,-122.21116761299999,898,17940
003C_shp,37.766102458000034,-122.21163820399994,899,17960
003C_shp,37.766507474000036,-122.21210557699999,900,17980
003C_shp,37.76691621900005,-122.21256775999996,901,18000
003C_shp,37.767333593000046,-122.21301749199995,902,18020
003C_shp,37.76776278700004,-122.21344923499998,903,18040
003C_shp,37.76819755200006,-122.21387208699997,904,18060
003C_shp,37.76863479900004,-122.21429085599999,905,18080
003C_shp,37.769071850000046,-122.21470994999999,906,18100
003C_shp,37.76950408000005,-122.21513690799998,907,18120
003C_shp,37.76992923200004,-122.21557495099995,908,18140
003C_shp,37.770337777000066,-122.21603728899998,909,18160
003C_shp,37.77072543700007,-122.21652738799997,910,18180
003C_shp,37.771090310000034,-122.21704444999995,911,18200
003C_shp,37.77143072800004,-122.21758736499999,912,18220
003C_shp,37.771745714000076,-122.21815413899998,913,18240
003C_shp,37.77204092300008,-122.21873762499996,914,18260
003C_shp,37.772324516000026,-122.21933020999995,915,18280
003C_shp,37.772602187000075,-122.21992723799997,916,18300
003C_shp,37.77287959600005,-122.22052445699995,917,18320
003C_shp,37.773166841000034,-122.22111424999997,918,18340
003C_shp,37.77346737000005,-122.22169339999999,919,18360
003C_shp,37.773781952000036,-122.22226063099998,920,18380
003C_shp,37.774102560000074,-122.22282249699998,921,18400
003C_shp,37.77442581200006,-122.22338195499998,922,18420
003C_shp,37.77475200400005,-122.22393869999996,923,18440
003C_shp,37.77507986200004,-122.22449389299999,924,18460
003C_shp,37.775404913000045,-122.22505170199997,925,18480
003C_shp,37.77572684800003,-122.22561237299999,926,18500
003C_shp,37.776045182000075,-122.22617629599995,927,18520
003C_shp,37.776355903000024,-122.22674690899998,928,18540
003C_shp,37.77665769300006,-122.22732509499997,929,18560
003C_shp,37.77695420600003,-122.227907604,930,18580
003C_shp,37.77724607700003,-122.22849382599998,931,18600
003C_shp,37.77753932000007,-122.22907896099997,932,18620
003C_shp,37.777835279000044,-122.22966192599995,933,18640
003C_shp,37.77813618400006,-122.23024085699996,934,18660
003C_shp,37.77844548000007,-122.23081270299997,935,18680
003C_shp,37.778772022000055,-122.23136907199995,936,18700
003C_shp,37.77911943100003,-122.23190497999997,937,18720
003C_shp,37.77948804400006,-122.23241795199999,938,18740
003C_shp,37.77987207700005,-122.23291269499998,939,18760
003C_shp,37.78026511500008,-122.23339610199997,940,18780
003C_shp,37.78065559100003,-122.23388279899996,941,18800
003C_shp,37.781036920000076,-122.23438083599996,942,18820
003C_shp,37.78140179300004,-122.23489802499995,943,18840
003C_shp,37.78174898900005,-122.23543423099994,944,18860
003C_shp,37.782086304000075,-122.23598040799999,945,18880
003C_shp,37.78242047200007,-122.23652965099996,946,18900
003C_shp,37.78275344000008,-122.23708005299994,947,18920
003C_shp,37.78308472200007,-122.23763206999996,948,18940
003C_shp,37.78341432800005,-122.23818567899997,949,18960
003C_shp,37.78374225600004,-122.23874087099995,950,18980
003C_shp,37.78406956400005,-122.23929664599996,951,19000
003C_shp,37.78439078700006,-122.23985801599997,952,19020
003C_shp,37.78470235700007,-122.24042795599996,953,19040
003C_shp,37.78500226500006,-122.24100775399995,954,19060
003C_shp,37.78529488200007,-122.24159344599997,955,19080
003C_shp,37.78558248600007,-122.24218306599994,956,19100
003C_shp,37.78586627000004,-122.24277562699996,957,19120
003C_shp,37.786152163000054,-122.24336657499998,958,19140
003C_shp,37.78644209600003,-122.24395439599999,959,19160
003C_shp,37.78672910300003,-122.24454448999995,960,19180
003C_shp,37.787011187000076,-122.24513834299995,961,19200
003C_shp,37.78728566700005,-122.24573781699996,962,19220
003C_shp,37.78755263000005,-122.24634267099998,963,19240
003C_shp,37.78781603500005,-122.246950003,964,19260
003C_shp,37.788076843000056,-122.24755911299997,965,19280
003C_shp,37.78833655100004,-122.24816897299996,966,19300
003C_shp,37.78859712800005,-122.248778244,967,19320
003C_shp,37.78886016700005,-122.24938583699998,968,19340
003C_shp,37.789123593000056,-122.24999316499998,969,19360
003C_shp,37.78938401900007,-122.25060254299996,970,19380
003C_shp,37.789639048000026,-122.25121552499996,971,19400
003C_shp,37.78987928000004,-122.25183789699997,972,19420
003C_shp,37.79009754800006,-122.25247296799995,973,19440
003C_shp,37.790300030000026,-122.25311633899997,974,19460
003C_shp,37.79049529200006,-122.25376325799999,975,19480
003C_shp,37.79069764700006,-122.25440670199998,976,19500
003C_shp,37.79091275700006,-122.25504351999996,977,19520
003C_shp,37.79114810400006,-122.25566882499999,978,19540
003C_shp,37.791410789000054,-122.25627657199999,979,19560
003C_shp,37.79169854700007,-122.25686602199994,980,19580
003C_shp,37.79200933000004,-122.25743666899996,981,19600
003C_shp,37.79234327100005,-122.25798608799994,982,19620
003C_shp,37.792697101000044,-122.25851541599997,983,19640
003C_shp,37.79306806400007,-122.25902581599996,984,19660
003C_shp,37.793450638000024,-122.25952244199999,985,19680
003C_shp,37.79383917700005,-122.26001168199997,986,19700
003C_shp,37.79423124300007,-122.26049644099999,987,19720
003C_shp,37.79462164900008,-122.26098332299995,988,19740
003C_shp,37.795008531000065,-122.26147463599995,989,19760
003C_shp,37.79538500900003,-122.26197860799999,990,19780
003C_shp,37.79574724100007,-122.26249884099997,991,19800
003C_shp,37.79608809200005,-122.26304153099994,992,19820
003C_shp,37.79641124600005,-122.26360123499995,993,19840
003C_shp,37.796728116000054,-122.26416662099996,994,19860
003C_shp,37.79704073800008,-122.26473575699998,995,19880
003C_shp,37.79730645500007,-122.26522876099995,996,19900
003C_shp,37.79761554800007,-122.26580094999997,997,19920
003C_shp,37.797932597000056,-122.26636618799995,998,19940
003C_shp,37.79824509400004,-122.266935435,999,19960
003C_shp,37.798546369000064,-122.26751415599995,1000,19980
003C_shp,37.798823225000035,-122.26811190399997,1001,20000
003C_shp,37.79908082000003,-122.26872323999999,1002,20020
003C_shp,37.79932854900005,-122.26934104799994,1003,20040
003C_shp,37.79956953000004,-122.26996308199995,1004,20060
003C_shp,37.79980614900006,-122.27058777199994,1005,20080
003C_shp,37.800040910000064,-122.27121355699995,1006,20100
003C_shp,37.80030794800007,-122.27181770599998,1007,20120
003C_shp,37.800693515000034,-122.27230511199997,1008,20140
003C_shp,37.80118837200007,-122.27259711799996,1009,20160
003C_shp,37.801733169000045,-122.27262911599996,1010,20180
003C_shp,37.802258669000025,-122.27243528999998,1011,20200
003C_shp,37.80274088200008,-122.27210406399996,1012,20220
003C_shp,37.80323084100007,-122.27179131399998,1013,20240
003C_shp,37.80372782500007,-122.27149672399997,1014,20260
003C_shp,37.80422033000008,-122.27119024899997,1015,20280
003C_shp,37.804712359000064,-122.27088256299999,1016,20300
003C_shp,37.805203805000076,-122.27057339599997,1017,20320
003C_shp,37.80569416600008,-122.27026150299997,1018,20340
003C_shp,37.80618435800005,-122.26994918599996,1019,20360
003C_shp,37.806675563000056,-122.26963940999997,1020,20380
003C_shp,37.80716819300005,-122.269333244,1021,20400
003C_shp,37.80766166300003,-122.26902923299997,1022,20420
003C_shp,37.80815592500005,-122.26872727099999,1023,20440
003C_shp,37.80864483000005,-122.26841241699998,1024,20460
003C_shp,37.80913832900006,-122.26810884999998,1025,20480
003C_shp,37.80964931300008,-122.26785573099994,1026,20500
003C_shp,37.81019169700005,-122.26777325399996,1027,20520
003C_shp,37.81071640600004,-122.26796570799996,1028,20540
003C_shp,37.81116414500008,-122.26836280199996,1029,20560
003C_shp,37.811565692000045,-122.26883507299999,1030,20580
003C_shp,37.81195115200006,-122.26932809299996,1031,20600
003C_shp,37.812355138000044,-122.26979666099999,1032,20620
003C_shp,37.812808682000025,-122.27018646899995,1033,20640
003C_shp,37.81329433700006,-122.27050873799999,1034,20660
003C_shp,37.81381287200003,-122.27073563999994,1035,20680
003C_shp,37.81435118200005,-122.270870205,1036,20700
003C_shp,37.814899420000074,-122.27090270299999,1037,20720
003C_shp,37.815446671000075,-122.27084995799999,1038,20740
003C_shp,37.81598581600008,-122.27071859499995,1039,20760
003C_shp,37.816518882000025,-122.27055184299996,1040,20780
003C_shp,37.81704898300006,-122.27037059799994,1041,20800
003C_shp,37.81758310400005,-122.27020925699998,1042,20820
003C_shp,37.818119858000045,-122.27006234899994,1043,20840
003C_shp,37.81865526900003,-122.26990783699995,1044,20860
003C_shp,37.819191782000075,-122.26975957099995,1045,20880
003C_shp,37.81973007900007,-122.26962191099994,1046,20900
003C_shp,37.82026753700006,-122.26947918899998,1047,20920
003C_shp,37.820802651000065,-122.26932316299997,1048,20940
003C_shp,37.821333957000036,-122.26914764199995,1049,20960
003C_shp,37.821871302000034,-122.26900458999995,1050,20980
003C_shp,37.82240713900006,-122.268852633,1051,21000
003C_shp,37.822944377000056,-122.26870901099994,1052,21020
003C_shp,37.823479570000075,-122.26855343399995,1053,21040
003C_shp,37.82401387700003,-122.26839309799999,1054,21060
003C_shp,37.82454517100007,-122.26821748199995,1055,21080
003C_shp,37.82507625000005,-122.26804081699999,1056,21100
003C_shp,37.825609334000035,-122.26787401399997,1057,21120
003C_shp,37.826144025000076,-122.26771558599995,1058,21140
003C_shp,37.82668049600005,-122.26756706099997,1059,21160
003C_shp,37.82721968200008,-122.26743519899998,1060,21180
003C_shp,37.827760977000025,-122.26731769599996,1061,21200
003C_shp,37.82830327100004,-122.26720776699995,1062,21220
003C_shp,37.82884651400008,-122.26710555199998,1063,21240
003C_shp,37.82938888900003,-122.26699676899995,1064,21260
003C_shp,37.82993042800007,-122.26688105699998,1065,21280
003C_shp,37.83047245400007,-122.26676902399998,1066,21300
003C_shp,37.83101518800004,-122.26666258299997,1067,21320
003C_shp,37.83155775300003,-122.26655478199996,1068,21340
003C_shp,37.83209903000005,-122.26643717899998,1069,21360
003C_shp,37.83264093300005,-122.26632427299995,1070,21380
003C_shp,37.833187175000035,-122.26625964499999,1071,21400
003C_shp,37.83373434900005,-122.26631666999998,1072,21420
003C_shp,37.83427440000003,-122.26643993399995,1073,21440
003C_shp,37.834799829000076,-122.26664069599997,1074,21460
003C_shp,37.83530039100003,-122.26692457699994,1075,21480
003C_shp,37.83577205200004,-122.267278568,1076,21500
003C_shp,37.836222546000045,-122.26767469099997,1077,21520
003C_shp,37.83666590100006,-122.26808348199995,1078,21540
003C_shp,37.837119845000075,-122.26847326999996,1079,21560
003C_shp,37.837592838000035,-122.26882502599994,1080,21580
003C_shp,37.838090890000046,-122.26911637199998,1081,21600
003C_shp,37.83860640700004,-122.26935420899997,1082,21620
003C_shp,37.83913684800007,-122.26953347799997,1083,21640
003C_shp,37.83967426400005,-122.26967639599997,1084,21660
003C_shp,37.84021372800004,-122.26980658399998,1085,21680
003C_shp,37.840754237000056,-122.26992971199996,1086,21700
003C_shp,37.841295487000025,-122.27004757099996,1087,21720
003C_shp,37.84183703300005,-122.27016324299996,1088,21740
003C_shp,37.842378917000076,-122.27027637399999,1089,21760
003C_shp,37.842920854000056,-122.27038910199997,1090,21780
003C_shp,37.843462782000074,-122.27050189599998,1091,21800
003C_shp,37.844004787000074,-122.27061410599998,1092,21820
003C_shp,37.844546947000026,-122.27072511499995,1093,21840
003C_shp,37.84508934000007,-122.270834305,1094,21860
003C_shp,37.84563203600004,-122.270941059,1095,21880
003C_shp,37.846174794000035,-122.27104732599997,1096,21900
003C_shp,37.84671821100005,-122.27114804499996,1097,21920
003C_shp,37.84726279700004,-122.27123767699999,1098,21940
003C_shp,37.847811096000044,-122.27127648999999,1099,21960
003C_shp,37.84836024600003,-122.27127788499996,1100,21980
003C_shp,37.84890739700006,-122.27121850699996,1101,22000
003C_shp,37.84944954500003,-122.27110867999994,1102,22020
003C_shp,37.84998527100004,-122.270956222,1103,22040
003C_shp,37.85051521100007,-122.27077422999997,1104,22060
003C_shp,37.85104175500004,-122.27057710899999,1105,22080
003C_shp,37.85156679900007,-122.27037370099998,1106,22100
003C_shp,37.85209141900003,-122.27016855299996,1107,22120
003C_shp,37.85261528700005,-122.26996037699996,1108,22140
003C_shp,37.85314014200003,-122.26975618899996,1109,22160
003C_shp,37.85366521000003,-122.26955286699996,1110,22180
003C_shp,37.854190490000065,-122.26935041699994,1111,22200
003C_shp,37.85471597900005,-122.26914883199998,1112,22220
003C_shp,37.855241671000044,-122.26894808799995,1113,22240
003C_shp,37.85576757300004,-122.26874822299999,1114,22260
003C_shp,37.85629369600008,-122.26854928099999,1115,22280
003C_shp,37.85681993400004,-122.26835082099996,1116,22300
003C_shp,37.85734614200004,-122.26815223899996,1117,22320
003C_shp,37.85787290700006,-122.26795601999999,1118,22340
003C_shp,37.85840069900007,-122.26776423999996,1119,22360
003C_shp,37.85892968200005,-122.26757779299999,1120,22380
003C_shp,37.859462618000066,-122.26741043699997,1121,22400
003C_shp,37.86000205900007,-122.26728049199994,1122,22420
003C_shp,37.86054663500005,-122.26719123199996,1123,22440
003C_shp,37.86109460500006,-122.26714497999996,1124,22460
003C_shp,37.861643694000065,-122.26713106999995,1125,22480
003C_shp,37.86219254200006,-122.26715583199996,1126,22500
003C_shp,37.862740203000044,-122.26720841799994,1127,22520
003C_shp,37.863287093000054,-122.26727265399995,1128,22540
003C_shp,37.86383355500004,-122.26734247199994,1129,22560
003C_shp,37.86437981300003,-122.26741477499996,1130,22580
003C_shp,37.864925853000045,-122.26748966499997,1131,22600
003C_shp,37.86547184700004,-122.26756507899995,1132,22620
003C_shp,37.866017974000044,-122.26763895599998,1133,22640
003C_shp,37.86656428100008,-122.26771068199997,1134,22660
003C_shp,37.86711068500006,-122.26778121899997,1135,22680
003C_shp,37.86765732500004,-122.26784876799996,1136,22700
003C_shp,37.86820419600008,-122.26791328999997,1137,22720
003C_shp,37.868751202000055,-122.26797597699999,1138,22740
003C_shp,37.86929828500007,-122.26803756799995,1139,22760
003C_shp,37.869845471000076,-122.26809768499999,1140,22780
003C_shp,37.87039284700006,-122.26815481299997,1141,22800
003C_shp,37.870940534000056,-122.26820711199997,1142,22820
003C_shp,37.871487718000026,-122.26826723399995,1143,22840
003C_shp,37.87203325200005,-122.26834670899996,1144,22860
003C_shp,37.872563299000035,-122.26852303099997,1145,22880
003C_shp,37.87303932200007,-122.26886424099996,1146,22900
003C_shp,37.87341521800005,-122.26936584799995,1147,22920
003C_shp,37.87366138300007,-122.26998262699999,1148,22940
003C_shp,37.87375509300006,-122.27066342299997,1149,22960
003C_shp,37.87372837100003,-122.27135450299994,1150,22980
003C_shp,37.87364965900008,-122.27204022499996,1151,23000
003C_shp,37.87355798700003,-122.27272340199994,1152,23020
003C_shp,37.87346089700003,-122.27340539899996,1153,23040
003C_shp,37.87336928900004,-122.27408860099996,1154,23060
003C_shp,37.87327903900007,-122.27477208999994,1155,23080
003C_shp,37.87318971500008,-122.27545577299998,1156,23100
003C_shp,37.87310153800007,-122.27613969099997,1157,23120
003C_shp,37.87301467700007,-122.27682387599998,1158,23140
003C_shp,37.87292881900004,-122.27750826299996,1159,23160
003C_shp,37.872846613000036,-122.27819335799995,1160,23180
003C_shp,37.872780067000065,-122.27888106699999,1161,23200
003C_shp,37.87275783700005,-122.27957304799997,1162,23220
003C_shp,37.87281919800006,-122.28026116699999,1163,23240
003C_shp,37.87296612500006,-122.28092766199995,1164,23260
003C_shp,37.87318400000004,-122.28156350199998,1165,23280
003C_shp,37.87342748900005,-122.28218457899999,1166,23300
003C_shp,37.873679966000054,-122.28279993199999,1167,23320
003C_shp,37.87394290700007,-122.28340826899995,1168,23340
003C_shp,37.87420016500005,-122.28402040499998,1169,23360
003C_shp,37.874457250000034,-122.28463273299997,1170,23380
003C_shp,37.87471685100007,-122.28524337099998,1171,23400
003C_shp,37.87498313300006,-122.28584939499996,1172,23420
003C_shp,37.875274492000074,-122.28643635699996,1173,23440
003C_shp,37.875628791000054,-122.28696485999996,1174,23460
003C_shp,37.876049919000025,-122.28740763199994,1175,23480
003C_shp,37.876526643000034,-122.28775015699995,1176,23500
003C_shp,37.877033432000076,-122.28801687499998,1177,23520
003C_shp,37.87754791700007,-122.28825947299998,1178,23540
003C_shp,37.87806367300004,-122.28849777999994,1179,23560
003C_shp,37.87857999000005,-122.28873413999997,1180,23580
003C_shp,37.879096823000054,-122.28896870299997,1181,23600
003C_shp,37.87961399200003,-122.28920208399995,1182,23620
003C_shp,37.880131568000024,-122.28943402799996,1183,23640
003C_shp,37.88064951700005,-122.28966464599995,1184,23660
003C_shp,37.88116772700005,-122.28989432899999,1185,23680
003C_shp,37.88168661000003,-122.29012157799997,1186,23700
003C_shp,37.88220568400004,-122.29034813399994,1187,23720
003C_shp,37.88272375500003,-122.29057831399996,1188,23740
003C_shp,37.883239470000035,-122.29081676299995,1189,23760
003C_shp,37.883754751000026,-122.29105670699994,1190,23780
003C_shp,37.88427264400008,-122.29128750599995,1191,23800
003C_shp,37.884794052000075,-122.29150527999997,1192,23820
003C_shp,37.88532107800006,-122.29170028899995,1193,23840
003C_shp,37.88585087300004,-122.29188311999997,1194,23860
003C_shp,37.88638173700008,-122.29206095599994,1195,23880
003C_shp,37.886912970000026,-122.29223703099996,1196,23900
003C_shp,37.88744482900006,-122.29241006899997,1197,23920
003C_shp,37.88797710700004,-122.29258104599995,1198,23940
003C_shp,37.88850955700008,-122.29275117299994,1199,23960
003C_shp,37.88904193800005,-122.29292164299994,1200,23980
003C_shp,37.88957429000004,-122.29309225699996,1201,24000
003C_shp,37.890106727000045,-122.29326244899994,1202,24020
003C_shp,37.89063927500007,-122.29343209099994,1203,24040
003C_shp,37.89117195700004,-122.29360105799998,1204,24060
003C_shp,37.89170488800005,-122.29376877699997,1205,24080
003C_shp,37.89223809600003,-122.29393508599998,1206,24100
003C_shp,37.89277143600003,-122.29410072199994,1207,24120
003C_shp,37.89330476200007,-122.29426642599998,1208,24140
003C_shp,37.893837930000075,-122.29443293699995,1209,24160
003C_shp,37.894370794000054,-122.29460099699997,1210,24180
003C_shp,37.89490344300003,-122.294770143,1211,24200
003C_shp,37.895435905000056,-122.29494021499994,1212,24220
003C_shp,37.89596792700007,-122.29511247199997,1213,24240
003C_shp,37.896499962000064,-122.29528466699998,1214,24260
003C_shp,37.89703130700008,-122.29546021499999,1215,24280
003C_shp,37.89756072000006,-122.29564479899994,1216,24300
003C_shp,37.89808676800004,-122.29584393599998,1217,24320
003C_shp,37.89860441500008,-122.29607546399995,1218,24340
003C_shp,37.89911283200007,-122.29633757299996,1219,24360
003C_shp,37.89961105700007,-122.29662919199995,1220,24380
003C_shp,37.900097618000075,-122.29695061599995,1221,24400
003C_shp,37.900571323000065,-122.29730140599997,1222,24420
003C_shp,37.901039397000034,-122.29766407399995,1223,24440
003C_shp,37.90150528300006,-122.29803120699995,1224,24460
003C_shp,37.90196887500008,-122.29840293899997,1225,24480
003C_shp,37.90243019600007,-122.29877914499997,1226,24500
003C_shp,37.90289487700005,-122.29914855999999,1227,24520
003C_shp,37.90336193700006,-122.29951331799998,1228,24540
003C_shp,37.90382669200005,-122.29988273899994,1229,24560
003C_shp,37.90428956900007,-122.30025590199995,1230,24580
003C_shp,37.90475026100006,-122.300633345,1231,24600
003C_shp,37.90520953200007,-122.30101354399994,1232,24620
003C_shp,37.905669329000034,-122.30139273099996,1233,24640
003C_shp,37.90613072100007,-122.30176881999995,1234,24660
003C_shp,37.90659301000005,-122.30214315199999,1235,24680
003C_shp,37.90705574200007,-122.30251661499994,1236,24700
003C_shp,37.907518468000035,-122.302890091,1237,24720
003C_shp,37.90798074200006,-122.30326445999998,1238,24740
003C_shp,37.90844227300005,-122.30364029099997,1239,24760
003C_shp,37.90890327900007,-122.30401714599998,1240,24780
003C_shp,37.90936396800004,-122.30439462299995,1241,24800
003C_shp,37.909824540000045,-122.30477232899995,1242,24820
003C_shp,37.91028519500003,-122.30514987499998,1243,24840
003C_shp,37.91074613600006,-122.30552686899995,1244,24860
003C_shp,37.91120756000004,-122.30590291899995,1245,24880
003C_shp,37.91166935200005,-122.30627825599998,1246,24900
003C_shp,37.91213135600003,-122.30665317499995,1247,24920
003C_shp,37.91259373300005,-122.30702736399996,1248,24940
003C_shp,37.91305653400008,-122.30740071899999,1249,24960
003C_shp,37.913519687000075,-122.307773382,1250,24980
003C_shp,37.913983521000034,-122.30814469299997,1251,25000
003C_shp,37.91444839300004,-122.30851393299997,1252,25020
003C_shp,37.914914200000055,-122.30888129399995,1253,25040
003C_shp,37.91538058500004,-122.30924748599995,1254,25060
003C_shp,37.91584719200006,-122.30961322999997,1255,25080
003C_shp,37.916313700000046,-122.30997917499997,1256,25100
003C_shp,37.916780405000054,-122.31034472599998,1257,25120
003C_shp,37.917247418000045,-122.31070964999998,1258,25140
003C_shp,37.91771467600006,-122.31107407399998,1259,25160
003C_shp,37.918182115000036,-122.31143813199998,1260,25180
003C_shp,37.91864967200007,-122.31180195099995,1261,25200
003C_shp,37.91911728300005,-122.31216566199998,1262,25220
003C_shp,37.91958488400007,-122.31252939399997,1263,25240
003C_shp,37.920052412000075,-122.31289327999997,1264,25260
003C_shp,37.92051980200006,-122.31325744799994,1265,25280
003C_shp,37.92098699100006,-122.31362202999998,1266,25300
003C_shp,37.921453980000024,-122.31398702299998,1267,25320
003C_shp,37.92192090200007,-122.314352155,1268,25340
003C_shp,37.92238776600004,-122.31471740699999,1269,25360
003C_shp,37.92285457100007,-122.31508277999995,1270,25380
003C_shp,37.923321319000024,-122.31544827199997,1271,25400
003C_shp,37.92378800900008,-122.31581388499995,1272,25420
003C_shp,37.92425464100006,-122.31617961699999,1273,25440
003C_shp,37.924721215000034,-122.31654547099998,1274,25460
003C_shp,37.92518773000006,-122.31691144499996,1275,25480
003C_shp,37.925657769000054,-122.31727015899997,1276,25500
003C_shp,37.92612655700003,-122.31763148099998,1277,25520
003C_shp,37.92659404600005,-122.31799547499998,1278,25540
003C_shp,37.92706038000006,-122.31836182399996,1279,25560
003C_shp,37.92752548800007,-122.31873065299999,1280,25580
003C_shp,37.92798950400004,-122.31910166799997,1281,25600
003C_shp,37.92845024400003,-122.31947911399999,1282,25620
003C_shp,37.92889274200007,-122.31988961599995,1283,25640
003C_shp,37.92931204800004,-122.32033710299999,1284,25660
003C_shp,37.92969439900003,-122.32083458699998,1285,25680
003C_shp,37.93004037400004,-122.321372871,1286,25700
003C_shp,37.93034636600004,-122.32194843199994,1287,25720
003C_shp,37.93060838900004,-122.32255758999997,1288,25740
003C_shp,37.930824062000056,-122.32319505899994,1289,25760
003C_shp,37.930993080000064,-122.32385462299999,1290,25780
003C_shp,37.93111656800005,-122.32453011599995,1291,25800
003C_shp,37.93119846800005,-122.32521563799997,1292,25820
003C_shp,37.93124535800007,-122.32590648499996,1293,25840
003C_shp,37.931279559000075,-122.32659858399995,1294,25860
003C_shp,37.931306868000036,-122.32729117299999,1295,25880
003C_shp,37.93132989900005,-122.32798401199994,1296,25900
003C_shp,37.93135218100008,-122.32867689099999,1297,25920
003C_shp,37.93137518900005,-122.32936973199998,1298,25940
003C_shp,37.93139552900004,-122.33006270599998,1299,25960
003C_shp,37.93141228400003,-122.33075583199997,1300,25980
003C_shp,37.93142486800008,-122.33144909799995,1301,26000
003C_shp,37.931433724000044,-122.33214245799996,1302,26020
003C_shp,37.93144001200005,-122.33283586299996,1303,26040
003C_shp,37.93144366000007,-122.33352929699998,1304,26060
003C_shp,37.931444648000024,-122.33422274599997,1305,26080
003C_shp,37.931443939000076,-122.334916196,1306,26100
003C_shp,37.93144166600007,-122.33560964099996,1307,26120
003C_shp,37.93143861300007,-122.33630308099998,1308,26140
003C_shp,37.931434886000034,-122.33699651599994,1309,26160
003C_shp,37.93143015800007,-122.33768994099995,1310,26180
003C_shp,37.93142491200007,-122.33838335899998,1311,26200
003C_shp,37.931419627000025,-122.33907677799999,1312,26220
003C_shp,37.93141478700005,-122.33977020099996,1313,26240
003C_shp,37.93141086300005,-122.34046363399995,1314,26260
003C_shp,37.93140744400006,-122.34115706999995,1315,26280
003C_shp,37.93140454200005,-122.34185051099996,1316,26300
003C_shp,37.93140276300005,-122.34254395799996,1317,26320
003C_shp,37.93140216900008,-122.34323740699995,1318,26340
003C_shp,37.93140430700004,-122.34393085099998,1319,26360
003C_shp,37.931416538000065,-122.34462411199996,1320,26380
003C_shp,37.93146270600005,-122.34531478899999,1321,26400
003C_shp,37.93157268300007,-122.34599378699994,1322,26420
003C_shp,37.931749807000074,-122.34664964999996,1323,26440
003C_shp,37.93199324200003,-122.34727077499997,1324,26460
003C_shp,37.932287375000044,-122.34785609699998,1325,26480
003C_shp,37.93262483900003,-122.34840290899996,1326,26500
003C_shp,37.93299404100003,-122.34891624399995,1327,26520
003C_shp,37.93337495000003,-122.34941584799998,1328,26540
003C_shp,37.93375963700004,-122.34991081499999,1329,26560
003C_shp,37.93414929900007,-122.35039954599995,1330,26580
003C_shp,37.934547328000065,-122.35087732199997,1331,26600
003C_shp,37.934960002000025,-122.35133492599999,1332,26620
003C_shp,37.935385652000036,-122.35177311499996,1333,26640
003C_shp,37.935823440000036,-122.352191861,1334,26660
003C_shp,37.936267643000065,-122.35259974399997,1335,26680
003C_shp,37.936714395000024,-122.35300316399997,1336,26700
003C_shp,37.93673651300003,-122.35302291299996,1337,26720
008A_shp,37.60027140600005,-122.38673284799995,1,0
008A_shp,37.60069724900006,-122.38716889599999,2,20
008A_shp,37.60111918700005,-122.38761090399998,3,40
008A_shp,37.60153429700006,-122.38806298899999,4,60
008A_shp,37.601938129000075,-122.38853087599995,5,80
008A_shp,37.602346804000035,-122.38899199499997,6,100
008A_shp,37.60276685400004,-122.38943684699996,7,120
008A_shp,37.60319058700003,-122.38987614999996,8,140
008A_shp,37.603615697000066,-122.39031334899994,9,160
008A_shp,37.604042796000044,-122.39074747899997,10,180
008A_shp,37.60446919900005,-122.39118268799996,11,200
008A_shp,37.60489054800007,-122.39162559099998,12,220
008A_shp,37.60530750200007,-122.39207503899996,13,240
008A_shp,37.60572824700006,-122.39251885099998,14,260
008A_shp,37.60615582300005,-122.39295224199998,15,280
008A_shp,37.60658860500007,-122.39337737999995,16,300
008A_shp,37.607025142000055,-122.39379642799997,17,320
008A_shp,37.607454920000066,-122.39422636899997,18,340
008A_shp,37.60788846000003,-122.39465027199998,19,360
008A_shp,37.60832125500008,-122.39507535999996,20,380
008A_shp,37.608738465000044,-122.39552431599998,21,400
008A_shp,37.60916450800005,-122.39595998699997,22,420
008A_shp,37.609598868000035,-122.39638256099994,23,440
008A_shp,37.61002042000007,-122.39682519399997,24,460
008A_shp,37.610447788000045,-122.39725888399994,25,480
008A_shp,37.61088058800004,-122.39768403799997,26,500
008A_shp,37.61130626800008,-122.39812037399997,27,520
008A_shp,37.61173501700006,-122.39855190399999,28,540
008A_shp,37.61217878600007,-122.39895869499998,29,560
008A_shp,37.61263346800007,-122.39934603699999,30,580
008A_shp,37.61311787400007,-122.39967019499994,31,600
008A_shp,37.61364064600008,-122.39987488299994,32,620
008A_shp,37.614187754000056,-122.39986535099996,33,640
008A_shp,37.61470235200005,-122.39963215099999,34,660
008A_shp,37.61512813300004,-122.399201431,35,680
008A_shp,37.61542359900005,-122.39862342299995,36,700
008A_shp,37.61555935100006,-122.39795637699996,37,720
008A_shp,37.61559254700006,-122.39726731299999,38,740
008A_shp,37.61560372200006,-122.39657698499997,39,760
008A_shp,37.61560016300007,-122.39588649699999,40,780
008A_shp,37.61560588700007,-122.395196038,41,800
008A_shp,37.61562521600007,-122.39450598199994,42,820
008A_shp,37.615670145000024,-122.39381942399996,43,840
008A_shp,37.61580021800006,-122.39314879499995,44,860
008A_shp,37.61597187500007,-122.39249305899995,45,880
008A_shp,37.61583978200008,-122.39298525899994,46,900
008A_shp,37.61569606000006,-122.39365155599995,47,920
008A_shp,37.61563601300003,-122.39433703599997,48,940
008A_shp,37.61562065100003,-122.39502724299996,49,960
008A_shp,37.61561665200003,-122.39571773299997,50,980
008A_shp,37.615617385000064,-122.39640823699995,51,1000
008A_shp,37.61562617900006,-122.39709864599996,52,1020
008A_shp,37.615638095000065,-122.39778898699996,53,1040
008A_shp,37.61563862000003,-122.39847948799996,54,1060
008A_shp,37.61565140600004,-122.39916975899996,55,1080
008A_shp,37.61570223600006,-122.39985700199998,56,1100
008A_shp,37.61583858600005,-122.40052483999995,57,1120
008A_shp,37.61605362900008,-122.40115962799996,58,1140
008A_shp,37.616360978000046,-122.40172979099998,59,1160
008A_shp,37.616710789000024,-122.40226111699997,60,1180
008A_shp,37.61712184500004,-122.40271835299995,61,1200
008A_shp,37.617567859000076,-122.40312058799998,62,1220
008A_shp,37.61804456500005,-122.40346338599994,63,1240
008A_shp,37.61853016500004,-122.40378605299998,64,1260
008A_shp,37.61900439100003,-122.40413431399998,65,1280
008A_shp,37.61946824800003,-122.40450414199995,66,1300
008A_shp,37.61993805800006,-122.40486190099995,67,1320
008A_shp,37.62041076200006,-122.40521359899998,68,1340
008A_shp,37.62088310900003,-122.40556605699999,69,1360
008A_shp,37.62135174500003,-122.40592623999999,70,1380
008A_shp,37.62181663600006,-122.40629403499997,71,1400
008A_shp,37.62228873600003,-122.40664692399997,72,1420
008A_shp,37.622762943000055,-122.406995344,73,1440
008A_shp,37.62323076000007,-122.40735719999998,74,1460
008A_shp,37.62370486400005,-122.40770591499995,75,1480
008A_shp,37.62417227100008,-122.40806862799997,76,1500
008A_shp,37.624646787000074,-122.40841638299997,77,1520
008A_shp,37.62513374200006,-122.40873570199994,78,1540
008A_shp,37.62562738200006,-122.40903855099998,79,1560
008A_shp,37.626123276000044,-122.40933553699995,80,1580
008A_shp,37.62662087500007,-122.40962798599998,81,1600
008A_shp,37.62711907000005,-122.40991883099997,82,1620
008A_shp,37.62761803800004,-122.41020757199999,83,1640
008A_shp,37.628117461000045,-122.41049507399998,84,1660
008A_shp,37.62861716900005,-122.41078179099998,85,1680
008A_shp,37.629117422000036,-122.41106700099999,86,1700
008A_shp,37.62961781900003,-122.41135181699997,87,1720
008A_shp,37.63011794200003,-122.41163739299998,88,1740
008A_shp,37.63061747100005,-122.41192460999997,89,1760
008A_shp,37.63111678900003,-122.41221240699997,90,1780
008A_shp,37.63161507800004,-122.41250300999997,91,1800
008A_shp,37.63211201800004,-122.41279724499998,92,1820
008A_shp,37.63260601400003,-122.41309920999998,93,1840
008A_shp,37.633097570000075,-122.41340741399995,94,1860
008A_shp,37.63358688000005,-122.41372121799998,95,1880
008A_shp,37.63407367600007,-122.41404114499994,96,1900
008A_shp,37.634557157000074,-122.41436890799997,97,1920
008A_shp,37.63503732400005,-122.41470430499999,98,1940
008A_shp,37.63552332100005,-122.41502612499994,99,1960
008A_shp,37.636014457000044,-122.41533537099997,100,1980
008A_shp,37.636510773000055,-122.41563121799999,101,2000
008A_shp,37.63701264900004,-122.41591190799994,102,2020
008A_shp,37.637511250000045,-122.41620167399998,103,2040
008A_shp,37.638009012000055,-122.41649371399996,104,2060
008A_shp,37.638507067000035,-122.41678497899994,105,2080
008A_shp,37.63900464000005,-122.41707754499998,106,2100
008A_shp,37.639501643000074,-122.41737164299997,107,2120
008A_shp,37.639997666000056,-122.41766834599997,108,2140
008A_shp,37.64049340300005,-122.41796580799996,109,2160
008A_shp,37.64098975600007,-122.41826163899998,110,2180
008A_shp,37.64148779900006,-122.41855294199996,111,2200
008A_shp,37.64198679100008,-122.41884167299997,112,2220
008A_shp,37.642484094000054,-122.41913496499996,113,2240
008A_shp,37.642979119000074,-122.41943430399999,114,2260
008A_shp,37.64346970200006,-122.41974494699997,115,2280
008A_shp,37.64394877600006,-122.42008256699995,116,2300
008A_shp,37.64440938000007,-122.42045880899997,117,2320
008A_shp,37.64486190300005,-122.42085033399997,118,2340
008A_shp,37.64531133500003,-122.42124746299999,119,2360
008A_shp,37.64575941600003,-122.42164700499995,120,2380
008A_shp,37.64620641300007,-122.42204846299995,121,2400
008A_shp,37.646652482000036,-122.42245155599994,122,2420
008A_shp,37.64709830900006,-122.422855073,123,2440
008A_shp,37.64754458800007,-122.42325780199997,124,2460
008A_shp,37.647992017000036,-122.42365850899995,125,2480
008A_shp,37.64844135200008,-122.42405582999999,126,2500
008A_shp,37.64889142900006,-122.42445182399996,127,2520
008A_shp,37.64934044600005,-122.42484971599998,128,2540
008A_shp,37.64978705400006,-122.42525187799998,129,2560
008A_shp,37.65023019500006,-122.42566001299997,130,2580
008A_shp,37.65066023600008,-122.42608970299995,131,2600
008A_shp,37.651073344000054,-122.42654490199999,132,2620
008A_shp,37.651467626000056,-122.42702576899995,133,2640
008A_shp,37.651842223000074,-122.42753093799996,134,2660
008A_shp,37.65219695800005,-122.42805828499996,135,2680
008A_shp,37.65252995700007,-122.42860764399995,136,2700
008A_shp,37.65285161500003,-122.42916763699998,137,2720
008A_shp,37.653167574000065,-122.42973275199995,138,2740
008A_shp,37.65348067600007,-122.43030037899996,139,2760
008A_shp,37.65379131800006,-122.43087014199995,140,2780
008A_shp,37.65410083100005,-122.43144088199995,141,2800
008A_shp,37.65441255200005,-122.43200971699997,142,2820
008A_shp,37.65472522500005,-122.43257772699997,143,2840
008A_shp,37.655041072000074,-122.43314294899994,144,2860
008A_shp,37.65536748200003,-122.43369856699996,145,2880
008A_shp,37.65569448400004,-122.43425361699997,146,2900
008A_shp,37.65604506600005,-122.43478535099996,147,2920
008A_shp,37.65641717700004,-122.43529344899997,148,2940
008A_shp,37.65680837700006,-122.43577829099996,149,2960
008A_shp,37.65722123900008,-122.43623385999996,150,2980
008A_shp,37.65765328800006,-122.43666034499995,151,3000
008A_shp,37.65810126000008,-122.43706007199995,152,3020
008A_shp,37.65855650000003,-122.43744664799999,153,3040
008A_shp,37.659017747000064,-122.43782178499998,154,3060
008A_shp,37.65948161800003,-122.43819179699994,155,3080
008A_shp,37.65994200500006,-122.43856862299998,156,3100
008A_shp,37.66039960100005,-122.43895079799995,157,3120
008A_shp,37.66084838900008,-122.43934907299996,158,3140
008A_shp,37.661282855000024,-122.43977174999998,159,3160
008A_shp,37.661701049000044,-122.44021961599998,160,3180
008A_shp,37.66210123700006,-122.44069257999996,161,3200
008A_shp,37.662479923000035,-122.44119295499996,162,3220
008A_shp,37.66284729800003,-122.44170654499999,163,3240
008A_shp,37.66320161400006,-122.44223449699996,164,3260
008A_shp,37.66354925100006,-122.44276945299998,165,3280
008A_shp,37.663893237000025,-122.44330813299996,166,3300
008A_shp,37.664233651000075,-122.44385039499997,167,3320
008A_shp,37.66457942300008,-122.44438725099997,168,3340
008A_shp,37.66492391200006,-122.44492543199999,169,3360
008A_shp,37.66526506300005,-122.44546696399999,170,3380
008A_shp,37.66560254800004,-122.44601212699996,171,3400
008A_shp,37.66594633500006,-122.44655100899996,172,3420
008A_shp,37.666302468000026,-122.44707699599996,173,3440
008A_shp,37.666675535000024,-122.44758407599994,174,3460
008A_shp,37.66706734600007,-122.44806822299995,175,3480
008A_shp,37.66748434900006,-122.44851770399998,176,3500
008A_shp,37.66792131300008,-122.44893632499998,177,3520
008A_shp,37.66837540600005,-122.44932489399997,178,3540
008A_shp,37.66884593900005,-122.44968118899999,179,3560
008A_shp,37.66933024400004,-122.45000714899999,180,3580
008A_shp,37.66982099200004,-122.45031749399999,181,3600
008A_shp,37.67031444000003,-122.45062102799994,182,3620
008A_shp,37.67080974700008,-122.45091973099994,183,3640
008A_shp,37.67130546800007,-122.45121735299995,184,3660
008A_shp,37.67179986900004,-122.45151842599995,185,3680
008A_shp,37.67229187700008,-122.45182564099997,186,3700
008A_shp,37.67277654500003,-122.45215060399994,187,3720
008A_shp,37.67324247800008,-122.45251634999994,188,3740
008A_shp,37.67368811100005,-122.45292009499997,189,3760
008A_shp,37.67410812500003,-122.45336509199996,190,3780
008A_shp,37.67449950500003,-122.45384978399994,191,3800
008A_shp,37.67486379800005,-122.45436673899997,192,3820
008A_shp,37.67520716900003,-122.45490610599995,193,3840
008A_shp,37.67554284700003,-122.45545310099999,194,3860
008A_shp,37.67588282000003,-122.45599587999999,195,3880
008A_shp,37.67623100600008,-122.45653032799999,196,3900
008A_shp,37.67659818300007,-122.45704408299997,197,3920
008A_shp,37.67699270800006,-122.457524794,198,3940
008A_shp,37.677411121000034,-122.45797227099996,199,3960
008A_shp,37.67784753300003,-122.45839184599998,200,3980
008A_shp,37.67829185000005,-122.45879815399996,201,4000
008A_shp,37.67873834100004,-122.45920067399999,202,4020
008A_shp,37.679183935000026,-122.45960476199997,203,4040
008A_shp,37.679623881000055,-122.46001852799998,204,4060
008A_shp,37.68006162900008,-122.46043598099999,205,4080
008A_shp,37.68050333000008,-122.46084677299996,206,4100
008A_shp,37.68094692100004,-122.46125434299995,207,4120
008A_shp,37.681381256000066,-122.46167732499998,208,4140
008A_shp,37.681792571000074,-122.46213525999997,209,4160
008A_shp,37.68217759500004,-122.46262793699998,210,4180
008A_shp,37.68254729800003,-122.46313906299997,211,4200
008A_shp,37.682910338000056,-122.46365771099994,212,4220
008A_shp,37.68327242600003,-122.464177415,213,4240
008A_shp,37.68363553200004,-122.46469598999994,214,4260
008A_shp,37.68400689500004,-122.46520522199995,215,4280
008A_shp,37.684374631000026,-122.46571857999999,216,4300
008A_shp,37.684733694000045,-122.46624159399994,217,4320
008A_shp,37.68508772300004,-122.46676995999997,218,4340
008A_shp,37.68543881100004,-122.46730131999999,219,4360
008A_shp,37.68583367800005,-122.46778075599997,220,4380
008A_shp,37.68628927300006,-122.46816587899997,221,4400
008A_shp,37.68677727200003,-122.46848263499999,222,4420
008A_shp,37.68727596100007,-122.46877188299999,223,4440
008A_shp,37.68778528800004,-122.46903059599998,224,4460
008A_shp,37.68828951900008,-122.46930431099997,225,4480
008A_shp,37.68879897100004,-122.46956180199999,226,4500
008A_shp,37.68932956500004,-122.46973881299999,227,4520
008A_shp,37.68987380800007,-122.46982711499999,228,4540
008A_shp,37.69042287800005,-122.46984164199995,229,4560
008A_shp,37.69097207200008,-122.46983119099997,230,4580
008A_shp,37.69152131900006,-122.46983757399994,231,4600
008A_shp,37.69207042900007,-122.46985437999996,232,4620
008A_shp,37.692619542000045,-122.46987108799999,233,4640
008A_shp,37.69316878800004,-122.46987775199995,234,4660
008A_shp,37.693718035000074,-122.46988433299998,235,4680
008A_shp,37.69426712400008,-122.46990212099996,236,4700
008A_shp,37.694814672000064,-122.46995384599995,237,4720
008A_shp,37.69535250900003,-122.47009187699996,238,4740
008A_shp,37.695881274000044,-122.47027888399998,239,4760
008A_shp,37.69640614800005,-122.47048256599999,240,4780
008A_shp,37.69692997100003,-122.470690462,241,4800
008A_shp,37.69745900200007,-122.47087610899996,242,4820
008A_shp,37.69800004600006,-122.47099202299995,243,4840
008A_shp,37.69854842800004,-122.47102855699995,244,4860
008A_shp,37.69909763100003,-122.47103915299999,245,4880
008A_shp,37.69964690000006,-122.47104188299994,246,4900
008A_shp,37.70019614600005,-122.47104830299998,247,4920
008A_shp,37.70074529000004,-122.47106320299997,248,4940
008A_shp,37.701294433000044,-122.47107833199999,249,4960
008A_shp,37.70184360500008,-122.47109166899997,250,4980
008A_shp,37.70239284100006,-122.47109904699994,251,5000
008A_shp,37.70294198700003,-122.47108968799995,252,5020
008A_shp,37.70348374300005,-122.47098266199998,253,5040
008A_shp,37.703996037000024,-122.47073710199999,254,5060
008A_shp,37.70447234400007,-122.47039342899996,255,5080
008A_shp,37.70493088300003,-122.470012871,256,5100
008A_shp,37.70538406800006,-122.46962223499997,257,5120
008A_shp,37.70584170300003,-122.46923991099999,258,5140
008A_shp,37.706302219000065,-122.46886310099995,259,5160
008A_shp,37.70676071500003,-122.46848240899999,260,5180
008A_shp,37.70722407000005,-122.46811118699998,261,5200
008A_shp,37.70768883900007,-122.46774277799994,262,5220
008A_shp,37.70814181500003,-122.46735181799994,263,5240
008A_shp,37.70859809600006,-122.46696721699999,264,5260
008A_shp,37.70905313700007,-122.46658032299996,265,5280
008A_shp,37.70945299700003,-122.46610880499998,266,5300
008A_shp,37.709774984000035,-122.46554977399995,267,5320
008A_shp,37.709996567000076,-122.46491879899997,268,5340
008A_shp,37.71011396100005,-122.464244098,269,5360
008A_shp,37.71013641500008,-122.46355360899997,270,5380
008A_shp,37.71013142500004,-122.46286225899996,271,5400
008A_shp,37.710122098000056,-122.46217097399995,272,5420
008A_shp,37.71011009500006,-122.46147975299999,273,5440
008A_shp,37.71009937500003,-122.46078849999998,274,5460
008A_shp,37.71009284100006,-122.46009716299994,275,5480
008A_shp,37.71009021800006,-122.45940578899996,276,5500
008A_shp,37.71009370200005,-122.45871441999998,277,5520
008A_shp,37.710113050000075,-122.45802353799996,278,5540
008A_shp,37.71016706900008,-122.45733568899999,279,5560
008A_shp,37.710276528000065,-122.45665853999998,280,5580
008A_shp,37.710446330000025,-122.45600145599997,281,5600
008A_shp,37.71067010200005,-122.45537037799994,282,5620
008A_shp,37.710952202000044,-122.45477744599998,283,5640
008A_shp,37.71128141600008,-122.45422435799998,284,5660
008A_shp,37.711646442000074,-122.45370795499997,285,5680
008A_shp,37.71202876700005,-122.45321154999999,286,5700
008A_shp,37.712416708000035,-122.45272208699998,287,5720
008A_shp,37.71280773400008,-122.45223652099997,288,5740
008A_shp,37.71319964500003,-122.45175208599994,289,5760
008A_shp,37.713595086000055,-122.45127222099995,290,5780
008A_shp,37.713996241000075,-122.45079993199994,291,5800
008A_shp,37.71440733500003,-122.45034142099996,292,5820
008A_shp,37.71483180100006,-122.44990268799995,293,5840
008A_shp,37.71527440400007,-122.44949337999998,294,5860
008A_shp,37.71573624800004,-122.44911930099994,295,5880
008A_shp,37.71621893900004,-122.44878998099995,296,5900
008A_shp,37.71672621000005,-122.44852558399998,297,5920
008A_shp,37.717250903000036,-122.44832181199996,298,5940
008A_shp,37.71778890200005,-122.44818371199995,299,5960
008A_shp,37.71833314000003,-122.44809071199995,300,5980
008A_shp,37.718879439000034,-122.44801900999994,301,6000
008A_shp,37.71942582200006,-122.44794853299999,302,6020
008A_shp,37.71997020200007,-122.44785661299994,303,6040
008A_shp,37.72051242200007,-122.44774622599999,304,6060
008A_shp,37.721053502000075,-122.44762726899995,305,6080
008A_shp,37.721594709000044,-122.44750956799999,306,6100
008A_shp,37.72213645800008,-122.44739553899996,307,6120
008A_shp,37.72267719800004,-122.44727413399994,308,6140
008A_shp,37.723217015000046,-122.44714640399997,309,6160
008A_shp,37.723753172000045,-122.44699676299996,310,6180
008A_shp,37.72427886400004,-122.44679669299995,311,6200
008A_shp,37.72479159100004,-122.44654910599996,312,6220
008A_shp,37.725290564000034,-122.44626031399997,313,6240
008A_shp,37.725769564000075,-122.44592217099995,314,6260
008A_shp,37.72623052500006,-122.44554635299994,315,6280
008A_shp,37.726666710000075,-122.44512638499998,316,6300
008A_shp,37.72707668500004,-122.44466638399996,317,6320
008A_shp,37.72746145800005,-122.44417303999995,318,6340
008A_shp,37.72781578400003,-122.443644786,319,6360
008A_shp,37.72814389000007,-122.44309031599994,320,6380
008A_shp,37.72844708700006,-122.44251378199999,321,6400
008A_shp,37.72872202700006,-122.44191517399997,322,6420
008A_shp,37.728976927000076,-122.44130267499997,323,6440
008A_shp,37.729209397000034,-122.44067612299995,324,6460
008A_shp,37.72943362700005,-122.44004480999996,325,6480
008A_shp,37.72966940900005,-122.43942023099999,326,6500
008A_shp,37.72992861400007,-122.43881066799997,327,6520
008A_shp,37.73021846600005,-122.43822332599996,328,6540
008A_shp,37.73054037600008,-122.437663166,329,6560
008A_shp,37.73087940000005,-122.43711905199996,330,6580
008A_shp,37.73122548900005,-122.43658202699999,331,6600
008A_shp,37.73157336200006,-122.43604682699998,332,6620
008A_shp,37.73192212200007,-122.43551253799995,333,6640
008A_shp,37.73227292100006,-122.43498036899996,334,6660
008A_shp,37.732625933000065,-122.43445052299995,335,6680
008A_shp,37.73298106500005,-122.43392292299995,336,6700
008A_shp,37.73333178100006,-122.43339069499996,337,6720
008A_shp,37.73368041500004,-122.43285626499994,338,6740
008A_shp,37.73402952500004,-122.43232232399998,339,6760
008A_shp,37.73437909800003,-122.43178886099997,340,6780
008A_shp,37.73472911400006,-122.43125585699994,341,6800
008A_shp,37.73507964800007,-122.43072338799999,342,6820
008A_shp,37.735430923000024,-122.43019169499996,343,6840
008A_shp,37.735783894000065,-122.42966178199998,344,6860
008A_shp,37.73613788200004,-122.42913294199997,345,6880
008A_shp,37.736491846000035,-122.42860407599994,346,6900
008A_shp,37.73684474700008,-122.42807408099998,347,6920
008A_shp,37.73719553700005,-122.42754186799999,348,6940
008A_shp,37.737542596000026,-122.42700578999995,349,6960
008A_shp,37.73788873800004,-122.42646876799995,350,6980
008A_shp,37.73824007800005,-122.42593712999997,351,7000
008A_shp,37.73859942100006,-122.42541405799994,352,7020
008A_shp,37.73897271900006,-122.42490674499999,353,7040
008A_shp,37.73936267700003,-122.424419753,354,7060
008A_shp,37.73977300900003,-122.42396011299996,355,7080
008A_shp,37.740207800000064,-122.42353770199998,356,7100
008A_shp,37.74065895200005,-122.42314325299998,357,7120
008A_shp,37.741128926000044,-122.42278551699997,358,7140
008A_shp,37.741609760000074,-122.42245119499995,359,7160
008A_shp,37.74209341900007,-122.42212336699998,360,7180
008A_shp,37.74257851800007,-122.42179893099996,361,7200
008A_shp,37.743064907000075,-122.42147756899999,362,7220
008A_shp,37.74355189800008,-122.42115765299997,363,7240
008A_shp,37.74403888200004,-122.42083771999995,364,7260
008A_shp,37.74452605400006,-122.42051823599996,365,7280
008A_shp,37.74501375400007,-122.42020003299996,366,7300
008A_shp,37.745502255000076,-122.41988378099995,367,7320
008A_shp,37.74599137200005,-122.41956904099999,368,7340
008A_shp,37.746481790000075,-122.41925752799995,369,7360
008A_shp,37.746973498000045,-122.41894927299995,370,7380
008A_shp,37.74747357700005,-122.41866334699995,371,7400
008A_shp,37.747990463000065,-122.41843057699998,372,7420
008A_shp,37.74852684900003,-122.41828318299997,373,7440
008A_shp,37.74907384900007,-122.41822463499994,374,7460
008A_shp,37.74962299300006,-122.41822732599996,375,7480
008A_shp,37.750171730000034,-122.41825765499999,376,7500
008A_shp,37.75072006900007,-122.41829781199999,377,7520
008A_shp,37.75126785300006,-122.41834856799994,378,7540
008A_shp,37.75181489300007,-122.41841073599994,379,7560
008A_shp,37.75236150600006,-122.41847800299996,380,7580
008A_shp,37.75290930700004,-122.41852856499997,381,7600
008A_shp,37.753457094000055,-122.41857935299998,382,7620
008A_shp,37.75400486900003,-122.41863036499996,383,7640
008A_shp,37.754552630000035,-122.41868159799998,384,7660
008A_shp,37.755100378000066,-122.41873305399997,385,7680
008A_shp,37.75564811300006,-122.41878473399998,386,7700
008A_shp,37.75619583500003,-122.41883663699997,387,7720
008A_shp,37.75674354200004,-122.418888762,388,7740
008A_shp,37.75729123800005,-122.41894110999999,389,7760
008A_shp,37.75783891900005,-122.41899368099996,390,7780
008A_shp,37.75838658600003,-122.41904647299998,391,7800
008A_shp,37.75893424000003,-122.41909949099994,392,7820
008A_shp,37.759481881000056,-122.41915273099994,393,7840
008A_shp,37.76002950700007,-122.41920619299998,394,7860
008A_shp,37.76057712100004,-122.41925987899998,395,7880
008A_shp,37.761124720000055,-122.41931378599998,396,7900
008A_shp,37.76167230500005,-122.41936791799998,397,7920
008A_shp,37.762219876000074,-122.41942227099997,398,7940
008A_shp,37.76276743300008,-122.41947684799999,399,7960
008A_shp,37.76331497700005,-122.41953164799997,400,7980
008A_shp,37.763862506000066,-122.41958666999994,401,8000
008A_shp,37.76441002100006,-122.41964191599999,402,8020
008A_shp,37.76495752200003,-122.41969738399996,403,8040
008A_shp,37.765505295000025,-122.41974835699995,404,8060
008A_shp,37.76605303400004,-122.41979994799999,405,8080
008A_shp,37.76660067100005,-122.41985322999994,406,8100
008A_shp,37.76714819800003,-122.41990829599996,407,8120
008A_shp,37.767695537000066,-122.41996621699997,408,8140
008A_shp,37.76824260500007,-122.42002807899996,409,8160
008A_shp,37.76878960800008,-122.42009086299998,410,8180
008A_shp,37.76933678600005,-122.42015116199997,411,8200
008A_shp,37.769884157000035,-122.42020861599997,412,8220
008A_shp,37.770431819000066,-122.42026147399997,413,8240
008A_shp,37.77097981400004,-122.42030848899998,414,8260
008A_shp,37.77152821300007,-122.42034737299997,415,8280
008A_shp,37.772077171000035,-122.42036904199995,416,8300
008A_shp,37.77262555800007,-122.420335508,417,8320
008A_shp,37.77316813300007,-122.42023078499994,418,8340
008A_shp,37.773696898000026,-122.42004455399996,419,8360
008A_shp,37.774206880000065,-122.41978893199996,420,8380
008A_shp,37.77469029800005,-122.41946090299996,421,8400
008A_shp,37.775142397000025,-122.41906850499998,422,8420
008A_shp,37.775564270000075,-122.418625712,423,8440
008A_shp,37.77596701200008,-122.41815517999999,424,8460
008A_shp,37.776365396000074,-122.41767878299999,425,8480
008A_shp,37.77676177400008,-122.41719973899995,426,8500
008A_shp,37.77715619800006,-122.41671813699998,427,8520
008A_shp,37.77754823600003,-122.41623345199997,428,8540
008A_shp,37.77793761600003,-122.415745373,429,8560
008A_shp,37.778324406000024,-122.41525403599996,430,8580
008A_shp,37.77870858800003,-122.41475945799999,431,8600
008A_shp,37.77909014700003,-122.41426166299999,432,8620
008A_shp,37.77947321100004,-122.413765824,433,8640
008A_shp,37.779865563000044,-122.41328152599999,434,8660
008A_shp,37.78025692800003,-122.41279595699996,435,8680
008A_shp,37.780646845000035,-122.41230854199995,436,8700
008A_shp,37.78103559700003,-122.411819649,437,8720
008A_shp,37.78142492600006,-122.41133148299997,438,8740
008A_shp,37.78181606900006,-122.41084562199995,439,8760
008A_shp,37.782207809000056,-122.41036052199996,440,8780
008A_shp,37.78259822000007,-122.40987372299998,441,8800
008A_shp,37.782986623000056,-122.40938437699998,442,8820
008A_shp,37.78337436500004,-122.40889419599995,443,8840
008A_shp,37.783762970000055,-122.40840509999998,444,8860
008A_shp,37.78415270600004,-122.40791743299997,445,8880
008A_shp,37.78454307700008,-122.407430568,446,8900
008A_shp,37.784933763000026,-122.40694410399999,447,8920
008A_shp,37.785322774000065,-122.40645550999994,448,8940
008A_shp,37.78571137900008,-122.40596640099994,449,8960
008A_shp,37.78609957800006,-122.40547677699999,450,8980
008A_shp,37.78648732100004,-122.40498657699999,451,9000
008A_shp,37.78687411100003,-122.40449518199995,452,9020
008A_shp,37.78726038800005,-122.40400314399994,453,9040
008A_shp,37.78764688900003,-122.40351138199998,454,9060
008A_shp,37.78803434300005,-122.40302080999999,455,9080
008A_shp,37.78842289700003,-122.40253161899994,456,9100
008A_shp,37.78881210800006,-122.40204325399998,457,9120
008A_shp,37.78920197200006,-122.40155571499997,458,9140
008A_shp,37.78959234600006,-122.40106882299995,459,9160
008A_shp,37.78998213600005,-122.40058118499996,460,9180
008A_shp,37.790371193000055,-122.40009261799997,461,9200
008A_shp,37.790759517000026,-122.39960312,462,9220
008A_shp,37.79114710600004,-122.39911269699996,463,9240
008A_shp,37.79153395800006,-122.39862134899994,464,9260
008A_shp,37.79192007200004,-122.39812907699996,465,9280
008A_shp,37.79230544700005,-122.39763588499994,466,9300
008A_shp,37.792690083000025,-122.39714177099995,467,9320
008A_shp,37.79307970600007,-122.39665399199998,468,9340
008A_shp,37.79346655000006,-122.39616264499995,469,9360
008A_shp,37.79384285800006,-122.395658476,470,9380
008A_shp,37.79420366900007,-122.39513668299998,471,9400
008A_shp,37.79453512500004,-122.39458504399994,472,9420
008A_shp,37.79483413000003,-122.39400511699995,473,9440
008A_shp,37.795120465000025,-122.39341443899997,474,9460
008A_shp,37.79540181400006,-122.39281996499994,475,9480
008A_shp,37.79567928100005,-122.39222259899998,476,9500
008A_shp,37.79595359800004,-122.39162292199995,477,9520
008A_shp,37.796225406000076,-122.39102142999997,478,9540
008A_shp,37.796495150000055,-122.39041846199996,479,9560
008A_shp,37.796764892000056,-122.38981548999999,480,9580
008A_shp,37.79703455500004,-122.38921245899996,481,9600
008A_shp,37.79730337600006,-122.38860882999995,482,9620
008A_shp,37.79757103400004,-122.388004379,483,9640
008A_shp,37.79783838800006,-122.38739971099994,484,9660
008A_shp,37.79810512600005,-122.38679460999998,485,9680
008A_shp,37.79837186200007,-122.38618950299997,486,9700
008A_shp,37.79863859400007,-122.38558439399998,487,9720
008A_shp,37.79890596600006,-122.38497973099999,488,9740
008A_shp,37.79917401800003,-122.38437554399997,489,9760
008A_shp,37.79944328100004,-122.38377220999996,490,9780
008A_shp,37.79971025400005,-122.38316726199997,491,9800
008A_shp,37.799976911000044,-122.38256208799999,492,9820
008A_shp,37.80024401400004,-122.38195722599994,493,9840
008A_shp,37.80051240800003,-122.38135326799994,494,9860
008A_shp,37.800777836000066,-122.38074723199998,495,9880
008A_shp,37.80104410000007,-122.38014177599996,496,9900
008A_shp,37.80131163200008,-122.37953720599995,497,9920
008A_shp,37.80158043700004,-122.37893353199996,498,9940
008A_shp,37.801849668000045,-122.378330157,499,9960
008A_shp,37.802110982000045,-122.37772135099999,500,9980
008A_shp,37.80235200300007,-122.37709933499997,501,10000
008A_shp,37.802577822000046,-122.37646833399998,502,10020
008A_shp,37.802789638000036,-122.37582967499998,503,10040
008A_shp,37.802985817000035,-122.37518311699995,504,10060
008A_shp,37.80316669900003,-122.37452952599995,505,10080
008A_shp,37.80333275600003,-122.37386969599999,506,10100
008A_shp,37.803482049000024,-122.37320353899997,507,10120
008A_shp,37.80361659600004,-122.37253241399998,508,10140
008A_shp,37.80374074000008,-122.37185807399999,509,10160
008A_shp,37.80386539300008,-122.37118388399995,510,10180
008A_shp,37.803986243000054,-122.37050858799995,511,10200
008A_shp,37.80410528500005,-122.36983278099996,512,10220
008A_shp,37.80422242700007,-122.36915644699997,513,10240
008A_shp,37.80433832600005,-122.36847977299999,514,10260
008A_shp,37.804452808000065,-122.36780271099997,515,10280
008A_shp,37.804567287000054,-122.36712564899995,516,10300
008A_shp,37.80468176100004,-122.36644858399995,517,10320
008A_shp,37.80479623100007,-122.36577151699998,518,10340
008A_shp,37.80491146000003,-122.36509465399996,519,10360
008A_shp,37.80502715600005,-122.36441791699997,520,10380
008A_shp,37.80514363800006,-122.36374139199995,521,10400
008A_shp,37.80525968300003,-122.36306474699995,522,10420
008A_shp,37.80537385200006,-122.36238759499997,523,10440
008A_shp,37.80548982800008,-122.36171092899997,524,10460
008A_shp,37.805607070000065,-122.36103460899994,525,10480
008A_shp,37.80572437400008,-122.36035830399999,526,10500
008A_shp,37.80584097700006,-122.35968180699996,527,10520
008A_shp,37.805956955000056,-122.35900513699994,528,10540
008A_shp,37.80607292900004,-122.35832846499994,529,10560
008A_shp,37.80618889900006,-122.35765179099997,530,10580
008A_shp,37.80630374200007,-122.35697480999994,531,10600
008A_shp,37.80641857100005,-122.35629782499996,532,10620
008A_shp,37.80653539200006,-122.35562138099999,533,10640
008A_shp,37.80665242600003,-122.354944994,534,10660
008A_shp,37.80676742000003,-122.35426805199995,535,10680
008A_shp,37.806883123000034,-122.353591301,536,10700
008A_shp,37.80699961600004,-122.35291476199995,537,10720
008A_shp,37.80711400900003,-122.35223765399996,538,10740
008A_shp,37.807228519000034,-122.35156057999995,539,10760
008A_shp,37.80734687200004,-122.35088454999999,540,10780
008A_shp,37.80746376700006,-122.35020811799995,541,10800
008A_shp,37.80757963700006,-122.34953140399995,542,10820
008A_shp,37.807695187000036,-122.34885460299995,543,10840
008A_shp,37.807810732000064,-122.34817779899998,544,10860
008A_shp,37.80792684100004,-122.34750114699995,545,10880
008A_shp,37.808044180000024,-122.34682483099999,546,10900
008A_shp,37.80816022400006,-122.34614816099997,547,10920
008A_shp,37.80827534100007,-122.34547123699997,548,10940
008A_shp,37.80839045400006,-122.34479430999994,549,10960
008A_shp,37.80850709200007,-122.34411779899995,550,10980
008A_shp,37.808623716000056,-122.34344128199996,551,11000
008A_shp,37.80873796700007,-122.34276412199995,552,11020
008A_shp,37.80885507600004,-122.34208773799998,553,11040
008A_shp,37.80897147600007,-122.34141115999995,554,11060
008A_shp,37.80908248600008,-122.34073315199998,555,11080
008A_shp,37.80918635000006,-122.34005334699998,556,11100
008A_shp,37.80928305100008,-122.33937186399999,557,11120
008A_shp,37.80937257200003,-122.33868882299998,558,11140
008A_shp,37.80945489700008,-122.33800434199998,559,11160
008A_shp,37.80953001200004,-122.33731854199999,560,11180
008A_shp,37.80959790400004,-122.33663154199996,561,11200
008A_shp,37.80965807100006,-122.33594339999996,562,11220
008A_shp,37.80971251300008,-122.335254497,563,11240
008A_shp,37.809761827000045,-122.33456498699996,564,11260
008A_shp,37.80980581100005,-122.33387490399997,565,11280
008A_shp,37.80984446000008,-122.33318431599997,566,11300
008A_shp,37.80987777200005,-122.33249328499994,567,11320
008A_shp,37.80990574300006,-122.33180187699998,568,11340
008A_shp,37.809929245000035,-122.33111019699999,569,11360
008A_shp,37.809943858000054,-122.33041820599999,570,11380
008A_shp,37.809931971000026,-122.32972607399995,571,11400
008A_shp,37.809913935000054,-122.32903414099997,572,11420
008A_shp,37.80988910900004,-122.32834254199997,573,11440
008A_shp,37.80985749600006,-122.32765138499997,574,11460
008A_shp,37.80981910100007,-122.32696077499998,575,11480
008A_shp,37.80977393000006,-122.32627081699997,576,11500
008A_shp,37.80972199100006,-122.32558161699995,577,11520
008A_shp,37.80966328900007,-122.32489327999997,578,11540
008A_shp,37.80959783600008,-122.32420591199997,579,11560
008A_shp,37.80953183300005,-122.32351861799998,580,11580
008A_shp,37.80946744100004,-122.32283108099995,581,11600
008A_shp,37.809404536000045,-122.32214332399997,582,11620
008A_shp,37.809341697000036,-122.32145555999995,583,11640
008A_shp,37.809279176000075,-122.32076774999996,584,11660
008A_shp,37.80921483100008,-122.32008021099995,585,11680
008A_shp,37.80915147400003,-122.31939252399997,586,11700
008A_shp,37.80908744300007,-122.31870495499999,587,11720
008A_shp,37.809016678000035,-122.31801841699996,588,11740
008A_shp,37.808945910000034,-122.31733187999998,589,11760
008A_shp,37.808875138000076,-122.31664534499998,590,11780
008A_shp,37.80880540000004,-122.31595864899998,591,11800
008A_shp,37.80873886100005,-122.31527146999997,592,11820
008A_shp,37.80867769100007,-122.31458347299997,593,11840
008A_shp,37.808608922000076,-122.31389663799996,594,11860
008A_shp,37.80853789300005,-122.31321014699995,595,11880
008A_shp,37.80846724000003,-122.31252359799998,596,11900
008A_shp,37.80842150400008,-122.31183403899996,597,11920
008A_shp,37.80835527700003,-122.31114678899996,598,11940
008A_shp,37.808286742000064,-122.31045989999996,599,11960
008A_shp,37.80821537000003,-122.30977346999998,600,11980
008A_shp,37.80814095200003,-122.30908755499996,601,12000
008A_shp,37.808062997000036,-122.30840226499998,602,12020
008A_shp,37.807981375000054,-122.30771765499998,603,12040
008A_shp,37.807895504000044,-122.30703387899996,604,12060
008A_shp,37.80779707500005,-122.30635280599995,605,12080
008A_shp,37.80768217800005,-122.30567585899996,606,12100
008A_shp,37.807551896000064,-122.30500333999998,607,12120
008A_shp,37.80741234100003,-122.30433376799999,608,12140
008A_shp,37.807269950000034,-122.30366514499997,609,12160
008A_shp,37.807124861000034,-122.30299744399997,610,12180
008A_shp,37.80697840100004,-122.30233021999999,611,12200
008A_shp,37.806831904000035,-122.30166301099996,612,12220
008A_shp,37.806685585000025,-122.30099573999996,613,12240
008A_shp,37.80653680200004,-122.30032933799998,614,12260
008A_shp,37.80638485700007,-122.29966407199998,615,12280
008A_shp,37.806230070000026,-122.29899984699995,616,12300
008A_shp,37.806067272000064,-122.29833869899994,617,12320
008A_shp,37.80587729600006,-122.29768931199999,618,12340
008A_shp,37.80565456000005,-122.29705658399996,619,12360
008A_shp,37.80541615300007,-122.29643294099998,620,12380
008A_shp,37.805167072000074,-122.29581595899998,621,12400
008A_shp,37.80490701800005,-122.29520621199998,622,12420
008A_shp,37.80466153100008,-122.29458698899998,623,12440
008A_shp,37.80441536700005,-122.29396814299997,624,12460
008A_shp,37.804164968000066,-122.29335200199995,625,12480
008A_shp,37.80391279000003,-122.29273701499994,626,12500
008A_shp,37.80366343600008,-122.29212020799997,627,12520
008A_shp,37.80341720600006,-122.29150141299999,628,12540
008A_shp,37.803183002000026,-122.29087530099997,629,12560
008A_shp,37.802979579000066,-122.29023242399995,630,12580
008A_shp,37.80280721500003,-122.28957520399996,631,12600
008A_shp,37.80264996300008,-122.28891193399994,632,12620
008A_shp,37.80249770700004,-122.28824681799995,633,12640
008A_shp,37.802348090000066,-122.28758074899997,634,12660
008A_shp,37.80220122800006,-122.28691370799999,635,12680
008A_shp,37.802052814000035,-122.28624721799997,636,12700
008A_shp,37.80190189600006,-122.28558161999996,637,12720
008A_shp,37.80173968200006,-122.28492028899996,638,12740
008A_shp,37.801552299000036,-122.28426970299995,639,12760
008A_shp,37.80132805400007,-122.28363796999997,640,12780
008A_shp,37.80106865000005,-122.28302787999996,641,12800
008A_shp,37.800793500000054,-122.28242878099996,642,12820
008A_shp,37.800515662000066,-122.28183164399996,643,12840
008A_shp,37.80023561500008,-122.28123614999998,644,12860
008A_shp,37.79995338100008,-122.28064230399997,645,12880
008A_shp,37.799665369000024,-122.28005289099997,646,12900
008A_shp,37.79936805700004,-122.27947086899997,647,12920
008A_shp,37.79905770600004,-122.27889977599995,648,12940
008A_shp,37.79878449000006,-122.27829996499997,649,12960
008A_shp,37.79860311600004,-122.27764827199996,650,12980
008A_shp,37.79852783300004,-122.27696289,651,13000
008A_shp,37.798488493000036,-122.27627255599998,652,13020
008A_shp,37.79854723500006,-122.27558743599997,653,13040
008A_shp,37.798783230000026,-122.27496589099997,654,13060
008A_shp,37.79914245400005,-122.27444413399996,655,13080
008A_shp,37.799581328000045,-122.27403149799994,656,13100
008A_shp,37.800081144000046,-122.27374553699997,657,13120
008A_shp,37.80059035600004,-122.27348618999997,658,13140
008A_shp,37.80108798600003,-122.27319324999996,659,13160
008A_shp,37.80158051800004,-122.27288686799994,660,13180
008A_shp,37.80206812200004,-122.27256825299997,661,13200
008A_shp,37.80254919500004,-122.27223419199998,662,13220
008A_shp,37.803035289000036,-122.27191195099999,663,13240
008A_shp,37.80353193600007,-122.27161643399995,664,13260
008A_shp,37.80388536800007,-122.27139885199995,665,13280
008A_shp,37.80437772100004,-122.27109198999995,666,13300
008A_shp,37.80486959900003,-122.27078391799995,667,13320
008A_shp,37.80536070100004,-122.27047388599999,668,13340
008A_shp,37.80585088000004,-122.27016153699998,669,13360
008A_shp,37.80634126700005,-122.26984970899997,670,13380
008A_shp,37.80683299400005,-122.26954124899999,671,13400
008A_shp,37.80732590700006,-122.26923580899995,672,13420
008A_shp,37.80781962900005,-122.26893244699994,673,13440
008A_shp,37.80831414600004,-122.26863114899999,674,13460
008A_shp,37.808800621000046,-122.26831019599996,675,13480
008A_shp,37.80929972600006,-122.26802153099999,676,13500
008A_shp,37.80981977400006,-122.26780288799995,677,13520
008A_shp,37.81036488700005,-122.26780922299997,678,13540
008A_shp,37.81086947500006,-122.26807405199997,679,13560
008A_shp,37.81129482800003,-122.26851071099998,680,13580
008A_shp,37.81169036000006,-122.26899101699996,681,13600
008A_shp,37.812081266000064,-122.26947680399996,682,13620
008A_shp,37.812495984000066,-122.26992889899998,683,13640
008A_shp,37.81296032900008,-122.27029815499998,684,13660
008A_shp,37.81345761500006,-122.27059025499995,685,13680
008A_shp,37.81398330500008,-122.27078907099997,686,13700
008A_shp,37.814526012000044,-122.27089123199994,687,13720
008A_shp,37.81507497000007,-122.27089606299995,688,13740
008A_shp,37.81561998700005,-122.27081415799995,689,13760
008A_shp,37.81615682000006,-122.27066807499995,690,13780
008A_shp,37.816688397000064,-122.27049388599994,691,13800
008A_shp,37.81721937000003,-122.27031685399999,692,13820
008A_shp,37.81775478900005,-122.27016253199997,693,13840
008A_shp,37.818291129000045,-122.27001327299996,694,13860
008A_shp,37.81882657700004,-122.26985895899998,695,13880
008A_shp,37.81936383400006,-122.26971504599999,696,13900
008A_shp,37.81990217500004,-122.26957765199995,697,13920
008A_shp,37.820438971000044,-122.26943101199998,698,13940
008A_shp,37.82097236100003,-122.26926611999994,699,13960
008A_shp,37.821505056000035,-122.26909765199997,700,13980
008A_shp,37.82204244400003,-122.26895481099996,701,14000
008A_shp,37.822579561000055,-122.26881043699996,702,14020
008A_shp,37.82311506600007,-122.26865680599997,703,14040
008A_shp,37.82365095200004,-122.26850497399994,704,14060
008A_shp,37.82418406200003,-122.26833833799998,705,14080
008A_shp,37.82471472000003,-122.26815966899994,706,14100
008A_shp,37.825246513000025,-122.26798644799999,707,14120
008A_shp,37.825780171000076,-122.26782258299994,708,14140
008A_shp,37.82631532000005,-122.26766663299998,709,14160
008A_shp,37.82685253900007,-122.26752247399997,710,14180
008A_shp,37.82739269100006,-122.26739701199995,711,14200
008A_shp,37.82793428100007,-122.26728169299997,712,14220
008A_shp,37.82847688700008,-122.26717423199995,713,14240
008A_shp,37.82902042100005,-122.26707451299995,714,14260
008A_shp,37.82956201400003,-122.26695942599997,715,14280
008A_shp,37.830103688000065,-122.26684471599998,716,14300
008A_shp,37.83064596000003,-122.26673461499996,717,14320
008A_shp,37.831188756000074,-122.26662866799995,718,14340
008A_shp,37.83173103300004,-122.26651859499998,719,14360
008A_shp,37.83227209800003,-122.26639941399998,720,14380
008A_shp,37.83281472400006,-122.26629229099996,721,14400
008A_shp,37.83336260900006,-122.26626995099997,722,14420
008A_shp,37.83390841500005,-122.26634619799995,723,14440
008A_shp,37.83444411500005,-122.26649693699994,724,14460
008A_shp,37.83496317000004,-122.26672204799996,725,14480
008A_shp,37.83545526100005,-122.26702902399995,726,14500
008A_shp,37.83591758700004,-122.26740254699996,727,14520
008A_shp,37.83636369900006,-122.26780648399995,728,14540
008A_shp,37.836809446000075,-122.26821110199995,729,14560
008A_shp,37.83726887100005,-122.26859046999999,730,14580
008A_shp,37.83774938900007,-122.26892541099994,731,14600
008A_shp,37.838253328000064,-122.26920060099997,732,14620
008A_shp,37.83877494400008,-122.26941653799997,733,14640
008A_shp,37.83930826200003,-122.26958175199997,734,14660
008A_shp,37.839846571000066,-122.26971933299995,735,14680
008A_shp,37.840386452000075,-122.26984677999997,736,14700
008A_shp,37.840927271000055,-122.26996772399997,737,14720
008A_shp,37.84146860800007,-122.27008493999995,738,14740
008A_shp,37.842010291000065,-122.27019959199998,739,14760
008A_shp,37.84255222100006,-122.27031237499995,740,14780
008A_shp,37.843094146000055,-122.27042519599996,741,14800
008A_shp,37.843636091000064,-122.27053787099999,742,14820
008A_shp,37.84417813600004,-122.27064976399998,743,14840
008A_shp,37.84472036200003,-122.27076025899999,744,14860
008A_shp,37.84526284400005,-122.27086873599995,745,14880
008A_shp,37.845805605000066,-122.27097497699998,746,14900
008A_shp,37.84634843300006,-122.27108066299996,747,14920
008A_shp,37.846892128000036,-122.27117897999995,748,14940
008A_shp,37.84743788900005,-122.27125510299999,749,14960
008A_shp,37.84798668700006,-122.27128170399999,750,14980
008A_shp,37.84853549700006,-122.27126332599994,751,15000
008A_shp,37.84908156700004,-122.27118995899997,752,15020
008A_shp,37.84962154600004,-122.27106383699999,753,15040
008A_shp,37.85015525600005,-122.27090047499996,754,15060
008A_shp,37.85068391100003,-122.27071257999995,755,15080
008A_shp,37.85120968500007,-122.27051220399994,756,15100
008A_shp,37.85173465400004,-122.27030847999998,757,15120
008A_shp,37.852258997000035,-122.27010221199998,758,15140
008A_shp,37.85278310000007,-122.26989498799998,759,15160
008A_shp,37.85330802400006,-122.26969107699995,760,15180
008A_shp,37.85383315900003,-122.269488035,761,15200
008A_shp,37.85435850600004,-122.26928586099996,762,15220
008A_shp,37.854884060000074,-122.26908454499994,763,15240
008A_shp,37.855409818000055,-122.26888407799999,764,15260
008A_shp,37.855935790000046,-122.26868450399996,765,15280
008A_shp,37.856461986000056,-122.26848586699998,766,15300
008A_shp,37.85698818000003,-122.26828722799996,767,15320
008A_shp,37.85751449800006,-122.26808910599999,768,15340
008A_shp,37.85804157300004,-122.26789421599995,769,15360
008A_shp,37.858569559000046,-122.26770328199996,770,15380
008A_shp,37.85909951200006,-122.26752129099998,771,15400
008A_shp,37.859634494000034,-122.26736483999997,772,15420
008A_shp,37.86017567300007,-122.26724695799999,773,15440
008A_shp,37.86072163800003,-122.26717242299998,774,15460
008A_shp,37.86127012700007,-122.26713690499997,775,15480
008A_shp,37.861819301000025,-122.26713511199995,776,15500
008A_shp,37.86236777000005,-122.26717096299996,777,15520
008A_shp,37.86291514800007,-122.267228107,778,15540
008A_shp,37.86346184900003,-122.26729483199995,779,15560
008A_shp,37.86400826900007,-122.26736518499996,780,15580
008A_shp,37.864554439000074,-122.26743853899995,781,15600
008A_shp,37.86510044500005,-122.26751382299994,782,15620
008A_shp,37.865646463000076,-122.26758896999996,783,15640
008A_shp,37.86619266500003,-122.26766195099998,784,15660
008A_shp,37.866738990000044,-122.267733454,785,15680
008A_shp,37.86728545600005,-122.26780321299998,786,15700
008A_shp,37.86783218100004,-122.26786967099997,787,15720
008A_shp,37.86837910500003,-122.26793347899996,788,15740
008A_shp,37.86892613500004,-122.26799582199999,789,15760
008A_shp,37.869473251000045,-122.26805695299998,790,15780
008A_shp,37.87002046900005,-122.26811659499998,791,15800
008A_shp,37.87056804200006,-122.26817055799995,792,15820
008A_shp,37.87111555200005,-122.26822573299995,793,15840
008A_shp,37.87166250700005,-122.26828899399999,794,15860
008A_shp,37.87220578700004,-122.26838806699999,795,15880
008A_shp,37.87272341400006,-122.26861393299998,796,15900
008A_shp,37.873172606000026,-122.26900838499995,797,15920
008A_shp,37.87350909600008,-122.26955302599998,798,15940
008A_shp,37.87370727000007,-122.27019638999997,799,15960
008A_shp,37.87375826300007,-122.27088491599994,800,15980
008A_shp,37.87370531700003,-122.27157415899995,801,16000
008A_shp,37.87362164000007,-122.27225896399995,802,16020
008A_shp,37.87352674700003,-122.27294144499996,803,16040
008A_shp,37.873431237000034,-122.27362379199997,804,16060
008A_shp,37.87334036900006,-122.27430715099996,805,16080
008A_shp,37.87325036100003,-122.27499069199996,806,16100
008A_shp,37.87316138500006,-122.27567444599998,807,16120
008A_shp,37.87307361000006,-122.27635844599996,808,16140
008A_shp,37.87298720700005,-122.27704272299997,809,16160
008A_shp,37.87290180900004,-122.27772720099995,810,16180
008A_shp,37.872822273000054,-122.27841279199998,811,16200
008A_shp,37.87276703900005,-122.27910202199996,812,16220
008A_shp,37.87276981900004,-122.27979408099998,813,16240
008A_shp,37.87285468700003,-122.28047812099999,814,16260
008A_shp,37.873031024000056,-122.28113354899995,815,16280
008A_shp,37.87326025100003,-122.28176310399999,816,16300
008A_shp,37.87350717700008,-122.28238203599994,817,16320
008A_shp,37.873762912000075,-122.28299524199997,818,16340
008A_shp,37.87402750800004,-122.28360241699994,819,16360
008A_shp,37.874281954000026,-122.28421649299997,820,16380
008A_shp,37.87454018900007,-122.28482805099998,821,16400
008A_shp,37.874800735000065,-122.28543804699996,822,16420
008A_shp,37.87507076000003,-122.28604142399996,823,16440
008A_shp,37.87538010500003,-122.28661337599999,824,16460
008A_shp,37.87575495200008,-122.28711899899997,825,16480
008A_shp,37.876197338000054,-122.28752805099998,826,16500
008A_shp,37.876686859000074,-122.28784092899997,827,16520
008A_shp,37.87719746400006,-122.28809609399997,828,16540
008A_shp,37.87771285700006,-122.28833562999995,829,16560
008A_shp,37.87822871000003,-122.28857359799997,830,16580
008A_shp,37.87874521300006,-122.28880931299994,831,16600
008A_shp,37.87926217100005,-122.28904343799996,832,16620
008A_shp,37.879779453000026,-122.28927642199994,833,16640
008A_shp,37.880297160000055,-122.28950789799995,834,16660
008A_shp,37.880815204000044,-122.289738178,835,16680
008A_shp,37.88133355900004,-122.28996733699995,836,16700
008A_shp,37.88185263200006,-122.29019389499996,837,16720
008A_shp,37.88237151900006,-122.29042113699995,838,16740
008A_shp,37.88288892500003,-122.29065367699997,839,16760
008A_shp,37.88340412600007,-122.29089389599994,840,16780
008A_shp,37.88391999400005,-122.29113181299999,841,16800
008A_shp,37.88443877900005,-122.29135941599998,842,16820
008A_shp,37.88496191400003,-122.29157048899998,843,16840
008A_shp,37.885490342000026,-122.29175945399999,844,16860
008A_shp,37.88602056000008,-122.29194032099997,845,16880
008A_shp,37.886551557000075,-122.29211752599997,846,16900
008A_shp,37.88708298500006,-122.29229266099998,847,16920
008A_shp,37.88761500500004,-122.29246490999998,848,16940
008A_shp,37.888147365000066,-122.29263548199998,849,16960
008A_shp,37.88867981800007,-122.29280559499995,850,16980
008A_shp,37.88921216400007,-122.29297623899998,851,17000
008A_shp,37.88974454000004,-122.29314673199997,852,17020
008A_shp,37.890277010000034,-122.29331676199996,853,17040
008A_shp,37.89080959800003,-122.29348620199994,854,17060
008A_shp,37.891342337000026,-122.29365488699995,855,17080
008A_shp,37.891875371000026,-122.29382207799995,856,17100
008A_shp,37.892408637000074,-122.29398809099996,857,17120
008A_shp,37.892941988000075,-122.29415366799998,858,17140
008A_shp,37.893475281000065,-122.29431954999995,859,17160
008A_shp,37.894008367000026,-122.29448647499999,860,17180
008A_shp,37.894541125000046,-122.29465507299994,861,17200
008A_shp,37.89507374500005,-122.29482435799997,862,17220
008A_shp,37.89560608600004,-122.29499503399995,863,17240
008A_shp,37.896138060000055,-122.29516753099995,864,17260
008A_shp,37.89667000700007,-122.29534015599995,865,17280
008A_shp,37.89720086600005,-122.29551801999997,866,17300
008A_shp,37.89772967300007,-122.29570536599999,867,17320
008A_shp,37.89825329000007,-122.29591440499996,868,17340
008A_shp,37.89876804100004,-122.29615602299998,869,17360
008A_shp,37.89927330900008,-122.29642765499995,870,17380
008A_shp,37.89976808000006,-122.29672849699995,871,17400
008A_shp,37.900250020000044,-122.29706078799995,872,17420
008A_shp,37.90072139000006,-122.29741657599999,873,17440
008A_shp,37.90118863600003,-122.29778094599999,874,17460
008A_shp,37.90165376900006,-122.29814959799995,875,17480
008A_shp,37.902116646000025,-122.29852274899997,876,17500
008A_shp,37.90257722800004,-122.29890039699995,877,17520
008A_shp,37.90304446700003,-122.29926472099999,878,17540
008A_shp,37.90351082500007,-122.29963090799998,879,17560
008A_shp,37.90397486100005,-122.30000176799996,880,17580
008A_shp,37.904437159000054,-122.30037606999997,881,17600
008A_shp,37.90489718600003,-122.30075480399995,882,17620
008A_shp,37.90535641300005,-122.30113508899996,883,17640
008A_shp,37.90581674300006,-122.30151324399998,884,17660
008A_shp,37.90627847400003,-122.30188866999998,885,17680
008A_shp,37.90674095400004,-122.30226262899998,886,17700
008A_shp,37.907203733000074,-122.30263599999995,887,17720
008A_shp,37.90766636300003,-122.30300966499999,888,17740
008A_shp,37.90812840000007,-122.30338450099998,889,17760
008A_shp,37.908589738000046,-122.30376070899996,890,17780
008A_shp,37.90905062200005,-122.30413780499998,891,17800
008A_shp,37.909511251000026,-122.30451539799998,892,17820
008A_shp,37.90997182800004,-122.30489309499995,893,17840
008A_shp,37.91043255200003,-122.30527050699999,894,17860
008A_shp,37.91089362500003,-122.30564724199996,895,17880
008A_shp,37.91135521600006,-122.30602296899997,896,17900
008A_shp,37.91181705900004,-122.306398205,897,17920
008A_shp,37.91227916400004,-122.30677292499996,898,17940
008A_shp,37.91274169500008,-122.30714681499995,899,17960
008A_shp,37.91320458700005,-122.30751999099999,900,17980
008A_shp,37.913667919000034,-122.30789229899995,901,18000
008A_shp,37.91413205200007,-122.30826301499997,902,18020
008A_shp,37.91459726200003,-122.30863157699997,903,18040
008A_shp,37.91506329300006,-122.30899848599995,904,18060
008A_shp,37.915529787000025,-122.30936445599997,905,18080
008A_shp,37.91599639000003,-122.30973020799996,906,18100
008A_shp,37.91646290400007,-122.31009614499999,907,18120
008A_shp,37.91692971400005,-122.310461482,908,18140
008A_shp,37.91739681200005,-122.31082623199995,909,18160
008A_shp,37.91786413500006,-122.31119052599996,910,18180
008A_shp,37.91833161900007,-122.31155449199997,911,18200
008A_shp,37.918799199000034,-122.31191826199995,912,18220
008A_shp,37.91926681500007,-122.31228196599994,913,18240
008A_shp,37.91973439900005,-122.31264573299995,914,18260
008A_shp,37.920201889000055,-122.313009696,915,18280
008A_shp,37.92066922300006,-122.31337398099998,916,18300
008A_shp,37.92113633500003,-122.31373872099999,917,18320
008A_shp,37.92160329700005,-122.31410377099996,918,18340
008A_shp,37.922070200000064,-122.31446894099997,919,18360
008A_shp,37.92253704500007,-122.31483423199995,920,18380
008A_shp,37.92300383200006,-122.31519964299997,921,18400
008A_shp,37.923470562000034,-122.31556517299998,922,18420
008A_shp,37.92393723300006,-122.31593082499995,923,18440
008A_shp,37.924403846000075,-122.31629659599997,924,18460
008A_shp,37.92487040100008,-122.31666248699997,925,18480
008A_shp,37.92533814800004,-122.31702592099998,926,18500
008A_shp,37.925807819000056,-122.31738540599997,927,18520
008A_shp,37.92627618300003,-122.31774760099995,928,18540
008A_shp,37.92674329100004,-122.31811237399995,929,18560
008A_shp,37.927209246000075,-122.31847949299998,930,18580
008A_shp,37.927674068000044,-122.31884889899999,931,18600
008A_shp,37.928137234000076,-122.31922159699997,932,18620
008A_shp,37.92859445300007,-122.31960568499994,933,18640
008A_shp,37.92903010900005,-122.32002779199996,934,18660
008A_shp,37.92943828500006,-122.32049126399994,935,18680
008A_shp,37.92980910400007,-122.32100250199994,936,18700
008A_shp,37.930142784000054,-122.32155300999995,937,18720
008A_shp,37.93043506200007,-122.32213981499996,938,18740
008A_shp,37.93068249700008,-122.32275862099999,939,18760
008A_shp,37.93088308100005,-122.32340390399997,940,18780
008A_shp,37.93103740500004,-122.32406918599997,941,18800
008A_shp,37.93114732200007,-122.32474843199998,942,18820
008A_shp,37.931216359000075,-122.32543622999998,943,18840
008A_shp,37.93125673700007,-122.32612776699995,944,18860
008A_shp,37.93128897200006,-122.32682001499995,945,18880
008A_shp,37.931314530000066,-122.32751270999995,946,18900
008A_shp,37.93133693800007,-122.32820558199995,947,18920
008A_shp,37.93135962000008,-122.32889843999999,948,18940
008A_shp,37.93138212900004,-122.32959130699999,949,18960
008A_shp,37.93140127600003,-122.33028433499999,950,18980
008A_shp,37.93141680800005,-122.33097750599995,951,19000
008A_shp,37.93142801700003,-122.33167081099998,952,19020
008A_shp,37.931436044000066,-122.33236418699994,953,19040
008A_shp,37.931441445000075,-122.33305760299999,954,19060
008A_shp,37.93144425700007,-122.33375104499999,955,19080
008A_shp,37.93144454600008,-122.33444449399997,956,19100
008A_shp,37.93144336800003,-122.33513794299995,957,19120
008A_shp,37.93144071900008,-122.335831386,958,19140
008A_shp,37.931437559000074,-122.33652482499997,959,19160
008A_shp,37.93143346000005,-122.33721825599997,960,19180
008A_shp,37.93142851400006,-122.33791167899994,961,19200
008A_shp,37.931423203000065,-122.33860509699997,962,19220
008A_shp,37.93141800800004,-122.33929851699997,963,19240
008A_shp,37.93141341100005,-122.33999194299997,964,19260
008A_shp,37.93140975600005,-122.34068537899998,965,19280
008A_shp,37.93140642600008,-122.34137881499998,966,19300
008A_shp,37.93140383800005,-122.34207225799997,967,19320
008A_shp,37.93140230400007,-122.34276570599997,968,19340
008A_shp,37.93140267500007,-122.34345915499995,969,19360
008A_shp,37.93140673400006,-122.34415257799998,970,19380
008A_shp,37.93142579100004,-122.34484554599999,971,19400
008A_shp,37.93149104100007,-122.34553362099996,972,19420
008A_shp,37.931621773000074,-122.34620668099996,973,19440
008A_shp,37.93182091700004,-122.34685239499998,974,19460
008A_shp,37.932082423000054,-122.34746180399998,975,19480
008A_shp,37.93239076400005,-122.34803534699995,976,19500
008A_shp,37.93274064800005,-122.34856961799994,977,19520
008A_shp,37.93311545500006,-122.34907647899996,978,19540
008A_shp,37.93349745000006,-122.34957476199997,979,19560
008A_shp,37.93388373400006,-122.35006774299995,980,19580
008A_shp,37.93427475800007,-122.35055473699998,981,19600
008A_shp,37.93467818200003,-122.35102523999996,982,19620
008A_shp,37.935094357000025,-122.35147775399997,983,19640
008A_shp,37.935524556000075,-122.35190883199999,984,19660
008A_shp,37.93596528200004,-122.35232264499996,985,19680
008A_shp,37.936410153000054,-122.35272936499996,986,19700
008A_shp,37.93673651300003,-122.35302291299996,987,19720
005A_shp,37.36848461900007,-121.87470964399995,1,0
005A_shp,37.36901547800005,-121.87488643299997,2,20
005A_shp,37.36954646400005,-121.87506259499997,3,40
005A_shp,37.37007722000004,-121.87523975599998,4,60
005A_shp,37.37060810500003,-121.87541641699994,5,80
005A_shp,37.37113897100005,-121.87559315799996,6,100
005A_shp,37.37166969400005,-121.87577059199998,7,120
005A_shp,37.37220121800004,-121.87594415899997,8,140
005A_shp,37.37273270900005,-121.87611773699996,9,160
005A_shp,37.37326408300004,-121.87629172799996,10,180
005A_shp,37.37379470800005,-121.87646929499999,11,200
005A_shp,37.374325042000066,-121.87664838499995,12,220
005A_shp,37.37485467400006,-121.87683084399998,13,240
005A_shp,37.375383476000025,-121.87701706299998,14,260
005A_shp,37.37591272100008,-121.87720128499996,15,280
005A_shp,37.376442809000025,-121.87738165899998,16,300
005A_shp,37.376973845000066,-121.87755763399997,17,320
005A_shp,37.37750472000005,-121.877734369,18,340
005A_shp,37.378035381000075,-121.87791210299997,19,360
005A_shp,37.378565844000036,-121.87809075999996,20,380
005A_shp,37.379096541000024,-121.87826834199996,21,400
005A_shp,37.37962735700006,-121.878445366,22,420
005A_shp,37.38015777000004,-121.87862427899995,23,440
005A_shp,37.38068855600005,-121.87880140799996,24,460
005A_shp,37.381219817000044,-121.87897626999995,25,480
005A_shp,37.381750949000036,-121.87915178699996,26,500
005A_shp,37.38228139100005,-121.87933052499994,27,520
005A_shp,37.38281197600003,-121.87950858399995,28,540
005A_shp,37.38334270400003,-121.87968600199997,29,560
005A_shp,37.38387357600004,-121.87986276799995,30,580
005A_shp,37.38440441100005,-121.88003971599994,31,600
005A_shp,37.38493532000007,-121.88021628699994,32,620
005A_shp,37.38546621100005,-121.88039297399996,33,640
005A_shp,37.38599706300005,-121.88056984999997,34,660
005A_shp,37.386527897000065,-121.88074680399995,35,680
005A_shp,37.38705869000006,-121.88092395899997,36,700
005A_shp,37.387589554000044,-121.88110077299996,37,720
005A_shp,37.388120462000074,-121.88127738599997,38,740
005A_shp,37.38865131000006,-121.88145428299998,39,760
005A_shp,37.38918219100003,-121.88163102099998,40,780
005A_shp,37.389713150000034,-121.88180739699999,41,800
005A_shp,37.39024408500006,-121.88198388799998,42,820
005A_shp,37.39077498100005,-121.88216055899994,43,840
005A_shp,37.39130575100006,-121.88233782999998,44,860
005A_shp,37.39183665100006,-121.88251448599999,45,880
005A_shp,37.39236815000004,-121.882688283,46,900
005A_shp,37.39289979500006,-121.88286138699999,47,920
005A_shp,37.39343110100003,-121.88303611499998,48,940
005A_shp,37.393962319000025,-121.88321122899998,49,960
005A_shp,37.39449316100007,-121.88338816799995,50,980
005A_shp,37.39502414100008,-121.88356445499994,51,1000
005A_shp,37.39555508300003,-121.88374091999998,52,1020
005A_shp,37.39608589900007,-121.88391798099997,53,1040
005A_shp,37.39661681800004,-121.88409456,54,1060
005A_shp,37.39714758700006,-121.88427184699998,55,1080
005A_shp,37.397678350000035,-121.88444916699996,56,1100
005A_shp,37.39820842300003,-121.88462964099995,57,1120
005A_shp,37.39873486500005,-121.88482597199999,58,1140
005A_shp,37.39925528200007,-121.88504614299995,59,1160
005A_shp,37.39976995500007,-121.88528656099999,60,1180
005A_shp,37.40027697700003,-121.88555137399999,61,1200
005A_shp,37.40077942500005,-121.88582957799997,62,1220
005A_shp,37.40128122300007,-121.88610963899998,63,1240
005A_shp,37.40178291900003,-121.88638997799995,64,1260
005A_shp,37.40228469700003,-121.88667009999995,65,1280
005A_shp,37.40278677500004,-121.88694937399998,66,1300
005A_shp,37.40328916400006,-121.88722776899999,67,1320
005A_shp,37.403792259000056,-121.88750415999999,68,1340
005A_shp,37.40429546900003,-121.88778022199995,69,1360
005A_shp,37.40479848700005,-121.88805683599998,70,1380
005A_shp,37.40530081900005,-121.88833539799998,71,1400
005A_shp,37.40580301500006,-121.88861435099994,72,1420
005A_shp,37.40630506200006,-121.88889372799997,73,1440
005A_shp,37.40680691700004,-121.88917365299994,74,1460
005A_shp,37.40730832200006,-121.88945483699996,75,1480
005A_shp,37.407809651000036,-121.88973622699996,76,1500
005A_shp,37.40830950800006,-121.89002159799998,77,1520
005A_shp,37.40881402900004,-121.89029378699996,78,1540
005A_shp,37.409316036000064,-121.89057329199994,79,1560
005A_shp,37.40981831700003,-121.89085202299998,80,1580
005A_shp,37.41032070000006,-121.89113046499995,81,1600
005A_shp,37.41082311500003,-121.89140882099997,82,1620
005A_shp,37.41132566600004,-121.89168678699997,83,1640
005A_shp,37.41182813100005,-121.89196499899998,84,1660
005A_shp,37.41233067400003,-121.89224298999994,85,1680
005A_shp,37.41283303100005,-121.89252150699997,86,1700
005A_shp,37.41333525500005,-121.89280040499995,87,1720
005A_shp,37.41383774700006,-121.89307850999995,88,1740
005A_shp,37.41434061500007,-121.89335558099998,89,1760
005A_shp,37.41484349700005,-121.893632621,90,1780
005A_shp,37.415346054000054,-121.89391058799998,91,1800
005A_shp,37.41584858700003,-121.894188628,92,1820
005A_shp,37.41635087900005,-121.89446735299998,93,1840
005A_shp,37.41685305900006,-121.89474639399998,94,1860
005A_shp,37.41735533600007,-121.89502516499999,95,1880
005A_shp,37.41785774700003,-121.89530354299995,96,1900
005A_shp,37.41836023700006,-121.89558170699996,97,1920
005A_shp,37.41886279000005,-121.89585969899997,98,1940
005A_shp,37.41936545100003,-121.89613735399996,99,1960
005A_shp,37.41986771400008,-121.89641617199999,100,1980
005A_shp,37.420370013000024,-121.89669489099998,101,2000
005A_shp,37.42087233600006,-121.89697354199996,102,2020
005A_shp,37.421374625000055,-121.89725229199996,103,2040
005A_shp,37.42187689600007,-121.89753109799994,104,2060
005A_shp,37.42237916500005,-121.89780990899999,105,2080
005A_shp,37.42288149400008,-121.89808854899997,106,2100
005A_shp,37.42338384400006,-121.89836713399995,107,2120
005A_shp,37.42388614400005,-121.89864586199997,108,2140
005A_shp,37.42438852500004,-121.89892436399998,109,2160
005A_shp,37.42489079500007,-121.89920317899998,110,2180
005A_shp,37.425393075000045,-121.89948196999995,111,2200
005A_shp,37.42589541600006,-121.89976058799999,112,2220
005A_shp,37.42639769800007,-121.90003937699998,113,2240
005A_shp,37.426899959000025,-121.90031820799999,114,2260
005A_shp,37.42740219700005,-121.90059712399994,115,2280
005A_shp,37.427904487000035,-121.90087589199999,116,2300
005A_shp,37.42840675800005,-121.90115471899998,117,2320
005A_shp,37.42890907000003,-121.90143343299997,118,2340
005A_shp,37.42941141600005,-121.90171204899997,119,2360
005A_shp,37.42991369900005,-121.90199084699998,120,2380
005A_shp,37.43041593700008,-121.90226977499998,121,2400
005A_shp,37.43091818500005,-121.90254864099995,122,2420
005A_shp,37.43142048100003,-121.90282740699996,123,2440
005A_shp,37.431922866000036,-121.903105918,124,2460
005A_shp,37.43242509500004,-121.90338487099996,125,2480
005A_shp,37.43292743400008,-121.90366351699998,126,2500
005A_shp,37.43342972500005,-121.90394230299995,127,2520
005A_shp,37.43393198100006,-121.90422119299996,128,2540
005A_shp,37.434434270000054,-121.90449999099997,129,2560
005A_shp,37.43493656000004,-121.90477878599995,130,2580
005A_shp,37.43543883800004,-121.90505761999998,131,2600
005A_shp,37.43594112300008,-121.90533643599997,132,2620
005A_shp,37.43644334700008,-121.90561541999995,133,2640
005A_shp,37.436945672000036,-121.90589412799994,134,2660
005A_shp,37.43744796800007,-121.90617291599995,135,2680
005A_shp,37.437950286000046,-121.90645164499995,136,2700
005A_shp,37.43845255900004,-121.90673050299995,137,2720
005A_shp,37.43895496400006,-121.90700898799997,138,2740
005A_shp,37.43945717200006,-121.90728801499995,139,2760
005A_shp,37.439959491000025,-121.907566713,140,2780
005A_shp,37.44046360500005,-121.90784029299999,141,2800
005A_shp,37.440970348000064,-121.90810612799999,142,2820
005A_shp,37.44147860800007,-121.90836737599994,143,2840
005A_shp,37.441987065000035,-121.90862801799994,144,2860
005A_shp,37.44249549700004,-121.90888873899996,145,2880
005A_shp,37.44300388700003,-121.90914959699995,146,2900
005A_shp,37.44351230400008,-121.90941037299996,147,2920
005A_shp,37.44402077400008,-121.90967098899995,148,2940
005A_shp,37.44452920900005,-121.90993171299999,149,2960
005A_shp,37.44503749100005,-121.91019290599996,150,2980
005A_shp,37.44554588800003,-121.91045375299996,151,3000
005A_shp,37.44605437100006,-121.91071433499997,152,3020
005A_shp,37.44656267200003,-121.91097547799995,153,3040
005A_shp,37.44707115500006,-121.91123605899998,154,3060
005A_shp,37.44757950500008,-121.91149705499998,155,3080
005A_shp,37.44808793100003,-121.91175781999999,156,3100
005A_shp,37.44859633400006,-121.91201865399995,157,3120
005A_shp,37.44910474300008,-121.91227947299996,158,3140
005A_shp,37.449613001000046,-121.91254075399996,159,3160
005A_shp,37.45012016800007,-121.91280533099996,160,3180
005A_shp,37.450625270000046,-121.91307606899994,161,3200
005A_shp,37.45113003700004,-121.91334779199997,162,3220
005A_shp,37.451636164000035,-121.91361550699997,163,3240
005A_shp,37.452144575000034,-121.91387632299995,164,3260
005A_shp,37.45265298900006,-121.91413713899999,165,3280
005A_shp,37.45316133700004,-121.914398157,166,3300
005A_shp,37.45366977000003,-121.91465891899998,167,3320
005A_shp,37.45417803300006,-121.91492020199996,168,3340
005A_shp,37.45468616100004,-121.91518190099998,169,3360
005A_shp,37.45519396700007,-121.91544458199996,170,3380
005A_shp,37.45570208000004,-121.91570632999998,171,3400
005A_shp,37.45621035400006,-121.91596757699995,172,3420
005A_shp,37.45671907800005,-121.91622744499995,173,3440
005A_shp,37.45722784800006,-121.91648717199996,174,3460
005A_shp,37.45773660900005,-121.91674693699997,175,3480
005A_shp,37.458245067000064,-121.91700763399996,176,3500
005A_shp,37.45875353300005,-121.91726830799996,177,3520
005A_shp,37.45926189900007,-121.91752929699999,178,3540
005A_shp,37.45977030200004,-121.91779017099998,179,3560
005A_shp,37.46027868600004,-121.91805110499996,180,3580
005A_shp,37.46078706000003,-121.91831206999996,181,3600
005A_shp,37.461295465000035,-121.91857294199997,182,3620
005A_shp,37.46180385100007,-121.91883386599994,183,3640
005A_shp,37.46231224500008,-121.91909476899997,184,3660
005A_shp,37.46282058200006,-121.91935585599998,185,3680
005A_shp,37.46332902200004,-121.91961662499995,186,3700
005A_shp,37.46383746200007,-121.91987739999996,187,3720
005A_shp,37.464345844000036,-121.92013835399996,188,3740
005A_shp,37.46485434500005,-121.92039893999998,189,3760
005A_shp,37.465362818000074,-121.92065961299994,190,3780
005A_shp,37.465871185000026,-121.92092061799997,191,3800
005A_shp,37.46637952300006,-121.92118171599998,192,3820
005A_shp,37.46688783900004,-121.921442878,193,3840
005A_shp,37.46739620300008,-121.92170389999995,194,3860
005A_shp,37.467904633000046,-121.92196471599999,195,3880
005A_shp,37.46841291800007,-121.92222598099994,196,3900
005A_shp,37.46892124200008,-121.92248712699995,197,3920
005A_shp,37.46942964800007,-121.92274802499998,198,3940
005A_shp,37.46993814000007,-121.92300866,199,3960
005A_shp,37.47044678300006,-121.92326882299994,200,3980
005A_shp,37.47095758000006,-121.92352225499997,201,4000
005A_shp,37.47146948500006,-121.923772155,202,4020
005A_shp,37.47198134800004,-121.92402219499996,203,4040
005A_shp,37.47249331000006,-121.92427191499996,204,4060
005A_shp,37.47300519800007,-121.92452187299995,205,4080
005A_shp,37.47351718800007,-121.92477150999997,206,4100
005A_shp,37.474029071000075,-121.92502148899996,207,4120
005A_shp,37.47454086600004,-121.92527175699996,208,4140
005A_shp,37.47505280100006,-121.92552156999994,209,4160
005A_shp,37.475564818000066,-121.92577111699995,210,4180
005A_shp,37.47607669400003,-121.92602112699996,211,4200
005A_shp,37.47658865300008,-121.92627086999994,212,4220
005A_shp,37.477100550000046,-121.92652081499995,213,4240
005A_shp,37.47761247200003,-121.92677067699998,214,4260
005A_shp,37.478124527000034,-121.92702011799997,215,4280
005A_shp,37.478636427000026,-121.92727005599994,216,4300
005A_shp,37.47914830700006,-121.92752005099999,217,4320
005A_shp,37.47966014200006,-121.92777020299997,218,4340
005A_shp,37.48017212900004,-121.92801986799998,219,4360
005A_shp,37.48068403600007,-121.92826979499995,220,4380
005A_shp,37.48119604200008,-121.92851939899998,221,4400
005A_shp,37.481707982000046,-121.92876922099998,222,4420
005A_shp,37.482219935000046,-121.92901900099997,223,4440
005A_shp,37.48273182300005,-121.92926899599996,224,4460
005A_shp,37.48324378500007,-121.92951875299997,225,4480
005A_shp,37.48375569800004,-121.92976866499998,226,4500
005A_shp,37.48426726400004,-121.93001969299996,227,4520
005A_shp,37.484776805000024,-121.93027711299999,228,4540
005A_shp,37.48528412100006,-121.93054136899997,229,4560
005A_shp,37.48578921500007,-121.93081224299999,230,4580
005A_shp,37.48629382100006,-121.93108456599998,231,4600
005A_shp,37.48679849600006,-121.931356688,232,4620
005A_shp,37.48730312200007,-121.93162895299997,233,4640
005A_shp,37.48780776700005,-121.93190116399995,234,4660
005A_shp,37.488312508000035,-121.93217309399995,235,4680
005A_shp,37.488817253000036,-121.93244502099998,236,4700
005A_shp,37.48932185900003,-121.93271735399998,237,4720
005A_shp,37.489826675000074,-121.93298906099994,238,4740
005A_shp,37.490331413000035,-121.93326100999997,239,4760
005A_shp,37.49083627300007,-121.93353260399999,240,4780
005A_shp,37.49134075000006,-121.93380531799994,241,4800
005A_shp,37.491845484000066,-121.93407727699997,242,4820
005A_shp,37.49235031500007,-121.93434895599995,243,4840
005A_shp,37.49285496700003,-121.93462115899996,244,4860
005A_shp,37.493361511000046,-121.93488771799997,245,4880
005A_shp,37.49387410200006,-121.93513540099997,246,4900
005A_shp,37.49438873200006,-121.93537640099998,247,4920
005A_shp,37.494903374000046,-121.93561736599997,248,4940
005A_shp,37.49541744700008,-121.93586020699996,249,4960
005A_shp,37.495929508000074,-121.93610968099995,250,4980
005A_shp,37.49644040900006,-121.93636284699994,251,5000
005A_shp,37.49695007500003,-121.93661993499995,252,5020
005A_shp,37.49745967900003,-121.93687721599997,253,5040
005A_shp,37.497965425000075,-121.93714622699997,254,5060
005A_shp,37.49847117000007,-121.93741524099994,255,5080
005A_shp,37.49897691500007,-121.93768425799999,256,5100
005A_shp,37.49948403700006,-121.93794915199999,257,5120
005A_shp,37.499991539000064,-121.938212911,258,5140
005A_shp,37.50049903900003,-121.93847667399996,259,5160
005A_shp,37.50100654000005,-121.93874043999995,260,5180
005A_shp,37.501514486000076,-121.93900284999995,261,5200
005A_shp,37.502022700000055,-121.93926444399995,262,5220
005A_shp,37.50253226700005,-121.939521792,263,5240
005A_shp,37.50304189600007,-121.93977899899994,264,5260
005A_shp,37.503548385000045,-121.94004580299998,265,5280
005A_shp,37.50405173300004,-121.94032181199998,266,5300
005A_shp,37.50454979600005,-121.94061250699997,267,5320
005A_shp,37.505042772000024,-121.94091657199999,268,5340
005A_shp,37.50553276100004,-121.94122817499999,269,5360
005A_shp,37.50602612600005,-121.94153126099997,270,5380
005A_shp,37.50652436200005,-121.94182151499996,271,5400
005A_shp,37.507026551000024,-121.94210084499997,272,5420
005A_shp,37.50753084100006,-121.94237416099998,273,5440
005A_shp,37.50803641400006,-121.94264371599996,274,5460
005A_shp,37.50854230300007,-121.94291233899997,275,5480
005A_shp,37.50904842700004,-121.94318026799999,276,5500
005A_shp,37.50955483800004,-121.94344734099997,277,5520
005A_shp,37.51006140100003,-121.94371395899998,278,5540
005A_shp,37.51056799400004,-121.94398049199998,279,5560
005A_shp,37.51107465800004,-121.94424681399994,280,5580
005A_shp,37.511581428000056,-121.94451281799996,281,5600
005A_shp,37.51208830400003,-121.94477850599998,282,5620
005A_shp,37.51259528600008,-121.94504387799998,283,5640
005A_shp,37.51310237300004,-121.94530893299998,284,5660
005A_shp,37.513609565000024,-121.94557367199997,285,5680
005A_shp,37.51411686200004,-121.94583809799997,286,5700
005A_shp,37.514624264000076,-121.94610220899995,287,5720
005A_shp,37.51513176900005,-121.94636600799998,288,5740
005A_shp,37.51563937900005,-121.94662949299999,289,5760
005A_shp,37.51614708500006,-121.94689268299999,290,5780
005A_shp,37.516654892000076,-121.94715556999995,291,5800
005A_shp,37.517162807000034,-121.94741812799998,292,5820
005A_shp,37.51767084200003,-121.94768032499996,293,5840
005A_shp,37.51817900700007,-121.94794212499994,294,5860
005A_shp,37.518687312000054,-121.94820349699995,295,5880
005A_shp,37.51919573500004,-121.94846450799997,296,5900
005A_shp,37.519704251000064,-121.94872523699996,297,5920
005A_shp,37.52021283400006,-121.94898575899998,298,5940
005A_shp,37.52072142900005,-121.94924625099998,299,5960
005A_shp,37.521229995000056,-121.94950682799998,300,5980
005A_shp,37.52173856700006,-121.94976739099997,301,6000
005A_shp,37.522247177000054,-121.95002783799998,302,6020
005A_shp,37.52275585800004,-121.95028806699997,303,6040
005A_shp,37.52326464400005,-121.95054797799997,304,6060
005A_shp,37.523773567000035,-121.95080746499997,305,6080
005A_shp,37.52428265800006,-121.95106642999997,306,6100
005A_shp,37.52479195300003,-121.95132476599997,307,6120
005A_shp,37.52530148300008,-121.95158237399994,308,6140
005A_shp,37.52581127900004,-121.95183915099994,309,6160
005A_shp,37.52632137400008,-121.95209499599997,310,6180
005A_shp,37.52683138200007,-121.95235110799996,311,6200
005A_shp,37.52734073000005,-121.95260928999994,312,6220
005A_shp,37.52785196800005,-121.95286149099996,313,6240
005A_shp,37.528367778000074,-121.95309845299994,314,6260
005A_shp,37.528895136000074,-121.95329080199997,315,6280
005A_shp,37.52943161200005,-121.95343787599995,316,6300
005A_shp,37.52997576700005,-121.95353104899999,317,6320
005A_shp,37.53052287300005,-121.95359235199999,318,6340
005A_shp,37.53107049300007,-121.95364597699995,319,6360
005A_shp,37.531618465000065,-121.95369365899995,320,6380
005A_shp,37.53216671500007,-121.953735989,321,6400
005A_shp,37.532715136000036,-121.95377468599997,322,6420
005A_shp,37.533263720000036,-121.95380953099999,323,6440
005A_shp,37.53381236400003,-121.95384287899998,324,6460
005A_shp,37.53436108000005,-121.95387426799999,325,6480
005A_shp,37.53490984000007,-121.95390449399997,326,6500
005A_shp,37.535458531000074,-121.95393654999998,327,6520
005A_shp,37.53600712400004,-121.95397120099994,328,6540
005A_shp,37.53655566200007,-121.95400719899999,329,6560
005A_shp,37.53710396200006,-121.95404844099994,330,6580
005A_shp,37.53765185900005,-121.95409738199999,331,6600
005A_shp,37.538198385000044,-121.95416613199995,332,6620
005A_shp,37.538742752000076,-121.95425798599996,333,6640
005A_shp,37.539284517000056,-121.95437166099998,334,6660
005A_shp,37.53982508800004,-121.95449405599999,335,6680
005A_shp,37.54036514200004,-121.95461998099995,336,6700
005A_shp,37.54090467000003,-121.95474942399994,337,6720
005A_shp,37.54144400100006,-121.95488016299998,338,6740
005A_shp,37.54198347200003,-121.95500998199998,339,6760
005A_shp,37.54252340800008,-121.95513671399999,340,6780
005A_shp,37.54306380400004,-121.95526031599996,341,6800
005A_shp,37.543604247000076,-121.95538359899996,342,6820
005A_shp,37.54414429600007,-121.95550957199998,343,6840
005A_shp,37.544683993000035,-121.95563789999994,344,6860
005A_shp,37.545222317000025,-121.95577499099994,345,6880
005A_shp,37.545755737000036,-121.95593912699997,346,6900
005A_shp,37.54628022700007,-121.95614377299995,347,6920
005A_shp,37.546792923000055,-121.95639089899998,348,6940
005A_shp,37.54729160200003,-121.95667982299994,349,6960
005A_shp,37.54777307300003,-121.95701161099998,350,6980
005A_shp,37.54823521600008,-121.95738390999998,351,7000
005A_shp,37.548675177000064,-121.95779688099998,352,7020
005A_shp,37.54910654200006,-121.95822397199998,353,7040
005A_shp,37.54953554400004,-121.95865481599998,354,7060
005A_shp,37.54996296200005,-121.95908813799997,355,7080
005A_shp,37.55039045600006,-121.95952134599997,356,7100
005A_shp,37.55081707100004,-121.95995591799999,357,7120
005A_shp,37.551241667000056,-121.96039360399999,358,7140
005A_shp,37.55166365400004,-121.96083523299995,359,7160
005A_shp,37.55207541300007,-121.96129182499999,360,7180
005A_shp,37.55246991900003,-121.96177169599997,361,7200
005A_shp,37.55283714700005,-121.96228459399998,362,7220
005A_shp,37.553168742000025,-121.96283434999998,363,7240
005A_shp,37.55346334500007,-121.96341640099996,364,7260
005A_shp,37.55372402200004,-121.96402350499994,365,7280
005A_shp,37.55394574400003,-121.96465453799999,366,7300
005A_shp,37.55412699900006,-121.96530563799996,367,7320
005A_shp,37.554267347000064,-121.96597250899998,368,7340
005A_shp,37.55436869700003,-121.96665046199996,369,7360
005A_shp,37.55444342900006,-121.96733396199994,370,7380
005A_shp,37.55450701600006,-121.96801925699998,371,7400
005A_shp,37.55456362900003,-121.96870552299998,372,7420
005A_shp,37.55461196300007,-121.96939278699995,373,7440
005A_shp,37.554666704000056,-121.97007927199996,374,7460
005A_shp,37.554735064000056,-121.97076383099994,375,7480
005A_shp,37.55483555600006,-121.97144192099995,376,7500
005A_shp,37.55498482000007,-121.97210566299998,377,7520
005A_shp,37.55517740400006,-121.97275148099999,378,7540
005A_shp,37.55542018400007,-121.97337018399998,379,7560
005A_shp,37.55570536100004,-121.97395967399996,380,7580
005A_shp,37.55602568200004,-121.97451989399997,381,7600
005A_shp,37.55638356700007,-121.97504323199996,382,7620
005A_shp,37.55674480500005,-121.97556296099998,383,7640
005A_shp,37.55709898300006,-121.97609033299995,384,7660
005A_shp,37.55746163300006,-121.97660853499997,385,7680
005A_shp,37.55781651900003,-121.97713515099997,386,7700
005A_shp,37.55817349300003,-121.97765955099999,387,7720
005A_shp,37.55853306400007,-121.97818114599994,388,7740
005A_shp,37.558895095000025,-121.97870005199997,389,7760
005A_shp,37.55925876800006,-121.97921714699999,390,7780
005A_shp,37.55962517300003,-121.97973118599998,391,7800
005A_shp,37.559997691000035,-121.98023823699998,392,7820
005A_shp,37.560382342000025,-121.98073074199999,393,7840
005A_shp,37.56077899200005,-121.98120805099995,394,7860
005A_shp,37.56118196500006,-121.98167692799996,395,7880
005A_shp,37.56158792100007,-121.98214174199995,396,7900
005A_shp,37.56199497100005,-121.98260504299998,397,7920
005A_shp,37.56240605100004,-121.98306268399995,398,7940
005A_shp,37.56281762200007,-121.98351962099997,399,7960
005A_shp,37.563221749000036,-121.98398693299998,400,7980
005A_shp,37.563635644000044,-121.98444054899994,401,8000
005A_shp,37.56405893500005,-121.98488026099994,402,8020
005A_shp,37.564493696000056,-121.985301919,403,8040
005A_shp,37.564940956000044,-121.98570243699999,404,8060
005A_shp,37.56539509400005,-121.98609058999995,405,8080
005A_shp,37.56585324500003,-121.98647123399996,406,8100
005A_shp,37.566315014000054,-121.98684492099994,407,8120
005A_shp,37.56677665300003,-121.98721886299995,408,8140
005A_shp,37.56723653700004,-121.98759620899995,409,8160
005A_shp,37.56769449800004,-121.98797722499995,410,8180
005A_shp,37.568149998000024,-121.98836286799997,411,8200
005A_shp,37.56859908700005,-121.98876018499999,412,8220
005A_shp,37.56903800500004,-121.98917502599994,413,8240
005A_shp,37.56946323500006,-121.98961176999995,414,8260
005A_shp,37.56987908100007,-121.99006260299996,415,8280
005A_shp,37.57028480100007,-121.99052775699994,416,8300
005A_shp,37.570676872000035,-121.99101100799999,417,8320
005A_shp,37.571061572000076,-121.99150357999997,418,8340
005A_shp,37.57144272100004,-121.99200049299998,419,8360
005A_shp,37.57182063400006,-121.99250129899997,420,8380
005A_shp,37.57220051200005,-121.99299975199995,421,8400
005A_shp,37.57258451100006,-121.99349319999999,422,8420
005A_shp,37.57296891300007,-121.99398615599995,423,8440
005A_shp,37.573350047000076,-121.99448310199995,424,8460
005A_shp,37.57372873000003,-121.99498300299996,425,8480
005A_shp,37.57410769300003,-121.99548256999998,426,8500
005A_shp,37.57448828300005,-121.99598018399996,427,8520
005A_shp,37.574869600000056,-121.99647692299999,428,8540
005A_shp,37.575251184000024,-121.99697333899996,429,8560
005A_shp,37.575632864000056,-121.99746964099995,430,8580
005A_shp,37.57601501800008,-121.99796536999997,431,8600
005A_shp,37.57639754100006,-121.99846065199995,432,8620
005A_shp,37.57678030000005,-121.99895564899998,433,8640
005A_shp,37.57716316700004,-121.99945051499998,434,8660
005A_shp,37.57754600800007,-121.99994541599995,435,8680
005A_shp,37.577928695000026,-122.00044050899999,436,8700
005A_shp,37.57831109600005,-122.00093595199996,437,8720
005A_shp,37.57869308100004,-122.00143190399996,438,8740
005A_shp,37.579074526000056,-122.00192851299994,439,8760
005A_shp,37.579455479000046,-122.00242572299999,440,8780
005A_shp,37.579836055000044,-122.00292338999998,441,8800
005A_shp,37.58021635000006,-122.00342139799994,442,8820
005A_shp,37.58059646700008,-122.00391962199996,443,8840
005A_shp,37.58097650500008,-122.00441794599999,444,8860
005A_shp,37.58135656600007,-122.00491624399996,445,8880
005A_shp,37.581736748000026,-122.00541439899996,446,8900
005A_shp,37.58211715200008,-122.00591228799999,447,8920
005A_shp,37.58249785600003,-122.00640981699996,448,8940
005A_shp,37.582878805000064,-122.00690705399995,449,8960
005A_shp,37.58325992300007,-122.00740408799999,450,8980
005A_shp,37.583641139000065,-122.00790100699999,451,9000
005A_shp,37.584022385000026,-122.00839789099996,452,9020
005A_shp,37.58440358800004,-122.00889482899998,453,9040
005A_shp,37.58478468100003,-122.00939190399998,454,9060
005A_shp,37.585165593000056,-122.00988919999998,455,9080
005A_shp,37.585546253000075,-122.01038680299996,456,9100
005A_shp,37.58592669600006,-122.01088467099999,457,9120
005A_shp,37.58630727100007,-122.01138238099998,458,9140
005A_shp,37.58668788800003,-122.01188004499994,459,9160
005A_shp,37.58706839700005,-122.01237784099999,460,9180
005A_shp,37.587448652000035,-122.01287594499996,461,9200
005A_shp,37.58782850500006,-122.01337453599996,462,9220
005A_shp,37.58820780700006,-122.01387379099998,463,9240
005A_shp,37.588586408000026,-122.01437388999994,464,9260
005A_shp,37.58896417300008,-122.014874986,465,9280
005A_shp,37.58934153000007,-122.01537657199998,466,9300
005A_shp,37.589718008000034,-122.01587920099996,467,9320
005A_shp,37.590092811000034,-122.01638380599996,468,9340
005A_shp,37.59046615300008,-122.01689012199995,469,9360
005A_shp,37.590834415000074,-122.01740217399998,470,9380
005A_shp,37.591197273000034,-122.01792038099995,471,9400
005A_shp,37.59156716800004,-122.01843067299995,472,9420
005A_shp,37.591944012000056,-122.01893287299998,473,9440
005A_shp,37.59232768700008,-122.01942683699997,474,9460
005A_shp,37.59271731600006,-122.01991339699998,475,9480
005A_shp,37.59311614500007,-122.02038798299998,476,9500
005A_shp,37.593535823000025,-122.02083313699995,477,9520
005A_shp,37.59397766200004,-122.02124308799995,478,9540
005A_shp,37.594432453000024,-122.02163016599997,479,9560
005A_shp,37.59489085100006,-122.02201048299997,480,9580
005A_shp,37.59534407500007,-122.02240046899999,481,9600
005A_shp,37.59579053700003,-122.02280255,482,9620
005A_shp,37.596225308000044,-122.02322435999997,483,9640
005A_shp,37.59664686800005,-122.02366685099997,484,9660
005A_shp,37.59705943100005,-122.02412260099999,485,9680
005A_shp,37.59746798100008,-122.02458403199995,486,9700
005A_shp,37.597873322000055,-122.02504991199999,487,9720
005A_shp,37.59827871600004,-122.02551572399994,488,9740
005A_shp,37.59868602700004,-122.02597888899999,489,9760
005A_shp,37.59909718000006,-122.02643665199997,490,9780
005A_shp,37.59951739600007,-122.02688113999994,491,9800
005A_shp,37.59994907600003,-122.02730800299997,492,9820
005A_shp,37.60038506700005,-122.02772791399997,493,9840
005A_shp,37.60082292800007,-122.02814474599995,494,9860
005A_shp,37.60126107000008,-122.02856111199998,495,9880
005A_shp,37.60169988700005,-122.02897635499994,496,9900
005A_shp,37.602139323000074,-122.02939056899999,497,9920
005A_shp,37.60257912000003,-122.02980417699996,498,9940
005A_shp,37.60301902700007,-122.030217602,499,9960
005A_shp,37.60345879300007,-122.03063126799998,500,9980
005A_shp,37.60389816400004,-122.03104559899998,501,10000
005A_shp,37.604336885000066,-122.03146101499999,502,10020
005A_shp,37.60477522100007,-122.03187707999996,503,10040
005A_shp,37.60521352300003,-122.03229320399998,504,10060
005A_shp,37.60565138700008,-122.03271005499994,505,10080
005A_shp,37.60608840700007,-122.03312830699997,506,10100
005A_shp,37.60652420900004,-122.03354856399994,507,10120
005A_shp,37.60695899700005,-122.03397047899995,508,10140
005A_shp,37.60739283800007,-122.03439393499997,509,10160
005A_shp,37.60782565300008,-122.03481904899996,510,10180
005A_shp,37.60825747200005,-122.03524575899996,511,10200
005A_shp,37.60868844400005,-122.03567382799997,512,10220
005A_shp,37.60911885300004,-122.03610278999997,513,10240
005A_shp,37.609547630000066,-122.03653433,514,10260
005A_shp,37.609974487000045,-122.03696885999994,515,10280
005A_shp,37.61039319300005,-122.03741572699994,516,10300
005A_shp,37.610806403000026,-122.03787063299995,517,10320
005A_shp,37.61121723800005,-122.03832893499998,518,10340
005A_shp,37.61162697200007,-122.03878879099994,519,10360
005A_shp,37.612035562000074,-122.03925025699999,520,10380
005A_shp,37.612443290000044,-122.03971292799997,521,10400
005A_shp,37.612849907000054,-122.04017714599996,522,10420
005A_shp,37.613255595000055,-122.04064264599998,523,10440
005A_shp,37.613660915000025,-122.041108657,524,10460
005A_shp,37.61406609200003,-122.04157486399998,525,10480
005A_shp,37.61447055800005,-122.04204205199994,526,10500
005A_shp,37.61487470800006,-122.042509672,527,10520
005A_shp,37.61527902200004,-122.04297707099994,528,10540
005A_shp,37.61568398400004,-122.04344358699996,529,10560
005A_shp,37.61608996800004,-122.04390869799994,530,10580
005A_shp,37.61649651300007,-122.04437303599997,531,10600
005A_shp,37.61690385300005,-122.04483627499997,532,10620
005A_shp,37.61731283800003,-122.04529721699998,533,10640
005A_shp,37.61772326400006,-122.04575613399999,534,10660
005A_shp,37.61813172800004,-122.04621780999997,535,10680
005A_shp,37.61853528200004,-122.04668626299997,536,10700
005A_shp,37.618941462000066,-122.04715110099994,537,10720
005A_shp,37.61935635000003,-122.04760358599998,538,10740
005A_shp,37.61978468700005,-122.04803580099997,539,10760
005A_shp,37.62022873500007,-122.04844210199997,540,10780
005A_shp,37.62068864100007,-122.04881953399996,541,10800
005A_shp,37.621163195000065,-122.04916715199994,542,10820
005A_shp,37.62165116600005,-122.04948399899996,543,10840
005A_shp,37.62215023600004,-122.04977234799998,544,10860
005A_shp,37.62265783400005,-122.050036192,545,10880
005A_shp,37.62316777900003,-122.05029280699995,546,10900
005A_shp,37.62367930400006,-122.05054441499999,547,10920
005A_shp,37.62419119300006,-122.05079485399995,548,10940
005A_shp,37.624704078000036,-122.05104204999998,549,10960
005A_shp,37.62521750900004,-122.05128745399998,550,10980
005A_shp,37.625730900000065,-122.05153298799996,551,11000
005A_shp,37.626243671000054,-122.05178056699998,552,11020
005A_shp,37.62675611100008,-122.05202922399997,553,11040
005A_shp,37.62726817400005,-122.05227910699995,554,11060
005A_shp,37.62777897500007,-122.05253304299998,555,11080
005A_shp,37.62828833800006,-122.05279149499995,556,11100
005A_shp,37.628794619000075,-122.05305933299996,557,11120
005A_shp,37.62929436600007,-122.05334581499994,558,11140
005A_shp,37.629783770000074,-122.05365924899996,559,11160
005A_shp,37.63026146900006,-122.054000068,560,11180
005A_shp,37.63073211900007,-122.05435613099996,561,11200
005A_shp,37.631200500000034,-122.05471690499996,562,11220
005A_shp,37.631667236000055,-122.05508103799997,563,11240
005A_shp,37.63213319400006,-122.05544674599997,564,11260
005A_shp,37.632599164000055,-122.05581242999995,565,11280
005A_shp,37.63306483000008,-122.05617872999994,566,11300
005A_shp,37.63353000300003,-122.05654602199996,567,11320
005A_shp,37.63399468000006,-122.05691430699994,568,11340
005A_shp,37.634459863000075,-122.05728155799994,569,11360
005A_shp,37.63492760500003,-122.05764365999994,570,11380
005A_shp,37.63539444500003,-122.05800759999994,571,11400
005A_shp,37.635860310000055,-122.05837351199995,572,11420
005A_shp,37.63632555300006,-122.05874067699995,573,11440
005A_shp,37.63678984500007,-122.05910973999994,574,11460
005A_shp,37.63725325100006,-122.05948056499994,575,11480
005A_shp,37.63771617900005,-122.05985233099995,576,11500
005A_shp,37.63817904700005,-122.06022422299998,577,11520
005A_shp,37.638642263000065,-122.06059542699995,578,11540
005A_shp,37.63910623800007,-122.06096513299997,579,11560
005A_shp,37.639570857000024,-122.06133355899999,580,11580
005A_shp,37.64003584000005,-122.06170126099994,581,11600
005A_shp,37.640501079000046,-122.06206845499997,582,11620
005A_shp,37.640966465000076,-122.06243535499999,583,11640
005A_shp,37.64143188800006,-122.062802181,584,11660
005A_shp,37.64189725500006,-122.06316912499994,585,11680
005A_shp,37.642362665000064,-122.06353598199996,586,11700
005A_shp,37.642828174000044,-122.063902644,587,11720
005A_shp,37.643293775000075,-122.06426912399996,588,11740
005A_shp,37.64375946100006,-122.06463543299998,589,11760
005A_shp,37.64422522700005,-122.065001586,590,11780
005A_shp,37.644691066000064,-122.06536759399995,591,11800
005A_shp,37.64515697100006,-122.06573346999994,592,11820
005A_shp,37.64562293700004,-122.06609922599995,593,11840
005A_shp,37.646088957000075,-122.06646487499995,594,11860
005A_shp,37.646555025000055,-122.06683043099997,595,11880
005A_shp,37.647021135000045,-122.06719590399996,596,11900
005A_shp,37.647487279000075,-122.067561308,597,11920
005A_shp,37.64795345300007,-122.06792665599994,598,11940
005A_shp,37.64841965000005,-122.06829196099994,599,11960
005A_shp,37.64888586300003,-122.06865723399994,600,11980
005A_shp,37.64935208700007,-122.06902248899996,601,12000
005A_shp,37.649818313000026,-122.06938773899998,602,12020
005A_shp,37.65028453800005,-122.06975299499999,603,12040
005A_shp,37.65075075400006,-122.07011827099996,604,12060
005A_shp,37.65121695700003,-122.07048357499997,605,12080
005A_shp,37.651683211000034,-122.07084877899996,606,12100
005A_shp,37.652149542000075,-122.07121383199996,607,12120
005A_shp,37.65261593900004,-122.07157874999996,608,12140
005A_shp,37.65308239500007,-122.07194355299998,609,12160
005A_shp,37.65354889900004,-122.07230825999994,610,12180
005A_shp,37.65401544200006,-122.07267289199996,611,12200
005A_shp,37.65448201400005,-122.07303746499997,612,12220
005A_shp,37.65494860700005,-122.07340199899994,613,12240
005A_shp,37.65541521100005,-122.07376651499999,614,12260
005A_shp,37.65588181500004,-122.07413102999999,615,12280
005A_shp,37.65634841200006,-122.07449556299997,616,12300
005A_shp,37.65681499000004,-122.07486013399995,617,12320
005A_shp,37.65728154200008,-122.075224763,618,12340
005A_shp,37.65774805800004,-122.07558946699999,619,12360
005A_shp,37.65821452800003,-122.07595426699999,620,12380
005A_shp,37.658680943000036,-122.076319179,621,12400
005A_shp,37.65914729200006,-122.07668422599994,622,12420
005A_shp,37.659613567000065,-122.07704942599997,623,12440
005A_shp,37.66007975900004,-122.07741479599997,624,12460
005A_shp,37.660545857000045,-122.07778035599995,625,12480
005A_shp,37.661011863000056,-122.07814610499997,626,12500
005A_shp,37.66147803700005,-122.07851151799997,627,12520
005A_shp,37.661944377000054,-122.07887659599999,628,12540
005A_shp,37.66241072200006,-122.07924166899994,629,12560
005A_shp,37.66287690900003,-122.07960706099999,630,12580
005A_shp,37.66334277500005,-122.07997310199994,631,12600
005A_shp,37.66380815800005,-122.08034011699999,632,12620
005A_shp,37.66427289400008,-122.08070842999996,633,12640
005A_shp,37.66473724100007,-122.08107752099994,634,12660
005A_shp,37.66520100900004,-122.08144776199998,635,12680
005A_shp,37.665661718000024,-122.08182398399998,636,12700
005A_shp,37.666111802000046,-122.08221996599997,637,12720
005A_shp,37.66654428100003,-122.08264571999996,638,12740
005A_shp,37.66695699700006,-122.08310153299999,639,12760
005A_shp,37.66734752800005,-122.08358730199996,640,12780
005A_shp,37.66772148700005,-122.08409338999996,641,12800
005A_shp,37.66808733000005,-122.08460880199999,642,12820
005A_shp,37.668449972000076,-122.08512779299997,643,12840
005A_shp,37.668810188000066,-122.085649451,644,12860
005A_shp,37.66916807600006,-122.08617364399998,645,12880
005A_shp,37.66952363000007,-122.08670034399995,646,12900
005A_shp,37.66988165300006,-122.08722434999999,647,12920
005A_shp,37.67024248800004,-122.087745343,648,12940
005A_shp,37.670601703000045,-122.08826810599999,649,12960
005A_shp,37.67095927100007,-122.08879265499996,650,12980
005A_shp,37.67131247000003,-122.08932186699997,651,13000
005A_shp,37.67165804200005,-122.089858978,652,13020
005A_shp,37.672004564000076,-122.09039512099997,653,13040
005A_shp,37.672355776000074,-122.09092643399998,654,13060
005A_shp,37.672708740000076,-122.09145590899999,655,13080
005A_shp,37.67306275000004,-122.09198427899997,656,13100
005A_shp,37.67341757500003,-122.09251178799997,657,13120
005A_shp,37.67377329100003,-122.093038348,658,13140
005A_shp,37.674129263000054,-122.09356463599994,659,13160
005A_shp,37.67448530300004,-122.09409085399994,660,13180
005A_shp,37.67484160500004,-122.09461679099996,661,13200
005A_shp,37.675198171000034,-122.09514245199995,662,13220
005A_shp,37.67555499500003,-122.09566783599996,663,13240
005A_shp,37.67591207800007,-122.096192944,664,13260
005A_shp,37.676269416000025,-122.09671777899996,665,13280
005A_shp,37.67662700900007,-122.09724234199996,666,13300
005A_shp,37.67698485400007,-122.09776663599996,667,13320
005A_shp,37.677342956000075,-122.09829065499997,668,13340
005A_shp,37.677701316000025,-122.09881439599997,669,13360
005A_shp,37.67805993400003,-122.09933786099998,670,13380
005A_shp,37.678418805000035,-122.09986105399997,671,13400
005A_shp,37.678777926000066,-122.10038397699998,672,13420
005A_shp,37.67913729400004,-122.10090663299997,673,13440
005A_shp,37.67949690700004,-122.10142902499996,674,13460
005A_shp,37.67985676700005,-122.10195115299996,675,13480
005A_shp,37.680216941000026,-122.10247293699996,676,13500
005A_shp,37.68057738500005,-122.10299442999997,677,13520
005A_shp,37.680938008000055,-122.10351572999997,678,13540
005A_shp,37.681298722000065,-122.10403693199999,679,13560
005A_shp,37.681659473000025,-122.104558097,680,13580
005A_shp,37.68202031900006,-122.10507915899996,681,13600
005A_shp,37.682381269000075,-122.10560010999995,682,13620
005A_shp,37.68274233000005,-122.10612094199996,683,13640
005A_shp,37.68310350200005,-122.10664165399999,684,13660
005A_shp,37.68346479100006,-122.10716224099997,685,13680
005A_shp,37.683826201000045,-122.10768269799996,686,13700
005A_shp,37.684187733000044,-122.10820302099995,687,13720
005A_shp,37.684549393000054,-122.10872320699997,688,13740
005A_shp,37.68491113700003,-122.10924330199998,689,13760
005A_shp,37.68527289300005,-122.10976338799998,690,13780
005A_shp,37.68563473800003,-122.11028337899995,691,13800
005A_shp,37.68599675300004,-122.11080318299997,692,13820
005A_shp,37.686359021000044,-122.11132270999997,693,13840
005A_shp,37.68672162400003,-122.11184187099997,694,13860
005A_shp,37.68708453100004,-122.11236069899996,695,13880
005A_shp,37.68744644900005,-122.11288061999994,696,13900
005A_shp,37.687808123000025,-122.11340081199995,697,13920
005A_shp,37.688171014000034,-122.11391966399998,698,13940
005A_shp,37.688536569000064,-122.11443554499999,699,13960
005A_shp,37.68890558500004,-122.114947514,700,13980
005A_shp,37.689281798000025,-122.11545097099997,701,14000
005A_shp,37.689666371000044,-122.11594436499996,702,14020
005A_shp,37.69002584700007,-122.11646692,703,14040
005A_shp,37.69039338500005,-122.11698054299995,704,14060
005A_shp,37.69074606400005,-122.11751043499999,705,14080
005A_shp,37.69110526700007,-122.11803332899996,706,14100
005A_shp,37.691466716000036,-122.11855378799999,707,14120
005A_shp,37.69182399700003,-122.11907879299997,708,14140
005A_shp,37.69218297200007,-122.11960196499996,709,14160
005A_shp,37.692545540000026,-122.12012120299994,710,14180
005A_shp,37.69290527700008,-122.12064354399996,711,14200
005A_shp,37.693259297000054,-122.12117204499998,712,14220
005A_shp,37.693615399000066,-122.12169832099994,713,14240
005A_shp,37.693977947000064,-122.12221756999998,714,14260
005A_shp,37.69434856600003,-122.12272772199998,715,14280
005A_shp,37.694710032000046,-122.12324817899997,716,14300
005A_shp,37.695061312000064,-122.12377954399994,717,14320
005A_shp,37.69542331100007,-122.12429929799998,718,14340
005A_shp,37.69579211900003,-122.12481143999997,719,14360
005A_shp,37.69613962200003,-122.12534675299997,720,14380
005A_shp,37.69649755300003,-122.12587104499994,721,14400
005A_shp,37.69686345300005,-122.12638659099997,722,14420
005A_shp,37.69722305300007,-122.12690194399994,723,14440
005A_shp,37.69758121600006,-122.12742603499998,724,14460
005A_shp,37.697935329000074,-122.12795445799998,725,14480
005A_shp,37.698279686000035,-122.12849297599996,726,14500
005A_shp,37.69861901100006,-122.12903653299998,727,14520
005A_shp,37.69896982200004,-122.12956844699994,728,14540
005A_shp,37.69932400700003,-122.13009681499994,729,14560
005A_shp,37.69968027200008,-122.13062296899994,730,14580
005A_shp,37.70003745200006,-122.13114814099998,731,14600
005A_shp,37.70039559200006,-122.13167227899999,732,14620
005A_shp,37.70075418500005,-122.13219592899998,733,14640
005A_shp,37.70111299600006,-122.13271934399995,734,14660
005A_shp,37.70147236200006,-122.13324215899996,735,14680
005A_shp,37.70183209700008,-122.13376457499999,736,14700
005A_shp,37.70219197800003,-122.13428683199999,737,14720
005A_shp,37.702551791000076,-122.134809169,738,14740
005A_shp,37.702911603000075,-122.13533150699999,739,14760
005A_shp,37.70327160200003,-122.13585364499994,740,14780
005A_shp,37.70363176600006,-122.13637560399997,741,14800
005A_shp,37.70399207500003,-122.13689740799998,742,14820
005A_shp,37.70435250400004,-122.13741908199995,743,14840
005A_shp,37.704713033000075,-122.13794064899997,744,14860
005A_shp,37.70507364100007,-122.13846213399995,745,14880
005A_shp,37.70543430400005,-122.13898355899994,746,14900
005A_shp,37.70579500000008,-122.13950495099999,747,14920
005A_shp,37.70615570900003,-122.14002633199999,748,14940
005A_shp,37.70651640800003,-122.14054772599997,749,14960
005A_shp,37.70687707500008,-122.141069158,750,14980
005A_shp,37.70723768900007,-122.14159065099994,751,15000
005A_shp,37.70759822600007,-122.14211222999995,752,15020
005A_shp,37.707958665000035,-122.14263391699996,753,15040
005A_shp,37.70831898500006,-122.14315573899995,754,15060
005A_shp,37.708679164000046,-122.14367771699995,755,15080
005A_shp,37.70903918000005,-122.14419987599996,756,15100
005A_shp,37.70939900900004,-122.14472224199994,757,15120
005A_shp,37.70975863000007,-122.14524483699995,758,15140
005A_shp,37.71011803000005,-122.14576767399996,759,15160
005A_shp,37.71047730400005,-122.14629065199995,760,15180
005A_shp,37.71083648500007,-122.14681373399998,761,15200
005A_shp,37.71119556300005,-122.14733693,762,15220
005A_shp,37.71155450800006,-122.14786027399998,763,15240
005A_shp,37.71191313300005,-122.14838396699997,764,15260
005A_shp,37.71227146500007,-122.14890797999999,765,15280
005A_shp,37.71262959000006,-122.14943222,766,15300
005A_shp,37.71298759300004,-122.14995659499999,767,15320
005A_shp,37.71334555800007,-122.15048101299999,768,15340
005A_shp,37.713703570000064,-122.15100538299998,769,15360
005A_shp,37.714061713000035,-122.15152961499996,770,15380
005A_shp,37.71442007200005,-122.15205361299996,771,15400
005A_shp,37.71477873200007,-122.15257728799997,772,15420
005A_shp,37.71513777700005,-122.15310054699995,773,15440
005A_shp,37.71549733000006,-122.15362325699999,774,15460
005A_shp,37.71585751300006,-122.15414527999997,775,15480
005A_shp,37.716218010000034,-122.15466696299995,776,15500
005A_shp,37.71657845900006,-122.15518870099999,777,15520
005A_shp,37.71693849700006,-122.15571088999997,778,15540
005A_shp,37.717297761000054,-122.15623392799995,779,15560
005A_shp,37.717655164000064,-122.15675898099994,780,15580
005A_shp,37.71801457300006,-122.15728185899997,781,15600
005A_shp,37.71837874100004,-122.15779949099999,782,15620
005A_shp,37.718751130000044,-122.15830773799996,783,15640
005A_shp,37.71914923000003,-122.15878370399997,784,15660
005A_shp,37.71958891300005,-122.15919731299999,785,15680
005A_shp,37.72005806900006,-122.15955675299995,786,15700
005A_shp,37.720536236000044,-122.15989701799998,787,15720
005A_shp,37.72101653000004,-122.16023250299997,788,15740
005A_shp,37.721499891000065,-122.16056092999997,789,15760
005A_shp,37.721984821000035,-122.16088566999997,790,15780
005A_shp,37.72246795700005,-122.16121463399998,791,15800
005A_shp,37.72295017600004,-122.16154572599999,792,15820
005A_shp,37.72343179200004,-122.16187821199998,793,15840
005A_shp,37.723912443000074,-122.16221289899994,794,15860
005A_shp,37.72439098800004,-122.16255233799995,795,15880
005A_shp,37.72486601600008,-122.16289947699994,796,15900
005A_shp,37.72533002500006,-122.16326939499999,797,15920
005A_shp,37.72578015500005,-122.16366559899996,798,15940
005A_shp,37.72621550500003,-122.16408714299996,799,15960
005A_shp,37.726634895000075,-122.16453362399994,800,15980
005A_shp,37.727042882000035,-122.16499661899996,801,16000
005A_shp,37.72744605500003,-122.16546627099996,802,16020
005A_shp,37.72784718200006,-122.16593869299999,803,16040
005A_shp,37.72824693200005,-122.16641296999995,804,16060
005A_shp,37.72864662200004,-122.16688732499995,805,16080
005A_shp,37.729046862000075,-122.16736094599997,806,16100
005A_shp,37.729446962000054,-122.167834761,807,16120
005A_shp,37.72984691000005,-122.16830877999996,808,16140
005A_shp,37.730246719000036,-122.16878298599994,809,16160
005A_shp,37.73064640100006,-122.16925736599995,810,16180
005A_shp,37.73104596600007,-122.16973190399995,811,16200
005A_shp,37.73144542600005,-122.17020658499996,812,16220
005A_shp,37.73184479300005,-122.17068139099996,813,16240
005A_shp,37.732244078000065,-122.17115631099995,814,16260
005A_shp,37.73264329300008,-122.17163132799999,815,16280
005A_shp,37.73304248800008,-122.17210637,816,16300
005A_shp,37.73344167400006,-122.17258142899999,817,16320
005A_shp,37.73384071000004,-122.17305668999995,818,16340
005A_shp,37.73423945400003,-122.17353234199999,819,16360
005A_shp,37.73463785900003,-122.17400844599996,820,16380
005A_shp,37.735036267000055,-122.17448454799995,821,16400
005A_shp,37.73543450600005,-122.17496087899997,822,16420
005A_shp,37.735832317000074,-122.17543777799995,823,16440
005A_shp,37.736229441000035,-122.17591558599997,824,16460
005A_shp,37.73662561700007,-122.17639464199999,825,16480
005A_shp,37.73702048200005,-122.176875414,826,16500
005A_shp,37.73741349000005,-122.17735859399994,827,16520
005A_shp,37.73780557500004,-122.17784296699995,828,16540
005A_shp,37.73819791300008,-122.17832701599997,829,16560
005A_shp,37.738591678000034,-122.17880922699999,830,16580
005A_shp,37.73898731400004,-122.17928900499999,831,16600
005A_shp,37.73938392400004,-122.17976750999998,832,16620
005A_shp,37.73978101900008,-122.18024537899998,833,16640
005A_shp,37.74017856900008,-122.18072264999995,834,16660
005A_shp,37.74057664500003,-122.18119922799997,835,16680
005A_shp,37.74097504200006,-122.18167538399996,836,16700
005A_shp,37.74137356700004,-122.18215137199996,837,16720
005A_shp,37.74177233200004,-122.18262704299997,838,16740
005A_shp,37.74217134700007,-122.18310238299995,839,16760
005A_shp,37.742570525000076,-122.18357750999996,840,16780
005A_shp,37.74296977900008,-122.18405253799995,841,16800
005A_shp,37.743369089000055,-122.18452749399995,842,16820
005A_shp,37.74376876900004,-122.18500195899998,843,16840
005A_shp,37.744168811000065,-122.18547594399996,844,16860
005A_shp,37.744569142000046,-122.18594954199995,845,16880
005A_shp,37.744969694000076,-122.18642284699996,846,16900
005A_shp,37.745370395000066,-122.18689595399997,847,16920
005A_shp,37.74577117600006,-122.18736895699999,848,16940
005A_shp,37.74617196500003,-122.18784194899996,849,16960
005A_shp,37.746572693000076,-122.18831502799998,850,16980
005A_shp,37.74697328900004,-122.18878828599998,851,17000
005A_shp,37.747373681000056,-122.18926181999996,852,17020
005A_shp,37.74777380100005,-122.18973572099998,853,17040
005A_shp,37.748173576000056,-122.19021008599998,854,17060
005A_shp,37.74857293700006,-122.19068500699996,855,17080
005A_shp,37.748971812000036,-122.19116057899998,856,17100
005A_shp,37.749370129000056,-122.19163689299995,857,17120
005A_shp,37.74976785300004,-122.19211399399995,858,17140
005A_shp,37.75016621800006,-122.19259025099996,859,17160
005A_shp,37.75056390800006,-122.19306740099995,860,17180
005A_shp,37.75095819300003,-122.19354900999997,861,17200
005A_shp,37.75134726400006,-122.19403730399995,862,17220
005A_shp,37.75173761100007,-122.19452398099997,863,17240
005A_shp,37.752131630000065,-122.19500594499999,864,17260
005A_shp,37.752529956000046,-122.19548226399996,865,17280
005A_shp,37.75293211800005,-122.19595344599998,866,17300
005A_shp,37.75333200600005,-122.19642768299997,867,17320
005A_shp,37.75372874400006,-122.19690609799994,868,17340
005A_shp,37.754129560000024,-122.19737910399999,869,17360
005A_shp,37.75452711200006,-122.19785645399998,870,17380
005A_shp,37.75492208800006,-122.19833719499997,871,17400
005A_shp,37.75532352700003,-122.19880935399999,872,17420
005A_shp,37.75573569000005,-122.19926659299995,873,17440
005A_shp,37.756141942000056,-122.19973217999996,874,17460
005A_shp,37.75654494400004,-122.20020224399997,875,17480
005A_shp,37.756945581000025,-122.20067550899995,876,17500
005A_shp,37.75734474600006,-122.20115074699999,877,17520
005A_shp,37.757743334000054,-122.20162675299997,878,17540
005A_shp,37.75814225200003,-122.20210232499994,879,17560
005A_shp,37.75854143600003,-122.20257754399995,880,17580
005A_shp,37.758940246000066,-122.20305326399995,881,17600
005A_shp,37.759338797000055,-122.20352933099997,882,17620
005A_shp,37.75973720300004,-122.20400559299998,883,17640
005A_shp,37.76013554000008,-122.20448194999994,884,17660
005A_shp,37.76053374900005,-122.20495847599994,885,17680
005A_shp,37.76093180100003,-122.20543521499997,886,17700
005A_shp,37.76132966600005,-122.20591220399996,887,17720
005A_shp,37.761727316000076,-122.20638947999998,888,17740
005A_shp,37.76212471400004,-122.20686709099999,889,17760
005A_shp,37.76252145400008,-122.20734557299994,890,17780
005A_shp,37.762917583000046,-122.20782485799998,891,17800
005A_shp,37.76331343800007,-122.20830450499994,892,17820
005A_shp,37.763709359000075,-122.20878406799994,893,17840
005A_shp,37.76410568600005,-122.20926310299996,894,17860
005A_shp,37.764502753000045,-122.20974116399998,895,17880
005A_shp,37.764900873000045,-122.21021783799995,896,17900
005A_shp,37.765299441000025,-122.21069392099997,897,17920
005A_shp,37.76569979800007,-122.21116761299999,898,17940
005A_shp,37.766102458000034,-122.21163820399994,899,17960
005A_shp,37.766507474000036,-122.21210557699999,900,17980
005A_shp,37.76691621900005,-122.21256775999996,901,18000
005A_shp,37.767333593000046,-122.21301749199995,902,18020
005A_shp,37.76776278700004,-122.21344923499998,903,18040
005A_shp,37.76819755200006,-122.21387208699997,904,18060
005A_shp,37.76863479900004,-122.21429085599999,905,18080
005A_shp,37.769071850000046,-122.21470994999999,906,18100
005A_shp,37.76950408000005,-122.21513690799998,907,18120
005A_shp,37.76992923200004,-122.21557495099995,908,18140
005A_shp,37.770337777000066,-122.21603728899998,909,18160
005A_shp,37.77072543700007,-122.21652738799997,910,18180
005A_shp,37.771090310000034,-122.21704444999995,911,18200
005A_shp,37.77143072800004,-122.21758736499999,912,18220
005A_shp,37.771745714000076,-122.21815413899998,913,18240
005A_shp,37.77204092300008,-122.21873762499996,914,18260
005A_shp,37.772324516000026,-122.21933020999995,915,18280
005A_shp,37.772602187000075,-122.21992723799997,916,18300
005A_shp,37.77287959600005,-122.22052445699995,917,18320
005A_shp,37.773166841000034,-122.22111424999997,918,18340
005A_shp,37.77346737000005,-122.22169339999999,919,18360
005A_shp,37.773781952000036,-122.22226063099998,920,18380
005A_shp,37.774102560000074,-122.22282249699998,921,18400
005A_shp,37.77442581200006,-122.22338195499998,922,18420
005A_shp,37.77475200400005,-122.22393869999996,923,18440
005A_shp,37.77507986200004,-122.22449389299999,924,18460
005A_shp,37.775404913000045,-122.22505170199997,925,18480
005A_shp,37.77572684800003,-122.22561237299999,926,18500
005A_shp,37.776045182000075,-122.22617629599995,927,18520
005A_shp,37.776355903000024,-122.22674690899998,928,18540
005A_shp,37.77665769300006,-122.22732509499997,929,18560
005A_shp,37.77695420600003,-122.227907604,930,18580
005A_shp,37.77724607700003,-122.22849382599998,931,18600
005A_shp,37.77753932000007,-122.22907896099997,932,18620
005A_shp,37.777835279000044,-122.22966192599995,933,18640
005A_shp,37.77813618400006,-122.23024085699996,934,18660
005A_shp,37.77844548000007,-122.23081270299997,935,18680
005A_shp,37.778772022000055,-122.23136907199995,936,18700
005A_shp,37.77911943100003,-122.23190497999997,937,18720
005A_shp,37.77948804400006,-122.23241795199999,938,18740
005A_shp,37.77987207700005,-122.23291269499998,939,18760
005A_shp,37.78026511500008,-122.23339610199997,940,18780
005A_shp,37.78065559100003,-122.23388279899996,941,18800
005A_shp,37.781036920000076,-122.23438083599996,942,18820
005A_shp,37.78140179300004,-122.23489802499995,943,18840
005A_shp,37.78174898900005,-122.23543423099994,944,18860
005A_shp,37.782086304000075,-122.23598040799999,945,18880
005A_shp,37.78242047200007,-122.23652965099996,946,18900
005A_shp,37.78275344000008,-122.23708005299994,947,18920
005A_shp,37.78308472200007,-122.23763206999996,948,18940
005A_shp,37.78341432800005,-122.23818567899997,949,18960
005A_shp,37.78374225600004,-122.23874087099995,950,18980
005A_shp,37.78406956400005,-122.23929664599996,951,19000
005A_shp,37.78439078700006,-122.23985801599997,952,19020
005A_shp,37.78470235700007,-122.24042795599996,953,19040
005A_shp,37.78500226500006,-122.24100775399995,954,19060
005A_shp,37.78529488200007,-122.24159344599997,955,19080
005A_shp,37.78558248600007,-122.24218306599994,956,19100
005A_shp,37.78586627000004,-122.24277562699996,957,19120
005A_shp,37.786152163000054,-122.24336657499998,958,19140
005A_shp,37.78644209600003,-122.24395439599999,959,19160
005A_shp,37.78672910300003,-122.24454448999995,960,19180
005A_shp,37.787011187000076,-122.24513834299995,961,19200
005A_shp,37.78728566700005,-122.24573781699996,962,19220
005A_shp,37.78755263000005,-122.24634267099998,963,19240
005A_shp,37.78781603500005,-122.246950003,964,19260
005A_shp,37.788076843000056,-122.24755911299997,965,19280
005A_shp,37.78833655100004,-122.24816897299996,966,19300
005A_shp,37.78859712800005,-122.248778244,967,19320
005A_shp,37.78886016700005,-122.24938583699998,968,19340
005A_shp,37.789123593000056,-122.24999316499998,969,19360
005A_shp,37.78938401900007,-122.25060254299996,970,19380
005A_shp,37.789639048000026,-122.25121552499996,971,19400
005A_shp,37.78987928000004,-122.25183789699997,972,19420
005A_shp,37.79009754800006,-122.25247296799995,973,19440
005A_shp,37.790300030000026,-122.25311633899997,974,19460
005A_shp,37.79049529200006,-122.25376325799999,975,19480
005A_shp,37.79069764700006,-122.25440670199998,976,19500
005A_shp,37.79091275700006,-122.25504351999996,977,19520
005A_shp,37.79114810400006,-122.25566882499999,978,19540
005A_shp,37.791410789000054,-122.25627657199999,979,19560
005A_shp,37.79169854700007,-122.25686602199994,980,19580
005A_shp,37.79200933000004,-122.25743666899996,981,19600
005A_shp,37.79234327100005,-122.25798608799994,982,19620
005A_shp,37.792697101000044,-122.25851541599997,983,19640
005A_shp,37.79306806400007,-122.25902581599996,984,19660
005A_shp,37.793450638000024,-122.25952244199999,985,19680
005A_shp,37.79383917700005,-122.26001168199997,986,19700
005A_shp,37.79423124300007,-122.26049644099999,987,19720
005A_shp,37.79462164900008,-122.26098332299995,988,19740
005A_shp,37.795008531000065,-122.26147463599995,989,19760
005A_shp,37.79538500900003,-122.26197860799999,990,19780
005A_shp,37.79574724100007,-122.26249884099997,991,19800
005A_shp,37.79608809200005,-122.26304153099994,992,19820
005A_shp,37.79641124600005,-122.26360123499995,993,19840
005A_shp,37.796728116000054,-122.26416662099996,994,19860
005A_shp,37.79704073800008,-122.26473575699998,995,19880
005A_shp,37.797349231000055,-122.26530846299994,996,19900
005A_shp,37.797658994000074,-122.26588008199997,997,19920
005A_shp,37.79797557400008,-122.26644573499999,998,19940
005A_shp,37.79828786000007,-122.26701514599995,999,19960
005A_shp,37.79858624700006,-122.26759621299999,1000,19980
005A_shp,37.79885973000006,-122.26819644599999,1001,20000
005A_shp,37.799118442000065,-122.26880704299998,1002,20020
005A_shp,37.79936805600005,-122.26942364799999,1003,20040
005A_shp,37.79960344800003,-122.27004897499995,1004,20060
005A_shp,37.79979110000005,-122.27069903399996,1005,20080
005A_shp,37.79990688600003,-122.27137532999996,1006,20100
005A_shp,37.79998037800004,-122.27206110999998,1007,20120
005A_shp,37.79995199100006,-122.27275022999999,1008,20140
005A_shp,37.79977489600003,-122.27340305099995,1009,20160
005A_shp,37.799465636000036,-122.27397316199995,1010,20180
005A_shp,37.79909894300005,-122.27448826099999,1011,20200
005A_shp,37.79875281400007,-122.27502418499995,1012,20220
005A_shp,37.79853289700003,-122.27565482999995,1013,20240
005A_shp,37.79849139000004,-122.27634232099996,1014,20260
005A_shp,37.79853233600005,-122.27703248299997,1015,20280
005A_shp,37.79861546500007,-122.27771627799996,1016,20300
005A_shp,37.79880843800004,-122.27836288599997,1017,20320
005A_shp,37.79908842300006,-122.27895784299994,1018,20340
005A_shp,37.79939871100004,-122.27952897799997,1019,20360
005A_shp,37.79969476700006,-122.28011201899994,1020,20380
005A_shp,37.799982458000045,-122.28070168899995,1021,20400
005A_shp,37.80026576900008,-122.28129472299997,1022,20420
005A_shp,37.80054687900008,-122.28188941899998,1023,20440
005A_shp,37.800824298000066,-122.28248686499995,1024,20460
005A_shp,37.80109581700003,-122.28308859199996,1025,20480
005A_shp,37.80135208000007,-122.28370072899997,1026,20500
005A_shp,37.80157272500003,-122.28433446199995,1027,20520
005A_shp,37.80175660100008,-122.28498664899996,1028,20540
005A_shp,37.80191769000004,-122.28564841899998,1029,20560
005A_shp,37.80206837000003,-122.28631410199995,1030,20580
005A_shp,37.80221633800005,-122.28698075099999,1031,20600
005A_shp,37.80236309700007,-122.28764782699994,1032,20620
005A_shp,37.802512842000056,-122.28831385099994,1033,20640
005A_shp,37.80266560700005,-122.28897878199996,1034,20660
005A_shp,37.80282356400005,-122.28964178199999,1035,20680
005A_shp,37.80299845900004,-122.29029793099994,1036,20700
005A_shp,37.80320533400004,-122.29093905899998,1037,20720
005A_shp,37.80344161000005,-122.29156395299998,1038,20740
005A_shp,37.80368832100004,-122.29218244599997,1039,20760
005A_shp,37.80393812700004,-122.29279896499997,1040,20780
005A_shp,37.804190334000054,-122.29341393199996,1041,20800
005A_shp,37.80444029700004,-122.29403035399997,1042,20820
005A_shp,37.80468617900004,-122.29464937899996,1043,20840
005A_shp,37.804933695000045,-122.29526726199998,1044,20860
005A_shp,37.80519264000003,-122.29587775699997,1045,20880
005A_shp,37.805440678000025,-122.29649540899999,1046,20900
005A_shp,37.80567778100004,-122.29711983799996,1047,20920
005A_shp,37.80589817600003,-122.29775384899995,1048,20940
005A_shp,37.80608443700004,-122.29840495399998,1049,20960
005A_shp,37.80624572700003,-122.29906669299999,1050,20980
005A_shp,37.806400299000074,-122.29973099699998,1051,21000
005A_shp,37.806551945000024,-122.30039637199997,1052,21020
005A_shp,37.80670037900006,-122.30106289699995,1053,21040
005A_shp,37.806846617000076,-122.301730196,1054,21060
005A_shp,37.806993170000055,-122.30239738599994,1055,21080
005A_shp,37.80713955300007,-122.30306463799997,1056,21100
005A_shp,37.80728442900005,-122.30373241099994,1057,21120
005A_shp,37.80742653800007,-122.30440112999997,1058,21140
005A_shp,37.80756549900008,-122.30507089699995,1059,21160
005A_shp,37.80769451500004,-122.30574380099995,1060,21180
005A_shp,37.80780760400006,-122.30642122899997,1061,21200
005A_shp,37.80790466600007,-122.30710261499996,1062,21220
005A_shp,37.807989672000076,-122.30778656499996,1063,21240
005A_shp,37.808071005000045,-122.30847122899996,1064,21260
005A_shp,37.80814860400005,-122.30915658299995,1065,21280
005A_shp,37.80822268500003,-122.30984255599998,1066,21300
005A_shp,37.80829375500008,-122.31052903599999,1067,21320
005A_shp,37.80836206200007,-122.31121596099996,1068,21340
005A_shp,37.80842804100007,-122.31190324999994,1069,21360
005A_shp,37.808474011000044,-122.31259277199996,1070,21380
005A_shp,37.80854504400003,-122.31327926199998,1071,21400
005A_shp,37.80861607200006,-122.31396575099996,1072,21420
005A_shp,37.808683829000074,-122.31465274199996,1073,21440
005A_shp,37.80874515700003,-122.31534071699997,1074,21460
005A_shp,37.808811830000025,-122.31602787499997,1075,21480
005A_shp,37.808882263000044,-122.31671446399997,1076,21500
005A_shp,37.80895303500006,-122.31740099899997,1077,21520
005A_shp,37.80902380300006,-122.31808753499996,1078,21540
005A_shp,37.809094567000045,-122.31877407399998,1079,21560
005A_shp,37.809157680000055,-122.31946178299995,1080,21580
005A_shp,37.80922130500005,-122.320149432,1081,21600
005A_shp,37.80928547100007,-122.32083699599997,1082,21620
005A_shp,37.80934799100004,-122.32152480699995,1083,21640
005A_shp,37.80941087000008,-122.32221256599996,1084,21660
005A_shp,37.809473774000026,-122.32290032199995,1085,21680
005A_shp,37.80953839700004,-122.32358782399996,1086,21700
005A_shp,37.80960466200003,-122.32427507899996,1087,21720
005A_shp,37.80966947300004,-122.32496254399996,1088,21740
005A_shp,37.80972753100008,-122.32565096699994,1089,21760
005A_shp,37.80977882800005,-122.326340244,1090,21780
005A_shp,37.80982335400006,-122.32703026899998,1091,21800
005A_shp,37.80986110300006,-122.32772093699998,1092,21820
005A_shp,37.809892071000036,-122.32841214299998,1093,21840
005A_shp,37.80991625200005,-122.32910377999997,1094,21860
005A_shp,37.809933640000054,-122.32979574299998,1095,21880
005A_shp,37.80994430000004,-122.33048790499998,1096,21900
005A_shp,37.80992704100004,-122.331179841,1097,21920
005A_shp,37.809903331000044,-122.33187151099997,1098,21940
005A_shp,37.80987475500007,-122.33256288199999,1099,21960
005A_shp,37.80984084000005,-122.33325386699994,1100,21980
005A_shp,37.80980158700004,-122.33394440099994,1101,22000
005A_shp,37.80975700100004,-122.33463442099998,1102,22020
005A_shp,37.80970708500007,-122.33532386099995,1103,22040
005A_shp,37.809652207000056,-122.33601270599996,1104,22060
005A_shp,37.809591125000054,-122.33670071599994,1105,22080
005A_shp,37.80952255700004,-122.33738760499995,1106,22100
005A_shp,37.809446765000075,-122.33807328399996,1107,22120
005A_shp,37.80936376500006,-122.33875763299994,1108,22140
005A_shp,37.80927357100006,-122.33944053299996,1109,22160
005A_shp,37.809176198000046,-122.34012186299998,1110,22180
005A_shp,37.809071663000054,-122.34080150399996,1111,22200
005A_shp,37.80895998500006,-122.34147933799994,1112,22220
005A_shp,37.80884320800004,-122.34215581299998,1113,22240
005A_shp,37.80872646500006,-122.34283229599998,1114,22260
005A_shp,37.80861221300006,-122.34350945799997,1115,22280
005A_shp,37.80849529300008,-122.34418589299997,1116,22300
005A_shp,37.808378865000066,-122.34486246099999,1117,22320
005A_shp,37.80826375200007,-122.34553938799996,1118,22340
005A_shp,37.80814863400008,-122.34621631199997,1119,22360
005A_shp,37.80803236700007,-122.346892922,1120,22380
005A_shp,37.807915028000025,-122.34756923599997,1121,22400
005A_shp,37.80779909900008,-122.34824593799999,1122,22420
005A_shp,37.80768355300006,-122.34892274199996,1123,22440
005A_shp,37.807568004000075,-122.34959954299995,1124,22460
005A_shp,37.807452015000024,-122.35027622399997,1125,22480
005A_shp,37.80733495700008,-122.35095261199996,1126,22500
005A_shp,37.80721660300003,-122.35162863999994,1127,22520
005A_shp,37.807102548000046,-122.35230583799995,1128,22540
005A_shp,37.80698788800004,-122.35298287399996,1129,22560
005A_shp,37.80687139500003,-122.35365941199996,1130,22580
005A_shp,37.80675590300007,-122.35433622199997,1131,22600
005A_shp,37.80664064300004,-122.35501309099999,1132,22620
005A_shp,37.80652360900007,-122.35568947799999,1133,22640
005A_shp,37.806407010000044,-122.35636598299999,1134,22660
005A_shp,37.80629218100006,-122.35704296799997,1135,22680
005A_shp,37.806177224000066,-122.35771991699994,1136,22700
005A_shp,37.80606125300005,-122.35839659099997,1137,22720
005A_shp,37.80594527900007,-122.35907326199998,1138,22740
005A_shp,37.80582930000003,-122.35974993199994,1139,22760
005A_shp,37.80571256400003,-122.36042639299995,1140,22780
005A_shp,37.805595260000075,-122.36110269699998,1141,22800
005A_shp,37.80547814800008,-122.36177905299996,1142,22820
005A_shp,37.805362358000025,-122.36245576799996,1143,22840
005A_shp,37.805248188000064,-122.36313292099999,1144,22860
005A_shp,37.805131912000036,-122.36380950299997,1145,22880
005A_shp,37.80501542800005,-122.36448602699994,1146,22900
005A_shp,37.80489983900003,-122.36516279299997,1147,22920
005A_shp,37.80478470600008,-122.36583968299999,1148,22940
005A_shp,37.80467023600005,-122.36651674899997,1149,22960
005A_shp,37.804555762000064,-122.36719381299997,1150,22980
005A_shp,37.804441283000074,-122.36787087699997,1151,23000
005A_shp,37.80432680000007,-122.36854793699996,1152,23020
005A_shp,37.80421068100003,-122.36922455199999,1153,23040
005A_shp,37.80409330100008,-122.36990081999994,1154,23060
005A_shp,37.80397425000007,-122.37057662499996,1155,23080
005A_shp,37.80385320600004,-122.37125186599997,1156,23100
005A_shp,37.803728050000075,-122.37192590899997,1157,23120
005A_shp,37.80360408300004,-122.37260029899994,1158,23140
005A_shp,37.80346771200004,-122.37327084999998,1159,23160
005A_shp,37.80331643900007,-122.37393628899997,1160,23180
005A_shp,37.80314940100004,-122.37459572199998,1161,23200
005A_shp,37.80296657400004,-122.37524845499996,1162,23220
005A_shp,37.80276942100005,-122.37589454399995,1163,23240
005A_shp,37.80255571300006,-122.37653221499994,1164,23260
005A_shp,37.80232802100005,-122.37716213299996,1165,23280
005A_shp,37.80208574300008,-122.37778336199995,1166,23300
005A_shp,37.80182269000005,-122.37839099199999,1167,23320
005A_shp,37.80155330000008,-122.37899425599994,1168,23340
005A_shp,37.80128465000007,-122.37959803999996,1169,23360
005A_shp,37.80101726400005,-122.38020271199997,1170,23380
005A_shp,37.80075114700003,-122.38080826999999,1171,23400
005A_shp,37.80048538700004,-122.38141407299997,1172,23420
005A_shp,37.80021699300005,-122.38201802999998,1173,23440
005A_shp,37.799950065000075,-122.38262301499998,1174,23460
005A_shp,37.79968340800008,-122.38322818799998,1175,23480
005A_shp,37.799416172000065,-122.38383295199998,1176,23500
005A_shp,37.79914691000005,-122.38443628599998,1177,23520
005A_shp,37.798879000000056,-122.38504057299997,1178,23540
005A_shp,37.79861174000007,-122.38564531599997,1179,23560
005A_shp,37.79834500800007,-122.38625042499996,1180,23580
005A_shp,37.798078272000055,-122.38685552999999,1181,23600
005A_shp,37.79781153300007,-122.38746063099995,1182,23620
005A_shp,37.79754408800005,-122.38806523399995,1183,23640
005A_shp,37.79727639200007,-122.38866965799997,1184,23660
005A_shp,37.79700747600003,-122.38927321999995,1185,23680
005A_shp,37.79673773600007,-122.38987619599999,1186,23700
005A_shp,37.79646799400007,-122.39047916699997,1187,23720
005A_shp,37.79619806300008,-122.39108200299995,1188,23740
005A_shp,37.79592604700008,-122.39168334499999,1189,23760
005A_shp,37.795651477000035,-122.39228283699998,1190,23780
005A_shp,37.79537370700007,-122.39287997899999,1191,23800
005A_shp,37.795091995000064,-122.39347418099999,1192,23820
005A_shp,37.79480504900005,-122.394064389,1193,23840
005A_shp,37.79450361500005,-122.39464231,1194,23860
005A_shp,37.79416838900005,-122.39519034399996,1195,23880
005A_shp,37.793805518000056,-122.39570987599996,1196,23900
005A_shp,37.793428049000056,-122.39621266499995,1197,23920
005A_shp,37.79304022700006,-122.39670278599999,1198,23940
005A_shp,37.79265139200004,-122.39719155899996,1199,23960
005A_shp,37.79226668200005,-122.39768557899998,1200,23980
005A_shp,37.791881233000026,-122.39817867899995,1201,24000
005A_shp,37.791495044000044,-122.39867085799995,1202,24020
005A_shp,37.79110811700008,-122.39916211399998,1203,24040
005A_shp,37.79072045500004,-122.39965244399997,1204,24060
005A_shp,37.79033205700006,-122.40014184699999,1205,24080
005A_shp,37.78994292600004,-122.400630321,1206,24100
005A_shp,37.78955306200004,-122.40111786599999,1207,24120
005A_shp,37.78916269200005,-122.40160476299997,1208,24140
005A_shp,37.78877289300004,-122.40209238399996,1209,24160
005A_shp,37.78838374900005,-122.40258083199996,1210,24180
005A_shp,37.787995272000046,-122.40307012,1211,24200
005A_shp,37.78760794600004,-122.40356085299999,1212,24220
005A_shp,37.78722150100003,-122.40405268399996,1213,24240
005A_shp,37.786835205000045,-122.40454469899998,1214,24260
005A_shp,37.78644832300006,-122.40503597799994,1215,24280
005A_shp,37.78606051300005,-122.40552609299999,1216,24300
005A_shp,37.785672274000035,-122.40601566599997,1217,24320
005A_shp,37.78528362800006,-122.40650472299995,1218,24340
005A_shp,37.784894576000056,-122.40699326599997,1219,24360
005A_shp,37.78450374600004,-122.40747954799997,1220,24380
005A_shp,37.784113440000056,-122.407966494,1221,24400
005A_shp,37.78372376800007,-122.408454243,1222,24420
005A_shp,37.783335314000055,-122.40894352899994,1223,24440
005A_shp,37.782947576000026,-122.40943371399999,1224,24460
005A_shp,37.782559020000065,-122.40992286699998,1225,24480
005A_shp,37.78216839800007,-122.41040939799996,1226,24500
005A_shp,37.781776630000024,-122.41089446199999,1227,24520
005A_shp,37.781385654000076,-122.41138053499998,1228,24540
005A_shp,37.78099646100003,-122.41186887399999,1229,24560
005A_shp,37.78060767000005,-122.41235771599997,1230,24580
005A_shp,37.78021757100004,-122.41284490099997,1231,24600
005A_shp,37.779826107000076,-122.41333034099995,1232,24620
005A_shp,37.77943365500005,-122.41381451199999,1233,24640
005A_shp,37.779051852000066,-122.41431192599998,1234,24660
005A_shp,37.77867002800008,-122.41480939699994,1235,24680
005A_shp,37.77828558300007,-122.41530364899995,1236,24700
005A_shp,37.77789853100006,-122.41579465999996,1237,24720
005A_shp,37.777508891000025,-122.41628240699998,1238,24740
005A_shp,37.77711658000004,-122.41676674299998,1239,24760
005A_shp,37.776721964000046,-122.41724809399994,1240,24780
005A_shp,37.77632535600003,-122.41772683699998,1241,24800
005A_shp,37.77592675000005,-122.41820293699999,1242,24820
005A_shp,37.77552323900005,-122.41867241899996,1243,24840
005A_shp,37.775098323000066,-122.41911058399995,1244,24860
005A_shp,37.774642852000056,-122.41949668499996,1245,24880
005A_shp,37.77415697600003,-122.41981894399999,1246,24900
005A_shp,37.773644330000025,-122.42006617599998,1247,24920
005A_shp,37.773114074000034,-122.42024544799995,1248,24940
005A_shp,37.772570494000036,-122.420341915,1249,24960
005A_shp,37.772021875000064,-122.42036837899997,1250,24980
005A_shp,37.77147298800003,-122.42034377799996,1251,25000
005A_shp,37.77092462300004,-122.42030415899995,1252,25020
005A_shp,37.770376670000076,-122.42025634499998,1253,25040
005A_shp,37.76982903900006,-122.42020299299998,1254,25060
005A_shp,37.76928168200004,-122.42014530099999,1255,25080
005A_shp,37.76873453300004,-122.42008459699997,1256,25100
005A_shp,37.76818753500004,-122.42002175199997,1257,25120
005A_shp,37.76764044600003,-122.41996017299999,1258,25140
005A_shp,37.76709308000005,-122.41990265399994,1259,25160
005A_shp,37.76654554100003,-122.41984779399996,1260,25180
005A_shp,37.765997894000066,-122.41979467499999,1261,25200
005A_shp,37.765450144000056,-122.41974326199994,1262,25220
005A_shp,37.764902402000075,-122.41969178999994,1263,25240
005A_shp,37.76435489900007,-122.41963634399997,1264,25260
005A_shp,37.76380738200004,-122.41958111999998,1265,25280
005A_shp,37.76325985200003,-122.41952612099999,1266,25300
005A_shp,37.76271230700007,-122.41947134399999,1267,25320
005A_shp,37.76216474800003,-122.41941678899997,1268,25340
005A_shp,37.76161717600007,-122.41936245799997,1269,25360
005A_shp,37.761069590000034,-122.41930834899995,1270,25380
005A_shp,37.76052198900004,-122.41925446299996,1271,25400
005A_shp,37.75997437500007,-122.41920080099999,1272,25420
005A_shp,37.75942674600003,-122.41914736099994,1273,25440
005A_shp,37.75887910400007,-122.419094143,1274,25460
005A_shp,37.75833145000007,-122.41904114999994,1275,25480
005A_shp,37.75778378000007,-122.418988378,1276,25500
005A_shp,37.75723609800008,-122.41893582999995,1277,25520
005A_shp,37.756688401000076,-122.41888350299996,1278,25540
005A_shp,37.75614069200003,-122.41883140099998,1279,25560
005A_shp,37.75559296900008,-122.41877952199997,1280,25580
005A_shp,37.75504523300003,-122.41872786399995,1281,25600
005A_shp,37.75449748300008,-122.41867642999995,1282,25620
005A_shp,37.753949721000026,-122.41862521799999,1283,25640
005A_shp,37.753401945000064,-122.41857422899994,1284,25660
005A_shp,37.75285415600007,-122.41852346299999,1285,25680
005A_shp,37.75230635500003,-122.41847292399996,1286,25700
005A_shp,37.75175985800007,-122.41840394299999,1287,25720
005A_shp,37.751212733000045,-122.41834296899998,1288,25740
005A_shp,37.75066488700003,-122.418293286,1289,25760
005A_shp,37.75011649900006,-122.41825419399999,1290,25780
005A_shp,37.74956772100006,-122.41822517299994,1291,25800
005A_shp,37.74901859100004,-122.41822734399994,1292,25820
005A_shp,37.74847228800007,-122.41829451899997,1293,25840
005A_shp,37.74793733200005,-122.41844987999997,1294,25860
005A_shp,37.74742261800003,-122.41869039099998,1295,25880
005A_shp,37.74692373600004,-122.41897964599997,1296,25900
005A_shp,37.746432371000026,-122.41928877799995,1297,25920
005A_shp,37.74594209300005,-122.41960063699997,1298,25940
005A_shp,37.74545303200006,-122.41991551599995,1299,25960
005A_shp,37.744964623000044,-122.42023199199997,1300,25980
005A_shp,37.74447698800003,-122.42055035499999,1301,26000
005A_shp,37.74398985400006,-122.42086992899999,1302,26020
005A_shp,37.74350286200007,-122.42118984199999,1303,26040
005A_shp,37.743015900000046,-122.42150982999999,1304,26060
005A_shp,37.742529610000076,-122.42183142999994,1305,26080
005A_shp,37.74204467800007,-122.42215626299998,1306,26100
005A_shp,37.741561113000046,-122.42248430799998,1307,26120
005A_shp,37.74108082600003,-122.42281987299998,1308,26140
005A_shp,37.740612906000024,-122.42318181599995,1309,26160
005A_shp,37.740163134000056,-122.42357875599998,1310,26180
005A_shp,37.73973069600004,-122.42400494499998,1311,26200
005A_shp,37.73932252700007,-122.42446763599997,1312,26220
005A_shp,37.738934466000046,-122.42495702999997,1313,26240
005A_shp,37.73856270300007,-122.42546612599995,1314,26260
005A_shp,37.73820448600003,-122.425990421,1315,26280
005A_shp,37.73785373000004,-122.42652267099999,1316,26300
005A_shp,37.73750781200005,-122.42705992199996,1317,26320
005A_shp,37.73716034700004,-122.42759558199998,1318,26340
005A_shp,37.73680929600005,-122.42812752299994,1319,26360
005A_shp,37.73645624100004,-122.428657354,1320,26380
005A_shp,37.73610222700006,-122.42918616699995,1321,26400
005A_shp,37.735748295000064,-122.42971506499998,1322,26420
005A_shp,37.73539548300005,-122.43024514599995,1323,26440
005A_shp,37.73504433200003,-122.43077696999995,1324,26460
005A_shp,37.73469385300007,-122.431309495,1325,26480
005A_shp,37.734343885000044,-122.43184254899995,1326,26500
005A_shp,37.73399435500005,-122.43237605699994,1327,26520
005A_shp,37.73364529400004,-122.43291004699995,1328,26540
005A_shp,37.73329670800007,-122.43344452799994,1329,26560
005A_shp,37.73294521500003,-122.43397593899999,1330,26580
005A_shp,37.73259029700006,-122.43450376399994,1331,26600
005A_shp,37.73223750000005,-122.43503383799998,1332,26620
005A_shp,37.73188692400004,-122.43556623899997,1333,26640
005A_shp,37.731538347000026,-122.43610071799998,1334,26660
005A_shp,37.731190466000044,-122.43663591099994,1335,26680
005A_shp,37.730844895000075,-122.43717346299997,1336,26700
005A_shp,37.73050673600005,-122.437718427,1337,26720
005A_shp,37.730188121000026,-122.43828153299995,1338,26740
005A_shp,37.72990091500003,-122.43887092899996,1339,26760
005A_shp,37.72964493600006,-122.439482667,1340,26780
005A_shp,37.72941076200004,-122.44010820399996,1341,26800
005A_shp,37.72918651200007,-122.44073950499995,1342,26820
005A_shp,37.72895247400004,-122.44136512299997,1343,26840
005A_shp,37.72869519000005,-122.44197605,1344,26860
005A_shp,37.72841787500005,-122.44257289899997,1345,26880
005A_shp,37.72811197800007,-122.44314717799995,1346,26900
005A_shp,37.72778112200007,-122.44369903499995,1347,26920
005A_shp,37.72742401200003,-122.44422427199999,1348,26940
005A_shp,37.72703663300007,-122.44471438899996,1349,26960
005A_shp,37.72662404400006,-122.44517067499999,1350,26980
005A_shp,37.726185136000026,-122.44558612399999,1351,27000
005A_shp,37.725722172000076,-122.44595804599999,1352,27020
005A_shp,37.725241158000074,-122.44629158899994,1353,27040
005A_shp,37.724740620000034,-122.44657610799999,1354,27060
005A_shp,37.72422639300004,-122.44681867199995,1355,27080
005A_shp,37.72369959200006,-122.44701398999996,1356,27100
005A_shp,37.72316270300007,-122.44715950099999,1357,27120
005A_shp,37.722622784000066,-122.44728654399995,1358,27140
005A_shp,37.72208197000003,-122.44740742199997,1359,27160
005A_shp,37.72154010500003,-122.44752057899996,1360,27180
005A_shp,37.72099908400003,-122.44763965299995,1361,27200
005A_shp,37.72045789500004,-122.44775782599999,1362,27220
005A_shp,37.719915495000066,-122.44786677899998,1363,27240
005A_shp,37.71937090900008,-122.44795674999995,1364,27260
005A_shp,37.71882437200003,-122.44802538299996,1365,27280
005A_shp,37.71827822700004,-122.44809891599999,1366,27300
005A_shp,37.71773432300006,-122.448194909,1367,27320
005A_shp,37.71719740300006,-122.44833942399998,1368,27340
005A_shp,37.71667420000006,-122.44854923499997,1369,27360
005A_shp,37.716169114000024,-122.44882017799995,1370,27380
005A_shp,37.71568906600004,-122.44915560999999,1371,27400
005A_shp,37.71522902400005,-122.44953315999999,1372,27420
005A_shp,37.714788242000054,-122.44994557499996,1373,27440
005A_shp,37.71436537900007,-122.45038676899998,1374,27460
005A_shp,37.71395549400006,-122.45084699499995,1375,27480
005A_shp,37.71355502600005,-122.45132020699998,1376,27500
005A_shp,37.71316008100007,-122.45180071899995,1377,27520
005A_shp,37.71276835100008,-122.45228538799995,1378,27540
005A_shp,37.71237744900003,-122.45277111099995,1379,27560
005A_shp,37.71198997000005,-122.45326115399996,1380,27580
005A_shp,37.711608556000044,-122.453758661,1381,27600
005A_shp,37.71124652800006,-122.45427836199997,1382,27620
005A_shp,37.710921891000055,-122.45483566499996,1383,27640
005A_shp,37.710644924000064,-122.45543235099996,1384,27660
005A_shp,37.71042648400004,-122.45606642599995,1385,27680
005A_shp,37.71026290000003,-122.45672599999995,1386,27700
005A_shp,37.71015954400008,-122.45740464799997,1387,27720
005A_shp,37.71010976900004,-122.45809302099997,1388,27740
005A_shp,37.71009310900007,-122.45878402399995,1389,27760
005A_shp,37.71009023500005,-122.45947539599996,1390,27780
005A_shp,37.710093388000075,-122.46016676699998,1391,27800
005A_shp,37.71010028200004,-122.46085809699997,1392,27820
005A_shp,37.71011131200004,-122.46154934299994,1393,27840
005A_shp,37.71012322400003,-122.46224056699998,1394,27860
005A_shp,37.710132061000024,-122.46293186099996,1395,27880
005A_shp,37.71013596600005,-122.46362321299995,1396,27900
005A_shp,37.710106480000036,-122.46431306199997,1397,27920
005A_shp,37.70997972500004,-122.46498509899999,1398,27940
005A_shp,37.709746565000046,-122.46560948199999,1399,27960
005A_shp,37.709416746000045,-122.46616136899996,1400,27980
005A_shp,37.709008581000035,-122.46662155099995,1401,28000
005A_shp,37.70855128200003,-122.46700426799998,1402,28020
005A_shp,37.708096787000045,-122.46739222399998,1403,28040
005A_shp,37.707642562000046,-122.46778088299999,1404,28060
005A_shp,37.707177064000064,-122.46814784899999,1405,28080
005A_shp,37.70671439400007,-122.46852043099994,1406,28100
005A_shp,37.70625609600006,-122.46890050099995,1407,28120
011A_shp,37.701651267000045,-121.89924254599998,1,0
011A_shp,37.701657417000035,-121.89993381,2,20
011A_shp,37.701664175000076,-121.90062506499999,3,40
011A_shp,37.70167154100005,-121.90131631099996,4,60
011A_shp,37.70167971500007,-121.90200754199998,5,80
011A_shp,37.70168898000003,-121.90269875199999,6,100
011A_shp,37.70169874000004,-121.90338994999996,7,120
011A_shp,37.701708351000036,-121.90408115299999,8,140
011A_shp,37.70171717100004,-121.90477237199997,9,160
011A_shp,37.70172475800007,-121.90546361499997,10,180
011A_shp,37.70173162900005,-121.90615486899998,11,200
011A_shp,37.70173852800008,-121.90684612299998,12,220
011A_shp,37.70174619800008,-121.90753736399995,13,240
011A_shp,37.70175532800005,-121.90822857599994,14,260
011A_shp,37.701765640000076,-121.90891976399996,15,280
011A_shp,37.70177673200004,-121.90961093099997,16,300
011A_shp,37.70178835100006,-121.91030208499996,17,320
011A_shp,37.701800700000035,-121.91099321899998,18,340
011A_shp,37.70181410500004,-121.91168432199999,19,360
011A_shp,37.701827507000075,-121.91237542599998,20,380
011A_shp,37.701839808000045,-121.91306656199998,21,400
011A_shp,37.70185110700004,-121.91375772499998,22,420
011A_shp,37.701861147000045,-121.91444891799995,23,440
011A_shp,37.70186742800007,-121.91514018099997,24,460
011A_shp,37.70186967600006,-121.91583148299998,25,480
011A_shp,37.70186690600008,-121.91652278099997,26,500
011A_shp,37.701857404000066,-121.91721397699996,27,520
011A_shp,37.70182672900006,-121.91790414199994,28,540
011A_shp,37.70176686900004,-121.918591247,29,560
011A_shp,37.701678306000076,-121.91927344499999,30,580
011A_shp,37.70156462500006,-121.91994974399995,31,600
011A_shp,37.70143394100006,-121.92062117899997,32,620
011A_shp,37.701296468000066,-121.92129047799995,33,640
011A_shp,37.701154674000065,-121.92195834999995,34,660
011A_shp,37.70101195500007,-121.92262590899998,35,680
011A_shp,37.70086748600005,-121.92329286899997,36,700
011A_shp,37.70072126400004,-121.92395922299994,37,720
011A_shp,37.700573287000054,-121.92462496199994,38,740
011A_shp,37.70042362300006,-121.92529010199996,39,760
011A_shp,37.700272176000055,-121.92595460099994,40,780
011A_shp,37.700118717000066,-121.92661836599996,41,800
011A_shp,37.699963265000065,-121.92728139599996,42,820
011A_shp,37.69980584900003,-121.92794368999995,43,840
011A_shp,37.69965829000006,-121.92860952499996,44,860
011A_shp,37.699511476000055,-121.92927565999997,45,880
011A_shp,37.69936228600005,-121.92994095799997,46,900
011A_shp,37.69920820200008,-121.93060448499995,47,920
011A_shp,37.699048479000055,-121.93126588999996,48,940
011A_shp,37.69888009600004,-121.93192388699998,49,960
011A_shp,37.69872430200007,-121.93258674699996,50,980
011A_shp,37.698584991000075,-121.93325539499995,51,1000
011A_shp,37.69846690000003,-121.93393042199995,52,1020
011A_shp,37.69837936300007,-121.93461276299996,53,1040
011A_shp,37.69832358300005,-121.93530037199997,54,1060
011A_shp,37.698295821000045,-121.93599072699999,55,1080
011A_shp,37.69828415100005,-121.93668182999994,56,1100
011A_shp,37.69828338800005,-121.93737309799997,57,1120
011A_shp,37.69828698400005,-121.93806435899995,58,1140
011A_shp,37.69829335500003,-121.93875558799999,59,1160
011A_shp,37.69830011300007,-121.93944681199997,60,1180
011A_shp,37.698308043000054,-121.94013801699998,61,1200
011A_shp,37.69831695800008,-121.94082920199997,62,1220
011A_shp,37.698326086000066,-121.94152038299995,63,1240
011A_shp,37.698334662000036,-121.94221157599998,64,1260
011A_shp,37.69834192900004,-121.94290279199998,65,1280
011A_shp,37.698347719000026,-121.94359402999999,66,1300
011A_shp,37.69835239900004,-121.94428528099996,67,1320
011A_shp,37.698356284000056,-121.94497654099996,68,1340
011A_shp,37.69835969300004,-121.94566780599996,69,1360
011A_shp,37.69836294100003,-121.94635907099996,70,1380
011A_shp,37.69836634400008,-121.94705033399998,71,1400
011A_shp,37.69837022300004,-121.94774159399998,72,1420
011A_shp,37.69837489100007,-121.94843284599995,73,1440
011A_shp,37.69838065700003,-121.949124085,74,1460
011A_shp,37.69838744100008,-121.94981530999996,75,1480
011A_shp,37.69839484100004,-121.95050652399999,76,1500
011A_shp,37.69840245300003,-121.95119773599998,77,1520
011A_shp,37.698409869000045,-121.95188894999995,78,1540
011A_shp,37.69841668300006,-121.95258017399999,79,1560
011A_shp,37.69842249000004,-121.95327141299998,80,1580
011A_shp,37.69842688800003,-121.95396266899996,81,1600
011A_shp,37.69843130700008,-121.95465392399996,82,1620
011A_shp,37.69843543800005,-121.95534518199997,83,1640
011A_shp,37.69843670700004,-121.95603645499995,84,1660
011A_shp,37.698433124000076,-121.95672771699998,85,1680
011A_shp,37.69842137000006,-121.95741881699996,86,1700
011A_shp,37.698388643000044,-121.95810878199995,87,1720
011A_shp,37.69831855500007,-121.95879426999994,88,1740
011A_shp,37.69821913700008,-121.95947406999994,89,1760
011A_shp,37.69810504600008,-121.96015026399999,90,1780
011A_shp,37.69798364500008,-121.96082443799997,91,1800
011A_shp,37.69786002300003,-121.96149797599998,92,1820
011A_shp,37.69774155700003,-121.96217297199996,93,1840
011A_shp,37.697629376000066,-121.96284965899997,94,1860
011A_shp,37.69752974100004,-121.96352944799997,95,1880
011A_shp,37.697447047000026,-121.96421276399997,96,1900
011A_shp,37.69738117900005,-121.96489879999996,97,1920
011A_shp,37.69731602500008,-121.96558507599997,98,1940
011A_shp,37.697266300000024,-121.96627348099997,99,1960
011A_shp,37.697239043000025,-121.96696376799997,100,1980
011A_shp,37.697228481000025,-121.96765482299998,101,2000
011A_shp,37.69722014100006,-121.96834590399999,102,2020
011A_shp,37.69723262200006,-121.96903697599998,103,2040
011A_shp,37.69725692800006,-121.96972754499996,104,2060
011A_shp,37.69729688100006,-121.97041695799999,105,2080
011A_shp,37.697348730000044,-121.97110512699999,106,2100
011A_shp,37.697412556000074,-121.97179168699995,107,2120
011A_shp,37.69749155300008,-121.97247575099999,108,2140
011A_shp,37.69758189000004,-121.97315758099995,109,2160
011A_shp,37.69768855500007,-121.97383568199996,110,2180
011A_shp,37.69780225300008,-121.97451197099997,111,2200
011A_shp,37.697921558000075,-121.97518673999997,112,2220
011A_shp,37.69803622400008,-121.97586277499994,113,2240
011A_shp,37.69814484800003,-121.97654039699995,114,2260
011A_shp,37.698256300000025,-121.97721728699997,115,2280
011A_shp,37.69837501000006,-121.97789222299997,116,2300
011A_shp,37.698501787000055,-121.97856482699996,117,2320
011A_shp,37.69862720000003,-121.97923783899995,118,2340
011A_shp,37.69874799300004,-121.97991219599999,119,2360
011A_shp,37.69886737600007,-121.98058695099996,120,2380
011A_shp,37.698982183000055,-121.98126296199996,121,2400
011A_shp,37.69909070800003,-121.98194060899999,122,2420
011A_shp,37.699189216000036,-121.98262067699994,123,2440
011A_shp,37.699280818000034,-121.98330227699995,124,2460
011A_shp,37.699365890000024,-121.98398521799999,125,2480
011A_shp,37.699446719000036,-121.98466897799995,126,2500
011A_shp,37.69951614200005,-121.985354686,127,2520
011A_shp,37.699590887000056,-121.98603947099997,128,2540
011A_shp,37.69966894300006,-121.98672368599995,129,2560
011A_shp,37.69978409300006,-121.98739950599997,130,2580
011A_shp,37.69992911800006,-121.98806614899996,131,2600
011A_shp,37.70011148900005,-121.98871807899997,132,2620
011A_shp,37.70032672100007,-121.98935397699995,133,2640
011A_shp,37.700572761000046,-121.98997194399999,134,2660
011A_shp,37.70084617400005,-121.99057146499996,135,2680
011A_shp,37.70111097400007,-121.99117711599996,136,2700
011A_shp,37.70136738200006,-121.99178847199994,137,2720
011A_shp,37.701632139000026,-121.99239414599998,138,2740
011A_shp,37.70189286400006,-121.99300257099998,139,2760
011A_shp,37.70213829200003,-121.99362099099994,140,2780
011A_shp,37.70236096600007,-121.99425291299997,141,2800
011A_shp,37.70256572400007,-121.99489434499998,142,2820
011A_shp,37.70274676200006,-121.99554700099998,143,2840
011A_shp,37.702913790000025,-121.99620553499994,144,2860
011A_shp,37.70305980100005,-121.99687195199999,145,2880
011A_shp,37.703188097000066,-121.99754410499997,146,2900
011A_shp,37.703296816000034,-121.99822171999995,147,2920
011A_shp,37.70338679100007,-121.99890366299996,148,2940
011A_shp,37.703457273000026,-121.99958923899999,149,2960
011A_shp,37.703504543000065,-122.00027793299995,150,2980
011A_shp,37.70353290200006,-122.00096831199994,151,3000
011A_shp,37.70354366600003,-122.00165946499999,152,3020
011A_shp,37.70353199500005,-122.00235057599997,153,3040
011A_shp,37.703504861000056,-122.00304104599996,154,3060
011A_shp,37.70347142500003,-122.00373108699995,155,3080
011A_shp,37.70343449100005,-122.00442084699995,156,3100
011A_shp,37.70340032900003,-122.00511082899999,157,3120
011A_shp,37.703370489000065,-122.00580113199999,158,3140
011A_shp,37.703341452000075,-122.006491488,159,3160
011A_shp,37.703309739000076,-122.00718165699999,160,3180
011A_shp,37.70327478200005,-122.00787157799999,161,3200
011A_shp,37.70323836800003,-122.00856137899996,162,3220
011A_shp,37.70320224300008,-122.00925120499994,163,3240
011A_shp,37.70316813900007,-122.00994119199999,164,3260
011A_shp,37.70313669600006,-122.01063137899996,165,3280
011A_shp,37.70310683200006,-122.01132167899999,166,3300
011A_shp,37.703077301000064,-122.01201199899998,167,3320
011A_shp,37.703046863000054,-122.01270225799999,168,3340
011A_shp,37.70301427700008,-122.01339235999995,169,3360
011A_shp,37.70297920000007,-122.01408226899997,170,3380
011A_shp,37.70294289100008,-122.01477207199997,171,3400
011A_shp,37.702895425000065,-122.01546078999996,172,3420
011A_shp,37.702824632000045,-122.01614620299995,173,3440
011A_shp,37.702716665000025,-122.01682391099996,174,3460
011A_shp,37.70257195700003,-122.01749062199997,175,3480
011A_shp,37.702386223000076,-122.01814107699994,176,3500
011A_shp,37.70217219400007,-122.01877768699995,177,3520
011A_shp,37.701941214000044,-122.01940488799994,178,3540
011A_shp,37.70170490800007,-122.02002893599996,179,3560
011A_shp,37.70148270000004,-122.02066110799996,180,3580
011A_shp,37.70128421100003,-122.02130557499999,181,3600
011A_shp,37.70112225400004,-122.02196598199998,182,3620
011A_shp,37.70099916100003,-122.02263954799997,183,3640
011A_shp,37.700910315000044,-122.02332164999996,184,3660
011A_shp,37.70085534000003,-122.02400933899997,185,3680
011A_shp,37.700837645000036,-122.02470015999995,186,3700
011A_shp,37.70085399200008,-122.02539103799995,187,3720
011A_shp,37.70090873200007,-122.02607873699998,188,3740
011A_shp,37.701002317000075,-122.02675980799995,189,3760
011A_shp,37.70112894300007,-122.02743236299995,190,3780
011A_shp,37.70128970300004,-122.028093335,191,3800
011A_shp,37.70146909300007,-122.02874670799997,192,3820
011A_shp,37.70165415300005,-122.02939755399996,193,3840
011A_shp,37.701816963000056,-122.03005773699999,194,3860
011A_shp,37.701954518000036,-122.03072695199995,195,3880
011A_shp,37.70206088900005,-122.03140497499999,196,3900
011A_shp,37.70212789800007,-122.03209098699995,197,3920
011A_shp,37.70215865500006,-122.03278110099996,198,3940
011A_shp,37.70215242800003,-122.03347220799998,199,3960
011A_shp,37.70210969000004,-122.03416133899998,200,3980
011A_shp,37.70203083100006,-122.03484534899997,201,4000
011A_shp,37.70191686600003,-122.03552149899997,202,4020
011A_shp,37.70176956300003,-122.03618736699997,203,4040
011A_shp,37.70158511200003,-122.03683840599996,204,4060
011A_shp,37.70137024400003,-122.03747451899994,205,4080
011A_shp,37.701120487000026,-122.03809005299996,206,4100
011A_shp,37.70083875600005,-122.03868335499999,207,4120
011A_shp,37.70052771200005,-122.03925300299994,208,4140
011A_shp,37.70018812200004,-122.03979616999999,209,4160
011A_shp,37.69981969400004,-122.04030870599996,210,4180
011A_shp,37.69942538600003,-122.04078983599999,211,4200
011A_shp,37.69901518100005,-122.04124954999997,212,4220
011A_shp,37.698599526000066,-122.04170145399996,213,4240
011A_shp,37.698181039000076,-122.04214919399999,214,4260
011A_shp,37.69776073200006,-122.04259422799998,215,4280
011A_shp,37.69734162800006,-122.04304104999994,216,4300
011A_shp,37.696924211000066,-122.04349036599996,217,4320
011A_shp,37.696509039000034,-122.04394295099996,218,4340
011A_shp,37.696100787000034,-122.04440538099999,219,4360
011A_shp,37.69571047100004,-122.04489159699995,220,4380
011A_shp,37.69534388900007,-122.04540624199996,221,4400
011A_shp,37.69500374900008,-122.04594883699997,222,4420
011A_shp,37.69469460200003,-122.04652005699995,223,4440
011A_shp,37.69441547100007,-122.04711518499994,224,4460
011A_shp,37.69416791200007,-122.04773213799996,225,4480
011A_shp,37.693953908000026,-122.04836859999995,226,4500
011A_shp,37.69377360800007,-122.04902142699996,227,4520
011A_shp,37.69362780900008,-122.04968769599998,228,4540
011A_shp,37.69351682100006,-122.05036457499995,229,4560
011A_shp,37.69344369000004,-122.05104952999994,230,4580
011A_shp,37.69340655900004,-122.05173908299997,231,4600
011A_shp,37.69340103900004,-122.05243015299999,232,4620
011A_shp,37.693432519000055,-122.05312014999998,233,4640
011A_shp,37.69349605000008,-122.05380664999996,234,4660
011A_shp,37.693576551000035,-122.05449038499995,235,4680
011A_shp,37.693659496000066,-122.05517366899994,236,4700
011A_shp,37.69371926800005,-122.05586075199994,237,4720
011A_shp,37.69375656700004,-122.05655030999998,238,4740
011A_shp,37.69376032400004,-122.05724139399996,239,4760
011A_shp,37.69372620200005,-122.05793117099995,240,4780
011A_shp,37.69366420800003,-122.05861790399996,241,4800
011A_shp,37.69356311700005,-122.05929712799997,242,4820
011A_shp,37.693420271000036,-122.05996446099999,243,4840
011A_shp,37.69325539000005,-122.06062378599995,244,4860
011A_shp,37.69307807800004,-122.06127800499996,245,4880
011A_shp,37.69289865400003,-122.06193131199996,246,4900
011A_shp,37.69271674400005,-122.06258352999998,247,4920
011A_shp,37.692533067000056,-122.06323495999999,248,4940
011A_shp,37.692347906000066,-122.06388572399999,249,4960
011A_shp,37.69216067900004,-122.06453554899997,250,4980
011A_shp,37.691973218000044,-122.06518526399998,251,5000
011A_shp,37.69178855500007,-122.065836247,252,5020
011A_shp,37.69160937000004,-122.06648964099998,253,5040
011A_shp,37.69144261500003,-122.06714818999995,254,5060
011A_shp,37.69129816800006,-122.06781503799999,255,5080
011A_shp,37.69117012100003,-122.06848718099997,256,5100
011A_shp,37.69105472000007,-122.06916295399998,257,5120
011A_shp,37.69095766200007,-122.06984322499994,258,5140
011A_shp,37.69088229300007,-122.07052785499997,259,5160
011A_shp,37.690827855000066,-122.07121561299999,260,5180
011A_shp,37.69079176400004,-122.07190530399998,261,5200
011A_shp,37.69076852300003,-122.07259588099998,262,5220
011A_shp,37.690754377000076,-122.07328685199997,263,5240
011A_shp,37.69074582200005,-122.07397797299996,264,5260
011A_shp,37.69074292400006,-122.07466916699997,265,5280
011A_shp,37.69074564400006,-122.07536035999999,266,5300
011A_shp,37.690751344000034,-122.07605152899998,267,5320
011A_shp,37.69075244700008,-122.07674273099997,268,5340
011A_shp,37.69074855900004,-122.07743391799994,269,5360
011A_shp,37.690740264000056,-122.07812504199995,270,5380
011A_shp,37.690727249000076,-122.07881605299997,271,5400
011A_shp,37.69071300200005,-122.07950702799997,272,5420
011A_shp,37.69070105700007,-122.08019806799996,273,5440
011A_shp,37.69069275800007,-122.08088919399995,274,5460
011A_shp,37.690686061000065,-122.08158034799999,275,5480
011A_shp,37.69068060800004,-122.08227152099994,276,5500
011A_shp,37.69067648300006,-122.08296270699998,277,5520
011A_shp,37.69067453100007,-122.08365390699998,278,5540
011A_shp,37.69067399000005,-122.08434511299998,279,5560
011A_shp,37.690673971000024,-122.085036318,280,5580
011A_shp,37.69067358500007,-122.08572752399999,281,5600
011A_shp,37.69067194300004,-122.08641872499999,282,5620
011A_shp,37.690669367000055,-122.08710992399995,283,5640
011A_shp,37.69066679600007,-122.08780112199997,284,5660
011A_shp,37.69066242500003,-122.08849230499999,285,5680
011A_shp,37.69065456000004,-122.08918343699997,286,5700
011A_shp,37.69064355100005,-122.08987450299998,287,5720
011A_shp,37.69062878300008,-122.09056545699997,288,5740
011A_shp,37.69060837100005,-122.09125617999996,289,5760
011A_shp,37.69058101400003,-122.09194652199994,290,5780
011A_shp,37.69054636800007,-122.09263634499996,291,5800
011A_shp,37.69050418300003,-122.09332550199997,292,5820
011A_shp,37.69045539800004,-122.09401397099998,293,5840
011A_shp,37.69039930500003,-122.09470155399998,294,5860
011A_shp,37.69033544300004,-122.09538806399996,295,5880
011A_shp,37.690264564000074,-122.09607348299994,296,5900
011A_shp,37.69018614000004,-122.09675759899994,297,5920
011A_shp,37.690104389000055,-122.09744109999997,298,5940
011A_shp,37.69001990400005,-122.09812407399994,299,5960
011A_shp,37.689936712000076,-122.09880729899999,300,5980
011A_shp,37.68985630000003,-122.099491049,301,6000
011A_shp,37.68977722500006,-122.100175047,302,6020
011A_shp,37.68969858100007,-122.10085912199997,303,6040
011A_shp,37.68962036800008,-122.10154327599997,304,6060
011A_shp,37.68954275500005,-122.10222753499994,305,6080
011A_shp,37.689465720000044,-122.10291189899999,306,6100
011A_shp,37.689389842000026,-122.10359646599994,307,6120
011A_shp,37.68931517800007,-122.10428124399999,308,6140
011A_shp,37.68923989500007,-122.10496591399999,309,6160
011A_shp,37.68916212600004,-122.10565014099996,310,6180
011A_shp,37.689081033000036,-122.10633375799995,311,6200
011A_shp,37.68899853000005,-122.10701710699999,312,6220
011A_shp,37.68891694300004,-122.10770062899996,313,6240
011A_shp,37.68883718700005,-122.10838449199997,314,6260
011A_shp,37.68875972300003,-122.10906877099995,315,6280
011A_shp,37.68868533600005,-122.10975358699994,316,6300
011A_shp,37.68862209100007,-122.11044015699997,317,6320
011A_shp,37.688578878000044,-122.11112911999999,318,6340
011A_shp,37.688565391000054,-122.11182003299996,319,6360
011A_shp,37.68857546100003,-122.11251103499995,320,6380
011A_shp,37.688635453000074,-122.11319751299999,321,6400
011A_shp,37.68876312500004,-122.11386933899996,322,6420
011A_shp,37.68896221700004,-122.11451296799999,323,6440
011A_shp,37.68922629800005,-122.11511849799996,324,6460
011A_shp,37.689542508000045,-122.11568333199995,325,6480
011A_shp,37.68989830100003,-122.11620972299994,326,6500
011A_shp,37.69026060200008,-122.116729051,327,6520
011A_shp,37.690610004000064,-122.11726231399996,328,6540
011A_shp,37.69097182300004,-122.11778230799996,329,6560
011A_shp,37.691330151000045,-122.11830610899995,330,6580
011A_shp,37.69168689800006,-122.11883162999999,331,6600
011A_shp,37.69204099700005,-122.11936001299995,332,6620
011A_shp,37.692400973000076,-122.11988209199995,333,6640
011A_shp,37.69275111200005,-122.12041462099995,334,6660
011A_shp,37.69309771600007,-122.12095078699997,335,6680
011A_shp,37.693455921000066,-122.12147480299996,336,6700
011A_shp,37.693818048000026,-122.12199452799996,337,6720
011A_shp,37.694189005000055,-122.12250430099999,338,6740
011A_shp,37.69455389800004,-122.12302095599995,339,6760
011A_shp,37.69491024700005,-122.12354695599998,340,6780
011A_shp,37.69526355000005,-122.12407612399994,341,6800
011A_shp,37.69563455300005,-122.12458580999999,342,6820
011A_shp,37.695989213000075,-122.12511349099998,343,6840
011A_shp,37.696340443000054,-122.12564488499999,344,6860
011A_shp,37.69670368900006,-122.12616339399995,345,6880
011A_shp,37.69706918500003,-122.12667937499998,346,6900
011A_shp,37.69742874900004,-122.12720194399998,347,6920
011A_shp,37.69778521300003,-122.12772786899995,348,6940
011A_shp,37.69813442700007,-122.12826142799997,349,6960
011A_shp,37.698472510000045,-122.12880622799997,350,6980
011A_shp,37.69881937200006,-122.12934220299996,351,7000
011A_shp,37.69917238800008,-122.12987180999994,352,7020
011A_shp,37.69952820800006,-122.13039843799999,353,7040
011A_shp,37.69988486800003,-122.13092416799998,354,7060
011A_shp,37.70024266100006,-122.13144867999995,355,7080
011A_shp,37.70060112300007,-122.13197247199997,356,7100
011A_shp,37.70095979300004,-122.13249603999998,357,7120
011A_shp,37.701318936000064,-122.13301909599994,358,7140
011A_shp,37.701678539000056,-122.13354165399994,359,7160
011A_shp,37.70203838500004,-122.13406394999998,360,7180
011A_shp,37.70239825400006,-122.13458622299999,361,7200
011A_shp,37.70275802000003,-122.13510861199995,362,7220
011A_shp,37.70311794200006,-122.13563083199995,363,7240
011A_shp,37.70347803800007,-122.13615286399994,364,7260
011A_shp,37.70383828700005,-122.13667473199996,365,7280
011A_shp,37.70419866800006,-122.13719645799995,366,7300
011A_shp,37.70455915700006,-122.13771806799997,367,7320
011A_shp,37.70491973400004,-122.13823958499995,368,7340
011A_shp,37.705280376000076,-122.13876103199999,369,7360
011A_shp,37.70564106000006,-122.13928243599997,370,7380
011A_shp,37.70600176700003,-122.13980381799996,371,7400
011A_shp,37.70636247300007,-122.14032520399996,372,7420
011A_shp,37.706723156000066,-122.14084661599998,373,7440
011A_shp,37.707083795000074,-122.14136807999995,374,7460
011A_shp,37.70744436800004,-122.14188961999997,375,7480
011A_shp,37.70780485200004,-122.14241125799998,376,7500
011A_shp,37.70816522500007,-122.14293301999999,377,7520
011A_shp,37.70852546700007,-122.14345492799998,378,7540
011A_shp,37.70888555500005,-122.14397700699999,379,7560
011A_shp,37.70924546600003,-122.14449928199997,380,7580
011A_shp,37.70960517900005,-122.14502177499998,381,7600
011A_shp,37.70996467100008,-122.14554451199996,382,7620
011A_shp,37.71032398600005,-122.14606744599996,383,7640
011A_shp,37.710683207000045,-122.14659048199997,384,7660
011A_shp,37.711042330000055,-122.14711362799994,385,7680
011A_shp,37.71140134600006,-122.14763689299997,386,7700
011A_shp,37.711760121000054,-122.14816042199999,387,7720
011A_shp,37.71211856800005,-122.14868430999996,388,7740
011A_shp,37.71247677100007,-122.14920846499996,389,7760
011A_shp,37.712834815000065,-122.14973279299994,390,7780
011A_shp,37.713192786000036,-122.15025720499995,391,7800
011A_shp,37.71355076800006,-122.15078160599995,392,7820
011A_shp,37.71390884400006,-122.15130590799998,393,7840
011A_shp,37.714267101000075,-122.15183001599996,394,7860
011A_shp,37.714625623000074,-122.15235384099998,395,7880
011A_shp,37.71498449300003,-122.15287728899995,396,7900
011A_shp,37.71534379700006,-122.153400267,397,7920
011A_shp,37.71570373600008,-122.15392255699999,398,7940
011A_shp,37.71606414300004,-122.15444433799996,399,7960
011A_shp,37.71642465700006,-122.15496600299997,400,7980
011A_shp,37.71678491500006,-122.15548795199999,401,8000
011A_shp,37.717144553000026,-122.15601057899994,402,8020
011A_shp,37.71750278600007,-122.15653473399999,403,8040
011A_shp,37.71786050500003,-122.15705944899997,404,8060
011A_shp,37.71822259400005,-122.15757939099996,405,8080
011A_shp,37.71859058000007,-122.15809272699994,406,8100
011A_shp,37.718974392000064,-122.15858717699996,407,8120
011A_shp,37.71939589400006,-122.15902992599996,408,8140
011A_shp,37.719856091000054,-122.15940698199995,409,8160
011A_shp,37.72033204300004,-122.15975207199995,410,8180
011A_shp,37.72081118500006,-122.16009015699996,411,8200
011A_shp,37.72129323400003,-122.160421628,412,8220
011A_shp,37.72177831300007,-122.16074601599996,413,8240
011A_shp,37.72226187700005,-122.16107397899998,414,8260
011A_shp,37.722744489000036,-122.16140416399998,415,8280
011A_shp,37.72322629300004,-122.16173621399997,416,8300
011A_shp,37.72370751200003,-122.16206960699998,417,8320
011A_shp,37.724187028000074,-122.16240686499998,418,8340
011A_shp,37.72466433900007,-122.16274904499994,419,8360
011A_shp,37.72513380200007,-122.16310793999997,420,8380
011A_shp,37.72558973500003,-122.16349348099999,421,8400
011A_shp,37.72603178600008,-122.163903845,422,8420
011A_shp,37.726457896000056,-122.16434012499997,423,8440
011A_shp,37.72686971500008,-122.164797696,424,8460
011A_shp,37.72727412100005,-122.16526565599997,425,8480
011A_shp,37.727676236000036,-122.16573674399996,426,8500
011A_shp,37.728076412000064,-122.16621044699997,427,8520
011A_shp,37.72847596500003,-122.16668498399997,428,8540
011A_shp,37.72887606000006,-122.16715879899999,429,8560
011A_shp,37.72927622700007,-122.16763252199996,430,8580
011A_shp,37.729676238000025,-122.16810645499999,431,8600
011A_shp,37.73007610600007,-122.16858058399998,432,8620
011A_shp,37.73047584100004,-122.16905489199996,433,8640
011A_shp,37.730875454000056,-122.16952936399997,434,8660
011A_shp,37.73127495800003,-122.170003985,435,8680
011A_shp,37.73167436400007,-122.17047874099995,436,8700
011A_shp,37.73207368200008,-122.17095361399998,437,8720
011A_shp,37.732472925000025,-122.17142858999995,438,8740
011A_shp,37.73287211500008,-122.17190364099997,439,8760
011A_shp,37.733271321000075,-122.17237867199998,440,8780
011A_shp,37.73367043800005,-122.17285382299997,441,8800
011A_shp,37.734069325000064,-122.17332928399998,442,8820
011A_shp,37.734467840000036,-122.17380524099997,443,8840
011A_shp,37.73486624200007,-122.17428135199998,444,8860
011A_shp,37.73526458400005,-122.17475754299994,445,8880
011A_shp,37.73566261000008,-122.17523415699998,446,8900
011A_shp,37.73606005800008,-122.175711536,447,8920
011A_shp,37.73645667100004,-122.17619001799994,448,8940
011A_shp,37.73685218500003,-122.17666994199999,449,8960
011A_shp,37.73724594500004,-122.17715215099997,450,8980
011A_shp,37.737638281000045,-122.17763619899995,451,9000
011A_shp,37.73803036600003,-122.17812057199995,452,9020
011A_shp,37.73842337800005,-122.178603754,453,9040
011A_shp,37.73881831600005,-122.17908444199998,454,9060
011A_shp,37.73921457300003,-122.17956340999996,455,9080
011A_shp,37.73961151900005,-122.18004147399995,456,9100
011A_shp,37.74000882800004,-122.18051906199997,457,9120
011A_shp,37.740406704000065,-122.18099590399999,458,9140
011A_shp,37.740804989000026,-122.18147220599997,459,9160
011A_shp,37.74120347600007,-122.18194824299997,460,9180
011A_shp,37.741602113000056,-122.18242408399999,461,9200
011A_shp,37.742001032000076,-122.18289955199998,462,9220
011A_shp,37.74240015100003,-122.18337475599998,463,9240
011A_shp,37.74279938400008,-122.18384981099996,464,9260
011A_shp,37.743198645000064,-122.18432483299995,465,9280
011A_shp,37.743598148000046,-122.18479953199994,466,9300
011A_shp,37.743998042000044,-122.18527371199997,467,9320
011A_shp,37.74439825800005,-122.18574746299998,468,9340
011A_shp,37.74479872500007,-122.18622088099994,469,9360
011A_shp,37.74519937100007,-122.18669406099997,470,9380
011A_shp,37.745600127000046,-122.18716709599994,471,9400
011A_shp,37.746000921000075,-122.18764008199997,472,9420
011A_shp,37.746401683000045,-122.18811311299999,473,9440
011A_shp,37.74680234400006,-122.18858628399994,474,9460
011A_shp,37.74720283200003,-122.18905968699994,475,9480
011A_shp,37.747603077000065,-122.18953341999998,476,9500
011A_shp,37.74800300900006,-122.19000757399999,477,9520
011A_shp,37.74840255600003,-122.19048224599999,478,9540
011A_shp,37.74880164600006,-122.19095752799996,479,9560
011A_shp,37.74920020900004,-122.19143351599996,480,9580
011A_shp,37.74959817300004,-122.19191029999996,481,9600
011A_shp,37.74999612900007,-122.19238709499996,482,9620
011A_shp,37.75039443800006,-122.19286342699996,483,9640
011A_shp,37.750790521000056,-122.19334269299998,484,9660
011A_shp,37.75118157700007,-122.193828457,485,9680
011A_shp,37.75157039700008,-122.19431707199999,486,9700
011A_shp,37.75196296900003,-122.19480090599995,487,9720
011A_shp,37.75235956600005,-122.19527950399998,488,9740
011A_shp,37.752760196000054,-122.19575274699997,489,9760
011A_shp,37.75316199800005,-122.19622441399997,490,9780
011A_shp,37.75355940000003,-122.19670196099997,491,9800
011A_shp,37.75395878100005,-122.19717685899997,492,9820
011A_shp,37.75435819100005,-122.19765174899999,493,9840
011A_shp,37.75475318500003,-122.19813246499996,494,9860
011A_shp,37.75515137900004,-122.19860895699998,495,9880
011A_shp,37.75555859900004,-122.19907314799997,496,9900
011A_shp,37.75596919800006,-122.19953259399995,497,9920
011A_shp,37.756373292000035,-122.20000116999995,498,9940
011A_shp,37.756774832000076,-122.20047321799996,499,9960
011A_shp,37.75717451400004,-122.20094776199994,500,9980
011A_shp,37.75757323800008,-122.20142358699997,501,10000
011A_shp,37.75797190500003,-122.20189949199994,502,10020
011A_shp,37.75837112600004,-122.20237466299994,503,10040
011A_shp,37.75877008200007,-122.20285018699997,504,10060
011A_shp,37.759168729000066,-122.20332612299995,505,10080
011A_shp,37.75956718300006,-122.20380232199994,506,10100
011A_shp,37.75996555100005,-122.20427863499998,507,10120
011A_shp,37.760363821000055,-122.20475508199996,508,10140
011A_shp,37.760761943000034,-122.20523172499998,509,10160
011A_shp,37.76115989200008,-122.20570860299995,510,10180
011A_shp,37.76155763700007,-122.20618575199995,511,10200
011A_shp,37.76195515200004,-122.20666320699996,512,10220
011A_shp,37.762352229000044,-122.20714124299997,513,10240
011A_shp,37.762748577000025,-122.20762023999998,514,10260
011A_shp,37.76314450900003,-122.20809978699998,515,10280
011A_shp,37.763540360000036,-122.20857944,516,10300
011A_shp,37.76393647200007,-122.20905875499994,517,10320
011A_shp,37.76433318200003,-122.20953728699999,518,10340
011A_shp,37.76473082700005,-122.21001458699999,519,10360
011A_shp,37.76512925700007,-122.21049085099997,520,10380
011A_shp,37.765528594000045,-122.21096590899998,521,10400
011A_shp,37.76593031600004,-122.21143776999997,522,10420
011A_shp,37.76633446500006,-122.21190632899999,523,10440
011A_shp,37.766740920000075,-122.21237171299998,524,10460
011A_shp,37.76715372800004,-122.21282812699997,525,10480
011A_shp,37.76757832200008,-122.21326702099998,526,10500
011A_shp,37.76801202200005,-122.21369159299996,527,10520
011A_shp,37.768447844000036,-122.21411271099998,528,10540
011A_shp,37.768885761000035,-122.21453037199996,529,10560
011A_shp,37.76931995700005,-122.21495414099996,530,10580
011A_shp,37.769749328000046,-122.21538563699994,531,10600
011A_shp,37.77016621900003,-122.21583606599995,532,10620
011A_shp,37.770562409000036,-122.21631519899995,533,10640
011A_shp,37.77093777700003,-122.21682022099998,534,10660
011A_shp,37.77128850500003,-122.21735262599998,535,10680
011A_shp,37.771614181000075,-122.21790970499995,536,10700
011A_shp,37.77191687700008,-122.21848704899998,537,10720
011A_shp,37.77220464700008,-122.21907642599996,538,10740
011A_shp,37.772484545000054,-122.21967180499996,539,10760
011A_shp,37.772760144000074,-122.22027036199995,540,10780
011A_shp,37.77304299100007,-122.22086351599995,541,10800
011A_shp,37.77333669700005,-122.22144822699994,542,10820
011A_shp,37.77364663700007,-122.22201948299994,543,10840
011A_shp,37.77396553500006,-122.22258288399996,544,10860
011A_shp,37.77428749000006,-122.22314352699999,545,10880
011A_shp,37.774612432000026,-122.22370142999995,546,10900
011A_shp,37.774940179000055,-122.22425672499998,547,10920
011A_shp,37.77526657400006,-122.22481328499998,548,10940
011A_shp,37.775589815000046,-122.22537276199995,549,10960
011A_shp,37.77591013700004,-122.22593489899998,550,10980
011A_shp,37.77622456600005,-122.22650228799995,551,11000
011A_shp,37.77652961100006,-122.22707774599996,552,11020
011A_shp,37.77682826500006,-122.22765851499997,553,11040
011A_shp,37.777121763000025,-122.22824344199995,554,11060
011A_shp,37.777413584000044,-122.22882970599994,555,11080
011A_shp,37.77770859100008,-122.22941343599996,556,11100
011A_shp,37.77800724300005,-122.22999421299994,557,11120
011A_shp,37.77831183300003,-122.23057006899995,558,11140
011A_shp,37.778630074000034,-122.23113404299994,559,11160
011A_shp,37.778968278000036,-122.23167925199999,560,11180
011A_shp,37.77932848200004,-122.23220159899995,561,11200
011A_shp,37.77970695700003,-122.23270305799997,562,11220
011A_shp,37.780096772000036,-122.23319057299994,563,11240
011A_shp,37.780489458000034,-122.23367443399997,564,11260
011A_shp,37.78087591600007,-122.234166174,565,11280
011A_shp,37.78124866400003,-122.23467440699994,566,11300
011A_shp,37.78160278400003,-122.23520337099995,567,11320
011A_shp,37.781942816000026,-122.23574685099999,568,11340
011A_shp,37.78227792000007,-122.23629518499996,569,11360
011A_shp,37.78261153300008,-122.23684496599998,570,11380
011A_shp,37.78294355400004,-122.23739627599997,571,11400
011A_shp,37.78327388100007,-122.23794920299997,572,11420
011A_shp,37.78360236000003,-122.23850387599998,573,11440
011A_shp,37.783930231000056,-122.239059124,574,11460
011A_shp,37.784254874000055,-122.23961736799998,575,11480
011A_shp,37.784570759000076,-122.24018352999997,576,11500
011A_shp,37.78487522800003,-122.24075952299995,577,11520
011A_shp,37.785170556000025,-122.24134304499995,578,11540
011A_shp,37.78546055000004,-122.24193080499998,579,11560
011A_shp,37.78574524600003,-122.24252266999997,580,11580
011A_shp,37.78602951600004,-122.24311485899995,581,11600
011A_shp,37.78631827100003,-122.24370359699998,582,11620
011A_shp,37.78660726800007,-122.24429214699995,583,11640
011A_shp,37.78689153800008,-122.24488434399996,584,11660
011A_shp,37.78716982100008,-122.24548103399997,585,11680
011A_shp,37.787439351000046,-122.24608407599999,586,11700
011A_shp,37.787703908000026,-122.24669060899998,587,11720
011A_shp,37.78796578500004,-122.24729898899994,588,11740
011A_shp,37.78822572200005,-122.24790869399999,589,11760
011A_shp,37.78848568600006,-122.24851837999995,590,11780
011A_shp,37.78874766400003,-122.24912669799994,591,11800
011A_shp,37.78901133900007,-122.24973385499999,592,11820
011A_shp,37.78927346100005,-122.25034207799996,593,11840
011A_shp,37.78953158200005,-122.25095301399995,594,11860
011A_shp,37.78977905100004,-122.25157087999997,595,11880
011A_shp,37.79000721500006,-122.25220040099998,596,11900
011A_shp,37.79021506300006,-122.25284104299999,597,11920
011A_shp,37.79041143300003,-122.25348741999994,598,11940
011A_shp,37.79061019400007,-122.25413264199995,599,11960
011A_shp,37.79081884800007,-122.25477287299998,600,11980
011A_shp,37.791044674000034,-122.25540375099996,601,12000
011A_shp,37.79129530400007,-122.25601952199997,602,12020
011A_shp,37.791572518000066,-122.25661696499998,603,12040
011A_shp,37.791874618000065,-122.25719493099996,604,12060
011A_shp,37.79219781100005,-122.25775444799996,605,12080
011A_shp,37.79254376800003,-122.25829198599996,606,12100
011A_shp,37.79290808600007,-122.25880990799999,607,12120
011A_shp,37.79328611400007,-122.25931202599998,608,12140
011A_shp,37.79367276600004,-122.25980363299999,609,12160
011A_shp,37.794063805000064,-122.26028970299996,610,12180
011A_shp,37.794455474000074,-122.26077496999994,611,12200
011A_shp,37.794844546000036,-122.26126354899998,612,12220
011A_shp,37.79522583900007,-122.26176174499994,613,12240
011A_shp,37.79559519600008,-122.26227401199998,614,12260
011A_shp,37.795945276000054,-122.26280728799998,615,12280
011A_shp,37.796274029000074,-122.26336172499998,616,12300
011A_shp,37.79659359600004,-122.26392469299998,617,12320
011A_shp,37.79690780900006,-122.26449243499997,618,12340
011A_shp,37.79721802100005,-122.26506366299998,619,12360
011A_shp,37.79752631800005,-122.26563653899996,620,12380
011A_shp,37.79783981700007,-122.26620490099998,621,12400
011A_shp,37.79815626100003,-122.26677067499998,622,12420
011A_shp,37.79846196300008,-122.26734574299996,623,12440
011A_shp,37.798745706000034,-122.26793833099998,624,12460
011A_shp,37.79900947200008,-122.268545486,625,12480
011A_shp,37.79926206600004,-122.26916014799997,626,12500
011A_shp,37.799506430000065,-122.26978006299998,627,12520
011A_shp,37.799719253000035,-122.27041787599995,628,12540
011A_shp,37.799864402000026,-122.271084815,629,12560
011A_shp,37.799954642000046,-122.27176751699994,630,12580
011A_shp,37.79998277300007,-122.27245754299997,631,12600
011A_shp,37.79986845900004,-122.27313237499999,632,12620
011A_shp,37.79961057500003,-122.27374102899995,633,12640
011A_shp,37.799259593000045,-122.27427315699998,634,12660
011A_shp,37.798889691000056,-122.27478455099998,635,12680
011A_shp,37.79860535300003,-122.27537412899994,636,12700
011A_shp,37.79848956600006,-122.27604698199997,637,12720
011A_shp,37.79851047500006,-122.27673835899998,638,12740
011A_shp,37.79857218600006,-122.27742605599997,639,12760
011A_shp,37.79871372200006,-122.27809274299995,640,12780
011A_shp,37.79896166300006,-122.27870935199996,641,12800
011A_shp,37.79926775200005,-122.27928397,642,12820
011A_shp,37.799569631000054,-122.27986221299994,643,12840
011A_shp,37.799860255000056,-122.28044958399994,644,12860
011A_shp,37.80014510800004,-122.28104143999997,645,12880
011A_shp,37.800427298000045,-122.28163532299999,646,12900
011A_shp,37.80070622000005,-122.28223165499998,647,12920
011A_shp,37.80098113500003,-122.28283093099998,648,12940
011A_shp,37.80124675700006,-122.28343680999996,649,12960
011A_shp,37.80148339200008,-122.28406134199997,650,12980
011A_shp,37.801681830000064,-122.28470665499998,651,13000
011A_shp,37.80185105700008,-122.28536517499998,652,13020
011A_shp,37.802004157000056,-122.28602996999996,653,13040
011A_shp,37.80215370500008,-122.28669605899995,654,13060
011A_shp,37.80230020400006,-122.28736322499998,655,13080
011A_shp,37.80244879600008,-122.28802965699998,656,13100
011A_shp,37.802599705000034,-122.28869526199998,657,13120
011A_shp,37.80275534100008,-122.28935913699996,658,13140
011A_shp,37.80292074000005,-122.29001921399998,659,13160
011A_shp,37.803112818000045,-122.29066761299998,660,13180
011A_shp,37.803339133000065,-122.29129824399996,661,13200
011A_shp,37.803582652000046,-122.291918727,662,13220
011A_shp,37.80383094800004,-122.292536214,663,13240
011A_shp,37.80408270200007,-122.29315147499995,664,13260
011A_shp,37.804334191000066,-122.29376691099998,665,13280
011A_shp,37.80458153400008,-122.29438500799995,666,13300
011A_shp,37.80482605100008,-122.29500489399999,667,13320
011A_shp,37.805083472000035,-122.29561630699999,668,13340
011A_shp,37.80533609500003,-122.29623099799994,669,13360
011A_shp,37.80557827000007,-122.29685233599997,670,13380
011A_shp,37.80580759700007,-122.29748135699998,671,13400
011A_shp,37.806009291000066,-122.29812510699998,672,13420
011A_shp,37.806178662000036,-122.29878359399999,673,13440
011A_shp,37.80633457600004,-122.299447397,674,13460
011A_shp,37.80648757800003,-122.30011227799997,675,13480
011A_shp,37.80663747600005,-122.30077828199995,676,13500
011A_shp,37.80678427600003,-122.30144538399998,677,13520
011A_shp,37.80693056700005,-122.30211266599997,678,13540
011A_shp,37.80707718700006,-122.30277983199994,679,13560
011A_shp,37.80722286900004,-122.30344732799995,680,13580
011A_shp,37.80736628000005,-122.30411560399995,681,13600
011A_shp,37.80750708800008,-122.30478476199994,682,13620
011A_shp,37.80764123400007,-122.30545608099999,683,13640
011A_shp,37.80776162500007,-122.30613151499995,684,13660
011A_shp,37.80786470600003,-122.30681148499997,685,13680
011A_shp,37.80795430400008,-122.30749449099994,686,13700
011A_shp,37.80803677000006,-122.308178941,687,13720
011A_shp,37.80811589700005,-122.30886401599997,688,13740
011A_shp,37.808191469000064,-122.30954973099995,689,13760
011A_shp,37.808263811000074,-122.31023599899999,690,13780
011A_shp,37.808333176000076,-122.31092275499998,691,13800
011A_shp,37.808400187000075,-122.31160988499994,692,13820
011A_shp,37.80845199600003,-122.31229877799996,693,13840
011A_shp,37.80851472900008,-122.31298628399998,694,13860
011A_shp,37.80858575900004,-122.31367277399994,695,13880
011A_shp,37.80865678600003,-122.31435926399996,696,13900
011A_shp,37.80871878200003,-122.31504713399994,697,13920
011A_shp,37.80878456900007,-122.31573442099995,698,13940
011A_shp,37.80885205900006,-122.31642146599995,699,13960
011A_shp,37.808922832000064,-122.31710800099995,700,13980
011A_shp,37.808993602000044,-122.31779453799999,701,14000
011A_shp,37.809064367000076,-122.31848107599996,702,14020
011A_shp,37.80913137400006,-122.31916818799999,703,14040
011A_shp,37.809194055000034,-122.31985597299996,704,14060
011A_shp,37.80925878800008,-122.32054345499995,705,14080
011A_shp,37.80932131000003,-122.321231265,706,14100
011A_shp,37.809384023000064,-122.32191904799998,707,14120
011A_shp,37.80944692800006,-122.32260680299999,708,14140
011A_shp,37.80951057100003,-122.32329445099998,709,14160
011A_shp,37.80957576800006,-122.32398186899997,710,14180
011A_shp,37.80964325800005,-122.32466893399999,711,14200
011A_shp,37.80970404200008,-122.32535698999999,712,14220
011A_shp,37.809758067000075,-122.32604594099996,713,14240
011A_shp,37.80980532600006,-122.32673567999996,714,14260
011A_shp,37.80984581000007,-122.327426103,715,14280
011A_shp,37.809879514000045,-122.32811710299995,716,14300
011A_shp,37.80990643300004,-122.32880857399999,717,14320
011A_shp,37.809926562000044,-122.329500414,718,14340
011A_shp,37.809941664000064,-122.33019246499998,719,14360
011A_shp,37.809936384000025,-122.33088461199998,720,14380
011A_shp,37.80991355700007,-122.33157632899997,721,14400
011A_shp,37.80988754200007,-122.33226785699998,722,14420
011A_shp,37.80985618600005,-122.33295903699997,723,14440
011A_shp,37.80981949200003,-122.33364979999999,724,14460
011A_shp,37.80977746100007,-122.33434008499995,725,14480
011A_shp,37.80972951700005,-122.33502975699997,726,14500
011A_shp,37.80967617300007,-122.33571879299996,727,14520
011A_shp,37.809618113000056,-122.33640722099994,728,14540
011A_shp,37.809552530000076,-122.33709457299994,729,14560
011A_shp,37.809480105000034,-122.33778082999999,730,14580
011A_shp,37.80940046500007,-122.33846581799997,731,14600
011A_shp,37.80931362300004,-122.33914941599994,732,14620
011A_shp,37.80921923300008,-122.33983142399995,733,14640
011A_shp,37.809117540000045,-122.34051175699994,734,14660
011A_shp,37.809008697000024,-122.34119032699999,735,14680
011A_shp,37.80889351900004,-122.34186723899995,736,14700
011A_shp,37.80877563000007,-122.34254340899997,737,14720
011A_shp,37.80866097400008,-122.34322045999994,738,14740
011A_shp,37.808545310000056,-122.34389723799995,739,14760
011A_shp,37.80842811200006,-122.34457359699996,740,14780
011A_shp,37.80831287900003,-122.34525049199999,741,14800
011A_shp,37.808197764000056,-122.345927416,742,14820
011A_shp,37.808082444000036,-122.34660428499996,743,14840
011A_shp,37.80796510600004,-122.34728060099997,744,14860
011A_shp,37.807848411000066,-122.34795709299999,745,14880
011A_shp,37.80773286700003,-122.34863389699996,746,14900
011A_shp,37.80761731800004,-122.34931069999999,747,14920
011A_shp,37.80750176600003,-122.34998750099999,748,14940
011A_shp,37.807385097000065,-122.35066399599998,749,14960
011A_shp,37.80726711400007,-122.35134012599997,750,14980
011A_shp,37.807151135000026,-122.35201680199998,751,15000
011A_shp,37.80703728800006,-122.35269405699995,752,15020
011A_shp,37.806921112000055,-122.35337068199999,753,15040
011A_shp,37.80680472300003,-122.35404724799997,754,15060
011A_shp,37.80669033000004,-122.35472435399998,755,15080
011A_shp,37.806573556000046,-122.35540081199997,756,15100
011A_shp,37.80645652000004,-122.35607719799998,757,15120
011A_shp,37.80634118800003,-122.35675404599999,758,15140
011A_shp,37.80622635700007,-122.35743102999999,759,15160
011A_shp,37.80611074800004,-122.35810780199995,760,15180
011A_shp,37.805994774000055,-122.358784475,761,15200
011A_shp,37.80587879800004,-122.35946114499995,762,15220
011A_shp,37.80576262500006,-122.36013776099998,763,15240
011A_shp,37.80564532300008,-122.36081406599999,764,15260
011A_shp,37.80552801700003,-122.36149036999996,765,15280
011A_shp,37.80541164500005,-122.36216692799997,766,15300
011A_shp,37.80529691400005,-122.36284392899995,767,15320
011A_shp,37.80518162300007,-122.36352077699996,768,15340
011A_shp,37.80506514100006,-122.36419730299997,769,15360
011A_shp,37.80494910500005,-122.36487394799997,770,15380
011A_shp,37.80483366500005,-122.36555075399997,771,15400
011A_shp,37.80471909000005,-122.36622779399994,772,15420
011A_shp,37.80460461700005,-122.36690485899999,773,15440
011A_shp,37.80449014000004,-122.36758192199994,774,15460
011A_shp,37.80437565900007,-122.36825898399997,775,15480
011A_shp,37.80426046900004,-122.36893585099995,776,15500
011A_shp,37.80414380900004,-122.36961231899994,777,15520
011A_shp,37.80402506300004,-122.37028820899997,778,15540
011A_shp,37.80390486500005,-122.37096368899995,779,15560
011A_shp,37.803781840000056,-122.37163835299998,780,15580
011A_shp,37.803656559000046,-122.37231235999997,781,15600
011A_shp,37.80352812900003,-122.37298539699998,782,15620
011A_shp,37.803382760000034,-122.37365293299996,783,15640
011A_shp,37.80322273000007,-122.37431511199998,784,15660
011A_shp,37.803046495000046,-122.37497073299994,785,15680
011A_shp,37.80285508500003,-122.37561954199998,786,15700
011A_shp,37.80264893900005,-122.37626115299997,787,15720
011A_shp,37.80242684000007,-122.37689424399997,788,15740
011A_shp,37.802191047000065,-122.37751942199998,789,15760
011A_shp,37.80193705200003,-122.37813310399997,790,15780
011A_shp,37.80166833200008,-122.37873684099998,791,15800
011A_shp,37.80139902800005,-122.37934016399998,792,15820
011A_shp,37.80113102300004,-122.37994440199998,793,15840
011A_shp,37.80086446900003,-122.38054965799995,794,15860
011A_shp,37.80059919000007,-122.38115579799995,795,15880
011A_shp,37.80033153800008,-122.38176027599997,796,15900
011A_shp,37.80006386700006,-122.38236473999996,797,15920
011A_shp,37.799797211000055,-122.38296991499999,798,15940
011A_shp,37.79953055300007,-122.38357508599995,799,15960
011A_shp,37.79926182500003,-122.384178798,800,15980
011A_shp,37.79899330600006,-122.38478265599997,801,16000
011A_shp,37.79872557500005,-122.38538706699995,802,16020
011A_shp,37.79845884300005,-122.38599217799998,803,16040
011A_shp,37.79819210900007,-122.38659728599998,804,16060
011A_shp,37.797925372000066,-122.38720238799999,805,16080
011A_shp,37.79765831700007,-122.38780726599998,806,16100
011A_shp,37.797390660000076,-122.38841171999997,807,16120
011A_shp,37.79712224700006,-122.38901563699994,808,16140
011A_shp,37.796852855000054,-122.38961885999998,809,16160
011A_shp,37.796583113000054,-122.39022183299994,810,16180
011A_shp,37.796313370000064,-122.39082480299999,811,16200
011A_shp,37.79604235000005,-122.39142685999997,812,16220
011A_shp,37.79576918300006,-122.39202737099998,813,16240
011A_shp,37.79549285100006,-122.39262557499995,814,16260
011A_shp,37.79521259300003,-122.39322086699997,815,16280
011A_shp,37.794927965000056,-122.39381285299999,816,16300
011A_shp,37.79463371400004,-122.39439660999994,817,16320
011A_shp,37.79431600500004,-122.39496088099997,818,16340
011A_shp,37.79396250900004,-122.39549051299997,819,16360
011A_shp,37.79359045900003,-122.395999658,820,16380
011A_shp,37.79320690600008,-122.39649508099996,821,16400
011A_shp,37.79281535100006,-122.39698044299996,822,16420
011A_shp,37.79243095800007,-122.39747485599997,823,16440
011A_shp,37.79204582400007,-122.39796834799995,824,16460
011A_shp,37.79165995100004,-122.39846092099998,825,16480
011A_shp,37.79127333900004,-122.398952571,826,16500
011A_shp,37.79088599000005,-122.39944329599996,827,16520
011A_shp,37.79049790700003,-122.399933095,828,16540
011A_shp,37.790109087000076,-122.40042196599995,829,16560
011A_shp,37.789719536000064,-122.40090990699997,830,16580
011A_shp,37.78932924700007,-122.40139690799998,831,16600
011A_shp,37.78893917000005,-122.40188417699994,832,16620
011A_shp,37.78854974600006,-122.40237227199998,833,16640
011A_shp,37.788160978000064,-122.40286119399997,834,16660
011A_shp,37.78777309800006,-122.40335123099999,835,16680
011A_shp,37.78738636700007,-122.40384270699997,836,16700
011A_shp,37.78700009700003,-122.40433475499998,837,16720
011A_shp,37.78661355400004,-122.40482645999998,838,16740
011A_shp,37.78622608000006,-122.40531699899998,839,16760
011A_shp,37.785838015000024,-122.40580679099997,840,16780
011A_shp,37.78544954200004,-122.40629606899995,841,16800
011A_shp,37.78506066400007,-122.40678483099998,842,16820
011A_shp,37.78467051200005,-122.40727197499996,843,16840
011A_shp,37.784279936000075,-122.40775857899996,844,16860
011A_shp,37.78388999300006,-122.40824598499995,845,16880
011A_shp,37.78350092000005,-122.40873449099996,846,16900
011A_shp,37.78311306400008,-122.40922452699999,847,16920
011A_shp,37.782725044000074,-122.40971435799997,848,16940
011A_shp,37.78233535800007,-122.41020207999998,849,16960
011A_shp,37.78194384400007,-122.41068746799999,850,16980
011A_shp,37.78155229300006,-122.41117280799995,851,17000
011A_shp,37.781162409000046,-122.41166027099996,852,17020
011A_shp,37.78077366000008,-122.41214916999996,853,17040
011A_shp,37.78038430600003,-122.41263729999997,854,17060
011A_shp,37.77999329600004,-122.41312332299998,855,17080
011A_shp,37.77960126600004,-122.41360803499998,856,17100
011A_shp,37.77921400200006,-122.41409864099995,857,17120
011A_shp,37.778833303000056,-122.41459747999994,858,17140
011A_shp,37.77844997500006,-122.41509310899994,859,17160
011A_shp,37.77806403300008,-122.41558550599996,860,17180
011A_shp,37.777675497000075,-122.41607464999998,861,17200
011A_shp,37.777284347000034,-122.416560474,862,17220
011A_shp,37.77689059800008,-122.41704295299996,863,17240
011A_shp,37.77649490600004,-122.41752289799996,864,17260
011A_shp,37.776097083000025,-122.41800003899999,865,17280
011A_shp,37.77569603300003,-122.41847285499995,866,17300
011A_shp,37.775283235000074,-122.41892909399996,867,17320
011A_shp,37.77484150600003,-122.41933997399997,868,17340
011A_shp,37.774366857000075,-122.41968744799999,869,17360
011A_shp,37.773865957000055,-122.41997004699999,870,17380
011A_shp,37.77334217400005,-122.42017751599997,871,17400
011A_shp,37.77280355600004,-122.42031042699995,872,17420
011A_shp,37.77225626200004,-122.42036588299999,873,17440
011A_shp,37.77170714500005,-122.42035758699996,874,17460
011A_shp,37.77115862200003,-122.42032173199999,875,17480
011A_shp,37.770610472000044,-122.42027767199994,876,17500
011A_shp,37.770062719000066,-122.42022633399995,877,17520
011A_shp,37.76951526900007,-122.42017011599995,878,17540
011A_shp,37.76896801200007,-122.42011096499999,879,17560
011A_shp,37.76842097800005,-122.42004861599997,880,17580
011A_shp,37.76787395700006,-122.41998608099999,881,17600
011A_shp,37.767326714000035,-122.41992674099998,882,17620
011A_shp,37.76677923400007,-122.41987096199995,883,17640
011A_shp,37.76623162900006,-122.41981715399999,884,17660
011A_shp,37.76568392300004,-122.41976498699995,885,17680
011A_shp,37.765136115000075,-122.41971458699999,886,17700
011A_shp,37.76458856200003,-122.41965997899996,887,17720
011A_shp,37.76404105200004,-122.419604661,888,17740
011A_shp,37.763493528000026,-122.41954956699999,889,17760
011A_shp,37.76294598900006,-122.41949469399998,890,17780
011A_shp,37.76239843500008,-122.41944004499999,891,17800
011A_shp,37.76185086900006,-122.41938561799998,892,17820
011A_shp,37.76130328900007,-122.41933141499999,893,17840
011A_shp,37.76075569400007,-122.41927743199994,894,17860
011A_shp,37.760208085000045,-122.41922367499996,895,17880
011A_shp,37.759660463000046,-122.419170141,896,17900
011A_shp,37.759112827000024,-122.41911682899996,897,17920
011A_shp,37.75856517700004,-122.41906373899997,898,17940
011A_shp,37.75801751400007,-122.41901087199994,899,17960
011A_shp,37.75746983700003,-122.41895822899994,900,17980
011A_shp,37.75692214700007,-122.41890580799998,901,18000
011A_shp,37.75637444300003,-122.41885360999999,902,18020
011A_shp,37.755826726000066,-122.41880163499997,903,18040
011A_shp,37.755278995000026,-122.41874988199999,904,18060
011A_shp,37.754731252000056,-122.41869835299997,905,18080
011A_shp,37.75418349500006,-122.41864704699998,906,18100
011A_shp,37.75363572500004,-122.41859596299997,907,18120
011A_shp,37.75308794100005,-122.41854510199994,908,18140
011A_shp,37.75254014600006,-122.41849446399999,909,18160
011A_shp,37.75199309100003,-122.41843355099996,910,18180
011A_shp,37.75144633600007,-122.41836752299997,911,18200
011A_shp,37.750898767000024,-122.41831321599994,912,18220
011A_shp,37.75035059600003,-122.41826958699994,913,18240
011A_shp,37.74980197300005,-122.41823612899998,914,18260
011A_shp,37.749252917000035,-122.41821966599997,915,18280
011A_shp,37.74870455800004,-122.41825522099998,916,18300
011A_shp,37.748164006000025,-122.41837482999995,917,18320
011A_shp,37.74763987800003,-122.41857957299999,918,18340
011A_shp,37.74713540600004,-122.418852803,919,18360
011A_shp,37.746641769000064,-122.41915607799996,920,18380
011A_shp,37.74615109900003,-122.41946696099996,921,18400
011A_shp,37.74566169800005,-122.41978099999994,922,18420
011A_shp,37.745172954000054,-122.42009665699999,923,18440
011A_shp,37.744685022000056,-122.42041429699998,924,18460
011A_shp,37.74419770800006,-122.42073343699997,925,18480
011A_shp,37.74371072100007,-122.42105336699996,926,18500
011A_shp,37.743223681000075,-122.42137316399999,927,18520
011A_shp,37.74273702200003,-122.42169387699994,928,18540
011A_shp,37.74225142500006,-122.42201713099996,929,18560
011A_shp,37.74176746000006,-122.42234424099996,930,18580
011A_shp,37.741285068000025,-122.42267499899998,931,18600
011A_shp,37.74080996400005,-122.42302197599997,932,18620
011A_shp,37.740353553000034,-122.42340660699995,933,18640
011A_shp,37.73991191700003,-122.42381772599998,934,18660
011A_shp,37.73949414000003,-122.42426656199996,935,18680
011A_shp,37.73909772900004,-122.42474521699995,936,18700
011A_shp,37.73871949900007,-122.42524670199998,937,18720
011A_shp,37.738356003000035,-122.42576519299996,938,18740
011A_shp,37.738002591000054,-122.42629465099998,939,18760
011A_shp,37.737655233000055,-122.42683042299996,940,18780
011A_shp,37.73730922800007,-122.42736758399997,941,18800
011A_shp,37.73695942200004,-122.42790082299996,942,18820
011A_shp,37.73660709500007,-122.42843142199996,943,18840
011A_shp,37.73625336200007,-122.42896053599998,944,18860
011A_shp,37.735899268000026,-122.429489263,945,18880
011A_shp,37.73554585100004,-122.43001870499995,946,18900
011A_shp,37.73519408400006,-122.43054988299997,947,18920
011A_shp,37.73484336200005,-122.43108215599995,948,18940
011A_shp,37.734493186000066,-122.43161499499996,949,18960
011A_shp,37.73414347200003,-122.43214831199998,950,18980
011A_shp,37.733794207000074,-122.432682092,951,19000
011A_shp,37.73344541800003,-122.43321636399997,952,19020
011A_shp,37.73309710400008,-122.43375112499996,953,19040
011A_shp,37.73274150900005,-122.43427822599995,954,19060
011A_shp,37.73238780400004,-122.43480733999996,955,19080
011A_shp,37.73203627400005,-122.43533874499997,956,19100
011A_shp,37.73168689200003,-122.43587238799995,957,19120
011A_shp,37.73133900200003,-122.43640757399999,958,19140
011A_shp,37.730991689000064,-122.43694334799994,959,19160
011A_shp,37.73065023600003,-122.43748504499996,960,19180
011A_shp,37.730319432000044,-122.43803705999994,961,19200
011A_shp,37.73002045000004,-122.43861704899996,962,19220
011A_shp,37.729750255000056,-122.43921899299994,963,19240
011A_shp,37.72950903700007,-122.43984025399999,964,19260
011A_shp,37.729282572000045,-122.44047028199998,965,19280
011A_shp,37.72905406000007,-122.441099141,966,19300
011A_shp,37.72880784600005,-122.44171722899995,967,19320
011A_shp,37.72853936100006,-122.44232049799996,968,19340
011A_shp,37.72824558000008,-122.44290467199994,969,19360
011A_shp,37.72792602100003,-122.44346704799995,970,19380
011A_shp,37.72758036000005,-122.44400439199995,971,19400
011A_shp,37.72720472000003,-122.44450868399997,972,19420
011A_shp,37.72680324300006,-122.444980424,973,19440
011A_shp,37.72637578300004,-122.44541442199994,974,19460
011A_shp,37.725921898000024,-122.44580355399995,975,19480
011A_shp,37.72544884200005,-122.44615476399997,976,19500
011A_shp,37.72495579400004,-122.44645902399998,977,19520
011A_shp,37.724447663000035,-122.44672128299999,978,19540
011A_shp,37.72392565500007,-122.44693599799996,979,19560
011A_shp,37.72339269500003,-122.44710244499998,980,19580
011A_shp,37.72285337900007,-122.44723346799998,981,19600
011A_shp,37.72231287400007,-122.44735652499998,982,19620
011A_shp,37.721771499000056,-122.44747333299995,983,19640
011A_shp,37.721229669000024,-122.44758651599994,984,19660
011A_shp,37.720688997000025,-122.44770837399994,985,19680
011A_shp,37.72014722000006,-122.447822197,986,19700
011A_shp,37.71960355900006,-122.44792060299994,987,19720
011A_shp,37.71905781700008,-122.44799853699999,988,19740
011A_shp,37.71851114900005,-122.44806567499995,989,19760
011A_shp,37.71796598200007,-122.44814980799998,990,19780
011A_shp,37.71742515500006,-122.44826965899995,991,19800
011A_shp,37.716895786000066,-122.44845299899998,992,19820
011A_shp,37.71638195600008,-122.44869657599997,993,19840
011A_shp,37.715890725000065,-122.44900519099997,994,19860
011A_shp,37.71542285700008,-122.44936722599999,995,19880
011A_shp,37.71497416600005,-122.44976586399997,996,19900
011A_shp,37.71454411900004,-122.45019585099999,997,19920
011A_shp,37.71412898600005,-122.45064855399994,998,19940
011A_shp,37.71372531700007,-122.45111742099999,999,19960
011A_shp,37.71332805900005,-122.45159489899999,1000,19980
011A_shp,37.71293534000006,-122.45207829599997,1001,20000
011A_shp,37.71254410200004,-122.45256359199999,1002,20020
011A_shp,37.71215482000008,-122.45305136799999,1003,20040
011A_shp,37.711770296000054,-122.45354507799999,1004,20060
011A_shp,37.711396758000035,-122.45405186899995,1005,20080
011A_shp,37.71105452200004,-122.45459241299994,1006,20100
011A_shp,37.710757106000074,-122.455173334,1007,20120
011A_shp,37.710513941000045,-122.45579268199998,1008,20140
011A_shp,37.71032491400007,-122.45644147699994,1009,20160
011A_shp,37.710195990000045,-122.457113204,1010,20180
011A_shp,37.710126013000036,-122.45779867199997,1011,20200
011A_shp,37.71009691800003,-122.45848899799995,1012,20220
011A_shp,37.71009058000004,-122.45918032899999,1013,20240
011A_shp,37.71009133700005,-122.45987170999996,1014,20260
011A_shp,37.71009682000005,-122.460563063,1015,20280
011A_shp,37.710106266000025,-122.46125434399994,1016,20300
011A_shp,37.71011828600007,-122.46194556499995,1017,20320
011A_shp,37.710128921000035,-122.46263682099999,1018,20340
011A_shp,37.71013586500004,-122.46332815099998,1019,20360
011A_shp,37.710127757000066,-122.46401935299997,1020,20380
011A_shp,37.710043632000065,-122.46470130299997,1021,20400
011A_shp,37.709859262000066,-122.46535086999995,1022,20420
011A_shp,37.709566230000064,-122.46593414399996,1023,20440
011A_shp,37.70919356300004,-122.46644044799996,1024,20460
011A_shp,37.708749168000054,-122.466846095,1025,20480
011A_shp,37.70828800500004,-122.46722154799994,1026,20500
011A_shp,37.70783773200003,-122.46761745399999,1027,20520
011A_shp,37.70737640500005,-122.46799259399995,1028,20540
011A_shp,37.70691099700008,-122.46835973999998,1029,20560
011A_shp,37.70645136400003,-122.46873825399996,1030,20580
011A_shp,37.70625609600006,-122.46890050099995,1031,20600
