shape_id,shape_pt_lat,shape_pt_lon,shape_dist_traveled,shape_pt_sequence
15755,43.57008609306144,1.3922729348829388,0,1
15755,43.56975135481975,1.39228422268844,37.23235312,2
15755,43.569607383777786,1.392289250631149,53.24634865,3
15755,43.56946339550412,1.3922930408615122,69.2600479,4
15755,43.56932932364188,1.3922978081833948,84.17312606,5
15755,43.56925822942565,1.3922996795933906,92.07989073,6
15755,43.569079919059455,1.3923600892716128,112.49572739,7
15755,43.56902986762222,1.3923861693819395,118.44462517,8
15755,43.56897893347425,1.3924135108153282,124.52154285,9
15755,43.568921734275705,1.3924434933640135,131.32507205,10
15755,43.56888597831368,1.3924617682995535,135.5648192,11
15755,43.568852004979966,1.392478758165609,139.58282875,12
15755,43.568780424152074,1.3925103572328181,147.93948966,13
15755,43.56872237666218,1.3925440762994283,154.94247478,14
15755,43.56862502512951,1.392599877833472,166.66392434,15
15755,43.56849641720166,1.3926738354686086,182.15618067,16
15755,43.56833567013157,1.3927672103240358,201.5490648,17
15755,43.56818741864919,1.3928528271899383,219.41888627,18
15755,43.56808293640148,1.3929137678208499,232.03165911,19
15755,43.567966841147005,1.3929812043532457,246.03763289,20
15755,43.56782751989706,1.3930616327914747,262.83007645,21
15755,43.567756076609285,1.3931031318799028,271.44913794,22
15755,43.56771950667773,1.3931276180243093,275.968814,23
15755,43.567613362129975,1.393198506279639,289.08078784,24
15755,43.5675741612509,1.3932280139356006,294.04589214,25
15755,43.56745567585103,1.3933177979975278,309.0760933,26
15755,43.56737995658978,1.3933755043030631,318.69407692,27
15755,43.5672715768111,1.3934798791498264,333.38930631,28
15755,43.56721389043984,1.3935395869738352,341.40718911,29
15755,43.56715090773155,1.393606862550475,350.26306535,30
15755,43.56705969519928,1.3937157374826394,363.67253047,31
15755,43.56701102518829,1.393776445855245,370.96718121,32
15755,43.5669234982391,1.393891413815259,384.40304099,33
15755,43.5668758485065,1.3939607617058878,392.10308896,34
15755,43.56684317059605,1.394006192144796,397.2606851,35
15755,43.56679645513151,1.3940779914633294,405.03544091,36
15755,43.56673655037868,1.3941724229896382,415.14759651,37
15755,43.56666008020545,1.3943056704507988,428.84270428,38
15755,43.56662411208256,1.3943734725451016,435.61303774,39
15755,43.5665443859705,1.3945315667323577,451.13189087,40
15755,43.5665041416661,1.394615576015386,459.24599505,41
15755,43.56647012800314,1.3946944691071335,466.64247306,42
15755,43.56644137627303,1.3947633191790985,473.04501404,43
15755,43.566416121031764,1.3948246488193694,478.728552,44
15755,43.56638137925915,1.3949159415995889,487.03671056,45
15755,43.56635878933006,1.394974724919122,492.39773155,46
15755,43.56631812621735,1.3950934108213375,502.9752908,47
15755,43.56628281097305,1.3952082418225915,513.02603593,48
15755,43.56624842992614,1.3953255242967897,523.21947953,49
15755,43.56623045976727,1.3953928524945511,529.00040212,50
15755,43.566199695435806,1.3955112778268621,539.1365711,51
15755,43.566170902724124,1.3956420319917202,550.14713436,52
15755,43.566156583657204,1.3957129783296485,556.08086448,53
15755,43.566123995698725,1.3958945929848667,571.15549434,54
15755,43.566093568167254,1.396102150232696,588.21715222,55
15755,43.56606784607968,1.396324440583504,606.35396947,56
15755,43.56605018856481,1.3965440428816822,624.15588136,57
15755,43.566039747238584,1.3967646936998763,641.97154023,58
15755,43.56603652209507,1.3969863931157467,659.83741456,59
15755,43.56604044444169,1.3972041907249944,677.39074069,60
15755,43.56605066587972,1.3974218230782058,694.96212799,61
15755,43.56607009219973,1.3976540708729501,713.79854428,62
15755,43.56609268865545,1.3978552838466194,730.20377611,63
15755,43.566124592973644,1.3980785381494436,748.5378085,64
15755,43.56613917310658,1.3981561543578918,754.99805802,65
15755,43.56616063614412,1.398275684598309,764.91987594,66
15755,43.56618471305017,1.3983889560099236,774.43069662,67
15755,43.56620875552942,1.3984997522619331,783.74922537,68
15755,43.566245980225446,1.3986522975351237,796.71801213,69
15755,43.56626592523599,1.398727297226511,803.15483193,70
15755,43.56629903529727,1.3988428083521205,813.16326966,71
15755,43.56632455129061,1.3989300428995313,820.74277692,72
15755,43.56635181561924,1.3990135174601175,828.11998695,73
15755,43.56638470242874,1.3991129397368265,836.925603,74
15755,43.5664305826097,1.3992404973900283,848.39941191,75
15755,43.56645303838419,1.399301812821452,853.93473775,76
15755,43.566499698249565,1.3994206837623873,864.82713545,77
15755,43.56653604724824,1.3995101111229564,873.08847024,78
15755,43.56659549450761,1.3996422662273522,885.62110849,79
15755,43.56661686154391,1.399689991587019,890.14110836,80
15755,43.566632623250335,1.3997230068481485,893.32659529,81
15755,43.566676154302776,1.399811008332714,901.91150173,82
15755,43.56671411428411,1.3998867750465074,909.33314136,83
15755,43.56673259286376,1.399920957320034,912.76921022,84
15755,43.56676676449563,1.3999832044716392,919.06125974,85
15755,43.56681019250196,1.4000637805124299,927.15224211,86
15755,43.56685351761022,1.4001369308399567,934.76430749,87
15755,43.566890354632605,1.4001966322438997,941.08211595,88
15755,43.566912484253734,1.400234433343535,944.9975526,89
15755,43.56692258914387,1.4002490257363422,946.62382218,90
15755,43.56695295521869,1.4002965158638152,951.72686493,91
15755,43.56697780173224,1.4003354839705555,955.90899728,92
15755,43.56702744330739,1.4004097073544173,964.04720832,93
15755,43.5670660286348,1.4004656490307386,970.26995932,94
15755,43.56712662349744,1.4005507286223258,979.88171637,95
15755,43.567226514963025,1.4006781126813714,995.00476799,96
15755,43.56725857791272,1.400718130252784,999.81164313,97
15755,43.56736658568407,1.4008465404506494,1015.66324572,98
15755,43.56738485838739,1.4008658715922933,1018.22333739,99
15755,43.56743420837504,1.400919055852458,1025.18560435,100
15755,43.56747442199538,1.4009625745947656,1030.86788836,101
15755,43.56749542872831,1.4009843104273279,1033.78729029,102
15755,43.56758942335871,1.4010759453724686,1046.58357735,103
15755,43.567616798092956,1.4011024669905707,1050.30263605,104
15755,43.567645972679074,1.4011289415164367,1054.18511482,105
15755,43.567684266454826,1.4011638440768959,1059.28792522,106
15755,43.56776175390229,1.40123362577259,1069.57615855,107
15755,43.56784640648268,1.4013007438843923,1080.43180471,108
15755,43.56787646382261,1.4013259573902663,1084.34294474,109
15755,43.56790376998776,1.4013475286066772,1087.8414592,110
15755,43.56794469497358,1.4013774101466,1092.98970263,111
15755,43.56799107090527,1.4014108633864575,1098.80834675,112
15755,43.56805926776361,1.4014598410086219,1107.35674134,113
15755,43.56810740927623,1.4014907719406666,1113.26146879,114
15755,43.56818643949662,1.4015419424501243,1122.96822912,115
15755,43.56828535375338,1.4015987832978287,1134.88228979,116
15755,43.568334360905475,1.4016272155661813,1140.79352879,117
15755,43.56840236930199,1.4016625793375286,1148.87464635,118
15755,43.56853921749399,1.4017283328767245,1164.98725832,119
15755,43.56863340940767,1.4017692023296875,1175.96632093,120
15755,43.56875015089331,1.4018131962293814,1189.42259609,121
15755,43.56879720402867,1.4018305368815345,1194.83798467,122
15755,43.56887587452438,1.401855717140298,1203.81790857,123
15755,43.568956344870124,1.40188085036906,1212.99206677,124
15755,43.569068938703666,1.4018853330345564,1225.51715486,125
15755,43.56929144369208,1.4018956067450825,1250.27245609,126
15755,43.56957339531855,1.401908039489226,1281.64008631,127
15755,43.56978598393007,1.4019173346886356,1305.29075283,128
15755,43.569994072882416,1.4019267476885398,1328.44164455,129
15755,43.570176946700585,1.4019355823652557,1348.78876615,130
15755,43.57024091010574,1.4019388613480228,1355.90608626,131
15755,43.57024181003419,1.4019388378009487,1356.00617186,132
15755,43.57034900424441,1.4019434619499722,1367.93146103,133
15755,43.57051384522959,1.4019502922423952,1386.26922564,134
15755,43.57070661822431,1.401958868048278,1407.71576566,135
15755,43.5709669543065,1.4019706287756672,1436.67935871,136
15755,43.57113089532629,1.4019774827573543,1454.91715442,137
15755,43.57127952043747,1.4019834993433375,1471.45064223,138
15755,43.571428162660965,1.4019907536897804,1487.98925542,139
15755,43.57151464135883,1.4019946818616282,1497.61046713,140
15755,43.571686698818255,1.4020025617853855,1516.75293935,141
15755,43.571822724907584,1.4020089081403297,1531.88700991,142
15755,43.57194703480684,1.4020143228877133,1545.71654063,143
15755,43.57209655980161,1.4020203160971414,1562.34999335,144
15755,43.57224520198038,1.4020275706302159,1578.88860183,145
15755,43.572437074924935,1.4020361704695672,1600.235175,146
15755,43.572562284723936,1.402041561780442,1614.16466157,147
15755,43.57269561098639,1.402047978952455,1628.99889697,148
15755,43.57283343688058,1.4020542784206285,1644.33285847,149
15755,43.573005494256606,1.4020621586824042,1663.47532187,150
15755,43.57311898785145,1.4020666184329922,1676.10036436,151
15755,43.573270329756745,1.4020738025614294,1692.93878874,152
15755,43.573383823340606,1.402078262352991,1705.56383006,153
15755,43.57356038031911,1.4020860250224203,1725.20605483,154
15755,43.57368379021175,1.4020914636269564,1738.9356202,155
15755,43.5738324323035,1.4020987185216973,1755.47421949,156
15755,43.574052220001604,1.402107826664529,1779.92454229,157
15755,43.574241393037134,1.402116497648425,1800.97124803,158
15755,43.57439813444301,1.4021235407567516,1818.40935408,159
15755,43.57454495952243,1.4021296051118368,1834.74288816,160
15755,43.57471161722765,1.4021376270818533,1853.28566942,161
15755,43.57471251715476,1.402137603535984,1853.38575486,162
15755,43.57497195292688,1.4021493893423567,1882.24935594,163
15755,43.57529533484142,1.402163216929627,1918.22508298,164
15755,43.57567821459674,1.4021829175538942,1960.82899709,165
15755,43.57585315987202,1.40220434393854,1980.3584753,166
15755,43.57599127660885,1.4022316870884053,1995.87352917,167
15755,43.576080745939464,1.4022565882941238,2006.02229643,168
15755,43.576204634997666,1.4022966866532407,2020.1717901,169
15755,43.576312359590474,1.4023396846194711,2032.64097994,170
15755,43.57643922224639,1.4023995179957713,2047.54819981,171
15755,43.57657257261927,1.4024728030189453,2063.50810186,172
15755,43.57668337343246,1.4025429633638822,2077.06309386,173
15755,43.576765171184796,1.402599023158161,2087.21798583,174
15755,43.576814314852996,1.4026373629007585,2093.49491195,175
15755,43.57691173644732,1.4027165417942968,2106.06599204,176
15755,43.57701747977358,1.4028116010876985,2120.09779079,177
15755,43.57711330671578,1.4029056817537053,2133.17355503,178
15755,43.577229445240214,1.40303638043487,2149.83548259,179
15755,43.57729718608159,1.4031175749245497,2159.81131697,180
15755,43.57735769323772,1.4031964821409926,2169.06714962,181
15755,43.577440328871006,1.4033131982448872,2182.21362077,182
15755,43.57750100694293,1.403404484386518,2192.19347514,183
15755,43.57758391602305,1.4035410067475025,2206.54394413,184
15755,43.57768097371257,1.403724215232442,2224.82726488,185
15755,43.577731006243226,1.4038269251446425,2234.7974916,186
15755,43.57779793842899,1.4039799641467088,2249.19779858,187
15755,43.57787261693157,1.4041724269390097,2266.78522557,188
15755,43.577930788724146,1.4043430319139145,2281.97429052,189
15755,43.5779761219847,1.404496636279214,2295.33511431,190
15755,43.578017092141735,1.4046602613467978,2309.28082859,191
15755,43.57804787234273,1.404803101493013,2321.28538479,192
15755,43.578069242969235,1.404916468042709,2330.72159258,193
15755,43.57808782826555,1.4050237158504186,2339.60453597,194
15755,43.57809583079171,1.405081707569639,2344.35997708,195
15755,43.57811193827215,1.4052051182588676,2354.46121573,196
15755,43.578118277535545,1.4052730599684422,2359.97937434,197
15755,43.57812884858038,1.4053867088050531,2369.20935288,198
15755,43.5781336270472,1.405472027701527,2376.10260683,199
15755,43.57813937370606,1.4055622745873084,2383.40034835,200
15755,43.57814198177206,1.405686037914925,2393.3741467,201
15755,43.57814380403888,1.4057528593090285,2398.7606627,202
15755,43.578142197352335,1.4058321533620664,2405.1505817,203
15755,43.57813987854527,1.405925087453797,2412.64119605,204
15755,43.578137115652446,1.4059858369633906,2417.54442195,205
15755,43.578131589771004,1.4061073359660907,2427.35087376,206
15755,43.57812433220766,1.4062338333928939,2437.57260505,207
15755,43.57811990589206,1.4063045327889234,2443.28892587,208
15755,43.57811351389419,1.4064285309483575,2453.30268373,209
15755,43.578108124118614,1.406559932806717,2463.90453447,210
15755,43.57810644859606,1.4066342753208962,2469.8959922,211
15755,43.578105319251726,1.4067482296012639,2479.07628368,212
15755,43.57810324333098,1.4069241242236243,2493.24711704,213
15755,43.57810390895214,1.4069724010698752,2497.13669734,214
15755,43.578106788556184,1.407115970273165,2508.70615173,215
15755,43.57810859293145,1.4071815538033998,2513.99295247,216
15755,43.57811248720985,1.4072681341517088,2520.9807444,217
15755,43.578115259678036,1.4073386456947288,2526.66906545,218
15755,43.578121431426496,1.4074598394376996,2536.45575218,219
15755,43.57812486484992,1.407512997373772,2540.75480207,220
15755,43.57812931759978,1.4075747969284522,2545.75754129,221
15755,43.5781348408414,1.407648951712767,2551.76246602,222
15755,43.57814775526857,1.407802165869974,2564.18767914,223
15755,43.57815502704674,1.4078725601644984,2569.9155518,224
15755,43.57816133062852,1.4079380264602404,2575.23547347,225
15755,43.578166597798344,1.4079936132748658,2579.75133076,226
15755,43.57817665451757,1.4080701265824898,2586.01537373,227
15755,43.57818474078732,1.4081343081343214,2591.26303121,228
15755,43.578189888485,1.4081812298975378,2595.08584136,229
15755,43.57819693833882,1.4082355319743438,2599.52975263,230
15755,43.57820291771085,1.4082774788178376,2602.97351092,231
15755,43.57821078218455,1.4083255681093318,2606.94475251,232
15755,43.57822562819603,1.4084230080548343,2614.96559805,233
15755,43.57823159044896,1.4084637170655183,2618.31119669,234
15755,43.57823945484512,1.4085118064035673,2622.28243824,235
15755,43.57825020655163,1.4085734419802198,2627.38930859,236
15755,43.57826776918453,1.4086720495676193,2635.56903031,237
15755,43.57829305962365,1.4088088436538968,2646.94144202,238
15755,43.57830562807281,1.4088716703133286,2652.19176154,239
15755,43.57832103263681,1.4089443296398136,2658.2902146,240
15755,43.578337422307435,1.4090231549228986,2664.89621627,241
15755,43.57835656283865,1.409105623535073,2671.8719494,242
15755,43.57838237774996,1.4092151613260062,2681.15075098,243
15755,43.578405271231205,1.4093086771635068,2689.1022582,244
15755,43.57844895139063,1.409473474166462,2703.23782871,245
15755,43.57848587178102,1.4096050128012443,2714.60119633,246
15755,43.578519836677366,1.4097180537451433,2724.45915135,247
15755,43.57857161559826,1.4098826404509386,2738.91332272,248
15755,43.57863731904191,1.4100778229616924,2756.25039839,249
15755,43.578694394821405,1.410234842436739,2770.4017231,250
15755,43.57874483028497,1.410367268549625,2782.45339775,251
15755,43.578809190233365,1.410530290596375,2797.40872233,252
15755,43.578876181624445,1.4106882911842702,2812.15576157,253
15755,43.57895971199972,1.4108706282993455,2829.53388545,254
15755,43.57900795532475,1.4109746309381044,2839.48186768,255
15755,43.57908382622201,1.4111237331552713,2854.15930246,256
15755,43.579223374810574,1.411386344179271,2880.3941777,257
15755,43.57930639353702,1.4115315464799978,2895.294547,258
15755,43.57938654212981,1.4116644404450485,2909.22366556,259
15755,43.57946292070405,1.4117850494127793,2922.1277876,260
15755,43.57961917510193,1.4120187472451187,2947.7452156,261
15755,43.579712771004395,1.41214757782083,2962.44237971,262
15755,43.57991074449092,1.4124037214919598,2992.61374365,263
15755,43.58004801267755,1.4125660917715872,3012.71446513,264
15755,43.58011291092314,1.412637467476109,3021.94113057,265
15755,43.58014675243475,1.4126762150733314,3026.83008252,266
15755,43.58020433215415,1.4127391127590723,3034.99476889,267
15755,43.58030933722554,1.4128465970627027,3049.53058872,268
15755,43.58043069391306,1.412964801989817,3066.04584842,269
15755,43.58059663995781,1.4131177611137424,3088.23358344,270
15755,43.58080447543166,1.4133055452037684,3115.85390661,271
15755,43.58098497281871,1.4134692734389085,3139.86958776,272
15755,43.58111344327907,1.4135811042205797,3156.75781547,273
15755,43.58124738116927,1.4136977469378915,3174.36702199,274
15755,43.58141687492574,1.4138469027846694,3196.71764748,275
15755,43.58184592304742,1.4142134660716388,3252.82342507,276
15755,43.58202259853281,1.4143611999138934,3275.79182451,277
15755,43.582171936274754,1.4144848765557276,3295.15640583,278
15755,43.58228758590804,1.414580945347813,3310.16474542,279
15755,43.58246967744313,1.4147297791002134,3333.69529585,280
15755,43.58256343989899,1.4148053641829643,3345.76866161,281
15755,43.58268632263112,1.4149037232369144,3361.56331367,282
15755,43.582826524640595,1.4150177324133986,3379.65671575,283
15755,43.583038567858864,1.4151843675505045,3406.78750279,284
15755,43.58320873880982,1.415317414885664,3428.53360937,285
15755,43.583266979279315,1.415362963213194,3435.97667002,286
15755,43.58338346016086,1.415454060128885,3450.86279085,287
15755,43.58345078472102,1.415505565086831,3459.42158887,288
15755,43.58345715211223,1.415510353536115,3460.22784868,289
15755,43.58350262377179,1.4155438493573531,3465.9588564,290
15755,43.58353901127682,1.4155713888385146,3470.57312303,291
15755,43.58424395628602,1.4161004850325183,3559.79531205,292
15755,43.584635846093306,1.4163838304650571,3608.98611739,293
15755,43.58545932199561,1.416956933762933,3711.52969647,294
15755,43.5856892250878,1.4171132120369452,3740.02462611,295
15755,43.58594177872409,1.4172800505741179,3771.15679405,296
15755,43.586405030853435,1.417581377558861,3828.09922067,297
15755,43.58677100686899,1.4178133974905265,3872.87958267,298
15755,43.58684454503083,1.4178585544349676,3881.82903285,299
15755,43.58691718324666,1.4179037348063992,3890.68791624,300
15755,43.58699525490001,1.4179512514820796,3900.17524897,301
15755,43.587069709877326,1.4179976234941207,3909.25773896,302
15755,43.58712146329412,1.418029721880288,3915.56649569,303
15755,43.587219519696596,1.4180903445418525,3927.51321434,304
15755,43.58727125613745,1.4181212050285448,3933.78003862,305
15755,43.58746731796226,1.4182387369551417,3957.5475953,306
15755,43.58755263971008,1.4182897821721934,3967.88743252,307
15755,43.58755353963637,1.4182897588594108,3967.98751751,308
15755,43.58769239757787,1.4183716185073811,3984.77655543,309
15755,43.58803541623837,1.418570802819528,4026.15493735,310
15755,43.58834479843417,1.4187460901167372,4063.3408326,311
15755,43.58851517036701,1.4188283742626913,4083.41105921,312
15755,43.58866365604058,1.4188901707158328,4100.65577405,313
15755,43.58881383989378,1.4189444923326333,4117.91906066,314
15755,43.58891508894608,1.418975310763177,4129.44781937,315
15755,43.589038886949666,1.4190092610047724,4143.48248387,316
15755,43.58921584831779,1.41904678893347,4163.39049151,317
15755,43.58928262914733,1.41905868364054,4170.87773066,318
15755,43.58933404348482,1.4190660221113034,4176.62522145,319
15755,43.589413406334444,1.4190763525356425,4185.48911341,320
15755,43.58947020328635,1.4190823131244605,4191.82287376,321
15755,43.58953418270631,1.419086849207244,4198.94644449,322
15755,43.58962157713256,1.4190920175585364,4208.67318536,323
15755,43.58969540492118,1.4190925830252437,4216.88259852,324
15755,43.58986915833857,1.419093038210013,4236.2031584,325
15755,43.5901860337963,1.4190922646208086,4271.43820527,326
15755,43.590308474488836,1.4190928099037277,4285.05307867,327
15755,43.590433648826725,1.4190957615251043,4298.97387895,328
15755,43.59056600562599,1.4190972886186184,4313.69181767,329
15755,43.590720911366176,1.4191019475480962,4330.92066007,330
15755,43.590824504412474,1.419106696585705,4342.44604506,331
15755,43.590919981189415,1.4191104172259927,4353.06682076,332
15755,43.59098392670171,1.4191124771812067,4360.17918225,333
15755,43.59115239904503,1.4191217391947526,4378.92732282,334
15755,43.59131637175121,1.4191311177685146,4397.17591896,335
15755,43.59138845045449,1.41913544432356,4405.19828682,336
15755,43.59145062997832,1.419140027207997,4412.12218821,337
15755,43.5915461406059,1.4191462242260837,4422.75422028,338
15755,43.59163086906429,1.4191539390285515,4432.19607284,339
15755,43.59180932522307,1.419169135683275,4452.07722564,340
15755,43.59194451722098,1.4191804982806155,4467.13773713,341
15755,43.5921374568361,1.4192015130509752,4488.65832415,342
15755,43.592341195533635,1.4192222483437784,4511.37452719,343
15755,43.59245753988398,1.4192378149601408,4524.37204694,344
15755,43.5925810836265,1.4192531952318221,4538.16523132,345
15755,43.59263159796651,1.4192605575632102,4543.81338473,346
15755,43.592698327887604,1.41926873866799,4551.26261769,347
15755,43.592767774516076,1.4192780880585494,4559.02136212,348
15755,43.59279302321629,1.41928115015973,4561.83970291,349
15755,43.59284173770107,1.4192885591399644,4567.2892774,350
15755,43.5929030850013,1.4192981182747286,4574.15409727,351
15755,43.59307539399855,1.4193246223395144,4593.43253656,352
15755,43.593140357924014,1.419335326525147,4600.70746033,353
15755,43.593226953908385,1.4193479479042166,4610.39000704,354
15755,43.59353377499031,1.4194019352907172,4644.78292046,355
15755,43.59364477052018,1.4194213569036194,4657.22378773,356
15755,43.59388489551144,1.4194696399124977,4684.20614616,357
15755,43.59406362240888,1.419504649169479,4704.27868852,358
15755,43.59418015290588,1.4195338369331831,4717.44778005,359
15755,43.594278718766574,1.4195659671385685,4728.70911511,360
15755,43.594364719536706,1.41960089999519,4738.67718889,361
15755,43.594458938131,1.419644290710775,4749.72121166,362
15755,43.594582292894906,1.4197117002343342,4764.47283956,363
15755,43.59471218409821,1.4197962818893195,4780.44169091,364
15755,43.594776755892745,1.4198441564407334,4788.59138315,365
15755,43.594911569808836,1.4199595774954172,4806.22987703,366
15755,43.59503750284565,1.4200838994568368,4823.44392718,367
15755,43.595103346803995,1.4201589920348086,4832.93994039,368
15755,43.59519491325315,1.4202718174973599,4846.58625533,369
15755,43.59526557825253,1.420370320215484,4857.751665,370
15755,43.59533822915884,1.420482397025678,4869.8645788,371
15755,43.595437806867295,1.4206544718608394,4887.60226433,372
15755,43.5954877901959,1.420754749066495,4897.40541599,373
15755,43.59555463187042,1.420902898227343,4911.46167553,374
15755,43.59561617530379,1.4210586167245078,4925.74747229,375
15755,43.595663066021764,1.4211961344825996,4937.9878467,376
15755,43.59570841042028,1.421352272425643,4951.53491822,377
15755,43.595757980007235,1.4215541320304432,4968.69973387,378
15755,43.595792182892744,1.421751434542904,4985.037339,379
15755,43.59581589454027,1.4219056550690354,4997.73350342,380
15755,43.595851829054716,1.4220979585184708,5013.72687025,381
15755,43.59591685682225,1.4224431054093267,5042.44664437,382
15755,43.59601683220014,1.4229743895964801,5086.65149329,383
15755,43.5960673449508,1.423245592785604,5109.20208477,384
15755,43.59607703677876,1.423296128063764,5113.41194603,385
15755,43.59609647104092,1.4234009133798664,5122.1225779,386
15755,43.59614693212551,1.4236684025606465,5144.38215575,387
15755,43.59620326491649,1.4239704234933088,5169.49741584,388
15755,43.59623917910818,1.424161491137648,5185.39377508,389
15755,43.59629449252761,1.4244548685159766,5209.8067493,390
15755,43.59633622739981,1.4246767534567082,5228.26778961,391
15755,43.596386736150535,1.424947959472888,5250.81837853,392
15755,43.596421664437884,1.425132860260111,5266.20647763,393
15755,43.59651685794295,1.425644457339545,5308.74298683,394
15755,43.596623607027176,1.4262114988008572,5355.92379176,395
15755,43.59674593192143,1.4268648487789075,5410.26705859,396
15755,43.59680222264752,1.4271643991184437,5435.18829218,397
15755,43.5968429681449,1.4273801196712972,5453.14107178,398
15755,43.596880811311635,1.4275810509981792,5469.85999381,399
15755,43.59694005259612,1.4278991069682332,5496.30609956,400
15755,43.59698371541962,1.4281308563183706,5515.58970313,401
15755,43.59703319826791,1.4283934234320554,5537.43798859,402
15755,43.59711863745169,1.4288507789019738,5575.47362744,403
15755,43.59719823774951,1.4292760797851887,5610.84757374,404
15755,43.59727294991217,1.4296730174739907,5643.87412936,405
15755,43.59731178994169,1.4298813580732128,5661.19833745,406
15755,43.59734579358096,1.4300650493624183,5676.46620341,407
15755,43.597372959282545,1.4302092783581306,5688.46704336,408
15755,43.597402076001806,1.4303646055952843,5701.38743585,409
15755,43.597439913973126,1.4305655406119149,5718.10635455,410
15755,43.59747585087147,1.4307590925395723,5734.19675085,411
15755,43.59749522792576,1.4308601678285635,5742.6164691,412
15755,43.59751175382533,1.4309501681590664,5750.09331973,413
15755,43.59751952476219,1.430992084236807,5753.57757071,414
15755,43.59753016355096,1.4310463136230003,5758.10193061,415
15755,43.59754375421528,1.4311190476752271,5764.15084896,416
15755,43.59756608283624,1.4312386278505558,5774.09528774,417
15755,43.597589462508964,1.4313693294166052,5784.9366814,418
15755,43.59759725009864,1.4314124838709108,5788.51806895,419
15755,43.59760503767219,1.4314556383362251,5792.09945649,420
15755,43.597616693796446,1.4315185126494019,5797.32583278,421
15755,43.59762354779774,1.431559213722105,5800.69083259,422
15755,43.59763128490739,1.431598653412892,5803.98127603,423
15755,43.597643008163075,1.4316664808638568,5809.59665398,424
15755,43.597654697775724,1.4317318317986267,5815.01735067,425
15755,43.59766645455489,1.4318021358439275,5820.8277343,426
15755,43.59768609949043,1.4319230241283583,5830.80463427,427
15755,43.59769298694731,1.4319662018366608,5834.36496991,428
15755,43.5977018086283,1.4320192395030502,5838.74715524,429
15755,43.597714498753795,1.4320919970895498,5844.77366305,430
15755,43.59773422736794,1.4322190769267023,5855.23956334,431
15755,43.597739113310446,1.4322474416481383,5857.58742345,432
15755,43.597743132911674,1.432278306030767,5860.11272015,433
15755,43.59775005382629,1.4323239603659175,5863.86882564,434
15755,43.5977668137035,1.4324312972984026,5872.7110068,435
15755,43.59779054466998,1.4325880035070448,5885.60308034,436
15755,43.597815494371645,1.4327682139524118,5900.37774406,437
15755,43.59785248522155,1.4330397797217707,5922.62964844,438
15755,43.59787266601616,1.4332002936026473,5935.74872529,439
15755,43.59789800078969,1.4334089849003027,5952.78852833,440
15755,43.597919248815835,1.433581858701267,5966.90863541,441
15755,43.59793978123566,1.4337683767634026,5982.10093015,442
15755,43.597971789595256,1.4340710391538234,6006.73195571,443
15755,43.597989571123236,1.4342539119493702,6021.59030555,444
15755,43.59800533446412,1.4344207333822983,6035.13780924,445
15755,43.59802026472191,1.434592531095202,6049.07142205,446
15755,43.59804095200207,1.4348570845064383,6070.49894222,447
15755,43.598052963869485,1.4350128539950955,6083.11349671,448
15755,43.59805977176272,1.435116731113275,6091.51258781,449
15755,43.598066428683985,1.4352094637307524,6099.01665924,450
15755,43.59807216884115,1.4353009811539241,6106.41386526,451
15755,43.59807997697507,1.4354122649569094,6115.41716858,452
15755,43.59808488408994,1.4355087586060524,6123.20663899,453
15755,43.598090925690876,1.4356225651435848,6132.39571723,454
15755,43.59810179023552,1.4358266739991088,6148.87630772,455
15755,43.598112173377835,1.4360617630220913,6167.84246762,456
15755,43.59812431033898,1.4363599814504957,6191.89495476,457
15755,43.59812686865085,1.4364825483149077,6201.76897774,458
15755,43.598130879482234,1.436645955452596,6214.93519582,459
15755,43.59813435416511,1.4367697375799588,6224.91046557,460
15755,43.59813610820384,1.436832866931207,6229.9978131,461
15755,43.59813716323585,1.4369108787165488,6236.28095109,462
15755,43.598137833070105,1.436960410010228,6240.27024505,463
15755,43.59813868707802,1.4370235624112466,6245.35659485,464
15755,43.59813875833406,1.4370954058306558,6251.14192374,465
15755,43.59814054988166,1.4372279020525587,6261.81328507,466
15755,43.59814175532356,1.4373170583931683,6268.99401419,467
15755,43.598141361732026,1.437421120197997,6277.37389627,468
15755,43.59814148696622,1.4375635687616053,6288.84483674,469
15755,43.598140121150394,1.4378621330567427,6312.88775447,470
15755,43.59813620172321,1.4381050206670576,6332.45158108,471
15755,43.598130201032724,1.43839379376519,6355.71513895,472
15755,43.598122496775694,1.4386231522619926,6374.20451447,473
15755,43.59811467498597,1.4388438427240782,6391.99729579,474
15755,43.59809887663993,1.4392071886924953,6421.30910166,475
15755,43.59805253187519,1.4400420245101997,6488.73308727,476
15755,43.59801963574826,1.440539586942929,6528.96691026,477
15755,43.59800607663439,1.4407356490865189,6544.82703394,478
15755,43.59799538195078,1.4408771348665066,6556.28235611,479
15755,43.59797858998475,1.4411005309465599,6574.36842275,480
15755,43.59796264741784,1.4413201890864962,6592.14545767,481
15755,43.59795620119449,1.4414429855888427,6602.05984635,482
15755,43.597956705478126,1.441613914167344,6615.82434036,483
15755,43.5979610413802,1.4417351966928007,6625.60276105,484
15755,43.597974760370676,1.4418847299904871,6637.74048298,485
15755,43.597990828431804,1.442008190559005,6647.84166777,486
15755,43.59801019564614,1.4421092702698128,6656.26138298,487
15755,43.59804567930591,1.4422706354675434,6669.84145816,488
15755,43.598086378748924,1.4424182419762133,6682.56014441,489
15755,43.5981481601056,1.4425938011588966,6698.2781347,490
15755,43.598237306058614,1.4427959143069653,6717.33468117,491
15755,43.59834155025578,1.4429827783915767,6736.32915072,492
15755,43.59838293108472,1.4430473748246966,6743.27395728,493
15755,43.59847832497936,1.443178723233796,6758.25357198,494
15755,43.59857896818946,1.4432987897268155,6773.04273291,495
15755,43.59866474548262,1.4433845515069788,6784.81844896,496
15755,43.59876858796774,1.4434748077977555,6798.46218625,497
15755,43.59888219618437,1.4435549056114179,6812.64620285,498
15755,43.59894757459516,1.4435965941116453,6820.65362587,499
15755,43.599032818094756,1.4436427311528792,6830.83438191,500
15755,43.599095313277374,1.4436708673388452,6838.14356115,501
15755,43.59916500787305,1.4436988200409535,6846.21352808,502
15755,43.599231952657945,1.443723126714577,6853.91048511,503
15755,43.59944176957585,1.4437945793310492,6877.94010895,504
15755,43.599523129847206,1.4438197574753875,6887.21137362,505
15755,43.59966863504207,1.4438618816249658,6903.74258454,506
15755,43.59980054127419,1.4438969201659533,6918.67881819,507
15755,43.59991976515037,1.4439260884097724,6932.14238361,508
15755,43.59994324661895,1.4439316835838476,6934.79199469,509
15755,43.60002902312965,1.4439505558085346,6944.45022642,510
15755,43.60006965322901,1.4439594301269771,6949.02425899,511
15755,43.60011568289155,1.4439681668228095,6954.19065449,512
15755,43.60017614473173,1.4439790131595889,6960.97020742,513
15755,43.600228490552965,1.4439888276403228,6966.84421249,514
15755,43.60026910397629,1.4439964636857223,6971.40189344,515
15755,43.600314217035276,1.444003985048192,6976.45467297,516
15755,43.60034038160872,1.4440082731437793,6979.3844635,517
15755,43.600367429439046,1.4440112999750239,6982.40190891,518
15755,43.60040892611621,1.4440176747839644,6987.0446006,519
15755,43.60044680641326,1.4440229030239418,6991.27769022,520
15755,43.600445906485945,1.4440229259623314,6991.37777476,521
15755,43.600557747518046,1.4440386565974022,7003.87829019,522
15755,43.60061182650288,1.4440434719765738,7009.90409577,523
15755,43.600651489980834,1.4440474160384802,7014.32589932,524
15755,43.6007010693273,1.4440523461230705,7019.85315367,525
15755,43.60079931142029,1.4440609909159348,7030.79934745,526
15755,43.60084615764304,1.4440635131587403,7036.01237479,527
15755,43.600956982040884,1.44407059851866,7048.34870278,528
15755,43.60103264259853,1.4440736251065311,7056.76531367,529
15755,43.6011514996549,1.4440755506845082,7069.98254304,530
15755,43.6012244437566,1.4440774077548375,7078.09494657,531
15755,43.601310853423385,1.4440764440640217,7087.70358971,532
15755,43.601380147804804,1.4440746778417608,7095.41009641,533
15755,43.601436843206486,1.4440732327478376,7101.71541993,534
15755,43.60150073802284,1.4440716041467074,7108.82141929,535
15755,43.601569099133634,1.4440673841437859,7116.43042976,536
15755,43.60165634203869,1.4440614440724766,7126.14319588,537
15755,43.60172830285295,1.4440571322939597,7134.15241318,538
15755,43.60176336666284,1.4440537609814679,7138.06077534,539
15755,43.60187392431102,1.4440410326688857,7150.39689123,540
15755,43.60196111719576,1.444031377444741,7160.12343235,541
15755,43.60204917666389,1.4440192225267667,7169.9640049,542
15755,43.602114771298936,1.4440101177848748,7177.29455774,543
15755,43.60222527891776,1.4439936742184296,7189.65359112,544
15755,43.60232053778716,1.4439813356758449,7200.29240049,545
15755,43.60236820056098,1.4439776431302707,7205.60060009,546
15755,43.60246445937336,1.4439727118259706,7216.31146912,547
15755,43.60258063326094,1.4439759444467388,7229.23205597,548
15755,43.602632912355965,1.443980805809582,7235.05839841,549
15755,43.60270232339536,1.4439877080785326,7242.79654899,550
15755,43.602720355267365,1.443989726037729,7244.80817757,551
15755,43.60276818473698,1.4439984172564946,7250.17242481,552
15755,43.60281059797578,1.4440060077468861,7254.92800717,553
15755,43.602845795131145,1.4440125433834692,7258.87697986,554
15755,43.60292257227427,1.4440316460109839,7267.55167816,555
15755,43.60295328646395,1.4440395347518395,7271.02551352,556
15755,43.60299396652272,1.4440521247029625,7275.66114012,557
15755,43.6030834926498,1.4440820517468134,7285.90351054,558
15755,43.60313962147357,1.444105397273122,7292.42169933,559
15755,43.60320661608379,1.4441334211364756,7300.20542209,560
15755,43.60325917852589,1.4441593352833975,7306.411409,561
15755,43.60333078942891,1.4441959133032325,7314.90142798,562
15755,43.60338160200512,1.444225588601905,7321.03601848,563
15755,43.603446930066646,1.4442635657167784,7328.91756736,564
15755,43.6035096250026,1.4443065652925264,7336.70137016,565
15755,43.60356232073244,1.4443423868723557,7343.23231384,566
15755,43.603587801999026,1.4443627974099074,7346.50783321,567
15755,43.60363056518826,1.4443963945670661,7351.9785564,568
15755,43.60367059525696,1.4444275837788438,7357.08928317,569
15755,43.60369702642983,1.444451686646307,7360.61126036,570
15755,43.60377718651404,1.4445214956440453,7371.14901068,571
15755,43.60382921554308,1.4445746780964517,7378.34677878,572
15755,43.60388304439931,1.4446278147779803,7385.70422477,573
15755,43.60398266934765,1.4447392483974193,7399.95989351,574
15755,43.604024799083305,1.4447926834267124,7406.32051154,575
15755,43.60408156086837,1.4448630893588668,7414.80428199,576
15755,43.60412102408701,1.4449190701517631,7421.09500549,577
15755,43.60414945492528,1.4449579884351624,7425.54630231,578
15755,43.604165986793724,1.4449823439034568,7428.23424107,579
15755,43.60419450090611,1.4450274542820531,7433.05565097,580
15755,43.60422206509828,1.4450688724031688,7437.58511283,581
15755,43.60424872934903,1.445110313485472,7442.04884887,582
15755,43.604259811652994,1.4451310913489175,7444.12670962,583
15755,43.60428839233643,1.4451811555037637,7449.25989836,584
15755,43.6043234390509,1.4452434433521069,7455.61130065,585
15755,43.60434377044122,1.4452825682072052,7459.48883018,586
15755,43.60437150109944,1.445336370655643,7464.80626218,587
15755,43.60440201478737,1.4453962964524174,7470.70492097,588
15755,43.60441871311059,1.4454330362608723,7474.19759015,589
15755,43.604434511495704,1.4454697990079852,7477.63969251,590
15755,43.604449343326635,1.4455016310412854,7480.68751927,591
15755,43.60447072443716,1.4455518788639625,7485.38022361,592
15755,43.60447070778363,1.4455506404508,7485.47995581,593
15755,43.60447815699565,1.4455690333114075,7487.17682299,594
15755,43.60448467297213,1.4455849722664398,7488.65060207,595
15755,43.60449493852804,1.4456119652812713,7491.10555314,596
15755,43.60450423754087,1.4456340275658137,7493.16099151,597
15755,43.604528468240794,1.4456953524630647,7498.78603172,598
15755,43.60454065018498,1.4457309685884543,7501.95760088,599
15755,43.60455656503279,1.4457764003908327,7506.02125576,600
15755,43.60456688049618,1.445807108715185,7508.74693519,601
15755,43.60458654487144,1.4458635946453695,7513.79339713,602
15755,43.604612958237055,1.445953357464003,7521.5949043,603
15755,43.60463373889772,1.4460259199889718,7527.87784582,604
15755,43.604663035037404,1.446129236809242,7536.81180247,605
15755,43.60468286572122,1.4461981071085372,7542.77944549,606
15755,43.604713128214755,1.4463063548613084,7552.12237828,607
15755,43.60473669165541,1.4463850410036048,7558.97844287,608
15755,43.604773419891835,1.4465055128148798,7569.50326626,609
15755,43.60479508348861,1.4465768143961553,7575.72921691,610
15755,43.60482614570425,1.4466776091107658,7584.54940726,611
15755,43.60484775927233,1.446745195551285,7590.49839154,612
15755,43.604871205933605,1.446815213085072,7596.70970932,613
15755,43.60489091973221,1.4468754148877054,7602.02964272,614
15755,43.60491253318414,1.4469430014699693,7607.97862686,615
15755,43.60493501324704,1.4470080883581027,7613.7848974,616
15755,43.60494719478503,1.447043704982631,7616.95646609,617
15755,43.60496309247757,1.4470878990062161,7620.92977034,618
15755,43.604990255090016,1.4471664941973448,7627.94189741,619
15755,43.605012718390945,1.4472303428260267,7633.65751897,620
15755,43.60504824639783,1.4473285469250263,7642.49663315,621
15755,43.60507347592332,1.4473972807061855,7648.70134827,622
15755,43.60509870540771,1.4474660145441567,7654.90606333,623
15755,43.605120185454034,1.447523694150549,7660.12847447,624
15755,43.60513604969825,1.4475654115699468,7663.92248886,625
15755,43.60516869469876,1.4476500620149735,7671.6446831,626
15755,43.60520410593688,1.447739597608688,7679.85909296,627
15755,43.60521993684341,1.4477788382836092,7683.47593093,628
15755,43.60524043366084,1.447830348851595,7688.20839457,629
15755,43.60526837929417,1.447900252837325,7694.63769012,630
15755,43.605290692538,1.4479529561528184,7699.55332826,631
15755,43.60532695358595,1.448038753926566,7707.55211926,632
15755,43.60537997852226,1.448166246664697,7719.39026407,633
15755,43.6053948594811,1.4482017951440036,7722.69640072,634
15755,43.60541155690677,1.448238536317363,7726.18906857,635
15755,43.6054468346954,1.4483181651388755,7733.70536982,636
15755,43.60549232745597,1.4484210726772706,7743.41329308,637
15755,43.60550809163999,1.4484553599741874,7746.68348819,638
15755,43.60552942159289,1.448501894396489,7751.11789404,639
15755,43.60555905032192,1.44856308422161,7757.0447572,640
15755,43.60563133876791,1.4487173432241456,7771.83931542,641
15755,43.60570262737167,1.448864194826561,7786.07461506,642
15755,43.60576183455961,1.44898285991424,7797.67771488,643
15755,43.605773865937635,1.4490073314503364,7800.05933821,644
15755,43.605798845220555,1.4490574901263271,7804.96089448,645
15755,43.60585058695871,1.44915652342987,7814.7936828,646
15755,43.60590971077512,1.4492689968718442,7825.98437685,647
15755,43.60595403695202,1.44935211365201,7834.29581448,648
15755,43.60601309412948,1.449459633691947,7845.16179241,649
15755,43.60607583396436,1.4495732547389166,7856.6666507,650
15755,43.606160636977265,1.449721004010456,7871.84685126,651
15755,43.60626931949541,1.4499040745520337,7890.9077333,652
15755,43.606410130127955,1.4501334071944914,7915.11741794,653
15755,43.60655905623971,1.4503637737267367,7939.98227758,654
15755,43.60658936808079,1.4504088426941684,7944.93488315,655
15755,43.606717014349265,1.4505963898644658,7965.65884814,656
15755,43.60680884946819,1.450731574755523,7980.58360384,657
15755,43.60686760659877,1.4508168052975077,7990.0587593,658
15755,43.60700628364161,1.451021418645665,8012.62400778,659
15755,43.607140327940364,1.4512162393461348,8034.26218051,660
15755,43.607181654260955,1.4512771352617304,8040.98201964,661
15755,43.607278054564134,1.4514171619325789,8056.53868089,662
15755,43.60734969217524,1.4515231282036598,8068.21109505,663
15755,43.60746263919858,1.4516887527233322,8086.52936316,664
15755,43.60758291807998,1.4518641030750616,8105.97669918,665
15755,43.60773350786553,1.452084524762009,8130.37644658,666
15755,43.60783635589511,1.452235540581266,8147.06850571,667
15755,43.60798969447692,1.4524596111082297,8171.89164864,668
15755,43.60811548776855,1.4526434970301694,8192.25951746,669
15755,43.60823668167571,1.4528200668183187,8211.8479933,670
15755,43.60836340745667,1.4530064084064318,8232.43083122,671
15755,43.608517644441825,1.4532304599987238,8257.32147836,672
15755,43.608669164635856,1.4534533426300478,8281.93621353,673
15755,43.60883353185852,1.4536944847368931,8308.60049821,674
15755,43.608959306583436,1.4538771372390449,8328.89472349,675
15755,43.60908236467222,1.4540586203658454,8348.91312324,676
15755,43.609207222323654,1.4542400586422553,8369.06619161,677
15755,43.609340361165614,1.4544349162230767,8390.63687677,678
15755,43.609496461404646,1.4546638835110286,8415.95719183,679
15755,43.609569012463766,1.4547710731790455,8427.77069026,680
15755,43.60970213384072,1.4549646945510994,8449.2676908,681
15755,43.609865581373256,1.4552046290599931,8475.79084482,682
15755,43.610017981066456,1.4554262602110857,8500.39917171,683
15755,43.61012542355476,1.4555846046376089,8517.87073515,684
15755,43.610127239953684,1.4555857976251068,8518.09438451,685
15755,43.610197040727584,1.4556893422102404,8529.48461504,686
15755,43.61037515022577,1.4559487329117557,8558.26590776,687
15755,43.61050370379924,1.4561375190728303,8579.13096172,688
15755,43.610616627545035,1.4563019221474898,8597.37547788,689
15755,43.61075069584304,1.4564992430533268,8619.1611518,690
15755,43.610874649662634,1.4566807140365172,8639.24673684,691
15755,43.611037160574874,1.4569182034024009,8665.55494207,692
15755,43.61113541988499,1.4570631565317753,8681.54142949,693
15755,43.611315359148165,1.45732498684717,8710.60500946,694
15755,43.6114402446236,1.4575089155577878,8730.90560302,695
15755,43.6116082690195,1.457754942816639,8758.13436233,696
15755,43.61176251314172,1.4579802568821563,8783.0986077,697
15755,43.61192042259345,1.458210435422942,8808.62741465,698
15755,43.6120783646087,1.4584430922966864,8834.30386531,699
15755,43.61223903895166,1.4586781593427471,8860.32979158,700
15755,43.612401545680775,1.4589156593350372,8886.63798385,701
15755,43.6125640519125,1.4591531605919323,8912.94617457,702
15755,43.61274951794711,1.4594247755792853,8943.00396763,703
15755,43.612871617723684,1.4596025881102446,8962.73355711,704
15755,43.613058932034654,1.4598778761868405,8993.1474521,705
15755,43.613247145603815,1.4601531432476536,9023.6286323,706
15755,43.61347851271845,1.4604917522376775,9061.11185169,707
15755,43.61364103214016,1.4607305004845141,9087.49385095,708
15755,43.61380168525333,1.4609643409631854,9113.44608077,709
15755,43.61398071558179,1.4612262169060974,9142.44216536,710
15755,43.614151497623475,1.4614771510344415,9170.16812245,711
15755,43.61435808487132,1.4617804625274293,9203.69328182,712
15755,43.61454261173365,1.4620496389151822,9233.53618561,713
15755,43.61473358570507,1.4623298058458924,9264.51453956,714
15755,43.614920860454696,1.462602633430006,9294.78087230001,715
15755,43.61510266911863,1.4628706441496109,9324.34808078001,716
15755,43.61535145600166,1.4632336159476431,9364.58658989001,717
15755,43.61544969077781,1.4633773508485608,9380.49914462001,718
15755,43.6155323138648,1.4634979371669543,9393.86493266001,719
15755,43.61566085487107,1.46368675517849,9414.72994774001,720
15755,43.61581875273889,1.4639169631837048,9440.25871866001,721
15755,43.616312702490774,1.4646417786881256,9520.39248305001,722
15755,43.61652842854794,1.4649560332404024,9555.25520427001,723
15755,43.61662206284541,1.465092454863634,9570.38836105001,724
15755,43.61668817302067,1.4651899185356956,9581.14006683001,725
15755,43.61689383397272,1.4654920391584403,9614.52407651001,726
15755,43.616964509190716,1.4655943452526219,9625.90776476001,727
15755,43.61705630999329,1.4657283367309288,9640.75863218001,728
15755,43.617264718591755,1.4660341091644515,9674.56599857001,729
15755,43.61734367341777,1.466149838419139,9687.36724412001,730
15755,43.61742630998799,1.4662716709142407,9700.80687279001,731
15755,43.617741194834615,1.4667321374180387,9751.79693635001,732
15755,43.61803955070578,1.4671682416468883,9800.09909259001,733
15755,43.61833240683951,1.4675970535214904,9847.55444692001,734
15755,43.61882446758072,1.4683170189920736,9927.25826090001,735
15755,43.61901634240115,1.4685984413199755,9958.37768998001,736
15755,43.6191035415926,1.4687251224285276,9972.44920279001,737
15755,43.6191880080565,1.4688493942008627,9986.17104094001,738
15755,43.619230241237375,1.4689115302160223,9993.03195985001,739
15755,43.61929083375878,1.4690004666105454,10002.86303378,740
15755,43.61935692417456,1.469096700055865,10013.54092145,741
15755,43.61941934920348,1.4691880691156052,10023.65424785,742
15755,43.61957633597642,1.4694183281007307,10049.11559357,743
15755,43.61964244243431,1.4695158011762162,10059.86728783,744
15755,43.619703950803746,1.4696059549316747,10069.83948427,745
15755,43.61970485072982,1.4696059323632717,10069.93956811,746
15755,43.61992885907149,1.4699348836541961,10106.29369743,747
15755,43.62024281273014,1.470394171755553,10157.14258101,748
15755,43.62046037184862,1.4707121380047814,10192.36120432,749
15755,43.62064949180478,1.4709899268057778,10223.05725037,750
15755,43.62081012375887,1.4712238211417397,10249.00941413,751
15755,43.62103779261143,1.4715576491930051,10285.92801904,752
15755,43.62121406595296,1.4718171773471098,10314.5745243,753
15755,43.62130860829225,1.471954836197838,10329.8488029,754
15755,43.621463756859455,1.4721826769593316,10355.02788728,755
15755,43.621574808387464,1.4723434679982474,10372.91651034,756
15755,43.62171526280419,1.4725493732811377,10395.68992496,757
15755,43.62189428273862,1.4728125559368932,10424.75976325,758
15755,43.62207143677607,1.4730708300618414,10453.39978813,759
15755,43.62221188987222,1.4732767386942514,10476.17319863,760
15755,43.62241936183865,1.4735813464600913,10509.83938003,761
15755,43.622602960759785,1.473850616588237,10539.61481293,762
15755,43.6228370357884,1.4741929782862986,10577.52130189,763
15755,43.623021549526975,1.4744634683967313,10607.43785574,764
15755,43.623308029575504,1.4748887913152786,10654.20143667,765
15755,43.623442212563546,1.475097343338012,10676.66082204,766
15755,43.62359203693485,1.4753315290130888,10701.81792082,767
15755,43.62373371249472,1.475562201739607,10726.16802198,768
15755,43.623814702408616,1.4756964928347402,10740.23735126,769
15755,43.623938984730074,1.475905295612735,10761.99642393,770
15755,43.62400163285517,1.4760140219449092,10773.18205877,771
15755,43.62411405230872,1.4762107299504592,10793.3553172,772
15755,43.62426802904848,1.4764869510505212,10821.41732504,773
15755,43.624416589245186,1.4767620695057044,10849.04473074,774
15755,43.62441660556426,1.4767633083320526,10849.14446244,775
15755,43.62457084202298,1.4770593534686065,10878.50364598,776
15755,43.62470024138807,1.4773151249480978,10903.6208099,777
15755,43.6247788393799,1.4774730257041042,10919.0453723,778
15755,43.62486497906357,1.4776567628004258,10936.6653773,779
15755,43.62495946239753,1.4778588809400632,10956.03153491,780
15755,43.62510299473394,1.4781626338548663,10985.22903575,781
15755,43.62527834627229,1.4785585385675566,11022.58759913,782
15755,43.62539074147625,1.4788221755307407,11047.21469804,783
15755,43.62554421553483,1.4791975618486377,11081.91593689,784
15755,43.62570629265197,1.4796111526935771,11119.77117904,785
15755,43.62585370891554,1.480005282705645,11155.4793629,786
15755,43.626077208489846,1.4806404160451467,11212.32164194,787
15755,43.62621696126415,1.4810682018885832,11250.09812404,788
15755,43.62633292905319,1.4813986791244929,11279.65880278,789
15755,43.6264240175644,1.4816170027844453,11299.94147592,790
15755,43.62648896435086,1.4817640995851833,11313.80983962,791
15755,43.62652966712644,1.481847357552832,11321.89638104,792
15755,43.62660271295344,1.4819942533590271,11336.24095046,793
15755,43.62667103129941,1.482123917217794,11349.14944742,794
15755,43.626742000496215,1.4822497975883397,11361.9919818,795
15755,43.626808274815005,1.482360923648454,11373.58117918,796
15755,43.62688642690237,1.4824853866508696,11386.84297441,797
15755,43.626965381241064,1.4826023943148425,11399.718171,798
15755,43.62701858483929,1.4826779069119977,11408.19987797,799
15755,43.62706164537422,1.4827350825657861,11414.84097343,800
15755,43.62711005667406,1.4827884073922482,11421.72567577,801
15755,43.62718204482215,1.482854778253064,11431.34925388,802
15755,43.627260234894884,1.482913559332283,11441.24752029,803
15755,43.62733283034722,1.4829576081602989,11450.06404739,804
15755,43.62742154319032,1.4829950599212582,11460.37877743,805
15755,43.627485730485354,1.483015771405025,11467.70818132,806
15755,43.62756425158548,1.4830311693926943,11476.52686218,807
15755,43.62759759760695,1.4830340582569512,11480.24205893,808
15755,43.627672340227655,1.4830359179534343,11488.55441838,809
15755,43.627722719835454,1.4830334261526663,11494.15997187,810
15755,43.627800867133715,1.4830203295980584,11502.91326835,811
15755,43.62799833077996,1.4829757625725934,11525.16133057,812
15755,43.62820387747467,1.482929754978506,11548.31514115,813
15755,43.628397790113894,1.4828889935951792,11570.12543141,814
15755,43.62881439667459,1.4828055150674302,11616.93474226,815
15756,43.62881439667459,1.4828055150674302,0,1
15756,43.628550419917396,1.4828579336498204,29.65456676,2
15756,43.62822184348618,1.4829268296667462,66.60905824,3
15756,43.62789511558305,1.4829993968896926,103.40609069,4
15756,43.627729003065966,1.4830320306439213,122.06280415,5
15756,43.62764354259315,1.4830366338985779,131.57280826,6
15756,43.627556135998596,1.4830301318608496,141.30607079,7
15756,43.627485730485354,1.483015771405025,149.21968147,8
15756,43.62742695899949,1.4829961645675283,155.9426239,9
15756,43.62734912653413,1.4829646387475188,164.96151975,10
15756,43.62727474748563,1.4829218735350977,173.91978182,11
15756,43.62715562188397,1.4828306494790497,189.06483525,12
15756,43.62709909501391,1.4827762870889447,196.72334849,13
15756,43.62703782465636,1.4827034534707397,205.71124689,14
15756,43.62695345460801,1.4825853409356753,219.06751476,15
15756,43.6268312444785,1.4823962915039068,239.46850674,16
15756,43.62673923567634,1.482244909242121,255.37871148,17
15756,43.62665532600898,1.4820933259554374,270.73817255,18
15756,43.6265472536562,1.4818840982638146,291.42663663,19
15756,43.626446282731514,1.4816672589567301,312.17919333,20
15756,43.62634318616477,1.4814256878253556,334.75089327,21
15756,43.62627972965154,1.4812550084965963,350.19485131,22
15756,43.62610155064312,1.4807116874081594,398.2051286,23
15756,43.62593593106759,1.4802337375775558,440.85591066,24
15756,43.62581636022845,1.4799033543805833,470.58693129,25
15756,43.62562055101378,1.479388983483287,517.36473476,26
15756,43.625465098483566,1.4790000137474426,553.12778812,27
15756,43.62520595144955,1.4783930449789655,609.84800597,28
15756,43.62498815914523,1.4779188881057617,655.04833577,29
15756,43.62478533459801,1.4774877345325084,696.43685247,30
15756,43.624678055883756,1.4772710659605577,717.56618537,31
15756,43.62450248531182,1.4769272220857328,751.43533218,32
15756,43.62441660556426,1.4767633083320526,767.72227063,33
15756,43.624415689319264,1.4767620919703233,767.86357068,34
15756,43.624169337496454,1.4763072484644002,813.58841524,35
15756,43.62403757895683,1.4760775639596861,837.17754544,36
15756,43.62383219292906,1.4757257972533455,873.55448992,37
15756,43.623699680285654,1.4755072870590078,896.49934045,38
15756,43.62353410014957,1.4752387961806042,924.89036529,39
15756,43.622945368342776,1.4743526053043126,1021.70902708,40
15756,43.622290837306956,1.4733924866996773,1127.86840911,41
15756,43.621700585794684,1.4725286746014215,1223.48464054,42
15756,43.6212158985491,1.4718196097945084,1301.98555311,43
15756,43.62047783088629,1.470738961894729,1421.57806065,44
15756,43.62020332930357,1.4703356822272045,1466.13705558,45
15756,43.61987103263367,1.4698508326363886,1519.88240183,46
15756,43.619703934407994,1.4696047162029,1547.04384975,47
15756,43.619703950803746,1.4696059549316747,1547.14358157,48
15756,43.61937803250111,1.4691271488632298,1600.04858353,49
15756,43.619109055985305,1.4687336579567476,1643.61319236,50
15756,43.61869686703275,1.4681306362678466,1710.37463205,51
15756,43.61804138340182,1.4671706738281762,1816.60148932,52
15756,43.617463013576995,1.4663240295878086,1910.30938874,53
15756,43.61697920390516,1.4656162793310261,1988.66928903,54
15756,43.6163778637833,1.464735548037086,2086.12683158,55
15756,43.61572786618047,1.4637841931403304,2191.43321313,56
15756,43.615478164671444,1.463420000876361,2231.81285901,57
15756,43.61535145600166,1.4632336159476431,2252.39564407,58
15756,43.61535237239199,1.4632348319256399,2252.5369446,59
15756,43.615025527268195,1.4627561166825513,2305.50930561,60
15756,43.614853864601855,1.4625064366821072,2333.22891121,61
15756,43.61473635137875,1.4623346923283516,2352.25277788,62
15756,43.614623419904404,1.4621690283729045,2370.57099792,63
15756,43.614513220921424,1.4620057742375199,2388.53992101,64
15756,43.61437001462659,1.4617975083217556,2411.66312184,65
15756,43.61421484519889,1.4615697204392086,2436.84227104,66
15756,43.614038564896546,1.4613114902529825,2465.41496233,67
15756,43.61384668848327,1.4610313523912153,2496.46067866,68
15756,43.613622654320146,1.460702466556486,2532.81488814,69
15756,43.61344545562285,1.460443025482141,2561.52871419,70
15756,43.6131938940375,1.460075190135664,2602.2643744,71
15756,43.612933133972575,1.4596927218751474,2644.55892583,72
15756,43.612820198639234,1.4595270677018921,2662.87715781,73
15756,43.61257783143827,1.4591738756765344,2702.05404553,74
15756,43.612440118559036,1.4589729181438524,2724.33038298,75
15756,43.61225463492955,1.4587000673315684,2754.46205603,76
15756,43.61204620655937,1.4583943450374925,2788.26948372,77
15756,43.6118653368016,1.4581300540362483,2817.54785759,78
15756,43.61172487273071,1.457925453725964,2840.24763206,79
15756,43.61162753097149,1.4577817136306612,2856.09301592,80
15756,43.61145494090116,1.457530845704545,2883.95380837,81
15756,43.61132270730524,1.457335951874652,2905.45726086,82
15756,43.61115284908782,1.4570874953159143,2932.96828446,83
15756,43.61102523008593,1.4569011594924217,2953.61840371,84
15756,43.61080211694358,1.4565747583506785,2989.75769912,85
15756,43.610653368814226,1.4563567460679383,3013.87516449,86
15756,43.6104375858461,1.456040075080086,3048.88545256,87
15756,43.61012542355476,1.4555846046376089,3099.37852476,88
15756,43.609864664896705,1.4552034133118537,3141.59932369,89
15756,43.60965712702745,1.4548976921457264,3175.33959423,90
15756,43.6094835975381,1.454644386222327,3203.41517821,91
15756,43.60924394802938,1.4542936415434606,3242.24241023,92
15756,43.60905020473959,1.4540098778090391,3273.64420159,93
15756,43.608865642229325,1.4537395114408673,3303.56090692,94
15756,43.60865080158762,1.4534265516764313,3338.28257805,95
15756,43.60844510849926,1.4531245125037746,3371.66668714,96
15756,43.608233932169156,1.4528164197787397,3405.82378931,97
15756,43.60797316420657,1.4524352520894566,3448.04461703,98
15756,43.60781707605044,1.4522075346971082,3473.29117485,99
15756,43.6076517891548,1.451965184953896,3500.09659204,100
15756,43.60732581298254,1.451487806085666,3552.92797193,101
15756,43.606966790227965,1.4509629543315388,3611.06141579,102
15756,43.6065618058253,1.4503674205557837,3676.84186547,103
15756,43.60642576096602,1.4501577878164473,3699.50754301,104
15756,43.60633927490615,1.4500187521671208,3714.26564744,105
15756,43.60623895763191,1.4498552907209088,3731.5181195,106
15756,43.60617166861899,1.4497380680152163,3743.56241643,107
15756,43.6060536875748,1.4495329346169017,3764.65512669,108
15756,43.605990014549015,1.449416859623438,3776.38008143,109
15756,43.605934656716954,1.4493166788787482,3786.52669784,110
15756,43.60585520289556,1.4491650782017598,3801.59487515,111
15756,43.60577664879969,1.449013455052574,3816.6060967,112
15756,43.60572112443811,1.4489008906294096,3827.57251444,113
15756,43.6056304056021,1.4487148892201802,3845.62922675,114
15756,43.60555813377411,1.4485618686589476,3860.3391614,115
15756,43.605557200604984,1.4485594146603018,3860.56233868,116
15756,43.60552108954584,1.448484762171078,3867.7909488,117
15756,43.60538834386757,1.4481858556720202,3896.0239271,118
15756,43.605321371130366,1.4480252684706403,3910.94518813,119
15756,43.60522645251348,1.4477947776681763,3932.29500865,120
15756,43.605103354736755,1.4474770459358937,3961.3095694,121
15756,43.605018350846,1.4472475434152736,3982.06561694,122
15756,43.60496684191642,1.4470989532393932,3995.33005111,123
15756,43.604909683656736,1.4469319243590215,4010.20503118,124
15756,43.60484211010127,1.4467267566354383,4028.35322676,125
15756,43.604775302961,1.4465116591060425,4047.19836665,126
15756,43.60472537655001,1.446346924890529,4061.57735969,127
15756,43.60467340034765,1.446163660499088,4077.42491077,128
15756,43.60462898953785,1.446007458293623,4090.93676116,129
15756,43.60458467841793,1.4458586868087593,4103.88932712,130
15756,43.60453033470128,1.4457002602901623,4118.00443142,131
15756,43.604474424063284,1.445559217673923,4130.95129844,132
15756,43.60447257425029,1.4455555482688327,4131.3113009,133
15756,43.604444710462175,1.4454918383307935,4137.30418223,134
15756,43.60440201478737,1.4453962964524174,4146.34407447,135
15756,43.604360402176766,1.4453143543060578,4154.40273063,136
15756,43.60432435563402,1.4452446588403585,4161.29893918,137
15756,43.60425517875685,1.4451212986969515,4173.86194412,138
15756,43.60414762175287,1.4449555574742656,4191.78213742,139
15756,43.60407239499568,1.4448509345836054,4203.65379871,140
15756,43.60397536996354,1.444732001413323,4218.07957938,141
15756,43.60388212780958,1.4446265993077734,4231.47823635,142
15756,43.60377718651404,1.4445214956440453,4245.89297242,143
15756,43.60367332836711,1.4444299917712933,4259.59162808,144
15756,43.60356232073244,1.4443423868723557,4273.80850576,145
15756,43.603451479700524,1.4442671662133233,4287.5412835,146
15756,43.60333078942891,1.4441959133032325,4302.13638841,147
15756,43.60320661608379,1.4441334211364756,4316.83216268,148
15756,43.60308712569421,1.4440844367621586,4330.69197828,149
15756,43.60296503551764,1.4440429516902689,4344.67272519,150
15756,43.602842195425005,1.4440126351412401,4358.54835511,151
15756,43.602713139184544,1.4439886711784908,4373.02792191,152
15756,43.6025833330408,1.4439758756270835,4387.49845221,153
15756,43.60245815988681,1.4439728724051695,4401.4191916,154
15756,43.60232862045708,1.4439798908491759,4415.83442079,155
15756,43.6021866487488,1.4439996140814495,4431.70065927,156
15756,43.60206714185975,1.444016287017732,4445.05688228,157
15756,43.601951234670494,1.4440328681335142,4458.01416243,158
15756,43.60183257768448,1.4440458029241854,4471.24928062,159
15756,43.60173190256056,1.4440570405404867,4482.48037072,160
15756,43.60164465965809,1.4440629806254406,4492.19313658,161
15756,43.60149803824189,1.4440716729609087,4508.51173394,162
15756,43.60139184685604,1.4440743796479965,4520.32170481,163
15756,43.6012244437566,1.4440774077548375,4538.93770271,164
15756,43.6010515577376,1.4440743817546728,4558.1633215,165
15756,43.600981296743385,1.4440712175376664,4565.98015198,166
15756,43.60083444192006,1.4440625730129295,4582.32451514,167
15756,43.60068573722506,1.4440502593978997,4598.88944747,168
15756,43.60054963150277,1.444037624707959,4614.05789215,169
15756,43.60044320670399,1.4440229947774965,4625.9502988,170
15756,43.60044410663132,1.4440229718391087,4626.05038334,171
15756,43.60013914768599,1.4439725237061563,4660.20277397,172
15756,43.5999766439598,1.4439382647495578,4678.48175863,173
15756,43.599666835187016,1.4438619275059066,4713.47510182,174
15756,43.59924008535299,1.443725396846506,4762.18453821,175
15756,43.59901740260565,1.443634453077476,4788.00602029,176
15756,43.59893212575307,1.4435858394588883,4798.26466207,177
15756,43.59878132036214,1.44348439293347,4816.9174622,178
15756,43.59864009721807,1.4433591668989165,4835.57973662,179
15756,43.598494823898825,1.4432005993753676,4856.17062938,180
15756,43.59838293108472,1.4430473748246966,4873.69328191,181
15756,43.59826780444805,1.4428545945265647,4893.81470107,182
15756,43.59817422569814,1.4426575491191411,4912.7896699,183
15756,43.59809292854861,1.442436655492194,4932.74278934,184
15756,43.59802564596095,1.442186914552695,4954.20018956,185
15756,43.59798174425987,1.441935338709698,4975.03870084,186
15756,43.597959991202025,1.4417240751434688,4992.2222303,187
15756,43.59795531968575,1.4415111369332927,5009.37738898,188
15756,43.5979604151988,1.4413549298570147,5021.96904308,189
15756,43.59800899142181,1.4406847876309676,5076.20326367,190
15756,43.59805626271885,1.439984948578256,5132.80378894,191
15756,43.59809446362397,1.4392803853868428,5189.69888416,192
15756,43.59812820391012,1.4384458706939016,5257.00439174,193
15756,43.59813716489388,1.4380430604847634,5289.45672843,194
15756,43.59813993705435,1.4378485119476412,5305.12613945,195
15756,43.59814148696622,1.4375635687616053,5328.07235994,196
15756,43.59813380148598,1.4367288742666489,5395.29310273,197
15756,43.59812601434737,1.4364193959336828,5420.22945641,198
15756,43.59810050487765,1.4357982165878171,5470.33144623,199
15756,43.5980540649923,1.4350276902862624,5532.59406558,200
15756,43.598018112676456,1.4345665733833322,5569.94099555,201
15756,43.597997961494706,1.434341645090746,5588.19187087,202
15756,43.597897916871325,1.4334027935177303,5664.60892255,203
15756,43.597806538705676,1.4327052698832805,5721.69018437,204
15756,43.59778165607812,1.4325300125857257,5736.07183966,205
15756,43.59775992642051,1.4323881194854235,5747.75078996,206
15756,43.59772530499679,1.4321586095672412,5766.62930875,207
15756,43.59765374744508,1.431728140103831,5802.19539075,208
15756,43.597578723035305,1.4313076703046665,5837.06735001,209
15756,43.597474850073446,1.430751686069122,5883.30529902,210
15756,43.59728944309192,1.4297605406291551,5965.73974554001,211
15756,43.59640810374765,1.4250626053652735,6356.54483258001,212
15756,43.59608384300424,1.4233331124760478,6500.41132791001,213
15756,43.596066360563476,1.4232394248457623,6508.20237336001,214
15756,43.59592174516675,1.4224714685039719,6572.10211509001,215
15756,43.595817880363875,1.421919229086464,6618.04908178001,216
15756,43.595786157722046,1.4217057596049487,6635.59793897001,217
15756,43.595757980007235,1.4215541320304432,6648.20409205,218
15756,43.59572165203761,1.4213989993388993,6661.33377693001,219
15756,43.595680959549135,1.4212538890192548,6673.86496115001,220
15756,43.595630181640516,1.421095414412103,6687.82019175,221
15756,43.59558070944828,1.4209666342175773,6699.5595741,222
15756,43.59552023499984,1.4208232748730787,6712.91996796,223
15756,43.5954479598368,1.4206727891200683,6727.46128653,224
15756,43.59539351065744,1.4205751049019384,6737.38799047,225
15756,43.595304153530115,1.420426300376614,6752.95479329,226
15756,43.59523162103569,1.4203228912275006,6764.54778415,227
15756,43.595135351914834,1.4201953234552627,6779.38445723,228
15756,43.59503750284565,1.4200838994568368,6793.48757075,229
15756,43.59496262573984,1.4200065635170005,6803.88511793,230
15756,43.59484137845123,1.419895745725791,6820.05329534,231
15756,43.59472400162027,1.4198046465349234,6835.02558387,232
15756,43.594637662324814,1.4197449490531766,6845.7625293,233
15756,43.594515139783965,1.4196725632898501,6860.58116546,234
15756,43.59439550321214,1.4196137281471768,6874.70275648,235
15756,43.59430313524872,1.4195740055302342,6885.46025775,236
15756,43.594191002795824,1.4195372719619257,6898.2749577,237
15756,43.59410517132677,1.4195147212518813,6907.99023995,238
15756,43.594039256717856,1.4195003254203393,6915.4107425,239
15756,43.593922793938326,1.4194760905561432,6928.50707335,240
15756,43.59358340631271,1.4194105593437665,6966.61252344,241
15756,43.59348054396789,1.4193934044468097,6978.13344368,242
15756,43.593418279829606,1.419382630243006,6985.11106848,243
15756,43.59322063750121,1.4193468728218932,7007.27578344,244
15756,43.593221554360184,1.4193480877003228,7007.41708518,245
15756,43.593090726588144,1.4193267025958265,7022.06607873,246
15756,43.59288955225975,1.4192959914320114,7044.5719877,247
15756,43.592823705334965,1.4192865488020319,7051.93322631001,248
15756,43.59276687459125,1.4192781113587565,7058.28895305001,249
15756,43.59270554422153,1.4192697904327256,7065.14143322,250
15756,43.5926739791111,1.4192656532763357,7068.6670967,251
15756,43.5925738672921,1.4192521434711884,7079.85208098,252
15756,43.59242507484468,1.4192337011378124,7096.46360028,253
15756,43.5923484118689,1.4192233000968688,7105.02920156,254
15756,43.59225285046554,1.4192133884024494,7115.68509943,255
15756,43.59211942446398,1.4191995027619366,7130.56349933,256
15756,43.59192738477232,1.4191784647027808,7151.98447896,257
15756,43.59179489254875,1.4191670322087153,7166.74570482,258
15756,43.591658800617125,1.419155692970621,7181.90598754001,259
15756,43.59145242982876,1.4191399806045164,7204.8882669,260
15756,43.59139656671823,1.4191364727482096,7211.10639084,261
15756,43.59124069334477,1.4191268844311018,7228.45593643,262
15756,43.591158698522236,1.4191215760814684,7237.58337477,263
15756,43.59106140496626,1.419116663879093,7248.40917035,264
15756,43.5908767508968,1.4191090594595612,7268.95092591,265
15756,43.59063445077393,1.4190992320380071,7295.90513002,266
15756,43.59031929053279,1.4190937683985583,7330.9521606,267
15756,43.589963684411636,1.4190930677375473,7370.49385186,268
15756,43.58972511940864,1.4190930521733167,7397.02110642,269
15756,43.589590045855324,1.4190903569111621,7412.0421895,270
15756,43.589463903805445,1.4190824762372847,7426.08291753,271
15756,43.58931061153701,1.4190641517668288,7443.19203451,272
15756,43.589157183756534,1.4190359226259883,7460.40327267,273
15756,43.58910030210715,1.4190237716401737,7466.80349329,274
15756,43.588988304776976,1.4189969469469874,7479.44305162,275
15756,43.58884728960386,1.4189547728992835,7495.48692229,276
15756,43.588707089639264,1.4189063853116448,7511.55619062,277
15756,43.58860300526746,1.418865732341893,7523.5840763,278
15756,43.588533287467804,1.418836574736422,7531.68423084,279
15756,43.588399200576745,1.418774405650211,7547.41233018,280
15756,43.58831214698021,1.418728357974024,7557.77839782001,281
15756,43.58788750836191,1.4184854611503384,7608.88831470001,282
15756,43.58780675411822,1.4184392510972053,7618.60853352001,283
15756,43.58774231713796,1.418401288027314,7626.39872298001,284
15756,43.58767062989891,1.4183597973365831,7635.04210382,285
15756,43.58755263971008,1.4182897821721934,7649.32257355,286
15756,43.58755082291182,1.418288590735236,7649.54622488,287
15756,43.58718228375705,1.4180665393807959,7694.25849544001,288
15756,43.58689084808193,1.4178870783483029,7729.74206257001,289
15756,43.58643953321759,1.4176027760088297,7784.90334223001,290
15756,43.58589454166739,1.41724907483451,7851.86585397001,291
15756,43.58501673247268,1.4166526034346258,7960.65636575001,292
15756,43.58382372671274,1.4157856793751689,8110.56788073001,293
15756,43.58369091163647,1.4156850975937731,8127.41243263001,294
15756,43.58345896894176,1.4155115448105497,8156.74813377001,295
15756,43.5833925612875,1.4154612544636465,8165.17041070001,296
15756,43.58331703550318,1.4154025319307861,8174.80887424001,297
15756,43.58325971195448,1.415358198148536,8182.11508542001,298
15756,43.5829785104806,1.4151376283096442,8218.07812686001,299
15756,43.582853828105954,1.4150393150322143,8234.04436271001,300
15756,43.582655368483536,1.4148785202954492,8259.63203273001,301
15756,43.58247514494151,1.4147345907549167,8282.78376061001,302
15756,43.582302154597166,1.41459295105175,8305.14827536001,303
15756,43.581950654873744,1.414301148633281,8350.75624337001,304
15756,43.58152254095801,1.4139370366052226,8406.66986965001,305
15756,43.581445112536755,1.4138709368812818,8416.79282079001,306
15756,43.58116628491161,1.4136267896039059,8453.50810461001,307
15756,43.58092844642154,1.4134174922207623,8484.87108223001,308
15756,43.58061214273701,1.4131322185909003,8526.88363031001,309
15756,43.58033580920811,1.412873152870213,8564.02675929001,310
15756,43.580120246392895,1.4126471836127545,8594.12411979001,311
15756,43.58003427566513,1.4125491119656515,8606.52536264,312
15756,43.57990984456341,1.4124037448885578,8624.65132265,313
15756,43.5799089276271,1.4124025303791883,8624.79262499,314
15756,43.579854862381275,1.41233335020066,8632.98987677001,315
15756,43.579731109782806,1.4121718678605693,8651.92541643001,316
15756,43.57958059553835,1.4119627867717974,8675.66894407,317
15756,43.57937273691415,1.4116425094462706,8710.30690467,318
15756,43.57924093296003,1.411419322451818,8733.5019774,319
15756,43.57915502707774,1.4112605739040547,8749.46342741,320
15756,43.57908200934447,1.4111225420967077,8763.23110117,321
15756,43.578986610067325,1.4109281298348475,8782.14605608,322
15756,43.57890221390905,1.4107482917516638,8799.40652473,323
15756,43.57880360335039,1.4105168144256055,8821.03772603,324
15756,43.57869816485066,1.4102471275325819,8845.72357843,325
15756,43.57861858803215,1.4100250627651285,8865.68043284,326
15756,43.57853495108123,1.4097696696243256,8888.25754042001,327
15756,43.578483052727215,1.4095964179791176,8903.35957257001,328
15756,43.57839576069377,1.4092717753467325,8931.25383695001,329
15756,43.57828922125122,1.408791607239799,8971.70651520001,330
15756,43.57824047412526,1.4085204480477083,8994.21183094,331
15756,43.57820386879694,1.4082811689718633,9013.91168234001,332
15756,43.57817267959136,1.4080429872911793,9033.40898087,333
15756,43.57816034541814,1.407931860575572,9042.46508931,334
15756,43.578143507344045,1.4077552207066586,9056.81671839,335
15756,43.57813473848295,1.4076415245006864,9066.0271143,336
15756,43.578122501970235,1.4074721946527287,9079.73494125,337
15756,43.57811121187637,1.4072409245251647,9098.40684065,338
15756,43.578107859136665,1.4071283254792044,9107.48476198,339
15756,43.578103379870306,1.4069340271663595,9123.14412223,340
15756,43.57810529741434,1.406681361259123,9143.49839917,341
15756,43.57810949718409,1.4065289391460838,9155.78543325,342
15756,43.578127163532805,1.4061780353796893,9184.12018159,343
15756,43.578135793964165,1.4060205442549842,9196.84290497,344
15756,43.578141621927294,1.4058556963527393,9210.1378003,345
15756,43.57814347951622,1.4057293398108144,9220.31836964,346
15756,43.578139356623986,1.4055610367191167,9233.88353797,347
15756,43.57812893399989,1.4053928981447028,9247.47720024,348
15756,43.57811297488543,1.4052149976973332,9261.9171824,349
15756,43.5780898502594,1.4050397611125998,9276.26541435,350
15756,43.578055533185704,1.4048363358194842,9293.09050173,351
15756,43.578019928654754,1.404670093741017,9307.05489239,352
15756,43.57797897560505,1.404507706523883,9320.90577584,353
15756,43.57792604975859,1.4043258193976125,9336.69523056,354
15756,43.57787259983463,1.4041711890766138,9350.49659004,355
15756,43.57779141665533,1.4039640365970343,9369.46879432,356
15756,43.57770135354703,1.4037657849114382,9388.31905474,357
15756,43.57766337915325,1.4036887642985532,9395.82397515,358
15756,43.57758391602305,1.4035410067475025,9410.64770286,359
15756,43.57748259788555,1.4033752464493185,9428.11824192,360
15756,43.57742195400304,1.403286436070274,9437.9494644,361
15756,43.577303588216175,1.4031248373009475,9456.46125155,362
15756,43.57721478977823,1.4030181892411606,9469.54942716,363
15756,43.57711330671578,1.4029056817537053,9484.02273302,364
15756,43.57698282055037,1.4027790736991583,9501.75804277,365
15756,43.57688713040338,1.4026948961688381,9514.37535429,366
15756,43.576765171184796,1.402599023158161,9529.9815692,367
15756,43.57665791877132,1.4025250549421913,9543.31319877,368
15756,43.576530799460016,1.402446653570068,9558.79503196,369
15756,43.576360363798145,1.4023607177747142,9578.9714104,370
15756,43.57626073855477,1.40231750784328,9590.58323999,371
15756,43.576156682127476,1.402279367083212,9602.55479037,372
15756,43.57602559364759,1.40223945714973,9617.48152727,373
15756,43.57588834260505,1.4022096147784466,9632.93134535,374
15756,43.575752128420966,1.4021896515465178,9648.16282745,375
15756,43.575541254537015,1.4021741183272411,9671.64433006,376
15756,43.57524578750516,1.4021607985172106,9704.51632745,377
15756,43.575044015561645,1.4021524568944777,9726.96243578,378
15756,43.574801695529416,1.4021414614894463,9753.92178623,379
15756,43.57471071730057,1.4021376506277214,9764.0427747,380
15756,43.57470981737347,1.4021376741735894,9764.14286014,381
15756,43.574237793328194,1.4021165918324145,9816.65708203,382
15756,43.57390989453241,1.4021016446802788,9853.13769273,383
15756,43.57358921223588,1.4020877470941426,9888.81355799,384
15756,43.57330004448472,1.402074263303823,9920.98593222,385
15756,43.573005494256606,1.4020621586824042,9953.75298185,386
15756,43.57268569466181,1.4020470002062677,9989.33408545,387
15756,43.572450590961616,1.4020370550241028,10015.4887345,388
15756,43.57206954484462,1.402019784750311,10057.88202507,389
15756,43.57176146132376,1.4020055583592657,10092.15856327,390
15756,43.57145519474451,1.4019925227499193,10126.23008854,391
15756,43.57112729561353,1.4019775769447402,10162.71073474,392
15756,43.570831828102634,1.4019642590479564,10195.5827829,393
15756,43.57051294530121,1.4019503157894058,10231.05877039,394
15756,43.57024092722664,1.4019400990551338,10261.31703916,395
15756,43.568956344870124,1.40188085036906,10404.23601224,396
15756,43.5686967640072,1.4017935450924788,10433.9447997,397
15756,43.568512948321846,1.401716639092113,10455.30270049,398
15756,43.56830624048998,1.401611855963,10479.78888192,399
15756,43.568038363881804,1.4014455307859424,10512.45090105,400
15756,43.5679001360169,1.401345147507181,10529.81909383,401
15756,43.56777175589304,1.4012407925922485,10546.386236,402
15756,43.5676304854577,1.4011157278085373,10565.04872507,403
15756,43.56749451166802,1.4009830963362102,10583.56330117,404
15756,43.56737207092193,1.4008525873216635,10600.76576815,405
15756,43.567263163228354,1.4007242006653966,10616.69208763,406
15756,43.56712477223164,1.4005470628242256,10637.67979265,407
15756,43.566988823676496,1.4003512904672244,10659.52716562,408
15756,43.56690971590937,1.4002295534996894,10672.70202109,409
15756,43.56680925829073,1.4000613288116999,10690.26558854,410
15756,43.566723353575206,1.3999038661806844,10706.14618732,411
15756,43.56661872998221,1.3996948949617538,10726.61108581,412
15756,43.56651461154707,1.3994574353656901,10748.97326749,413
15756,43.56647264000127,1.3993520603783367,10758.6614488,414
15756,43.566424043006826,1.399223335681279,10770.35603391,415
15756,43.56639034211901,1.399130125009673,10778.74898757,416
15756,43.56636214364203,1.3990441986771667,10786.34897896,417
15756,43.566322665666426,1.3989239019449318,10796.98896704,418
15756,43.566267845181166,1.3987359134207569,10813.31574458,419
15756,43.56621354685494,1.3985206738982496,10831.67847837,420
15756,43.56617315889467,1.3983347837409947,10847.3143935,421
15756,43.5661343302298,1.3981315199071276,10864.25085998,422
15756,43.56609374306602,1.3978663988384088,10886.08313913,423
15756,43.56606910643646,1.3976479063746385,10903.89889755,424
15756,43.56605075172621,1.3974280111829207,10921.73296941,425
15756,43.56604185951441,1.397241295730837,10936.80905092,426
15756,43.566036333180314,1.3969727792899327,10958.45208838,427
15756,43.56604054410884,1.3967572443548892,10975.82400351,428
15756,43.56605018856481,1.3965440428816822,10993.0350422,429
15756,43.56606625239452,1.3963393392912369,11009.62440506,430
15756,43.566093516616796,1.3960984373683807,11029.26914521,431
15756,43.56612480969862,1.3958883812402658,11046.54731003,432
15756,43.56616588129489,1.395669401522376,11064.77192866,433
15756,43.566199695435806,1.3955112778268621,11078.05515015,434
15756,43.5662398776244,1.395357938955196,11091.19272359,435
15756,43.56630256368684,1.3951396285960145,11110.11267221,436
15756,43.566384858598575,1.394907183614339,11130.95668734,437
15756,43.56641786929667,1.394820888635604,11138.81886926,438
15756,43.56650239340793,1.3946193362103352,11157.58153173,439
15756,43.56659079209982,1.394437490698053,11175.22451014,440
15756,43.56665658370933,1.3943131908774242,11187.62668676,441
15756,43.566725143783316,1.394193770344155,11199.90240503,442
15756,43.5668220196754,1.3940389385735121,11216.38435061,443
15756,43.56694203537098,1.3938649264655731,11235.7402637,444
15756,43.56703667567212,1.3937435809014633,11250.10436259,445
15756,43.56715002501401,1.3936081238612483,11266.77660523,446
15756,43.56725205378545,1.393500202208503,11281.07049362,447
15756,43.56738262194723,1.3933729579930967,11298.84372539,448
15756,43.567593753084246,1.3932126412868446,11325.63906369,449
15756,43.56776410709375,1.393097968175523,11346.71457796,450
15756,43.568084719038445,1.3929124828015564,11385.37050464,451
15756,43.56852142573793,1.3926595579808592,11438.03238802,452
15756,43.568780424152074,1.3925103572328181,11469.23969756,453
15756,43.56886990018531,1.3924708583872338,11479.68552366,454
15756,43.56907635379903,1.3923626593842382,11504.2414865,455
15756,43.56926002927924,1.3922996322159762,11525.28706261,456
15756,43.5696721612742,1.3922863073287832,11571.12668483,457
15756,43.56988454395948,1.3922807166902187,11594.74688922,458
15756,43.57008609306144,1.3922729348829388,11617.16692501,459
15757,43.55579208020784,1.476371324862877,0,1
15757,43.55574925016388,1.4761273005343734,20.23283325,2
15757,43.55574031797733,1.4760643934560045,25.39849241,3
15757,43.55571862511315,1.4759213450959718,37.1755112,4
15757,43.55568947297401,1.475690596304042,56.05051697,5
15757,43.55567303233968,1.4755362765630713,68.61981726,6
15757,43.55566262821072,1.4754300819908783,77.25520946,7
15757,43.55564506005473,1.4751903796138783,96.66983772,8
15757,43.55563619545859,1.474996260136511,112.34372703,9
15757,43.55563295773435,1.474887411122774,121.12256863,10
15757,43.5556289355379,1.4747191654303258,134.68780489,11
15757,43.5556300850194,1.4744653797171208,155.13919795,12
15757,43.555636911521376,1.4742324954609498,173.92121866,13
15757,43.55564272159456,1.4741271339979216,182.43617867,14
15757,43.55564939882134,1.4740192751726406,191.15949516,15
15757,43.55567010033111,1.4737464332505696,213.26626932,16
15757,43.555683731485225,1.4736198329747376,223.58016277,17
15757,43.555696560679934,1.47350067972235,233.28735656,18
15757,43.555731709191534,1.4732311898493422,255.3527113,19
15757,43.555755599303914,1.473063484117519,269.12564668,20
15757,43.55579770094039,1.4727752522408895,292.81947882,21
15757,43.555882196961214,1.4722891425930262,333.10287023,22
15757,43.55592336438619,1.472066538726837,351.61589992,23
15757,43.555957184964754,1.4719010592655075,365.47092592,24
15757,43.55599107079901,1.4717405293712433,378.94452869,25
15757,43.556055651423414,1.471450495090976,403.39473207,26
15757,43.55613073584548,1.471137916008967,429.93095343,27
15757,43.556174339833376,1.4709635256115483,444.79677002,28
15757,43.55621980898419,1.4707940396779464,459.36024174,29
15757,43.556285991780925,1.4705571908376631,479.81584539,30
15757,43.55636254734291,1.4702878975079814,503.12618543,31
15757,43.55646272875519,1.4699672596384072,531.2631201,32
15757,43.55658393412628,1.4696027689341298,563.57922945,33
15757,43.55669239353903,1.4692955377924701,591.11786851,34
15757,43.55679067607252,1.4690355994260795,614.74380721,35
15757,43.55685770828075,1.4688630940932084,630.51689755,36
15757,43.55695010038149,1.4686342486515362,651.62636844,37
15757,43.55701644534858,1.4684778519372137,666.22954393,38
15757,43.55709592826899,1.4682938923216602,683.48808198,39
15757,43.55714313042839,1.4681874897341562,693.54111864,40
15757,43.55721657587378,1.4680234867240576,709.07653168,41
15757,43.55735492626339,1.467730354251037,737.26550026,42
15757,43.55748208560419,1.467475875421132,762.17395446,43
15757,43.55759268732285,1.46726266103323,783.30305087,44
15757,43.557683148291254,1.4670920392855415,800.3386403,45
15757,43.5577491003682,1.4669740232333182,812.3477199,46
15757,43.55790302640322,1.466701538895447,840.18763668,47
15757,43.558050064396504,1.466452746003011,866.05724196,48
15757,43.55824137605319,1.4661483729294598,898.52392409,49
15757,43.5583869745328,1.465926847188163,922.62275391,50
15757,43.55845055430168,1.4658336460394785,932.93700474,51
15757,43.5585653773966,1.4656673594271512,951.44533801,52
15757,43.55865464436447,1.4655425649377523,965.57501071,53
15757,43.55881469010265,1.4653243869888677,990.59077821,54
15757,43.55898813592279,1.4650984437340822,1017.11310136,55
15757,43.55917676521894,1.4648634522265649,1045.37058474,56
15757,43.55931678533217,1.4646965284988753,1065.94550749,57
15757,43.55940721437131,1.4645915085131513,1079.0878109,58
15757,43.5595517667051,1.464426945435461,1099.92508633,59
15757,43.559644961135234,1.4643268068129498,1113.05885044,60
15757,43.559777226493274,1.4641860719710895,1131.63040934,61
15757,43.55989002201412,1.4640705846301265,1147.2479131,62
15757,43.560016283662634,1.4639522823847868,1164.21794397,63
15757,43.560107908185394,1.4638695128027792,1176.39497528,64
15757,43.560209382654136,1.4637827814562792,1189.66739594,65
15757,43.56029935529527,1.4637111943294072,1201.21571872,66
15757,43.56036617624709,1.463658758345476,1209.76318841,67
15757,43.56042324593394,1.4636177089569562,1216.91934633,68
15757,43.56051153380531,1.46355482929648,1227.96688454,69
15757,43.56059273732033,1.4635007932472195,1237.99128232,70
15757,43.56068465782216,1.4634402977543044,1249.31524966,71
15757,43.56077129386639,1.463388600634455,1259.81079746,72
15757,43.5608275787472,1.463356236093141,1266.59098027,73
15757,43.560892797200744,1.4633186949616463,1274.44854689,74
15757,43.56094196482938,1.4632926990877568,1280.30327651,75
15757,43.56117451776462,1.4631791467394113,1307.73301488,76
15757,43.561494200419794,1.4630510216647374,1344.74896037,77
15757,43.56169771363355,1.4629877166935363,1367.9463845,78
15757,43.56185742599373,1.4629477969005207,1385.99455444,79
15757,43.56212679965896,1.462895213635002,1416.24575539,80
15757,43.56234612229766,1.4628698869710617,1440.71858476,81
15757,43.5624909143252,1.4628588154838944,1456.84344117,82
15757,43.56266911951505,1.4628555690024554,1476.66070796,83
15757,43.562833024416825,1.4628601102948187,1494.8897994,84
15757,43.56297088036945,1.4628690210970723,1510.23550826,85
15757,43.563055639684606,1.4628792680882567,1519.69642206,86
15757,43.563184611472586,1.4628970684973743,1534.10899119,87
15757,43.563301016988035,1.4629176611940768,1547.15862466,88
15757,43.563457201119625,1.4629508710027266,1564.73046289,89
15757,43.563678543381336,1.4630096775233261,1589.79457453,90
15757,43.56385397205359,1.4630684017234923,1609.86702452,91
15757,43.5640412975245,1.4631416830781132,1631.51738071,92
15757,43.56421245689907,1.463217847642724,1651.5143773,93
15757,43.56433300540044,1.4632791916707608,1665.80099478,94
15757,43.564571550625125,1.463413086853687,1694.43600148,95
15757,43.564749519689954,1.4635274603681399,1716.26572433,96
15757,43.56489942581397,1.4636301601071202,1734.87539166,97
15757,43.56501305433655,1.4637127262300018,1749.15463086,98
15757,43.5651248993691,1.463796575548178,1763.30774693,99
15757,43.565332307992854,1.4639584943478505,1789.8047299,100
15757,43.56540785893532,1.464020972493904,1799.59836158,101
15757,43.565569024623876,1.4641580566278618,1820.64941642,102
15757,43.56580567508141,1.4643526699169176,1851.28125635,103
15757,43.565859331050525,1.4643934145951663,1858.09104917,104
15757,43.565932000952614,1.4644423476845434,1867.08208137,105
15757,43.56601553594294,1.4644959599580785,1877.32600391,106
15757,43.5661361823908,1.4645647341658972,1891.84061902,107
15757,43.566228650942726,1.4646131699925966,1902.83833084,108
15757,43.56636448118746,1.4646728965901452,1918.69005217,109
15757,43.56645585236284,1.4647065036102596,1929.2046951,110
15757,43.566622181894054,1.46475803564807,1948.16001532,111
15757,43.566714304949315,1.464780481441238,1958.5620535,112
15757,43.56679554645433,1.464797010464622,1967.69334163,113
15757,43.56685779048639,1.4648065886060657,1974.65746003,114
15757,43.56692993387898,1.4648159179528633,1982.71458794,115
15757,43.56701555995231,1.4648236703721396,1992.25625126,116
15757,43.56707952162529,1.4648270150350269,1999.3735778,117
15757,43.56716238207864,1.4648298846986318,2008.59015293,118
15757,43.56730635634635,1.4648250279285588,2024.60416453,119
15757,43.56734770433361,1.4648202744345347,2029.21778047,120
15757,43.56743669989909,1.4648106090890196,2039.14424127,121
15757,43.56750048064094,1.46480033940384,2046.28444789,122
15757,43.567705223292215,1.4647617648749915,2069.26197276,123
15757,43.56781295313772,1.4647392476003744,2081.37759521,124
15757,43.567980847482175,1.4647053131891035,2100.2457502,125
15757,43.56809576039092,1.4646813770575104,2113.16820637,126
15757,43.56809666033257,1.464681354435623,2113.26829205,127
15757,43.56836870112879,1.4646262302028379,2143.84217491,128
15757,43.568688307170376,1.4645600048784055,2179.77908412,129
15757,43.56895944791124,1.4645049021960694,2210.25369091,130
15757,43.56915157473055,1.4644654048096535,2231.85293999,131
15757,43.569409249167826,1.4644131160998561,2260.81310338,132
15757,43.56961574207954,1.4643707806789414,2284.02604384,133
15757,43.569873399979585,1.4643172534558309,2312.99906669,134
15757,43.570117525810815,1.4642615897695113,2340.51259092,135
15757,43.570279855697464,1.4642154112911294,2358.94228588,136
15757,43.57046627005194,1.4641525310747843,2380.28070236,137
15757,43.570640002913684,1.464083778654913,2400.3773282,138
15757,43.570861021177144,1.4639828828908859,2426.26283707,139
15757,43.57100585707249,1.4639074274029156,2443.47695257,140
15757,43.571172044614244,1.4638128621592688,2463.46502831,141
15757,43.57133363361174,1.4637109831100246,2483.21879274,142
15757,43.571500457549156,1.4635965901922148,2503.93191232,143
15757,43.57166264996853,1.463472407831236,2524.55592066,144
15757,43.571832727686306,1.4633319301933176,2546.59531625,145
15757,43.572017725512836,1.4631625983241803,2571.27842277,146
15757,43.57213236880943,1.4630507539414894,2586.88907648,147
15757,43.57224332989562,1.4629328109130464,2602.46200578,148
15757,43.57243228331515,1.4627225170861078,2629.45210515,149
15757,43.572536044535724,1.4626047541153022,2644.38946988,150
15757,43.572649704970424,1.462486741529433,2660.20459954,151
15757,43.572688841091995,1.4624510870145955,2665.41882351,152
15757,43.57277066363919,1.4623759738927498,2676.34563227,153
15757,43.572802715523785,1.462349164930746,2680.51296981,154
15757,43.57291495472967,1.4622596655647462,2694.92641904,155
15757,43.57301035861804,1.4621904008999649,2706.91288795,156
15757,43.57311119505163,1.4621234756136534,2719.35431336,157
15757,43.5732836146787,1.4620237924752177,2740.14042989,158
15757,43.57343033144095,1.4619544729618874,2757.38391662,159
15757,43.57354403053256,1.461907034163461,2770.59167832,160
15757,43.57368206092099,1.461861458805681,2786.37301173,161
15757,43.573809423848395,1.4618260576037363,2800.81944027,162
15757,43.5739432181717,1.461800399976404,2815.83961011,163
15757,43.57408789415307,1.4617806592410831,2832.00528018,164
15757,43.57422100275455,1.4617711155194113,2846.82625659,165
15757,43.57436775875596,1.4617723720123992,2863.1451158,166
15757,43.57450203096172,1.4617826105202936,2878.09828924,167
15757,43.57463730197738,1.4618002532823102,2893.20675957,168
15757,43.57477720451414,1.4618276853137502,2908.91941121,169
15757,43.57483143156389,1.4618436547604898,2915.0849006,170
15757,43.57483413138087,1.4618435867619048,2915.38515694,171
15757,43.57490462324489,1.4618640995222736,2923.39579684,172
15757,43.57493263670542,1.4618720616091099,2926.57610736,173
15757,43.574997761885484,1.4618951860686278,2934.05347317,174
15757,43.57505292181752,1.4619136086099156,2940.36397806,175
15757,43.575075552117916,1.4619229445511892,2942.9903417,176
15757,43.575133510729295,1.4619487260829682,2949.76144435,177
15757,43.57522494832787,1.4619872851512723,2960.39276026,178
15757,43.57535078131358,1.4620398370405694,2975.01118573,179
15757,43.5754683500546,1.4620802148154297,2988.48283175,180
15757,43.57562651487993,1.4621269999341528,3006.46927814,181
15757,43.57572852100716,1.462147957950881,3017.93681966,182
15757,43.57578178215276,1.4621589992487043,3023.92561564,183
15757,43.575922502109314,1.4621802207602934,3039.66609194,184
15757,43.57611621958416,1.4621926782906565,3061.22988586,185
15757,43.57621707861383,1.4621950915744744,3072.44659852,186
15757,43.57636283571678,1.4621889447023801,3088.66163358,187
15757,43.576509360945835,1.4621728723334557,3105.00588015,188
15757,43.57667550357691,1.4621426849228394,3123.63948285,189
15757,43.57680918250213,1.4621083617877213,3138.75888433,190
15757,43.57696159534905,1.462061183968515,3156.12733142,191
15757,43.5771030935672,1.4620056128492918,3172.48566756,192
15757,43.577247159741795,1.4619400705512116,3189.35275261,193
15757,43.577380344219286,1.4618686106027525,3205.24163576,194
15757,43.5774553457774,1.461822143278855,3214.38294553,195
15757,43.577580298887646,1.4617409838685247,3229.73840599,196
15757,43.57768375230851,1.461667795451399,3242.66471043,197
15757,43.57778977363833,1.461584635761433,3256.22407591,198
15757,43.577861860984875,1.4615221433794503,3265.68946879,199
15757,43.577919714120696,1.4614723924089037,3273.26867933,200
15757,43.578024588101364,1.4613706865144418,3287.5204107,201
15757,43.57809472708603,1.4612970980468132,3297.31659422,202
15757,43.5781701502481,1.4612147081619606,3308.01162228,203
15757,43.578257008750434,1.461112217086758,3320.71765801,204
15757,43.578309247736414,1.4610465089504705,3328.5762334,205
15757,43.57837738876949,1.460958110469319,3338.97410865,206
15757,43.578425094998565,1.4608900397010476,3346.60343598,207
15757,43.578480752214105,1.4608106236703298,3355.5043177,208
15757,43.57854777873881,1.4607061547706783,3366.74552173,209
15757,43.578695785168925,1.4604634301306292,3392.30212891,210
15757,43.578789133189815,1.460307526042568,3408.59498797,211
15757,43.57893705627888,1.4600586099805584,3434.52920388,212
15757,43.5790136349332,1.459927893905443,3448.07093828,213
15757,43.57914302155958,1.4597066865775463,3470.9728766,214
15757,43.579238919822345,1.4595395709384205,3488.14614767,215
15757,43.579291711235065,1.4594478416639958,3497.58308078,216
15757,43.579393743611185,1.4592681871881268,3515.97181043,217
15757,43.579468521485076,1.459137514560047,3529.3857278,218
15757,43.57946673811921,1.4591387978854564,3529.60935632,219
15757,43.57977946277121,1.458624428873091,3583.70100887,220
15757,43.58007158567191,1.4581180047564748,3635.84692137,221
15757,43.5801652687076,1.4579199814413242,3654.89814576,222
15757,43.580273358043435,1.4576547231335917,3679.41335368,223
15757,43.58037152343437,1.4574553468613596,3698.83160598,224
15757,43.58047897622168,1.4572099164494163,3721.93128558,225
15757,43.58059728453538,1.4569010550108792,3750.07417301,226
15757,43.58065616557232,1.4567261979435777,3765.60633462,227
15757,43.580719867197786,1.4565078763524146,3784.56511114,228
15757,43.58080604735119,1.4561527670664096,3814.73171341,229
15757,43.58084898319378,1.4559300159700013,3833.29863167,230
15757,43.580882267483275,1.4557260839717685,3850.13711897,231
15757,43.58090830228523,1.455518620029855,3867.09721838,232
15757,43.580922482310086,1.4553671818405713,3879.39702988,233
15757,43.58093993706874,1.4551240222918707,3899.07942765,234
15757,43.580948540941684,1.4548922317632456,3917.7746146,235
15757,43.5809485920026,1.4546940932560775,3933.73464087,236
15757,43.58094344180327,1.45451094667104,3948.49818104,237
15757,43.580931627449154,1.4543007249305546,3965.48239423,238
15757,43.58090798660484,1.4540140245279305,3988.72521018,239
15757,43.58089336672186,1.4538633151437366,4000.97320191,240
15757,43.580875814907145,1.4536953430795756,4014.64337588,241
15757,43.58085951071342,1.4535533449883205,4026.22410226,242
15757,43.58083639313726,1.4533731305044117,4040.96621689,243
15757,43.58078175939351,1.4529906243058612,4072.37029775,244
15757,43.58074641134407,1.452771092794223,4090.48514088,245
15757,43.580701632473996,1.4525196033297583,4111.34560884,246
15757,43.58066099998637,1.4523088747579889,4128.9108572,247
15757,43.58059271008137,1.4519824425229528,4156.27957088,248
15757,43.58056591969588,1.4518642400084587,4166.255965,249
15757,43.58052769963962,1.45169927008836,4180.20740918,250
15757,43.580487745835185,1.4515392977290114,4193.83760439,251
15757,43.580441177026735,1.4513559647142364,4209.48672359,252
15757,43.580371196888656,1.4511051166862852,4231.13923767,253
15757,43.58032490952195,1.4509428290773825,4245.18835716,254
15757,43.580241114082135,1.45066880394685,4269.1473311,255
15757,43.58015938348707,1.4504145406384876,4291.55422506,256
15757,43.580075118567414,1.4501727257288255,4313.16910162,257
15757,43.57999476840527,1.4499543405545063,4332.89915214,258
15757,43.57994337875246,1.4498144743973427,4345.53181912,259
15757,43.579824184162355,1.4495190611907043,4372.76984059,260
15757,43.57963093373668,1.4490719765541389,4414.70687894,261
15757,43.579465026200545,1.4487170747493623,4448.73044848,262
15757,43.57929301750209,1.44837718977893,4482.12805714,263
15757,43.57898952357207,1.447832610581282,4537.47408916,264
15757,43.578812777938495,1.4475423837594743,4568.01594894,265
15757,43.578602218267584,1.4472146307122782,4603.30353689,266
15757,43.578179963153566,1.4465418239656735,4675.01020327,267
15757,43.577935870942845,1.4461307265595356,4717.82738736,268
15757,43.57760948487926,1.4455582723202163,4776.50962488,269
15757,43.577386987558185,1.4451466327689375,4817.88163835,270
15757,43.57717540460867,1.4447433862033057,4857.99013923,271
15757,43.57707831196163,1.4445526869266039,4876.76625406,272
15757,43.5770290489032,1.444437543274295,4887.53841716,273
15757,43.57697575264713,1.4442903072701794,4900.79718698,274
15757,43.57693693850362,1.4441488939507945,4912.97894999,275
15757,43.57690997337076,1.4440183234091113,4923.91611606,276
15757,43.576892124138396,1.4438961886418848,4933.95290935,277
15757,43.5768814742551,1.4437738704803995,4943.877189,278
15757,43.57687969064707,1.4437082871930071,4949.16399065,279
15757,43.5768809393003,1.4435336581514044,4963.23196783,280
15757,43.576892520573395,1.4433909609575852,4974.79888934,281
15757,43.57692319972991,1.4431957691421229,4990.88841942,282
15757,43.57695729563153,1.4430537360436397,5002.94171646,283
15757,43.57699522464267,1.4429289409773027,5013.84345881,284
15757,43.57705181857887,1.4427863338669773,5026.94190728,285
15757,43.57709383088711,1.4426973445031268,5035.49827711,286
15757,43.57714302591669,1.4426069335547682,5044.60686712,287
15757,43.57719677060542,1.4425201212793937,5053.80569906,288
15757,43.57726129775359,1.4424317955533956,5063.91046018,289
15757,43.577329524698314,1.4423508049946199,5073.91644924,290
15757,43.57742186623309,1.4422555779526363,5086.73339808,291
15757,43.57753835570069,1.4421485899823236,5102.29160451,292
15757,43.577651462313234,1.442057785729021,5116.84092966,293
15757,43.57774242102683,1.4419935504177372,5128.20186801,294
15757,43.577838829383914,1.4419328907670994,5139.98312505,295
15757,43.57795321969415,1.4418705338178575,5153.65867757,296
15757,43.57809460798658,1.4418074877561617,5170.180283,297
15757,43.57821108189061,1.4417661283377308,5183.55326723,298
15757,43.578321389794546,1.4417348325641839,5196.07535381,299
15757,43.578442597061475,1.441710688411951,5209.69261105,300
15757,43.578550438870806,1.4416967917248649,5221.73622609,301
15757,43.57867276309067,1.4416887169985761,5235.35362075,302
15757,43.57882135233452,1.4416923551812868,5251.87861249,303
15757,43.578930444656535,1.441704431189238,5264.04808228,304
15757,43.579051369668704,1.4417261118772993,5277.60728973,305
15757,43.57916247887335,1.4417542347490067,5290.16805688,306
15757,43.5792357240778,1.441778370585743,5298.54140001,307
15757,43.579381431386956,1.441835330719491,5315.3804857,308
15757,43.57950829013403,1.4418964870433144,5330.32201034,309
15757,43.57963711563121,1.4419699767853043,5345.82174912,310
15757,43.579756008424454,1.4420412435728915,5360.23463226,311
15757,43.57987133481576,1.4421150783000072,5374.37042338,312
15757,43.57987315137324,1.442116270295896,5374.59407511,313
15757,43.5801667839001,1.442327966313678,5411.42934442,314
15757,43.58037793805278,1.4424984257310607,5438.62875526,315
15757,43.580533728828904,1.4426356243743648,5459.17689414,316
15757,43.580649538642454,1.4427453611149512,5474.79621785,317
15757,43.580883241390886,1.4429858348318918,5507.20774305,318
15757,43.58101026705295,1.4431262459464473,5525.30258608,319
15757,43.581195155776506,1.4433518681185467,5552.74246997,320
15757,43.581347279599036,1.4435510826550062,5576.05824253,321
15757,43.58145462273531,1.4437006662287089,5593.01829517,322
15757,43.58152445153929,1.443805386561919,5604.48305595,323
15757,43.58159979654487,1.443918635179261,5616.86864656,324
15757,43.58167985781219,1.4440478627775974,5630.56548276,325
15757,43.58178118411648,1.444218653736351,5648.34750165,326
15757,43.581879893695124,1.4443957038135748,5666.3434264,327
15757,43.581939922581455,1.44450810557505,5677.59179512,328
15757,43.58201390027038,1.4446535885705383,5691.90919658,329
15757,43.58207501211836,1.4447795854583454,5704.1229449,330
15757,43.5822476975502,1.4451689942743877,5740.89991641,331
15757,43.582331389936954,1.4453674821361904,5759.3989724,332
15757,43.582431530582284,1.4455841276757035,5780.09936275,333
15757,43.582532404240816,1.4457883713367579,5800.01069348,334
15757,43.58259338164183,1.445904466672944,5811.56139815,335
15757,43.5826293947675,1.44597166178698,5818.29415544,336
15757,43.58267274050791,1.4460485775342853,5826.14358057,337
15757,43.582752015957965,1.4461864989056228,5840.32524755,338
15757,43.582895551590056,1.4464169039481583,5864.80288033,339
15757,43.58298469257593,1.446552098505663,5879.52804915,340
15757,43.58310306394371,1.4467187483783845,5898.32771812,341
15757,43.58318825539976,1.4468280377760705,5911.25933527,342
15757,43.583275080227985,1.4469249018635475,5923.6723072,343
15757,43.58333804083832,1.4469876977281424,5932.30921023,344
15757,43.583421832980875,1.4470598712062472,5943.29130338,345
15757,43.58354823803843,1.4471544910266092,5959.28019119,346
15757,43.583620881518016,1.4472009417934262,5968.18221007,347
15757,43.583717906353684,1.4472529647507246,5979.75605636,348
15757,43.5838166145848,1.44729627614223,5991.27299091,349
15757,43.583867260371306,1.4473135645797017,5997.07416223,350
15757,43.58392783868925,1.4473330773221413,6003.9910975,351
15757,43.58399376669895,1.447348738809253,6011.42971019,352
15757,43.58404162950354,1.447359905992419,6016.82729131,353
15757,43.58412282310317,1.447372702527155,6025.91426407,354
15757,43.58421113299432,1.4473791260199496,6035.74751016,355
15757,43.58429755984591,1.4473794052740432,6045.35777713,356
15757,43.584392002922456,1.4473732885505164,6055.87093287,357
15757,43.58446029803334,1.447364121394451,6063.5008245,358
15757,43.58454649199694,1.447347068493983,6073.18308869,359
15757,43.58463796911115,1.4473212121629278,6083.56590279,360
15757,43.58473739589836,1.44728400767493,6095.02058865,361
15757,43.58486177125875,1.4472275920455795,6109.57787753,362
15757,43.58549206309277,1.4469688269889893,6182.69659058,363
15757,43.58563620350588,1.446909430371996,6199.42304204,364
15757,43.585888669960774,1.4468051703854075,6228.72512573,365
15757,43.58610443876408,1.446716704663847,6253.75324184,366
15757,43.58619844906911,1.4466783976185724,6264.6525427,367
15757,43.58620023229235,1.4466771137878207,6264.87617063,368
15757,43.58650374498594,1.4465529760940328,6300.07518284,369
15757,43.58699972759541,1.4463483925173897,6357.63492946,370
15757,43.58746257874775,1.4461570336848009,6411.35985803,371
15757,43.58793081244839,1.4459642964431447,6465.68999642,372
15757,43.58838114702671,1.445779442928921,6517.9313711,373
15757,43.588812665944644,1.4456012582942306,6568.01426383,374
15757,43.58926478300875,1.4454151155010029,6620.47517048,375
15757,43.58971063349765,1.4452316065948376,6672.20767119,376
15757,43.59004727511858,1.4450942253899721,6711.24153059,377
15757,43.59038658300816,1.4449542976530658,6750.61798374,378
15757,43.59083063272669,1.444770827858315,6802.15764284,379
15757,43.59132124516617,1.444568829162797,6859.08531787,380
15757,43.59167936747219,1.4444222233083797,6900.62027185,381
15757,43.59199719269961,1.4442915055692773,6937.49552131,382
15757,43.59245825643431,1.4441013995207805,6991.00075678,383
15757,43.592835159831985,1.4439456392904781,7034.74757551,384
15757,43.593016028717386,1.4438729061477507,7055.6949317,385
15757,43.59316293363196,1.443818378820409,7072.60998322,386
15757,43.59333591979731,1.4437619477972858,7092.37476348,387
15757,43.593549419424036,1.4437057223241132,7116.54283395,388
15757,43.593689424925394,1.4436736651403261,7132.32336559,389
15757,43.593881592965275,1.4436378008042765,7153.88581954,390
15757,43.594100892254424,1.4436111535945793,7178.36506542,391
15757,43.5943068593282,1.4435972323963837,7201.29501381,392
15757,43.59448774509165,1.443592620968915,7221.41204877,393
15757,43.5946462326635,1.4435960123597849,7239.03720313,394
15757,43.5948237354573,1.4436075894940783,7258.79664789,395
15757,43.59504015194931,1.4436342770539878,7282.95687723,396
15757,43.595216104964855,1.443664473632131,7302.67252974,397
15757,43.59533617900343,1.4436899016085112,7316.18028892,398
15757,43.59542287229705,1.4437099873575217,7325.95491972,399
15757,43.59555477877539,1.443745023133843,7340.8911758,400
15757,43.59567770262148,1.4437815266976493,7354.87223832,401
15757,43.59576901223841,1.4438101656429372,7365.28406186,402
15757,43.59586945450772,1.4438484811859105,7376.8711305,403
15757,43.595993428278355,1.4438961063742297,7391.1799696,404
15757,43.59612741793471,1.4439521471431325,7406.74745375,405
15757,43.596198095816824,1.4439862670948087,7415.07295929,406
15757,43.596351250635244,1.444061638550512,7433.15231833,407
15757,43.59642921125405,1.4441017665158418,7442.40386689,408
15757,43.596558934504586,1.4441752583430119,7457.9953427,409
15757,43.59666419295517,1.444236987146131,7470.71144145,410
15757,43.59671868869291,1.4442727587830384,7477.42095529,411
15757,43.59676955137051,1.4443061457017627,7483.68316809,412
15757,43.596841329058066,1.4443551025866805,7492.58509588,413
15757,43.596993183705116,1.4444676694593537,7511.74993489,414
15757,43.5970860096288,1.4445421028518335,7523.68589926,415
15757,43.59721536586862,1.4446552438373241,7540.71246734,416
15757,43.5973338895263,1.4447661838806511,7556.63430702,417
15757,43.59739778424624,1.44483144559246,7565.47155593,418
15757,43.59747811088674,1.4449136305978008,7576.58819093,419
15757,43.59753203966843,1.4449741916842642,7584.31755074,420
15757,43.59758598507646,1.4450359911510868,7592.11163539,421
15757,43.597633531000625,1.4450905215314198,7598.98430896,422
15757,43.59772690619903,1.445205819768302,7612.91302012,423
15757,43.59776356961609,1.4452544340512807,7618.56507577,424
15757,43.597817664774055,1.4453273785033984,7626.97255612,425
15757,43.59788557525723,1.4454235066393144,7637.78663641,426
15757,43.59796728435313,1.4455415803204055,7650.93782019,427
15757,43.59805925888823,1.4456866444995964,7666.46371163,428
15757,43.59809980488755,1.4457562185146078,7673.65506944,429
15757,43.5982049275834,1.445941826037294,7692.62952766,430
15757,43.59832048189965,1.4461668074610066,7714.84043771,431
15757,43.598408555222676,1.4463565663952207,7732.99000428,432
15757,43.59847181422731,1.4465085571448706,7747.10659855,433
15757,43.59852504068388,1.4466508937532763,7760.00632155,434
15757,43.59858519878366,1.4468401255083274,7776.64804993,435
15757,43.59862882510242,1.4470050038160145,7790.78353435,436
15757,43.598656669944816,1.4471343609375353,7801.65058328,437
15757,43.59869557828872,1.447350147141369,7819.55751066,438
15757,43.598722003652796,1.4475749220972005,7837.89471045,439
15757,43.59873163308718,1.447688639480341,7847.11431055,440
15757,43.598738695658966,1.4478123319255156,7857.10568449,441
15757,43.598740458294394,1.4479435914651915,7867.67731177,442
15757,43.598736819093155,1.4481418792258527,7883.64976598,443
15757,43.59872731451112,1.4483056318797234,7896.87840456,444
15757,43.598713010849806,1.448447209494601,7908.38950173,445
15757,43.598686673119055,1.4486312093157248,7923.49294476,446
15757,43.59866655400545,1.4487419665586605,7932.68809163,447
15757,43.59861219908451,1.4489848976829245,7953.16280805,448
15757,43.59858733075155,1.4490771945669858,7961.09287127,449
15757,43.59854589536153,1.449209551157302,7972.70429172,450
15757,43.59849154232967,1.4493855907086868,7988.11471807,451
15757,43.59846330651924,1.449495314769357,7997.49165186,452
15757,43.59843448626552,1.4496285891285903,8008.69201098,453
15757,43.5984095313079,1.4497815846116766,8021.32082106,454
15757,43.5983990778104,1.4498747535339866,8028.91289675,455
15757,43.598386037477646,1.4500435495718247,8042.58257432,456
15757,43.59838308208024,1.450158824870162,8051.87110693,457
15757,43.59838480884583,1.4502876071309836,8062.2432704,458
15757,43.598394083529335,1.4504422107678334,8074.73560269,459
15757,43.598407509059655,1.4505706961255023,8085.18922154,460
15757,43.59843209876053,1.4507261498946409,8098.00249693,461
15757,43.598461905266085,1.450867845549688,8109.88435339,462
15757,43.598495062387045,1.450990875602838,8120.45531459,463
15757,43.59853831772606,1.4511285141570596,8132.53747442,464
15757,43.598614783366024,1.4513260074934118,8150.57111897,465
15757,43.598652742311295,1.451404322450762,8158.15968205,466
15757,43.598682352987005,1.4514642684949641,8164.0028869,467
15757,43.59875612241379,1.4515949402269774,8177.34486833,468
15757,43.598815895122144,1.4516888056341937,8187.41003244,469
15757,43.59885717155583,1.4517459786637261,8193.91092979,470
15757,43.59890208085116,1.4518055370818677,8200.8346937,471
15757,43.598954255893446,1.4518698662216836,8208.61239605,472
15757,43.599030044668055,1.4519497000780972,8219.21182654,473
15757,43.59912396464488,1.4520389841869858,8231.89080768,474
15757,43.599224067972706,1.452119440681691,8244.77001183,475
15757,43.59928949303464,1.452164853516058,8252.9123472,476
15757,43.59935213537807,1.4522041433439095,8260.56272321,477
15757,43.59944924032714,1.452262379222355,8272.33468027,478
15757,43.59960522200447,1.4523476135365472,8290.98771099,479
15757,43.59977915245451,1.4524286770431811,8311.39980417,480
15757,43.5999122212836,1.452483524503829,8326.84148189,481
15757,43.599980964061324,1.4525077954811105,8334.73123976,482
15757,43.60010031838577,1.452546887237792,8348.37105648,483
15757,43.60035056027883,1.4526123913443894,8376.69224556,484
15757,43.60043090262985,1.452628936093799,8385.72471002,485
15757,43.60058967141789,1.4526534029908595,8403.48860992,486
15757,43.600715010203274,1.4526688073075908,8417.48075598,487
15757,43.600717709990086,1.4526687388744508,8417.78100956,488
15757,43.60085284852242,1.452676462285102,8432.82061358,489
15757,43.60101761839093,1.4526784795889593,8451.14293233,490
15757,43.60118495541817,1.4526705216829592,8469.76101703,491
15757,43.60134317710566,1.4526541233854804,8487.40397157,492
15757,43.60145455275743,1.4526351961538564,8499.88182201,493
15757,43.60152909763803,1.4526221575719274,8508.23707199,494
15757,43.60167002171891,1.4525913321917518,8524.10250222,495
15757,43.60183682819144,1.4525437463891677,8543.04220784,496
15757,43.602037583227805,1.4524767179059017,8566.00838756,497
15757,43.60222210633958,1.4524076229206906,8587.26738261,498
15757,43.60235458278137,1.4523509962251029,8602.6876553,499
15757,43.602634602194726,1.4522200169003718,8635.56210794,500
15757,43.60291702271065,1.452066677011229,8669.30593562,501
15757,43.6031313304162,1.451936122849097,8695.35156339,502
15757,43.603279457950045,1.4518382165677735,8713.61200935,503
15757,43.60338472059649,1.451766173302709,8726.67533022,504
15757,43.60350504973788,1.4516764042060304,8741.88293594,505
15757,43.60358349691583,1.4516186675949285,8751.76737965,506
15757,43.60364851150271,1.451566226855018,8760.13949635,507
15757,43.603736691928795,1.4514958548456582,8771.4642313,508
15757,43.60382480594673,1.4514205290263695,8782.9874338,509
15757,43.60393691931038,1.4513222952617033,8797.75143845,510
15757,43.60402408350371,1.4512432765611398,8809.34543793,511
15757,43.604116547644885,1.4511566901829254,8821.76787641,512
15757,43.60428444348315,1.4509889041903103,8844.81253919,513
15757,43.60437585813136,1.450891194181748,8857.66638764,514
15757,43.604464606106646,1.4507960292297617,8870.16032641,515
15757,43.60457288682585,1.4506805468219555,8885.3731348,516
15757,43.60473174947267,1.450510509869281,8907.72236785,517
15757,43.60487286234947,1.4503595053094356,8927.5728134,518
15757,43.60501575827233,1.4502072159281554,8947.64336725,519
15757,43.60515952070366,1.450052426125969,8967.91343137001,520
15757,43.605387630061436,1.4498100126253444,8999.91867871,521
15757,43.60547371055179,1.4497173899627251,9012.05273576,522
15757,43.60561127247946,1.4495701884808398,9031.40341895,523
15757,43.60575771719491,1.4494140886454825,9051.97372261,524
15757,43.60583403106839,1.4493316238831662,9062.74842749,525
15757,43.60600799103103,1.449146329863058,9087.1769673,526
15757,43.60600975765406,1.4491438072424265,9087.45953254,527
15757,43.606485454483845,1.4486349310528037,9154.36735045,528
15757,43.60664963045801,1.448458553907208,9177.49605236,529
15757,43.606849337712255,1.4482465837521996,9205.50326923,530
15757,43.607044578187434,1.448037203551029,9232.98990955,531
15757,43.60721763607371,1.447851925052236,9257.3381502,532
15757,43.60738361066155,1.4476754979109958,9280.62738363,533
15757,43.60751138713775,1.4475372083330647,9298.67851025,534
15757,43.607759006597206,1.447273218284441,9333.4620805,535
15757,43.60800394229328,1.4470105332709668,9367.94530858,536
15757,43.60819564730755,1.4468061907138372,9394.87260155,537
15757,43.60832255606428,1.4466703973622483,9412.7239961,538
15757,43.608555074475426,1.4464216516515958,9445.42824397,539
15757,43.608692648699645,1.446275673811356,9464.71945631,540
15757,43.60880979081236,1.446150038275581,9481.21142979,541
15757,43.60892871598508,1.4460231179297407,9497.9234799,542
15757,43.609084905058026,1.4458556024808589,9519.91277585,543
15757,43.60916211622648,1.4457731058592331,9530.76757817,544
15757,43.60916301615131,1.4457730829433701,9530.86766239,545
15757,43.609651113324084,1.4452502095698172,9599.55436516,546
15757,43.60983376589154,1.4450423696732326,9625.86990354,547
15757,43.60996837196772,1.4448766380615092,9645.9215603,548
15757,43.61023621685873,1.44451051674366,9687.82510087,549
15757,43.61039228691329,1.4442674203878259,9713.98279847,550
15757,43.61053310774867,1.4440284284128238,9738.79045619,551
15757,43.61064733049685,1.443819848616887,9759.8454692,552
15757,43.61077971758467,1.4435562903374728,9785.67086486,553
15757,43.61091693655914,1.4432504827231938,9814.63599504,554
15757,43.61101364232471,1.443011372709115,9836.68638424,555
15757,43.6111836376645,1.4425325089336218,9879.62412918,556
15757,43.61123798001163,1.4423564266770186,9895.03450136,557
15757,43.611304153281964,1.4421230491915475,9915.21297053,558
15757,43.61137845727422,1.4418250367405891,9940.58846824,559
15757,43.61144374456723,1.4415260148037612,9965.73322205,560
15757,43.61147980303622,1.4413293351179919,9982.06745709,561
15757,43.611504863591634,1.441184973302844,9994.0192709,562
15757,43.61154373614635,1.4409299891649883,10014.99789572,563
15757,43.611577908053434,1.4406602569897584,10037.04365528,564
15757,43.61162315279043,1.4401436837585893,10078.93555164,565
15757,43.611635359641305,1.439914159709323,10097.4640376,566
15757,43.61164514487296,1.4395719498772999,10125.0364066,567
15757,43.61164586895176,1.4393588260233292,10142.19493278,568
15757,43.61164418018252,1.4392337317656505,10152.26786698,569
15757,43.61163264957631,1.4389131296759814,10178.11097181,570
15757,43.61161738794312,1.43864961640833,10199.39387038,571
15757,43.61159812799752,1.4384233750750508,10217.73376189,572
15757,43.61158147058753,1.4382565384875805,10231.29268868,573
15757,43.611567164977174,1.4381305282492567,10241.56158243,574
15757,43.611542889391174,1.437932912217234,10257.69879252,575
15757,43.611485873632375,1.4375775447117047,10287.00307439,576
15757,43.61143637841939,1.4373124308815064,10309.04527035,577
15757,43.611402604136416,1.43714479432191,10323.05430789,578
15757,43.61135196118351,1.436928030765391,10341.39180525,579
15757,43.61127024699108,1.4366104672340345,10368.5251794,580
15757,43.611195652244746,1.4363534319643578,10390.81935917,581
15757,43.61112512574243,1.4361309843620993,10410.37023806,582
15757,43.61102518128816,1.4358634491481859,10434.60740735,583
15757,43.61091763458635,1.4355663743532872,10461.34784984,584
15757,43.610785515653255,1.4351832027673899,10495.51640677,585
15757,43.6106107021394,1.4346388233013148,10543.46164259,586
15757,43.610470122616725,1.4341629504551365,10584.84049942,587
15757,43.61040957491362,1.4339464466815972,10603.52634368,588
15757,43.61037341478167,1.4338024161480007,10615.79962306,589
15757,43.61034628725199,1.4336606318941427,10627.60656545,590
15757,43.61032824268015,1.4335248094401982,10638.72425834,591
15757,43.6103185993525,1.4334110726891867,10647.94383361,592
15757,43.61031537285979,1.4333058439712203,10656.42344752,593
15757,43.61031715972626,1.4331719905014908,10667.20189411,594
15757,43.61033097456075,1.432995703593915,10681.47773468,595
15757,43.610343979862265,1.4328925360220919,10689.90875737,596
15757,43.61036403333424,1.4327780367813994,10699.39300386,597
15757,43.610394650671594,1.4326459207328983,10710.56128405,598
15757,43.61042562051091,1.4325398136903156,10719.77199112,599
15757,43.61047503516621,1.4323997808193834,10732.31378608,600
15757,43.61053176659545,1.4322682325243186,10744.64112105,601
15757,43.61062202299812,1.432086264150256,10762.39933601,602
15757,43.61068438878384,1.431971916023087,10773.92516462,603
15757,43.61076626712407,1.4318360038553413,10788.15980564,604
15757,43.61084388091946,1.4317175464841514,10801.02198913,605
15757,43.610923412054504,1.4316077123425,10813.5280165,606
15757,43.6110163746876,1.4314925768409321,10827.41244379,607
15757,43.611104156142865,1.4313936808317795,10840.00883626,608
15757,43.611212450831346,1.431280628539849,10855.1034747,609
15757,43.61135650694653,1.4311493108812403,10874.29618563,610
15757,43.611471403393615,1.431058389672286,10889.02052799,611
15757,43.61157305309198,1.4309863934456626,10901.72305291,612
15757,43.61162302843146,1.4309541340405532,10907.85702846,613
15757,43.61174271010127,1.4308841518474067,10922.30857321,614
15757,43.61187235809958,1.4308188691053476,10937.65298629,615
15757,43.61196541191048,1.4307768288592475,10948.53960572,616
15757,43.61207918069581,1.4307354948590036,10961.62049496,617
15757,43.61220918166212,1.430696221329113,10976.41771642,618
15757,43.612305220999616,1.430675166900711,10987.23050538,619
15757,43.61238961179898,1.430658128934994,10996.71407098,620
15757,43.612496551051386,1.4306442281326253,11008.65773612,621
15757,43.6126206560444,1.430634841911331,11022.47827472,622
15757,43.61266476897146,1.4306349466086945,11027.3834224,623
15757,43.61274129585494,1.4306354568289585,11035.89293445,624
15757,43.612853020520085,1.4306424960489141,11048.32908648,625
15757,43.612958529801524,1.4306558901828879,11060.11065064,626
15757,43.61303070839066,1.4306676633775606,11068.19232776,627
15757,43.61311467000759,1.430685328703945,11077.63614624,628
15757,43.61319236580067,1.4307056332279497,11086.42882172,629
15757,43.61327009521252,1.4307284149789006,11095.26440442,630
15757,43.61337140748156,1.4307642196625794,11106.89276137,631
15757,43.61345650435614,1.4307992023618454,11116.76534252,632
15757,43.613544368223195,1.4308390701182625,11127.04906959,633
15757,43.61364593260672,1.4308934540759215,11139.16151133,634
15757,43.613785730670465,1.4309790700470926,11156.16593685,635
15757,43.61390024685022,1.4310591411738307,11170.43824799,636
15757,43.614017647616365,1.4311527678327105,11185.51241739,637
15757,43.61407049848696,1.431199731658936,11192.50034173,638
15757,43.614146166670636,1.4312696507742348,11202.62350327,639
15757,43.61422646885677,1.4313493632676781,11213.61951506,640
15757,43.61434153931107,1.4314703097829105,11229.698218,641
15757,43.61447141162711,1.4316206134168052,11248.53865603,642
15757,43.61456945050758,1.4317469547565203,11263.4481383,643
15757,43.614670373806405,1.4318868519134405,11279.34715134,644
15757,43.61474299623979,1.4319977394436094,11291.38461169,645
15757,43.61479911764349,1.4320867482450386,11300.88666102,646
15757,43.61486544043985,1.43219779807405,11312.47592316,647
15757,43.61492269674381,1.4323041248234154,11323.14379757,648
15757,43.61501705815077,1.4324912763228448,11341.50387808,649
15757,43.615100620208025,1.4326787057348538,11359.22417678,650
15757,43.61517606588682,1.4328651050089507,11376.41590742,651
15757,43.6152416121395,1.4330517589066905,11393.11660442,652
15757,43.61531309473608,1.433277910740272,11412.98217995,653
15757,43.61537050746992,1.433462296135387,11429.14051731,654
15757,43.61543138534179,1.433636680431027,11444.7259467,655
15757,43.61542765141111,1.4336268637619578,11445.61865392,656
15757,43.61554442023766,1.433939828411374,11473.96234164,657
15757,43.61561799692694,1.4341213222348117,11490.70787093,658
15757,43.61569042179818,1.4342842600173493,11506.09982744,659
15757,43.61577756383822,1.4344703629723374,11523.94216145,660
15757,43.615824751197785,1.4345645609550677,11533.16368749,661
15757,43.615915358310524,1.4347406632568545,11550.55587216,662
15757,43.61607303422564,1.435016650293258,11578.85830625,663
15757,43.6161926895609,1.4352105953209435,11599.37158092,664
15757,43.61629929309662,1.4353714205485082,11616.92530447,665
15757,43.616394778902084,1.4355089887779178,11632.26736321,666
15757,43.61644244632075,1.4355721991140125,11639.61499681,667
15757,43.61653134753652,1.4356888723111885,11653.25094073,668
15757,43.61663576512988,1.435821256277688,11669.01116476,669
15757,43.616725398443535,1.4359255205516643,11682.04141254,670
15757,43.61677289806922,1.4359763449538925,11688.7224813,671
15757,43.61682219751256,1.4360271233103548,11695.56064326,672
15757,43.61687604679947,1.4360815024271298,11702.97798675,673
15757,43.61694899543865,1.4361502613266102,11712.79814219,674
15757,43.61707285892566,1.4362561277026775,11728.99466312,675
15757,43.617246502709165,1.4363817837249595,11750.7922495,676
15757,43.61742624478241,1.4364924149904383,11772.67314013,677
15757,43.61756403767186,1.436563231081297,11789.02119908,678
15757,43.61765819886201,1.4366029484386682,11799.96875374,679
15757,43.61774961002792,1.4366390190392495,11810.53984648,680
15757,43.61786445260165,1.4366769677276774,11823.67009538,681
15757,43.61803157426741,1.4367197729287635,11842.56997966,682
15757,43.618193078666806,1.4367466137174392,11860.65798929,683
15757,43.61834179994678,1.4367601517619148,11877.23093484,684
15757,43.6184012281648,1.4367611077018754,11883.83950833,685
15757,43.61849307024939,1.4367624724586334,11894.05248717,686
15757,43.61861360928419,1.4367556673610968,11907.46702477,687
15757,43.6187385306784,1.4367400760722762,11921.41425564,688
15757,43.618826538601766,1.4367241911869786,11931.28349386,689
15757,43.61893156125627,1.436701674724436,11943.10132338,690
15757,43.61905263172201,1.436667594858893,11956.8404462,691
15757,43.61916016987808,1.4366313832562614,11969.14833328,692
15757,43.619225529036854,1.436604926080278,11976.72158641,693
15757,43.61933291641905,1.4365575658541874,11989.2563727,694
15757,43.619410723680915,1.4365196373159241,11998.43108419,695
15757,43.61948219798956,1.4364793926475694,12007.01358964,696
15757,43.61955723845861,1.4364365782217943,12016.04147866,697
15757,43.61970728583894,1.4363484716147743,12034.17089835,698
15757,43.620103951761514,1.4361239335259937,12081.8379962,699
15757,43.62059555618165,1.435863501631055,12140.38406345,700
15757,43.620646533182274,1.4358386508161798,12146.39507857,701
15757,43.62064831626302,1.4358373659440875,12146.61870384,702
15757,43.620995339777096,1.435669856556955,12187.49407854,703
15757,43.62135146275895,1.43550954706371,12229.1427382,704
15757,43.62154835539517,1.4354239520540328,12252.09480669,705
15757,43.6218993299056,1.4352823595869901,12292.75168888,706
15757,43.62218057997049,1.435177251089878,12325.14957201,707
15757,43.62255596925496,1.4350437040391164,12368.25300488,708
15757,43.62289121412779,1.4349372084643492,12406.50351365,709
15757,43.623382642157296,1.4347969642985559,12462.30175279,710
15757,43.623682275687,1.4347198817162545,12496.19232812,711
15757,43.624023305350015,1.4346417364407393,12534.63129295,712
15757,43.624245948289,1.4345963692272743,12559.65596126,713
15757,43.62449468880237,1.4345503321567834,12587.56180929,714
15757,43.62466440425008,1.4345187146416145,12606.60415913,715
15757,43.62486475041619,1.4344887896002354,12629.01150628,716
15757,43.625014785046666,1.4344663514623952,12645.79209412,717
15757,43.62518463461859,1.4344446440879304,12664.75918004,718
15757,43.625514484947516,1.43440519947463,12701.57407129,719
15757,43.625796740254906,1.4343744112795334,12733.05715578,720
15757,43.62596842314175,1.4343551348825616,12752.21039497,721
15757,43.62628932449717,1.4343196367499358,12788.00725739,722
15757,43.62646280717773,1.434300313860181,12807.36027321,723
15757,43.62655089838797,1.4342906177365227,12817.1866231,724
15757,43.62675314483606,1.4342680780102752,12839.74849063,725
15757,43.62694100937169,1.4342471464812327,12860.70592982,726
15757,43.62694280920515,1.4342471002962112,12860.90609696,727
15757,43.62710730944008,1.434229246791349,12879.25407233,728
15757,43.627497420321184,1.4341857747473639,12922.77337017,729
15757,43.62812934021635,1.4341162674828591,12993.26210932,730
15757,43.6284457416633,1.4340808823147282,13028.55948,731
15757,43.629072261779726,1.4340115114645868,13098.44881558,732
15757,43.629545080665956,1.4339597170542335,13151.18895753,733
15757,43.62973204503764,1.433938806716287,13172.04648441,734
15757,43.629955939491126,1.433919427065812,13196.99125849,735
15757,43.63025736088744,1.433907972235521,13230.52051194,736
15757,43.63047344128234,1.4339098621379456,13254.54807014,737
15757,43.6306274610514,1.4339158237561425,13271.68103056,738
15757,43.6308392431748,1.4339326965335064,13295.2692824,739
15757,43.631139518973825,1.4339696068982941,13328.79036346,740
15757,43.631412031572644,1.434017145310825,13359.33300899,741
15757,43.6317777722195,1.4341019520086924,13400.5703479,742
15757,43.63199015814725,1.434163428617744,13424.69934177,743
15757,43.63221802710116,1.434238141747764,13450.74095951,744
15757,43.63234108650805,1.4342845598985237,13464.92535293,745
15757,43.63261265446027,1.4343953348839624,13496.4109371,746
15757,43.6327032162171,1.4344351510588127,13506.97851557,747
15757,43.632897106203124,1.4345268503623316,13529.76625983,748
15757,43.633112879152975,1.4346390589589144,13555.40236544,749
15757,43.6333560351027,1.4347790726424114,13584.69423839,750
15757,43.633482213187015,1.4348563984663343,13600.04282932,751
15757,43.6335285112619,1.4348849570790447,13605.68070862,752
15757,43.63355576021473,1.4349028495190168,13609.03542438,753
15757,43.63359664202186,1.4349303077096323,13614.08993755,754
15757,43.63363842373647,1.4349577428524778,13619.2338349,755
15757,43.63374288637478,1.4350269503761606,13632.1158978,756
15757,43.63397562840543,1.4351957412407417,13661.34415167,757
15757,43.63431055183816,1.4354647868935095,13704.4229412,758
15757,43.6345465292245,1.4356731604414912,13735.56343084,759
15757,43.634739875094155,1.4358578394577002,13761.6997723,760
15757,43.63500005373251,1.4361250896544073,13797.74916419,761
15757,43.63527338332074,1.4364329074165583,13836.95882822,762
15757,43.635379532176,1.4365603310448793,13852.59451405,763
15757,43.635526081022256,1.4367462144573775,13874.71520247,764
15757,43.63567458010104,1.4369432040475534,13897.60576979,765
15757,43.63586549622215,1.4372147160806106,13928.07057571,766
15757,43.635961962770416,1.4373585035096934,13943.84901387,767
15757,43.63605849609463,1.4375072476017783,13959.92721941,768
15757,43.636192896489376,1.4377269124710976,13983.07555957,769
15757,43.63632469712575,1.4379540817783196,14006.50639796,770
15757,43.636459448035346,1.438199768858913,14031.31434712,771
15757,43.636562982329345,1.438400394872758,14051.14397187,772
15757,43.63664251628908,1.4385570140857162,14066.541146,773
15757,43.63668606684679,1.4386488614359498,14075.37767404,774
15757,43.636767651177635,1.438824021233394,14092.14057309,775
15757,43.63684660239152,1.4390042068517774,14109.09149231,776
15757,43.63695357074357,1.4392592855462099,14132.81598656,777
15757,43.63705515576032,1.4395157423198164,14156.34328691,778
15757,43.63711304009999,1.4396691994199473,14170.26937618,779
15757,43.637178574842345,1.439855927735668,14186.96996999,780
15757,43.637272360103964,1.4401348969317203,14211.7237818,781
15757,43.63733074490271,1.440325527526093,14228.38181655,782
15757,43.637383512703394,1.4405001884716384,14243.61307201,783
15757,43.63745448115388,1.440756192053345,14265.67442241,784
15757,43.637493448930634,1.4409088952154394,14278.70462972,785
15757,43.63755153376229,1.4411441572387558,14298.70850603,786
15757,43.63759560175028,1.4413413529649552,14315.31696562,787
15757,43.63764660325404,1.4415854732996796,14335.76447756,788
15757,43.637669803942146,1.441703873828545,14345.63570521,789
15757,43.63770583851145,1.4419062335414685,14362.40608295,790
15757,43.63773618950265,1.4420876668911877,14377.39169252,791
15757,43.63775785687133,1.4422259391494319,14388.77683448,792
15757,43.637785824666814,1.4424309844232746,14405.56810309,793
15757,43.637806775247036,1.442582909868546,14418.01408049,794
15757,43.637816025722,1.4426682002580615,14424.95436315,795
15757,43.63782939296905,1.4427918105628539,14435.01217938,796
15757,43.6378406099386,1.442889445974446,14442.96764464,797
15757,43.637848026995854,1.4429723042137048,14449.6863638,798
15757,43.63785439395776,1.4430440336291466,14455.50194765,799
15757,43.637868144413176,1.4431961431729026,14467.8378811,800
15757,43.637883978611455,1.4434362052666023,14487.23661889,801
15757,43.63789259584918,1.4436082781817354,14501.11706217,802
15757,43.63790689670384,1.4440020796273978,14532.84755625,803
15757,43.637909397042236,1.4441879433452822,14547.80726168,804
15757,43.63790833076383,1.4445102448307583,14573.74429176,805
15757,43.63790551423225,1.4446355077999482,14583.82951744,806
15757,43.637895180997994,1.444938213181079,14608.21639414,807
15757,43.637887664158725,1.4451156555608675,14622.520266,808
15757,43.63787561311078,1.4454246020916384,14647.41840114,809
15757,43.63786859118463,1.4459738863186598,14691.62819994,810
15757,43.63787528518805,1.4463381333129568,14720.94993207,811
15757,43.6378822314218,1.4465201651775612,14735.61904662,812
15757,43.637891459783496,1.4467380849206455,14753.18583449,813
15757,43.63789834023879,1.4468482266318767,14762.08229417,814
15757,43.63790743637257,1.4469892998550844,14773.47993205,815
15757,43.63791719933892,1.4471130029192047,14783.49377984,816
15757,43.63793645872982,1.4473405836795088,14801.93280064,817
15757,43.637955135554584,1.4475247963160771,14816.90180815,818
15757,43.637981659979936,1.4477571505436932,14835.83135104,819
15757,43.63800983412449,1.4479783073340942,14853.90223721,820
15757,43.63804545654534,1.4482178676317712,14873.58320175,821
15757,43.63807889632398,1.4484289747729042,14890.9738722,822
15757,43.638097424211075,1.4485351022065003,14899.75928166,823
15757,43.63811403582703,1.4486326017952975,14907.81989181,824
15757,43.63813053102551,1.4487214277565525,14915.19958283,825
15757,43.638175934663046,1.4489520635973214,14934.43401313,826
15757,43.638214373840874,1.4491332959543695,14949.63179088,827
15757,43.63823931678896,1.4492479374049634,14959.26524602,828
15757,43.638265109701635,1.4493588387750276,14968.63935004,829
15757,43.638313762915736,1.449563362991804,14985.96438131,830
15757,43.63836215003523,1.4497480618992475,15001.77152735,831
15757,43.63840390531632,1.4499081390958377,15015.46460082,832
15757,43.63844824388856,1.450059474192649,15028.60309318,833
15757,43.63848983270359,1.450207160778882,15041.35586739,834
15757,43.63853683742778,1.4503559495164804,15054.42038783,835
15757,43.63855469950458,1.4504125140790072,15059.3867481,836
15757,43.63858764082626,1.4505195163388374,15068.7442128,837
15757,43.6386138676579,1.450595701012438,15075.53326915,838
15757,43.63862699765366,1.4506350324816368,15079.01887917,839
15757,43.63865420731499,1.450717389941972,15086.30435518,840
15757,43.63869541356624,1.4508365779616255,15096.93395575,841
15757,43.638728105559125,1.4509249940476128,15104.92387126,842
15757,43.63874861731931,1.4509777730724036,15109.74479342,843
15757,43.63877091229291,1.4510292673229406,15114.57361753,844
15757,43.63879509004595,1.451086911470547,15119.93513618,845
15757,43.63882476682707,1.4511518532491208,15126.11580802,846
15757,43.63886272533485,1.4512302197109295,15133.70428478,847
15757,43.638907999259395,1.451317077303214,15142.31813777,848
15757,43.638948624221044,1.451392897213208,15149.90977852,849
15757,43.63903975648201,1.4515430469581114,15165.67945747,850
15757,43.63911140973458,1.4516503076585683,15177.42609285,851
15757,43.63920127683636,1.4517732203908924,15191.4862493,852
15757,43.63931379097549,1.451906714662591,15207.97647015,853
15757,43.639402376448366,1.4520011511641264,15220.41751545,854
15757,43.639497244670785,1.4520941889759897,15233.35322025,855
15757,43.63956190152859,1.4521495676108294,15241.81186917,856
15757,43.63961654320687,1.45219652362129,15248.96688882,857
15757,43.63972657718831,1.4522792608877684,15262.8963395,858
15757,43.63980378303477,1.4523306029020613,15272.42368853,859
15757,43.63985099318241,1.4523603940362657,15278.19471857,860
15757,43.63994626362895,1.452416236208263,15289.70200097,861
15757,43.64000063992117,1.4524433665736933,15296.13045645,862
15757,43.640057732533116,1.4524716676388316,15302.87500927,863
15757,43.64014100559445,1.452505502432366,15312.52656319,864
15757,43.6401772177567,1.4525206981217729,15316.73475483,865
15757,43.64022334557043,1.45253688186444,15322.02668933,866
15757,43.64029930323301,1.4525622254608928,15330.71553909,867
15757,43.640345381304705,1.4525746918375528,15335.9364774,868
15757,43.640416756486914,1.4525939539427006,15344.02299164,869
15757,43.640499780837395,1.4526092019060646,15353.33607431,870
15757,43.640541293010905,1.4526168259033088,15357.99261553,871
15757,43.64061703514037,1.4526260607970025,15366.44748937,872
15757,43.640670229639234,1.4526321489259617,15372.38270986,873
15757,43.64068374495396,1.45263304567816,15373.88727785,874
15757,43.64073327347831,1.4526342685210203,15379.39548509,875
15757,43.640792717652765,1.452636479426493,15386.00777869,876
15757,43.64080891613679,1.452636068549257,15387.80927385,877
15758,43.640811615884104,1.4526360000696965,0,1
15758,43.64070625942672,1.4526337141656345,11.71656372,2
15758,43.64061161906782,1.452624958607876,22.26366498,3
15758,43.64053227727465,1.4526158150232367,31.11671083,4
15758,43.6404591685786,1.4526015550922982,39.32662648,5
15758,43.64036074618746,1.4525792603484808,50.41678762,6
15758,43.64024142678164,1.4525426210147427,64.00816854,7
15758,43.64018355032572,1.4525230166057872,70.63428365,8
15758,43.6401011771868,1.452489158936333,80.19040068,9
15758,43.63999429077063,1.452439808968804,92.72154851,10
15758,43.63985462600729,1.4523627809818243,109.44289746,11
15758,43.63979198464173,1.4523234649087013,117.09316679,12
15758,43.63972476077492,1.4522780674199436,125.41307352,13
15758,43.63960289522586,1.4521857139568457,140.86807735,14
15758,43.63951364215843,1.4521086474783609,152.57090418,15
15758,43.639395077613834,1.4519938991041381,168.66682753,16
15758,43.63930190962742,1.4518933811991006,181.81046826,17
15758,43.639205859350234,1.4517793017971627,195.89396189,18
15758,43.639117825263156,1.4516588216021369,209.67155197,19
15758,43.639031474755434,1.45152962225664,223.82393236,20
15758,43.638948624221044,1.451392897213208,238.17411548,21
15758,43.6388747560918,1.451254704966585,251.99926359,22
15758,43.63880900363445,1.451117546532584,265.2386509,23
15758,43.63874768421276,1.4509753177018538,278.56119892,24
15758,43.63867201942211,1.4507702373927662,297.08544665,25
15758,43.63862604794093,1.4506313380134073,309.37646561,26
15758,43.63855095042851,1.4504014535568266,329.673237,27
15758,43.63848983270359,1.450207160778882,346.72162218,28
15758,43.63843884620358,1.4500299643364478,362.06685145,29
15758,43.638402005844114,1.4499007502091414,373.2429137,30
15758,43.6383593340283,1.4497394567887467,387.06276145,31
15758,43.638289936146236,1.4494648067084497,410.47307223,32
15758,43.638259377952465,1.4493341940180213,421.5194728,33
15758,43.63822682040764,1.4491887580189795,433.77029104,34
15758,43.63817108612579,1.448926156936207,455.79263774,35
15758,43.63811600186129,1.4486449469952922,479.23679689,36
15758,43.638061284878845,1.4483240636103714,505.76645816,37
15758,43.63803359354396,1.4481388402315334,520.98673166,38
15758,43.638012849788616,1.4480017814497066,532.254931,39
15758,43.63799882099049,1.447895539848246,540.94570548,40
15758,43.637971596495014,1.4476780775184956,558.70556135,41
15758,43.637954069316386,1.4475124282837053,572.17765521,42
15758,43.637936358924634,1.4473331491220427,586.73866949,43
15758,43.637923547097145,1.4471834937553667,598.86593714,44
15758,43.63791185127721,1.4470499237437653,609.6931843,45
15758,43.637903904713205,1.4469274139734225,619.59150508,46
15758,43.63789142650224,1.4467356067369772,635.08916331,47
15758,43.63787986572295,1.4464780818964507,655.85295233,48
15758,43.63787308693044,1.4462415071057428,674.90590243,49
15758,43.637868556988636,1.4460383419827423,691.263098,50
15758,43.637869342114975,1.4458957777271102,702.73609589,51
15758,43.63787191167181,1.4456180608225837,725.08681405,52
15758,43.63787441283999,1.4454692552359125,737.06497082,53
15758,43.63787889686029,1.445334033773517,747.95815073,54
15758,43.63788708074285,1.4451392212319811,763.66181204,55
15758,43.63789309765913,1.4449841283789395,776.16061508,56
15758,43.6378991810116,1.4448339918611948,788.26156404,57
15758,43.637904530879496,1.4446962691716316,799.36055872,58
15758,43.63790769747858,1.444530093240955,812.7379686,59
15758,43.63790999728626,1.4444333523154786,820.5272576,60
15758,43.637909730597954,1.4443465929586576,827.50915777,61
15758,43.637909730398114,1.4442127251754842,838.28197933,62
15758,43.63790689670384,1.4440020796273978,855.23631215,63
15758,43.637898162964824,1.4437543990991775,875.19170164,64
15758,43.637888662181886,1.443516654329117,894.35302785,65
15758,43.63787602822005,1.4433136960230015,910.74612527,66
15758,43.63785759410183,1.4430811374326298,929.57288291,67
15758,43.63783547644507,1.4428424754136717,948.93571747,68
15758,43.63781500901743,1.4426595496062846,963.83132583,69
15758,43.637781824522,1.4424013382045253,984.93564947,70
15758,43.63771848884604,1.4419765627135237,1019.83688866,71
15758,43.637669803942146,1.441703873828545,1042.43910044,72
15758,43.63764373655139,1.4415731514106875,1053.35087203,73
15758,43.63760228521278,1.441369690964811,1070.36053398,74
15758,43.63755153376229,1.4411441572387558,1089.36725136,75
15758,43.637502015842045,1.4409433825365152,1106.43686325,76
15758,43.63744689762618,1.4407278771902408,1124.83059602,77
15758,43.63739769641484,1.4405506456922672,1140.10646069,78
15758,43.63734016177618,1.4403562744303207,1157.00609841,79
15758,43.63729304390545,1.4402000618483006,1170.62530768,80
15758,43.63721602551809,1.4399628068213581,1191.55100554,81
15758,43.637157024361706,1.4397932642226594,1206.69026128,82
15758,43.637092489733924,1.4396139474648548,1222.80646342,83
15758,43.63704955565703,1.4395010115584272,1233.07253335,84
15758,43.636988004555995,1.4393426905759983,1247.53531261,85
15758,43.63689308644747,1.4391133327267336,1268.79741506,86
15758,43.63678253483865,1.4388595857211008,1292.63229211,87
15758,43.63665086644076,1.4385753927582123,1319.78766548,88
15758,43.63658053240574,1.4384334119088102,1333.63386871,89
15758,43.63643083119851,1.438147203457825,1362.05214867,90
15758,43.636341280479165,1.437982165366118,1378.6519446,91
15758,43.636207629859435,1.4377513248594993,1402.44197472,92
15758,43.636091612798026,1.437559697146376,1422.54779104,93
15758,43.63595092942146,1.4373414334120047,1446.06890296,94
15758,43.63588569615769,1.437243946097755,1456.75372875,95
15758,43.635755296356415,1.4370539282778267,1477.82713285,96
15758,43.63555631411525,1.436785102847028,1508.77208306,97
15758,43.63544178155679,1.4366368223314556,1526.22464177,98
15758,43.63532646614161,1.436497238693772,1543.27172403,99
15758,43.6351481015836,1.4362886221362428,1569.25680496,100
15758,43.635049386289054,1.4361783613622787,1583.3715449,101
15758,43.63490415530818,1.4360234334018414,1603.77364564,102
15758,43.63477180778269,1.435889246610704,1622.02718287,103
15758,43.63458209514103,1.4357069531459137,1647.72212889,104
15758,43.6343506173913,1.4354984639615,1678.44728232,105
15758,43.63411574074599,1.4353049368226576,1708.85580124,106
15758,43.633957445705825,1.4351825737675905,1729.02491552,107
15758,43.633831066677786,1.4350903785925735,1744.91617537,108
15758,43.63370745437976,1.4350030705621049,1760.35309728,109
15758,43.63363842373647,1.4349577428524778,1768.85171013,110
15758,43.63342138232295,1.4348182972969288,1795.46733523,111
15758,43.63331790330727,1.434755262385982,1808.04238531,112
15758,43.633142811122234,1.434655642908664,1829.09791223,113
15758,43.632950586916635,1.4345539847410775,1851.98460402,114
15758,43.63261083785764,1.4343941420876782,1891.89321478,115
15758,43.632462346060905,1.434331024423237,1909.16849992,116
15758,43.63234108650805,1.4342845598985237,1923.16091862,117
15758,43.632206277882716,1.4342347250591265,1938.67826401,118
15758,43.632010040154654,1.4341691153579608,1961.1287387,119
15758,43.63177233917687,1.4340996126593337,1988.14533775,120
15758,43.63159621822976,1.4340570359660638,2008.02664827,121
15758,43.6313109223048,1.4339961920972932,2040.12586631,122
15758,43.6311196705052,1.433966398205865,2061.52688606,123
15758,43.630905954356265,1.4339396598589171,2085.38830807,124
15758,43.63063376045948,1.4339156620645865,2115.71649277,125
15758,43.6304031975389,1.4339079470351124,2141.36147342,126
15758,43.63018805061016,1.4339085119066652,2165.28479651,127
15758,43.6299793205203,1.4339175875773342,2188.5060468,128
15758,43.629712263669,1.4339405537968652,2218.25892756,129
15758,43.629577444079736,1.4339564076963296,2233.3044083,130
15758,43.629207998094664,1.4339968736330622,2274.51388669,131
15758,43.62874866109802,1.4340470821248814,2325.74951253,132
15758,43.62828214144826,1.434098713515914,2377.79038634,133
15758,43.627806639306904,1.4341518139437743,2430.83633744,134
15758,43.62747493918298,1.4341875909646835,2467.83199772,135
15758,43.627131573640575,1.4342261455446412,2506.13845617,136
15758,43.62693830962151,1.4342472157587596,2527.69527714,137
15758,43.62694010945496,1.4342471695737424,2527.89544428,138
15758,43.62651225228456,1.4342953272520396,2575.62869638,139
15758,43.62610954238325,1.4343391211657188,2620.54657927,140
15758,43.62571763141184,1.4343826374208652,2664.26568469,141
15758,43.62540032963899,1.4344180425320379,2699.66298129,142
15758,43.62512802368702,1.4344522928359515,2730.06730489,143
15758,43.62473987991991,1.434508103526912,2773.46013955,144
15758,43.624350103945865,1.4345763478172495,2817.14802163,145
15758,43.62398830917831,1.4346500696155458,2857.81310712,146
15758,43.62358536963093,1.4347434343846783,2903.24389313,147
15758,43.623235541883254,1.4348366748495758,2942.86042986,148
15758,43.62287328283214,1.4349426252149904,2984.03475766,149
15758,43.62255866900995,1.4350436348017983,3019.95068073,150
15758,43.622139368129304,1.4351919390882562,3068.07887922,151
15758,43.6218903810099,1.4352863066318156,3096.78816842,152
15758,43.62142663690896,1.435476640169836,3150.58213436,153
15758,43.62121094649104,1.4355701518294628,3175.71933183,154
15758,43.6208217945391,1.4357511340041011,3221.37768093,155
15758,43.620644750101526,1.4358399356881992,3242.3217577,156
15758,43.620642950263296,1.435839981821481,3242.52192531,157
15758,43.62041586215429,1.4359560880569477,3269.44716058,158
15758,43.62012896520365,1.4361096617713596,3303.66021274,159
15758,43.61997975093309,1.436192791611931,3321.55072278,160
15758,43.61964297743493,1.4363860546824727,3362.10128023,161
15758,43.61941698961809,1.4365169984949033,3389.35124311,162
15758,43.619275656551075,1.4365838156310666,3405.96173391,163
15758,43.61916016987808,1.4366313832562614,3419.36201843,164
15758,43.61904724895181,1.4366689718883972,3432.27771238,165
15758,43.61890286431015,1.4367098446507833,3448.66624789,166
15758,43.618768177791964,1.436735599231925,3463.78554498,167
15758,43.61863519061551,1.4367538754058173,3478.64607072,168
15758,43.618547948621405,1.436759827575201,3488.35877702,169
15758,43.61846335614156,1.4367619944870353,3497.76666184,170
15758,43.618342699866844,1.4367601287097118,3511.18388661,171
15758,43.61820209461552,1.436747621883314,3526.85088182,172
15758,43.61812633384853,1.4367371713987043,3535.31700753,173
15758,43.61806587172083,1.4367263290459829,3542.0965173,174
15758,43.617968362130966,1.4367052837147145,3553.07066157,175
15758,43.61784638720363,1.4366724740639916,3566.88844609,176
15758,43.61774689351832,1.4366378495204384,3578.29737176,177
15758,43.61756403767186,1.436563231081297,3599.49877704,178
15758,43.61744619378279,1.4365030558282061,3613.46916849,179
15758,43.61731281669635,1.4364259313705023,3629.54715407,180
15758,43.61718653840237,1.4363411907753192,3645.15805887,181
15758,43.61707285892566,1.4362561277026775,3659.53427875,182
15758,43.61697359486176,1.4361719346452344,3672.48677371,183
15758,43.616865113715136,1.4360718698705115,3686.99176624,184
15758,43.616739115083995,1.4359412771660154,3704.50788214,185
15758,43.61663576512988,1.435821256277688,3719.5218411,186
15758,43.6165881313674,1.4357605228595647,3726.73005608,187
15758,43.616473630219865,1.4356147676565145,3744.04423212,188
15758,43.616355311302016,1.4354530028122687,3762.55577777,189
15758,43.61630387651119,1.4353774984413108,3770.90179181,190
15758,43.61622947428294,1.4352678888498853,3782.99747733,191
15758,43.61615405467449,1.4351496320690893,3795.68447871,192
15758,43.61601869817695,1.4349263521388764,3819.12846311,193
15758,43.615911658012955,1.434733323727076,3838.70236042,194
15758,43.61584140258191,1.4345975887530078,3852.13476362,195
15758,43.615722891891906,1.434355292973269,3875.67457342,196
15758,43.61560311169374,1.434085771234779,3901.13380737,197
15758,43.615528601471354,1.4339018233230405,3918.10243498,198
15758,43.61546224057843,1.4337213838954828,3934.395228,199
15758,43.615426717928315,1.4336244095948782,3943.14439875,200
15758,43.61542578444547,1.4336219554278744,3943.36757555,201
15758,43.61537144095618,1.4334647502977267,3957.39179704,202
15758,43.61535733795658,1.4334205060861485,3961.28355867,203
15758,43.615268884911885,1.4331377928588254,3986.07736653,204
15758,43.61523131011554,1.4330222859958603,3996.2716626,205
15758,43.61517606588682,1.4328651050089507,4010.33761864,206
15758,43.61513787633473,1.4327706782431069,4019.04503503,207
15758,43.61509970349638,1.4326774902207178,4027.66461659,208
15758,43.61501520793005,1.4324876066800414,4045.60757977,209
15758,43.614947649600836,1.432351806936714,4058.87223928,210
15758,43.61486544043985,1.43219779807405,4074.27621962,211
15758,43.61477424866673,1.4320452594486897,4090.20169343,212
15758,43.614681374446896,1.431901437840409,4105.71643885,213
15758,43.61459511870792,1.4317809884791817,4119.35529029,214
15758,43.61452179776748,1.431684987960815,4130.5891709,215
15758,43.6144576943866,1.4316048583588379,4140.20277127,216
15758,43.61436164003308,1.4314920959313722,4154.22018841,217
15758,43.61422648566236,1.431350601874883,4173.07783775,218
15758,43.61414341649022,1.4312660043524403,4184.55405918,219
15758,43.61402674766583,1.4311599681188376,4200.08372535,220
15758,43.613899346929834,1.4310591643084098,4216.40986296,221
15758,43.61379481392201,1.4309850316816204,4229.47605457,222
15758,43.61366951545204,1.4309064770691895,4244.77674186,223
15758,43.6135389350784,1.4308367317581556,4260.34448873,224
15758,43.61341665568191,1.430781641584561,4274.64641056,225
15758,43.61328636103049,1.430732952824728,4289.65541665,226
15758,43.613155300933315,1.4306941960948798,4304.55893146,227
15758,43.61308397183236,1.4306786839534626,4312.58809106,228
15758,43.61301625922273,1.4306643178704304,4320.20571176,229
15758,43.612943197525325,1.4306538064036867,4328.37376871,230
15758,43.61287825192376,1.430644325278854,4335.63562677,231
15758,43.612754794664774,1.4306351097230865,4349.38350033,232
15758,43.6126206560444,1.430634841911331,4364.2990705,233
15758,43.61248665192322,1.4306444826743907,4379.21987021,234
15758,43.612352782298814,1.4306640319470703,4394.18848547,235
15758,43.61221994708697,1.4306934665249789,4409.14799174,236
15758,43.61208902938899,1.4307315246427028,4424.0243494,237
15758,43.61195914608738,1.4307794679473667,4438.97362225,238
15758,43.61182404815628,1.4308411740126998,4454.7959757,239
15758,43.61170606549603,1.4309036787758505,4468.84707181,240
15758,43.61158375128798,1.430978684507491,4483.7280997,241
15758,43.611467837326444,1.4310609593092587,4498.21959326,242
15758,43.611347608580715,1.4311569734964709,4513.66236271,243
15758,43.61124177849038,1.4312526172140347,4527.72557298,244
15758,43.61113075045552,1.4313632619082224,4542.94954669,245
15758,43.61102788881985,1.4314786522228677,4557.68472927,246
15758,43.61093402627959,1.431593810892933,4571.64505281,247
15758,43.61083063412065,1.4317364714158038,4587.89597152,248
15758,43.61072839370113,1.4318976863796753,4605.15026684,249
15758,43.610665927198454,1.4320046034542755,4616.21111474,250
15758,43.61059656357433,1.432133998860228,4629.17321103,251
15758,43.610541413795936,1.4322494002637638,4640.30553483,252
15758,43.610507290993624,1.4323221366330756,4647.28333086,253
15758,43.61046024032151,1.432437329681273,4657.9314801,254
15758,43.610442064092645,1.432491071873977,4662.70705343,255
15758,43.61041525805949,1.4325722928126496,4669.89348367,256
15758,43.61039468425504,1.43264839779252,4676.43387483,257
15758,43.61038270663351,1.4326945469239913,4680.38085785,258
15758,43.61036146789079,1.4327880143384786,4688.26784499,259
15758,43.61034229754182,1.432901251936207,4697.6305495,260
15758,43.61033495373626,1.4329571936809677,4702.20787712,261
15758,43.610325346616214,1.433045406466657,4709.38982724,262
15758,43.610317008650824,1.4331608437460703,4718.72987443,263
15758,43.61031586345937,1.4332091925563342,4722.62454552,264
15758,43.61031490288393,1.4332711651767502,4727.61513786,265
15758,43.61031684345275,1.4333479308371784,4733.79934837,266
15758,43.6103185993525,1.4334110726891867,4738.88668092,267
15758,43.61032393812295,1.433472883625751,4743.89839563,268
15758,43.61032929364254,1.4335359331018576,4749.00935368,269
15758,43.6103393333339,1.4336124909285533,4755.27334533,270
15758,43.6103482045618,1.4336692554084136,4759.94872855,271
15758,43.61036764610048,1.433775307054004,4768.75642047,272
15758,43.61039912209608,1.4339058291805897,4779.83234928,273
15758,43.61044549999674,1.4340731379484843,4794.25587389,274
15758,43.61050039631574,1.4342712025029722,4811.3305311,275
15758,43.6105644927812,1.434483898988409,4829.87876525,276
15758,43.610606951516765,1.4346277688115436,4842.38697453,277
15758,43.61065871113352,1.4347937016921954,4856.93328126,278
15758,43.61073957528515,1.4350480941981223,4879.30129411,279
15758,43.610773347251985,1.4351488236417367,4888.23827913,280
15758,43.61082680538317,1.4353072800393136,4902.3124886,281
15758,43.61085961015224,1.4354030786795673,4910.84432142,282
15758,43.61087644570629,1.4354497279636085,4915.04074446,283
15758,43.61089048090729,1.4354890152335154,4918.56781728,284
15758,43.61091950147253,1.435571282384337,4925.9354068,285
15758,43.61102053086095,1.4358524175709284,4951.20405468,286
15758,43.61112230869449,1.4361223837196258,4975.70879871,287
15758,43.61120221973143,1.4363730873312797,4997.76213718,288
15758,43.61128446603212,1.4366633790629049,5022.85895524,289
15758,43.61133952536221,1.4368738341704925,5040.87471432,290
15758,43.61137871631776,1.4370425706853582,5055.14140459,291
15758,43.61140165398333,1.437141101711384,5063.47400211,292
15758,43.611455682683406,1.4374085771567477,5085.8305288,293
15758,43.611473170282764,1.4375035310170416,5093.71860501,294
15758,43.6115033443549,1.43767126011368,5107.6328874,295
15758,43.611528118648444,1.4378391275784927,5121.42561947,296
15758,43.61154390645899,1.4379415590669602,5129.85705257,297
15758,43.6115762682348,1.4382046343017885,5151.34045956,298
15758,43.61158872372664,1.4383269749624699,5161.2868634,299
15758,43.61159702731592,1.438408535430659,5167.91779927,300
15758,43.61160431382086,1.4384814490534765,5173.84364013,301
15758,43.61160866631259,1.4385370919784037,5178.3494536,302
15758,43.611617438125315,1.4386533320771402,5187.75849765,303
15758,43.61162520954146,1.4387621638905659,5196.56292545,304
15758,43.611633700019766,1.438924253668103,5209.64668266,305
15758,43.611638520561705,1.4390145762414555,5216.93817119,306
15758,43.61164010613696,1.4390653340550428,5221.02842186,307
15758,43.61164202613567,1.4391408630091973,5227.11291151,308
15758,43.61164596630798,1.439299352273904,5239.88020576,309
15758,43.61164497769694,1.439559564306487,5260.82984236,310
15758,43.61164341469923,1.4396438552108315,5267.61822389,311
15758,43.611638939972735,1.4398459240555774,5283.89414455,312
15758,43.61162630126917,1.4401101507242677,5305.21308238,313
15758,43.61160482982072,1.4403869928121373,5327.62881784,314
15758,43.611577908053434,1.4406602569897584,5349.83173137,315
15758,43.6115429030351,1.4409349663746738,5372.28818158,316
15758,43.61152304191338,1.4410643278064956,5382.93450804,317
15758,43.61150323074719,1.4411974048180802,5393.87252433,318
15758,43.61145640856904,1.4414637424241787,5415.93811627,319
15758,43.61140313606316,1.4417190934809678,5437.33259666,320
15758,43.61138613924498,1.4417938661553045,5443.64218609,321
15758,43.61135039569286,1.4419471729806042,5456.6089307,322
15758,43.611290488863425,1.4421779129449488,5476.34384603,323
15758,43.611241429515616,1.4423451878620608,5490.87394305,324
15758,43.611225965144385,1.4424000974420932,5495.61733521,325
15758,43.61120955076346,1.4424513143127442,5500.12666713,326
15758,43.61115512484705,1.4426212036629775,5515.08342231,327
15758,43.61111093053174,1.4427487065812747,5526.4642562,328
15758,43.611063236473136,1.442883732429175,5538.55975788,329
15758,43.61100930951253,1.4430238729467173,5551.3368952,330
15758,43.610984945660185,1.4430864429765815,5557.05666322,331
15758,43.61095966517081,1.4431477973675688,5562.7401437,332
15758,43.610892505873394,1.443308098396574,5577.65078566,333
15758,43.610801598702295,1.4435098905892991,5596.78507844,334
15758,43.610753420200446,1.4436089974951394,5606.39578029,335
15758,43.61069822562615,1.4437219117486286,5617.36430535,336
15758,43.61065872940954,1.4437972566408435,5624.8532566,337
15758,43.61059028585397,1.4439290927599153,5637.91392481,338
15758,43.61048299559918,1.444117672076707,5657.22295846,339
15758,43.61039845304387,1.4442573515535693,5671.88031281,340
15758,43.610294428633765,1.4444210673371178,5689.41684833,341
15758,43.61023533359913,1.4445117782083674,5699.24108372,342
15758,43.610139041554866,1.444648039114885,5714.5706374,343
15758,43.609981670904,1.4448614318233162,5739.09362312,344
15758,43.60983376589154,1.4450423696732326,5761.063904,345
15758,43.60968572733154,1.4452133984953424,5782.5249336,346
15758,43.60957835219788,1.4453288773509754,5797.65750873,347
15758,43.60947272683008,1.4454405944148616,5812.45098369,348
15758,43.609407065044024,1.4455116473018197,5821.72641647,349
15758,43.6093351703521,1.4455878145144943,5831.80189385,350
15758,43.60926062579056,1.4456677658313817,5842.296784,351
15758,43.609226011633126,1.4457045763918532,5847.15452834,352
15758,43.609194063935064,1.4457388411434777,5851.65233854,353
15758,43.609162999500185,1.4457718444349523,5856.010331,354
15758,43.609163899425006,1.4457718215190705,5856.11041522,355
15758,43.608693531978986,1.446274412404051,5922.23874554,356
15758,43.60845746412457,1.4465269663408278,5955.44274824,357
15758,43.60817079883569,1.4468328401810553,5995.72361577,358
15758,43.607950712092695,1.447068877372172,6026.70854335,359
15758,43.60760634856512,1.4474356809957472,6075.06583606,360
15758,43.607340996291065,1.447719943012347,6112.40775291,361
15758,43.6070303788934,1.4480524312471832,6156.10666459,362
15758,43.60664076417466,1.448468690324296,6210.88047721,363
15758,43.60633192777933,1.448799886743298,6254.35935184,364
15758,43.60600977426907,1.44914504568779,6299.69740103,365
15758,43.60600799103103,1.449146329863058,6299.92102751,366
15758,43.60584113080296,1.4493240103339584,6323.3500583,367
15758,43.60559883960904,1.44958289287195,6357.4137747,368
15758,43.60536454751056,1.4498341370700563,6390.39776046,369
15758,43.60509918912524,1.45011837822231,6427.73970742,370
15758,43.6047370826342,1.4505054191234268,6478.65533353,371
15758,43.60450987169223,1.450747804601551,6510.58021678,372
15758,43.60425781075225,1.4510168343314207,6546.0033958,373
15758,43.60415118019568,1.451121124202982,6560.5326069,374
15758,43.60395826869618,1.4513031712260818,6586.51338699,375
15758,43.6038372556178,1.4514090637806007,6602.44337811,376
15758,43.603663660972316,1.4515546931863577,6625.02875965,377
15758,43.60354606489225,1.4516468710666783,6640.06446332,378
15758,43.60339898674667,1.451755900952138,6658.62617324,379
15758,43.6032063107081,1.451888385333562,6682.55968639,380
15758,43.603104548181314,1.4519529065646866,6695.0108336,381
15758,43.602971503726515,1.4520343253315096,6711.19225726,382
15758,43.60282142690602,1.4521211308491504,6729.28473104,383
15758,43.6026265525869,1.4522239373984531,6752.48116613,384
15758,43.602429762239055,1.4523181203096542,6775.64017289,385
15758,43.60225522130816,1.452393156677312,6795.96700395,386
15758,43.60204474949682,1.4524740586592395,6820.26015606,387
15758,43.60191122384199,1.4525195623456615,6835.55297496,388
15758,43.60179109762066,1.4525572934741022,6849.25158345,389
15758,43.60168078770595,1.4525885817242024,6861.77356931,390
15758,43.60158834372829,1.4526095067664402,6872.19006173,391
15758,43.60143658733884,1.4526381290971586,6889.22128937,392
15758,43.60129013104239,1.4526591843143575,6905.59452431,393
15758,43.601158874060594,1.4526724215552822,6920.22852498,394
15758,43.60100860252532,1.4526774693542146,6936.94292328,395
15758,43.60087986296627,1.452677016297528,6951.2581753,396
15758,43.60071681006117,1.4526687616854979,6969.40103606,397
15758,43.60059328771126,1.45265455008239,6983.18370389,398
15758,43.60037314139419,1.4526180127104733,7007.83906246,399
15758,43.60018979267128,1.45257311033502,7028.54467971,400
15758,43.600044274099965,1.4525297267393658,7045.09844547,401
15758,43.59985066135291,1.4524578327493862,7067.39202448,402
15758,43.59977461964877,1.4524263144748015,7076.22017753,403
15758,43.59962062028561,1.4523546555750126,7094.29023386,404
15758,43.599495501512855,1.4522884584862348,7109.18904658,405
15758,43.59929857524096,1.4521708168868488,7133.04755799,406
15758,43.59920861992514,1.4521086838236643,7144.23168301,407
15758,43.59913124699959,1.4520449931621837,7154.24785906,408
15758,43.599042826113156,1.4519630019366305,7166.09096427,409
15758,43.598951506347724,1.451866219779388,7178.89127075,410
15758,43.5988956818261,1.451798267032832,7187.16618378,411
15758,43.59881129594826,1.4516814899578787,7200.45051569,412
15758,43.5987441579094,1.4515754241884058,7211.79432598,413
15758,43.598678670318336,1.4514581683207017,7223.71826487,414
15758,43.598622198491796,1.451341922702278,7234.99015653,415
15758,43.598580324529074,1.4512401715372778,7244.41436373999,416
15758,43.59851962218756,1.4510769624690203,7259.18894654999,417
15758,43.5984790333831,1.4509367789001726,7271.34621822999,418
15758,43.598445693634496,1.4508001276924973,7282.95794246999,419
15758,43.59842523491157,1.450684207840331,7292.56576305999,420
15758,43.5984024782132,1.4505311850049687,7305.14528442999,421
15758,43.59838998577135,1.4504051534052766,7315.38879054,422
15758,43.5983824112771,1.450243074347119,7328.46759865,423
15758,43.598383666527134,1.4501352744950127,7337.14946679,424
15758,43.59839037427722,1.4499641618513248,7350.94874255,425
15758,43.59840544686434,1.449812656157513,7363.26354606,426
15758,43.59842273434521,1.449692061969934,7373.16299875,427
15758,43.59844462100823,1.4495787831869358,7382.60400446,428
15758,43.59847954136441,1.449430489265655,7395.16102321,429
15758,43.5985320779931,1.4492532572162478,7410.58219338,430
15758,43.59858046363337,1.4491021433653635,7423.88718292,431
15758,43.5986156326316,1.448972423271359,7435.0410671,432
15758,43.59865221911702,1.4488141764857634,7448.41771915,433
15758,43.598684172778526,1.4486461374846342,7462.40795738,434
15758,43.59870981007192,1.4484770201149837,7476.32149306,435
15758,43.59872731451112,1.4483056318797234,7490.25928952999,436
15758,43.598736819093155,1.4481418792258527,7503.48792810999,437
15758,43.59874090724375,1.4479770255000926,7516.77072606999,438
15758,43.598738695658966,1.4478123319255156,7530.03512633999,439
15758,43.5987272350857,1.4476292927475582,7544.82953467999,440
15758,43.598714656318,1.4474970695866418,7555.56842178999,441
15758,43.59869266225621,1.4473341179535961,7568.91623945999,442
15758,43.59866628477513,1.4471799489655885,7581.67264136999,443
15758,43.598650887728446,1.4471060174911667,7587.86734649999,444
15758,43.59863075806289,1.4470148643893026,7595.54124750999,445
15758,43.598597496876394,1.4468844064557942,7606.67855895,446
15758,43.5985729672347,1.4468007977541817,7613.94277556,447
15758,43.598532539661434,1.4466729998359937,7625.17285624,448
15758,43.598495094659285,1.4465661843533932,7634.72908478,449
15758,43.598437351811455,1.4464227241088614,7647.94582211,450
15758,43.598350095294876,1.4462267506387019,7666.47094508,451
15758,43.59826033843826,1.4460457059004694,7684.13887388,452
15758,43.59816708148257,1.445872183048405,7701.53950948999,453
15758,43.59812930194265,1.4458074932842588,7708.2315911,454
15758,43.59805925888823,1.4456866444995964,7720.6960787,455
15758,43.59798384944208,1.4455684100437247,7733.38314244,456
15758,43.59793238760792,1.4454904433101847,7741.87805121999,457
15758,43.59789290792358,1.4454332295426524,7748.24189336999,458
15758,43.59779016723676,1.445290917720533,7764.42351198999,459
15758,43.59772965595602,1.4452094658375005,7773.82007091999,460
15758,43.59763628076136,1.4450941675898497,7787.74878206999,461
15758,43.59751742423557,1.444958460921004,7804.89793949999,462
15758,43.5974114664463,1.4448447226800276,7819.82120923999,463
15758,43.59722173202053,1.4446600364058422,7845.63388825999,464
15758,43.59710059179211,1.4445553568774776,7861.52430014999,465
15758,43.59693042202006,1.4444197212678975,7883.37252412999,466
15758,43.59680496525286,1.4443287782100676,7899.12819650999,467
15758,43.59665965997698,1.444234625306452,7916.97597107999,468
15758,43.59646547510268,1.4441206610928476,7940.43778803999,469
15758,43.59630682073863,1.444037997484157,7959.29352813999,470
15758,43.596131950919535,1.4439545089412478,7979.86772242999,471
15758,43.59594544864191,1.4438762720418952,8001.54178952999,472
15758,43.59576721238086,1.4438102115224725,8022.06234850999,473
15758,43.5956858353257,1.4437837967052043,8031.35774550999,474
15758,43.59538944154207,1.443700930350595,8064.98409127999,475
15758,43.595201656080654,1.443661126025444,8086.10951769999,476
15758,43.59500317149046,1.4436290265759317,8108.33089517999,477
15758,43.59481743595403,1.4436077500908535,8129.05472611999,478
15758,43.59463361698168,1.4435950953416548,8149.51988136999,479
15758,43.59444363188878,1.4435925069410172,8170.64631729999,480
15758,43.59425376350483,1.4435985859942846,8191.76442258999,481
15758,43.59408111048477,1.4436128965219608,8210.99714857999,482
15758,43.59387441020458,1.4436392225347714,8234.07877669999,483
15758,43.593673259543266,1.4436765544654933,8256.64689037,484
15758,43.59349107406775,1.4437183571631529,8277.18283572,485
15758,43.59330363904244,1.4437714409244338,8298.45860787999,486
15758,43.59313425258896,1.4438277801367558,8317.83232878999,487
15758,43.593042009976294,1.4438635736846763,8328.48661381999,488
15758,43.59292826906418,1.4439073466933463,8341.61614324999,489
15758,43.59283337664329,1.4439469233405093,8352.63858703999,490
15758,43.59240274415337,1.44412387029792,8402.59825695999,491
15758,43.591939897179245,1.4443152600243931,8456.32309133999,492
15758,43.59152984572982,1.4444830073951922,8503.87808648999,493
15758,43.59118605556016,1.4446242931447082,8543.76335716999,494
15758,43.590728573817714,1.4448130614575776,8596.85621245999,495
15758,43.59030420587562,1.4449873595136162,8646.08752507999,496
15758,43.58980822625662,1.4451919652165712,8703.64720427999,497
15758,43.58932297874074,1.4453913402045035,8759.9429433,498
15758,43.58883953066007,1.4455906662018805,8816.04584277999,499
15758,43.58837308094526,1.4457821252741336,8870.15641663999,500
15758,43.58801675635735,1.4459286694039963,8911.49852464999,501
15758,43.587617467881756,1.4460936441844314,8957.84302385,502
15758,43.58718326487177,1.4462731286156976,9008.24194067999,503
15758,43.58673741232972,1.4464566223224913,9059.97448774,504
15758,43.58620113222476,1.446677090893897,9122.19389474999,505
15758,43.58620203215715,1.4466770679999723,9122.29397978999,506
15758,43.58613576998709,1.4467035229813132,9129.96391871999,507
15758,43.58598178036981,1.4467668865041947,9147.83117592999,508
15758,43.58583585682247,1.4468275676125482,9164.77725568999,509
15758,43.58566663482346,1.4468962717799085,9184.39071893,510
15758,43.585530560535474,1.4469529863925676,9200.19601776,511
15758,43.58537925390872,1.4470150419661807,9217.74729954,512
15758,43.585265544768895,1.4470612796605387,9230.9282539,513
15758,43.585117821164324,1.4471220051276419,9248.06711886,514
15758,43.58496204803253,1.447186650328962,9266.15399277999,515
15758,43.584835806288424,1.4472381598427324,9280.79171588,516
15758,43.58474007906221,1.4472827010081242,9292.02442387,517
15758,43.58463796911115,1.4473212121629278,9303.7946304,518
15758,43.584535726068964,1.447349819113865,9315.39469525,519
15758,43.584433349943026,1.447368521910492,9326.87765709,520
15758,43.58432815757277,1.4473786272563867,9338.60281617999,521
15758,43.584226448492316,1.4473799750148215,9349.91288646999,522
15758,43.58412282310317,1.447372702527155,9361.45039931999,523
15758,43.584021764435334,1.4473554574235388,9372.77314783999,524
15758,43.583917906154284,1.4473308530458486,9384.49048501999,525
15758,43.5838166145848,1.44729627614223,9396.09282755999,526
15758,43.583726055659646,1.4472564727689625,9406.66058349999,527
15758,43.58362541445658,1.4472033033490068,9418.64285233999,528
15758,43.58353098957614,1.4471437839578327,9430.18513605999,529
15758,43.583444597513086,1.447079106819939,9441.11314684999,530
15758,43.58335262279244,1.4470009493539724,9453.12253122999,531
15758,43.58331066015354,1.4469599107337134,9458.84078317999,532
15758,43.58326413127643,1.4469140346822025,9465.19863402999,533
15758,43.583227568205686,1.4468728588415967,9470.44545067999,534
15758,43.58316262462104,1.4467964911952471,9479.93152678999,535
15758,43.58310491373388,1.446722416534698,9488.69388826,536
15758,43.58307188376011,1.44667619742731,9493.92347273,537
15758,43.58297367701588,1.4465362795328498,9509.61618084,538
15758,43.58289280185665,1.4464132587102436,9522.99753023,539
15758,43.58280541063465,1.4462743048397202,9537.8197499,540
15758,43.582733567820206,1.4461535316443295,9550.4074646,541
15758,43.58264232681552,1.4459961005576645,9566.64728951,542
15758,43.582532404240816,1.4457883713367579,9587.36832299,543
15758,43.582438029954666,1.44559882291189,9605.89468148,544
15758,43.58234717181193,1.4454029936057728,9624.62641733,545
15758,43.58229697644581,1.4452853863195543,9635.62147217,546
15758,43.58222261642062,1.4451114287609421,9651.8911458,547
15758,43.582163121546614,1.4449717678348097,9664.94162755,548
15758,43.58211674206526,1.444870163056088,9674.61507993,549
15758,43.582042598025865,1.444712299971995,9689.76954025,550
15758,43.581949171885775,1.4445264456747329,9707.9912468,551
15758,43.58185866190873,1.4443566165717463,9724.97411652,552
15758,43.58177565117265,1.4442088876866872,9740.03382897,553
15758,43.5817000897547,1.4440795450219936,9753.41805554,554
15758,43.58160716272231,1.443930831207259,9769.23771257,555
15758,43.58157773134789,1.4438845230098674,9774.1999248,556
15758,43.581507919289606,1.443781040441844,9785.59025686,557
15758,43.58144543999296,1.4436872781855572,9795.85212876,558
15758,43.581320664598536,1.4435133716232766,9815.56822807,559
15758,43.58122538724105,1.4433907251815778,9830.05399098,560
15758,43.58116765745387,1.4433154181491672,9838.88590403,561
15758,43.58110909439667,1.4432450859569848,9847.51724065,562
15758,43.581018499889815,1.4431359429431467,9860.88765704,563
15758,43.58090973980211,1.443014879820727,9876.4230614,564
15758,43.58085309319425,1.4429531678546235,9884.44708645,565
15758,43.58078371402741,1.442881873813621,9894.06448788,566
15758,43.5807133848324,1.4428068890914634,9903.94570268,567
15758,43.58064133913939,1.4427381400878496,9913.68453129,568
15758,43.580581126013676,1.44267899630861,9921.90186575,569
15758,43.580500014166404,1.4426055254167762,9932.68938962,570
15758,43.580457200048016,1.4425682284621142,9938.31879368,571
15758,43.5804234686811,1.4425368916547376,9942.8398314,572
15758,43.58035517273355,1.4424791927907312,9951.74333491,573
15758,43.580275977430865,1.4424143419785804,9961.98226757,574
15758,43.580161317546455,1.4423231523708078,9976.69646297,575
15758,43.58004854089841,1.4422381067763286,9990.98583826,576
15758,43.57987860104564,1.4421198462839866,10012.14763963,577
15758,43.57987678448819,1.4421186542878848,10012.37129136,578
15758,43.579706978036185,1.442010297740827,10033.17271214,579
15758,43.57950557364046,1.44189531802296,10057.40750145,580
15758,43.57940316334093,1.4418446828448763,10069.50344709,581
15758,43.57928727070504,1.4417956301873682,10082.98230041,582
15758,43.579168795103335,1.4417553119012745,10096.550626,583
15758,43.579051369668704,1.4417261118772993,10109.81792301,584
15758,43.578930444656535,1.441704431189238,10123.37713046,585
15758,43.5788087365669,1.4416914387939972,10136.95087804,586
15758,43.578686262097676,1.4416883725294012,10150.57167608,587
15758,43.57856662098495,1.4416951404779657,10163.88634518,588
15758,43.578442597061475,1.441710688411951,10177.73394921,589
15758,43.578321389794546,1.4417348325641839,10191.35120645,590
15758,43.57820031607144,1.441768879656063,10205.090528,591
15758,43.578087441902014,1.4418101472115739,10218.07434679,592
15758,43.577955902803225,1.4418692270583708,10233.45562068,593
15758,43.577846862021026,1.4419277326315407,10246.46414568,594
15758,43.57774242102683,1.4419935504177372,10259.23048215,595
15758,43.5776363136512,1.4420693168410244,10272.51422053,596
15758,43.57752589014176,1.4421588143128852,10286.75284443,597
15758,43.57749120995174,1.4421906562743658,10291.38426702,598
15758,43.57742543259231,1.4422530104017666,10300.25702981,599
15758,43.577333074371765,1.4423469995911729,10313.0160423,600
15758,43.57726306424816,1.4424292739258968,10323.23992224,601
15758,43.57719677060542,1.4425201212793937,10333.62719044,602
15758,43.57713597660744,1.4426182578816094,10344.02875821,603
15758,43.57708504843629,1.4427136661367355,10353.57536679,604
15758,43.57703695345318,1.442818908239438,10363.59899361,605
15758,43.576996091213665,1.442926442320907,10373.38073825,606
15758,43.57695984531084,1.443042526520272,10383.56348967,607
15758,43.57693078208876,1.4431571891894226,10393.34919083,608
15758,43.5769080850077,1.443276642579763,10403.29725243,609
15758,43.57689087079492,1.4434021475153613,10413.58694064,610
15758,43.57688082257285,1.4435249931791687,10423.54568352,611
15758,43.576877907001794,1.4436427039094453,10433.03344548,612
15758,43.5768814742551,1.4437738704803995,10443.60704877,613
15758,43.576892124138396,1.4438961886418848,10453.53132842,614
15758,43.57690997337076,1.4440183234091113,10463.56812171,615
15758,43.57693218879727,1.4441304407735258,10472.93148845,616
15758,43.57696447007464,1.4442546845804813,10483.56419255,617
15758,43.57700015096158,1.4443639825515142,10493.22135755,618
15758,43.57701509990368,1.4444044650105965,10496.88163659,619
15758,43.577043981154205,1.4444767879137967,10503.53411316,620
15758,43.577088511202064,1.444574716224631,10512.84796705,621
15758,43.577123641899256,1.4446431652770255,10519.6053986,622
15758,43.57719205331502,1.4447763958755766,10532.76026871,623
15758,43.57731496017497,1.445012255128498,10556.16457314,624
15758,43.57737223877852,1.4451210042444893,10566.99542603,625
15758,43.57752180932807,1.4453982879597485,10594.84366583,626
15758,43.577621450489154,1.4455777804265286,10613.05952415,627
15758,43.57772109136792,1.4457572734789776,10631.27538183,628
15758,43.57781421597468,1.4459208350831745,10648.03310526,629
15758,43.57788057630495,1.4460355463073717,10659.85827525,630
15758,43.57791745605351,1.446100237664551,10666.48948544,631
15758,43.57796815108187,1.446188105266793,10675.53798455,632
15758,43.577999448025736,1.446239317548973,10680.93514365,633
15758,43.5780445935285,1.446316181863026,10688.90616863,634
15758,43.57809248871812,1.4463966912410469,10697.29798951,635
15758,43.578144966744105,1.4464832756740924,10706.39177906,636
15758,43.578191028660086,1.4465613553395302,10714.50303298,637
15758,43.57823335764623,1.4466296236372158,10721.74150563,638
15758,43.578305116872656,1.4467441990789485,10733.94197442,639
15758,43.578355728204485,1.4468258783535934,10742.60001614,640
15758,43.57840080675451,1.4468977920100077,10750.26048317,641
15758,43.57844313553879,1.4469660607753603,10757.49895529,642
15758,43.57851394457946,1.4470769462292992,10769.4059928,643
15758,43.57854610778473,1.4471256607643945,10774.71534041,644
15758,43.57858473687582,1.4471865940516495,10781.23777599,645
15758,43.57862611564548,1.4472511724366341,10788.18262098,646
15758,43.578668394313354,1.447315728027438,10795.19279657,647
15758,43.578721754941164,1.4474010532946513,10804.27280189,648
15758,43.57877416567114,1.4474826879122915,10813.0594871,649
15758,43.57881646083977,1.4475484817133575,10820.14517452,650
15758,43.57887627051915,1.447644788303869,10830.36341394,651
15758,43.5789222983776,1.4477203939888574,10838.31863833,652
15758,43.57894624548297,1.4477606497911941,10842.51454751,653
15758,43.578987673814446,1.4478289426385167,10849.68976596,654
15758,43.57902268616036,1.447888730406821,10855.88261305,655
15758,43.57905586534907,1.4479460881917703,10861.7951956,656
15758,43.57910844195864,1.448040102719246,10871.36235043,657
15758,43.57916745104289,1.4481438605260768,10881.98819029,658
15758,43.57923024264441,1.4482611439836137,10893.73570289,659
15758,43.579273620160514,1.448340532880882,10901.74570678,660
15758,43.579350342765665,1.4484896592866274,10916.47932674,661
15758,43.57939748607553,1.4485813361039128,10925.53549214,662
15758,43.57945761066299,1.4487011648514374,10937.27713183,663
15758,43.57953263263766,1.4488577653285295,10952.40044185,664
15758,43.57957061012956,1.448937292191442,10960.07312877,665
15758,43.579617935860426,1.4490425866965682,10970.05466463,666
15758,43.579661545448396,1.4491393074076655,10979.23149739,667
15758,43.57970423840555,1.4492348131987183,10988.27144896,668
15758,43.579763728179095,1.4493744726546078,11001.32193718,669
15758,43.57980277136527,1.449466356429278,11009.90261731,670
15758,43.57985024610512,1.4495827929797092,11020.66529783,671
15758,43.57989030532565,1.4496833195812664,11029.90715038,672
15758,43.579921032938856,1.4497593164426061,11036.91776626,673
15758,43.579942478817465,1.4498144972426894,11041.96193482,674
15758,43.57994337875246,1.4498144743973427,11042.06202008,675
15758,43.58004797436291,1.4500953991836805,11067.50473512,676
15758,43.58009664726516,1.4502340964142015,11079.91883512,677
15758,43.58012754054016,1.450322473017707,11087.82314185,678
15758,43.580169714409216,1.450446475400517,11098.85771895,679
15758,43.580205422599384,1.4505582585699388,11108.69853346,680
15758,43.58025519406011,1.4507117887767114,11122.24737705,681
15758,43.58028253701993,1.4508039709473954,11130.27107738,682
15758,43.5803428048778,1.4510018157463396,11147.55931384,683
15758,43.580364548862185,1.451079280028862,11154.25117035,684
15758,43.580391991088355,1.4511788900876748,11162.83547318,685
15758,43.580418483516226,1.4512748092789916,11171.10434933,686
15758,43.58044309303714,1.451364584561162,11178.83623297,687
15758,43.580472533969925,1.4514790043714378,11188.61694037,688
15758,43.58052003569423,1.4516647906141336,11204.48688795,689
15758,43.580552524457694,1.451805138790104,11216.35516974,690
15758,43.58058599591125,1.4519516539540391,11228.72997696,691
15758,43.58061286912616,1.4520760462014588,11239.1858952,692
15758,43.58064463985799,1.45223003486987,11252.0829988,693
15758,43.58066874664357,1.452349544054383,11262.07573305,694
15758,43.58069486870915,1.4524851008481166,11273.37459532,695
15758,43.58072295626482,1.4526329914844924,11285.6898198,696
15758,43.58074937636961,1.4527908313336126,11298.73883813,697
15758,43.58077681221455,1.4529573140627663,11312.49167014,698
15758,43.58079858304463,1.4531041267597902,11324.56267578,699
15758,43.58082128676579,1.4532533926378304,11336.84822621,700
15758,43.58083639313726,1.4533731305044117,11346.63829192,701
15758,43.58086247560523,1.4535730836022414,11363.0035485,702
15758,43.5808850573783,1.4537805556430767,11379.90299578,703
15758,43.580900626996424,1.4539349560143604,11392.45985356,704
15758,43.58092185540769,1.454175898207677,11412.01074238,705
15758,43.58093037975194,1.45427475100826,11420.02954117,706
15758,43.580932775782316,1.4543192712244624,11423.62552191,707
15758,43.58094202857303,1.454472593354706,11436.01837985,708
15758,43.58094842644469,1.4546817138694936,11452.87802112,709
15758,43.580948540941684,1.4548922317632456,11469.83520881,710
15758,43.580941389363794,1.4550979800456334,11486.42726877,711
15758,43.58092803716402,1.4553113152640857,11503.67541001,712
15758,43.58090830228523,1.455518620029855,11520.5173574,713
15758,43.58089611041053,1.455616758542481,11528.53780861,714
15758,43.580882267483275,1.4557260839717685,11537.47747849,715
15758,43.58085817114974,1.4558765343606586,11549.8889149,716
15758,43.58084898319378,1.4559300159700013,11554.31634572,717
15758,43.58081111616245,1.456127871827367,11570.80047666,718
15758,43.580805197035446,1.4561565036271316,11573.1988474,719
15758,43.580763547953445,1.4563408329103806,11588.75207847,720
15758,43.580714748696366,1.4565290577194603,11604.85537252,721
15758,43.580703545603185,1.4565664914521528,11608.11786137,722
15758,43.58065443183574,1.4567311951641069,11622.46484361,723
15758,43.58059208330221,1.4569160466422633,11638.88957119,724
15758,43.58052516867039,1.4570960597110432,11655.18728944,725
15758,43.58045717201075,1.4572624778975414,11670.57763576,726
15758,43.58044235240581,1.457298764349632,11673.93304405,727
15758,43.58036713943516,1.4574641260192887,11689.66094177,728
15758,43.580280326197546,1.4576372103312025,11706.61869398,729
15758,43.580203626789036,1.457826137164471,11724.06377143,730
15758,43.58016350187683,1.4579225027405476,11733.01700978,731
15758,43.58007773655615,1.4581067043977618,11750.65512795,732
15758,43.579989774649306,1.4582612408937303,11766.48615113,733
15758,43.579937000708,1.4583542101614666,11776.00022817,734
15758,43.57989037760776,1.4584358789776362,11784.37599757,735
15758,43.57982351831179,1.458552731834431,11796.37052323,736
15758,43.57975039236464,1.4586722192698152,11808.97034313,737
15758,43.579703719499804,1.4587501738500932,11817.11676983,738
15758,43.579641161432754,1.4588520574869908,11827.87506751,739
15758,43.57960417311511,1.4589136691072733,11834.32073524,740
15758,43.57955043266659,1.4590017082880427,11843.594404,741
15758,43.579477322756475,1.4591224325615977,11856.26938264,742
15758,43.57945445265299,1.4591626360761931,11860.38699513,743
15758,43.57945531957426,1.4591601375495717,11860.6101507,744
15758,43.579391126333526,1.459274444847289,11872.26054985,745
15758,43.57933570127169,1.4593711941629666,11882.1962812,746
15758,43.57922925156594,1.4595571513296905,11901.28775966,747
15758,43.57918349453557,1.4596363197723707,11909.44593685,748
15758,43.57904972386197,1.4598663061920545,11933.20441194,749
15758,43.5789018341883,1.4601176989763112,11959.29080977,750
15758,43.57876182896179,1.4603527936923049,11983.805876,751
15758,43.57867993266343,1.4604898342929138,11998.11627043,752
15758,43.57862709093416,1.4605778480681968,12007.32437034,753
15758,43.57852397515743,1.460743903981749,12024.94237038,754
15758,43.578480752214105,1.4608106236703298,12032.15238938,755
15758,43.57845954947187,1.4608408774133848,12035.54320145,756
15758,43.578360570257956,1.4609795854940895,12051.22684266,757
15758,43.57826854307086,1.461099543408792,12065.30119937,758
15758,43.57814888145543,1.4612400100761318,12082.76759431,759
15758,43.57802013786449,1.461374513529505,12100.7211369,760
15758,43.57790991370177,1.4614800690832028,12115.63818573,761
15758,43.577780873149514,1.4615922897303955,12132.59704262,762
15758,43.57763293378275,1.461704985958347,12151.38585872,763
15758,43.5775276804602,1.461778219587898,12164.49223314,764
15758,43.57739016114479,1.461862171925839,12181.21239274,765
15758,43.577251626476766,1.4619374814914798,12197.76828648,766
15758,43.57711204351795,1.462001672614124,12214.12792631,767
15758,43.576965178625684,1.4620598554534765,12231.11784939,768
15758,43.57681546559475,1.4621069652896184,12248.19227337,769
15758,43.57667550357691,1.4621426849228394,12264.01912389,770
15758,43.57652014373254,1.4621713625388926,12281.44815253,771
15758,43.576370935164,1.4621887407472816,12298.09836667,772
15758,43.57622157830696,1.4621949782668164,12314.71371371,773
15758,43.57606489012928,1.462191494313265,12332.13892841,774
15758,43.575922502109314,1.4621802207602934,12347.9977998,775
15758,43.575773666228145,1.4621579653699859,12364.64444116,776
15758,43.575621098770995,1.4621258980753327,12381.80474111,777
15758,43.57548011516595,1.4620848715163752,12397.82601706,778
15758,43.5753345000284,1.4620340558490934,12414.52715603,779
15758,43.57505835440798,1.4619159482608877,12446.67346874,780
15758,43.57492268794009,1.461868597477607,12462.23370124,781
15758,43.57483504779904,1.4618448019123909,12472.16559872,782
15758,43.57483413138087,1.4618435867619048,12472.30690098,783
15758,43.574765472348275,1.4618255043464732,12480.07917422,784
15758,43.57464631784749,1.4618012644275113,12493.47169371,785
15758,43.57450293090081,1.461782587853322,12509.48644826,786
15758,43.57437315839071,1.461772236009954,12523.94058964,787
15758,43.574227302328765,1.461770956850141,12540.15939344,788
15758,43.57408161105838,1.4617820557103902,12556.38420085,789
15758,43.573944118110965,1.4618003773099022,12571.74382082,790
15758,43.573809423848395,1.4618260576037363,12586.86336345,791
15758,43.57367577782443,1.4618628552573976,12602.01692599,792
15758,43.57353596403479,1.4619097137272243,12618.0152644,793
15758,43.57338916491598,1.4619728445308582,12635.112541,794
15758,43.573270197971965,1.462030321344726,12649.12804074,795
15758,43.57314511265874,1.4621015721760224,12664.17477078,796
15758,43.57301480888976,1.4621865742582434,12680.20060837,797
15758,43.572890887002956,1.4622776062506044,12695.81009972,798
15758,43.57277066363919,1.4623759738927498,12711.35065198,799
15758,43.57270662574178,1.4624345428271897,12719.89274144,800
15758,43.572654155252515,1.4624829149318948,12726.90891981,801
15758,43.57254226175945,1.4625984066842612,12742.44501942,802
15758,43.57252451002702,1.4626174263195715,12744.94383312,803
15758,43.572377294041424,1.462784572119432,12766.14019316,804
15758,43.57222736151902,1.4629505472961466,12787.51158449,805
15758,43.572127035033844,1.4630558408744456,12801.52610959,806
15758,43.57202394276836,1.4631562510037834,12815.55621305,807
15758,43.57184072836865,1.463324299866479,12840.01693509,808
15758,43.57166353344707,1.4634711474373638,12862.99896129,809
15758,43.57153254265256,1.4635722579286734,12879.68749408,810
15758,43.57133721691438,1.4637096548141788,12904.06473917,811
15758,43.571170261191256,1.4638141451738629,12924.44879571,812
15758,43.570986190035335,1.4639178272728046,12946.55541957,813
15758,43.570897671898386,1.4639633888669605,12957.06035022,814
15758,43.57074382009823,1.4640378326775716,12975.18872779,815
15758,43.57060328634878,1.4640983215982177,12991.55762116,816
15758,43.57046627005194,1.4641525310747843,13007.40675688,817
15758,43.57028523888901,1.4642140377886272,13028.13746091,818
15758,43.57010137623343,1.464265710252411,13049.00161118,819
15758,43.56996138031366,1.464298945575769,13064.79706986,820
15758,43.56953852811351,1.464386341411125,13112.34042242,821
15758,43.56897471401296,1.4645020421769555,13175.72296542,822
15758,43.56852671250062,1.4645937817187382,13226.08385105,823
15758,43.56834625193748,1.4646305088304896,13246.36716973,824
15758,43.56819810700534,1.4646602329136542,13263.0133183,825
15758,43.5680930770147,1.4646826826039985,13274.83136393,826
15758,43.568098460215914,1.4646813091918454,13275.44009079,827
15758,43.56776267153508,1.4647491780904733,13313.17640032,828
15758,43.56756964458394,1.4647886963064118,13334.87490939,829
15758,43.56744209955049,1.4648104733705716,13349.16540571,830
15758,43.567297356926886,1.4648252541233127,13365.30406928,831
15758,43.56719388004816,1.4648290930208394,13376.81434532,832
15758,43.56703449162956,1.4648256706836236,13394.53969798,833
15758,43.56692361783717,1.464814838631989,13406.89916885,834
15758,43.56673596935112,1.464784889176507,13427.90381825,835
15758,43.56662851438503,1.4647603526089212,13440.01471642,836
15758,43.56653270931321,1.4647318091133823,13450.91316832,837
15758,43.56642870605961,1.4646960434132195,13462.83142443,838
15758,43.56635814869413,1.4646705796483757,13470.940863,839
15758,43.56622230199831,1.4646096154192614,13486.82487904,840
15758,43.56613981505996,1.4645671189568175,13496.61525342,841
15758,43.56599920537488,1.4644864660803973,13513.54696562,842
15758,43.5658693291272,1.4644005915309917,13529.56043069,843
15758,43.56575020275948,1.4643107329299085,13544.65612353,844
15758,43.565675568378516,1.46424946907971,13554.31208088,845
15758,43.56547886076443,1.4640798510600241,13580.10334664,846
15758,43.56514944468773,1.4638145287490127,13622.51445217,847
15758,43.56500760530421,1.463709149185918,13640.42646844,848
15758,43.56471227635982,1.4635023986586537,13677.24905458,849
15758,43.56453797288865,1.4633928851622648,13698.54476493,850
15758,43.564426390955155,1.4633288390875485,13711.98245261,851
15758,43.56425325067497,1.4632391055991174,13732.54761603,852
15758,43.563943560355824,1.4631032878461951,13768.6806145,853
15758,43.56375811707208,1.463036149400127,13789.9987542,854
15758,43.563582754245836,1.4629823757406855,13809.97379278,855
15758,43.56347616578741,1.4629553457909616,13822.0243429,856
15758,43.56333349726807,1.4629230338538832,13838.10059211,857
15758,43.563159347200596,1.462892752273466,13857.61832764,858
15758,43.56297989626689,1.4628700322069037,13877.65618662,859
15758,43.56279519387558,1.4628585863124939,13898.21487956,860
15758,43.56270153393159,1.462855991289244,13908.63150325,861
15758,43.5625844919341,1.4628552226588412,13921.64614485,862
15758,43.56243963403833,1.4628613439082705,13937.76117958,863
15758,43.56226789311856,1.4628768074584564,13956.8985285,864
15758,43.562151065188885,1.4628921270731128,13969.94773296,865
15758,43.56197412220158,1.4629225770148344,13989.77530928,866
15758,43.56188972514684,1.4629395563478378,13999.25904675,867
15758,43.56173447957375,1.4629768878573886,14016.78170356,868
15758,43.56159548236112,1.4630175242307242,14032.58053246,869
15758,43.56140101795627,1.463084315201296,14054.86367019,870
15758,43.5613204346889,1.463117291642487,14064.20979954,871
15758,43.56120045147697,1.4631661147291202,14078.11925478,872
15758,43.56103046654409,1.4632459064093122,14098.08428576,873
15758,43.5609392814622,1.4632940045423655,14108.93906322,874
15758,43.56094018140583,1.46329398190269,14109.03914915,875
15758,43.56067037395691,1.463449322663848,14141.54680077,876
15758,43.56056060272612,1.4635214086073622,14155.06439259,877
15758,43.560458030996934,1.4635933132111472,14167.85711379,878
15758,43.56035014185452,1.463671540995872,14181.40903178,879
15758,43.560238768090876,1.4637585216853093,14195.63894457,880
15758,43.560130159920575,1.463850384240993,14209.80358783,881
15758,43.5600394024425,1.4639306562169718,14221.7902845,882
15758,43.559920241635915,1.464041352435845,14237.76293299,883
15758,43.55982518175509,1.4641365871458312,14250.82495954,884
15758,43.5597186364147,1.4642482033334279,14265.69936288,885
15758,43.559668047082376,1.464302705898208,14272.83596265,886
15758,43.55960235609807,1.4643724430772922,14282.05184773,887
15758,43.559554433634766,1.4644244025524866,14288.82863854,888
15758,43.55950299362514,1.4644826399668172,14296.22716918,889
15758,43.55946662233253,1.4645231676456982,14301.42533998,890
15758,43.55934778991935,1.46465861174404,14318.56336709,891
15758,43.559142210124136,1.4649051717312975,14348.84989163,892
15758,43.55902710858772,1.4650504238925435,14366.19341122,893
15758,43.55891997481853,1.4651855720471798,14382.33369017,894
15758,43.55878108410632,1.4653697958543905,14403.75516231,895
15758,43.55864315879639,1.465558946176939,14425.37736887,896
15758,43.55849292981362,1.4657706868414924,14449.25539586,897
15758,43.55839580962628,1.465914246341532,14465.08080584,898
15758,43.558285502328175,1.46608165652262,14483.31329759,899
15758,43.5581999002768,1.4662113090105642,14497.44662859,900
15758,43.55816024078747,1.4662754372967604,14504.2400359,901
15758,43.55806241717868,1.4664338675423654,14521.01204575,902
15758,43.55795143916455,1.4666186231240914,14540.34917175,903
15758,43.55782207120335,1.4668422140311266,14563.40446996,904
15758,43.55768138124653,1.4670945593916973,14589.06018552,905
15758,43.55754613966545,1.467350480521424,14614.58332323,906
15758,43.55746893121588,1.4675022008664507,14629.52239974,907
15758,43.55735232492357,1.4677378467544049,14652.51560483,908
15758,43.55728311698384,1.4678819382167358,14666.44541482,909
15758,43.5572244456009,1.4680059591446455,14678.38016018,910
15758,43.55713962911296,1.4681950047581618,14696.29690573,911
15758,43.5570435232432,1.4684152796187022,14717.0157026,912
15758,43.55700073856294,1.4685153817649161,14726.38054926,913
15758,43.556944864770585,1.4686467585692604,14738.65556387,914
15758,43.556893457747556,1.4687755474362394,14750.50373716,915
15758,43.556833313576426,1.4689243609034732,14764.23423492,916
15758,43.556794144638424,1.4690256095869583,14773.48280351,917
15758,43.55671673924104,1.469230558916942,14792.10634356,918
15758,43.55668979209709,1.4693030301479486,14798.67008807,919
15758,43.55666636269892,1.4693692238679266,14804.60635398,920
15758,43.55662904245377,1.46947413924498,14814.02424746,921
15758,43.55657437903413,1.4696290033555417,14827.9051433,922
15758,43.556539741995884,1.469732613338259,14837.09982002,923
15758,43.55648350783759,1.469904846331642,14852.32234732,924
15758,43.556456675013145,1.4699859791142702,14859.50888543,925
15758,43.556429040531945,1.4700745590398097,14867.28019752,926
15758,43.556410912025264,1.4701331922846872,14872.41706408,927
15758,43.556392783488675,1.47019182549477,14877.55393068,928
15758,43.55637292058617,1.4702554535206982,14883.13672182,929
15758,43.556335027344076,1.470385139269671,14894.40461792,930
15758,43.556277352803185,1.470584639894357,14911.71288822,931
15758,43.55623268560388,1.4707466789622012,14925.68317998,932
15758,43.55619493925056,1.4708875010820297,14937.78237223,933
15758,43.556150369908885,1.4710569643535332,14952.30970001,934
15758,43.556124780189855,1.471164059907834,14961.39677551,935
15758,43.55608291028153,1.4713334552246302,14975.81929575,936
15758,43.55606162352064,1.4714255886885244,14983.61187858,937
15758,43.556036082585464,1.4715363962481383,14992.98187067,938
15758,43.55602078417279,1.4716048606404508,14998.75525089,939
15758,43.555998662742965,1.4717019661810113,15006.95783508,940
15758,43.555969063860125,1.4718462968754937,15019.04518284,941
15758,43.555924231593536,1.472064041345635,15037.28616458,942
15758,43.55589312698995,1.4722306905446443,15051.15355357,943
15758,43.55585531355036,1.4724346426534134,15068.11802828,944
15758,43.55582949354505,1.4725924944299593,15081.15825014,945
15758,43.55580442600834,1.472739186668081,15093.30340556,946
15758,43.55576877148918,1.472970316709305,15112.34595481,947
15758,43.55574651782293,1.4731256031983206,15125.10180382,948
15758,43.55572025490849,1.4733181250022669,15140.88835834,949
15758,43.555697346146026,1.4734919952103263,15155.1291281,950
15758,43.55568774062178,1.473582597588742,15162.50790866,951
15758,43.55566931484589,1.473755117755449,15176.5603763,952
15758,43.55565396469691,1.4739560312953435,15192.84044952,953
15758,43.55564265620368,1.4741221842733208,15206.28858534,954
15758,43.555636829788384,1.4742263083056466,15214.70425915,955
15758,43.55563376850349,1.4743353146167766,15223.49498404,956
15758,43.5556302648034,1.4744789914580119,15235.07954905,957
15758,43.55562965687476,1.4746374500424857,15247.84890808,958
15758,43.555628674074555,1.4746993665339174,15252.83956518,959
15758,43.555630717899135,1.474785964238529,15259.82162889,960
15758,43.55563593404275,1.4749764612365612,15275.18353568,961
15758,43.55563876324314,1.4750543744771225,15281.46994922,962
15758,43.55564506005473,1.4751903796138783,15292.4520879,963
15758,43.55565716475903,1.4753571858098893,15305.96116587,964
15758,43.55566262821072,1.4754300819908783,15311.8667379,965
15758,43.55567713843454,1.4755745471324673,15323.61954462,966
15758,43.55568531792348,1.47564861342185,15329.65697684,967
15758,43.55569647482629,1.4757436487224247,15337.41509912,968
15758,43.555706552079414,1.4758250947487355,15344.0732822,969
15758,43.555715631355326,1.4758991386552485,15350.1248137,970
15758,43.55572554521968,1.4759682103994958,15355.79897668,971
15758,43.55573437949463,1.4760236928474908,15360.3765935,972
15758,43.555742330121944,1.4760804351946464,15365.03377517,973
15758,43.55575023174281,1.4761334652549722,15369.39651521,974
15758,43.555762861635685,1.4762037071676446,15375.22847525,975
15758,43.55577164682279,1.4762554773805807,15379.51314649,976
15758,43.55578329507273,1.4763195546159718,15384.83668436,977
15758,43.555792047560516,1.476368849993325,15388.92656167,978
