shape_id,shape_pt_lat,shape_pt_lon,shape_pt_sequence
802EB_190513,34.1708004635,-118.378268605,1
802EB_190513,34.1680222712,-118.376587385,2
802EB_190513,34.1667284609,-118.37580448,3
802EB_190513,34.165852295,-118.375274313,4
802EB_190513,34.1648241287,-118.374652186,5
802EB_190513,34.1637063463,-118.373975855,6
802EB_190513,34.162377462,-118.373171819,7
802EB_190513,34.1609167099,-118.37228803,8
802EB_190513,34.1589283183,-118.371085698,9
802EB_190513,34.1572608303,-118.370077528,10
802EB_190513,34.1554090492,-118.36895737,11
802EB_190513,34.1544120082,-118.368354275,12
802EB_190513,34.1527953378,-118.367376409,13
802EB_190513,34.1527953378,-118.367376409,14
802EB_190513,34.1516009798,-118.366654151,15
802EB_190513,34.1495190896,-118.365394909,16
802EB_190513,34.1479210875,-118.364428162,17
802EB_190513,34.1454486338,-118.362935822,18
802EB_190513,34.145071869,-118.362734805,19
802EB_190513,34.1447312356,-118.362587023,20
802EB_190513,34.1442057236,-118.362422501,21
802EB_190513,34.1438484131,-118.362351777,22
802EB_190513,34.1433941147,-118.362307741,23
802EB_190513,34.1430111966,-118.362296955,24
802EB_190513,34.1424802982,-118.362292379,25
802EB_190513,34.1420377676,-118.362303813,26
802EB_190513,34.1417213396,-118.36234131,27
802EB_190513,34.1412979265,-118.362431045,28
802EB_190513,34.1399271452,-118.362786471,29
802EB_190513,34.1399236753,-118.362787374,30
802EB_190513,34.1388938159,-118.363055517,31
802EB_190513,34.1369418994,-118.36356372,32
802EB_190513,34.1364391604,-118.363686385,33
802EB_190513,34.1359597118,-118.363755422,34
802EB_190513,34.1355072533,-118.363761757,35
802EB_190513,34.1353377519,-118.363748364,36
802EB_190513,34.1348340108,-118.363658021,37
802EB_190513,34.1343433804,-118.363493656,38
802EB_190513,34.1340300724,-118.363347453,39
802EB_190513,34.1332975369,-118.362953274,40
802EB_190513,34.1321155014,-118.362306853,41
802EB_190513,34.1288144282,-118.360501592,42
802EB_190513,34.1258753993,-118.358894322,43
802EB_190513,34.1237037818,-118.357716401,44
802EB_190513,34.122327754,-118.356993252,45
802EB_190513,34.1196787657,-118.355646069,46
802EB_190513,34.1175203604,-118.35453209,47
802EB_190513,34.1147661102,-118.353042353,48
802EB_190513,34.1134597934,-118.352317643,49
802EB_190513,34.1115823797,-118.351246945,50
802EB_190513,34.1107197883,-118.350760176,51
802EB_190513,34.1095284984,-118.35010677,52
802EB_190513,34.1066684633,-118.348543579,53
802EB_190513,34.1045232884,-118.347371132,54
802EB_190513,34.1038916707,-118.347022638,55
802EB_190513,34.103452646,-118.346753129,56
802EB_190513,34.103194789,-118.346558702,57
802EB_190513,34.102927037,-118.346318931,58
802EB_190513,34.1026514675,-118.346022899,59
802EB_190513,34.1023920674,-118.345686305,60
802EB_190513,34.1021472203,-118.345293126,61
802EB_190513,34.1019252082,-118.344847686,62
802EB_190513,34.101781976,-118.344481905,63
802EB_190513,34.1016934717,-118.344200721,64
802EB_190513,34.1016171686,-118.343909007,65
802EB_190513,34.1015557024,-118.343595392,66
802EB_190513,34.1015147484,-118.343315456,67
802EB_190513,34.1014947938,-118.343114698,68
802EB_190513,34.1014726272,-118.342619924,69
802EB_190513,34.1015079213,-118.336215878,70
802EB_190513,34.1015318717,-118.332269511,71
802EB_190513,34.1015544473,-118.328565006,72
802EB_190513,34.1015701868,-118.326203171,73
802EB_190513,34.101593137,-118.322759327,74
802EB_190513,34.1016281593,-118.317503965,75
802EB_190513,34.1016494645,-118.314306948,76
802EB_190513,34.1016677666,-118.311560581,77
802EB_190513,34.1016826062,-118.308586621,78
802EB_190513,34.1016917594,-118.305090834,79
802EB_190513,34.1017002419,-118.301851217,80
802EB_190513,34.1017089355,-118.298530941,81
802EB_190513,34.1017159562,-118.295357822,82
802EB_190513,34.1017128908,-118.295092593,83
802EB_190513,34.1017046819,-118.294895773,84
802EB_190513,34.1016768131,-118.294608933,85
802EB_190513,34.1016417733,-118.294397528,86
802EB_190513,34.1015685564,-118.294084839,87
802EB_190513,34.1014458494,-118.293719052,88
802EB_190513,34.1013355324,-118.293468458,89
802EB_190513,34.10122287,-118.293254102,90
802EB_190513,34.1010848156,-118.293036056,91
802EB_190513,34.1008401884,-118.292722822,92
802EB_190513,34.1005565926,-118.292443221,93
802EB_190513,34.1004437484,-118.292351725,94
802EB_190513,34.1003272734,-118.292267059,95
802EB_190513,34.1002074535,-118.292189431,96
802EB_190513,34.1000354675,-118.292094399,97
802EB_190513,34.0998309011,-118.292000587,98
802EB_190513,34.099568717,-118.29191289,99
802EB_190513,34.099080978,-118.291834908,100
802EB_190513,34.097841739,-118.291820281,101
802EB_190513,34.0908549877,-118.291797522,102
802EB_190513,34.0858698593,-118.291780991,103
802EB_190513,34.0778490176,-118.291754396,104
802EB_190513,34.0726552365,-118.291737175,105
802EB_190513,34.0694249448,-118.291727272,106
802EB_190513,34.0691362517,-118.291733125,107
802EB_190513,34.0688802418,-118.291758733,108
802EB_190513,34.0686587074,-118.291805002,109
802EB_190513,34.0684041699,-118.29188768,110
802EB_190513,34.0681536555,-118.292002196,111
802EB_190513,34.0677456977,-118.292257512,112
802EB_190513,34.0675487129,-118.292393508,113
802EB_190513,34.0673736052,-118.292504547,114
802EB_190513,34.0671332215,-118.292642709,115
802EB_190513,34.066938924,-118.292730738,116
802EB_190513,34.0666489357,-118.292822798,117
802EB_190513,34.0661639682,-118.292887614,118
802EB_190513,34.0660266075,-118.292887402,119
802EB_190513,34.0657524528,-118.292867253,120
802EB_190513,34.0655814147,-118.292842204,121
802EB_190513,34.0653648757,-118.292796969,122
802EB_190513,34.0650756111,-118.292715899,123
802EB_190513,34.0647474402,-118.292589838,124
802EB_190513,34.0645418108,-118.292490743,125
802EB_190513,34.0643309598,-118.29237344,126
802EB_190513,34.0641536254,-118.292261678,127
802EB_190513,34.0640356188,-118.292177208,128
802EB_190513,34.0638591321,-118.292034059,129
802EB_190513,34.0636820971,-118.29186473,130
802EB_190513,34.063552409,-118.29171859,131
802EB_190513,34.0633680312,-118.291466724,132
802EB_190513,34.0632415978,-118.291268191,133
802EB_190513,34.063126818,-118.291081767,134
802EB_190513,34.0629112799,-118.29070577,135
802EB_190513,34.0626171049,-118.290177932,136
802EB_190513,34.0623849327,-118.289761347,137
802EB_190513,34.0620715922,-118.289191042,138
802EB_190513,34.0619618486,-118.288950856,139
802EB_190513,34.0618771638,-118.288712441,140
802EB_190513,34.0618098942,-118.288478819,141
802EB_190513,34.0617774453,-118.288333831,142
802EB_190513,34.0617511333,-118.288187058,143
802EB_190513,34.0617348651,-118.288078372,144
802EB_190513,34.0617218712,-118.287954198,145
802EB_190513,34.0617126309,-118.287822972,146
802EB_190513,34.0617080236,-118.287682442,147
802EB_190513,34.0617096079,-118.287510197,148
802EB_190513,34.0617170328,-118.287363327,149
802EB_190513,34.0617561893,-118.286920952,150
802EB_190513,34.0618328535,-118.285970757,151
802EB_190513,34.0618350538,-118.285675684,152
802EB_190513,34.0618272007,-118.285441842,153
802EB_190513,34.0618129602,-118.285240636,154
802EB_190513,34.0617888442,-118.28501262,155
802EB_190513,34.0617544612,-118.28478345,156
802EB_190513,34.0617204489,-118.284599029,157
802EB_190513,34.0616580071,-118.284324631,158
802EB_190513,34.0615833127,-118.284055802,159
802EB_190513,34.0614919892,-118.283783348,160
802EB_190513,34.0613455067,-118.283429939,161
802EB_190513,34.0609530988,-118.282540988,162
802EB_190513,34.0604782915,-118.281489767,163
802EB_190513,34.0601358679,-118.280731644,164
802EB_190513,34.0599362337,-118.280295839,165
802EB_190513,34.0598178853,-118.280048146,166
802EB_190513,34.0597358266,-118.279891685,167
802EB_190513,34.0595857601,-118.279632792,168
802EB_190513,34.0593722143,-118.279306298,169
802EB_190513,34.0583950522,-118.277887992,170
802EB_190513,34.0580056104,-118.277338181,171
802EB_190513,34.0575709872,-118.276734542,172
802EB_190513,34.0561346636,-118.274740398,173
802EB_190513,34.0550415745,-118.273222989,174
802EB_190513,34.0548692753,-118.272983401,175
802EB_190513,34.0547207438,-118.272774485,176
802EB_190513,34.0544940325,-118.272440144,177
802EB_190513,34.0543538386,-118.272210096,178
802EB_190513,34.0541936693,-118.271911508,179
802EB_190513,34.0539361198,-118.271364587,180
802EB_190513,34.0531097491,-118.269536304,181
802EB_190513,34.0516086299,-118.266207805,182
802EB_190513,34.0513498546,-118.265607819,183
802EB_190513,34.0511104224,-118.265023678,184
802EB_190513,34.0508126112,-118.264259544,185
802EB_190513,34.0505555702,-118.263560075,186
802EB_190513,34.0504233161,-118.263184989,187
802EB_190513,34.0501264155,-118.262291798,188
802EB_190513,34.0500142522,-118.261935287,189
802EB_190513,34.0497687799,-118.2611169,190
802EB_190513,34.0497089398,-118.260909573,191
802EB_190513,34.0496076187,-118.260571589,192
802EB_190513,34.0495066515,-118.260284835,193
802EB_190513,34.0494100986,-118.260060645,194
802EB_190513,34.0493333682,-118.259909332,195
802EB_190513,34.0491986466,-118.259675436,196
802EB_190513,34.0489715414,-118.259318585,197
802EB_190513,34.0480378333,-118.257868162,198
802EB_190513,34.0477896199,-118.2574826,199
802EB_190513,34.0475599414,-118.257119932,200
802EB_190513,34.0474084701,-118.256861275,201
802EB_190513,34.0473254236,-118.25670307,202
802EB_190513,34.0472451337,-118.256525196,203
802EB_190513,34.0471793474,-118.256357593,204
802EB_190513,34.0471154481,-118.256166531,205
802EB_190513,34.0470520199,-118.255935966,206
802EB_190513,34.0470015707,-118.25568264,207
802EB_190513,34.0469681109,-118.25544467,208
802EB_190513,34.0469486965,-118.255152036,209
802EB_190513,34.0469506562,-118.254855223,210
802EB_190513,34.0469679815,-118.25461021,211
802EB_190513,34.0469889947,-118.254444806,212
802EB_190513,34.0470316638,-118.254212331,213
802EB_190513,34.0470933082,-118.253959183,214
802EB_190513,34.0471684263,-118.253726707,215
802EB_190513,34.0472574872,-118.253498062,216
802EB_190513,34.0473751503,-118.253254468,217
802EB_190513,34.047477764,-118.253072024,218
802EB_190513,34.0476046713,-118.252880725,219
802EB_190513,34.0477206542,-118.252726926,220
802EB_190513,34.0478631866,-118.252561612,221
802EB_190513,34.0480432814,-118.252376145,222
802EB_190513,34.0484932941,-118.251951457,223
802EB_190513,34.0494417809,-118.251066765,224
802EB_190513,34.0502775186,-118.250287239,225
802EB_190513,34.0511334786,-118.249488851,226
802EB_190513,34.0516296008,-118.249026098,227
802EB_190513,34.0520415206,-118.248641884,228
802EB_190513,34.0523988527,-118.248308586,229
802EB_190513,34.0541866582,-118.24663877,230
802EB_190513,34.0556081738,-118.24529704,231
802EB_190513,34.0559339719,-118.244987646,232
802EB_190513,34.0561566884,-118.244768453,233
802EB_190513,34.0563580654,-118.244552453,234
802EB_190513,34.0565313915,-118.244349797,235
802EB_190513,34.0567018704,-118.244128861,236
802EB_190513,34.0568698418,-118.243890875,237
802EB_190513,34.0570565427,-118.243595825,238
802EB_190513,34.0572295621,-118.243289,239
802EB_190513,34.0574031344,-118.242934035,240
802EB_190513,34.0575409237,-118.242609326,241
802EB_190513,34.0576444711,-118.242332171,242
802EB_190513,34.057728966,-118.242077008,243
802EB_190513,34.0578048899,-118.241811301,244
802EB_190513,34.0578554974,-118.241612176,245
802EB_190513,34.057922661,-118.241300386,246
802EB_190513,34.0579932874,-118.24088325,247
802EB_190513,34.0580377875,-118.240558416,248
802EB_190513,34.0580850917,-118.24019698,249
802EB_190513,34.0581332743,-118.239824469,250
802EB_190513,34.0581973452,-118.23931953,251
802EB_190513,34.0582417212,-118.238908655,252
802EB_190513,34.0582570863,-118.238634214,253
802EB_190513,34.0582525194,-118.238373967,254
802EB_190513,34.0582263764,-118.238076895,255
802EB_190513,34.0581724009,-118.237762062,256
802EB_190513,34.0581216396,-118.237555948,257
802EB_190513,34.0580592573,-118.23735182,258
802EB_190513,34.058003986,-118.237201666,259
802EB_190513,34.0579423171,-118.237055152,260
802EB_190513,34.0578744163,-118.236912672,261
802EB_190513,34.0577803047,-118.236740937,262
802EB_190513,34.057655423,-118.236543488,263
802EB_190513,34.0575443772,-118.236390551,264
802EB_190513,34.0573478964,-118.236159709,265
802EB_190513,34.0570757225,-118.235872854,266
802EB_190513,34.0568448107,-118.235632715,267
802EB_190513,34.0566373658,-118.235416981,268
802EB_190513,34.0563706067,-118.235139563,269
802EB_190513,34.0562351027,-118.234998644,270
802EB_190513,34.0550946483,-118.233812619,271
802EB_190513,34.0549759025,-118.233689128,272
802EB_190513,34.0547880953,-118.233450501,273
802EB_190513,34.0546889535,-118.233336509,274
802EB_190513,34.0542298357,-118.232859074,275
802EB_190513,34.0540091694,-118.23266769,276
802EB_190513,34.0535643293,-118.232224277,277
802EB_190513,34.0531301713,-118.231786627,278
802EB_190513,34.0522455996,-118.23089494,279
802EB_190513,34.0520726413,-118.230732078,280
802EB_190513,34.0519583153,-118.230631736,281
802EB_190513,34.0518065122,-118.230531216,282
802EB_190513,34.0516191016,-118.230449328,283
802EB_190513,34.0515196657,-118.230421585,284
802EB_190513,34.0513892228,-118.2303995,285
802EB_190513,34.0513025911,-118.230394775,286
802EB_190513,34.0511295731,-118.230407346,287
802EB_190513,34.0509954232,-118.230436508,288
802EB_190513,34.0501751905,-118.230657696,289
802EB_190513,34.0499295674,-118.230725158,290
802EB_190513,34.0496453938,-118.230819293,291
802EB_190513,34.0494073053,-118.230899968,292
802EB_190513,34.0490498714,-118.231081804,293
802EB_190513,34.0486664797,-118.231336244,294
802EB_190513,34.0484060833,-118.231509767,295
802EB_190513,34.048153184,-118.231669748,296
802EB_190513,34.0479427138,-118.231818547,297
802EB_190513,34.0477628758,-118.231918742,298
802EB_190513,34.0475729069,-118.231986802,299
802EB_190513,34.0474753534,-118.232008311,300
802EB_190513,34.0472776476,-118.232025729,301
802EB_190513,34.0470350773,-118.232026018,302
802EB_190513,34.0469596326,-118.232026109,303
802EB_190513,34.0468964487,-118.232035711,304
802EB_190513,34.0466714343,-118.232069907,305
802EB_190513,34.0466093336,-118.232079345,306
802EB_190513,34.0459223758,-118.232080165,307
802WB_190513,34.0459223758,-118.232080165,1
802WB_190513,34.0464993918,-118.232079476,2
802WB_190513,34.0468279461,-118.232046121,3
802WB_190513,34.0469596326,-118.232026109,4
802WB_190513,34.0474085635,-118.231957884,5
802WB_190513,34.0475721844,-118.231925149,6
802WB_190513,34.0477870404,-118.231846254,7
802WB_190513,34.0479719569,-118.231757112,8
802WB_190513,34.0483562834,-118.23154127,9
802WB_190513,34.0486325449,-118.231358858,10
802WB_190513,34.0489083472,-118.231175727,11
802WB_190513,34.0491935566,-118.231008708,12
802WB_190513,34.0494937254,-118.230870685,13
802WB_190513,34.0501249622,-118.230671492,14
802WB_190513,34.0503565574,-118.230607883,15
802WB_190513,34.050729753,-118.230444419,16
802WB_190513,34.0509983663,-118.230376311,17
802WB_190513,34.0512225385,-118.230328438,18
802WB_190513,34.0514044172,-118.230320601,19
802WB_190513,34.0515851068,-118.230346748,20
802WB_190513,34.0517602344,-118.230406247,21
802WB_190513,34.0519255618,-118.230497658,22
802WB_190513,34.0520032881,-118.230554668,23
802WB_190513,34.0522932678,-118.230822329,24
802WB_190513,34.0525669893,-118.231098251,25
802WB_190513,34.0528362496,-118.231369677,26
802WB_190513,34.0532070096,-118.231743418,27
802WB_190513,34.0538254904,-118.232366871,28
802WB_190513,34.0542151808,-118.232765239,29
802WB_190513,34.0544295863,-118.232988199,30
802WB_190513,34.05463527,-118.233202091,31
802WB_190513,34.0549651695,-118.233497428,32
802WB_190513,34.0552335774,-118.233770075,33
802WB_190513,34.0557439138,-118.234300802,34
802WB_190513,34.0561923423,-118.234767149,35
802WB_190513,34.0564166183,-118.235000367,36
802WB_190513,34.0567639439,-118.23536159,37
802WB_190513,34.0574491889,-118.236078023,38
802WB_190513,34.0576875371,-118.236365368,39
802WB_190513,34.0578631457,-118.236628406,40
802WB_190513,34.0580419331,-118.236969724,41
802WB_190513,34.0581830663,-118.23734099,42
802WB_190513,34.0582849309,-118.237730102,43
802WB_190513,34.05832777,-118.237995468,44
802WB_190513,34.0583522351,-118.238259544,45
802WB_190513,34.0583556559,-118.238625409,46
802WB_190513,34.0583234618,-118.23903435,47
802WB_190513,34.0582790092,-118.239411223,48
802WB_190513,34.058227949,-118.239816732,49
802WB_190513,34.0581506078,-118.24043096,50
802WB_190513,34.0580699907,-118.241025486,51
802WB_190513,34.0580296275,-118.24126777,52
802WB_190513,34.057942021,-118.241685498,53
802WB_190513,34.0578627389,-118.241985462,54
802WB_190513,34.0577851047,-118.242241538,55
802WB_190513,34.0576756208,-118.242559115,56
802WB_190513,34.0574630324,-118.243066325,57
802WB_190513,34.0572395882,-118.243507463,58
802WB_190513,34.0570482001,-118.24383215,59
802WB_190513,34.0568201637,-118.244171742,60
802WB_190513,34.0565076898,-118.244571259,61
802WB_190513,34.0562270344,-118.244880904,62
802WB_190513,34.0559837927,-118.245120492,63
802WB_190513,34.0557664507,-118.245327468,64
802WB_190513,34.055360913,-118.245710303,65
802WB_190513,34.0549973467,-118.246053516,66
802WB_190513,34.0546445561,-118.246386556,67
802WB_190513,34.0542963429,-118.246715276,68
802WB_190513,34.0539865628,-118.247005972,69
802WB_190513,34.0536741207,-118.24729812,70
802WB_190513,34.0532953959,-118.247651371,71
802WB_190513,34.0528412415,-118.248074977,72
802WB_190513,34.05229535,-118.24858415,73
802WB_190513,34.0518381054,-118.249010639,74
802WB_190513,34.0512071375,-118.249599166,75
802WB_190513,34.0507325206,-118.250041859,76
802WB_190513,34.050224464,-118.250515742,77
802WB_190513,34.0500118411,-118.250714063,78
802WB_190513,34.0494444223,-118.251243315,79
802WB_190513,34.0489711103,-118.251684791,80
802WB_190513,34.0485801288,-118.252049474,81
802WB_190513,34.0482243345,-118.252383986,82
802WB_190513,34.0479098464,-118.252700904,83
802WB_190513,34.0476878075,-118.252981463,84
802WB_190513,34.0474939541,-118.2532923,85
802WB_190513,34.047330239,-118.253641115,86
802WB_190513,34.0472039843,-118.254007381,87
802WB_190513,34.0471201177,-118.254380111,88
802WB_190513,34.0470765752,-118.25472486,89
802WB_190513,34.0470645868,-118.255105445,90
802WB_190513,34.0470845122,-118.255423417,91
802WB_190513,34.0471309342,-118.255737375,92
802WB_190513,34.0472033828,-118.25604414,93
802WB_190513,34.0473276592,-118.256406161,94
802WB_190513,34.0474626111,-118.256701092,95
802WB_190513,34.0476121001,-118.25696841,96
802WB_190513,34.0477975233,-118.257262981,97
802WB_190513,34.0479562551,-118.257510314,98
802WB_190513,34.0481509268,-118.257812711,99
802WB_190513,34.0483081765,-118.258056977,100
802WB_190513,34.0485183093,-118.258383393,101
802WB_190513,34.0487119384,-118.258684176,102
802WB_190513,34.0489650273,-118.25907733,103
802WB_190513,34.0491766478,-118.259408317,104
802WB_190513,34.0494171537,-118.259822041,105
802WB_190513,34.0496040273,-118.26025904,106
802WB_190513,34.0497283633,-118.260654979,107
802WB_190513,34.0497898247,-118.260864535,108
802WB_190513,34.0499121224,-118.26128057,109
802WB_190513,34.0500463938,-118.261724445,110
802WB_190513,34.0501762215,-118.262138054,111
802WB_190513,34.0503085472,-118.262545409,112
802WB_190513,34.050448594,-118.262958454,113
802WB_190513,34.0505802365,-118.263334273,114
802WB_190513,34.050705255,-118.263681884,115
802WB_190513,34.0509064131,-118.264220576,116
802WB_190513,34.0511823319,-118.264925166,117
802WB_190513,34.0514480864,-118.265567706,118
802WB_190513,34.0516653137,-118.266070417,119
802WB_190513,34.0524308811,-118.267770883,120
802WB_190513,34.0528826137,-118.268770658,121
802WB_190513,34.0535069463,-118.270152433,122
802WB_190513,34.0540037217,-118.271251897,123
802WB_190513,34.0541761633,-118.271627656,124
802WB_190513,34.0543354622,-118.271946785,125
802WB_190513,34.0545403195,-118.272302467,126
802WB_190513,34.0548191561,-118.272715597,127
802WB_190513,34.0553819962,-118.273499669,128
802WB_190513,34.0557982111,-118.274077468,129
802WB_190513,34.0562711825,-118.274734057,130
802WB_190513,34.0566184173,-118.275216096,131
802WB_190513,34.0569605938,-118.275691113,132
802WB_190513,34.0572723386,-118.276123884,133
802WB_190513,34.0576967399,-118.276713325,134
802WB_190513,34.0581529454,-118.277346937,135
802WB_190513,34.0585199169,-118.277867396,136
802WB_190513,34.0588640711,-118.278365856,137
802WB_190513,34.0591904773,-118.278838612,138
802WB_190513,34.0594969447,-118.279287019,139
802WB_190513,34.0597149101,-118.279627453,140
802WB_190513,34.0599066836,-118.279975949,141
802WB_190513,34.0601158402,-118.280420834,142
802WB_190513,34.0603019964,-118.280830655,143
802WB_190513,34.0604745067,-118.281212592,144
802WB_190513,34.0607192924,-118.281754546,145
802WB_190513,34.0609428689,-118.282249543,146
802WB_190513,34.0611082281,-118.282615647,147
802WB_190513,34.0613645928,-118.283203175,148
802WB_190513,34.0614922525,-118.283503061,149
802WB_190513,34.0615803417,-118.283758549,150
802WB_190513,34.0616960342,-118.284171755,151
802WB_190513,34.0617921559,-118.28466791,152
802WB_190513,34.0618424406,-118.285125944,153
802WB_190513,34.0618564309,-118.285469849,154
802WB_190513,34.0618540157,-118.285751268,155
802WB_190513,34.0618383999,-118.285957293,156
802WB_190513,34.0618316956,-118.286045745,157
802WB_190513,34.0618219364,-118.286174502,158
802WB_190513,34.0618120741,-118.28630462,159
802WB_190513,34.0617989648,-118.286476915,160
802WB_190513,34.0617885841,-118.286584672,161
802WB_190513,34.0617731206,-118.28674519,162
802WB_190513,34.0617631892,-118.286848286,163
802WB_190513,34.061747635,-118.287017594,164
802WB_190513,34.0617279808,-118.287227371,165
802WB_190513,34.0617203579,-118.28731613,166
802WB_190513,34.0617106395,-118.287503848,167
802WB_190513,34.0617093516,-118.287538064,168
802WB_190513,34.0617091554,-118.287685094,169
802WB_190513,34.061714307,-118.287832861,170
802WB_190513,34.0617246525,-118.28797023,171
802WB_190513,34.0617372576,-118.288084804,172
802WB_190513,34.0617511333,-118.288187058,173
802WB_190513,34.0617666426,-118.288273572,174
802WB_190513,34.0617817615,-118.288353116,175
802WB_190513,34.0617994267,-118.288432048,176
802WB_190513,34.0618572878,-118.288643413,177
802WB_190513,34.0619182113,-118.288828003,178
802WB_190513,34.0619620102,-118.288944575,179
802WB_190513,34.0620158736,-118.289068849,180
802WB_190513,34.0620722569,-118.289187803,181
802WB_190513,34.0621734828,-118.289376491,182
802WB_190513,34.0622655834,-118.289544121,183
802WB_190513,34.0623615533,-118.289718794,184
802WB_190513,34.0623639559,-118.289723167,185
802WB_190513,34.0623639559,-118.289723167,186
802WB_190513,34.0625770741,-118.290106105,187
802WB_190513,34.0627258529,-118.290373059,188
802WB_190513,34.0630492332,-118.290953305,189
802WB_190513,34.0632169261,-118.291228378,190
802WB_190513,34.0633167557,-118.291389475,191
802WB_190513,34.0633936217,-118.291504622,192
802WB_190513,34.0634616557,-118.291601324,193
802WB_190513,34.0635466022,-118.291711172,194
802WB_190513,34.0636805981,-118.291863139,195
802WB_190513,34.0638089048,-118.291990912,196
802WB_190513,34.0639364445,-118.29209931,197
802WB_190513,34.0640687319,-118.29220091,198
802WB_190513,34.0642577635,-118.292329319,199
802WB_190513,34.0643637225,-118.292392736,200
802WB_190513,34.0645223015,-118.292480445,201
802WB_190513,34.064699225,-118.292567226,202
802WB_190513,34.0649333918,-118.29266518,203
802WB_190513,34.0652299771,-118.292762611,204
802WB_190513,34.0654335065,-118.292812958,205
802WB_190513,34.065634039,-118.292849911,206
802WB_190513,34.0657770702,-118.292869655,207
802WB_190513,34.0660103655,-118.292886599,208
802WB_190513,34.0661881606,-118.292886491,209
802WB_190513,34.0663184403,-118.292879272,210
802WB_190513,34.0664502408,-118.292862994,211
802WB_190513,34.0666072174,-118.292832644,212
802WB_190513,34.0667478872,-118.292795694,213
802WB_190513,34.0669147652,-118.292739488,214
802WB_190513,34.0670684073,-118.292674864,215
802WB_190513,34.0671820991,-118.292618461,216
802WB_190513,34.067302221,-118.292547008,217
802WB_190513,34.0674036136,-118.292486697,218
802WB_190513,34.0674984744,-118.29242658,219
802WB_190513,34.0675891326,-118.292366787,220
802WB_190513,34.067671633,-118.292307743,221
802WB_190513,34.0679325047,-118.292131722,222
802WB_190513,34.0680881164,-118.292034323,223
802WB_190513,34.0682077255,-118.291967067,224
802WB_190513,34.0683490079,-118.291895091,225
802WB_190513,34.0684701011,-118.291840063,226
802WB_190513,34.0685882656,-118.291791934,227
802WB_190513,34.0686998841,-118.29175315,228
802WB_190513,34.068851088,-118.291707251,229
802WB_190513,34.0689660123,-118.291678474,230
802WB_190513,34.0690562065,-118.291658443,231
802WB_190513,34.0691933161,-118.291634292,232
802WB_190513,34.0692924406,-118.291622313,233
802WB_190513,34.0694074244,-118.291610169,234
802WB_190513,34.0695471563,-118.291602793,235
802WB_190513,34.0696573804,-118.291600934,236
802WB_190513,34.0700934785,-118.291600452,237
802WB_190513,34.0707400087,-118.291602594,238
802WB_190513,34.0712578769,-118.291604311,239
802WB_190513,34.0718793173,-118.29160637,240
802WB_190513,34.0724200731,-118.291608162,241
802WB_190513,34.0730862276,-118.29161037,242
802WB_190513,34.0738068575,-118.291612758,243
802WB_190513,34.0762555331,-118.291620873,244
802WB_190513,34.0777339079,-118.291625773,245
802WB_190513,34.0806907046,-118.291635571,246
802WB_190513,34.0824187141,-118.291641298,247
802WB_190513,34.0840617214,-118.291646743,248
802WB_190513,34.0867295448,-118.291655585,249
802WB_190513,34.0884070863,-118.291661144,250
802WB_190513,34.0890561177,-118.291663296,251
802WB_190513,34.0914263218,-118.291671154,252
802WB_190513,34.0936046446,-118.291678377,253
802WB_190513,34.095681565,-118.291685263,254
802WB_190513,34.0987037287,-118.291695283,255
802WB_190513,34.0989391994,-118.291697752,256
802WB_190513,34.0991165644,-118.291704938,257
802WB_190513,34.0992508889,-118.291717486,258
802WB_190513,34.0993906707,-118.291738257,259
802WB_190513,34.0995246552,-118.291766089,260
802WB_190513,34.0996574295,-118.291801588,261
802WB_190513,34.0997768476,-118.291840092,262
802WB_190513,34.0999325406,-118.291901844,263
802WB_190513,34.1000911162,-118.291977268,264
802WB_190513,34.1002428787,-118.292061949,265
802WB_190513,34.1003754711,-118.292146934,266
802WB_190513,34.1005133056,-118.292247127,267
802WB_190513,34.1006755744,-118.292382306,268
802WB_190513,34.1008223239,-118.292524523,269
802WB_190513,34.100969681,-118.292686921,270
802WB_190513,34.1010646878,-118.292805442,271
802WB_190513,34.1011759763,-118.29295894,272
802WB_190513,34.1013133144,-118.293180812,273
802WB_190513,34.1014280019,-118.293397084,274
802WB_190513,34.1015119772,-118.293584468,275
802WB_190513,34.1015808354,-118.293761906,276
802WB_190513,34.1016258134,-118.2938942,277
802WB_190513,34.1016787574,-118.294075384,278
802WB_190513,34.1017270397,-118.294276995,279
802WB_190513,34.1017601783,-118.294452644,280
802WB_190513,34.1017868609,-118.294639653,281
802WB_190513,34.1018056002,-118.2948418,282
802WB_190513,34.1018121168,-118.294961729,283
802WB_190513,34.1018213299,-118.295357357,284
802WB_190513,34.1018222459,-118.295880632,285
802WB_190513,34.1018210068,-118.296353793,286
802WB_190513,34.1018199476,-118.29675828,287
802WB_190513,34.1018184344,-118.297336103,288
802WB_190513,34.1018136122,-118.299177527,289
802WB_190513,34.1018074795,-118.301519395,290
802WB_190513,34.1017960308,-118.305891267,291
802WB_190513,34.1017889617,-118.308590705,292
802WB_190513,34.1017762469,-118.311229113,293
802WB_190513,34.1017608354,-118.313542621,294
802WB_190513,34.1017470001,-118.315619504,295
802WB_190513,34.1017331864,-118.317693161,296
802WB_190513,34.1017181526,-118.319949964,297
802WB_190513,34.101695605,-118.323372738,298
802WB_190513,34.1016902957,-118.324165359,299
802WB_190513,34.1016595943,-118.328801705,300
802WB_190513,34.1016462838,-118.330840449,301
802WB_190513,34.1016315542,-118.333424348,302
802WB_190513,34.1016258338,-118.334367415,303
802WB_190513,34.1016140362,-118.336312355,304
802WB_190513,34.1016043674,-118.337906328,305
802WB_190513,34.1015928471,-118.339805552,306
802WB_190513,34.1015797788,-118.34198603,307
802WB_190513,34.1015801984,-118.342363248,308
802WB_190513,34.1015852793,-118.342626225,309
802WB_190513,34.1015953914,-118.342849846,310
802WB_190513,34.1016139044,-118.343070792,311
802WB_190513,34.1016495151,-118.343356136,312
802WB_190513,34.1016808377,-118.343537657,313
802WB_190513,34.1017158981,-118.343707507,314
802WB_190513,34.1017483468,-118.343844732,315
802WB_190513,34.101790444,-118.344004616,316
802WB_190513,34.1018382853,-118.344166482,317
802WB_190513,34.1019009041,-118.344353421,318
802WB_190513,34.1020122614,-118.344638929,319
802WB_190513,34.1021141433,-118.344865851,320
802WB_190513,34.1022016196,-118.34503854,321
802WB_190513,34.1022758736,-118.345171923,322
802WB_190513,34.1023777691,-118.345342034,323
802WB_190513,34.1024882768,-118.345510215,324
802WB_190513,34.102625129,-118.345698244,325
802WB_190513,34.102750398,-118.345853887,326
802WB_190513,34.1028619699,-118.345981786,327
802WB_190513,34.1029816934,-118.346108365,328
802WB_190513,34.1031572101,-118.346275097,329
802WB_190513,34.1033370151,-118.346427985,330
802WB_190513,34.1035215192,-118.346567904,331
802WB_190513,34.1037630505,-118.346725269,332
802WB_190513,34.1039919827,-118.346859646,333
802WB_190513,34.1042068796,-118.346979823,334
802WB_190513,34.104461728,-118.347119766,335
802WB_190513,34.1047134627,-118.347257342,336
802WB_190513,34.1049573968,-118.347390657,337
802WB_190513,34.1051742422,-118.347509168,338
802WB_190513,34.1054577362,-118.347664114,339
802WB_190513,34.1057416884,-118.347819311,340
802WB_190513,34.105979976,-118.34794955,341
802WB_190513,34.106393268,-118.34817544,342
802WB_190513,34.1067217326,-118.348354966,343
802WB_190513,34.1070182769,-118.348517045,344
802WB_190513,34.1074114114,-118.348731918,345
802WB_190513,34.1077158235,-118.348898298,346
802WB_190513,34.1079714478,-118.349038012,347
802WB_190513,34.1082186671,-118.349173133,348
802WB_190513,34.1085330748,-118.349344976,349
802WB_190513,34.1090040083,-118.34960237,350
802WB_190513,34.1092319198,-118.349726938,351
802WB_190513,34.1095210651,-118.349884974,352
802WB_190513,34.1097982914,-118.350036495,353
802WB_190513,34.1101187419,-118.350211641,354
802WB_190513,34.1106423434,-118.35049643,355
802WB_190513,34.1110908482,-118.350736901,356
802WB_190513,34.1115057237,-118.350955903,357
802WB_190513,34.1119027313,-118.35116355,358
802WB_190513,34.1122355089,-118.351337602,359
802WB_190513,34.1128534286,-118.351660792,360
802WB_190513,34.1136154901,-118.352060182,361
802WB_190513,34.1142712639,-118.352410315,362
802WB_190513,34.1148901825,-118.352747308,363
802WB_190513,34.1156459129,-118.353160536,364
802WB_190513,34.1162946754,-118.353515275,365
802WB_190513,34.1170524648,-118.353929629,366
802WB_190513,34.1176997058,-118.354283536,367
802WB_190513,34.1184880368,-118.35471459,368
802WB_190513,34.1189333524,-118.354958086,369
802WB_190513,34.119451791,-118.355241565,370
802WB_190513,34.120211718,-118.355657088,371
802WB_190513,34.120601995,-118.355870489,372
802WB_190513,34.1209162136,-118.356042301,373
802WB_190513,34.1219365527,-118.356600216,374
802WB_190513,34.1222104722,-118.356749993,375
802WB_190513,34.1230670475,-118.357218363,376
802WB_190513,34.1239026277,-118.357675252,377
802WB_190513,34.124969757,-118.358258752,378
802WB_190513,34.1258579489,-118.358744409,379
802WB_190513,34.1267020793,-118.359205974,380
802WB_190513,34.1272679365,-118.359515381,381
802WB_190513,34.1277237042,-118.359764591,382
802WB_190513,34.1282436891,-118.360048916,383
802WB_190513,34.1288853567,-118.360399775,384
802WB_190513,34.1294650356,-118.36071674,385
802WB_190513,34.1305865213,-118.361329961,386
802WB_190513,34.1313758364,-118.361761553,387
802WB_190513,34.1320221595,-118.362114958,388
802WB_190513,34.1327771168,-118.362527764,389
802WB_190513,34.1338097662,-118.363090584,390
802WB_190513,34.1339970452,-118.363190903,391
802WB_190513,34.1341563591,-118.363268803,392
802WB_190513,34.1343843242,-118.363370507,393
802WB_190513,34.1346189285,-118.363456274,394
802WB_190513,34.1348283165,-118.363518618,395
802WB_190513,34.1350128416,-118.36356204,396
802WB_190513,34.1351338848,-118.363583748,397
802WB_190513,34.1353075229,-118.363608506,398
802WB_190513,34.1354896188,-118.363625003,399
802WB_190513,34.1356890668,-118.363632327,400
802WB_190513,34.1359446905,-118.363622896,401
802WB_190513,34.13618044,-118.363598843,402
802WB_190513,34.1363482467,-118.363571241,403
802WB_190513,34.1366443786,-118.363506861,404
802WB_190513,34.1369160037,-118.3634388,405
802WB_190513,34.1374887888,-118.363290038,406
802WB_190513,34.1380925394,-118.363132843,407
802WB_190513,34.1385369339,-118.363020294,408
802WB_190513,34.1391672458,-118.362853018,409
802WB_190513,34.1398331375,-118.362679642,410
802WB_190513,34.1407024133,-118.362453299,411
802WB_190513,34.1412023701,-118.362324787,412
802WB_190513,34.1415282951,-118.362253421,413
802WB_190513,34.141774491,-118.3622173,414
802WB_190513,34.1419840554,-118.362199773,415
802WB_190513,34.1422252317,-118.362192131,416
802WB_190513,34.1429193192,-118.362195694,417
802WB_190513,34.1432053723,-118.362200332,418
802WB_190513,34.1435074023,-118.362211427,419
802WB_190513,34.1436374797,-118.362220037,420
802WB_190513,34.1437742158,-118.362233788,421
802WB_190513,34.1439229543,-118.362253217,422
802WB_190513,34.1440836882,-118.362281407,423
802WB_190513,34.1442616443,-118.362319832,424
802WB_190513,34.1444286289,-118.362363474,425
802WB_190513,34.1446094551,-118.36241876,426
802WB_190513,34.1447894234,-118.362482564,427
802WB_190513,34.1449644275,-118.362553367,428
802WB_190513,34.145134216,-118.362630645,429
802WB_190513,34.1452731744,-118.362700095,430
802WB_190513,34.1454518478,-118.36279776,431
802WB_190513,34.1456916589,-118.362937456,432
802WB_190513,34.1458925855,-118.363056949,433
802WB_190513,34.146385717,-118.363355365,434
802WB_190513,34.147100447,-118.363787881,435
802WB_190513,34.1479188705,-118.364283146,436
802WB_190513,34.1488354957,-118.364837771,437
802WB_190513,34.1495013625,-118.365240523,438
802WB_190513,34.1500883468,-118.365595563,439
802WB_190513,34.1510746814,-118.366192151,440
802WB_190513,34.1520408543,-118.366776545,441
802WB_190513,34.152568004,-118.367095393,442
802WB_190513,34.1528953208,-118.367293372,443
802WB_190513,34.153202032,-118.367478888,444
802WB_190513,34.1540219496,-118.367974818,445
802WB_190513,34.1548850872,-118.368496891,446
802WB_190513,34.1554991211,-118.368868292,447
802WB_190513,34.1562544341,-118.369325146,448
802WB_190513,34.1574679471,-118.370059144,449
802WB_190513,34.1586782232,-118.370790863,450
802WB_190513,34.1597925455,-118.371464483,451
802WB_190513,34.1610486483,-118.372224198,452
802WB_190513,34.1619044831,-118.372742032,453
802WB_190513,34.1627720142,-118.373266943,454
802WB_190513,34.1637286484,-118.373845767,455
802WB_190513,34.1649706928,-118.374597283,456
802WB_190513,34.1657713597,-118.375081737,457
802WB_190513,34.1671853855,-118.37593727,458
802WB_190513,34.1677762541,-118.376294811,459
802WB_190513,34.1687740205,-118.376898592,460
802WB_190513,34.1693311121,-118.377235712,461
802WB_190513,34.1698661034,-118.377559469,462
802WB_190513,34.1708482878,-118.378153841,463
804EB_RC_221121,34.013653,-118.491537,1
804EB_RC_221121,34.013888,-118.491368,2
804EB_RC_221121,34.014364,-118.491023,3
804EB_RC_221121,34.014508,-118.490938,4
804EB_RC_221121,34.014555,-118.490909,5
804EB_RC_221121,34.014597,-118.490874,6
804EB_RC_221121,34.014825,-118.490647,7
804EB_RC_221121,34.014924,-118.490545,8
804EB_RC_221121,34.015155,-118.490255,9
804EB_RC_221121,34.015155,-118.490255,10
804EB_RC_221121,34.015248,-118.49014,11
804EB_RC_221121,34.015464,-118.489874,12
804EB_RC_221121,34.015464,-118.489874,13
804EB_RC_221121,34.015775,-118.489492,14
804EB_RC_221121,34.016332,-118.488807,15
804EB_RC_221121,34.016815,-118.488218,16
804EB_RC_221121,34.017059,-118.487916,17
804EB_RC_221121,34.017531,-118.487337,18
804EB_RC_221121,34.018146,-118.486573,19
804EB_RC_221121,34.018668,-118.485929,20
804EB_RC_221121,34.019129,-118.48536,21
804EB_RC_221121,34.019335,-118.485105,22
804EB_RC_221121,34.019708,-118.484647,23
804EB_RC_221121,34.019971,-118.484317,24
804EB_RC_221121,34.020455,-118.483722,25
804EB_RC_221121,34.020924,-118.483143,26
804EB_RC_221121,34.021314,-118.482663,27
804EB_RC_221121,34.021514,-118.482402,28
804EB_RC_221121,34.022117,-118.481631,29
804EB_RC_221121,34.022592,-118.481019,30
804EB_RC_221121,34.023095,-118.480396,31
804EB_RC_221121,34.023538,-118.479836,32
804EB_RC_221121,34.023651,-118.479698,33
804EB_RC_221121,34.023721,-118.479586,34
804EB_RC_221121,34.023777,-118.479464,35
804EB_RC_221121,34.023827,-118.479342,36
804EB_RC_221121,34.023855,-118.479254,37
804EB_RC_221121,34.02389,-118.479088,38
804EB_RC_221121,34.024022,-118.478414,39
804EB_RC_221121,34.024078,-118.478227,40
804EB_RC_221121,34.02412,-118.478109,41
804EB_RC_221121,34.024153,-118.478023,42
804EB_RC_221121,34.0242,-118.477903,43
804EB_RC_221121,34.024257,-118.477793,44
804EB_RC_221121,34.024387,-118.477554,45
804EB_RC_221121,34.024756,-118.476888,46
804EB_RC_221121,34.024756,-118.476888,47
804EB_RC_221121,34.02483,-118.476753,48
804EB_RC_221121,34.025039,-118.476377,49
804EB_RC_221121,34.025039,-118.476377,50
804EB_RC_221121,34.025244,-118.476006,51
804EB_RC_221121,34.02555,-118.475446,52
804EB_RC_221121,34.025791,-118.474986,53
804EB_RC_221121,34.025959,-118.474618,54
804EB_RC_221121,34.026127,-118.474209,55
804EB_RC_221121,34.026323,-118.473724,56
804EB_RC_221121,34.026672,-118.472851,57
804EB_RC_221121,34.027023,-118.471905,58
804EB_RC_221121,34.027305,-118.471097,59
804EB_RC_221121,34.027686,-118.469977,60
804EB_RC_221121,34.028001,-118.469041,61
804EB_RC_221121,34.028085,-118.468798,62
804EB_RC_221121,34.028393,-118.467892,63
804EB_RC_221121,34.028393,-118.467892,64
804EB_RC_221121,34.028447,-118.467736,65
804EB_RC_221121,34.028512,-118.467542,66
804EB_RC_221121,34.028512,-118.467542,67
804EB_RC_221121,34.028708,-118.46696,68
804EB_RC_221121,34.028803,-118.466664,69
804EB_RC_221121,34.028907,-118.466295,70
804EB_RC_221121,34.029,-118.465895,71
804EB_RC_221121,34.029169,-118.465138,72
804EB_RC_221121,34.029347,-118.464269,73
804EB_RC_221121,34.029617,-118.462953,74
804EB_RC_221121,34.030294,-118.459652,75
804EB_RC_221121,34.030294,-118.459652,76
804EB_RC_221121,34.030436,-118.45896,77
804EB_RC_221121,34.030729,-118.457526,78
804EB_RC_221121,34.030787,-118.457232,79
804EB_RC_221121,34.030805,-118.457141,80
804EB_RC_221121,34.030805,-118.457141,81
804EB_RC_221121,34.031047,-118.455938,82
804EB_RC_221121,34.031171,-118.455314,83
804EB_RC_221121,34.031335,-118.454492,84
804EB_RC_221121,34.03153,-118.45351,85
804EB_RC_221121,34.03179,-118.452248,86
804EB_RC_221121,34.031961,-118.451442,87
804EB_RC_221121,34.032191,-118.450452,88
804EB_RC_221121,34.032351,-118.44977,89
804EB_RC_221121,34.032537,-118.448861,90
804EB_RC_221121,34.032768,-118.447707,91
804EB_RC_221121,34.032966,-118.446754,92
804EB_RC_221121,34.032972,-118.446707,93
804EB_RC_221121,34.033112,-118.446015,94
804EB_RC_221121,34.033322,-118.444953,95
804EB_RC_221121,34.033494,-118.444075,96
804EB_RC_221121,34.033679,-118.443139,97
804EB_RC_221121,34.033907,-118.441979,98
804EB_RC_221121,34.033937,-118.441831,99
804EB_RC_221121,34.034345,-118.439839,100
804EB_RC_221121,34.034724,-118.437995,101
804EB_RC_221121,34.034764,-118.437805,102
804EB_RC_221121,34.034902,-118.437146,103
804EB_RC_221121,34.035033,-118.436486,104
804EB_RC_221121,34.035125,-118.435919,105
804EB_RC_221121,34.035281,-118.434848,106
804EB_RC_221121,34.035461,-118.43358,107
804EB_RC_221121,34.035535,-118.433106,108
804EB_RC_221121,34.035652,-118.4323,109
804EB_RC_221121,34.035818,-118.431131,110
804EB_RC_221121,34.035882,-118.430699,111
804EB_RC_221121,34.035882,-118.430699,112
804EB_RC_221121,34.035909,-118.430519,113
804EB_RC_221121,34.036044,-118.429607,114
804EB_RC_221121,34.036134,-118.42898,115
804EB_RC_221121,34.036134,-118.42898,116
804EB_RC_221121,34.03614,-118.42894,117
804EB_RC_221121,34.036282,-118.427958,118
804EB_RC_221121,34.036442,-118.426874,119
804EB_RC_221121,34.036615,-118.425699,120
804EB_RC_221121,34.036781,-118.42457,121
804EB_RC_221121,34.036875,-118.423938,122
804EB_RC_221121,34.037015,-118.423015,123
804EB_RC_221121,34.037098,-118.422413,124
804EB_RC_221121,34.037148,-118.421967,125
804EB_RC_221121,34.037164,-118.421708,126
804EB_RC_221121,34.037176,-118.421441,127
804EB_RC_221121,34.037171,-118.421156,128
804EB_RC_221121,34.037169,-118.421086,129
804EB_RC_221121,34.037146,-118.420828,130
804EB_RC_221121,34.037107,-118.420545,131
804EB_RC_221121,34.037044,-118.420201,132
804EB_RC_221121,34.03698,-118.419953,133
804EB_RC_221121,34.036874,-118.419622,134
804EB_RC_221121,34.036753,-118.419299,135
804EB_RC_221121,34.03663,-118.419016,136
804EB_RC_221121,34.036468,-118.41872,137
804EB_RC_221121,34.036307,-118.418467,138
804EB_RC_221121,34.036147,-118.418247,139
804EB_RC_221121,34.035995,-118.418064,140
804EB_RC_221121,34.03584,-118.417889,141
804EB_RC_221121,34.035482,-118.417556,142
804EB_RC_221121,34.035298,-118.417416,143
804EB_RC_221121,34.035117,-118.417293,144
804EB_RC_221121,34.034855,-118.41714,145
804EB_RC_221121,34.034403,-118.416887,146
804EB_RC_221121,34.033873,-118.416597,147
804EB_RC_221121,34.033464,-118.416353,148
804EB_RC_221121,34.033305,-118.416229,149
804EB_RC_221121,34.033023,-118.415986,150
804EB_RC_221121,34.032865,-118.415817,151
804EB_RC_221121,34.032777,-118.415702,152
804EB_RC_221121,34.03265,-118.41553,153
804EB_RC_221121,34.03259,-118.415433,154
804EB_RC_221121,34.03242,-118.415134,155
804EB_RC_221121,34.032286,-118.414824,156
804EB_RC_221121,34.032047,-118.414284,157
804EB_RC_221121,34.031948,-118.414094,158
804EB_RC_221121,34.031905,-118.414024,159
804EB_RC_221121,34.031738,-118.413815,160
804EB_RC_221121,34.03155,-118.413625,161
804EB_RC_221121,34.03123,-118.413353,162
804EB_RC_221121,34.031099,-118.413215,163
804EB_RC_221121,34.030966,-118.41301,164
804EB_RC_221121,34.030864,-118.412782,165
804EB_RC_221121,34.030808,-118.412614,166
804EB_RC_221121,34.030436,-118.411463,167
804EB_RC_221121,34.030229,-118.410794,168
804EB_RC_221121,34.030072,-118.410297,169
804EB_RC_221121,34.029945,-118.409773,170
804EB_RC_221121,34.029872,-118.409363,171
804EB_RC_221121,34.029872,-118.409363,172
804EB_RC_221121,34.029777,-118.408802,173
804EB_RC_221121,34.029624,-118.407818,174
804EB_RC_221121,34.029563,-118.40734,175
804EB_RC_221121,34.029483,-118.406509,176
804EB_RC_221121,34.029419,-118.405816,177
804EB_RC_221121,34.029341,-118.404961,178
804EB_RC_221121,34.029338,-118.404934,179
804EB_RC_221121,34.029338,-118.404934,180
804EB_RC_221121,34.029285,-118.404373,181
804EB_RC_221121,34.029224,-118.403694,182
804EB_RC_221121,34.029188,-118.403301,183
804EB_RC_221121,34.029137,-118.402797,184
804EB_RC_221121,34.029124,-118.402573,185
804EB_RC_221121,34.029039,-118.401313,186
804EB_RC_221121,34.028989,-118.400544,187
804EB_RC_221121,34.028796,-118.398449,188
804EB_RC_221121,34.028665,-118.397013,189
804EB_RC_221121,34.028544,-118.395665,190
804EB_RC_221121,34.028449,-118.394671,191
804EB_RC_221121,34.028367,-118.393759,192
804EB_RC_221121,34.028305,-118.393104,193
804EB_RC_221121,34.028267,-118.392739,194
804EB_RC_221121,34.028181,-118.392047,195
804EB_RC_221121,34.028074,-118.391167,196
804EB_RC_221121,34.027994,-118.390436,197
804EB_RC_221121,34.027907,-118.389637,198
804EB_RC_221121,34.027815,-118.388707,199
804EB_RC_221121,34.02774,-118.387851,200
804EB_RC_221121,34.027695,-118.387161,201
804EB_RC_221121,34.027668,-118.386536,202
804EB_RC_221121,34.02763,-118.38583,203
804EB_RC_221121,34.027608,-118.385438,204
804EB_RC_221121,34.027561,-118.384796,205
804EB_RC_221121,34.027493,-118.383921,206
804EB_RC_221121,34.027448,-118.383495,207
804EB_RC_221121,34.027346,-118.382562,208
804EB_RC_221121,34.027197,-118.381115,209
804EB_RC_221121,34.027196,-118.381112,210
804EB_RC_221121,34.02711,-118.380195,211
804EB_RC_221121,34.027045,-118.379444,212
804EB_RC_221121,34.027043,-118.379429,213
804EB_RC_221121,34.026956,-118.378499,214
804EB_RC_221121,34.026849,-118.377411,215
804EB_RC_221121,34.026779,-118.376647,216
804EB_RC_221121,34.026645,-118.375284,217
804EB_RC_221121,34.026585,-118.374806,218
804EB_RC_221121,34.026427,-118.373478,219
804EB_RC_221121,34.026347,-118.372739,220
804EB_RC_221121,34.026288,-118.371938,221
804EB_RC_221121,34.02619,-118.370607,222
804EB_RC_221121,34.026175,-118.370373,223
804EB_RC_221121,34.026129,-118.369428,224
804EB_RC_221121,34.026099,-118.36894,225
804EB_RC_221121,34.026034,-118.368099,226
804EB_RC_221121,34.025981,-118.367448,227
804EB_RC_221121,34.025981,-118.367448,228
804EB_RC_221121,34.025976,-118.367382,229
804EB_RC_221121,34.025912,-118.366551,230
804EB_RC_221121,34.025855,-118.365855,231
804EB_RC_221121,34.025796,-118.365222,232
804EB_RC_221121,34.025778,-118.365092,233
804EB_RC_221121,34.025652,-118.364088,234
804EB_RC_221121,34.025548,-118.363217,235
804EB_RC_221121,34.025484,-118.362586,236
804EB_RC_221121,34.025327,-118.360833,237
804EB_RC_221121,34.025237,-118.359869,238
804EB_RC_221121,34.025115,-118.358695,239
804EB_RC_221121,34.025009,-118.35777,240
804EB_RC_221121,34.024925,-118.357054,241
804EB_RC_221121,34.024817,-118.35585,242
804EB_RC_221121,34.024769,-118.355331,243
804EB_RC_221121,34.02466,-118.354087,244
804EB_RC_221121,34.024546,-118.35278,245
804EB_RC_221121,34.024423,-118.351262,246
804EB_RC_221121,34.024352,-118.350401,247
804EB_RC_221121,34.024287,-118.349633,248
804EB_RC_221121,34.024196,-118.348602,249
804EB_RC_221121,34.024102,-118.347654,250
804EB_RC_221121,34.024003,-118.346629,251
804EB_RC_221121,34.023947,-118.346043,252
804EB_RC_221121,34.023886,-118.345459,253
804EB_RC_221121,34.02379,-118.344539,254
804EB_RC_221121,34.023682,-118.343522,255
804EB_RC_221121,34.023595,-118.342741,256
804EB_RC_221121,34.023483,-118.341802,257
804EB_RC_221121,34.023328,-118.340483,258
804EB_RC_221121,34.023195,-118.339543,259
804EB_RC_221121,34.023067,-118.338579,260
804EB_RC_221121,34.022903,-118.337494,261
804EB_RC_221121,34.022713,-118.336246,262
804EB_RC_221121,34.022522,-118.335167,263
804EB_RC_221121,34.022364,-118.334321,264
804EB_RC_221121,34.022152,-118.333212,265
804EB_RC_221121,34.021979,-118.332322,266
804EB_RC_221121,34.021844,-118.331657,267
804EB_RC_221121,34.021844,-118.331657,268
804EB_RC_221121,34.021794,-118.331412,269
804EB_RC_221121,34.02158,-118.33035,270
804EB_RC_221121,34.021436,-118.32962,271
804EB_RC_221121,34.021356,-118.329259,272
804EB_RC_221121,34.021206,-118.328606,273
804EB_RC_221121,34.021067,-118.328006,274
804EB_RC_221121,34.020741,-118.326602,275
804EB_RC_221121,34.020439,-118.325254,276
804EB_RC_221121,34.020247,-118.324417,277
804EB_RC_221121,34.020042,-118.323561,278
804EB_RC_221121,34.019841,-118.322696,279
804EB_RC_221121,34.019698,-118.322093,280
804EB_RC_221121,34.019594,-118.321637,281
804EB_RC_221121,34.019449,-118.321022,282
804EB_RC_221121,34.019304,-118.3204,283
804EB_RC_221121,34.019157,-118.319757,284
804EB_RC_221121,34.018979,-118.318954,285
804EB_RC_221121,34.018881,-118.318411,286
804EB_RC_221121,34.018777,-118.31783,287
804EB_RC_221121,34.018663,-118.317176,288
804EB_RC_221121,34.018634,-118.316997,289
804EB_RC_221121,34.018556,-118.316418,290
804EB_RC_221121,34.018467,-118.315778,291
804EB_RC_221121,34.018403,-118.315257,292
804EB_RC_221121,34.01838,-118.314791,293
804EB_RC_221121,34.018371,-118.314402,294
804EB_RC_221121,34.018359,-118.31345,295
804EB_RC_221121,34.018354,-118.313113,296
804EB_RC_221121,34.018354,-118.313113,297
804EB_RC_221121,34.018355,-118.312801,298
804EB_RC_221121,34.018357,-118.312475,299
804EB_RC_221121,34.018358,-118.311778,300
804EB_RC_221121,34.01835,-118.311435,301
804EB_RC_221121,34.018331,-118.310558,302
804EB_RC_221121,34.018323,-118.309944,303
804EB_RC_221121,34.018308,-118.30886,304
804EB_RC_221121,34.018301,-118.307915,305
804EB_RC_221121,34.018291,-118.307165,306
804EB_RC_221121,34.018279,-118.306006,307
804EB_RC_221121,34.018264,-118.305095,308
804EB_RC_221121,34.018265,-118.304533,309
804EB_RC_221121,34.018263,-118.302917,310
804EB_RC_221121,34.018262,-118.302002,311
804EB_RC_221121,34.018263,-118.300889,312
804EB_RC_221121,34.01826,-118.300169,313
804EB_RC_221121,34.018251,-118.298976,314
804EB_RC_221121,34.018249,-118.298173,315
804EB_RC_221121,34.018248,-118.297732,316
804EB_RC_221121,34.018244,-118.296862,317
804EB_RC_221121,34.018243,-118.295661,318
804EB_RC_221121,34.018239,-118.294935,319
804EB_RC_221121,34.018239,-118.294797,320
804EB_RC_221121,34.018239,-118.294797,321
804EB_RC_221121,34.018238,-118.293982,322
804EB_RC_221121,34.018234,-118.292969,323
804EB_RC_221121,34.01823,-118.29199,324
804EB_RC_221121,34.018222,-118.290801,325
804EB_RC_221121,34.01821,-118.290122,326
804EB_RC_221121,34.018204,-118.289021,327
804EB_RC_221121,34.018198,-118.287785,328
804EB_RC_221121,34.018197,-118.286459,329
804EB_RC_221121,34.018195,-118.285172,330
804EB_RC_221121,34.018199,-118.283956,331
804EB_RC_221121,34.018199,-118.283956,332
804EB_RC_221121,34.018202,-118.28383,333
804EB_RC_221121,34.018216,-118.283474,334
804EB_RC_221121,34.018231,-118.282786,335
804EB_RC_221121,34.018251,-118.282008,336
804EB_RC_221121,34.018278,-118.281377,337
804EB_RC_221121,34.018315,-118.280958,338
804EB_RC_221121,34.018377,-118.280701,339
804EB_RC_221121,34.018449,-118.280561,340
804EB_RC_221121,34.018627,-118.280357,341
804EB_RC_221121,34.019063,-118.280085,342
804EB_RC_221121,34.019071,-118.280082,343
804EB_RC_221121,34.019071,-118.280082,344
804EB_RC_221121,34.019218,-118.280007,345
804EB_RC_221121,34.019548,-118.279808,346
804EB_RC_221121,34.020067,-118.279471,347
804EB_RC_221121,34.020658,-118.279066,348
804EB_RC_221121,34.020916,-118.278889,349
804EB_RC_221121,34.021294,-118.278631,350
804EB_RC_221121,34.021926,-118.278189,351
804EB_RC_221121,34.022148,-118.278055,352
804EB_RC_221121,34.02234,-118.277939,353
804EB_RC_221121,34.022421,-118.27789,354
804EB_RC_221121,34.02263,-118.277775,355
804EB_RC_221121,34.022784,-118.277688,356
804EB_RC_221121,34.023142,-118.277477,357
804EB_RC_221121,34.023412,-118.277324,358
804EB_RC_221121,34.023653,-118.277177,359
804EB_RC_221121,34.023906,-118.277023,360
804EB_RC_221121,34.024175,-118.276858,361
804EB_RC_221121,34.024428,-118.276701,362
804EB_RC_221121,34.024493,-118.276658,363
804EB_RC_221121,34.024558,-118.276623,364
804EB_RC_221121,34.024659,-118.276565,365
804EB_RC_221121,34.024771,-118.276496,366
804EB_RC_221121,34.024903,-118.276415,367
804EB_RC_221121,34.025004,-118.276355,368
804EB_RC_221121,34.025097,-118.276301,369
804EB_RC_221121,34.025397,-118.276109,370
804EB_RC_221121,34.025397,-118.276109,371
804EB_RC_221121,34.025686,-118.275905,372
804EB_RC_221121,34.025914,-118.275744,373
804EB_RC_221121,34.025989,-118.275692,374
804EB_RC_221121,34.026067,-118.275625,375
804EB_RC_221121,34.026435,-118.275356,376
804EB_RC_221121,34.026549,-118.275279,377
804EB_RC_221121,34.026649,-118.275217,378
804EB_RC_221121,34.026908,-118.275085,379
804EB_RC_221121,34.027079,-118.275012,380
804EB_RC_221121,34.027622,-118.274797,381
804EB_RC_221121,34.027716,-118.27474,382
804EB_RC_221121,34.027833,-118.274635,383
804EB_RC_221121,34.027962,-118.274507,384
804EB_RC_221121,34.028053,-118.274389,385
804EB_RC_221121,34.028115,-118.274316,386
804EB_RC_221121,34.02819,-118.274238,387
804EB_RC_221121,34.028293,-118.274138,388
804EB_RC_221121,34.028407,-118.274029,389
804EB_RC_221121,34.028513,-118.273937,390
804EB_RC_221121,34.028882,-118.273698,391
804EB_RC_221121,34.0296,-118.273236,392
804EB_RC_221121,34.03002,-118.272969,393
804EB_RC_221121,34.03013,-118.272915,394
804EB_RC_221121,34.030784,-118.272555,395
804EB_RC_221121,34.030784,-118.272555,396
804EB_RC_221121,34.03081,-118.27254,397
804EB_RC_221121,34.031169,-118.272348,398
804EB_RC_221121,34.031599,-118.272119,399
804EB_RC_221121,34.031859,-118.27198,400
804EB_RC_221121,34.031859,-118.27198,401
804EB_RC_221121,34.031965,-118.271924,402
804EB_RC_221121,34.032179,-118.271795,403
804EB_RC_221121,34.03246,-118.271625,404
804EB_RC_221121,34.032842,-118.27139,405
804EB_RC_221121,34.033244,-118.271137,406
804EB_RC_221121,34.033559,-118.270937,407
804EB_RC_221121,34.03371,-118.270841,408
804EB_RC_221121,34.03386,-118.270728,409
804EB_RC_221121,34.033991,-118.270634,410
804EB_RC_221121,34.03424,-118.270449,411
804EB_RC_221121,34.03424,-118.270449,412
804EB_RC_221121,34.034276,-118.270428,413
804EB_RC_221121,34.034595,-118.270226,414
804EB_RC_221121,34.034872,-118.270052,415
804EB_RC_221121,34.035139,-118.269884,416
804EB_RC_221121,34.0354,-118.269718,417
804EB_RC_221121,34.035678,-118.269539,418
804EB_RC_221121,34.035939,-118.26937,419
804EB_RC_221121,34.036165,-118.269221,420
804EB_RC_221121,34.036395,-118.269075,421
804EB_RC_221121,34.036685,-118.268892,422
804EB_RC_221121,34.03691,-118.26875,423
804EB_RC_221121,34.037131,-118.268607,424
804EB_RC_221121,34.037374,-118.268452,425
804EB_RC_221121,34.037641,-118.26828,426
804EB_RC_221121,34.037841,-118.268152,427
804EB_RC_221121,34.037841,-118.268152,428
804EB_RC_221121,34.037875,-118.268133,429
804EB_RC_221121,34.037875,-118.268133,430
804EB_RC_221121,34.038114,-118.26798,431
804EB_RC_221121,34.038386,-118.267804,432
804EB_RC_221121,34.038679,-118.267621,433
804EB_RC_221121,34.03887,-118.267503,434
804EB_RC_221121,34.039106,-118.267353,435
804EB_RC_221121,34.039292,-118.267236,436
804EB_RC_221121,34.039496,-118.267107,437
804EB_RC_221121,34.039685,-118.266974,438
804EB_RC_221121,34.039886,-118.266834,439
804EB_RC_221121,34.039979,-118.266772,440
804EB_RC_221121,34.040026,-118.26673,441
804EB_RC_221121,34.040114,-118.266647,442
804EB_RC_221121,34.040336,-118.266437,443
804EB_RC_221121,34.040539,-118.266246,444
804EB_RC_221121,34.04075,-118.26605,445
804EB_RC_221121,34.040931,-118.265885,446
804EB_RC_221121,34.041076,-118.265748,447
804EB_RC_221121,34.041222,-118.265614,448
804EB_RC_221121,34.041406,-118.265444,449
804EB_RC_221121,34.041609,-118.265256,450
804EB_RC_221121,34.041876,-118.265007,451
804EB_RC_221121,34.042139,-118.264762,452
804EB_RC_221121,34.042475,-118.264444,453
804EB_RC_221121,34.042672,-118.264264,454
804EB_RC_221121,34.042672,-118.264264,455
804EB_RC_221121,34.04281,-118.264134,456
804EB_RC_221121,34.043051,-118.263912,457
804EB_RC_221121,34.043415,-118.263582,458
804EB_RC_221121,34.043838,-118.263197,459
804EB_RC_221121,34.044255,-118.262816,460
804EB_RC_221121,34.044592,-118.262511,461
804EB_RC_221121,34.045029,-118.262108,462
804EB_RC_221121,34.045392,-118.261769,463
804EB_RC_221121,34.045755,-118.261428,464
804EB_RC_221121,34.046094,-118.261108,465
804EB_RC_221121,34.04646,-118.260767,466
804EB_RC_221121,34.046862,-118.260389,467
804EB_RC_221121,34.047187,-118.260084,468
804EB_RC_221121,34.047593,-118.259701,469
804EB_RC_221121,34.04795,-118.259365,470
804EB_RC_221121,34.048234,-118.2591,471
804EB_RC_221121,34.048369,-118.258976,472
804EB_RC_221121,34.048369,-118.258976,473
804EB_RC_221121,34.048486,-118.258853,474
804EB_RC_221121,34.048526,-118.258813,475
804EB_RC_221121,34.048704,-118.258636,476
804EB_RC_221121,34.048823,-118.258524,477
804EB_RC_221121,34.048994,-118.258362,478
804EB_RC_221121,34.049405,-118.257973,479
804EB_RC_221121,34.049405,-118.257972,480
804EB_RC_221121,34.049408,-118.257969,481
804EB_RC_221121,34.051914,-118.255637,482
804EB_RC_221121,34.053874,-118.253873,483
804EB_RC_221121,34.053895,-118.253854,484
804EB_RC_221121,34.053916,-118.253834,485
804EB_RC_221121,34.053936,-118.253814,486
804EB_RC_221121,34.053957,-118.253795,487
804EB_RC_221121,34.053978,-118.253775,488
804EB_RC_221121,34.053999,-118.253754,489
804EB_RC_221121,34.054019,-118.253734,490
804EB_RC_221121,34.054039,-118.253713,491
804EB_RC_221121,34.054059,-118.253692,492
804EB_RC_221121,34.054072,-118.253678,493
804EB_RC_221121,34.054086,-118.253663,494
804EB_RC_221121,34.054157,-118.253579,495
804EB_RC_221121,34.054224,-118.253489,496
804EB_RC_221121,34.054286,-118.253394,497
804EB_RC_221121,34.054343,-118.253295,498
804EB_RC_221121,34.054395,-118.253192,499
804EB_RC_221121,34.054441,-118.253085,500
804EB_RC_221121,34.054482,-118.252975,501
804EB_RC_221121,34.054517,-118.252862,502
804EB_RC_221121,34.054545,-118.252746,503
804EB_RC_221121,34.054568,-118.252629,504
804EB_RC_221121,34.054585,-118.25251,505
804EB_RC_221121,34.054595,-118.252405,506
804EB_RC_221121,34.054698,-118.251253,507
804EB_RC_221121,34.054707,-118.251151,508
804EB_RC_221121,34.054712,-118.251025,509
804EB_RC_221121,34.05471,-118.250899,510
804EB_RC_221121,34.054701,-118.250773,511
804EB_RC_221121,34.054686,-118.250648,512
804EB_RC_221121,34.054663,-118.250525,513
804EB_RC_221121,34.054634,-118.250404,514
804EB_RC_221121,34.054599,-118.250285,515
804EB_RC_221121,34.054557,-118.250169,516
804EB_RC_221121,34.054509,-118.250057,517
804EB_RC_221121,34.054454,-118.249949,518
804EB_RC_221121,34.05443,-118.249905,519
804EB_RC_221121,34.054409,-118.24987,520
804EB_RC_221121,34.054389,-118.249835,521
804EB_RC_221121,34.054368,-118.249801,522
804EB_RC_221121,34.054346,-118.249767,523
804EB_RC_221121,34.054325,-118.249733,524
804EB_RC_221121,34.054303,-118.2497,525
804EB_RC_221121,34.054292,-118.249683,526
804EB_RC_221121,34.053677,-118.248732,527
804EB_RC_221121,34.053444,-118.248374,528
804EB_RC_221121,34.053209,-118.248018,529
804EB_RC_221121,34.052875,-118.247514,530
804EB_RC_221121,34.052622,-118.247129,531
804EB_RC_221121,34.052371,-118.246743,532
804EB_RC_221121,34.050904,-118.244472,533
804EB_RC_221121,34.050876,-118.24443,534
804EB_RC_221121,34.050849,-118.244387,535
804EB_RC_221121,34.050822,-118.244345,536
804EB_RC_221121,34.050795,-118.244303,537
804EB_RC_221121,34.050768,-118.244261,538
804EB_RC_221121,34.050736,-118.24421,539
804EB_RC_221121,34.050597,-118.243991,540
804EB_RC_221121,34.050461,-118.243769,541
804EB_RC_221121,34.050435,-118.243726,542
804EB_RC_221121,34.050409,-118.243682,543
804EB_RC_221121,34.050383,-118.243639,544
804EB_RC_221121,34.050358,-118.243596,545
804EB_RC_221121,34.050332,-118.243553,546
804EB_RC_221121,34.050301,-118.243501,547
804EB_RC_221121,34.048981,-118.241289,548
804EB_RC_221121,34.048961,-118.241255,549
804EB_RC_221121,34.048925,-118.241194,550
804EB_RC_221121,34.048904,-118.241159,551
804EB_RC_221121,34.048889,-118.241132,552
804EB_RC_221121,34.048865,-118.241088,553
804EB_RC_221121,34.048846,-118.241052,554
804EB_RC_221121,34.048827,-118.241016,555
804EB_RC_221121,34.048776,-118.240904,556
804EB_RC_221121,34.04873,-118.240788,557
804EB_RC_221121,34.048691,-118.24067,558
804EB_RC_221121,34.048658,-118.240548,559
804EB_RC_221121,34.048632,-118.240424,560
804EB_RC_221121,34.048613,-118.240299,561
804EB_RC_221121,34.0486,-118.240172,562
804EB_RC_221121,34.048594,-118.240044,563
804EB_RC_221121,34.048595,-118.239917,564
804EB_RC_221121,34.048603,-118.239789,565
804EB_RC_221121,34.048618,-118.239663,566
804EB_RC_221121,34.04863,-118.239589,567
804EB_RC_221121,34.048641,-118.239524,568
804EB_RC_221121,34.048652,-118.239468,569
804EB_RC_221121,34.048664,-118.239411,570
804EB_RC_221121,34.048909,-118.238187,571
804EB_RC_221121,34.048926,-118.238038,572
804EB_RC_221121,34.048933,-118.23797,573
804EB_RC_221121,34.048939,-118.237917,574
804EB_RC_221121,34.048942,-118.237875,575
804EB_RC_221121,34.048949,-118.237765,576
804EB_RC_221121,34.04895,-118.237655,577
804EB_RC_221121,34.048946,-118.237545,578
804EB_RC_221121,34.048936,-118.237436,579
804EB_RC_221121,34.048927,-118.237357,580
804EB_RC_221121,34.048915,-118.237273,581
804EB_RC_221121,34.048885,-118.237059,582
804EB_RC_221121,34.048874,-118.236984,583
804EB_RC_221121,34.048865,-118.236923,584
804EB_RC_221121,34.048855,-118.236848,585
804EB_RC_221121,34.048798,-118.236479,586
804EB_RC_221121,34.04878,-118.23637,587
804EB_RC_221121,34.048763,-118.236268,588
804EB_RC_221121,34.048723,-118.236027,589
804EB_RC_221121,34.048637,-118.235468,590
804EB_RC_221121,34.04856,-118.234955,591
804EB_RC_221121,34.048477,-118.234328,592
804EB_RC_221121,34.048388,-118.233581,593
804EB_RC_221121,34.048217,-118.232247,594
804EB_RC_221121,34.048113,-118.231517,595
804EB_RC_221121,34.047942,-118.23027,596
804EB_RC_221121,34.047893,-118.229915,597
804EB_RC_221121,34.047857,-118.229593,598
804EB_RC_221121,34.047842,-118.229403,599
804EB_RC_221121,34.047791,-118.228595,600
804EB_RC_221121,34.047756,-118.227992,601
804EB_RC_221121,34.047736,-118.227648,602
804EB_RC_221121,34.047728,-118.227534,603
804EB_RC_221121,34.047694,-118.227191,604
804EB_RC_221121,34.047658,-118.226856,605
804EB_RC_221121,34.047644,-118.226643,606
804EB_RC_221121,34.047563,-118.225366,607
804EB_RC_221121,34.047549,-118.225115,608
804EB_RC_221121,34.047537,-118.224952,609
804EB_RC_221121,34.047526,-118.224771,610
804EB_RC_221121,34.047506,-118.224397,611
804EB_RC_221121,34.047476,-118.223973,612
804EB_RC_221121,34.047454,-118.223624,613
804EB_RC_221121,34.047417,-118.223086,614
804EB_RC_221121,34.047397,-118.222731,615
804EB_RC_221121,34.047368,-118.222249,616
804EB_RC_221121,34.047362,-118.222139,617
804EB_RC_221121,34.047357,-118.222033,618
804EB_RC_221121,34.047354,-118.22197,619
804EB_RC_221121,34.047352,-118.221915,620
804EB_RC_221121,34.047332,-118.221251,621
804EB_RC_221121,34.04733,-118.220858,622
804EB_RC_221121,34.047314,-118.220497,623
804EB_RC_221121,34.047268,-118.21924,624
804EB_RC_221121,34.047262,-118.219095,625
804EB_RC_221121,34.047248,-118.218922,626
804EB_RC_221121,34.047242,-118.2188,627
804EB_RC_221121,34.047231,-118.218684,628
804EB_RC_221121,34.047215,-118.218531,629
804EB_RC_221121,34.047189,-118.218363,630
804EB_RC_221121,34.047141,-118.21819,631
804EB_RC_221121,34.04707,-118.217974,632
804EB_RC_221121,34.047021,-118.217838,633
804EB_RC_221121,34.046933,-118.217624,634
804EB_RC_221121,34.046797,-118.217375,635
804EB_RC_221121,34.046667,-118.217159,636
804EB_RC_221121,34.046422,-118.216786,637
804EB_RC_221121,34.046286,-118.216564,638
804EB_RC_221121,34.046187,-118.216399,639
804EB_RC_221121,34.046004,-118.216042,640
804EB_RC_221121,34.0459,-118.215811,641
804EB_RC_221121,34.0459,-118.21581,642
804EB_RC_221121,34.04507,-118.213961,643
804EB_RC_221121,34.044851,-118.213452,644
804EB_RC_221121,34.044668,-118.212968,645
804EB_RC_221121,34.044601,-118.212729,646
804EB_RC_221121,34.044551,-118.212491,647
804EB_RC_221121,34.044503,-118.212243,648
804EB_RC_221121,34.044484,-118.212123,649
804EB_RC_221121,34.044449,-118.211944,650
804EB_RC_221121,34.044402,-118.211739,651
804EB_RC_221121,34.044355,-118.211542,652
804EB_RC_221121,34.044317,-118.211402,653
804EB_RC_221121,34.044288,-118.211286,654
804EB_RC_221121,34.044236,-118.211149,655
804EB_RC_221121,34.044199,-118.211069,656
804EB_RC_221121,34.044092,-118.210838,657
804EB_RC_221121,34.043408,-118.209286,658
804EB_RC_221121,34.042743,-118.207771,659
804EB_RC_221121,34.041933,-118.205947,660
804EB_RC_221121,34.041184,-118.204249,661
804EB_RC_221121,34.040295,-118.202232,662
804EB_RC_221121,34.03954,-118.200514,663
804EB_RC_221121,34.038737,-118.198687,664
804EB_RC_221121,34.037663,-118.196126,665
804EB_RC_221121,34.037583,-118.195942,666
804EB_RC_221121,34.037474,-118.195704,667
804EB_RC_221121,34.037408,-118.195555,668
804EB_RC_221121,34.037338,-118.195395,669
804EB_RC_221121,34.037254,-118.195218,670
804EB_RC_221121,34.037081,-118.194882,671
804EB_RC_221121,34.03696,-118.194645,672
804EB_RC_221121,34.036872,-118.194463,673
804EB_RC_221121,34.036793,-118.19429,674
804EB_RC_221121,34.036625,-118.193914,675
804EB_RC_221121,34.03641,-118.193435,676
804EB_RC_221121,34.036166,-118.192889,677
804EB_RC_221121,34.036087,-118.192717,678
804EB_RC_221121,34.03604,-118.192621,679
804EB_RC_221121,34.035995,-118.192552,680
804EB_RC_221121,34.035958,-118.192507,681
804EB_RC_221121,34.03589,-118.192427,682
804EB_RC_221121,34.035825,-118.192371,683
804EB_RC_221121,34.035772,-118.192339,684
804EB_RC_221121,34.035719,-118.192318,685
804EB_RC_221121,34.035636,-118.192304,686
804EB_RC_221121,34.035539,-118.192289,687
804EB_RC_221121,34.035413,-118.192275,688
804EB_RC_221121,34.035252,-118.192256,689
804EB_RC_221121,34.035053,-118.192233,690
804EB_RC_221121,34.034949,-118.192224,691
804EB_RC_221121,34.034731,-118.192218,692
804EB_RC_221121,34.034462,-118.192214,693
804EB_RC_221121,34.033926,-118.192211,694
804EB_RC_221121,34.033598,-118.192209,695
804EB_RC_221121,34.03353,-118.192192,696
804EB_RC_221121,34.033481,-118.192168,697
804EB_RC_221121,34.033416,-118.192127,698
804EB_RC_221121,34.033365,-118.192082,699
804EB_RC_221121,34.033332,-118.192047,700
804EB_RC_221121,34.033303,-118.192012,701
804EB_RC_221121,34.033283,-118.191974,702
804EB_RC_221121,34.033263,-118.191917,703
804EB_RC_221121,34.033248,-118.191853,704
804EB_RC_221121,34.033236,-118.191766,705
804EB_RC_221121,34.033231,-118.191679,706
804EB_RC_221121,34.033263,-118.190499,707
804EB_RC_221121,34.033271,-118.190009,708
804EB_RC_221121,34.033273,-118.189423,709
804EB_RC_221121,34.033275,-118.18881,710
804EB_RC_221121,34.033281,-118.187814,711
804EB_RC_221121,34.033282,-118.187124,712
804EB_RC_221121,34.033284,-118.186444,713
804EB_RC_221121,34.033291,-118.185492,714
804EB_RC_221121,34.033292,-118.184838,715
804EB_RC_221121,34.033296,-118.184244,716
804EB_RC_221121,34.033301,-118.183615,717
804EB_RC_221121,34.033302,-118.182917,718
804EB_RC_221121,34.033303,-118.182335,719
804EB_RC_221121,34.033305,-118.181914,720
804EB_RC_221121,34.033308,-118.181424,721
804EB_RC_221121,34.033314,-118.180155,722
804EB_RC_221121,34.033332,-118.178154,723
804EB_RC_221121,34.03334,-118.176496,724
804EB_RC_221121,34.033347,-118.175275,725
804EB_RC_221121,34.033349,-118.174845,726
804EB_RC_221121,34.03335,-118.174578,727
804EB_RC_221121,34.033344,-118.17426,728
804EB_RC_221121,34.033334,-118.174006,729
804EB_RC_221121,34.033324,-118.1738,730
804EB_RC_221121,34.033309,-118.173541,731
804EB_RC_221121,34.033292,-118.173243,732
804EB_RC_221121,34.033276,-118.172921,733
804EB_RC_221121,34.033267,-118.17268,734
804EB_RC_221121,34.033263,-118.172498,735
804EB_RC_221121,34.03326,-118.172248,736
804EB_RC_221121,34.033259,-118.172088,737
804EB_RC_221121,34.033257,-118.171945,738
804EB_RC_221121,34.03326,-118.171552,739
804EB_RC_221121,34.033263,-118.171163,740
804EB_RC_221121,34.033265,-118.170958,741
804EB_RC_221121,34.033265,-118.170588,742
804EB_RC_221121,34.033266,-118.170456,743
804EB_RC_221121,34.033268,-118.170177,744
804EB_RC_221121,34.033268,-118.169979,745
804EB_RC_221121,34.033271,-118.169624,746
804EB_RC_221121,34.033265,-118.169109,747
804EB_RC_221121,34.033262,-118.168954,748
804EB_RC_221121,34.033263,-118.168304,749
804EB_RC_221121,34.033267,-118.167846,750
804EB_RC_221121,34.03327,-118.16711,751
804EB_RC_221121,34.033271,-118.166963,752
804EB_RC_221121,34.033277,-118.166698,753
804EB_RC_221121,34.033286,-118.166384,754
804EB_RC_221121,34.033289,-118.166224,755
804EB_RC_221121,34.033294,-118.165649,756
804EB_RC_221121,34.033297,-118.165173,757
804EB_RC_221121,34.033298,-118.164791,758
804EB_RC_221121,34.033302,-118.164559,759
804EB_RC_221121,34.033307,-118.164123,760
804EB_RC_221121,34.033312,-118.163607,761
804EB_RC_221121,34.033319,-118.163162,762
804EB_RC_221121,34.033321,-118.162595,763
804EB_RC_221121,34.033318,-118.162162,764
804EB_RC_221121,34.033318,-118.161733,765
804EB_RC_221121,34.033323,-118.161153,766
804EB_RC_221121,34.033328,-118.160863,767
804EB_RC_221121,34.033337,-118.160363,768
804EB_RC_221121,34.03334,-118.160182,769
804EB_RC_221121,34.033352,-118.159951,770
804EB_RC_221121,34.033358,-118.159818,771
804EB_RC_221121,34.033362,-118.159709,772
804EB_RC_221121,34.033369,-118.159563,773
804EB_RC_221121,34.033371,-118.159459,774
804EB_RC_221121,34.033376,-118.158603,775
804EB_RC_221121,34.03338,-118.157706,776
804EB_RC_221121,34.033389,-118.15616,777
804EB_RC_221121,34.033389,-118.155921,778
804EB_RC_221121,34.033389,-118.155737,779
804EB_RC_221121,34.033379,-118.155454,780
804EB_RC_221121,34.033373,-118.155239,781
804EB_RC_221121,34.033368,-118.154894,782
804EB_RC_221121,34.033358,-118.154321,783
804EB_RC_221121,34.033349,-118.153944,784
804EB_RC_221121,34.033352,-118.153786,785
804EB_RC_221121,34.033355,-118.1537,786
804EB_RC_221121,34.033354,-118.153589,787
804EB_RC_221121,34.033351,-118.153412,788
804EB_RC_221121,34.033348,-118.153308,789
804EB_RC_221121,34.033343,-118.153067,790
803NB_241015,33.914083,-118.104309,1
803NB_241015,33.914076,-118.104368,2
803NB_241015,33.914053,-118.104555,3
803NB_241015,33.914037,-118.104688,4
803NB_241015,33.914008,-118.104928,5
803NB_241015,33.91396,-118.105319,6
803NB_241015,33.913928,-118.105535,7
803NB_241015,33.913883,-118.106073,8
803NB_241015,33.913866,-118.106824,9
803NB_241015,33.913894,-118.108658,10
803NB_241015,33.913893,-118.109165,11
803NB_241015,33.91389,-118.110656,12
803NB_241015,33.913884,-118.113712,13
803NB_241015,33.913884,-118.113712,14
803NB_241015,33.913884,-118.113712,15
803NB_241015,33.913884,-118.113712,16
803NB_241015,33.913881,-118.113734,17
803NB_241015,33.913831,-118.113979,18
803NB_241015,33.913835,-118.114432,19
803NB_241015,33.913835,-118.114778,20
803NB_241015,33.913838,-118.115498,21
803NB_241015,33.913777,-118.116586,22
803NB_241015,33.91377,-118.116663,23
803NB_241015,33.913713,-118.117748,24
803NB_241015,33.913666,-118.118636,25
803NB_241015,33.913664,-118.118669,26
803NB_241015,33.913551,-118.119939,27
803NB_241015,33.913507,-118.120495,28
803NB_241015,33.913449,-118.121022,29
803NB_241015,33.913433,-118.12116,30
803NB_241015,33.913396,-118.12173,31
803NB_241015,33.913361,-118.122256,32
803NB_241015,33.913316,-118.122936,33
803NB_241015,33.913262,-118.123986,34
803NB_241015,33.91322,-118.125096,35
803NB_241015,33.913208,-118.125378,36
803NB_241015,33.913209,-118.12543,37
803NB_241015,33.913178,-118.126424,38
803NB_241015,33.913175,-118.126636,39
803NB_241015,33.913158,-118.127719,40
803NB_241015,33.913143,-118.128721,41
803NB_241015,33.913133,-118.129376,42
803NB_241015,33.913127,-118.129734,43
803NB_241015,33.913123,-118.130022,44
803NB_241015,33.913116,-118.13172,45
803NB_241015,33.913114,-118.131953,46
803NB_241015,33.913112,-118.132647,47
803NB_241015,33.913106,-118.134093,48
803NB_241015,33.913105,-118.135114,49
803NB_241015,33.913104,-118.135608,50
803NB_241015,33.913096,-118.136157,51
803NB_241015,33.913088,-118.137589,52
803NB_241015,33.913087,-118.137806,53
803NB_241015,33.913083,-118.138909,54
803NB_241015,33.91308,-118.139251,55
803NB_241015,33.913069,-118.140726,56
803NB_241015,33.913073,-118.140847,57
803NB_241015,33.913072,-118.141204,58
803NB_241015,33.913079,-118.142541,59
803NB_241015,33.913082,-118.142972,60
803NB_241015,33.913081,-118.143017,61
803NB_241015,33.913068,-118.143691,62
803NB_241015,33.913055,-118.144356,63
803NB_241015,33.913048,-118.144695,64
803NB_241015,33.913039,-118.145162,65
803NB_241015,33.91302,-118.145963,66
803NB_241015,33.913014,-118.146204,67
803NB_241015,33.913003,-118.146449,68
803NB_241015,33.912984,-118.146862,69
803NB_241015,33.912973,-118.147091,70
803NB_241015,33.912969,-118.147194,71
803NB_241015,33.912958,-118.147268,72
803NB_241015,33.912944,-118.147718,73
803NB_241015,33.912933,-118.147997,74
803NB_241015,33.91292,-118.14833,75
803NB_241015,33.912863,-118.149273,76
803NB_241015,33.912853,-118.149437,77
803NB_241015,33.912801,-118.149946,78
803NB_241015,33.912798,-118.149982,79
803NB_241015,33.912758,-118.150384,80
803NB_241015,33.91268,-118.151291,81
803NB_241015,33.912658,-118.151554,82
803NB_241015,33.912608,-118.152357,83
803NB_241015,33.9126,-118.152414,84
803NB_241015,33.912527,-118.153531,85
803NB_241015,33.912498,-118.153828,86
803NB_241015,33.912394,-118.154888,87
803NB_241015,33.912329,-118.155563,88
803NB_241015,33.912303,-118.155826,89
803NB_241015,33.912234,-118.156655,90
803NB_241015,33.912181,-118.157272,91
803NB_241015,33.912156,-118.157531,92
803NB_241015,33.912069,-118.158425,93
803NB_241015,33.912059,-118.15853,94
803NB_241015,33.912017,-118.158953,95
803NB_241015,33.912007,-118.159058,96
803NB_241015,33.911938,-118.159876,97
803NB_241015,33.911933,-118.159963,98
803NB_241015,33.911846,-118.160971,99
803NB_241015,33.911772,-118.161827,100
803NB_241015,33.911742,-118.162133,101
803NB_241015,33.9117,-118.162549,102
803NB_241015,33.911602,-118.163533,103
803NB_241015,33.911502,-118.164547,104
803NB_241015,33.911432,-118.165247,105
803NB_241015,33.911396,-118.165618,106
803NB_241015,33.911335,-118.166155,107
803NB_241015,33.911261,-118.166808,108
803NB_241015,33.911236,-118.167079,109
803NB_241015,33.911196,-118.167503,110
803NB_241015,33.911154,-118.167961,111
803NB_241015,33.911141,-118.168106,112
803NB_241015,33.911114,-118.168843,113
803NB_241015,33.911109,-118.16896,114
803NB_241015,33.911101,-118.169181,115
803NB_241015,33.911059,-118.170462,116
803NB_241015,33.911094,-118.171621,117
803NB_241015,33.911156,-118.173621,118
803NB_241015,33.911236,-118.174468,119
803NB_241015,33.91133,-118.175023,120
803NB_241015,33.911383,-118.175333,121
803NB_241015,33.911565,-118.176069,122
803NB_241015,33.911624,-118.176285,123
803NB_241015,33.911759,-118.176781,124
803NB_241015,33.911759,-118.176781,125
803NB_241015,33.911759,-118.176781,126
803NB_241015,33.911759,-118.176782,127
803NB_241015,33.912272,-118.178364,128
803NB_241015,33.912564,-118.179264,129
803NB_241015,33.912639,-118.179493,130
803NB_241015,33.91267,-118.179592,131
803NB_241015,33.912676,-118.179611,132
803NB_241015,33.912735,-118.179789,133
803NB_241015,33.912776,-118.179916,134
803NB_241015,33.912848,-118.18014,135
803NB_241015,33.912934,-118.180411,136
803NB_241015,33.912973,-118.180531,137
803NB_241015,33.913302,-118.18156,138
803NB_241015,33.913433,-118.181922,139
803NB_241015,33.913662,-118.182554,140
803NB_241015,33.913964,-118.183387,141
803NB_241015,33.914102,-118.183787,142
803NB_241015,33.914312,-118.184396,143
803NB_241015,33.914432,-118.184747,144
803NB_241015,33.914907,-118.186149,145
803NB_241015,33.915299,-118.187308,146
803NB_241015,33.915657,-118.188373,147
803NB_241015,33.91589,-118.189068,148
803NB_241015,33.916036,-118.189479,149
803NB_241015,33.916085,-118.189617,150
803NB_241015,33.916342,-118.190343,151
803NB_241015,33.916393,-118.190487,152
803NB_241015,33.916525,-118.19087,153
803NB_241015,33.916755,-118.191429,154
803NB_241015,33.917147,-118.192383,155
803NB_241015,33.917311,-118.19278,156
803NB_241015,33.917338,-118.192838,157
803NB_241015,33.917559,-118.193318,158
803NB_241015,33.917819,-118.193883,159
803NB_241015,33.918009,-118.194295,160
803NB_241015,33.918071,-118.194443,161
803NB_241015,33.918709,-118.195929,162
803NB_241015,33.919026,-118.1966,163
803NB_241015,33.919249,-118.197073,164
803NB_241015,33.9195,-118.197647,165
803NB_241015,33.91981,-118.198354,166
803NB_241015,33.919891,-118.198536,167
803NB_241015,33.920886,-118.200803,168
803NB_241015,33.92147,-118.202155,169
803NB_241015,33.921485,-118.202176,170
803NB_241015,33.921976,-118.2033,171
803NB_241015,33.922385,-118.204238,172
803NB_241015,33.922554,-118.204621,173
803NB_241015,33.923203,-118.206093,174
803NB_241015,33.923431,-118.206634,175
803NB_241015,33.924028,-118.20805,176
803NB_241015,33.924778,-118.209717,177
803NB_241015,33.925548,-118.211442,178
803NB_241015,33.926232,-118.212966,179
803NB_241015,33.926535,-118.213638,180
803NB_241015,33.927933,-118.216844,181
803NB_241015,33.927996,-118.216987,182
803NB_241015,33.928075,-118.217166,183
803NB_241015,33.928808,-118.21884,184
803NB_241015,33.928984,-118.21932,185
803NB_241015,33.929134,-118.219811,186
803NB_241015,33.92927,-118.220367,187
803NB_241015,33.929418,-118.221019,188
803NB_241015,33.92957,-118.221998,189
803NB_241015,33.929616,-118.222396,190
803NB_241015,33.929675,-118.223225,191
803NB_241015,33.92966,-118.223685,192
803NB_241015,33.929657,-118.224481,193
803NB_241015,33.929612,-118.225076,194
803NB_241015,33.929601,-118.22523,195
803NB_241015,33.929591,-118.225371,196
803NB_241015,33.92955,-118.225631,197
803NB_241015,33.92953,-118.225672,198
803NB_241015,33.929342,-118.226472,199
803NB_241015,33.929292,-118.226687,200
803NB_241015,33.929139,-118.227349,201
803NB_241015,33.928942,-118.22812,202
803NB_241015,33.92848,-118.229904,203
803NB_241015,33.928448,-118.230047,204
803NB_241015,33.928429,-118.230134,205
803NB_241015,33.928406,-118.230219,206
803NB_241015,33.928398,-118.230252,207
803NB_241015,33.92833,-118.230541,208
803NB_241015,33.928249,-118.230934,209
803NB_241015,33.928221,-118.231095,210
803NB_241015,33.92818,-118.23133,211
803NB_241015,33.928123,-118.231729,212
803NB_241015,33.928076,-118.232132,213
803NB_241015,33.928043,-118.232533,214
803NB_241015,33.928038,-118.232628,215
803NB_241015,33.92802,-118.232939,216
803NB_241015,33.928009,-118.233343,217
803NB_241015,33.92801,-118.233748,218
803NB_241015,33.928023,-118.234153,219
803NB_241015,33.92804,-118.234432,220
803NB_241015,33.928102,-118.235464,221
803NB_241015,33.928138,-118.236075,222
803NB_241015,33.928149,-118.236246,223
803NB_241015,33.928159,-118.236418,224
803NB_241015,33.928208,-118.23723,225
803NB_241015,33.928231,-118.237604,226
803NB_241015,33.928277,-118.238368,227
803NB_241015,33.928314,-118.238979,228
803NB_241015,33.928695,-118.245253,229
803NB_241015,33.928752,-118.24622,230
803NB_241015,33.92876,-118.246365,231
803NB_241015,33.928773,-118.246709,232
803NB_241015,33.928781,-118.247054,233
803NB_241015,33.928783,-118.24774,234
803NB_241015,33.928776,-118.248086,235
803NB_241015,33.928767,-118.248309,236
803NB_241015,33.928748,-118.248772,237
803NB_241015,33.928725,-118.249116,238
803NB_241015,33.928711,-118.249297,239
803NB_241015,33.928708,-118.249337,240
803NB_241015,33.928701,-118.249425,241
803NB_241015,33.928699,-118.249459,242
803NB_241015,33.928631,-118.250142,243
803NB_241015,33.928566,-118.250654,244
803NB_241015,33.928387,-118.252004,245
803NB_241015,33.928237,-118.252975,246
803NB_241015,33.928256,-118.252993,247
803NB_241015,33.928123,-118.253836,248
803NB_241015,33.928066,-118.254298,249
803NB_241015,33.927971,-118.254983,250
803NB_241015,33.927776,-118.256477,251
803NB_241015,33.927638,-118.257586,252
803NB_241015,33.927557,-118.258281,253
803NB_241015,33.927504,-118.258961,254
803NB_241015,33.927481,-118.259314,255
803NB_241015,33.927476,-118.259656,256
803NB_241015,33.927457,-118.259994,257
803NB_241015,33.927457,-118.260118,258
803NB_241015,33.927457,-118.260551,259
803NB_241015,33.927466,-118.26215,260
803NB_241015,33.927464,-118.265175,261
803NB_241015,33.927471,-118.266423,262
803NB_241015,33.927443,-118.26925,263
803NB_241015,33.927447,-118.269536,264
803NB_241015,33.927447,-118.269645,265
803NB_241015,33.927471,-118.27004,266
803NB_241015,33.927509,-118.270564,267
803NB_241015,33.927528,-118.270811,268
803NB_241015,33.927576,-118.27133,269
803NB_241015,33.927652,-118.271863,270
803NB_241015,33.927733,-118.272358,271
803NB_241015,33.927814,-118.272786,272
803NB_241015,33.927828,-118.272853,273
803NB_241015,33.928042,-118.273866,274
803NB_241015,33.928194,-118.274623,275
803NB_241015,33.928382,-118.27554,276
803NB_241015,33.928423,-118.275781,277
803NB_241015,33.928525,-118.276349,278
803NB_241015,33.928575,-118.27668,279
803NB_241015,33.928616,-118.276939,280
803NB_241015,33.928651,-118.277258,281
803NB_241015,33.928675,-118.277513,282
803NB_241015,33.928713,-118.277996,283
803NB_241015,33.928716,-118.278162,284
803NB_241015,33.928718,-118.279019,285
803NB_241015,33.92872,-118.279488,286
803NB_241015,33.928716,-118.279616,287
803NB_241015,33.928718,-118.279978,288
803NB_241015,33.928718,-118.280085,289
803NB_241015,33.928718,-118.280209,290
803NB_241015,33.92872,-118.280394,291
803NB_241015,33.928725,-118.280673,292
803NB_241015,33.928713,-118.281146,293
803NB_241015,33.928711,-118.281251,294
803NB_241015,33.928716,-118.281389,295
803NB_241015,33.928706,-118.2826,296
803NB_241015,33.928711,-118.282702,297
803NB_241015,33.928694,-118.284411,298
803NB_241015,33.928689,-118.286538,299
803NB_241015,33.928685,-118.286959,300
803NB_241015,33.928689,-118.287411,301
803NB_241015,33.928687,-118.287552,302
803NB_241015,33.928687,-118.289667,303
803NB_241015,33.928687,-118.2903,304
803NB_241015,33.928692,-118.291537,305
803NB_241015,33.928685,-118.291666,306
803NB_241015,33.928678,-118.291964,307
803NB_241015,33.92868,-118.29283,308
803NB_241015,33.928677,-118.292982,309
803NB_241015,33.928669,-118.293128,310
803NB_241015,33.928631,-118.293813,311
803NB_241015,33.928588,-118.29442,312
803NB_241015,33.928538,-118.294973,313
803NB_241015,33.928535,-118.295003,314
803NB_241015,33.928444,-118.295689,315
803NB_241015,33.928402,-118.295908,316
803NB_241015,33.928318,-118.296407,317
803NB_241015,33.928275,-118.296688,318
803NB_241015,33.928128,-118.297435,319
803NB_241015,33.92779,-118.29892,320
803NB_241015,33.927585,-118.299814,321
803NB_241015,33.927481,-118.3003,322
803NB_241015,33.927428,-118.300538,323
803NB_241015,33.927119,-118.301875,324
803NB_241015,33.926643,-118.304097,325
803NB_241015,33.926162,-118.306206,326
803NB_241015,33.926134,-118.306339,327
803NB_241015,33.925963,-118.3071,328
803NB_241015,33.925661,-118.308848,329
803NB_241015,33.925648,-118.308989,330
803NB_241015,33.925634,-118.309076,331
803NB_241015,33.925577,-118.309532,332
803NB_241015,33.925529,-118.309994,333
803NB_241015,33.925458,-118.310945,334
803NB_241015,33.92543,-118.311474,335
803NB_241015,33.925396,-118.312226,336
803NB_241015,33.925401,-118.312506,337
803NB_241015,33.925401,-118.313406,338
803NB_241015,33.925411,-118.314034,339
803NB_241015,33.925415,-118.31491,340
803NB_241015,33.925439,-118.316366,341
803NB_241015,33.925434,-118.316613,342
803NB_241015,33.925449,-118.31727,343
803NB_241015,33.925449,-118.317755,344
803NB_241015,33.925464,-118.31857,345
803NB_241015,33.925469,-118.320078,346
803NB_241015,33.925463,-118.32045,347
803NB_241015,33.925459,-118.321433,348
803NB_241015,33.925346,-118.324264,349
803NB_241015,33.925282,-118.325137,350
803NB_241015,33.925234,-118.325822,351
803NB_241015,33.92523,-118.325903,352
803NB_241015,33.925201,-118.326431,353
803NB_241015,33.925201,-118.326564,354
803NB_241015,33.925192,-118.326712,355
803NB_241015,33.92518,-118.326951,356
803NB_241015,33.925154,-118.327278,357
803NB_241015,33.925101,-118.32812,358
803NB_241015,33.925059,-118.329229,359
803NB_241015,33.92505,-118.329347,360
803NB_241015,33.924973,-118.33069,361
803NB_241015,33.924878,-118.332028,362
803NB_241015,33.924849,-118.33296,363
803NB_241015,33.924863,-118.333736,364
803NB_241015,33.924958,-118.334726,365
803NB_241015,33.924973,-118.334826,366
803NB_241015,33.925025,-118.335111,367
803NB_241015,33.925125,-118.335592,368
803NB_241015,33.925263,-118.336153,369
803NB_241015,33.925506,-118.33694,370
803NB_241015,33.925506,-118.33694,371
803NB_241015,33.925634,-118.337274,372
803NB_241015,33.925914,-118.337914,373
803NB_241015,33.926039,-118.338174,374
803NB_241015,33.926453,-118.338926,375
803NB_241015,33.926872,-118.339559,376
803NB_241015,33.926967,-118.339677,377
803NB_241015,33.928076,-118.341224,378
803NB_241015,33.928642,-118.341995,379
803NB_241015,33.929912,-118.34377,380
803NB_241015,33.930603,-118.344784,381
803NB_241015,33.93066,-118.344869,382
803NB_241015,33.931085,-118.34554,383
803NB_241015,33.931316,-118.345978,384
803NB_241015,33.931402,-118.346145,385
803NB_241015,33.93173,-118.346764,386
803NB_241015,33.931935,-118.347154,387
803NB_241015,33.932021,-118.347349,388
803NB_241015,33.932354,-118.348115,389
803NB_241015,33.932382,-118.348182,390
803NB_241015,33.932463,-118.348415,391
803NB_241015,33.932682,-118.348972,392
803NB_241015,33.932792,-118.34931,393
803NB_241015,33.933096,-118.350261,394
803NB_241015,33.93312,-118.350352,395
803NB_241015,33.933268,-118.350928,396
803NB_241015,33.933364,-118.351353,397
803NB_241015,33.933556,-118.352442,398
803NB_241015,33.933581,-118.352618,399
803NB_241015,33.933585,-118.352706,400
803NB_241015,33.933653,-118.353702,401
803NB_241015,33.933653,-118.353888,402
803NB_241015,33.933625,-118.354568,403
803NB_241015,33.933615,-118.354839,404
803NB_241015,33.933572,-118.355296,405
803NB_241015,33.933505,-118.355791,406
803NB_241015,33.933439,-118.356162,407
803NB_241015,33.933282,-118.356848,408
803NB_241015,33.933217,-118.35709,409
803NB_241015,33.932925,-118.358053,410
803NB_241015,33.932724,-118.35872,411
803NB_241015,33.932698,-118.358804,412
803NB_241015,33.932637,-118.359002,413
803NB_241015,33.932637,-118.359005,414
803NB_241015,33.932306,-118.360079,415
803NB_241015,33.931946,-118.361301,416
803NB_241015,33.931935,-118.361326,417
803NB_241015,33.931862,-118.361588,418
803NB_241015,33.931779,-118.36186,419
803NB_241015,33.931402,-118.363063,420
803NB_241015,33.931055,-118.364234,421
803NB_241015,33.931026,-118.364319,422
803NB_241015,33.930974,-118.364467,423
803NB_241015,33.930869,-118.364824,424
803NB_241015,33.930607,-118.36568,425
803NB_241015,33.930593,-118.365742,426
803NB_241015,33.930426,-118.366308,427
803NB_241015,33.930379,-118.36647,428
803NB_241015,33.930331,-118.366622,429
803NB_241015,33.930236,-118.367032,430
803NB_241015,33.930155,-118.367474,431
803NB_241015,33.930127,-118.367617,432
803NB_241015,33.930112,-118.367712,433
803NB_241015,33.930074,-118.368017,434
803NB_241015,33.93007,-118.368169,435
803NB_241015,33.930055,-118.36826,436
803NB_241015,33.930041,-118.368369,437
803NB_241015,33.930031,-118.368512,438
803NB_241015,33.930027,-118.368583,439
803NB_241015,33.930012,-118.368678,440
803NB_241015,33.930003,-118.368778,441
803NB_241015,33.929985,-118.369253,442
803NB_241015,33.929979,-118.370006,443
803NB_241015,33.929986,-118.371004,444
803NB_241015,33.929962,-118.374112,445
803NB_241015,33.929951,-118.374384,446
803NB_241015,33.929727,-118.37536,447
803NB_241015,33.92969137,-118.3760301,448
803NB_241015,33.92968661,-118.376506,449
803NB_241015,33.92971992,-118.3775387,450
803NB_241015,33.92971938,-118.3779707,451
803NB_241015,33.92981118,-118.3782868,452
803NB_241015,33.93000179,-118.3785543,453
803NB_241015,33.93027997,-118.3787271,454
803NB_241015,33.93060705,-118.3787583,455
803NB_241015,33.9309375,-118.3787504,456
803NB_241015,33.93179538,-118.3787294,457
803NB_241015,33.93212585,-118.3787222,458
803NB_241015,33.93245629,-118.3787137,459
803NB_241015,33.93278676,-118.3787065,460
803NB_241015,33.93311726,-118.378701,461
803NB_241015,33.93344776,-118.3786955,462
803NB_241015,33.93377826,-118.3786899,463
803NB_241015,33.93410876,-118.3786844,464
803NB_241015,33.93466483,-118.3786769,465
803NB_241015,33.93504993,-118.3786727,466
803NB_241015,33.93538046,-118.3786691,467
803NB_241015,33.93571099,-118.3786656,468
803NB_241015,33.93613104,-118.3786617,469
803NB_241015,33.93646157,-118.3786589,470
803NB_241015,33.93679211,-118.378656,471
803NB_241015,33.93740845,-118.3786527,472
803NB_241015,33.93773899,-118.3786519,473
803NB_241015,33.93837472,-118.3786572,474
803NB_241015,33.93877655,-118.3786596,475
803NB_241015,33.93910709,-118.3786611,476
803NB_241015,33.93960534,-118.378664,477
803NB_241015,33.93993588,-118.3786663,478
803NB_241015,33.94026642,-118.3786685,479
803NB_241015,33.94059696,-118.3786708,480
803NB_241015,33.94097484,-118.3786731,481
803NB_241015,33.94130538,-118.3786751,482
803NB_241015,33.94163593,-118.3786772,483
803NB_241015,33.94250844,-118.3786822,484
803NB_241015,33.94283898,-118.3786844,485
803NB_241015,33.94319155,-118.3786851,486
803NB_241015,33.94358323,-118.3786821,487
803NB_241015,33.94391377,-118.3786789,488
803NB_241015,33.94424428,-118.3786741,489
803NB_241015,33.94457477,-118.378668,490
803NB_241015,33.94490529,-118.3786644,491
803NB_241015,33.94531645,-118.3786633,492
803NB_241015,33.945647,-118.3786632,493
803NB_241015,33.94597754,-118.3786631,494
803NB_241015,33.94630809,-118.378664,495
803NB_241015,33.94663864,-118.3786648,496
803NB_241015,33.94696919,-118.3786656,497
803NB_241015,33.94729973,-118.3786665,498
803NB_241015,33.94776454,-118.3786642,499
803NB_241015,33.94809504,-118.3786586,500
803NB_241015,33.94842552,-118.3786519,501
803NB_241015,33.94906862,-118.3786417,502
803NB_241015,33.94939917,-118.3786409,503
803NB_241015,33.94972972,-118.3786401,504
803NB_241015,33.95006026,-118.3786401,505
807SB_241015,34.0222312,-118.3348942,1
807SB_241015,34.02190074,-118.3348987,2
807SB_241015,34.02157052,-118.3349135,3
807SB_241015,34.0212403,-118.3349283,4
807SB_241015,34.02091009,-118.3349431,5
807SB_241015,34.02057987,-118.3349579,6
807SB_241015,34.02024965,-118.3349727,7
807SB_241015,34.01991943,-118.3349874,8
807SB_241015,34.01958922,-118.3350022,9
807SB_241015,34.019259,-118.335017,10
807SB_241015,34.01892878,-118.3350318,11
807SB_241015,34.01859857,-118.3350466,12
807SB_241015,34.01826835,-118.3350614,13
807SB_241015,34.01793813,-118.3350761,14
807SB_241015,34.01760791,-118.3350909,15
807SB_241015,34.0172777,-118.3351057,16
807SB_241015,34.01694748,-118.3351205,17
807SB_241015,34.01661726,-118.3351353,18
807SB_241015,34.01628705,-118.3351501,19
807SB_241015,34.01595683,-118.3351648,20
807SB_241015,34.01562661,-118.3351796,21
807SB_241015,34.01529639,-118.3351944,22
807SB_241015,34.01496618,-118.3352092,23
807SB_241015,34.01463596,-118.335224,24
807SB_241015,34.01430574,-118.3352388,25
807SB_241015,34.01397553,-118.3352535,26
807SB_241015,34.01364531,-118.3352683,27
807SB_241015,34.01331509,-118.3352831,28
807SB_241015,34.01298488,-118.3352979,29
807SB_241015,34.01265466,-118.3353127,30
807SB_241015,34.01232444,-118.3353275,31
807SB_241015,34.01199422,-118.3353422,32
807SB_241015,34.01166401,-118.335357,33
807SB_241015,34.01133379,-118.3353718,34
807SB_241015,34.01100357,-118.3353866,35
807SB_241015,34.01067336,-118.3354014,36
807SB_241015,34.01034314,-118.3354162,37
807SB_241015,34.01001272,-118.3354132,38
807SB_241015,34.00968225,-118.335406,39
807SB_241015,34.00935178,-118.3353988,40
807SB_241015,34.00902131,-118.3353916,41
807SB_241015,34.00869244,-118.3353648,42
807SB_241015,34.00836517,-118.3353183,43
807SB_241015,34.00804122,-118.3352559,44
807SB_241015,34.00772242,-118.3351685,45
807SB_241015,34.00742028,-118.3350403,46
807SB_241015,34.00713122,-118.33488,47
807SB_241015,34.00684579,-118.3347142,48
807SB_241015,34.00658676,-118.3345088,49
807SB_241015,34.00632773,-118.3343035,50
807SB_241015,34.0060687,-118.3340982,51
807SB_241015,34.00582111,-118.3338798,52
807SB_241015,34.00558398,-118.3336495,53
807SB_241015,34.00534684,-118.3334192,54
807SB_241015,34.00510971,-118.3331889,55
807SB_241015,34.00487258,-118.3329587,56
807SB_241015,34.00463545,-118.3327284,57
807SB_241015,34.00438355,-118.3325145,58
807SB_241015,34.0041297,-118.3323028,59
807SB_241015,34.00388598,-118.3320795,60
807SB_241015,34.00363217,-118.3318697,61
807SB_241015,34.00334927,-118.3316987,62
807SB_241015,34.00306637,-118.3315278,63
807SB_241015,34.00277992,-118.3313635,64
807SB_241015,34.00247985,-118.3312248,65
807SB_241015,34.00217743,-118.3310918,66
807SB_241015,34.0019851,-118.3310188,67
807SB_241015,34.00166791,-118.3309258,68
807SB_241015,34.00144,-118.330876,69
807SB_241015,34.00111206,-118.3308353,70
807SB_241015,34.00078202,-118.3308208,71
807SB_241015,34.00045149,-118.3308203,72
807SB_241015,34.000402,-118.3308205,73
807SB_241015,34.00007147,-118.3308168,74
807SB_241015,33.99974093,-118.3308171,75
807SB_241015,33.99941038,-118.330818,76
807SB_241015,33.99907984,-118.3308188,77
807SB_241015,33.99874929,-118.3308197,78
807SB_241015,33.99841874,-118.3308206,79
807SB_241015,33.9980882,-118.3308215,80
807SB_241015,33.99775765,-118.3308224,81
807SB_241015,33.9974271,-118.3308238,82
807SB_241015,33.99709656,-118.3308253,83
807SB_241015,33.99676602,-118.3308268,84
807SB_241015,33.99643547,-118.3308283,85
807SB_241015,33.99610493,-118.3308298,86
807SB_241015,33.99577438,-118.3308313,87
807SB_241015,33.99544384,-118.3308328,88
807SB_241015,33.99511329,-118.3308343,89
807SB_241015,33.99478275,-118.3308358,90
807SB_241015,33.9944522,-118.3308371,91
807SB_241015,33.99412166,-118.3308385,92
807SB_241015,33.99379111,-118.3308398,93
807SB_241015,33.99346057,-118.3308411,94
807SB_241015,33.99313002,-118.3308425,95
807SB_241015,33.99279948,-118.3308444,96
807SB_241015,33.99246894,-118.3308463,97
807SB_241015,33.9921384,-118.3308482,98
807SB_241015,33.99180785,-118.3308501,99
807SB_241015,33.99147731,-118.330852,100
807SB_241015,33.99114677,-118.330854,101
807SB_241015,33.99081623,-118.3308562,102
807SB_241015,33.99048571,-118.3308608,103
807SB_241015,33.9901552,-118.3308654,104
807SB_241015,33.98982468,-118.33087,105
807SB_241015,33.98949417,-118.3308746,106
807SB_241015,33.98916365,-118.3308788,107
807SB_241015,33.9888331,-118.3308804,108
807SB_241015,33.98850256,-118.3308815,109
807SB_241015,33.9883591,-118.330882,110
807SB_241015,33.98802857,-118.3308853,111
807SB_241015,33.98769804,-118.3308885,112
807SB_241015,33.9873675,-118.3308918,113
807SB_241015,33.98703697,-118.3308951,114
807SB_241015,33.9870051,-118.3308954,115
807SB_241015,33.98667457,-118.3308922,116
807SB_241015,33.98634404,-118.330889,117
807SB_241015,33.9860135,-118.3308858,118
807SB_241015,33.98568297,-118.3308826,119
807SB_241015,33.985595,-118.3308818,120
807SB_241015,33.98526445,-118.3308829,121
807SB_241015,33.98493391,-118.3308841,122
807SB_241015,33.98460336,-118.3308852,123
807SB_241015,33.98427282,-118.3308864,124
807SB_241015,33.98394227,-118.3308875,125
807SB_241015,33.98361172,-118.3308886,126
807SB_241015,33.98328118,-118.3308898,127
807SB_241015,33.98295063,-118.3308909,128
807SB_241015,33.98262009,-118.3308921,129
807SB_241015,33.98228954,-118.3308932,130
807SB_241015,33.98195899,-118.3308943,131
807SB_241015,33.98162845,-118.3308955,132
807SB_241015,33.9812979,-118.3308966,133
807SB_241015,33.98096736,-118.3308978,134
807SB_241015,33.98063681,-118.3308989,135
807SB_241015,33.98030627,-118.3309,136
807SB_241015,33.97997572,-118.3309012,137
807SB_241015,33.97964517,-118.3309023,138
807SB_241015,33.97931463,-118.3309035,139
807SB_241015,33.97898408,-118.3309046,140
807SB_241015,33.97865354,-118.3309057,141
807SB_241015,33.97832398,-118.3309198,142
807SB_241015,33.97801246,-118.3310281,143
807SB_241015,33.9778294,-118.3311352,144
807SB_241015,33.97758474,-118.3313565,145
807SB_241015,33.9773955,-118.3316267,146
807SB_241015,33.97724374,-118.3319202,147
807SB_241015,33.97710181,-118.3322187,148
807SB_241015,33.97696212,-118.3325183,149
807SB_241015,33.97682273,-118.332818,150
807SB_241015,33.97668325,-118.3331177,151
807SB_241015,33.9765447,-118.3334121,152
807SB_241015,33.97640582,-118.333712,153
807SB_241015,33.97626814,-118.3340126,154
807SB_241015,33.97613009,-118.3343129,155
807SB_241015,33.97599203,-118.3346132,156
807SB_241015,33.97585406,-118.3349136,157
807SB_241015,33.97571619,-118.335214,158
807SB_241015,33.97557651,-118.3355136,159
807SB_241015,33.97543948,-118.3358144,160
807SB_241015,33.97530245,-118.3361152,161
807SB_241015,33.9752201,-118.336296,162
807SB_241015,33.97507421,-118.3365926,163
807SB_241015,33.97493219,-118.3368911,164
807SB_241015,33.97479127,-118.3371901,165
807SB_241015,33.97465036,-118.3374891,166
807SB_241015,33.97450928,-118.337788,167
807SB_241015,33.97436659,-118.3380862,168
807SB_241015,33.97421848,-118.3383817,169
807SB_241015,33.97407009,-118.338677,170
807SB_241015,33.97392143,-118.3389723,171
807SB_241015,33.97377268,-118.3392675,172
807SB_241015,33.97362505,-118.3395632,173
807SB_241015,33.97348628,-118.3398632,174
807SB_241015,33.97334621,-118.3401626,175
807SB_241015,33.97320597,-118.3404619,176
807SB_241015,33.97306574,-118.3407613,177
807SB_241015,33.97292551,-118.3410606,178
807SB_241015,33.9727852,-118.3413599,179
807SB_241015,33.97264462,-118.341659,180
807SB_241015,33.97250403,-118.3419582,181
807SB_241015,33.97236407,-118.3422577,182
807SB_241015,33.97222617,-118.3425581,183
807SB_241015,33.97208826,-118.3428585,184
807SB_241015,33.97194798,-118.3431578,185
807SB_241015,33.97180769,-118.3434571,186
807SB_241015,33.97166683,-118.3437561,187
807SB_241015,33.97152548,-118.3440549,188
807SB_241015,33.97138409,-118.3443537,189
807SB_241015,33.97124237,-118.3446523,190
807SB_241015,33.97110065,-118.3449509,191
807SB_241015,33.97096023,-118.3452502,192
807SB_241015,33.97081988,-118.3455495,193
807SB_241015,33.97067944,-118.3458487,194
807SB_241015,33.97053895,-118.3461479,195
807SB_241015,33.97039845,-118.3464471,196
807SB_241015,33.97025776,-118.3467462,197
807SB_241015,33.97011708,-118.3470453,198
807SB_241015,33.96997643,-118.3473445,199
807SB_241015,33.96983631,-118.3476438,200
807SB_241015,33.96969623,-118.3479432,201
807SB_241015,33.96955787,-118.3482434,202
807SB_241015,33.96942008,-118.3485439,203
807SB_241015,33.96928181,-118.3488441,204
807SB_241015,33.96914144,-118.3491434,205
807SB_241015,33.96899841,-118.3494414,206
807SB_241015,33.96883929,-118.349731,207
807SB_241015,33.96867043,-118.3500151,208
807SB_241015,33.96848261,-118.3502869,209
807SB_241015,33.96827489,-118.350544,210
807SB_241015,33.96804815,-118.3507844,211
807SB_241015,33.96780735,-118.3510107,212
807SB_241015,33.96755958,-118.3512294,213
807SB_241015,33.96731185,-118.3514483,214
807SB_241015,33.9672946,-118.351464,215
807SB_241015,33.96704541,-118.3516812,216
807SB_241015,33.96679411,-118.3518958,217
807SB_241015,33.96654094,-118.3521083,218
807SB_241015,33.9665304,-118.3521174,219
807SB_241015,33.966303,-118.352357,220
807SB_241015,33.96610466,-118.352621,221
807SB_241015,33.96593727,-118.3529059,222
807SB_241015,33.9658331,-118.3531158,223
807SB_241015,33.96572098,-118.3534267,224
807SB_241015,33.9656234,-118.3537301,225
807SB_241015,33.96552869,-118.3540468,226
807SB_241015,33.96543658,-118.3543642,227
807SB_241015,33.96535714,-118.354685,228
807SB_241015,33.96530413,-118.3550111,229
807SB_241015,33.96527829,-118.3553405,230
807SB_241015,33.96527561,-118.355671,232
807SB_241015,33.9652991,-118.3560005,233
807SB_241015,33.96534793,-118.3563274,234
807SB_241015,33.9653881,-118.3565062,235
807SB_241015,33.96548192,-118.356823,236
807SB_241015,33.96559306,-118.3571343,237
807SB_241015,33.96571191,-118.3574426,238
807SB_241015,33.96583343,-118.3577499,239
807SB_241015,33.96594012,-118.3580627,240
807SB_241015,33.96602256,-118.3583826,241
807SB_241015,33.96607275,-118.3587092,242
807SB_241015,33.96610427,-118.3590382,243
807SB_241015,33.96613578,-118.3593672,244
807SB_241015,33.9661617,-118.3596967,245
807SB_241015,33.96618611,-118.3600264,246
807SB_241015,33.96621014,-118.3603561,247
807SB_241015,33.96623416,-118.3606857,248
807SB_241015,33.96625894,-118.3610153,249
807SB_241015,33.96628392,-118.3613449,250
807SB_241015,33.9663085,-118.3616746,251
807SB_241015,33.96633237,-118.3620043,252
807SB_241015,33.96634953,-118.3623344,253
807SB_241015,33.96635113,-118.3626648,254
807SB_241015,33.96633483,-118.3629949,255
807SB_241015,33.96629919,-118.3633235,256
807SB_241015,33.96624443,-118.3636494,257
807SB_241015,33.96616882,-118.3639711,258
807SB_241015,33.96607568,-118.3642882,259
807SB_241015,33.96596419,-118.3645994,260
807SB_241015,33.96584455,-118.3649075,261
807SB_241015,33.96572143,-118.3652143,262
807SB_241015,33.96559831,-118.365521,263
807SB_241015,33.96547519,-118.3658278,264
807SB_241015,33.96535206,-118.3661345,265
807SB_241015,33.96522911,-118.3664414,266
807SB_241015,33.96510649,-118.3667483,267
807SB_241015,33.96498388,-118.3670553,268
807SB_241015,33.9649574,-118.3671216,269
807SB_241015,33.96483619,-118.3674291,270
807SB_241015,33.96471529,-118.3677368,271
807SB_241015,33.96459481,-118.3680446,272
807SB_241015,33.96447397,-118.3683522,273
807SB_241015,33.9644078,-118.3685207,274
807SB_241015,33.96428722,-118.3688285,275
807SB_241015,33.96416665,-118.3691362,276
807SB_241015,33.96404607,-118.369444,277
807SB_241015,33.9639255,-118.3697518,278
807SB_241015,33.96380492,-118.3700596,279
807SB_241015,33.96368434,-118.3703673,280
807SB_241015,33.96356377,-118.3706751,281
807SB_241015,33.9634871,-118.3708708,282
807SB_241015,33.96336534,-118.3711781,283
807SB_241015,33.96324302,-118.3714852,284
807SB_241015,33.96312044,-118.3717922,285
807SB_241015,33.96299613,-118.3720985,286
807SB_241015,33.9629481,-118.3722168,287
807SB_241015,33.9628239,-118.3725231,288
807SB_241015,33.9626997,-118.3728295,289
807SB_241015,33.9625755,-118.3731358,290
807SB_241015,33.9624513,-118.3734421,291
807SB_241015,33.96232859,-118.373749,292
807SB_241015,33.96220691,-118.3740564,293
807SB_241015,33.96208524,-118.3743637,294
807SB_241015,33.962,-118.374579,295
807SB_241015,33.96187835,-118.3748864,296
807SB_241015,33.96175646,-118.3751936,297
807SB_241015,33.96162639,-118.3754974,298
807SB_241015,33.96148014,-118.3757938,299
807SB_241015,33.96132326,-118.3760847,300
807SB_241015,33.9611769,-118.3763208,301
807SB_241015,33.96099052,-118.3765937,302
807SB_241015,33.96079018,-118.3768565,303
807SB_241015,33.96057495,-118.3771074,304
807SB_241015,33.96034559,-118.3773452,305
807SB_241015,33.9601021,-118.3775687,306
807SB_241015,33.9598425,-118.3777733,307
807SB_241015,33.95957239,-118.3779637,308
807SB_241015,33.9594263,-118.3780562,309
807SB_241015,33.95913749,-118.3782169,310
807SB_241015,33.95883869,-118.3783581,311
807SB_241015,33.95852996,-118.3784759,312
807SB_241015,33.95821347,-118.378571,313
807SB_241015,33.9578912,-118.3786435,314
807SB_241015,33.9575737,-118.3786886,315
807SB_241015,33.95724393,-118.3787095,316
807SB_241015,33.95691342,-118.3787132,317
807SB_241015,33.95658287,-118.3787131,318
807SB_241015,33.95625232,-118.3787129,319
807SB_241015,33.95592177,-118.3787127,320
807SB_241015,33.95559123,-118.3787122,321
807SB_241015,33.95526068,-118.3787116,322
807SB_241015,33.95493013,-118.3787111,323
807SB_241015,33.95459961,-118.3787134,324
807SB_241015,33.95426908,-118.3787104,325
807SB_241015,33.95393853,-118.3787101,326
807SB_241015,33.95360798,-118.3787098,327
807SB_241015,33.95327744,-118.3787095,328
807SB_241015,33.95294689,-118.3787092,329
807SB_241015,33.95261661,-118.3787214,330
807SB_241015,33.95228662,-118.3787406,331
807SB_241015,33.95195628,-118.3787491,332
807SB_241015,33.95162573,-118.3787495,333
807SB_241015,33.95129518,-118.3787499,334
807SB_241015,33.95096464,-118.37875,335
807SB_241015,33.95063409,-118.3787488,336
807SB_241015,33.95030354,-118.3787484,337
807SB_241015,33.949973,-118.3787494,338
807SB_241015,33.94964245,-118.3787499,339
807SB_241015,33.9493119,-118.3787495,340
807SB_241015,33.94898166,-118.3787359,341
807SB_241015,33.9486514,-118.3787237,342
807SB_241015,33.94832113,-118.3787364,343
807SB_241015,33.94799101,-118.3787532,344
807SB_241015,33.94766083,-118.3787684,345
807SB_241015,33.9474399,-118.3787747,346
807SB_241015,33.94710935,-118.3787743,347
807SB_241015,33.94677881,-118.3787737,348
807SB_241015,33.94644826,-118.378773,349
807SB_241015,33.94611771,-118.3787723,350
807SB_241015,33.94578716,-118.3787725,351
807SB_241015,33.94545662,-118.3787736,352
807SB_241015,33.94512607,-118.3787747,353
807SB_241015,33.9449881,-118.3787752,354
807SB_241015,33.94465762,-118.3787687,355
807SB_241015,33.94432713,-118.3787622,356
807SB_241015,33.94399665,-118.3787556,357
807SB_241015,33.94366617,-118.3787491,358
807SB_241015,33.94333568,-118.3787426,359
807SB_241015,33.9432593,-118.3787411,360
807SB_241015,33.94292876,-118.3787392,361
807SB_241015,33.9428643,-118.3787388,362
807SB_241015,33.94253377,-118.3787356,363
807SB_241015,33.94220324,-118.3787323,364
807SB_241015,33.9421798,-118.3787321,365
807SB_241015,33.9418708,-118.3787304,366
807SB_241015,33.94154026,-118.3787285,367
807SB_241015,33.94120971,-118.3787267,368
807SB_241015,33.94087917,-118.3787248,369
807SB_241015,33.9406437,-118.3787235,370
807SB_241015,33.94031317,-118.3787201,371
807SB_241015,33.93998264,-118.3787167,372
807SB_241015,33.93965211,-118.3787133,373
807SB_241015,33.93932158,-118.3787099,374
807SB_241015,33.9392756,-118.3787094,375
807SB_241015,33.93894506,-118.3787069,376
807SB_241015,33.93861452,-118.3787044,377
807SB_241015,33.9384463,-118.3787031,378
807SB_241015,33.93811575,-118.3787028,379
807SB_241015,33.9380449,-118.3787027,380
807SB_241015,33.9378925,-118.3787008,381
807SB_241015,33.93756195,-118.3787002,382
807SB_241015,33.93723141,-118.3786995,383
807SB_241015,33.9370781,-118.3786992,384
807SB_241015,33.93674759,-118.378704,385
807SB_241015,33.93641707,-118.3787088,386
807SB_241015,33.93608656,-118.3787136,387
807SB_241015,33.935801,-118.3787178,388
807SB_241015,33.93547047,-118.3787213,389
807SB_241015,33.93513994,-118.3787247,390
807SB_241015,33.93480941,-118.3787282,391
807SB_241015,33.9347198,-118.3787291,392
807SB_241015,33.93438927,-118.3787325,393
807SB_241015,33.9343351,-118.378733,394
807SB_241015,33.9340046,-118.3787384,395
807SB_241015,33.93367409,-118.3787438,396
807SB_241015,33.93334359,-118.3787492,397
807SB_241015,33.93301308,-118.3787545,398
807SB_241015,33.93268258,-118.3787599,399
807SB_241015,33.93235213,-118.3787678,400
807SB_241015,33.9320349,-118.3787758,401
807SB_241015,33.93170448,-118.378785,402
807SB_241015,33.9314659,-118.3787917,403
807SB_241015,33.9312465,-118.3787977,404
807SB_241015,33.93091603,-118.3788051,405
807SB_241015,33.93027196,-118.379,406
807SB_241015,33.93003877,-118.3791852,407
807SB_241015,33.92990552,-118.3793756,408
807SB_241015,33.92975323,-118.3796944,409
807SB_241015,33.92969613,-118.3800466,410
807SB_241015,33.92970089,-118.3803988,411
807SB_241015,33.92970089,-118.3808223,412
807SB_241015,33.92968661,-118.3812268,413
807SB_241015,33.92969137,-118.3815361,414
807SB_241015,33.929617,-118.381842,415
807SB_241015,33.929556,-118.382332,416
807SB_241015,33.929489,-118.382627,417
807SB_241015,33.929065,-118.383869,418
807SB_241015,33.928618,-118.385206,419
807SB_241015,33.92818,-118.386472,420
807SB_241015,33.928037,-118.386724,421
807SB_241015,33.927871,-118.386948,422
807SB_241015,33.927738,-118.3871,423
807SB_241015,33.927447,-118.387319,424
807SB_241015,33.927228,-118.387438,425
807SB_241015,33.926992,-118.387506,426
807SB_241015,33.926724,-118.387547,427
807SB_241015,33.925339,-118.387557,428
807SB_241015,33.923859,-118.387581,429
807SB_241015,33.923136,-118.387571,430
807SB_241015,33.921719,-118.387577,431
807SB_241015,33.920486,-118.387539,432
807SB_241015,33.917077,-118.387496,433
807SB_241015,33.916867,-118.387431,434
807SB_241015,33.916659,-118.387277,435
807SB_241015,33.916621,-118.387231,436
807SB_241015,33.91606,-118.386536,437
807SB_241015,33.916045,-118.386516,438
807SB_241015,33.915399,-118.38578,439
807SB_241015,33.914942,-118.385467,440
807SB_241015,33.914476,-118.385321,441
807SB_241015,33.914281,-118.385298,442
807SB_241015,33.914,-118.385293,443
807SB_241015,33.912486,-118.385298,444
807SB_241015,33.907956,-118.385269,445
807SB_241015,33.907685,-118.385236,446
807SB_241015,33.907333,-118.38515,447
807SB_241015,33.906966,-118.384979,448
807SB_241015,33.906766,-118.38485,449
807SB_241015,33.906509,-118.384646,450
807SB_241015,33.906267,-118.384379,451
807SB_241015,33.906262,-118.384374,452
807SB_241015,33.906186,-118.384279,453
807SB_241015,33.906037,-118.384099,454
807SB_241015,33.905624,-118.383532,455
807SB_241015,33.90531,-118.383128,456
807SB_241015,33.904561,-118.38216,457
807SB_241015,33.904077,-118.381552,458
807SB_241015,33.90334,-118.380601,459
807SB_241015,33.902774,-118.379949,460
807SB_241015,33.902507,-118.37963,461
807SB_241015,33.902255,-118.379297,462
807SB_241015,33.901917,-118.378835,463
807SB_241015,33.901803,-118.378692,464
807SB_241015,33.901465,-118.378259,465
807SB_241015,33.90116,-118.377855,466
807SB_241015,33.900789,-118.377374,467
807SB_241015,33.900337,-118.376755,468
807SB_241015,33.899771,-118.375956,469
807SB_241015,33.899114,-118.37509,470
807SB_241015,33.898505,-118.374262,471
807SB_241015,33.898414,-118.374139,472
807SB_241015,33.898074,-118.373711,473
807SB_241015,33.897679,-118.373197,474
807SB_241015,33.897294,-118.3727,475
807SB_241015,33.896532,-118.371712,476
807SB_241015,33.895906,-118.370891,477
807SB_241015,33.895428,-118.370249,478
807SB_241015,33.895069,-118.369773,479
807SB_241015,33.894726,-118.369311,480
807SB_241015,33.894612,-118.369159,481
807SB_241015,33.894075,-118.368423,482
801NB_P2B_250722,33.767996,-118.192974,1
801NB_P2B_250722,33.768,-118.193389,2
801NB_P2B_250722,33.767998,-118.193441,3
801NB_P2B_250722,33.76802,-118.193535,4
801NB_P2B_250722,33.76804,-118.193586,5
801NB_P2B_250722,33.768118,-118.193691,6
801NB_P2B_250722,33.768164,-118.193726,7
801NB_P2B_250722,33.768231,-118.19375,8
801NB_P2B_250722,33.768341,-118.193745,9
801NB_P2B_250722,33.768454,-118.193743,10
801NB_P2B_250722,33.769258,-118.193743,11
801NB_P2B_250722,33.769526,-118.193745,12
801NB_P2B_250722,33.769938,-118.193741,13
801NB_P2B_250722,33.771022,-118.193741,14
801NB_P2B_250722,33.771465,-118.19374,15
801NB_P2B_250722,33.771709,-118.193718,16
801NB_P2B_250722,33.771801,-118.193711,17
801NB_P2B_250722,33.771877,-118.193711,18
801NB_P2B_250722,33.772398,-118.193715,19
801NB_P2B_250722,33.773459,-118.193715,20
801NB_P2B_250722,33.774135,-118.193712,21
801NB_P2B_250722,33.774334,-118.193714,22
801NB_P2B_250722,33.774673,-118.193726,23
801NB_P2B_250722,33.775478,-118.193742,24
801NB_P2B_250722,33.776128,-118.193744,25
801NB_P2B_250722,33.776312,-118.193728,26
801NB_P2B_250722,33.7764,-118.193687,27
801NB_P2B_250722,33.776443,-118.193662,28
801NB_P2B_250722,33.776516,-118.193571,29
801NB_P2B_250722,33.77654,-118.193478,30
801NB_P2B_250722,33.776549,-118.192005,31
801NB_P2B_250722,33.776548,-118.191733,32
801NB_P2B_250722,33.77655,-118.191097,33
801NB_P2B_250722,33.776557,-118.189691,34
801NB_P2B_250722,33.776576,-118.189598,35
801NB_P2B_250722,33.776668,-118.189465,36
801NB_P2B_250722,33.776757,-118.189408,37
801NB_P2B_250722,33.77746,-118.189398,38
801NB_P2B_250722,33.777605,-118.189394,39
801NB_P2B_250722,33.777799,-118.189371,40
801NB_P2B_250722,33.778011,-118.189345,41
801NB_P2B_250722,33.778975,-118.189345,42
801NB_P2B_250722,33.780716,-118.18934,43
801NB_P2B_250722,33.781515,-118.189347,44
801NB_P2B_250722,33.781882,-118.18934,45
801NB_P2B_250722,33.782401,-118.189344,46
801NB_P2B_250722,33.78382,-118.189343,47
801NB_P2B_250722,33.785777,-118.189343,48
801NB_P2B_250722,33.787137,-118.189341,49
801NB_P2B_250722,33.789264,-118.189327,50
801NB_P2B_250722,33.789864,-118.189343,51
801NB_P2B_250722,33.791669,-118.189341,52
801NB_P2B_250722,33.793493,-118.189339,53
801NB_P2B_250722,33.795305,-118.189331,54
801NB_P2B_250722,33.797117,-118.18934,55
801NB_P2B_250722,33.798719,-118.189338,56
801NB_P2B_250722,33.799326,-118.18934,57
801NB_P2B_250722,33.800465,-118.189334,58
801NB_P2B_250722,33.800754,-118.189332,59
801NB_P2B_250722,33.802568,-118.189334,60
801NB_P2B_250722,33.803239,-118.189363,61
801NB_P2B_250722,33.804078,-118.189371,62
801NB_P2B_250722,33.804438,-118.189334,63
801NB_P2B_250722,33.805066,-118.189255,64
801NB_P2B_250722,33.805253,-118.189235,65
801NB_P2B_250722,33.805437,-118.189233,66
801NB_P2B_250722,33.805713,-118.189255,67
801NB_P2B_250722,33.805945,-118.189306,68
801NB_P2B_250722,33.806284,-118.189436,69
801NB_P2B_250722,33.807006,-118.189762,70
801NB_P2B_250722,33.807769,-118.190129,71
801NB_P2B_250722,33.808079,-118.190277,72
801NB_P2B_250722,33.808988,-118.190705,73
801NB_P2B_250722,33.810145,-118.191256,74
801NB_P2B_250722,33.810164,-118.191265,75
801NB_P2B_250722,33.811219,-118.191765,76
801NB_P2B_250722,33.812342,-118.192297,77
801NB_P2B_250722,33.813782,-118.19296,78
801NB_P2B_250722,33.815474,-118.193725,79
801NB_P2B_250722,33.816808,-118.194327,80
801NB_P2B_250722,33.817681,-118.194711,81
801NB_P2B_250722,33.818035,-118.194886,82
801NB_P2B_250722,33.818333,-118.195042,83
801NB_P2B_250722,33.81862,-118.195217,84
801NB_P2B_250722,33.818983,-118.195463,85
801NB_P2B_250722,33.819906,-118.196078,86
801NB_P2B_250722,33.820446,-118.196434,87
801NB_P2B_250722,33.820795,-118.196678,88
801NB_P2B_250722,33.821219,-118.197004,89
801NB_P2B_250722,33.821988,-118.197603,90
801NB_P2B_250722,33.822483,-118.197948,91
801NB_P2B_250722,33.822964,-118.198256,92
801NB_P2B_250722,33.823378,-118.198549,93
801NB_P2B_250722,33.824033,-118.19896,94
801NB_P2B_250722,33.824317,-118.199141,95
801NB_P2B_250722,33.825111,-118.199664,96
801NB_P2B_250722,33.826513,-118.200568,97
801NB_P2B_250722,33.827832,-118.201429,98
801NB_P2B_250722,33.828758,-118.202041,99
801NB_P2B_250722,33.829041,-118.202224,100
801NB_P2B_250722,33.829829,-118.202716,101
801NB_P2B_250722,33.830018,-118.202825,102
801NB_P2B_250722,33.830452,-118.203054,103
801NB_P2B_250722,33.831404,-118.203558,104
801NB_P2B_250722,33.831907,-118.203824,105
801NB_P2B_250722,33.832005,-118.203875,106
801NB_P2B_250722,33.832271,-118.204011,107
801NB_P2B_250722,33.832594,-118.204176,108
801NB_P2B_250722,33.833533,-118.204675,109
801NB_P2B_250722,33.833556,-118.204689,110
801NB_P2B_250722,33.834383,-118.205147,111
801NB_P2B_250722,33.834659,-118.205289,112
801NB_P2B_250722,33.83492,-118.205419,113
801NB_P2B_250722,33.835175,-118.205537,114
801NB_P2B_250722,33.835424,-118.205643,115
801NB_P2B_250722,33.835922,-118.20585,116
801NB_P2B_250722,33.836604,-118.20613,117
801NB_P2B_250722,33.836993,-118.206291,118
801NB_P2B_250722,33.837895,-118.206655,119
801NB_P2B_250722,33.83881,-118.20704,120
801NB_P2B_250722,33.839847,-118.207472,121
801NB_P2B_250722,33.840387,-118.2077,122
801NB_P2B_250722,33.840869,-118.207905,123
801NB_P2B_250722,33.841404,-118.208133,124
801NB_P2B_250722,33.842422,-118.208558,125
801NB_P2B_250722,33.843438,-118.208975,126
801NB_P2B_250722,33.844377,-118.209362,127
801NB_P2B_250722,33.845373,-118.20977,128
801NB_P2B_250722,33.846224,-118.210118,129
801NB_P2B_250722,33.846922,-118.210412,130
801NB_P2B_250722,33.847713,-118.210752,131
801NB_P2B_250722,33.848201,-118.210961,132
801NB_P2B_250722,33.849119,-118.211353,133
801NB_P2B_250722,33.849258,-118.211411,134
801NB_P2B_250722,33.84965,-118.211594,135
801NB_P2B_250722,33.850099,-118.211807,136
801NB_P2B_250722,33.850758,-118.212127,137
801NB_P2B_250722,33.851308,-118.212378,138
801NB_P2B_250722,33.851966,-118.212672,139
801NB_P2B_250722,33.852491,-118.212892,140
801NB_P2B_250722,33.853505,-118.213314,141
801NB_P2B_250722,33.854599,-118.213765,142
801NB_P2B_250722,33.855651,-118.214194,143
801NB_P2B_250722,33.856679,-118.214589,144
801NB_P2B_250722,33.857741,-118.215025,145
801NB_P2B_250722,33.85881,-118.215464,146
801NB_P2B_250722,33.859246,-118.215644,147
801NB_P2B_250722,33.859461,-118.215733,148
801NB_P2B_250722,33.861049,-118.216391,149
801NB_P2B_250722,33.862535,-118.217006,150
801NB_P2B_250722,33.863076,-118.21723,151
801NB_P2B_250722,33.863814,-118.217534,152
801NB_P2B_250722,33.865632,-118.218303,153
801NB_P2B_250722,33.866709,-118.218751,154
801NB_P2B_250722,33.868427,-118.219462,155
801NB_P2B_250722,33.869915,-118.220073,156
801NB_P2B_250722,33.870409,-118.220287,157
801NB_P2B_250722,33.87094,-118.220505,158
801NB_P2B_250722,33.871961,-118.22093,159
801NB_P2B_250722,33.87278,-118.221254,160
801NB_P2B_250722,33.873692,-118.221592,161
801NB_P2B_250722,33.8741,-118.221742,162
801NB_P2B_250722,33.874643,-118.221947,163
801NB_P2B_250722,33.874948,-118.222055,164
801NB_P2B_250722,33.875344,-118.2222,165
801NB_P2B_250722,33.875732,-118.222346,166
801NB_P2B_250722,33.876134,-118.222494,167
801NB_P2B_250722,33.876345,-118.222569,168
801NB_P2B_250722,33.876853,-118.222754,169
801NB_P2B_250722,33.87696,-118.222785,170
801NB_P2B_250722,33.877248,-118.22285,171
801NB_P2B_250722,33.877442,-118.222881,172
801NB_P2B_250722,33.877822,-118.222914,173
801NB_P2B_250722,33.878263,-118.222942,174
801NB_P2B_250722,33.878721,-118.222977,175
801NB_P2B_250722,33.879022,-118.223001,176
801NB_P2B_250722,33.879339,-118.223023,177
801NB_P2B_250722,33.879784,-118.223051,178
801NB_P2B_250722,33.880257,-118.22309,179
801NB_P2B_250722,33.880667,-118.223121,180
801NB_P2B_250722,33.881142,-118.223155,181
801NB_P2B_250722,33.881841,-118.223201,182
801NB_P2B_250722,33.882377,-118.223238,183
801NB_P2B_250722,33.882916,-118.223271,184
801NB_P2B_250722,33.88337,-118.223304,185
801NB_P2B_250722,33.884147,-118.223353,186
801NB_P2B_250722,33.884837,-118.223404,187
801NB_P2B_250722,33.88562,-118.223457,188
801NB_P2B_250722,33.886358,-118.223506,189
801NB_P2B_250722,33.886877,-118.223541,190
801NB_P2B_250722,33.887311,-118.22357,191
801NB_P2B_250722,33.888023,-118.22362,192
801NB_P2B_250722,33.888507,-118.223654,193
801NB_P2B_250722,33.888591,-118.223662,194
801NB_P2B_250722,33.888775,-118.223675,195
801NB_P2B_250722,33.889569,-118.223723,196
801NB_P2B_250722,33.890044,-118.223754,197
801NB_P2B_250722,33.891219,-118.223837,198
801NB_P2B_250722,33.891851,-118.223879,199
801NB_P2B_250722,33.892313,-118.223911,200
801NB_P2B_250722,33.893001,-118.223952,201
801NB_P2B_250722,33.893527,-118.22399,202
801NB_P2B_250722,33.894044,-118.224029,203
801NB_P2B_250722,33.894699,-118.224072,204
801NB_P2B_250722,33.895339,-118.224113,205
801NB_P2B_250722,33.895931,-118.224159,206
801NB_P2B_250722,33.895977,-118.224159,207
801NB_P2B_250722,33.896523,-118.224165,208
801NB_P2B_250722,33.896859,-118.224182,209
801NB_P2B_250722,33.897067,-118.224198,210
801NB_P2B_250722,33.897477,-118.224222,211
801NB_P2B_250722,33.897536,-118.224229,212
801NB_P2B_250722,33.898142,-118.224273,213
801NB_P2B_250722,33.898961,-118.224329,214
801NB_P2B_250722,33.899582,-118.22437,215
801NB_P2B_250722,33.900294,-118.22442,216
801NB_P2B_250722,33.900635,-118.224443,217
801NB_P2B_250722,33.901251,-118.224492,218
801NB_P2B_250722,33.901653,-118.224525,219
801NB_P2B_250722,33.901866,-118.224543,220
801NB_P2B_250722,33.902112,-118.22457,221
801NB_P2B_250722,33.902365,-118.224605,222
801NB_P2B_250722,33.902558,-118.224637,223
801NB_P2B_250722,33.902757,-118.224674,224
801NB_P2B_250722,33.903015,-118.224742,225
801NB_P2B_250722,33.903247,-118.224802,226
801NB_P2B_250722,33.90331,-118.22482,227
801NB_P2B_250722,33.9034,-118.224846,228
801NB_P2B_250722,33.903574,-118.224902,229
801NB_P2B_250722,33.90387,-118.225006,230
801NB_P2B_250722,33.90407,-118.225086,231
801NB_P2B_250722,33.904459,-118.225257,232
801NB_P2B_250722,33.904991,-118.225526,233
801NB_P2B_250722,33.905524,-118.225804,234
801NB_P2B_250722,33.905965,-118.226035,235
801NB_P2B_250722,33.906404,-118.226264,236
801NB_P2B_250722,33.906852,-118.226498,237
801NB_P2B_250722,33.907123,-118.226637,238
801NB_P2B_250722,33.907581,-118.226872,239
801NB_P2B_250722,33.908031,-118.227104,240
801NB_P2B_250722,33.908482,-118.227336,241
801NB_P2B_250722,33.909038,-118.227626,242
801NB_P2B_250722,33.909511,-118.227873,243
801NB_P2B_250722,33.910049,-118.228155,244
801NB_P2B_250722,33.910575,-118.228429,245
801NB_P2B_250722,33.911105,-118.228706,246
801NB_P2B_250722,33.911652,-118.228993,247
801NB_P2B_250722,33.9123,-118.229332,248
801NB_P2B_250722,33.912715,-118.229549,249
801NB_P2B_250722,33.913323,-118.229869,250
801NB_P2B_250722,33.913654,-118.230039,251
801NB_P2B_250722,33.914004,-118.230223,252
801NB_P2B_250722,33.914388,-118.230425,253
801NB_P2B_250722,33.91457,-118.230522,254
801NB_P2B_250722,33.915183,-118.230841,255
801NB_P2B_250722,33.915685,-118.231105,256
801NB_P2B_250722,33.916168,-118.231367,257
801NB_P2B_250722,33.916214,-118.231395,258
801NB_P2B_250722,33.916464,-118.231515,259
801NB_P2B_250722,33.917061,-118.231827,260
801NB_P2B_250722,33.917626,-118.23212,261
801NB_P2B_250722,33.917999,-118.232315,262
801NB_P2B_250722,33.918178,-118.23241,263
801NB_P2B_250722,33.918526,-118.232591,264
801NB_P2B_250722,33.91908,-118.232884,265
801NB_P2B_250722,33.919609,-118.233155,266
801NB_P2B_250722,33.919821,-118.233262,267
801NB_P2B_250722,33.920492,-118.233586,268
801NB_P2B_250722,33.920972,-118.233829,269
801NB_P2B_250722,33.921359,-118.234031,270
801NB_P2B_250722,33.92176,-118.234242,271
801NB_P2B_250722,33.922675,-118.234721,272
801NB_P2B_250722,33.923566,-118.235187,273
801NB_P2B_250722,33.924377,-118.235607,274
801NB_P2B_250722,33.924424,-118.235634,275
801NB_P2B_250722,33.924608,-118.235731,276
801NB_P2B_250722,33.92493,-118.235901,277
801NB_P2B_250722,33.925864,-118.236371,278
801NB_P2B_250722,33.926647,-118.236775,279
801NB_P2B_250722,33.927104,-118.237018,280
801NB_P2B_250722,33.927388,-118.237166,281
801NB_P2B_250722,33.927695,-118.237328,282
801NB_P2B_250722,33.927883,-118.237422,283
801NB_P2B_250722,33.928136,-118.237564,284
801NB_P2B_250722,33.928225,-118.237612,285
801NB_P2B_250722,33.928737,-118.237876,286
801NB_P2B_250722,33.929302,-118.238171,287
801NB_P2B_250722,33.929682,-118.238369,288
801NB_P2B_250722,33.930358,-118.238737,289
801NB_P2B_250722,33.930827,-118.239008,290
801NB_P2B_250722,33.931019,-118.239118,291
801NB_P2B_250722,33.931387,-118.239321,292
801NB_P2B_250722,33.931899,-118.239596,293
801NB_P2B_250722,33.932535,-118.239924,294
801NB_P2B_250722,33.933053,-118.240202,295
801NB_P2B_250722,33.933325,-118.240343,296
801NB_P2B_250722,33.933461,-118.240413,297
801NB_P2B_250722,33.933612,-118.240491,298
801NB_P2B_250722,33.934173,-118.240785,299
801NB_P2B_250722,33.934607,-118.241014,300
801NB_P2B_250722,33.93504,-118.241238,301
801NB_P2B_250722,33.935431,-118.241443,302
801NB_P2B_250722,33.935836,-118.241658,303
801NB_P2B_250722,33.936211,-118.241851,304
801NB_P2B_250722,33.936664,-118.242087,305
801NB_P2B_250722,33.937056,-118.242295,306
801NB_P2B_250722,33.937391,-118.242461,307
801NB_P2B_250722,33.937595,-118.242557,308
801NB_P2B_250722,33.937758,-118.242625,309
801NB_P2B_250722,33.937852,-118.242666,310
801NB_P2B_250722,33.938157,-118.242769,311
801NB_P2B_250722,33.938428,-118.242848,312
801NB_P2B_250722,33.938812,-118.242932,313
801NB_P2B_250722,33.939013,-118.242963,314
801NB_P2B_250722,33.939268,-118.242999,315
801NB_P2B_250722,33.939435,-118.243015,316
801NB_P2B_250722,33.939922,-118.243057,317
801NB_P2B_250722,33.940678,-118.243106,318
801NB_P2B_250722,33.940909,-118.243115,319
801NB_P2B_250722,33.941107,-118.243118,320
801NB_P2B_250722,33.941577,-118.243118,321
801NB_P2B_250722,33.942012,-118.24312,322
801NB_P2B_250722,33.942296,-118.243122,323
801NB_P2B_250722,33.942844,-118.243125,324
801NB_P2B_250722,33.943201,-118.243132,325
801NB_P2B_250722,33.943626,-118.243135,326
801NB_P2B_250722,33.944092,-118.243151,327
801NB_P2B_250722,33.944509,-118.243162,328
801NB_P2B_250722,33.944966,-118.243171,329
801NB_P2B_250722,33.945485,-118.243171,330
801NB_P2B_250722,33.945935,-118.243179,331
801NB_P2B_250722,33.946532,-118.243173,332
801NB_P2B_250722,33.947312,-118.243177,333
801NB_P2B_250722,33.948446,-118.243183,334
801NB_P2B_250722,33.949723,-118.243187,335
801NB_P2B_250722,33.951044,-118.243192,336
801NB_P2B_250722,33.952411,-118.243199,337
801NB_P2B_250722,33.953139,-118.243204,338
801NB_P2B_250722,33.953399,-118.243207,339
801NB_P2B_250722,33.953559,-118.243203,340
801NB_P2B_250722,33.954259,-118.243205,341
801NB_P2B_250722,33.955965,-118.243209,342
801NB_P2B_250722,33.956425,-118.243208,343
801NB_P2B_250722,33.956818,-118.243208,344
801NB_P2B_250722,33.957295,-118.243197,345
801NB_P2B_250722,33.957656,-118.24318,346
801NB_P2B_250722,33.958053,-118.243169,347
801NB_P2B_250722,33.958419,-118.243152,348
801NB_P2B_250722,33.958796,-118.243146,349
801NB_P2B_250722,33.959205,-118.243143,350
801NB_P2B_250722,33.959595,-118.243148,351
801NB_P2B_250722,33.960427,-118.243156,352
801NB_P2B_250722,33.960859,-118.243165,353
801NB_P2B_250722,33.96134,-118.243178,354
801NB_P2B_250722,33.961693,-118.243185,355
801NB_P2B_250722,33.962146,-118.243193,356
801NB_P2B_250722,33.962671,-118.243196,357
801NB_P2B_250722,33.963234,-118.243199,358
801NB_P2B_250722,33.964802,-118.243204,359
801NB_P2B_250722,33.965619,-118.243204,360
801NB_P2B_250722,33.967299,-118.243211,361
801NB_P2B_250722,33.967751,-118.24321,362
801NB_P2B_250722,33.968475,-118.243213,363
801NB_P2B_250722,33.969013,-118.243214,364
801NB_P2B_250722,33.969563,-118.243206,365
801NB_P2B_250722,33.96996,-118.243202,366
801NB_P2B_250722,33.970591,-118.243218,367
801NB_P2B_250722,33.97068,-118.243216,368
801NB_P2B_250722,33.971368,-118.243218,369
801NB_P2B_250722,33.97251,-118.243236,370
801NB_P2B_250722,33.973263,-118.243243,371
801NB_P2B_250722,33.973674,-118.243246,372
801NB_P2B_250722,33.974216,-118.243252,373
801NB_P2B_250722,33.974736,-118.243249,374
801NB_P2B_250722,33.975754,-118.243271,375
801NB_P2B_250722,33.976389,-118.243283,376
801NB_P2B_250722,33.977276,-118.243283,377
801NB_P2B_250722,33.978873,-118.243286,378
801NB_P2B_250722,33.980357,-118.243293,379
801NB_P2B_250722,33.981277,-118.243293,380
801NB_P2B_250722,33.98222,-118.243299,381
801NB_P2B_250722,33.982707,-118.243296,382
801NB_P2B_250722,33.983514,-118.24329,383
801NB_P2B_250722,33.984019,-118.243287,384
801NB_P2B_250722,33.984291,-118.243283,385
801NB_P2B_250722,33.984569,-118.24329,386
801NB_P2B_250722,33.985202,-118.243291,387
801NB_P2B_250722,33.985496,-118.243282,388
801NB_P2B_250722,33.985954,-118.243283,389
801NB_P2B_250722,33.98675,-118.243287,390
801NB_P2B_250722,33.987334,-118.243292,391
801NB_P2B_250722,33.987533,-118.243295,392
801NB_P2B_250722,33.988204,-118.243315,393
801NB_P2B_250722,33.988714,-118.243324,394
801NB_P2B_250722,33.989351,-118.243344,395
801NB_P2B_250722,33.98999,-118.243371,396
801NB_P2B_250722,33.990975,-118.243405,397
801NB_P2B_250722,33.99153,-118.243407,398
801NB_P2B_250722,33.992117,-118.243408,399
801NB_P2B_250722,33.992265,-118.243404,400
801NB_P2B_250722,33.992787,-118.243401,401
801NB_P2B_250722,33.992981,-118.243398,402
801NB_P2B_250722,33.993764,-118.24339,403
801NB_P2B_250722,33.993976,-118.243389,404
801NB_P2B_250722,33.994211,-118.243388,405
801NB_P2B_250722,33.994522,-118.24339,406
801NB_P2B_250722,33.994716,-118.243387,407
801NB_P2B_250722,33.995245,-118.243383,408
801NB_P2B_250722,33.995566,-118.243381,409
801NB_P2B_250722,33.996308,-118.243377,410
801NB_P2B_250722,33.996896,-118.243373,411
801NB_P2B_250722,33.997668,-118.243367,412
801NB_P2B_250722,33.998302,-118.243364,413
801NB_P2B_250722,33.999032,-118.243358,414
801NB_P2B_250722,33.999636,-118.243352,415
801NB_P2B_250722,33.999978,-118.243345,416
801NB_P2B_250722,34.00036,-118.243332,417
801NB_P2B_250722,34.00084,-118.243312,418
801NB_P2B_250722,34.001313,-118.243291,419
801NB_P2B_250722,34.00147,-118.243288,420
801NB_P2B_250722,34.001842,-118.243281,421
801NB_P2B_250722,34.002158,-118.243273,422
801NB_P2B_250722,34.002448,-118.243273,423
801NB_P2B_250722,34.002722,-118.243273,424
801NB_P2B_250722,34.003047,-118.24327,425
801NB_P2B_250722,34.003357,-118.243262,426
801NB_P2B_250722,34.003521,-118.24326,427
801NB_P2B_250722,34.004112,-118.243254,428
801NB_P2B_250722,34.004537,-118.243249,429
801NB_P2B_250722,34.005014,-118.243244,430
801NB_P2B_250722,34.005411,-118.243239,431
801NB_P2B_250722,34.005974,-118.243231,432
801NB_P2B_250722,34.006369,-118.243226,433
801NB_P2B_250722,34.006825,-118.24322,434
801NB_P2B_250722,34.007229,-118.243214,435
801NB_P2B_250722,34.007588,-118.243209,436
801NB_P2B_250722,34.007906,-118.243203,437
801NB_P2B_250722,34.008217,-118.2432,438
801NB_P2B_250722,34.008561,-118.243192,439
801NB_P2B_250722,34.008963,-118.243187,440
801NB_P2B_250722,34.009417,-118.24318,441
801NB_P2B_250722,34.009909,-118.243174,442
801NB_P2B_250722,34.010328,-118.24317,443
801NB_P2B_250722,34.010674,-118.243162,444
801NB_P2B_250722,34.011105,-118.24316,445
801NB_P2B_250722,34.011566,-118.243155,446
801NB_P2B_250722,34.011993,-118.24315,447
801NB_P2B_250722,34.012398,-118.243144,448
801NB_P2B_250722,34.012853,-118.243145,449
801NB_P2B_250722,34.013343,-118.243138,450
801NB_P2B_250722,34.013752,-118.243136,451
801NB_P2B_250722,34.014227,-118.243129,452
801NB_P2B_250722,34.014605,-118.243124,453
801NB_P2B_250722,34.014952,-118.243117,454
801NB_P2B_250722,34.015285,-118.243106,455
801NB_P2B_250722,34.015563,-118.243093,456
801NB_P2B_250722,34.015863,-118.243082,457
801NB_P2B_250722,34.016248,-118.243075,458
801NB_P2B_250722,34.016546,-118.243067,459
801NB_P2B_250722,34.016631,-118.24307,460
801NB_P2B_250722,34.016829,-118.243067,461
801NB_P2B_250722,34.017105,-118.243063,462
801NB_P2B_250722,34.017123,-118.243061,463
801NB_P2B_250722,34.01736,-118.243057,464
801NB_P2B_250722,34.017499,-118.243057,465
801NB_P2B_250722,34.017609,-118.243057,466
801NB_P2B_250722,34.01782,-118.243054,467
801NB_P2B_250722,34.018048,-118.243053,468
801NB_P2B_250722,34.018255,-118.243048,469
801NB_P2B_250722,34.018474,-118.243049,470
801NB_P2B_250722,34.018707,-118.243047,471
801NB_P2B_250722,34.018911,-118.243043,472
801NB_P2B_250722,34.019216,-118.243039,473
801NB_P2B_250722,34.019518,-118.243037,474
801NB_P2B_250722,34.019778,-118.243038,475
801NB_P2B_250722,34.020308,-118.243035,476
801NB_P2B_250722,34.020495,-118.243075,477
801NB_P2B_250722,34.020544,-118.243099,478
801NB_P2B_250722,34.020598,-118.243142,479
801NB_P2B_250722,34.020633,-118.243188,480
801NB_P2B_250722,34.020697,-118.243293,481
801NB_P2B_250722,34.020719,-118.243357,482
801NB_P2B_250722,34.020738,-118.243431,483
801NB_P2B_250722,34.020783,-118.24367,484
801NB_P2B_250722,34.020811,-118.243798,485
801NB_P2B_250722,34.020859,-118.243964,486
801NB_P2B_250722,34.020882,-118.24403,487
801NB_P2B_250722,34.020942,-118.244166,488
801NB_P2B_250722,34.020993,-118.244263,489
801NB_P2B_250722,34.021162,-118.244564,490
801NB_P2B_250722,34.021542,-118.245243,491
801NB_P2B_250722,34.021711,-118.24554,492
801NB_P2B_250722,34.021932,-118.245934,493
801NB_P2B_250722,34.022097,-118.246227,494
801NB_P2B_250722,34.022266,-118.246524,495
801NB_P2B_250722,34.022416,-118.246795,496
801NB_P2B_250722,34.022576,-118.247077,497
801NB_P2B_250722,34.022752,-118.247388,498
801NB_P2B_250722,34.02291,-118.247674,499
801NB_P2B_250722,34.023089,-118.247991,500
801NB_P2B_250722,34.02331,-118.248385,501
801NB_P2B_250722,34.023531,-118.248783,502
801NB_P2B_250722,34.023735,-118.249144,503
801NB_P2B_250722,34.023952,-118.249528,504
801NB_P2B_250722,34.024155,-118.249888,505
801NB_P2B_250722,34.02433,-118.250201,506
801NB_P2B_250722,34.024436,-118.250397,507
801NB_P2B_250722,34.024503,-118.250523,508
801NB_P2B_250722,34.024575,-118.25067,509
801NB_P2B_250722,34.024782,-118.25111,510
801NB_P2B_250722,34.025041,-118.251673,511
801NB_P2B_250722,34.02532,-118.252273,512
801NB_P2B_250722,34.025606,-118.252887,513
801NB_P2B_250722,34.025954,-118.253641,514
801NB_P2B_250722,34.026192,-118.254151,515
801NB_P2B_250722,34.02637,-118.254519,516
801NB_P2B_250722,34.026615,-118.255024,517
801NB_P2B_250722,34.026795,-118.255403,518
801NB_P2B_250722,34.027091,-118.25605,519
801NB_P2B_250722,34.027205,-118.256309,520
801NB_P2B_250722,34.027359,-118.256667,521
801NB_P2B_250722,34.0275,-118.256975,522
801NB_P2B_250722,34.027643,-118.257285,523
801NB_P2B_250722,34.027801,-118.257618,524
801NB_P2B_250722,34.028006,-118.258059,525
801NB_P2B_250722,34.028142,-118.258349,526
801NB_P2B_250722,34.028256,-118.258595,527
801NB_P2B_250722,34.028454,-118.259017,528
801NB_P2B_250722,34.028618,-118.259372,529
801NB_P2B_250722,34.02874,-118.25963,530
801NB_P2B_250722,34.028885,-118.259939,531
801NB_P2B_250722,34.029016,-118.260218,532
801NB_P2B_250722,34.029124,-118.260451,533
801NB_P2B_250722,34.029245,-118.260713,534
801NB_P2B_250722,34.029316,-118.260862,535
801NB_P2B_250722,34.029482,-118.261222,536
801NB_P2B_250722,34.02966,-118.261602,537
801NB_P2B_250722,34.02979,-118.261885,538
801NB_P2B_250722,34.02994,-118.26221,539
801NB_P2B_250722,34.03006,-118.262473,540
801NB_P2B_250722,34.030171,-118.262709,541
801NB_P2B_250722,34.030286,-118.26296,542
801NB_P2B_250722,34.030415,-118.263241,543
801NB_P2B_250722,34.030542,-118.263522,544
801NB_P2B_250722,34.030684,-118.263827,545
801NB_P2B_250722,34.030838,-118.264163,546
801NB_P2B_250722,34.031072,-118.26467,547
801NB_P2B_250722,34.031211,-118.264976,548
801NB_P2B_250722,34.031362,-118.265314,549
801NB_P2B_250722,34.031485,-118.26559,550
801NB_P2B_250722,34.031843,-118.266379,551
801NB_P2B_250722,34.031936,-118.266586,552
801NB_P2B_250722,34.032083,-118.266916,553
801NB_P2B_250722,34.032248,-118.267285,554
801NB_P2B_250722,34.03244,-118.267711,555
801NB_P2B_250722,34.032606,-118.26808,556
801NB_P2B_250722,34.032753,-118.268397,557
801NB_P2B_250722,34.03292,-118.268746,558
801NB_P2B_250722,34.03303,-118.268993,559
801NB_P2B_250722,34.033253,-118.269489,560
801NB_P2B_250722,34.033351,-118.269709,561
801NB_P2B_250722,34.033428,-118.269868,562
801NB_P2B_250722,34.033481,-118.269995,563
801NB_P2B_250722,34.033573,-118.270227,564
801NB_P2B_250722,34.033652,-118.270378,565
801NB_P2B_250722,34.033717,-118.270455,566
801NB_P2B_250722,34.033831,-118.270528,567
801NB_P2B_250722,34.033954,-118.270554,568
801NB_P2B_250722,34.034051,-118.270546,569
801NB_P2B_250722,34.034161,-118.270494,570
801NB_P2B_250722,34.034276,-118.270428,571
801NB_P2B_250722,34.034595,-118.270226,572
801NB_P2B_250722,34.034872,-118.270052,573
801NB_P2B_250722,34.035139,-118.269884,574
801NB_P2B_250722,34.0354,-118.269718,575
801NB_P2B_250722,34.035678,-118.269539,576
801NB_P2B_250722,34.035939,-118.26937,577
801NB_P2B_250722,34.036165,-118.269221,578
801NB_P2B_250722,34.036395,-118.269075,579
801NB_P2B_250722,34.036685,-118.268892,580
801NB_P2B_250722,34.03691,-118.26875,581
801NB_P2B_250722,34.037131,-118.268607,582
801NB_P2B_250722,34.037374,-118.268452,583
801NB_P2B_250722,34.037641,-118.26828,584
801NB_P2B_250722,34.037841,-118.268152,585
801NB_P2B_250722,34.037875,-118.268133,586
801NB_P2B_250722,34.038114,-118.26798,587
801NB_P2B_250722,34.038386,-118.267804,588
801NB_P2B_250722,34.038679,-118.267621,589
801NB_P2B_250722,34.03887,-118.267503,590
801NB_P2B_250722,34.039106,-118.267353,591
801NB_P2B_250722,34.039292,-118.267236,592
801NB_P2B_250722,34.039496,-118.267107,593
801NB_P2B_250722,34.039685,-118.266974,594
801NB_P2B_250722,34.039886,-118.266834,595
801NB_P2B_250722,34.039979,-118.266772,596
801NB_P2B_250722,34.040026,-118.26673,597
801NB_P2B_250722,34.040114,-118.266647,598
801NB_P2B_250722,34.040336,-118.266437,599
801NB_P2B_250722,34.040539,-118.266246,600
801NB_P2B_250722,34.04075,-118.26605,601
801NB_P2B_250722,34.040931,-118.265885,602
801NB_P2B_250722,34.041076,-118.265748,603
801NB_P2B_250722,34.041222,-118.265614,604
801NB_P2B_250722,34.041406,-118.265444,605
801NB_P2B_250722,34.041609,-118.265256,606
801NB_P2B_250722,34.041876,-118.265007,607
801NB_P2B_250722,34.042139,-118.264762,608
801NB_P2B_250722,34.042475,-118.264444,609
801NB_P2B_250722,34.042672,-118.264264,610
801NB_P2B_250722,34.04281,-118.264134,611
801NB_P2B_250722,34.043051,-118.263912,612
801NB_P2B_250722,34.043415,-118.263582,613
801NB_P2B_250722,34.043838,-118.263197,614
801NB_P2B_250722,34.044255,-118.262816,615
801NB_P2B_250722,34.044592,-118.262511,616
801NB_P2B_250722,34.045029,-118.262108,617
801NB_P2B_250722,34.045392,-118.261769,618
801NB_P2B_250722,34.045755,-118.261428,619
801NB_P2B_250722,34.046094,-118.261108,620
801NB_P2B_250722,34.04646,-118.260767,621
801NB_P2B_250722,34.046862,-118.260389,622
801NB_P2B_250722,34.047187,-118.260084,623
801NB_P2B_250722,34.047593,-118.259701,624
801NB_P2B_250722,34.04795,-118.259365,625
801NB_P2B_250722,34.048234,-118.2591,626
801NB_P2B_250722,34.048369,-118.258976,627
801NB_P2B_250722,34.048486,-118.258853,628
801NB_P2B_250722,34.048704,-118.258636,629
801NB_P2B_250722,34.049405,-118.257973,630
801NB_P2B_250722,34.051914,-118.255637,631
801NB_P2B_250722,34.053874,-118.253873,632
801NB_P2B_250722,34.053895,-118.253854,633
801NB_P2B_250722,34.053916,-118.253834,634
801NB_P2B_250722,34.053936,-118.253814,635
801NB_P2B_250722,34.053957,-118.253795,636
801NB_P2B_250722,34.053978,-118.253775,637
801NB_P2B_250722,34.053999,-118.253754,638
801NB_P2B_250722,34.054019,-118.253734,639
801NB_P2B_250722,34.054039,-118.253713,640
801NB_P2B_250722,34.054059,-118.253692,641
801NB_P2B_250722,34.054072,-118.253678,642
801NB_P2B_250722,34.054086,-118.253663,643
801NB_P2B_250722,34.054157,-118.253579,644
801NB_P2B_250722,34.054224,-118.253489,645
801NB_P2B_250722,34.054286,-118.253394,646
801NB_P2B_250722,34.054343,-118.253295,647
801NB_P2B_250722,34.054395,-118.253192,648
801NB_P2B_250722,34.054441,-118.253085,649
801NB_P2B_250722,34.054482,-118.252975,650
801NB_P2B_250722,34.054517,-118.252862,651
801NB_P2B_250722,34.054545,-118.252746,652
801NB_P2B_250722,34.054568,-118.252629,653
801NB_P2B_250722,34.054585,-118.25251,654
801NB_P2B_250722,34.054595,-118.252405,655
801NB_P2B_250722,34.054698,-118.251253,656
801NB_P2B_250722,34.054707,-118.251151,657
801NB_P2B_250722,34.054712,-118.251025,658
801NB_P2B_250722,34.05471,-118.250899,659
801NB_P2B_250722,34.054701,-118.250773,660
801NB_P2B_250722,34.054686,-118.250648,661
801NB_P2B_250722,34.054663,-118.250525,662
801NB_P2B_250722,34.054634,-118.250404,663
801NB_P2B_250722,34.054599,-118.250285,664
801NB_P2B_250722,34.054557,-118.250169,665
801NB_P2B_250722,34.054509,-118.250057,666
801NB_P2B_250722,34.054454,-118.249949,667
801NB_P2B_250722,34.05443,-118.249905,668
801NB_P2B_250722,34.054409,-118.24987,669
801NB_P2B_250722,34.054389,-118.249835,670
801NB_P2B_250722,34.054368,-118.249801,671
801NB_P2B_250722,34.054346,-118.249767,672
801NB_P2B_250722,34.054325,-118.249733,673
801NB_P2B_250722,34.054303,-118.2497,674
801NB_P2B_250722,34.054292,-118.249683,675
801NB_P2B_250722,34.053677,-118.248732,676
801NB_P2B_250722,34.053444,-118.248374,677
801NB_P2B_250722,34.053209,-118.248018,678
801NB_P2B_250722,34.052875,-118.247514,679
801NB_P2B_250722,34.052622,-118.247129,680
801NB_P2B_250722,34.052371,-118.246743,681
801NB_P2B_250722,34.050904,-118.244472,682
801NB_P2B_250722,34.050876,-118.24443,683
801NB_P2B_250722,34.050849,-118.244387,684
801NB_P2B_250722,34.050822,-118.244345,685
801NB_P2B_250722,34.050795,-118.244303,686
801NB_P2B_250722,34.050768,-118.244261,687
801NB_P2B_250722,34.050736,-118.24421,688
801NB_P2B_250722,34.050597,-118.243991,689
801NB_P2B_250722,34.050461,-118.243769,690
801NB_P2B_250722,34.050435,-118.243726,691
801NB_P2B_250722,34.050409,-118.243682,692
801NB_P2B_250722,34.050383,-118.243639,693
801NB_P2B_250722,34.050358,-118.243596,694
801NB_P2B_250722,34.050332,-118.243553,695
801NB_P2B_250722,34.050301,-118.243501,696
801NB_P2B_250722,34.048981,-118.241289,697
801NB_P2B_250722,34.048961,-118.241255,698
801NB_P2B_250722,34.048925,-118.241194,699
801NB_P2B_250722,34.048904,-118.241159,700
801NB_P2B_250722,34.048889,-118.241132,701
801NB_P2B_250722,34.048865,-118.241088,702
801NB_P2B_250722,34.048846,-118.241052,703
801NB_P2B_250722,34.048827,-118.241016,704
801NB_P2B_250722,34.048776,-118.240904,705
801NB_P2B_250722,34.04873,-118.240788,706
801NB_P2B_250722,34.048691,-118.24067,707
801NB_P2B_250722,34.048658,-118.240548,708
801NB_P2B_250722,34.048632,-118.240424,709
801NB_P2B_250722,34.048613,-118.240299,710
801NB_P2B_250722,34.0486,-118.240172,711
801NB_P2B_250722,34.048594,-118.240044,712
801NB_P2B_250722,34.048595,-118.239917,713
801NB_P2B_250722,34.048603,-118.239789,714
801NB_P2B_250722,34.048618,-118.239663,715
801NB_P2B_250722,34.04863,-118.239589,716
801NB_P2B_250722,34.048641,-118.239524,717
801NB_P2B_250722,34.048652,-118.239468,718
801NB_P2B_250722,34.048664,-118.239411,719
801NB_P2B_250722,34.048795,-118.238756,720
801NB_P2B_250722,34.048909,-118.238187,721
801NB_P2B_250722,34.048941,-118.238077,722
801NB_P2B_250722,34.048963,-118.238012,723
801NB_P2B_250722,34.048991,-118.237949,724
801NB_P2B_250722,34.049025,-118.237891,725
801NB_P2B_250722,34.049064,-118.237838,726
801NB_P2B_250722,34.049108,-118.23779,727
801NB_P2B_250722,34.049155,-118.237749,728
801NB_P2B_250722,34.049207,-118.237714,729
801NB_P2B_250722,34.049261,-118.237685,730
801NB_P2B_250722,34.049317,-118.237665,731
801NB_P2B_250722,34.049375,-118.237651,732
801NB_P2B_250722,34.049434,-118.237646,733
801NB_P2B_250722,34.049452,-118.237645,734
801NB_P2B_250722,34.049469,-118.237646,735
801NB_P2B_250722,34.049487,-118.237647,736
801NB_P2B_250722,34.049505,-118.237648,737
801NB_P2B_250722,34.049522,-118.23765,738
801NB_P2B_250722,34.049544,-118.237652,739
801NB_P2B_250722,34.050758,-118.237767,740
801NB_P2B_250722,34.050857,-118.237777,741
801NB_P2B_250722,34.050928,-118.237783,742
801NB_P2B_250722,34.050999,-118.237789,743
801NB_P2B_250722,34.051069,-118.237795,744
801NB_P2B_250722,34.05114,-118.2378,745
801NB_P2B_250722,34.051197,-118.237804,746
801NB_P2B_250722,34.051426,-118.237831,747
801NB_P2B_250722,34.05258,-118.237788,748
801NB_P2B_250722,34.052724,-118.237777,749
801NB_P2B_250722,34.052868,-118.237762,750
801NB_P2B_250722,34.05306,-118.237736,751
801NB_P2B_250722,34.053193,-118.237712,752
801NB_P2B_250722,34.053216,-118.237709,753
801NB_P2B_250722,34.05332,-118.237689,754
801NB_P2B_250722,34.053385,-118.237655,755
801NB_P2B_250722,34.053438,-118.237617,756
801NB_P2B_250722,34.053483,-118.237564,757
801NB_P2B_250722,34.053522,-118.237494,758
801NB_P2B_250722,34.053556,-118.237382,759
801NB_P2B_250722,34.053566,-118.237292,760
801NB_P2B_250722,34.053562,-118.237197,761
801NB_P2B_250722,34.053531,-118.236959,762
801NB_P2B_250722,34.053443,-118.236297,763
801NB_P2B_250722,34.053419,-118.236106,764
801NB_P2B_250722,34.053409,-118.235992,765
801NB_P2B_250722,34.053405,-118.235891,766
801NB_P2B_250722,34.05341,-118.235821,767
801NB_P2B_250722,34.053422,-118.23574,768
801NB_P2B_250722,34.05345,-118.235629,769
801NB_P2B_250722,34.053503,-118.235512,770
801NB_P2B_250722,34.053572,-118.235405,771
801NB_P2B_250722,34.053686,-118.2353,772
801NB_P2B_250722,34.053756,-118.235258,773
801NB_P2B_250722,34.053818,-118.235232,774
801NB_P2B_250722,34.053898,-118.235202,775
801NB_P2B_250722,34.05408,-118.235167,776
801NB_P2B_250722,34.054239,-118.235141,777
801NB_P2B_250722,34.05433,-118.235129,778
801NB_P2B_250722,34.054622,-118.235072,779
801NB_P2B_250722,34.054879,-118.235026,780
801NB_P2B_250722,34.055002,-118.234993,781
801NB_P2B_250722,34.055109,-118.234955,782
801NB_P2B_250722,34.055226,-118.234912,783
801NB_P2B_250722,34.055329,-118.234868,784
801NB_P2B_250722,34.055394,-118.234847,785
801NB_P2B_250722,34.055477,-118.234821,786
801NB_P2B_250722,34.055577,-118.234798,787
801NB_P2B_250722,34.056452,-118.23461,788
801NB_P2B_250722,34.056856,-118.234533,789
801NB_P2B_250722,34.057035,-118.234502,790
801NB_P2B_250722,34.057141,-118.23448,791
801NB_P2B_250722,34.057244,-118.234452,792
801NB_P2B_250722,34.057395,-118.234402,793
801NB_P2B_250722,34.057455,-118.234381,794
801NB_P2B_250722,34.057524,-118.23435,795
801NB_P2B_250722,34.057596,-118.234317,796
801NB_P2B_250722,34.057699,-118.234267,797
801NB_P2B_250722,34.057795,-118.234216,798
801NB_P2B_250722,34.057966,-118.234122,799
801NB_P2B_250722,34.058346,-118.233909,800
801NB_P2B_250722,34.05862,-118.233758,801
801NB_P2B_250722,34.058789,-118.233661,802
801NB_P2B_250722,34.05894,-118.233577,803
801NB_P2B_250722,34.059017,-118.233534,804
801NB_P2B_250722,34.059103,-118.233486,805
801NB_P2B_250722,34.059184,-118.233449,806
801NB_P2B_250722,34.05927,-118.233416,807
801NB_P2B_250722,34.059361,-118.233394,808
801NB_P2B_250722,34.059443,-118.233381,809
801NB_P2B_250722,34.059539,-118.233375,810
801NB_P2B_250722,34.059638,-118.233381,811
801NB_P2B_250722,34.059737,-118.233389,812
801NB_P2B_250722,34.059833,-118.233412,813
801NB_P2B_250722,34.059923,-118.233448,814
801NB_P2B_250722,34.060034,-118.233516,815
801NB_P2B_250722,34.06011,-118.233573,816
801NB_P2B_250722,34.060251,-118.233687,817
801NB_P2B_250722,34.060361,-118.233786,818
801NB_P2B_250722,34.060492,-118.233922,819
801NB_P2B_250722,34.060594,-118.234036,820
801NB_P2B_250722,34.060682,-118.234146,821
801NB_P2B_250722,34.060754,-118.234247,822
801NB_P2B_250722,34.060864,-118.234414,823
801NB_P2B_250722,34.060923,-118.234511,824
801NB_P2B_250722,34.06099,-118.234626,825
801NB_P2B_250722,34.061117,-118.234856,826
801NB_P2B_250722,34.061167,-118.234945,827
801NB_P2B_250722,34.061223,-118.235048,828
801NB_P2B_250722,34.061295,-118.235174,829
801NB_P2B_250722,34.061387,-118.235316,830
801NB_P2B_250722,34.061459,-118.23542,831
801NB_P2B_250722,34.061597,-118.235578,832
801NB_P2B_250722,34.061719,-118.235694,833
801NB_P2B_250722,34.061836,-118.235785,834
801NB_P2B_250722,34.061952,-118.23586,835
801NB_P2B_250722,34.062066,-118.235924,836
801NB_P2B_250722,34.062156,-118.235962,837
801NB_P2B_250722,34.062215,-118.235988,838
801NB_P2B_250722,34.062319,-118.236018,839
801NB_P2B_250722,34.062414,-118.236041,840
801NB_P2B_250722,34.062499,-118.236059,841
801NB_P2B_250722,34.062603,-118.236072,842
801NB_P2B_250722,34.062672,-118.236075,843
801NB_P2B_250722,34.062814,-118.236073,844
801NB_P2B_250722,34.062914,-118.236059,845
801NB_P2B_250722,34.062986,-118.236047,846
801NB_P2B_250722,34.063064,-118.236028,847
801NB_P2B_250722,34.063141,-118.236009,848
801NB_P2B_250722,34.063492,-118.235895,849
801NB_P2B_250722,34.064122,-118.235684,850
801NB_P2B_250722,34.064485,-118.235567,851
801NB_P2B_250722,34.064735,-118.235482,852
801NB_P2B_250722,34.064926,-118.235419,853
801NB_P2B_250722,34.065092,-118.235367,854
801NB_P2B_250722,34.065523,-118.235231,855
801NB_P2B_250722,34.065882,-118.235117,856
801NB_P2B_250722,34.066049,-118.235061,857
801NB_P2B_250722,34.066184,-118.235017,858
801NB_P2B_250722,34.066327,-118.234963,859
801NB_P2B_250722,34.066444,-118.234918,860
801NB_P2B_250722,34.06655,-118.234875,861
801NB_P2B_250722,34.066653,-118.23483,862
801NB_P2B_250722,34.066765,-118.234774,863
801NB_P2B_250722,34.066868,-118.234718,864
801NB_P2B_250722,34.067033,-118.234624,865
801NB_P2B_250722,34.067165,-118.23454,866
801NB_P2B_250722,34.067255,-118.234477,867
801NB_P2B_250722,34.067354,-118.234406,868
801NB_P2B_250722,34.067478,-118.234315,869
801NB_P2B_250722,34.067569,-118.234245,870
801NB_P2B_250722,34.067673,-118.234159,871
801NB_P2B_250722,34.067746,-118.2341,872
801NB_P2B_250722,34.067846,-118.234,873
801NB_P2B_250722,34.067933,-118.233917,874
801NB_P2B_250722,34.067993,-118.233853,875
801NB_P2B_250722,34.068088,-118.23374,876
801NB_P2B_250722,34.06815,-118.233671,877
801NB_P2B_250722,34.068218,-118.233589,878
801NB_P2B_250722,34.068308,-118.233477,879
801NB_P2B_250722,34.068391,-118.233363,880
801NB_P2B_250722,34.068468,-118.23326,881
801NB_P2B_250722,34.068529,-118.233172,882
801NB_P2B_250722,34.068653,-118.232974,883
801NB_P2B_250722,34.068781,-118.232763,884
801NB_P2B_250722,34.069023,-118.232371,885
801NB_P2B_250722,34.069132,-118.23219,886
801NB_P2B_250722,34.069283,-118.231939,887
801NB_P2B_250722,34.069389,-118.23176,888
801NB_P2B_250722,34.069503,-118.231574,889
801NB_P2B_250722,34.06957,-118.231454,890
801NB_P2B_250722,34.069626,-118.231354,891
801NB_P2B_250722,34.069691,-118.231227,892
801NB_P2B_250722,34.069747,-118.231109,893
801NB_P2B_250722,34.06982,-118.230955,894
801NB_P2B_250722,34.069862,-118.230857,895
801NB_P2B_250722,34.070085,-118.230298,896
801NB_P2B_250722,34.070296,-118.229726,897
801NB_P2B_250722,34.070556,-118.229053,898
801NB_P2B_250722,34.070761,-118.228508,899
801NB_P2B_250722,34.070933,-118.228057,900
801NB_P2B_250722,34.071011,-118.227851,901
801NB_P2B_250722,34.071107,-118.227606,902
801NB_P2B_250722,34.071179,-118.227434,903
801NB_P2B_250722,34.071253,-118.227267,904
801NB_P2B_250722,34.07133,-118.227119,905
801NB_P2B_250722,34.071402,-118.226992,906
801NB_P2B_250722,34.071466,-118.226887,907
801NB_P2B_250722,34.071558,-118.226762,908
801NB_P2B_250722,34.071659,-118.226633,909
801NB_P2B_250722,34.071808,-118.226467,910
801NB_P2B_250722,34.071895,-118.226381,911
801NB_P2B_250722,34.071968,-118.22632,912
801NB_P2B_250722,34.072076,-118.226236,913
801NB_P2B_250722,34.072155,-118.22618,914
801NB_P2B_250722,34.072251,-118.226119,915
801NB_P2B_250722,34.072379,-118.226046,916
801NB_P2B_250722,34.072519,-118.225982,917
801NB_P2B_250722,34.072612,-118.225942,918
801NB_P2B_250722,34.072754,-118.225891,919
801NB_P2B_250722,34.072916,-118.225834,920
801NB_P2B_250722,34.073124,-118.225754,921
801NB_P2B_250722,34.073256,-118.225708,922
801NB_P2B_250722,34.07341,-118.225656,923
801NB_P2B_250722,34.073595,-118.22559,924
801NB_P2B_250722,34.073805,-118.225511,925
801NB_P2B_250722,34.074123,-118.22539,926
801NB_P2B_250722,34.074597,-118.225205,927
801NB_P2B_250722,34.075012,-118.225038,928
801NB_P2B_250722,34.075195,-118.224968,929
801NB_P2B_250722,34.075418,-118.224874,930
801NB_P2B_250722,34.075654,-118.224783,931
801NB_P2B_250722,34.07581,-118.224722,932
801NB_P2B_250722,34.075925,-118.224677,933
801NB_P2B_250722,34.076651,-118.224408,934
801NB_P2B_250722,34.076822,-118.224344,935
801NB_P2B_250722,34.077036,-118.224258,936
801NB_P2B_250722,34.077208,-118.224183,937
801NB_P2B_250722,34.077369,-118.22411,938
801NB_P2B_250722,34.077489,-118.22405,939
801NB_P2B_250722,34.077588,-118.223997,940
801NB_P2B_250722,34.077688,-118.223943,941
801NB_P2B_250722,34.077811,-118.223869,942
801NB_P2B_250722,34.077918,-118.223805,943
801NB_P2B_250722,34.078029,-118.223736,944
801NB_P2B_250722,34.078229,-118.223601,945
801NB_P2B_250722,34.078428,-118.223449,946
801NB_P2B_250722,34.078568,-118.223341,947
801NB_P2B_250722,34.078665,-118.223258,948
801NB_P2B_250722,34.078736,-118.223198,949
801NB_P2B_250722,34.078797,-118.223141,950
801NB_P2B_250722,34.07888,-118.223069,951
801NB_P2B_250722,34.079054,-118.222898,952
801NB_P2B_250722,34.079146,-118.222805,953
801NB_P2B_250722,34.079226,-118.222722,954
801NB_P2B_250722,34.079293,-118.222646,955
801NB_P2B_250722,34.079369,-118.22256,956
801NB_P2B_250722,34.07945,-118.222472,957
801NB_P2B_250722,34.079508,-118.2224,958
801NB_P2B_250722,34.079584,-118.22231,959
801NB_P2B_250722,34.079666,-118.222201,960
801NB_P2B_250722,34.079807,-118.222017,961
801NB_P2B_250722,34.079915,-118.221865,962
801NB_P2B_250722,34.080659,-118.220804,963
801NB_P2B_250722,34.080825,-118.220569,964
801NB_P2B_250722,34.081045,-118.220253,965
801NB_P2B_250722,34.081418,-118.219723,966
801NB_P2B_250722,34.081863,-118.21909,967
801NB_P2B_250722,34.082159,-118.218677,968
801NB_P2B_250722,34.082391,-118.218367,969
801NB_P2B_250722,34.082527,-118.218197,970
801NB_P2B_250722,34.082695,-118.217982,971
801NB_P2B_250722,34.082787,-118.217868,972
801NB_P2B_250722,34.082871,-118.217761,973
801NB_P2B_250722,34.082986,-118.217623,974
801NB_P2B_250722,34.083069,-118.217526,975
801NB_P2B_250722,34.083177,-118.217396,976
801NB_P2B_250722,34.083297,-118.217259,977
801NB_P2B_250722,34.083401,-118.217138,978
801NB_P2B_250722,34.083564,-118.216957,979
801NB_P2B_250722,34.083652,-118.216858,980
801NB_P2B_250722,34.083804,-118.216698,981
801NB_P2B_250722,34.08389,-118.216608,982
801NB_P2B_250722,34.084026,-118.216465,983
801NB_P2B_250722,34.084187,-118.216298,984
801NB_P2B_250722,34.084558,-118.215914,985
801NB_P2B_250722,34.084742,-118.215724,986
801NB_P2B_250722,34.085244,-118.215207,987
801NB_P2B_250722,34.085761,-118.214678,988
801NB_P2B_250722,34.08606,-118.21437,989
801NB_P2B_250722,34.086437,-118.213987,990
801NB_P2B_250722,34.086651,-118.213755,991
801NB_P2B_250722,34.086847,-118.213557,992
801NB_P2B_250722,34.08733,-118.213056,993
801NB_P2B_250722,34.087535,-118.212839,994
801NB_P2B_250722,34.087742,-118.212639,995
801NB_P2B_250722,34.087944,-118.21243,996
801NB_P2B_250722,34.088135,-118.212247,997
801NB_P2B_250722,34.088328,-118.212071,998
801NB_P2B_250722,34.088499,-118.211944,999
801NB_P2B_250722,34.088692,-118.211817,1000
801NB_P2B_250722,34.088859,-118.21172,1001
801NB_P2B_250722,34.08901,-118.211641,1002
801NB_P2B_250722,34.089132,-118.211583,1003
801NB_P2B_250722,34.089246,-118.211534,1004
801NB_P2B_250722,34.089366,-118.21149,1005
801NB_P2B_250722,34.08953,-118.211436,1006
801NB_P2B_250722,34.089624,-118.211415,1007
801NB_P2B_250722,34.089767,-118.211375,1008
801NB_P2B_250722,34.089917,-118.211348,1009
801NB_P2B_250722,34.090071,-118.211329,1010
801NB_P2B_250722,34.090163,-118.211319,1011
801NB_P2B_250722,34.090261,-118.211313,1012
801NB_P2B_250722,34.090399,-118.211306,1013
801NB_P2B_250722,34.090536,-118.211305,1014
801NB_P2B_250722,34.090744,-118.2113,1015
801NB_P2B_250722,34.090897,-118.211302,1016
801NB_P2B_250722,34.091129,-118.211315,1017
801NB_P2B_250722,34.091434,-118.211336,1018
801NB_P2B_250722,34.091662,-118.211357,1019
801NB_P2B_250722,34.09182,-118.211375,1020
801NB_P2B_250722,34.092198,-118.211401,1021
801NB_P2B_250722,34.092421,-118.211409,1022
801NB_P2B_250722,34.092571,-118.211405,1023
801NB_P2B_250722,34.092764,-118.211387,1024
801NB_P2B_250722,34.092913,-118.211363,1025
801NB_P2B_250722,34.093009,-118.211342,1026
801NB_P2B_250722,34.093123,-118.21131,1027
801NB_P2B_250722,34.093232,-118.211273,1028
801NB_P2B_250722,34.093325,-118.211239,1029
801NB_P2B_250722,34.093417,-118.211204,1030
801NB_P2B_250722,34.093503,-118.211157,1031
801NB_P2B_250722,34.09358,-118.211117,1032
801NB_P2B_250722,34.093668,-118.21107,1033
801NB_P2B_250722,34.093717,-118.211038,1034
801NB_P2B_250722,34.093804,-118.210981,1035
801NB_P2B_250722,34.0939,-118.210912,1036
801NB_P2B_250722,34.093974,-118.210855,1037
801NB_P2B_250722,34.094212,-118.210639,1038
801NB_P2B_250722,34.094493,-118.210343,1039
801NB_P2B_250722,34.094694,-118.210129,1040
801NB_P2B_250722,34.094875,-118.209939,1041
801NB_P2B_250722,34.095055,-118.209764,1042
801NB_P2B_250722,34.095173,-118.209653,1043
801NB_P2B_250722,34.095291,-118.209553,1044
801NB_P2B_250722,34.095372,-118.209491,1045
801NB_P2B_250722,34.095443,-118.209438,1046
801NB_P2B_250722,34.095527,-118.209384,1047
801NB_P2B_250722,34.095734,-118.209247,1048
801NB_P2B_250722,34.095954,-118.20912,1049
801NB_P2B_250722,34.096295,-118.208919,1050
801NB_P2B_250722,34.096398,-118.208853,1051
801NB_P2B_250722,34.096499,-118.208787,1052
801NB_P2B_250722,34.096619,-118.208696,1053
801NB_P2B_250722,34.09673,-118.208609,1054
801NB_P2B_250722,34.096824,-118.208534,1055
801NB_P2B_250722,34.096909,-118.208454,1056
801NB_P2B_250722,34.096966,-118.208397,1057
801NB_P2B_250722,34.097085,-118.208278,1058
801NB_P2B_250722,34.097154,-118.208204,1059
801NB_P2B_250722,34.09721,-118.20814,1060
801NB_P2B_250722,34.097282,-118.208057,1061
801NB_P2B_250722,34.097344,-118.207976,1062
801NB_P2B_250722,34.0974,-118.207898,1063
801NB_P2B_250722,34.097504,-118.207746,1064
801NB_P2B_250722,34.097646,-118.207536,1065
801NB_P2B_250722,34.097804,-118.207297,1066
801NB_P2B_250722,34.098191,-118.206693,1067
801NB_P2B_250722,34.098463,-118.20628,1068
801NB_P2B_250722,34.098607,-118.206077,1069
801NB_P2B_250722,34.098735,-118.205907,1070
801NB_P2B_250722,34.098791,-118.205832,1071
801NB_P2B_250722,34.098897,-118.205702,1072
801NB_P2B_250722,34.098958,-118.205638,1073
801NB_P2B_250722,34.099033,-118.205555,1074
801NB_P2B_250722,34.099119,-118.205471,1075
801NB_P2B_250722,34.099198,-118.205405,1076
801NB_P2B_250722,34.099279,-118.205335,1077
801NB_P2B_250722,34.099361,-118.20527,1078
801NB_P2B_250722,34.099472,-118.205193,1079
801NB_P2B_250722,34.099567,-118.205136,1080
801NB_P2B_250722,34.09967,-118.205081,1081
801NB_P2B_250722,34.099774,-118.205028,1082
801NB_P2B_250722,34.099876,-118.204982,1083
801NB_P2B_250722,34.099972,-118.204944,1084
801NB_P2B_250722,34.100079,-118.204907,1085
801NB_P2B_250722,34.100219,-118.204865,1086
801NB_P2B_250722,34.100368,-118.204833,1087
801NB_P2B_250722,34.100488,-118.204816,1088
801NB_P2B_250722,34.100665,-118.204802,1089
801NB_P2B_250722,34.10076,-118.204801,1090
801NB_P2B_250722,34.100912,-118.204801,1091
801NB_P2B_250722,34.101392,-118.204811,1092
801NB_P2B_250722,34.101916,-118.204822,1093
801NB_P2B_250722,34.102281,-118.204826,1094
801NB_P2B_250722,34.102516,-118.204818,1095
801NB_P2B_250722,34.102698,-118.204804,1096
801NB_P2B_250722,34.102868,-118.204782,1097
801NB_P2B_250722,34.103054,-118.204753,1098
801NB_P2B_250722,34.103245,-118.204714,1099
801NB_P2B_250722,34.103506,-118.204645,1100
801NB_P2B_250722,34.103682,-118.204593,1101
801NB_P2B_250722,34.103881,-118.204517,1102
801NB_P2B_250722,34.104049,-118.204448,1103
801NB_P2B_250722,34.104176,-118.204389,1104
801NB_P2B_250722,34.10429,-118.204329,1105
801NB_P2B_250722,34.104377,-118.204283,1106
801NB_P2B_250722,34.104518,-118.204203,1107
801NB_P2B_250722,34.104708,-118.204082,1108
801NB_P2B_250722,34.104864,-118.203972,1109
801NB_P2B_250722,34.104979,-118.203886,1110
801NB_P2B_250722,34.105075,-118.203812,1111
801NB_P2B_250722,34.105245,-118.203665,1112
801NB_P2B_250722,34.105362,-118.20356,1113
801NB_P2B_250722,34.105493,-118.203432,1114
801NB_P2B_250722,34.105612,-118.203307,1115
801NB_P2B_250722,34.105734,-118.20317,1116
801NB_P2B_250722,34.105811,-118.203081,1117
801NB_P2B_250722,34.105953,-118.202902,1118
801NB_P2B_250722,34.106065,-118.202749,1119
801NB_P2B_250722,34.106178,-118.202589,1120
801NB_P2B_250722,34.106284,-118.202426,1121
801NB_P2B_250722,34.106365,-118.202289,1122
801NB_P2B_250722,34.10644,-118.202159,1123
801NB_P2B_250722,34.106488,-118.202072,1124
801NB_P2B_250722,34.106593,-118.201871,1125
801NB_P2B_250722,34.106714,-118.201628,1126
801NB_P2B_250722,34.107042,-118.20096,1127
801NB_P2B_250722,34.107486,-118.200061,1128
801NB_P2B_250722,34.107875,-118.199277,1129
801NB_P2B_250722,34.108325,-118.198353,1130
801NB_P2B_250722,34.108637,-118.197729,1131
801NB_P2B_250722,34.108896,-118.197188,1132
801NB_P2B_250722,34.109263,-118.196444,1133
801NB_P2B_250722,34.109574,-118.195805,1134
801NB_P2B_250722,34.109864,-118.195214,1135
801NB_P2B_250722,34.110161,-118.194609,1136
801NB_P2B_250722,34.110596,-118.193732,1137
801NB_P2B_250722,34.110662,-118.193581,1138
801NB_P2B_250722,34.110877,-118.193124,1139
801NB_P2B_250722,34.111073,-118.192727,1140
801NB_P2B_250722,34.111345,-118.192174,1141
801NB_P2B_250722,34.111575,-118.191703,1142
801NB_P2B_250722,34.111636,-118.191581,1143
801NB_P2B_250722,34.111682,-118.19148,1144
801NB_P2B_250722,34.11172,-118.191392,1145
801NB_P2B_250722,34.111773,-118.191257,1146
801NB_P2B_250722,34.111827,-118.191128,1147
801NB_P2B_250722,34.11189,-118.190952,1148
801NB_P2B_250722,34.11193,-118.190825,1149
801NB_P2B_250722,34.111959,-118.190722,1150
801NB_P2B_250722,34.111991,-118.190621,1151
801NB_P2B_250722,34.112008,-118.190555,1152
801NB_P2B_250722,34.112054,-118.190348,1153
801NB_P2B_250722,34.112082,-118.19018,1154
801NB_P2B_250722,34.112106,-118.190014,1155
801NB_P2B_250722,34.112125,-118.189832,1156
801NB_P2B_250722,34.112134,-118.189697,1157
801NB_P2B_250722,34.112144,-118.189565,1158
801NB_P2B_250722,34.112148,-118.189468,1159
801NB_P2B_250722,34.112148,-118.189265,1160
801NB_P2B_250722,34.11214,-118.189075,1161
801NB_P2B_250722,34.112125,-118.188864,1162
801NB_P2B_250722,34.11211,-118.188709,1163
801NB_P2B_250722,34.112085,-118.188531,1164
801NB_P2B_250722,34.112034,-118.188255,1165
801NB_P2B_250722,34.111994,-118.188093,1166
801NB_P2B_250722,34.111958,-118.187957,1167
801NB_P2B_250722,34.111917,-118.187803,1168
801NB_P2B_250722,34.111494,-118.186386,1169
801NB_P2B_250722,34.111164,-118.185307,1170
801NB_P2B_250722,34.110803,-118.184095,1171
801NB_P2B_250722,34.110656,-118.183553,1172
801NB_P2B_250722,34.11055,-118.183159,1173
801NB_P2B_250722,34.110445,-118.182787,1174
801NB_P2B_250722,34.110427,-118.182721,1175
801NB_P2B_250722,34.110396,-118.182605,1176
801NB_P2B_250722,34.110352,-118.182446,1177
801NB_P2B_250722,34.110316,-118.182317,1178
801NB_P2B_250722,34.110229,-118.182008,1179
801NB_P2B_250722,34.110192,-118.181869,1180
801NB_P2B_250722,34.110149,-118.181701,1181
801NB_P2B_250722,34.110127,-118.181607,1182
801NB_P2B_250722,34.110101,-118.181494,1183
801NB_P2B_250722,34.11008,-118.181394,1184
801NB_P2B_250722,34.110051,-118.181246,1185
801NB_P2B_250722,34.11003,-118.181111,1186
801NB_P2B_250722,34.110016,-118.18102,1187
801NB_P2B_250722,34.11,-118.180896,1188
801NB_P2B_250722,34.109986,-118.180766,1189
801NB_P2B_250722,34.109973,-118.18063,1190
801NB_P2B_250722,34.109963,-118.180491,1191
801NB_P2B_250722,34.10996,-118.18039,1192
801NB_P2B_250722,34.109953,-118.18009,1193
801NB_P2B_250722,34.109956,-118.179924,1194
801NB_P2B_250722,34.109961,-118.179789,1195
801NB_P2B_250722,34.109968,-118.179683,1196
801NB_P2B_250722,34.109991,-118.179425,1197
801NB_P2B_250722,34.110014,-118.179226,1198
801NB_P2B_250722,34.110036,-118.179072,1199
801NB_P2B_250722,34.110087,-118.17876,1200
801NB_P2B_250722,34.110111,-118.178618,1201
801NB_P2B_250722,34.110158,-118.178358,1202
801NB_P2B_250722,34.1102,-118.178124,1203
801NB_P2B_250722,34.110233,-118.177944,1204
801NB_P2B_250722,34.110257,-118.177807,1205
801NB_P2B_250722,34.110291,-118.177611,1206
801NB_P2B_250722,34.110313,-118.177486,1207
801NB_P2B_250722,34.110355,-118.177254,1208
801NB_P2B_250722,34.110412,-118.176935,1209
801NB_P2B_250722,34.11046,-118.176672,1210
801NB_P2B_250722,34.110499,-118.176452,1211
801NB_P2B_250722,34.110543,-118.176209,1212
801NB_P2B_250722,34.110562,-118.176109,1213
801NB_P2B_250722,34.11058,-118.176002,1214
801NB_P2B_250722,34.110611,-118.175837,1215
801NB_P2B_250722,34.110643,-118.175674,1216
801NB_P2B_250722,34.110676,-118.175512,1217
801NB_P2B_250722,34.110713,-118.175333,1218
801NB_P2B_250722,34.110745,-118.175186,1219
801NB_P2B_250722,34.11078,-118.175034,1220
801NB_P2B_250722,34.110818,-118.174868,1221
801NB_P2B_250722,34.110833,-118.174805,1222
801NB_P2B_250722,34.110869,-118.17466,1223
801NB_P2B_250722,34.1109,-118.174532,1224
801NB_P2B_250722,34.110966,-118.174283,1225
801NB_P2B_250722,34.111089,-118.173838,1226
801NB_P2B_250722,34.111183,-118.173517,1227
801NB_P2B_250722,34.111309,-118.173108,1228
801NB_P2B_250722,34.111483,-118.172546,1229
801NB_P2B_250722,34.111596,-118.172179,1230
801NB_P2B_250722,34.111713,-118.171779,1231
801NB_P2B_250722,34.111758,-118.171594,1232
801NB_P2B_250722,34.111819,-118.171327,1233
801NB_P2B_250722,34.111867,-118.171078,1234
801NB_P2B_250722,34.111892,-118.170937,1235
801NB_P2B_250722,34.111922,-118.170714,1236
801NB_P2B_250722,34.112005,-118.169739,1237
801NB_P2B_250722,34.112047,-118.169137,1238
801NB_P2B_250722,34.112085,-118.168582,1239
801NB_P2B_250722,34.112105,-118.168284,1240
801NB_P2B_250722,34.11217,-118.167365,1241
801NB_P2B_250722,34.112193,-118.167024,1242
801NB_P2B_250722,34.112215,-118.166709,1243
801NB_P2B_250722,34.112241,-118.166344,1244
801NB_P2B_250722,34.112263,-118.165991,1245
801NB_P2B_250722,34.112284,-118.165698,1246
801NB_P2B_250722,34.112308,-118.165378,1247
801NB_P2B_250722,34.112331,-118.165042,1248
801NB_P2B_250722,34.112365,-118.164512,1249
801NB_P2B_250722,34.11239,-118.164168,1250
801NB_P2B_250722,34.112429,-118.163618,1251
801NB_P2B_250722,34.112455,-118.163245,1252
801NB_P2B_250722,34.112481,-118.162869,1253
801NB_P2B_250722,34.112499,-118.16259,1254
801NB_P2B_250722,34.112514,-118.162391,1255
801NB_P2B_250722,34.112532,-118.16211,1256
801NB_P2B_250722,34.112554,-118.161848,1257
801NB_P2B_250722,34.112567,-118.161712,1258
801NB_P2B_250722,34.112586,-118.161564,1259
801NB_P2B_250722,34.112603,-118.161462,1260
801NB_P2B_250722,34.112626,-118.161328,1261
801NB_P2B_250722,34.112665,-118.161165,1262
801NB_P2B_250722,34.11271,-118.161015,1263
801NB_P2B_250722,34.112745,-118.160907,1264
801NB_P2B_250722,34.112784,-118.160801,1265
801NB_P2B_250722,34.112823,-118.160696,1266
801NB_P2B_250722,34.112881,-118.160567,1267
801NB_P2B_250722,34.112937,-118.160454,1268
801NB_P2B_250722,34.113004,-118.160332,1269
801NB_P2B_250722,34.113072,-118.160216,1270
801NB_P2B_250722,34.113162,-118.160081,1271
801NB_P2B_250722,34.113246,-118.159968,1272
801NB_P2B_250722,34.113338,-118.159855,1273
801NB_P2B_250722,34.113437,-118.159737,1274
801NB_P2B_250722,34.113508,-118.159658,1275
801NB_P2B_250722,34.113583,-118.159575,1276
801NB_P2B_250722,34.113742,-118.159411,1277
801NB_P2B_250722,34.113891,-118.15926,1278
801NB_P2B_250722,34.114155,-118.158984,1279
801NB_P2B_250722,34.114345,-118.158784,1280
801NB_P2B_250722,34.114389,-118.15874,1281
801NB_P2B_250722,34.114451,-118.158674,1282
801NB_P2B_250722,34.114497,-118.158624,1283
801NB_P2B_250722,34.114537,-118.158576,1284
801NB_P2B_250722,34.114831,-118.158253,1285
801NB_P2B_250722,34.11493,-118.158141,1286
801NB_P2B_250722,34.115027,-118.158033,1287
801NB_P2B_250722,34.115205,-118.157826,1288
801NB_P2B_250722,34.115311,-118.157704,1289
801NB_P2B_250722,34.115426,-118.15757,1290
801NB_P2B_250722,34.115518,-118.157461,1291
801NB_P2B_250722,34.115692,-118.157247,1292
801NB_P2B_250722,34.115779,-118.157139,1293
801NB_P2B_250722,34.11592,-118.15696,1294
801NB_P2B_250722,34.116055,-118.156791,1295
801NB_P2B_250722,34.11614,-118.156679,1296
801NB_P2B_250722,34.116218,-118.156573,1297
801NB_P2B_250722,34.116385,-118.156359,1298
801NB_P2B_250722,34.116513,-118.156188,1299
801NB_P2B_250722,34.116596,-118.156076,1300
801NB_P2B_250722,34.116795,-118.155805,1301
801NB_P2B_250722,34.116988,-118.155532,1302
801NB_P2B_250722,34.117126,-118.155341,1303
801NB_P2B_250722,34.117253,-118.155163,1304
801NB_P2B_250722,34.117333,-118.155049,1305
801NB_P2B_250722,34.117444,-118.154893,1306
801NB_P2B_250722,34.117524,-118.154786,1307
801NB_P2B_250722,34.117663,-118.154604,1308
801NB_P2B_250722,34.117732,-118.154511,1309
801NB_P2B_250722,34.117845,-118.154364,1310
801NB_P2B_250722,34.117976,-118.154187,1311
801NB_P2B_250722,34.118058,-118.154073,1312
801NB_P2B_250722,34.118142,-118.153961,1313
801NB_P2B_250722,34.118259,-118.153806,1314
801NB_P2B_250722,34.118381,-118.153647,1315
801NB_P2B_250722,34.118515,-118.153474,1316
801NB_P2B_250722,34.118628,-118.153332,1317
801NB_P2B_250722,34.118909,-118.152975,1318
801NB_P2B_250722,34.119115,-118.152714,1319
801NB_P2B_250722,34.11922,-118.152577,1320
801NB_P2B_250722,34.119304,-118.152459,1321
801NB_P2B_250722,34.119396,-118.152327,1322
801NB_P2B_250722,34.119505,-118.152163,1323
801NB_P2B_250722,34.119588,-118.152039,1324
801NB_P2B_250722,34.11969,-118.151896,1325
801NB_P2B_250722,34.11977,-118.151785,1326
801NB_P2B_250722,34.119887,-118.151638,1327
801NB_P2B_250722,34.119953,-118.151563,1328
801NB_P2B_250722,34.120064,-118.151447,1329
801NB_P2B_250722,34.120146,-118.151373,1330
801NB_P2B_250722,34.120199,-118.151328,1331
801NB_P2B_250722,34.12024,-118.151292,1332
801NB_P2B_250722,34.120285,-118.151257,1333
801NB_P2B_250722,34.120362,-118.151207,1334
801NB_P2B_250722,34.120453,-118.15115,1335
801NB_P2B_250722,34.120534,-118.151103,1336
801NB_P2B_250722,34.120642,-118.151049,1337
801NB_P2B_250722,34.120709,-118.151017,1338
801NB_P2B_250722,34.120838,-118.150958,1339
801NB_P2B_250722,34.120981,-118.150898,1340
801NB_P2B_250722,34.121043,-118.150874,1341
801NB_P2B_250722,34.121128,-118.150841,1342
801NB_P2B_250722,34.12119,-118.150819,1343
801NB_P2B_250722,34.121262,-118.150798,1344
801NB_P2B_250722,34.121353,-118.150769,1345
801NB_P2B_250722,34.12141,-118.150756,1346
801NB_P2B_250722,34.121448,-118.150746,1347
801NB_P2B_250722,34.121487,-118.150737,1348
801NB_P2B_250722,34.12153,-118.150728,1349
801NB_P2B_250722,34.121608,-118.150714,1350
801NB_P2B_250722,34.121727,-118.150697,1351
801NB_P2B_250722,34.121798,-118.150689,1352
801NB_P2B_250722,34.121875,-118.150687,1353
801NB_P2B_250722,34.12193,-118.150683,1354
801NB_P2B_250722,34.122028,-118.150685,1355
801NB_P2B_250722,34.122099,-118.150688,1356
801NB_P2B_250722,34.122171,-118.150692,1357
801NB_P2B_250722,34.122287,-118.1507,1358
801NB_P2B_250722,34.122427,-118.150713,1359
801NB_P2B_250722,34.122541,-118.150726,1360
801NB_P2B_250722,34.122656,-118.15074,1361
801NB_P2B_250722,34.122809,-118.150754,1362
801NB_P2B_250722,34.122927,-118.150765,1363
801NB_P2B_250722,34.123091,-118.150777,1364
801NB_P2B_250722,34.123192,-118.150778,1365
801NB_P2B_250722,34.123312,-118.150777,1366
801NB_P2B_250722,34.123447,-118.150767,1367
801NB_P2B_250722,34.123572,-118.15075,1368
801NB_P2B_250722,34.123674,-118.150734,1369
801NB_P2B_250722,34.123761,-118.150719,1370
801NB_P2B_250722,34.123837,-118.150701,1371
801NB_P2B_250722,34.123884,-118.150691,1372
801NB_P2B_250722,34.12392,-118.150682,1373
801NB_P2B_250722,34.12396,-118.150674,1374
801NB_P2B_250722,34.12404,-118.150653,1375
801NB_P2B_250722,34.124101,-118.150632,1376
801NB_P2B_250722,34.124197,-118.150596,1377
801NB_P2B_250722,34.124244,-118.150577,1378
801NB_P2B_250722,34.124303,-118.150551,1379
801NB_P2B_250722,34.124363,-118.150522,1380
801NB_P2B_250722,34.124402,-118.150502,1381
801NB_P2B_250722,34.124503,-118.150446,1382
801NB_P2B_250722,34.124553,-118.150418,1383
801NB_P2B_250722,34.124599,-118.150385,1384
801NB_P2B_250722,34.124656,-118.150344,1385
801NB_P2B_250722,34.12483,-118.150215,1386
801NB_P2B_250722,34.124894,-118.150165,1387
801NB_P2B_250722,34.124949,-118.15011,1388
801NB_P2B_250722,34.125046,-118.150007,1389
801NB_P2B_250722,34.125126,-118.149918,1390
801NB_P2B_250722,34.125185,-118.14985,1391
801NB_P2B_250722,34.125302,-118.149706,1392
801NB_P2B_250722,34.125397,-118.149587,1393
801NB_P2B_250722,34.125558,-118.149391,1394
801NB_P2B_250722,34.125731,-118.149172,1395
801NB_P2B_250722,34.125884,-118.148993,1396
801NB_P2B_250722,34.125931,-118.148935,1397
801NB_P2B_250722,34.125987,-118.148877,1398
801NB_P2B_250722,34.126059,-118.148801,1399
801NB_P2B_250722,34.12611,-118.148749,1400
801NB_P2B_250722,34.1262,-118.148655,1401
801NB_P2B_250722,34.126274,-118.148578,1402
801NB_P2B_250722,34.126434,-118.148421,1403
801NB_P2B_250722,34.126475,-118.148383,1404
801NB_P2B_250722,34.126508,-118.148355,1405
801NB_P2B_250722,34.126548,-118.148322,1406
801NB_P2B_250722,34.126587,-118.148292,1407
801NB_P2B_250722,34.126636,-118.148256,1408
801NB_P2B_250722,34.126693,-118.148218,1409
801NB_P2B_250722,34.12675,-118.14819,1410
801NB_P2B_250722,34.12681,-118.14816,1411
801NB_P2B_250722,34.126853,-118.148137,1412
801NB_P2B_250722,34.12689,-118.148121,1413
801NB_P2B_250722,34.126921,-118.14811,1414
801NB_P2B_250722,34.12696,-118.148097,1415
801NB_P2B_250722,34.127004,-118.148082,1416
801NB_P2B_250722,34.127032,-118.148074,1417
801NB_P2B_250722,34.127055,-118.148067,1418
801NB_P2B_250722,34.127104,-118.148056,1419
801NB_P2B_250722,34.127159,-118.148047,1420
801NB_P2B_250722,34.127211,-118.148037,1421
801NB_P2B_250722,34.127474,-118.148025,1422
801NB_P2B_250722,34.127832,-118.14803,1423
801NB_P2B_250722,34.12799,-118.148028,1424
801NB_P2B_250722,34.128125,-118.148028,1425
801NB_P2B_250722,34.128438,-118.148032,1426
801NB_P2B_250722,34.128818,-118.148034,1427
801NB_P2B_250722,34.129645,-118.148039,1428
801NB_P2B_250722,34.13012,-118.148047,1429
801NB_P2B_250722,34.130528,-118.14805,1430
801NB_P2B_250722,34.130786,-118.148053,1431
801NB_P2B_250722,34.131175,-118.148054,1432
801NB_P2B_250722,34.131499,-118.148055,1433
801NB_P2B_250722,34.131846,-118.148063,1434
801NB_P2B_250722,34.132144,-118.148066,1435
801NB_P2B_250722,34.13242,-118.148069,1436
801NB_P2B_250722,34.132664,-118.148069,1437
801NB_P2B_250722,34.132905,-118.148074,1438
801NB_P2B_250722,34.134023,-118.148084,1439
801NB_P2B_250722,34.134332,-118.148086,1440
801NB_P2B_250722,34.134621,-118.14809,1441
801NB_P2B_250722,34.134787,-118.148091,1442
801NB_P2B_250722,34.135294,-118.148094,1443
801NB_P2B_250722,34.135685,-118.1481,1444
801NB_P2B_250722,34.135923,-118.148107,1445
801NB_P2B_250722,34.13632,-118.148105,1446
801NB_P2B_250722,34.136676,-118.148108,1447
801NB_P2B_250722,34.137,-118.148109,1448
801NB_P2B_250722,34.137322,-118.148114,1449
801NB_P2B_250722,34.137932,-118.14812,1450
801NB_P2B_250722,34.138574,-118.148126,1451
801NB_P2B_250722,34.139602,-118.148136,1452
801NB_P2B_250722,34.140037,-118.148139,1453
801NB_P2B_250722,34.140114,-118.148142,1454
801NB_P2B_250722,34.14021,-118.148145,1455
801NB_P2B_250722,34.140459,-118.148155,1456
801NB_P2B_250722,34.140716,-118.148166,1457
801NB_P2B_250722,34.140954,-118.148173,1458
801NB_P2B_250722,34.141288,-118.14818,1459
801NB_P2B_250722,34.14157,-118.148178,1460
801NB_P2B_250722,34.142434,-118.148178,1461
801NB_P2B_250722,34.142782,-118.148176,1462
801NB_P2B_250722,34.14323,-118.148171,1463
801NB_P2B_250722,34.14362,-118.148171,1464
801NB_P2B_250722,34.143667,-118.148171,1465
801NB_P2B_250722,34.144021,-118.14817,1466
801NB_P2B_250722,34.144501,-118.148169,1467
801NB_P2B_250722,34.145189,-118.148168,1468
801NB_P2B_250722,34.145913,-118.148169,1469
801NB_P2B_250722,34.146722,-118.148162,1470
801NB_P2B_250722,34.146837,-118.148162,1471
801NB_P2B_250722,34.146896,-118.148162,1472
801NB_P2B_250722,34.146945,-118.148161,1473
801NB_P2B_250722,34.147003,-118.148152,1474
801NB_P2B_250722,34.14705,-118.148138,1475
801NB_P2B_250722,34.147132,-118.148118,1476
801NB_P2B_250722,34.147207,-118.148091,1477
801NB_P2B_250722,34.147305,-118.148042,1478
801NB_P2B_250722,34.147684,-118.147826,1479
801NB_P2B_250722,34.147899,-118.147718,1480
801NB_P2B_250722,34.14843,-118.147445,1481
801NB_P2B_250722,34.149081,-118.147103,1482
801NB_P2B_250722,34.149632,-118.146843,1483
801NB_P2B_250722,34.149741,-118.146796,1484
801NB_P2B_250722,34.149866,-118.14674,1485
801NB_P2B_250722,34.149998,-118.146677,1486
801NB_P2B_250722,34.15028,-118.146541,1487
801NB_P2B_250722,34.150428,-118.14647,1488
801NB_P2B_250722,34.150657,-118.146365,1489
801NB_P2B_250722,34.150775,-118.146301,1490
801NB_P2B_250722,34.150824,-118.146277,1491
801NB_P2B_250722,34.150897,-118.146234,1492
801NB_P2B_250722,34.151096,-118.146124,1493
801NB_P2B_250722,34.151217,-118.146052,1494
801NB_P2B_250722,34.151299,-118.145999,1495
801NB_P2B_250722,34.151347,-118.145956,1496
801NB_P2B_250722,34.151466,-118.145842,1497
801NB_P2B_250722,34.151545,-118.145746,1498
801NB_P2B_250722,34.151611,-118.14564,1499
801NB_P2B_250722,34.151643,-118.145575,1500
801NB_P2B_250722,34.151678,-118.145505,1501
801NB_P2B_250722,34.151699,-118.145455,1502
801NB_P2B_250722,34.151726,-118.145372,1503
801NB_P2B_250722,34.15174,-118.145316,1504
801NB_P2B_250722,34.15175,-118.145261,1505
801NB_P2B_250722,34.151768,-118.145162,1506
801NB_P2B_250722,34.151785,-118.145033,1507
801NB_P2B_250722,34.151794,-118.144907,1508
801NB_P2B_250722,34.151806,-118.144776,1509
801NB_P2B_250722,34.151815,-118.144688,1510
801NB_P2B_250722,34.151826,-118.144558,1511
801NB_P2B_250722,34.151831,-118.144307,1512
801NB_P2B_250722,34.15183,-118.14359,1513
801NB_P2B_250722,34.151828,-118.142793,1514
801NB_P2B_250722,34.151828,-118.141658,1515
801NB_P2B_250722,34.151819,-118.139431,1516
801NB_P2B_250722,34.151814,-118.137599,1517
801NB_P2B_250722,34.151807,-118.135555,1518
801NB_P2B_250722,34.151801,-118.134735,1519
801NB_P2B_250722,34.151793,-118.134336,1520
801NB_P2B_250722,34.151789,-118.134078,1521
801NB_P2B_250722,34.151774,-118.133402,1522
801NB_P2B_250722,34.151772,-118.132809,1523
801NB_P2B_250722,34.15177,-118.131402,1524
801NB_P2B_250722,34.151767,-118.130033,1525
801NB_P2B_250722,34.151774,-118.129323,1526
801NB_P2B_250722,34.15178,-118.129071,1527
801NB_P2B_250722,34.151786,-118.128797,1528
801NB_P2B_250722,34.151795,-118.128612,1529
801NB_P2B_250722,34.151802,-118.128471,1530
801NB_P2B_250722,34.151808,-118.128279,1531
801NB_P2B_250722,34.151828,-118.127869,1532
801NB_P2B_250722,34.151836,-118.127704,1533
801NB_P2B_250722,34.151847,-118.127543,1534
801NB_P2B_250722,34.151857,-118.127401,1535
801NB_P2B_250722,34.151881,-118.127023,1536
801NB_P2B_250722,34.151902,-118.126783,1537
801NB_P2B_250722,34.151921,-118.126555,1538
801NB_P2B_250722,34.151939,-118.126345,1539
801NB_P2B_250722,34.152034,-118.125311,1540
801NB_P2B_250722,34.152145,-118.124094,1541
801NB_P2B_250722,34.152166,-118.123865,1542
801NB_P2B_250722,34.152195,-118.123419,1543
801NB_P2B_250722,34.152206,-118.12325,1544
801NB_P2B_250722,34.152219,-118.122982,1545
801NB_P2B_250722,34.152232,-118.122623,1546
801NB_P2B_250722,34.15224,-118.122269,1547
801NB_P2B_250722,34.152254,-118.121544,1548
801NB_P2B_250722,34.152261,-118.121091,1549
801NB_P2B_250722,34.152288,-118.119483,1550
801NB_P2B_250722,34.152315,-118.118059,1551
801NB_P2B_250722,34.152338,-118.116627,1552
801NB_P2B_250722,34.152354,-118.115727,1553
801NB_P2B_250722,34.152358,-118.115293,1554
801NB_P2B_250722,34.152359,-118.115148,1555
801NB_P2B_250722,34.152371,-118.114465,1556
801NB_P2B_250722,34.152394,-118.113399,1557
801NB_P2B_250722,34.152426,-118.11161,1558
801NB_P2B_250722,34.152435,-118.110973,1559
801NB_P2B_250722,34.152438,-118.110636,1560
801NB_P2B_250722,34.152442,-118.110071,1561
801NB_P2B_250722,34.152443,-118.109662,1562
801NB_P2B_250722,34.152453,-118.10819,1563
801NB_P2B_250722,34.152457,-118.107332,1564
801NB_P2B_250722,34.152461,-118.106812,1565
801NB_P2B_250722,34.152466,-118.105651,1566
801NB_P2B_250722,34.152474,-118.104428,1567
801NB_P2B_250722,34.152481,-118.103271,1568
801NB_P2B_250722,34.152485,-118.102861,1569
801NB_P2B_250722,34.152485,-118.102253,1570
801NB_P2B_250722,34.15249,-118.101629,1571
801NB_P2B_250722,34.152495,-118.101167,1572
801NB_P2B_250722,34.152498,-118.100267,1573
801NB_P2B_250722,34.152503,-118.099292,1574
801NB_P2B_250722,34.152509,-118.098331,1575
801NB_P2B_250722,34.152516,-118.097235,1576
801NB_P2B_250722,34.152522,-118.095998,1577
801NB_P2B_250722,34.152524,-118.095427,1578
801NB_P2B_250722,34.152518,-118.095015,1579
801NB_P2B_250722,34.152501,-118.094708,1580
801NB_P2B_250722,34.152474,-118.094347,1581
801NB_P2B_250722,34.152431,-118.093995,1582
801NB_P2B_250722,34.152399,-118.093747,1583
801NB_P2B_250722,34.15234,-118.09341,1584
801NB_P2B_250722,34.152289,-118.093144,1585
801NB_P2B_250722,34.152226,-118.09286,1586
801NB_P2B_250722,34.152158,-118.092599,1587
801NB_P2B_250722,34.152101,-118.092404,1588
801NB_P2B_250722,34.152033,-118.092173,1589
801NB_P2B_250722,34.151961,-118.091953,1590
801NB_P2B_250722,34.151883,-118.091731,1591
801NB_P2B_250722,34.151795,-118.091497,1592
801NB_P2B_250722,34.151692,-118.09124,1593
801NB_P2B_250722,34.151595,-118.091023,1594
801NB_P2B_250722,34.151498,-118.090814,1595
801NB_P2B_250722,34.151409,-118.090633,1596
801NB_P2B_250722,34.151305,-118.090429,1597
801NB_P2B_250722,34.151164,-118.090185,1598
801NB_P2B_250722,34.151056,-118.09,1599
801NB_P2B_250722,34.150964,-118.089855,1600
801NB_P2B_250722,34.150775,-118.089564,1601
801NB_P2B_250722,34.150614,-118.089335,1602
801NB_P2B_250722,34.150313,-118.088943,1603
801NB_P2B_250722,34.150053,-118.088597,1604
801NB_P2B_250722,34.149725,-118.088174,1605
801NB_P2B_250722,34.149533,-118.087924,1606
801NB_P2B_250722,34.149392,-118.087726,1607
801NB_P2B_250722,34.149299,-118.087585,1608
801NB_P2B_250722,34.149229,-118.08747,1609
801NB_P2B_250722,34.149134,-118.08731,1610
801NB_P2B_250722,34.149043,-118.087146,1611
801NB_P2B_250722,34.148936,-118.086952,1612
801NB_P2B_250722,34.148861,-118.086814,1613
801NB_P2B_250722,34.148631,-118.086388,1614
801NB_P2B_250722,34.148513,-118.086166,1615
801NB_P2B_250722,34.148418,-118.085969,1616
801NB_P2B_250722,34.148332,-118.085778,1617
801NB_P2B_250722,34.148264,-118.085617,1618
801NB_P2B_250722,34.1482,-118.085455,1619
801NB_P2B_250722,34.148128,-118.085249,1620
801NB_P2B_250722,34.148062,-118.085056,1621
801NB_P2B_250722,34.148003,-118.084854,1622
801NB_P2B_250722,34.14795,-118.08465,1623
801NB_P2B_250722,34.147892,-118.084406,1624
801NB_P2B_250722,34.147849,-118.084194,1625
801NB_P2B_250722,34.147825,-118.084055,1626
801NB_P2B_250722,34.147798,-118.083875,1627
801NB_P2B_250722,34.147772,-118.08365,1628
801NB_P2B_250722,34.147696,-118.083076,1629
801NB_P2B_250722,34.14768,-118.082877,1630
801NB_P2B_250722,34.14767,-118.082668,1631
801NB_P2B_250722,34.147669,-118.08248,1632
801NB_P2B_250722,34.147689,-118.081978,1633
801NB_P2B_250722,34.147703,-118.081387,1634
801NB_P2B_250722,34.147725,-118.08073,1635
801NB_P2B_250722,34.147739,-118.080235,1636
801NB_P2B_250722,34.14778,-118.078921,1637
801NB_P2B_250722,34.147794,-118.078409,1638
801NB_P2B_250722,34.147819,-118.077845,1639
801NB_P2B_250722,34.147842,-118.077459,1640
801NB_P2B_250722,34.14786,-118.077192,1641
801NB_P2B_250722,34.147878,-118.077001,1642
801NB_P2B_250722,34.147922,-118.076521,1643
801NB_P2B_250722,34.147999,-118.075848,1644
801NB_P2B_250722,34.148119,-118.074904,1645
801NB_P2B_250722,34.148168,-118.07452,1646
801NB_P2B_250722,34.148253,-118.073929,1647
801NB_P2B_250722,34.148301,-118.073605,1648
801NB_P2B_250722,34.148354,-118.073221,1649
801NB_P2B_250722,34.148429,-118.072574,1650
801NB_P2B_250722,34.148505,-118.071887,1651
801NB_P2B_250722,34.148568,-118.071245,1652
801NB_P2B_250722,34.148636,-118.070353,1653
801NB_P2B_250722,34.148674,-118.069507,1654
801NB_P2B_250722,34.148679,-118.068959,1655
801NB_P2B_250722,34.148687,-118.067946,1656
801NB_P2B_250722,34.148689,-118.067605,1657
801NB_P2B_250722,34.148696,-118.066647,1658
801NB_P2B_250722,34.148704,-118.065991,1659
801NB_P2B_250722,34.14871,-118.065179,1660
801NB_P2B_250722,34.148718,-118.064399,1661
801NB_P2B_250722,34.148723,-118.063356,1662
801NB_P2B_250722,34.148729,-118.062517,1663
801NB_P2B_250722,34.148733,-118.061749,1664
801NB_P2B_250722,34.148739,-118.060878,1665
801NB_P2B_250722,34.148744,-118.060137,1666
801NB_P2B_250722,34.148748,-118.0593,1667
801NB_P2B_250722,34.148754,-118.05846,1668
801NB_P2B_250722,34.148758,-118.057799,1669
801NB_P2B_250722,34.148762,-118.056846,1670
801NB_P2B_250722,34.148767,-118.056067,1671
801NB_P2B_250722,34.148771,-118.055182,1672
801NB_P2B_250722,34.148776,-118.054458,1673
801NB_P2B_250722,34.148779,-118.054127,1674
801NB_P2B_250722,34.14878,-118.053744,1675
801NB_P2B_250722,34.148782,-118.05349,1676
801NB_P2B_250722,34.148785,-118.053178,1677
801NB_P2B_250722,34.148786,-118.052891,1678
801NB_P2B_250722,34.148789,-118.052276,1679
801NB_P2B_250722,34.148791,-118.051745,1680
801NB_P2B_250722,34.148793,-118.051329,1681
801NB_P2B_250722,34.148799,-118.050849,1682
801NB_P2B_250722,34.148799,-118.050419,1683
801NB_P2B_250722,34.148804,-118.050057,1684
801NB_P2B_250722,34.148806,-118.049502,1685
801NB_P2B_250722,34.148809,-118.048861,1686
801NB_P2B_250722,34.148811,-118.04831,1687
801NB_P2B_250722,34.148816,-118.047748,1688
801NB_P2B_250722,34.14882,-118.047,1689
801NB_P2B_250722,34.148824,-118.046284,1690
801NB_P2B_250722,34.148827,-118.045716,1691
801NB_P2B_250722,34.148829,-118.045129,1692
801NB_P2B_250722,34.148834,-118.044546,1693
801NB_P2B_250722,34.148838,-118.044086,1694
801NB_P2B_250722,34.148842,-118.043549,1695
801NB_P2B_250722,34.148848,-118.042698,1696
801NB_P2B_250722,34.148848,-118.042059,1697
801NB_P2B_250722,34.148849,-118.041369,1698
801NB_P2B_250722,34.148841,-118.041134,1699
801NB_P2B_250722,34.148832,-118.040925,1700
801NB_P2B_250722,34.148816,-118.040724,1701
801NB_P2B_250722,34.148806,-118.040612,1702
801NB_P2B_250722,34.148804,-118.040568,1703
801NB_P2B_250722,34.148749,-118.040205,1704
801NB_P2B_250722,34.148709,-118.039921,1705
801NB_P2B_250722,34.148611,-118.039492,1706
801NB_P2B_250722,34.148513,-118.039139,1707
801NB_P2B_250722,34.148351,-118.038623,1708
801NB_P2B_250722,34.148152,-118.038118,1709
801NB_P2B_250722,34.147646,-118.036885,1710
801NB_P2B_250722,34.14744,-118.036462,1711
801NB_P2B_250722,34.147149,-118.035934,1712
801NB_P2B_250722,34.146766,-118.035353,1713
801NB_P2B_250722,34.146551,-118.03501,1714
801NB_P2B_250722,34.146033,-118.034198,1715
801NB_P2B_250722,34.145577,-118.033486,1716
801NB_P2B_250722,34.145389,-118.033193,1717
801NB_P2B_250722,34.144744,-118.032186,1718
801NB_P2B_250722,34.144463,-118.031748,1719
801NB_P2B_250722,34.144174,-118.031301,1720
801NB_P2B_250722,34.143631,-118.03045,1721
801NB_P2B_250722,34.143038,-118.029525,1722
801NB_P2B_250722,34.142443,-118.028604,1723
801NB_P2B_250722,34.142189,-118.028212,1724
801NB_P2B_250722,34.141588,-118.027259,1725
801NB_P2B_250722,34.1411,-118.026482,1726
801NB_P2B_250722,34.140625,-118.025727,1727
801NB_P2B_250722,34.140238,-118.025113,1728
801NB_P2B_250722,34.140019,-118.024777,1729
801NB_P2B_250722,34.13952,-118.023975,1730
801NB_P2B_250722,34.139197,-118.023456,1731
801NB_P2B_250722,34.138837,-118.022872,1732
801NB_P2B_250722,34.138574,-118.022407,1733
801NB_P2B_250722,34.138351,-118.021924,1734
801NB_P2B_250722,34.138192,-118.02157,1735
801NB_P2B_250722,34.138013,-118.021116,1736
801NB_P2B_250722,34.137833,-118.020568,1737
801NB_P2B_250722,34.137519,-118.019445,1738
801NB_P2B_250722,34.137238,-118.018444,1739
801NB_P2B_250722,34.136796,-118.016856,1740
801NB_P2B_250722,34.136727,-118.016585,1741
801NB_P2B_250722,34.136435,-118.015515,1742
801NB_P2B_250722,34.136088,-118.014248,1743
801NB_P2B_250722,34.135688,-118.012781,1744
801NB_P2B_250722,34.135449,-118.011909,1745
801NB_P2B_250722,34.135211,-118.011058,1746
801NB_P2B_250722,34.134934,-118.010064,1747
801NB_P2B_250722,34.13478,-118.009511,1748
801NB_P2B_250722,34.134349,-118.007889,1749
801NB_P2B_250722,34.134297,-118.007711,1750
801NB_P2B_250722,34.133997,-118.006621,1751
801NB_P2B_250722,34.133752,-118.005741,1752
801NB_P2B_250722,34.133484,-118.00476,1753
801NB_P2B_250722,34.133232,-118.003822,1754
801NB_P2B_250722,34.133007,-118.003005,1755
801NB_P2B_250722,34.132858,-118.002476,1756
801NB_P2B_250722,34.132707,-118.001865,1757
801NB_P2B_250722,34.132664,-118.001644,1758
801NB_P2B_250722,34.132632,-118.001475,1759
801NB_P2B_250722,34.132529,-118.000831,1760
801NB_P2B_250722,34.132377,-117.999778,1761
801NB_P2B_250722,34.132346,-117.999365,1762
801NB_P2B_250722,34.132331,-117.998879,1763
801NB_P2B_250722,34.132332,-117.997966,1764
801NB_P2B_250722,34.132339,-117.996938,1765
801NB_P2B_250722,34.132346,-117.99567,1766
801NB_P2B_250722,34.132348,-117.995121,1767
801NB_P2B_250722,34.132351,-117.994061,1768
801NB_P2B_250722,34.132353,-117.992915,1769
801NB_P2B_250722,34.132353,-117.991759,1770
801NB_P2B_250722,34.132356,-117.990319,1771
801NB_P2B_250722,34.132359,-117.989626,1772
801NB_P2B_250722,34.132362,-117.988868,1773
801NB_P2B_250722,34.132366,-117.988079,1774
801NB_P2B_250722,34.13237,-117.987353,1775
801NB_P2B_250722,34.132379,-117.986645,1776
801NB_P2B_250722,34.132382,-117.985952,1777
801NB_P2B_250722,34.132388,-117.985068,1778
801NB_P2B_250722,34.132396,-117.984237,1779
801NB_P2B_250722,34.132401,-117.983226,1780
801NB_P2B_250722,34.132406,-117.982584,1781
801NB_P2B_250722,34.132413,-117.981715,1782
801NB_P2B_250722,34.132416,-117.980859,1783
801NB_P2B_250722,34.132421,-117.979951,1784
801NB_P2B_250722,34.132425,-117.979059,1785
801NB_P2B_250722,34.132431,-117.977985,1786
801NB_P2B_250722,34.132437,-117.977087,1787
801NB_P2B_250722,34.13244,-117.975968,1788
801NB_P2B_250722,34.132445,-117.974873,1789
801NB_P2B_250722,34.132449,-117.973628,1790
801NB_P2B_250722,34.132454,-117.972594,1791
801NB_P2B_250722,34.132458,-117.971601,1792
801NB_P2B_250722,34.132463,-117.970467,1793
801NB_P2B_250722,34.13247,-117.9694,1794
801NB_P2B_250722,34.132474,-117.968618,1795
801NB_P2B_250722,34.132481,-117.967508,1796
801NB_P2B_250722,34.132487,-117.966693,1797
801NB_P2B_250722,34.132487,-117.966574,1798
801NB_P2B_250722,34.13249,-117.96544,1799
801NB_P2B_250722,34.132492,-117.965017,1800
801NB_P2B_250722,34.132498,-117.963647,1801
801NB_P2B_250722,34.132504,-117.962535,1802
801NB_P2B_250722,34.132509,-117.961338,1803
801NB_P2B_250722,34.132514,-117.960486,1804
801NB_P2B_250722,34.132517,-117.959432,1805
801NB_P2B_250722,34.132523,-117.95831,1806
801NB_P2B_250722,34.132531,-117.957255,1807
801NB_P2B_250722,34.132535,-117.956008,1808
801NB_P2B_250722,34.132539,-117.954841,1809
801NB_P2B_250722,34.132539,-117.954075,1810
801NB_P2B_250722,34.13253,-117.953655,1811
801NB_P2B_250722,34.132528,-117.953596,1812
801NB_P2B_250722,34.132504,-117.953203,1813
801NB_P2B_250722,34.132451,-117.952767,1814
801NB_P2B_250722,34.132394,-117.95239,1815
801NB_P2B_250722,34.132337,-117.952104,1816
801NB_P2B_250722,34.132273,-117.951828,1817
801NB_P2B_250722,34.132119,-117.951281,1818
801NB_P2B_250722,34.132099,-117.951207,1819
801NB_P2B_250722,34.131971,-117.950838,1820
801NB_P2B_250722,34.1312,-117.948673,1821
801NB_P2B_250722,34.130787,-117.947536,1822
801NB_P2B_250722,34.130572,-117.946948,1823
801NB_P2B_250722,34.130339,-117.946304,1824
801NB_P2B_250722,34.130175,-117.945863,1825
801NB_P2B_250722,34.130003,-117.945365,1826
801NB_P2B_250722,34.12969,-117.944456,1827
801NB_P2B_250722,34.129583,-117.944142,1828
801NB_P2B_250722,34.12902,-117.942525,1829
801NB_P2B_250722,34.128877,-117.942102,1830
801NB_P2B_250722,34.128852,-117.942033,1831
801NB_P2B_250722,34.128743,-117.941677,1832
801NB_P2B_250722,34.128604,-117.941158,1833
801NB_P2B_250722,34.128476,-117.940504,1834
801NB_P2B_250722,34.12838,-117.939803,1835
801NB_P2B_250722,34.128376,-117.939773,1836
801NB_P2B_250722,34.128348,-117.938902,1837
801NB_P2B_250722,34.128375,-117.93823,1838
801NB_P2B_250722,34.128384,-117.938015,1839
801NB_P2B_250722,34.128496,-117.937044,1840
801NB_P2B_250722,34.12864,-117.935826,1841
801NB_P2B_250722,34.128796,-117.934499,1842
801NB_P2B_250722,34.12891,-117.933518,1843
801NB_P2B_250722,34.129052,-117.932388,1844
801NB_P2B_250722,34.129205,-117.931157,1845
801NB_P2B_250722,34.129399,-117.929505,1846
801NB_P2B_250722,34.129544,-117.92826,1847
801NB_P2B_250722,34.129625,-117.927531,1848
801NB_P2B_250722,34.129763,-117.926731,1849
801NB_P2B_250722,34.129968,-117.925808,1850
801NB_P2B_250722,34.130215,-117.924856,1851
801NB_P2B_250722,34.130595,-117.923611,1852
801NB_P2B_250722,34.130846,-117.922789,1853
801NB_P2B_250722,34.131133,-117.921853,1854
801NB_P2B_250722,34.131422,-117.920905,1855
801NB_P2B_250722,34.131699,-117.919993,1856
801NB_P2B_250722,34.13191,-117.91931,1857
801NB_P2B_250722,34.132149,-117.918531,1858
801NB_P2B_250722,34.1324,-117.917713,1859
801NB_P2B_250722,34.132678,-117.916793,1860
801NB_P2B_250722,34.132916,-117.915996,1861
801NB_P2B_250722,34.133158,-117.915202,1862
801NB_P2B_250722,34.133358,-117.914532,1863
801NB_P2B_250722,34.133446,-117.914248,1864
801NB_P2B_250722,34.13371,-117.91337,1865
801NB_P2B_250722,34.133997,-117.912431,1866
801NB_P2B_250722,34.13424,-117.911639,1867
801NB_P2B_250722,34.134481,-117.910847,1868
801NB_P2B_250722,34.134628,-117.910367,1869
801NB_P2B_250722,34.134967,-117.909397,1870
801NB_P2B_250722,34.135197,-117.908725,1871
801NB_P2B_250722,34.135576,-117.907496,1872
801NB_P2B_250722,34.13586,-117.90659,1873
801NB_P2B_250722,34.135996,-117.90613,1874
801NB_P2B_250722,34.136119,-117.905707,1875
801NB_P2B_250722,34.136185,-117.905483,1876
801NB_P2B_250722,34.136321,-117.904941,1877
801NB_P2B_250722,34.136412,-117.904466,1878
801NB_P2B_250722,34.136493,-117.903934,1879
801NB_P2B_250722,34.136557,-117.903278,1880
801NB_P2B_250722,34.136636,-117.902459,1881
801NB_P2B_250722,34.136696,-117.901784,1882
801NB_P2B_250722,34.136754,-117.901131,1883
801NB_P2B_250722,34.136779,-117.900388,1884
801NB_P2B_250722,34.136771,-117.899487,1885
801NB_P2B_250722,34.13672,-117.898479,1886
801NB_P2B_250722,34.136672,-117.8975,1887
801NB_P2B_250722,34.136619,-117.89642,1888
801NB_P2B_250722,34.136601,-117.89608,1889
801NB_P2B_250722,34.136564,-117.894898,1890
801NB_P2B_250722,34.136557,-117.89468,1891
801NB_P2B_250722,34.136566,-117.89406,1892
801NB_P2B_250722,34.136567,-117.893981,1893
801NB_P2B_250722,34.136609,-117.893271,1894
801NB_P2B_250722,34.136628,-117.893046,1895
801NB_P2B_250722,34.136778,-117.891632,1896
801NB_P2B_250722,34.136951,-117.890115,1897
801NB_P2B_250722,34.136976,-117.8899,1898
801NB_P2B_250722,34.13728,-117.888324,1899
801NB_P2B_250722,34.137303,-117.888218,1900
801NB_P2B_250722,34.137327,-117.888112,1901
801NB_P2B_250722,34.13735,-117.888006,1902
801NB_P2B_250722,34.137373,-117.8879,1903
801NB_P2B_250722,34.137397,-117.887794,1904
801NB_P2B_250722,34.13742,-117.887687,1905
801NB_P2B_250722,34.137442,-117.887587,1906
801NB_P2B_250722,34.137465,-117.887481,1907
801NB_P2B_250722,34.137489,-117.887375,1908
801NB_P2B_250722,34.137512,-117.887269,1909
801NB_P2B_250722,34.137535,-117.887163,1910
801NB_P2B_250722,34.137559,-117.887057,1911
801NB_P2B_250722,34.137582,-117.886951,1912
801NB_P2B_250722,34.137605,-117.886845,1913
801NB_P2B_250722,34.137629,-117.886739,1914
801NB_P2B_250722,34.137652,-117.886633,1915
801NB_P2B_250722,34.137675,-117.886527,1916
801NB_P2B_250722,34.137699,-117.88642,1917
801NB_P2B_250722,34.137722,-117.886314,1918
801NB_P2B_250722,34.137745,-117.886208,1919
801NB_P2B_250722,34.137769,-117.886102,1920
801NB_P2B_250722,34.137792,-117.885996,1921
801NB_P2B_250722,34.137815,-117.88589,1922
801NB_P2B_250722,34.137839,-117.885784,1923
801NB_P2B_250722,34.137862,-117.885678,1924
801NB_P2B_250722,34.137886,-117.885572,1925
801NB_P2B_250722,34.137909,-117.885466,1926
801NB_P2B_250722,34.137932,-117.88536,1927
801NB_P2B_250722,34.137956,-117.885253,1928
801NB_P2B_250722,34.137979,-117.885147,1929
801NB_P2B_250722,34.138002,-117.885041,1930
801NB_P2B_250722,34.138026,-117.884935,1931
801NB_P2B_250722,34.138049,-117.884829,1932
801NB_P2B_250722,34.138072,-117.884723,1933
801NB_P2B_250722,34.138096,-117.884617,1934
801NB_P2B_250722,34.138119,-117.884511,1935
801NB_P2B_250722,34.138137,-117.884429,1936
801NB_P2B_250722,34.13816,-117.884323,1937
801NB_P2B_250722,34.138183,-117.884217,1938
801NB_P2B_250722,34.138207,-117.88411,1939
801NB_P2B_250722,34.138229,-117.884004,1940
801NB_P2B_250722,34.138252,-117.883898,1941
801NB_P2B_250722,34.138274,-117.883792,1942
801NB_P2B_250722,34.138296,-117.883685,1943
801NB_P2B_250722,34.138317,-117.883579,1944
801NB_P2B_250722,34.138327,-117.883532,1945
801NB_P2B_250722,34.138346,-117.883425,1946
801NB_P2B_250722,34.138366,-117.883318,1947
801NB_P2B_250722,34.138386,-117.883212,1948
801NB_P2B_250722,34.138404,-117.883105,1949
801NB_P2B_250722,34.138422,-117.882997,1950
801NB_P2B_250722,34.13844,-117.88289,1951
801NB_P2B_250722,34.138456,-117.882783,1952
801NB_P2B_250722,34.138472,-117.882675,1953
801NB_P2B_250722,34.138488,-117.882568,1954
801NB_P2B_250722,34.138503,-117.88246,1955
801NB_P2B_250722,34.138517,-117.882353,1956
801NB_P2B_250722,34.138531,-117.882245,1957
801NB_P2B_250722,34.138545,-117.882137,1958
801NB_P2B_250722,34.138557,-117.882029,1959
801NB_P2B_250722,34.138569,-117.881921,1960
801NB_P2B_250722,34.138581,-117.881813,1961
801NB_P2B_250722,34.138591,-117.881705,1962
801NB_P2B_250722,34.138601,-117.881597,1963
801NB_P2B_250722,34.138611,-117.881489,1964
801NB_P2B_250722,34.138619,-117.881381,1965
801NB_P2B_250722,34.138628,-117.881272,1966
801NB_P2B_250722,34.138636,-117.881164,1967
801NB_P2B_250722,34.138643,-117.881056,1968
801NB_P2B_250722,34.138649,-117.880947,1969
801NB_P2B_250722,34.138655,-117.880839,1970
801NB_P2B_250722,34.13866,-117.88073,1971
801NB_P2B_250722,34.138665,-117.880622,1972
801NB_P2B_250722,34.138669,-117.880513,1973
801NB_P2B_250722,34.138671,-117.880468,1974
801NB_P2B_250722,34.138674,-117.880359,1975
801NB_P2B_250722,34.138677,-117.880251,1976
801NB_P2B_250722,34.138679,-117.880142,1977
801NB_P2B_250722,34.13868,-117.880033,1978
801NB_P2B_250722,34.13868,-117.879925,1979
801NB_P2B_250722,34.13868,-117.879816,1980
801NB_P2B_250722,34.138678,-117.879707,1981
801NB_P2B_250722,34.138676,-117.879599,1982
801NB_P2B_250722,34.138673,-117.87949,1983
801NB_P2B_250722,34.13867,-117.879411,1984
801NB_P2B_250722,34.138664,-117.879302,1985
801NB_P2B_250722,34.138658,-117.879194,1986
801NB_P2B_250722,34.138651,-117.879085,1987
801NB_P2B_250722,34.138642,-117.878977,1988
801NB_P2B_250722,34.138634,-117.878869,1989
801NB_P2B_250722,34.138623,-117.878761,1990
801NB_P2B_250722,34.138612,-117.878653,1991
801NB_P2B_250722,34.1386,-117.878545,1992
801NB_P2B_250722,34.138586,-117.878437,1993
801NB_P2B_250722,34.138572,-117.878329,1994
801NB_P2B_250722,34.138556,-117.878222,1995
801NB_P2B_250722,34.138539,-117.878114,1996
801NB_P2B_250722,34.138522,-117.878007,1997
801NB_P2B_250722,34.138503,-117.8779,1998
801NB_P2B_250722,34.138484,-117.877793,1999
801NB_P2B_250722,34.138463,-117.877687,2000
801NB_P2B_250722,34.138441,-117.87758,2001
801NB_P2B_250722,34.138419,-117.877474,2002
801NB_P2B_250722,34.138394,-117.877368,2003
801NB_P2B_250722,34.13837,-117.877262,2004
801NB_P2B_250722,34.138344,-117.877157,2005
801NB_P2B_250722,34.138316,-117.877052,2006
801NB_P2B_250722,34.138289,-117.876947,2007
801NB_P2B_250722,34.138259,-117.876842,2008
801NB_P2B_250722,34.138229,-117.876738,2009
801NB_P2B_250722,34.138198,-117.876634,2010
801NB_P2B_250722,34.138166,-117.87653,2011
801NB_P2B_250722,34.138133,-117.876426,2012
801NB_P2B_250722,34.138098,-117.876324,2013
801NB_P2B_250722,34.138063,-117.876221,2014
801NB_P2B_250722,34.138027,-117.876118,2015
801NB_P2B_250722,34.137988,-117.876017,2016
801NB_P2B_250722,34.13795,-117.875915,2017
801NB_P2B_250722,34.13791,-117.875814,2018
801NB_P2B_250722,34.13787,-117.875713,2019
801NB_P2B_250722,34.137828,-117.875613,2020
801NB_P2B_250722,34.137785,-117.875513,2021
801NB_P2B_250722,34.137741,-117.875414,2022
801NB_P2B_250722,34.137696,-117.875315,2023
801NB_P2B_250722,34.13765,-117.875217,2024
801NB_P2B_250722,34.137603,-117.875118,2025
801NB_P2B_250722,34.137555,-117.875021,2026
801NB_P2B_250722,34.137506,-117.874924,2027
801NB_P2B_250722,34.137455,-117.874828,2028
801NB_P2B_250722,34.137404,-117.874732,2029
801NB_P2B_250722,34.137352,-117.874637,2030
801NB_P2B_250722,34.137298,-117.874543,2031
801NB_P2B_250722,34.137244,-117.874448,2032
801NB_P2B_250722,34.137237,-117.874435,2033
801NB_P2B_250722,34.137181,-117.874342,2034
801NB_P2B_250722,34.137125,-117.874249,2035
801NB_P2B_250722,34.137067,-117.874157,2036
801NB_P2B_250722,34.137009,-117.874065,2037
801NB_P2B_250722,34.13695,-117.873974,2038
801NB_P2B_250722,34.136891,-117.873883,2039
801NB_P2B_250722,34.136831,-117.873792,2040
801NB_P2B_250722,34.136772,-117.873701,2041
801NB_P2B_250722,34.136712,-117.873611,2042
801NB_P2B_250722,34.136702,-117.873596,2043
801NB_P2B_250722,34.136642,-117.873506,2044
801NB_P2B_250722,34.136582,-117.873415,2045
801NB_P2B_250722,34.136522,-117.873324,2046
801NB_P2B_250722,34.136462,-117.873234,2047
801NB_P2B_250722,34.136402,-117.873143,2048
801NB_P2B_250722,34.136342,-117.873053,2049
801NB_P2B_250722,34.136282,-117.872962,2050
801NB_P2B_250722,34.136222,-117.872872,2051
801NB_P2B_250722,34.136162,-117.872781,2052
801NB_P2B_250722,34.136102,-117.872691,2053
801NB_P2B_250722,34.136042,-117.8726,2054
801NB_P2B_250722,34.135982,-117.87251,2055
801NB_P2B_250722,34.135922,-117.872419,2056
801NB_P2B_250722,34.135862,-117.872328,2057
801NB_P2B_250722,34.135802,-117.872238,2058
801NB_P2B_250722,34.135742,-117.872147,2059
801NB_P2B_250722,34.135682,-117.872057,2060
801NB_P2B_250722,34.135622,-117.871966,2061
801NB_P2B_250722,34.135562,-117.871876,2062
801NB_P2B_250722,34.135502,-117.871785,2063
801NB_P2B_250722,34.135442,-117.871695,2064
801NB_P2B_250722,34.135382,-117.871604,2065
801NB_P2B_250722,34.135322,-117.871514,2066
801NB_P2B_250722,34.135262,-117.871423,2067
801NB_P2B_250722,34.135202,-117.871332,2068
801NB_P2B_250722,34.135142,-117.871242,2069
801NB_P2B_250722,34.135082,-117.871151,2070
801NB_P2B_250722,34.135022,-117.871061,2071
801NB_P2B_250722,34.134962,-117.87097,2072
801NB_P2B_250722,34.134902,-117.87088,2073
801NB_P2B_250722,34.134842,-117.870789,2074
801NB_P2B_250722,34.134782,-117.870699,2075
801NB_P2B_250722,34.134722,-117.870608,2076
801NB_P2B_250722,34.134662,-117.870517,2077
801NB_P2B_250722,34.134602,-117.870427,2078
801NB_P2B_250722,34.134542,-117.870336,2079
801NB_P2B_250722,34.134482,-117.870246,2080
801NB_P2B_250722,34.134422,-117.870155,2081
801NB_P2B_250722,34.134362,-117.870065,2082
801NB_P2B_250722,34.134302,-117.869974,2083
801NB_P2B_250722,34.134242,-117.869884,2084
801NB_P2B_250722,34.134182,-117.869793,2085
801NB_P2B_250722,34.134122,-117.869703,2086
801NB_P2B_250722,34.134062,-117.869612,2087
801NB_P2B_250722,34.134002,-117.869521,2088
801NB_P2B_250722,34.133942,-117.869431,2089
801NB_P2B_250722,34.133882,-117.86934,2090
801NB_P2B_250722,34.133867,-117.869318,2091
801NB_P2B_250722,34.133807,-117.869227,2092
801NB_P2B_250722,34.133747,-117.869137,2093
801NB_P2B_250722,34.133695,-117.869059,2094
801NB_P2B_250722,34.133635,-117.868969,2095
801NB_P2B_250722,34.133574,-117.868879,2096
801NB_P2B_250722,34.133514,-117.868789,2097
801NB_P2B_250722,34.133453,-117.868699,2098
801NB_P2B_250722,34.133392,-117.868609,2099
801NB_P2B_250722,34.133358,-117.868558,2100
801NB_P2B_250722,34.133297,-117.868468,2101
801NB_P2B_250722,34.133236,-117.868378,2102
801NB_P2B_250722,34.133185,-117.868302,2103
801NB_P2B_250722,34.133123,-117.868212,2104
801NB_P2B_250722,34.133062,-117.868123,2105
801NB_P2B_250722,34.133001,-117.868033,2106
801NB_P2B_250722,34.13294,-117.867943,2107
801NB_P2B_250722,34.132879,-117.867853,2108
801NB_P2B_250722,34.132845,-117.867803,2109
801NB_P2B_250722,34.132784,-117.867714,2110
801NB_P2B_250722,34.132723,-117.867624,2111
801NB_P2B_250722,34.132671,-117.867548,2112
801NB_P2B_250722,34.132611,-117.867457,2113
801NB_P2B_250722,34.13255,-117.867367,2114
801NB_P2B_250722,34.13249,-117.867277,2115
801NB_P2B_250722,34.132429,-117.867187,2116
801NB_P2B_250722,34.132369,-117.867096,2117
801NB_P2B_250722,34.132335,-117.867046,2118
801NB_P2B_250722,34.132275,-117.866955,2119
801NB_P2B_250722,34.132215,-117.866864,2120
801NB_P2B_250722,34.132164,-117.866787,2121
801NB_P2B_250722,34.132104,-117.866696,2122
801NB_P2B_250722,34.132044,-117.866606,2123
801NB_P2B_250722,34.131985,-117.866515,2124
801NB_P2B_250722,34.131925,-117.866424,2125
801NB_P2B_250722,34.131865,-117.866334,2126
801NB_P2B_250722,34.131805,-117.866243,2127
801NB_P2B_250722,34.131745,-117.866152,2128
801NB_P2B_250722,34.131686,-117.866061,2129
801NB_P2B_250722,34.131626,-117.865971,2130
801NB_P2B_250722,34.131566,-117.86588,2131
801NB_P2B_250722,34.131534,-117.865832,2132
801NB_P2B_250722,34.131475,-117.865741,2133
801NB_P2B_250722,34.131415,-117.86565,2134
801NB_P2B_250722,34.131356,-117.865559,2135
801NB_P2B_250722,34.131298,-117.865467,2136
801NB_P2B_250722,34.131241,-117.865375,2137
801NB_P2B_250722,34.131185,-117.865282,2138
801NB_P2B_250722,34.131184,-117.86528,2139
801NB_P2B_250722,34.131131,-117.865186,2140
801NB_P2B_250722,34.131078,-117.865091,2141
801NB_P2B_250722,34.131027,-117.864995,2142
801NB_P2B_250722,34.130978,-117.864898,2143
801NB_P2B_250722,34.13093,-117.864801,2144
801NB_P2B_250722,34.130884,-117.864702,2145
801NB_P2B_250722,34.13085,-117.864628,2146
801NB_P2B_250722,34.130807,-117.864528,2147
801NB_P2B_250722,34.130765,-117.864428,2148
801NB_P2B_250722,34.130725,-117.864327,2149
801NB_P2B_250722,34.130685,-117.864226,2150
801NB_P2B_250722,34.130645,-117.864125,2151
801NB_P2B_250722,34.130606,-117.864024,2152
801NB_P2B_250722,34.130599,-117.864004,2153
801NB_P2B_250722,34.13056,-117.863902,2154
801NB_P2B_250722,34.130521,-117.863801,2155
801NB_P2B_250722,34.130482,-117.863699,2156
801NB_P2B_250722,34.130443,-117.863598,2157
801NB_P2B_250722,34.130404,-117.863497,2158
801NB_P2B_250722,34.130402,-117.863493,2159
801NB_P2B_250722,34.130363,-117.863391,2160
801NB_P2B_250722,34.130325,-117.86329,2161
801NB_P2B_250722,34.130286,-117.863188,2162
801NB_P2B_250722,34.130249,-117.863086,2163
801NB_P2B_250722,34.130212,-117.862984,2164
801NB_P2B_250722,34.130177,-117.862881,2165
801NB_P2B_250722,34.130143,-117.862778,2166
801NB_P2B_250722,34.130119,-117.862704,2167
801NB_P2B_250722,34.130089,-117.8626,2168
801NB_P2B_250722,34.130059,-117.862495,2169
801NB_P2B_250722,34.130032,-117.86239,2170
801NB_P2B_250722,34.130006,-117.862285,2171
801NB_P2B_250722,34.129982,-117.862178,2172
801NB_P2B_250722,34.12996,-117.862072,2173
801NB_P2B_250722,34.12994,-117.861965,2174
801NB_P2B_250722,34.129921,-117.861859,2175
801NB_P2B_250722,34.129904,-117.861751,2176
801NB_P2B_250722,34.129889,-117.861644,2177
801NB_P2B_250722,34.129876,-117.861536,2178
801NB_P2B_250722,34.129864,-117.861428,2179
801NB_P2B_250722,34.129854,-117.86132,2180
801NB_P2B_250722,34.129849,-117.861259,2181
801NB_P2B_250722,34.129842,-117.86115,2182
801NB_P2B_250722,34.129837,-117.861042,2183
801NB_P2B_250722,34.129832,-117.860933,2184
801NB_P2B_250722,34.129829,-117.860825,2185
801NB_P2B_250722,34.129827,-117.860716,2186
801NB_P2B_250722,34.129826,-117.860607,2187
801NB_P2B_250722,34.129824,-117.860499,2188
801NB_P2B_250722,34.129824,-117.8604,2189
801NB_P2B_250722,34.129823,-117.860292,2190
801NB_P2B_250722,34.129822,-117.860183,2191
801NB_P2B_250722,34.129821,-117.860074,2192
801NB_P2B_250722,34.12982,-117.859966,2193
801NB_P2B_250722,34.129819,-117.859857,2194
801NB_P2B_250722,34.129818,-117.859749,2195
801NB_P2B_250722,34.129818,-117.859741,2196
801NB_P2B_250722,34.129817,-117.859632,2197
801NB_P2B_250722,34.129817,-117.859523,2198
801NB_P2B_250722,34.129816,-117.859415,2199
801NB_P2B_250722,34.129816,-117.85941,2200
801NB_P2B_250722,34.129815,-117.859302,2201
801NB_P2B_250722,34.129815,-117.859193,2202
801NB_P2B_250722,34.129815,-117.859084,2203
801NB_P2B_250722,34.129814,-117.858976,2204
801NB_P2B_250722,34.129814,-117.858867,2205
801NB_P2B_250722,34.129813,-117.858766,2206
801NB_P2B_250722,34.129813,-117.858657,2207
801NB_P2B_250722,34.129813,-117.858548,2208
801NB_P2B_250722,34.129813,-117.85844,2209
801NB_P2B_250722,34.129813,-117.858435,2210
801NB_P2B_250722,34.129813,-117.858327,2211
801NB_P2B_250722,34.129814,-117.858218,2212
801NB_P2B_250722,34.129814,-117.858109,2213
801NB_P2B_250722,34.129814,-117.858001,2214
801NB_P2B_250722,34.129814,-117.857892,2215
801NB_P2B_250722,34.129814,-117.857783,2216
801NB_P2B_250722,34.129814,-117.857675,2217
801NB_P2B_250722,34.129814,-117.857566,2218
801NB_P2B_250722,34.129814,-117.857458,2219
801NB_P2B_250722,34.129814,-117.857349,2220
801NB_P2B_250722,34.129814,-117.85724,2221
801NB_P2B_250722,34.129814,-117.857132,2222
801NB_P2B_250722,34.129814,-117.857023,2223
801NB_P2B_250722,34.129814,-117.856914,2224
801NB_P2B_250722,34.129814,-117.856806,2225
801NB_P2B_250722,34.129814,-117.856697,2226
801NB_P2B_250722,34.129814,-117.856589,2227
801NB_P2B_250722,34.129814,-117.85648,2228
801NB_P2B_250722,34.129814,-117.856371,2229
801NB_P2B_250722,34.129815,-117.856263,2230
801NB_P2B_250722,34.129815,-117.856154,2231
801NB_P2B_250722,34.129815,-117.856045,2232
801NB_P2B_250722,34.129815,-117.855937,2233
801NB_P2B_250722,34.129815,-117.855828,2234
801NB_P2B_250722,34.129815,-117.855719,2235
801NB_P2B_250722,34.129815,-117.855611,2236
801NB_P2B_250722,34.129815,-117.855502,2237
801NB_P2B_250722,34.129815,-117.855394,2238
801NB_P2B_250722,34.129815,-117.855285,2239
801NB_P2B_250722,34.129815,-117.855176,2240
801NB_P2B_250722,34.129815,-117.855068,2241
801NB_P2B_250722,34.129815,-117.854959,2242
801NB_P2B_250722,34.129815,-117.85485,2243
801NB_P2B_250722,34.129815,-117.854742,2244
801NB_P2B_250722,34.129815,-117.854633,2245
801NB_P2B_250722,34.129815,-117.854525,2246
801NB_P2B_250722,34.129815,-117.854416,2247
801NB_P2B_250722,34.129816,-117.854307,2248
801NB_P2B_250722,34.129816,-117.854199,2249
801NB_P2B_250722,34.129816,-117.85409,2250
801NB_P2B_250722,34.129816,-117.853981,2251
801NB_P2B_250722,34.129816,-117.853873,2252
801NB_P2B_250722,34.129816,-117.853764,2253
801NB_P2B_250722,34.129816,-117.853656,2254
801NB_P2B_250722,34.129816,-117.853547,2255
801NB_P2B_250722,34.129816,-117.853438,2256
801NB_P2B_250722,34.129816,-117.85333,2257
801NB_P2B_250722,34.129816,-117.853221,2258
801NB_P2B_250722,34.129816,-117.853112,2259
801NB_P2B_250722,34.129816,-117.853004,2260
801NB_P2B_250722,34.129816,-117.852895,2261
801NB_P2B_250722,34.129816,-117.852787,2262
801NB_P2B_250722,34.129816,-117.852678,2263
801NB_P2B_250722,34.129816,-117.852569,2264
801NB_P2B_250722,34.129817,-117.852461,2265
801NB_P2B_250722,34.129817,-117.852352,2266
801NB_P2B_250722,34.129817,-117.852243,2267
801NB_P2B_250722,34.129817,-117.852135,2268
801NB_P2B_250722,34.129817,-117.852026,2269
801NB_P2B_250722,34.129817,-117.851918,2270
801NB_P2B_250722,34.129817,-117.851809,2271
801NB_P2B_250722,34.129817,-117.8517,2272
801NB_P2B_250722,34.129817,-117.851592,2273
801NB_P2B_250722,34.129817,-117.851483,2274
801NB_P2B_250722,34.129817,-117.851374,2275
801NB_P2B_250722,34.129817,-117.851266,2276
801NB_P2B_250722,34.129817,-117.851157,2277
801NB_P2B_250722,34.129817,-117.851049,2278
801NB_P2B_250722,34.129817,-117.85094,2279
801NB_P2B_250722,34.129817,-117.850831,2280
801NB_P2B_250722,34.129817,-117.850723,2281
801NB_P2B_250722,34.129817,-117.850614,2282
801NB_P2B_250722,34.129818,-117.850505,2283
801NB_P2B_250722,34.129818,-117.850397,2284
801NB_P2B_250722,34.129818,-117.850288,2285
801NB_P2B_250722,34.129818,-117.850225,2286
801NB_P2B_250722,34.129818,-117.850117,2287
801NB_P2B_250722,34.129818,-117.850008,2288
801NB_P2B_250722,34.129818,-117.8499,2289
801NB_P2B_250722,34.129818,-117.849895,2290
801NB_P2B_250722,34.129817,-117.849786,2291
801NB_P2B_250722,34.129817,-117.849678,2292
801NB_P2B_250722,34.129817,-117.849569,2293
801NB_P2B_250722,34.129816,-117.84946,2294
801NB_P2B_250722,34.129816,-117.849352,2295
801NB_P2B_250722,34.129815,-117.849243,2296
801NB_P2B_250722,34.129815,-117.849168,2297
801NB_P2B_250722,34.129814,-117.849059,2298
801NB_P2B_250722,34.129814,-117.84895,2299
801NB_P2B_250722,34.129813,-117.848842,2300
801NB_P2B_250722,34.129813,-117.848837,2301
801NB_P2B_250722,34.129812,-117.848729,2302
801NB_P2B_250722,34.129811,-117.84862,2303
801NB_P2B_250722,34.12981,-117.848511,2304
801NB_P2B_250722,34.129809,-117.848403,2305
801NB_P2B_250722,34.129808,-117.848294,2306
801NB_P2B_250722,34.129808,-117.848185,2307
801NB_P2B_250722,34.129808,-117.848185,2308
801NB_P2B_250722,34.129807,-117.848076,2309
801NB_P2B_250722,34.129806,-117.847967,2310
801NB_P2B_250722,34.129805,-117.847859,2311
801NB_P2B_250722,34.129805,-117.847854,2312
801NB_P2B_250722,34.129805,-117.847746,2313
801NB_P2B_250722,34.129804,-117.847637,2314
801NB_P2B_250722,34.129804,-117.847528,2315
801NB_P2B_250722,34.129804,-117.84742,2316
801NB_P2B_250722,34.129803,-117.847311,2317
801NB_P2B_250722,34.129803,-117.847202,2318
801NB_P2B_250722,34.129803,-117.847114,2319
801NB_P2B_250722,34.129803,-117.847006,2320
801NB_P2B_250722,34.129803,-117.846897,2321
801NB_P2B_250722,34.129803,-117.846788,2322
801NB_P2B_250722,34.129803,-117.846784,2323
801NB_P2B_250722,34.129803,-117.846675,2324
801NB_P2B_250722,34.129803,-117.846566,2325
801NB_P2B_250722,34.129803,-117.846458,2326
801NB_P2B_250722,34.129803,-117.846349,2327
801NB_P2B_250722,34.129803,-117.846241,2328
801NB_P2B_250722,34.129803,-117.846132,2329
801NB_P2B_250722,34.129803,-117.846023,2330
801NB_P2B_250722,34.129803,-117.845915,2331
801NB_P2B_250722,34.129803,-117.845806,2332
801NB_P2B_250722,34.129803,-117.845697,2333
801NB_P2B_250722,34.129803,-117.845589,2334
801NB_P2B_250722,34.129803,-117.84548,2335
801NB_P2B_250722,34.129803,-117.845372,2336
801NB_P2B_250722,34.129803,-117.845263,2337
801NB_P2B_250722,34.129803,-117.845154,2338
801NB_P2B_250722,34.129804,-117.845046,2339
801NB_P2B_250722,34.129804,-117.844937,2340
801NB_P2B_250722,34.129804,-117.844828,2341
801NB_P2B_250722,34.129804,-117.84472,2342
801NB_P2B_250722,34.129804,-117.844611,2343
801NB_P2B_250722,34.129804,-117.844503,2344
801NB_P2B_250722,34.129804,-117.844394,2345
801NB_P2B_250722,34.129804,-117.844285,2346
801NB_P2B_250722,34.129804,-117.844177,2347
801NB_P2B_250722,34.129804,-117.844068,2348
801NB_P2B_250722,34.129804,-117.843959,2349
801NB_P2B_250722,34.129804,-117.843851,2350
801NB_P2B_250722,34.129804,-117.843742,2351
801NB_P2B_250722,34.129804,-117.843634,2352
801NB_P2B_250722,34.129804,-117.843525,2353
801NB_P2B_250722,34.129804,-117.843416,2354
801NB_P2B_250722,34.129804,-117.843308,2355
801NB_P2B_250722,34.129805,-117.843199,2356
801NB_P2B_250722,34.129805,-117.84309,2357
801NB_P2B_250722,34.129805,-117.842982,2358
801NB_P2B_250722,34.129805,-117.842873,2359
801NB_P2B_250722,34.129805,-117.842765,2360
801NB_P2B_250722,34.129805,-117.842656,2361
801NB_P2B_250722,34.129805,-117.842547,2362
801NB_P2B_250722,34.129805,-117.842439,2363
801NB_P2B_250722,34.129805,-117.84233,2364
801NB_P2B_250722,34.129805,-117.842221,2365
801NB_P2B_250722,34.129805,-117.842113,2366
801NB_P2B_250722,34.129805,-117.842004,2367
801NB_P2B_250722,34.129805,-117.841896,2368
801NB_P2B_250722,34.129805,-117.841787,2369
801NB_P2B_250722,34.129805,-117.841678,2370
801NB_P2B_250722,34.129805,-117.84157,2371
801NB_P2B_250722,34.129805,-117.841461,2372
801NB_P2B_250722,34.129805,-117.841352,2373
801NB_P2B_250722,34.129806,-117.841244,2374
801NB_P2B_250722,34.129806,-117.841135,2375
801NB_P2B_250722,34.129806,-117.841027,2376
801NB_P2B_250722,34.129806,-117.840918,2377
801NB_P2B_250722,34.129806,-117.840809,2378
801NB_P2B_250722,34.129806,-117.840701,2379
801NB_P2B_250722,34.129806,-117.840592,2380
801NB_P2B_250722,34.129806,-117.840483,2381
801NB_P2B_250722,34.129806,-117.840375,2382
801NB_P2B_250722,34.129806,-117.840266,2383
801NB_P2B_250722,34.129806,-117.840157,2384
801NB_P2B_250722,34.129806,-117.840049,2385
801NB_P2B_250722,34.129806,-117.83994,2386
801NB_P2B_250722,34.129806,-117.839832,2387
801NB_P2B_250722,34.129806,-117.839723,2388
801NB_P2B_250722,34.129806,-117.839614,2389
801NB_P2B_250722,34.129806,-117.839506,2390
801NB_P2B_250722,34.129807,-117.839425,2391
801NB_P2B_250722,34.129807,-117.839419,2392
801NB_P2B_250722,34.129807,-117.839317,2393
801NB_P2B_250722,34.129806,-117.839208,2394
801NB_P2B_250722,34.129806,-117.8391,2395
801NB_P2B_250722,34.129805,-117.838991,2396
801NB_P2B_250722,34.129804,-117.838882,2397
801NB_P2B_250722,34.129801,-117.838774,2398
801NB_P2B_250722,34.129798,-117.838665,2399
801NB_P2B_250722,34.129794,-117.838557,2400
801NB_P2B_250722,34.129788,-117.838448,2401
801NB_P2B_250722,34.129781,-117.83834,2402
801NB_P2B_250722,34.129776,-117.83827,2403
801NB_P2B_250722,34.129766,-117.838162,2404
801NB_P2B_250722,34.129755,-117.838054,2405
801NB_P2B_250722,34.129742,-117.837946,2406
801NB_P2B_250722,34.129728,-117.837838,2407
801NB_P2B_250722,34.129711,-117.837731,2408
801NB_P2B_250722,34.129694,-117.837624,2409
801NB_P2B_250722,34.129674,-117.837517,2410
801NB_P2B_250722,34.129653,-117.83741,2411
801NB_P2B_250722,34.12963,-117.837304,2412
801NB_P2B_250722,34.129606,-117.837198,2413
801NB_P2B_250722,34.129579,-117.837093,2414
801NB_P2B_250722,34.129552,-117.836988,2415
801NB_P2B_250722,34.129522,-117.836883,2416
801NB_P2B_250722,34.129491,-117.836779,2417
801NB_P2B_250722,34.129458,-117.836676,2418
801NB_P2B_250722,34.129424,-117.836573,2419
801NB_P2B_250722,34.129387,-117.83647,2420
801NB_P2B_250722,34.129368,-117.836415,2421
801NB_P2B_250722,34.129329,-117.836313,2422
801NB_P2B_250722,34.129289,-117.836213,2423
801NB_P2B_250722,34.129249,-117.836117,2424
801NB_P2B_250722,34.129205,-117.836018,2425
801NB_P2B_250722,34.129161,-117.835918,2426
801NB_P2B_250722,34.129114,-117.83582,2427
801NB_P2B_250722,34.129068,-117.835722,2428
801NB_P2B_250722,34.129018,-117.835626,2429
801NB_P2B_250722,34.128968,-117.835529,2430
801NB_P2B_250722,34.128916,-117.835434,2431
801NB_P2B_250722,34.128863,-117.835339,2432
801NB_P2B_250722,34.128808,-117.835245,2433
801NB_P2B_250722,34.128764,-117.83517,2434
801NB_P2B_250722,34.128706,-117.835078,2435
801NB_P2B_250722,34.128647,-117.834987,2436
801NB_P2B_250722,34.128595,-117.834909,2437
801NB_P2B_250722,34.128533,-117.83482,2438
801NB_P2B_250722,34.128469,-117.834732,2439
801NB_P2B_250722,34.128403,-117.834646,2440
801NB_P2B_250722,34.128336,-117.83456,2441
801NB_P2B_250722,34.128267,-117.834477,2442
801NB_P2B_250722,34.128196,-117.834395,2443
801NB_P2B_250722,34.128123,-117.834314,2444
801NB_P2B_250722,34.128048,-117.834235,2445
801NB_P2B_250722,34.127973,-117.834157,2446
801NB_P2B_250722,34.127894,-117.834082,2447
801NB_P2B_250722,34.127815,-117.834008,2448
801NB_P2B_250722,34.127733,-117.833936,2449
801NB_P2B_250722,34.127692,-117.8339,2450
801NB_P2B_250722,34.127609,-117.83383,2451
801NB_P2B_250722,34.127524,-117.833763,2452
801NB_P2B_250722,34.127437,-117.833697,2453
801NB_P2B_250722,34.12737,-117.833647,2454
801NB_P2B_250722,34.127283,-117.833583,2455
801NB_P2B_250722,34.127195,-117.833519,2456
801NB_P2B_250722,34.127106,-117.833457,2457
801NB_P2B_250722,34.127016,-117.833395,2458
801NB_P2B_250722,34.126926,-117.833334,2459
801NB_P2B_250722,34.126836,-117.833274,2460
801NB_P2B_250722,34.12683,-117.833271,2461
801NB_P2B_250722,34.126739,-117.833212,2462
801NB_P2B_250722,34.126646,-117.833155,2463
801NB_P2B_250722,34.126586,-117.833118,2464
801NB_P2B_250722,34.126492,-117.833064,2465
801NB_P2B_250722,34.126397,-117.833011,2466
801NB_P2B_250722,34.126301,-117.832961,2467
801NB_P2B_250722,34.126204,-117.832912,2468
801NB_P2B_250722,34.126106,-117.832865,2469
801NB_P2B_250722,34.126007,-117.83282,2470
801NB_P2B_250722,34.125907,-117.832778,2471
801NB_P2B_250722,34.125806,-117.832737,2472
801NB_P2B_250722,34.125705,-117.832699,2473
801NB_P2B_250722,34.125602,-117.832663,2474
801NB_P2B_250722,34.125499,-117.832629,2475
801NB_P2B_250722,34.125395,-117.832598,2476
801NB_P2B_250722,34.125291,-117.832567,2477
801NB_P2B_250722,34.125185,-117.832541,2478
801NB_P2B_250722,34.125083,-117.832516,2479
801NB_P2B_250722,34.124977,-117.832493,2480
801NB_P2B_250722,34.12487,-117.832473,2481
801NB_P2B_250722,34.124763,-117.832454,2482
801NB_P2B_250722,34.124656,-117.832436,2483
801NB_P2B_250722,34.124549,-117.832419,2484
801NB_P2B_250722,34.124441,-117.832403,2485
801NB_P2B_250722,34.124403,-117.832397,2486
801NB_P2B_250722,34.124296,-117.832381,2487
801NB_P2B_250722,34.124188,-117.832365,2488
801NB_P2B_250722,34.124081,-117.832349,2489
801NB_P2B_250722,34.123973,-117.832333,2490
801NB_P2B_250722,34.123866,-117.832317,2491
801NB_P2B_250722,34.123759,-117.8323,2492
801NB_P2B_250722,34.123651,-117.832284,2493
801NB_P2B_250722,34.123544,-117.832268,2494
801NB_P2B_250722,34.123436,-117.832252,2495
801NB_P2B_250722,34.123329,-117.832236,2496
801NB_P2B_250722,34.123222,-117.83222,2497
801NB_P2B_250722,34.123114,-117.832204,2498
801NB_P2B_250722,34.123095,-117.832201,2499
801NB_P2B_250722,34.122987,-117.832185,2500
801NB_P2B_250722,34.12288,-117.832168,2501
801NB_P2B_250722,34.122773,-117.832151,2502
801NB_P2B_250722,34.122666,-117.832133,2503
801NB_P2B_250722,34.122559,-117.832114,2504
801NB_P2B_250722,34.122452,-117.832093,2505
801NB_P2B_250722,34.122415,-117.832086,2506
801NB_P2B_250722,34.122309,-117.832062,2507
801NB_P2B_250722,34.122203,-117.832037,2508
801NB_P2B_250722,34.122098,-117.83201,2509
801NB_P2B_250722,34.121993,-117.831982,2510
801NB_P2B_250722,34.121889,-117.831951,2511
801NB_P2B_250722,34.121785,-117.83192,2512
801NB_P2B_250722,34.121682,-117.831885,2513
801NB_P2B_250722,34.121579,-117.83185,2514
801NB_P2B_250722,34.121477,-117.831812,2515
801NB_P2B_250722,34.121376,-117.831773,2516
801NB_P2B_250722,34.121275,-117.831732,2517
801NB_P2B_250722,34.121175,-117.83169,2518
801NB_P2B_250722,34.121076,-117.831646,2519
801NB_P2B_250722,34.120977,-117.8316,2520
801NB_P2B_250722,34.120879,-117.831553,2521
801NB_P2B_250722,34.120783,-117.831504,2522
801NB_P2B_250722,34.120686,-117.831454,2523
801NB_P2B_250722,34.120591,-117.831401,2524
801NB_P2B_250722,34.120496,-117.831349,2525
801NB_P2B_250722,34.120403,-117.831293,2526
801NB_P2B_250722,34.12031,-117.831237,2527
801NB_P2B_250722,34.120218,-117.831179,2528
801NB_P2B_250722,34.120127,-117.83112,2529
801NB_P2B_250722,34.120037,-117.831059,2530
801NB_P2B_250722,34.119948,-117.830997,2531
801NB_P2B_250722,34.119859,-117.830933,2532
801NB_P2B_250722,34.119772,-117.830869,2533
801NB_P2B_250722,34.119716,-117.830827,2534
801NB_P2B_250722,34.11963,-117.83076,2535
801NB_P2B_250722,34.119545,-117.830692,2536
801NB_P2B_250722,34.119461,-117.830623,2537
801NB_P2B_250722,34.119378,-117.830554,2538
801NB_P2B_250722,34.119295,-117.830484,2539
801NB_P2B_250722,34.119212,-117.830414,2540
801NB_P2B_250722,34.119149,-117.83036,2541
801NB_P2B_250722,34.119066,-117.83029,2542
801NB_P2B_250722,34.118983,-117.830219,2543
801NB_P2B_250722,34.118901,-117.830149,2544
801NB_P2B_250722,34.118818,-117.830079,2545
801NB_P2B_250722,34.118776,-117.830042,2546
801NB_P2B_250722,34.118693,-117.829972,2547
801NB_P2B_250722,34.11861,-117.829902,2548
801NB_P2B_250722,34.118526,-117.829833,2549
801NB_P2B_250722,34.118482,-117.829797,2550
801NB_P2B_250722,34.118397,-117.829729,2551
801NB_P2B_250722,34.118312,-117.829663,2552
801NB_P2B_250722,34.118225,-117.829597,2553
801NB_P2B_250722,34.118138,-117.829533,2554
801NB_P2B_250722,34.118054,-117.829472,2555
801NB_P2B_250722,34.117964,-117.82941,2556
801NB_P2B_250722,34.117875,-117.829348,2557
801NB_P2B_250722,34.117785,-117.829288,2558
801NB_P2B_250722,34.117743,-117.82926,2559
801NB_P2B_250722,34.117653,-117.829199,2560
801NB_P2B_250722,34.117563,-117.829139,2561
801NB_P2B_250722,34.117472,-117.829078,2562
801NB_P2B_250722,34.117382,-117.829017,2563
801NB_P2B_250722,34.117347,-117.828994,2564
801NB_P2B_250722,34.117257,-117.828933,2565
801NB_P2B_250722,34.117167,-117.828872,2566
801NB_P2B_250722,34.117108,-117.828832,2567
801NB_P2B_250722,34.117019,-117.828769,2568
801NB_P2B_250722,34.11693,-117.828706,2569
801NB_P2B_250722,34.116843,-117.828642,2570
801NB_P2B_250722,34.116755,-117.828577,2571
801NB_P2B_250722,34.116717,-117.828548,2572
801NB_P2B_250722,34.11663,-117.828482,2573
801NB_P2B_250722,34.116545,-117.828416,2574
801NB_P2B_250722,34.116486,-117.82837,2575
801NB_P2B_250722,34.1164,-117.828303,2576
801NB_P2B_250722,34.116314,-117.828236,2577
801NB_P2B_250722,34.116229,-117.828169,2578
801NB_P2B_250722,34.116143,-117.828103,2579
801NB_P2B_250722,34.116057,-117.828036,2580
801NB_P2B_250722,34.115972,-117.827969,2581
801NB_P2B_250722,34.115886,-117.827902,2582
801NB_P2B_250722,34.1158,-117.827835,2583
801NB_P2B_250722,34.115715,-117.827769,2584
801NB_P2B_250722,34.115629,-117.827702,2585
801NB_P2B_250722,34.115543,-117.827635,2586
801NB_P2B_250722,34.115458,-117.827568,2587
801NB_P2B_250722,34.115372,-117.827501,2588
801NB_P2B_250722,34.115286,-117.827435,2589
801NB_P2B_250722,34.115201,-117.827368,2590
801NB_P2B_250722,34.115115,-117.827301,2591
801NB_P2B_250722,34.115029,-117.827234,2592
801NB_P2B_250722,34.114944,-117.827167,2593
801NB_P2B_250722,34.114858,-117.827101,2594
801NB_P2B_250722,34.114772,-117.827034,2595
801NB_P2B_250722,34.114687,-117.826967,2596
801NB_P2B_250722,34.114601,-117.8269,2597
801NB_P2B_250722,34.114515,-117.826833,2598
801NB_P2B_250722,34.11443,-117.826767,2599
801NB_P2B_250722,34.114344,-117.8267,2600
801NB_P2B_250722,34.114258,-117.826633,2601
801NB_P2B_250722,34.114173,-117.826566,2602
801NB_P2B_250722,34.114087,-117.826499,2603
801NB_P2B_250722,34.114001,-117.826433,2604
801NB_P2B_250722,34.113916,-117.826366,2605
801NB_P2B_250722,34.113846,-117.826312,2606
801NB_P2B_250722,34.113761,-117.826245,2607
801NB_P2B_250722,34.113675,-117.826178,2608
801NB_P2B_250722,34.11359,-117.826111,2609
801NB_P2B_250722,34.113505,-117.826043,2610
801NB_P2B_250722,34.11342,-117.825975,2611
801NB_P2B_250722,34.113336,-117.825906,2612
801NB_P2B_250722,34.113274,-117.825854,2613
801NB_P2B_250722,34.113192,-117.825783,2614
801NB_P2B_250722,34.11311,-117.825712,2615
801NB_P2B_250722,34.113029,-117.825639,2616
801NB_P2B_250722,34.112949,-117.825566,2617
801NB_P2B_250722,34.112869,-117.825492,2618
801NB_P2B_250722,34.112791,-117.825417,2619
801NB_P2B_250722,34.112713,-117.825342,2620
801NB_P2B_250722,34.112636,-117.825265,2621
801NB_P2B_250722,34.11256,-117.825188,2622
801NB_P2B_250722,34.112528,-117.825156,2623
801NB_P2B_250722,34.112453,-117.825078,2624
801NB_P2B_250722,34.112379,-117.824999,2625
801NB_P2B_250722,34.112322,-117.824938,2626
801NB_P2B_250722,34.112249,-117.824857,2627
801NB_P2B_250722,34.112177,-117.824776,2628
801NB_P2B_250722,34.112104,-117.824696,2629
801NB_P2B_250722,34.112032,-117.824614,2630
801NB_P2B_250722,34.111961,-117.824532,2631
801NB_P2B_250722,34.11189,-117.82445,2632
801NB_P2B_250722,34.111819,-117.824367,2633
801NB_P2B_250722,34.11175,-117.824284,2634
801NB_P2B_250722,34.11168,-117.824201,2635
801NB_P2B_250722,34.111611,-117.824117,2636
801NB_P2B_250722,34.111543,-117.824032,2637
801NB_P2B_250722,34.111475,-117.823947,2638
801NB_P2B_250722,34.111407,-117.823862,2639
801NB_P2B_250722,34.111341,-117.823777,2640
801NB_P2B_250722,34.111275,-117.82369,2641
801NB_P2B_250722,34.111208,-117.823604,2642
801NB_P2B_250722,34.111143,-117.823518,2643
801NB_P2B_250722,34.111079,-117.82343,2644
801NB_P2B_250722,34.111014,-117.823343,2645
801NB_P2B_250722,34.11095,-117.823255,2646
801NB_P2B_250722,34.110887,-117.823166,2647
801NB_P2B_250722,34.110824,-117.823078,2648
801NB_P2B_250722,34.110762,-117.822989,2649
801NB_P2B_250722,34.1107,-117.822899,2650
801NB_P2B_250722,34.110639,-117.822809,2651
801NB_P2B_250722,34.110578,-117.82272,2652
801NB_P2B_250722,34.110518,-117.822629,2653
801NB_P2B_250722,34.110459,-117.822538,2654
801NB_P2B_250722,34.1104,-117.822447,2655
801NB_P2B_250722,34.11034,-117.822356,2656
801NB_P2B_250722,34.110283,-117.822264,2657
801NB_P2B_250722,34.110225,-117.822172,2658
801NB_P2B_250722,34.110168,-117.82208,2659
801NB_P2B_250722,34.110111,-117.821987,2660
801NB_P2B_250722,34.110056,-117.821894,2661
801NB_P2B_250722,34.11,-117.8218,2662
801NB_P2B_250722,34.109945,-117.821707,2663
801NB_P2B_250722,34.109891,-117.821613,2664
801NB_P2B_250722,34.109837,-117.821518,2665
801NB_P2B_250722,34.109783,-117.821424,2666
801NB_P2B_250722,34.10973,-117.821329,2667
801NB_P2B_250722,34.109678,-117.821234,2668
801NB_P2B_250722,34.109626,-117.821138,2669
801NB_P2B_250722,34.109574,-117.821043,2670
801NB_P2B_250722,34.109524,-117.820946,2671
801NB_P2B_250722,34.109474,-117.82085,2672
801NB_P2B_250722,34.109423,-117.820754,2673
801NB_P2B_250722,34.109374,-117.820657,2674
801NB_P2B_250722,34.109326,-117.82056,2675
801NB_P2B_250722,34.109277,-117.820463,2676
801NB_P2B_250722,34.109229,-117.820365,2677
801NB_P2B_250722,34.109183,-117.820267,2678
801NB_P2B_250722,34.109136,-117.820169,2679
801NB_P2B_250722,34.109089,-117.820071,2680
801NB_P2B_250722,34.109044,-117.819972,2681
801NB_P2B_250722,34.108999,-117.819873,2682
801NB_P2B_250722,34.108954,-117.819774,2683
801NB_P2B_250722,34.10891,-117.819675,2684
801NB_P2B_250722,34.108867,-117.819575,2685
801NB_P2B_250722,34.108824,-117.819476,2686
801NB_P2B_250722,34.108781,-117.819376,2687
801NB_P2B_250722,34.108739,-117.819276,2688
801NB_P2B_250722,34.108698,-117.819175,2689
801NB_P2B_250722,34.108657,-117.819075,2690
801NB_P2B_250722,34.108616,-117.818974,2691
801NB_P2B_250722,34.108577,-117.818873,2692
801NB_P2B_250722,34.108537,-117.818771,2693
801NB_P2B_250722,34.108498,-117.81867,2694
801NB_P2B_250722,34.10846,-117.818568,2695
801NB_P2B_250722,34.108422,-117.818466,2696
801NB_P2B_250722,34.108385,-117.818365,2697
801NB_P2B_250722,34.108348,-117.818262,2698
801NB_P2B_250722,34.108312,-117.81816,2699
801NB_P2B_250722,34.108276,-117.818057,2700
801NB_P2B_250722,34.10824,-117.817955,2701
801NB_P2B_250722,34.108206,-117.817852,2702
801NB_P2B_250722,34.108172,-117.817749,2703
801NB_P2B_250722,34.108138,-117.817645,2704
801NB_P2B_250722,34.108105,-117.817542,2705
801NB_P2B_250722,34.108073,-117.817438,2706
801NB_P2B_250722,34.10804,-117.817334,2707
801NB_P2B_250722,34.108008,-117.817231,2708
801NB_P2B_250722,34.107978,-117.817126,2709
801NB_P2B_250722,34.107947,-117.817022,2710
801NB_P2B_250722,34.107917,-117.816918,2711
801NB_P2B_250722,34.107887,-117.816813,2712
801NB_P2B_250722,34.107859,-117.816709,2713
801NB_P2B_250722,34.10783,-117.816604,2714
801NB_P2B_250722,34.107802,-117.816499,2715
801NB_P2B_250722,34.107793,-117.816468,2716
801NB_P2B_250722,34.107766,-117.816363,2717
801NB_P2B_250722,34.107739,-117.816258,2718
801NB_P2B_250722,34.107712,-117.816152,2719
801NB_P2B_250722,34.107686,-117.816047,2720
801NB_P2B_250722,34.107665,-117.815962,2721
801NB_P2B_250722,34.107638,-117.815857,2722
801NB_P2B_250722,34.107612,-117.815752,2723
801NB_P2B_250722,34.107586,-117.815646,2724
801NB_P2B_250722,34.10756,-117.815541,2725
801NB_P2B_250722,34.107533,-117.815436,2726
801NB_P2B_250722,34.107507,-117.81533,2727
801NB_P2B_250722,34.107481,-117.815225,2728
801NB_P2B_250722,34.107454,-117.815119,2729
801NB_P2B_250722,34.107428,-117.815014,2730
801NB_P2B_250722,34.107402,-117.814909,2731
801NB_P2B_250722,34.107375,-117.814803,2732
801NB_P2B_250722,34.107349,-117.814698,2733
801NB_P2B_250722,34.107323,-117.814592,2734
801NB_P2B_250722,34.107296,-117.814487,2735
801NB_P2B_250722,34.10727,-117.814382,2736
801NB_P2B_250722,34.107244,-117.814276,2737
801NB_P2B_250722,34.107217,-117.814171,2738
801NB_P2B_250722,34.107191,-117.814066,2739
801NB_P2B_250722,34.107165,-117.81396,2740
801NB_P2B_250722,34.107138,-117.813855,2741
801NB_P2B_250722,34.107112,-117.813749,2742
801NB_P2B_250722,34.107086,-117.813644,2743
801NB_P2B_250722,34.107059,-117.813539,2744
801NB_P2B_250722,34.107033,-117.813433,2745
801NB_P2B_250722,34.107007,-117.813328,2746
801NB_P2B_250722,34.10698,-117.813222,2747
801NB_P2B_250722,34.106954,-117.813117,2748
801NB_P2B_250722,34.106928,-117.813012,2749
801NB_P2B_250722,34.106901,-117.812906,2750
801NB_P2B_250722,34.106875,-117.812801,2751
801NB_P2B_250722,34.106849,-117.812695,2752
801NB_P2B_250722,34.106822,-117.81259,2753
801NB_P2B_250722,34.106796,-117.812485,2754
801NB_P2B_250722,34.10677,-117.812379,2755
801NB_P2B_250722,34.106743,-117.812274,2756
801NB_P2B_250722,34.106717,-117.812169,2757
801NB_P2B_250722,34.106691,-117.812063,2758
801NB_P2B_250722,34.106664,-117.811958,2759
801NB_P2B_250722,34.106638,-117.811852,2760
801NB_P2B_250722,34.106612,-117.811747,2761
801NB_P2B_250722,34.106585,-117.811642,2762
801NB_P2B_250722,34.106559,-117.811536,2763
801NB_P2B_250722,34.106533,-117.811431,2764
801NB_P2B_250722,34.106506,-117.811325,2765
801NB_P2B_250722,34.10648,-117.81122,2766
801NB_P2B_250722,34.106454,-117.811115,2767
801NB_P2B_250722,34.106427,-117.811009,2768
801NB_P2B_250722,34.106401,-117.810904,2769
801NB_P2B_250722,34.106375,-117.810798,2770
801NB_P2B_250722,34.106348,-117.810693,2771
801NB_P2B_250722,34.106322,-117.810588,2772
801NB_P2B_250722,34.106296,-117.810482,2773
801NB_P2B_250722,34.106269,-117.810377,2774
801NB_P2B_250722,34.106243,-117.810272,2775
801NB_P2B_250722,34.106217,-117.810166,2776
801NB_P2B_250722,34.10619,-117.810061,2777
801NB_P2B_250722,34.106164,-117.809955,2778
801NB_P2B_250722,34.10615,-117.8099,2779
801NB_P2B_250722,34.106124,-117.809795,2780
801NB_P2B_250722,34.106098,-117.809689,2781
801NB_P2B_250722,34.106071,-117.809584,2782
801NB_P2B_250722,34.106071,-117.809584,2783
801NB_P2B_250722,34.106045,-117.809478,2784
801NB_P2B_250722,34.106018,-117.809373,2785
801NB_P2B_250722,34.105992,-117.809267,2786
801NB_P2B_250722,34.105965,-117.809162,2787
801NB_P2B_250722,34.105939,-117.809057,2788
801NB_P2B_250722,34.105916,-117.808967,2789
801NB_P2B_250722,34.10589,-117.808862,2790
801NB_P2B_250722,34.105863,-117.808756,2791
801NB_P2B_250722,34.105836,-117.808651,2792
801NB_P2B_250722,34.105836,-117.808651,2793
801NB_P2B_250722,34.10581,-117.808545,2794
801NB_P2B_250722,34.105783,-117.80844,2795
801NB_P2B_250722,34.105757,-117.808335,2796
801NB_P2B_250722,34.10573,-117.808229,2797
801NB_P2B_250722,34.105703,-117.808124,2798
801NB_P2B_250722,34.105677,-117.808019,2799
801NB_P2B_250722,34.10565,-117.807914,2800
801NB_P2B_250722,34.105624,-117.807808,2801
801NB_P2B_250722,34.105617,-117.807783,2802
801NB_P2B_250722,34.105591,-117.807678,2803
801NB_P2B_250722,34.105564,-117.807572,2804
801NB_P2B_250722,34.105538,-117.807467,2805
801NB_P2B_250722,34.105538,-117.807467,2806
801NB_P2B_250722,34.105511,-117.807361,2807
801NB_P2B_250722,34.105485,-117.807256,2808
801NB_P2B_250722,34.105458,-117.807151,2809
801NB_P2B_250722,34.105432,-117.807045,2810
801NB_P2B_250722,34.105405,-117.80694,2811
801NB_P2B_250722,34.105383,-117.80685,2812
801NB_P2B_250722,34.105356,-117.806745,2813
801NB_P2B_250722,34.10533,-117.806639,2814
801NB_P2B_250722,34.105304,-117.806534,2815
801NB_P2B_250722,34.105304,-117.806534,2816
801NB_P2B_250722,34.105277,-117.806428,2817
801NB_P2B_250722,34.105251,-117.806323,2818
801NB_P2B_250722,34.105225,-117.806218,2819
801NB_P2B_250722,34.105198,-117.806112,2820
801NB_P2B_250722,34.105172,-117.806007,2821
801NB_P2B_250722,34.105146,-117.805901,2822
801NB_P2B_250722,34.105119,-117.805796,2823
801NB_P2B_250722,34.105093,-117.805691,2824
801NB_P2B_250722,34.105067,-117.805585,2825
801NB_P2B_250722,34.10504,-117.80548,2826
801NB_P2B_250722,34.105014,-117.805374,2827
801NB_P2B_250722,34.104988,-117.805269,2828
801NB_P2B_250722,34.104961,-117.805164,2829
801NB_P2B_250722,34.104935,-117.805058,2830
801NB_P2B_250722,34.104909,-117.804953,2831
801NB_P2B_250722,34.104882,-117.804848,2832
801NB_P2B_250722,34.104877,-117.804828,2833
801NB_P2B_250722,34.104851,-117.804722,2834
801NB_P2B_250722,34.104825,-117.804617,2835
801NB_P2B_250722,34.104798,-117.804511,2836
801NB_P2B_250722,34.104798,-117.804511,2837
801NB_P2B_250722,34.104773,-117.804406,2838
801NB_P2B_250722,34.104747,-117.8043,2839
801NB_P2B_250722,34.104721,-117.804194,2840
801NB_P2B_250722,34.104696,-117.804089,2841
801NB_P2B_250722,34.10467,-117.803983,2842
801NB_P2B_250722,34.104644,-117.803878,2843
801NB_P2B_250722,34.104643,-117.80387,2844
801NB_P2B_250722,34.104617,-117.803764,2845
801NB_P2B_250722,34.104592,-117.803659,2846
801NB_P2B_250722,34.104568,-117.803553,2847
801NB_P2B_250722,34.104567,-117.803552,2848
801NB_P2B_250722,34.104542,-117.803447,2849
801NB_P2B_250722,34.104518,-117.803341,2850
801NB_P2B_250722,34.104493,-117.803235,2851
801NB_P2B_250722,34.104468,-117.803129,2852
801NB_P2B_250722,34.104443,-117.803024,2853
801NB_P2B_250722,34.104418,-117.802918,2854
801NB_P2B_250722,34.104393,-117.802812,2855
801NB_P2B_250722,34.104368,-117.802706,2856
801NB_P2B_250722,34.104343,-117.802601,2857
801NB_P2B_250722,34.104318,-117.802495,2858
801NB_P2B_250722,34.104293,-117.802389,2859
801NB_P2B_250722,34.104268,-117.802284,2860
801NB_P2B_250722,34.104267,-117.802279,2861
801NB_P2B_250722,34.104242,-117.802173,2862
801NB_P2B_250722,34.104217,-117.802067,2863
801NB_P2B_250722,34.104192,-117.801962,2864
801NB_P2B_250722,34.104192,-117.801961,2865
801NB_P2B_250722,34.104166,-117.801855,2866
801NB_P2B_250722,34.104141,-117.80175,2867
801NB_P2B_250722,34.104115,-117.801644,2868
801NB_P2B_250722,34.10409,-117.801539,2869
801NB_P2B_250722,34.104065,-117.801433,2870
801NB_P2B_250722,34.104039,-117.801327,2871
801NB_P2B_250722,34.104034,-117.801305,2872
801NB_P2B_250722,34.104008,-117.801199,2873
801NB_P2B_250722,34.103982,-117.801094,2874
801NB_P2B_250722,34.103956,-117.800988,2875
801NB_P2B_250722,34.103956,-117.800988,2876
801NB_P2B_250722,34.10393,-117.800882,2877
801NB_P2B_250722,34.103904,-117.800777,2878
801NB_P2B_250722,34.103878,-117.800671,2879
801NB_P2B_250722,34.103852,-117.800566,2880
801NB_P2B_250722,34.103826,-117.80046,2881
801NB_P2B_250722,34.1038,-117.800355,2882
801NB_P2B_250722,34.103774,-117.800249,2883
801NB_P2B_250722,34.103748,-117.800144,2884
801NB_P2B_250722,34.103723,-117.800038,2885
801NB_P2B_250722,34.103697,-117.799933,2886
801NB_P2B_250722,34.103671,-117.799827,2887
801NB_P2B_250722,34.103645,-117.799722,2888
801NB_P2B_250722,34.103619,-117.799616,2889
801NB_P2B_250722,34.103593,-117.799511,2890
801NB_P2B_250722,34.103567,-117.799405,2891
801NB_P2B_250722,34.103541,-117.7993,2892
801NB_P2B_250722,34.103515,-117.799195,2893
801NB_P2B_250722,34.103489,-117.799089,2894
801NB_P2B_250722,34.103463,-117.798984,2895
801NB_P2B_250722,34.103437,-117.798878,2896
801NB_P2B_250722,34.103411,-117.798773,2897
801NB_P2B_250722,34.103385,-117.798667,2898
801NB_P2B_250722,34.103359,-117.798562,2899
801NB_P2B_250722,34.103333,-117.798456,2900
801NB_P2B_250722,34.103308,-117.798351,2901
801NB_P2B_250722,34.103282,-117.798245,2902
801NB_P2B_250722,34.103256,-117.79814,2903
801NB_P2B_250722,34.10323,-117.798034,2904
801NB_P2B_250722,34.103204,-117.797929,2905
801NB_P2B_250722,34.103178,-117.797823,2906
801NB_P2B_250722,34.103152,-117.797718,2907
801NB_P2B_250722,34.103126,-117.797612,2908
801NB_P2B_250722,34.1031,-117.797507,2909
801NB_P2B_250722,34.103074,-117.797401,2910
801NB_P2B_250722,34.103048,-117.797296,2911
801NB_P2B_250722,34.103022,-117.79719,2912
801NB_P2B_250722,34.102996,-117.797085,2913
801NB_P2B_250722,34.10297,-117.796979,2914
801NB_P2B_250722,34.102944,-117.796874,2915
801NB_P2B_250722,34.102919,-117.796768,2916
801NB_P2B_250722,34.102893,-117.796663,2917
801NB_P2B_250722,34.102867,-117.796557,2918
801NB_P2B_250722,34.102841,-117.796452,2919
801NB_P2B_250722,34.102815,-117.796346,2920
801NB_P2B_250722,34.102789,-117.796241,2921
801NB_P2B_250722,34.102775,-117.796185,2922
801NB_P2B_250722,34.102749,-117.796079,2923
801NB_P2B_250722,34.102723,-117.795974,2924
801NB_P2B_250722,34.102697,-117.795868,2925
801NB_P2B_250722,34.102697,-117.795868,2926
801NB_P2B_250722,34.10267,-117.795763,2927
801NB_P2B_250722,34.102643,-117.795657,2928
801NB_P2B_250722,34.102617,-117.795552,2929
801NB_P2B_250722,34.10259,-117.795447,2930
801NB_P2B_250722,34.102563,-117.795341,2931
801NB_P2B_250722,34.102537,-117.795236,2932
801NB_P2B_250722,34.102537,-117.795236,2933
801NB_P2B_250722,34.102509,-117.795131,2934
801NB_P2B_250722,34.102482,-117.795026,2935
801NB_P2B_250722,34.102455,-117.794921,2936
801NB_P2B_250722,34.102427,-117.794816,2937
801NB_P2B_250722,34.1024,-117.79471,2938
801NB_P2B_250722,34.102372,-117.794605,2939
801NB_P2B_250722,34.102345,-117.7945,2940
801NB_P2B_250722,34.102317,-117.794395,2941
801NB_P2B_250722,34.10229,-117.79429,2942
801NB_P2B_250722,34.102262,-117.794185,2943
801NB_P2B_250722,34.102235,-117.79408,2944
801NB_P2B_250722,34.102208,-117.793975,2945
801NB_P2B_250722,34.10218,-117.79387,2946
801NB_P2B_250722,34.102153,-117.793765,2947
801NB_P2B_250722,34.102125,-117.793659,2948
801NB_P2B_250722,34.102098,-117.793554,2949
801NB_P2B_250722,34.102076,-117.793471,2950
801NB_P2B_250722,34.102048,-117.793366,2951
801NB_P2B_250722,34.102021,-117.793261,2952
801NB_P2B_250722,34.101994,-117.793155,2953
801NB_P2B_250722,34.101967,-117.79305,2954
801NB_P2B_250722,34.10194,-117.792945,2955
801NB_P2B_250722,34.101914,-117.792839,2956
801NB_P2B_250722,34.101914,-117.792839,2957
801NB_P2B_250722,34.101889,-117.792734,2958
801NB_P2B_250722,34.101864,-117.792628,2959
801NB_P2B_250722,34.101839,-117.792522,2960
801NB_P2B_250722,34.101815,-117.792416,2961
801NB_P2B_250722,34.101791,-117.79231,2962
801NB_P2B_250722,34.101768,-117.792204,2963
801NB_P2B_250722,34.101745,-117.792098,2964
801NB_P2B_250722,34.101723,-117.791992,2965
801NB_P2B_250722,34.101702,-117.791885,2966
801NB_P2B_250722,34.10168,-117.791779,2967
801NB_P2B_250722,34.101659,-117.791672,2968
801NB_P2B_250722,34.101639,-117.791565,2969
801NB_P2B_250722,34.10162,-117.791459,2970
801NB_P2B_250722,34.1016,-117.791352,2971
801NB_P2B_250722,34.101581,-117.791245,2972
801NB_P2B_250722,34.101563,-117.791138,2973
801NB_P2B_250722,34.101545,-117.79103,2974
801NB_P2B_250722,34.101528,-117.790923,2975
801NB_P2B_250722,34.101511,-117.790816,2976
801NB_P2B_250722,34.101495,-117.790708,2977
801NB_P2B_250722,34.101479,-117.790601,2978
801NB_P2B_250722,34.101464,-117.790494,2979
801NB_P2B_250722,34.101449,-117.790386,2980
801NB_P2B_250722,34.101435,-117.790278,2981
801NB_P2B_250722,34.101421,-117.79017,2982
801NB_P2B_250722,34.101408,-117.790063,2983
801NB_P2B_250722,34.101395,-117.789955,2984
801NB_P2B_250722,34.101383,-117.789847,2985
801NB_P2B_250722,34.10137,-117.789739,2986
801NB_P2B_250722,34.10137,-117.789733,2987
801NB_P2B_250722,34.101358,-117.789625,2988
801NB_P2B_250722,34.101347,-117.789517,2989
801NB_P2B_250722,34.101337,-117.789409,2990
801NB_P2B_250722,34.101327,-117.789301,2991
801NB_P2B_250722,34.101316,-117.789192,2992
801NB_P2B_250722,34.101306,-117.789084,2993
801NB_P2B_250722,34.101306,-117.789077,2994
801NB_P2B_250722,34.101296,-117.788969,2995
801NB_P2B_250722,34.101286,-117.788861,2996
801NB_P2B_250722,34.101276,-117.788752,2997
801NB_P2B_250722,34.101266,-117.788644,2998
801NB_P2B_250722,34.101255,-117.788536,2999
801NB_P2B_250722,34.101245,-117.788428,3000
801NB_P2B_250722,34.101235,-117.78832,3001
801NB_P2B_250722,34.101225,-117.788212,3002
801NB_P2B_250722,34.101215,-117.788103,3003
801NB_P2B_250722,34.101205,-117.787995,3004
801NB_P2B_250722,34.101195,-117.787887,3005
801NB_P2B_250722,34.101185,-117.787779,3006
801NB_P2B_250722,34.101175,-117.787671,3007
801NB_P2B_250722,34.101165,-117.787563,3008
801NB_P2B_250722,34.101155,-117.787454,3009
801NB_P2B_250722,34.101145,-117.787346,3010
801NB_P2B_250722,34.101135,-117.787238,3011
801NB_P2B_250722,34.101125,-117.78713,3012
801NB_P2B_250722,34.101115,-117.787022,3013
801NB_P2B_250722,34.101105,-117.786914,3014
801NB_P2B_250722,34.101095,-117.786805,3015
801NB_P2B_250722,34.101085,-117.786697,3016
801NB_P2B_250722,34.101075,-117.786589,3017
801NB_P2B_250722,34.101065,-117.786481,3018
801NB_P2B_250722,34.101055,-117.786373,3019
801NB_P2B_250722,34.101045,-117.786265,3020
801NB_P2B_250722,34.101035,-117.786156,3021
801NB_P2B_250722,34.101025,-117.786048,3022
801NB_P2B_250722,34.101014,-117.78594,3023
801NB_P2B_250722,34.101004,-117.785832,3024
801NB_P2B_250722,34.100994,-117.785724,3025
801NB_P2B_250722,34.100984,-117.785616,3026
801NB_P2B_250722,34.100974,-117.785507,3027
801NB_P2B_250722,34.100964,-117.785399,3028
801NB_P2B_250722,34.100954,-117.785291,3029
801NB_P2B_250722,34.100944,-117.785183,3030
801NB_P2B_250722,34.100934,-117.785075,3031
801NB_P2B_250722,34.100924,-117.784967,3032
801NB_P2B_250722,34.100914,-117.784859,3033
801NB_P2B_250722,34.100904,-117.78475,3034
801NB_P2B_250722,34.100894,-117.784642,3035
801NB_P2B_250722,34.100884,-117.784534,3036
801NB_P2B_250722,34.100874,-117.784426,3037
801NB_P2B_250722,34.100864,-117.784318,3038
801NB_P2B_250722,34.100854,-117.78421,3039
801NB_P2B_250722,34.100844,-117.784101,3040
801NB_P2B_250722,34.100834,-117.783993,3041
801NB_P2B_250722,34.100824,-117.783885,3042
801NB_P2B_250722,34.100814,-117.783777,3043
801NB_P2B_250722,34.100804,-117.783669,3044
801NB_P2B_250722,34.100794,-117.783561,3045
801NB_P2B_250722,34.100784,-117.783452,3046
801NB_P2B_250722,34.100773,-117.783344,3047
801NB_P2B_250722,34.100763,-117.783236,3048
801NB_P2B_250722,34.100753,-117.783128,3049
801NB_P2B_250722,34.100743,-117.78302,3050
801NB_P2B_250722,34.10074,-117.78298,3051
801NB_P2B_250722,34.10073,-117.782871,3052
801NB_P2B_250722,34.100719,-117.782763,3053
801NB_P2B_250722,34.100709,-117.782655,3054
801NB_P2B_250722,34.100702,-117.782586,3055
801NB_P2B_250722,34.10069,-117.782478,3056
801NB_P2B_250722,34.100678,-117.78237,3057
801NB_P2B_250722,34.100666,-117.782262,3058
801NB_P2B_250722,34.100653,-117.782154,3059
801NB_P2B_250722,34.100639,-117.782046,3060
801NB_P2B_250722,34.100625,-117.781939,3061
801NB_P2B_250722,34.100618,-117.781884,3062
801NB_P2B_250722,34.100603,-117.781776,3063
801NB_P2B_250722,34.100588,-117.781669,3064
801NB_P2B_250722,34.100573,-117.781561,3065
801NB_P2B_250722,34.100563,-117.781493,3066
801NB_P2B_250722,34.100547,-117.781386,3067
801NB_P2B_250722,34.100531,-117.781278,3068
801NB_P2B_250722,34.100516,-117.781171,3069
801NB_P2B_250722,34.1005,-117.781063,3070
801NB_P2B_250722,34.100484,-117.780956,3071
801NB_P2B_250722,34.100469,-117.780848,3072
801NB_P2B_250722,34.100459,-117.780779,3073
801NB_P2B_250722,34.100443,-117.780672,3074
801NB_P2B_250722,34.100427,-117.780564,3075
801NB_P2B_250722,34.100411,-117.780457,3076
801NB_P2B_250722,34.100395,-117.780349,3077
801NB_P2B_250722,34.100377,-117.780242,3078
801NB_P2B_250722,34.10037,-117.780194,3079
801NB_P2B_250722,34.100351,-117.780087,3080
801NB_P2B_250722,34.100332,-117.77998,3081
801NB_P2B_250722,34.100312,-117.779874,3082
801NB_P2B_250722,34.100291,-117.779767,3083
801NB_P2B_250722,34.10027,-117.77966,3084
801NB_P2B_250722,34.100247,-117.779554,3085
801NB_P2B_250722,34.100224,-117.779448,3086
801NB_P2B_250722,34.100201,-117.779342,3087
801NB_P2B_250722,34.100176,-117.779236,3088
801NB_P2B_250722,34.10015,-117.779131,3089
801NB_P2B_250722,34.100143,-117.779099,3090
801NB_P2B_250722,34.100116,-117.778994,3091
801NB_P2B_250722,34.100089,-117.778889,3092
801NB_P2B_250722,34.100062,-117.778783,3093
801NB_P2B_250722,34.100033,-117.778679,3094
801NB_P2B_250722,34.100019,-117.778626,3095
801NB_P2B_250722,34.099991,-117.778522,3096
801NB_P2B_250722,34.099962,-117.778417,3097
801NB_P2B_250722,34.099933,-117.778312,3098
801NB_P2B_250722,34.099904,-117.778207,3099
801NB_P2B_250722,34.099876,-117.778103,3100
801NB_P2B_250722,34.099846,-117.777998,3101
801NB_P2B_250722,34.099817,-117.777893,3102
801NB_P2B_250722,34.099787,-117.777789,3103
801NB_P2B_250722,34.099758,-117.777684,3104
801NB_P2B_250722,34.099728,-117.77758,3105
801NB_P2B_250722,34.099711,-117.777518,3106
801NB_P2B_250722,34.099681,-117.777414,3107
801NB_P2B_250722,34.099651,-117.777309,3108
801NB_P2B_250722,34.099621,-117.777206,3109
801NB_P2B_250722,34.099591,-117.777102,3110
801NB_P2B_250722,34.099561,-117.776997,3111
801NB_P2B_250722,34.099531,-117.776893,3112
801NB_P2B_250722,34.099501,-117.776789,3113
801NB_P2B_250722,34.09947,-117.776684,3114
801NB_P2B_250722,34.09944,-117.77658,3115
801NB_P2B_250722,34.099422,-117.776516,3116
801NB_P2B_250722,34.099392,-117.776412,3117
801NB_P2B_250722,34.099362,-117.776307,3118
801NB_P2B_250722,34.099332,-117.776204,3119
801NB_P2B_250722,34.099303,-117.776099,3120
801NB_P2B_250722,34.099274,-117.775995,3121
801NB_P2B_250722,34.099244,-117.77589,3122
801NB_P2B_250722,34.099216,-117.775785,3123
801NB_P2B_250722,34.099187,-117.77568,3124
801NB_P2B_250722,34.099159,-117.775575,3125
801NB_P2B_250722,34.099136,-117.775492,3126
801NB_P2B_250722,34.099109,-117.775387,3127
801NB_P2B_250722,34.099081,-117.775281,3128
801NB_P2B_250722,34.099054,-117.775177,3129
801NB_P2B_250722,34.099026,-117.775071,3130
801NB_P2B_250722,34.098999,-117.774966,3131
801NB_P2B_250722,34.098971,-117.774861,3132
801NB_P2B_250722,34.098944,-117.774756,3133
801NB_P2B_250722,34.098916,-117.774651,3134
801NB_P2B_250722,34.09889,-117.774551,3135
801NB_P2B_250722,34.098863,-117.774446,3136
801NB_P2B_250722,34.098835,-117.774341,3137
801NB_P2B_250722,34.098808,-117.774236,3138
801NB_P2B_250722,34.098781,-117.774131,3139
801NB_P2B_250722,34.098754,-117.774025,3140
801NB_P2B_250722,34.098726,-117.77392,3141
801NB_P2B_250722,34.098699,-117.773815,3142
801NB_P2B_250722,34.098672,-117.77371,3143
801NB_P2B_250722,34.098649,-117.77362,3144
801NB_P2B_250722,34.098622,-117.773515,3145
801NB_P2B_250722,34.098595,-117.77341,3146
801NB_P2B_250722,34.098569,-117.773304,3147
801NB_P2B_250722,34.098569,-117.773304,3148
801NB_P2B_250722,34.098542,-117.773199,3149
801NB_P2B_250722,34.098515,-117.773094,3150
801NB_P2B_250722,34.098488,-117.772988,3151
801NB_P2B_250722,34.098462,-117.772883,3152
801NB_P2B_250722,34.098435,-117.772778,3153
801NB_P2B_250722,34.09841,-117.772679,3154
801NB_P2B_250722,34.098383,-117.772574,3155
801NB_P2B_250722,34.098356,-117.772469,3156
801NB_P2B_250722,34.098329,-117.772364,3157
801NB_P2B_250722,34.098329,-117.772364,3158
801NB_P2B_250722,34.098302,-117.772259,3159
801NB_P2B_250722,34.098274,-117.772154,3160
801NB_P2B_250722,34.098246,-117.772048,3161
801NB_P2B_250722,34.098218,-117.771944,3162
801NB_P2B_250722,34.09819,-117.771839,3163
801NB_P2B_250722,34.098166,-117.77175,3164
801NB_P2B_250722,34.098137,-117.771645,3165
801NB_P2B_250722,34.098108,-117.77154,3166
801NB_P2B_250722,34.098079,-117.771436,3167
801NB_P2B_250722,34.098049,-117.771332,3168
801NB_P2B_250722,34.09802,-117.771227,3169
801NB_P2B_250722,34.097991,-117.771122,3170
801NB_P2B_250722,34.097962,-117.771018,3171
801NB_P2B_250722,34.097933,-117.770913,3172
801NB_P2B_250722,34.097904,-117.770812,3173
801NB_P2B_250722,34.097875,-117.770707,3174
801NB_P2B_250722,34.097846,-117.770602,3175
801NB_P2B_250722,34.097817,-117.770498,3176
801NB_P2B_250722,34.097789,-117.770394,3177
801NB_P2B_250722,34.097761,-117.770289,3178
801NB_P2B_250722,34.097732,-117.770184,3179
801NB_P2B_250722,34.097704,-117.770079,3180
801NB_P2B_250722,34.097676,-117.769974,3181
801NB_P2B_250722,34.097652,-117.769886,3182
801NB_P2B_250722,34.097624,-117.769781,3183
801NB_P2B_250722,34.097597,-117.769676,3184
801NB_P2B_250722,34.097569,-117.769571,3185
801NB_P2B_250722,34.097542,-117.769466,3186
801NB_P2B_250722,34.097514,-117.76936,3187
801NB_P2B_250722,34.097487,-117.769255,3188
801NB_P2B_250722,34.097459,-117.76915,3189
801NB_P2B_250722,34.097432,-117.769045,3190
801NB_P2B_250722,34.097404,-117.76894,3191
801NB_P2B_250722,34.097377,-117.768835,3192
801NB_P2B_250722,34.097349,-117.76873,3193
801NB_P2B_250722,34.097322,-117.768625,3194
801NB_P2B_250722,34.097294,-117.76852,3195
801NB_P2B_250722,34.097267,-117.768415,3196
801NB_P2B_250722,34.097239,-117.768309,3197
801NB_P2B_250722,34.097212,-117.768204,3198
801NB_P2B_250722,34.097184,-117.768099,3199
801NB_P2B_250722,34.097157,-117.767994,3200
801NB_P2B_250722,34.09713,-117.767889,3201
801NB_P2B_250722,34.097102,-117.767784,3202
801NB_P2B_250722,34.097075,-117.767679,3203
801NB_P2B_250722,34.097047,-117.767574,3204
801NB_P2B_250722,34.09702,-117.767469,3205
801NB_P2B_250722,34.096992,-117.767364,3206
801NB_P2B_250722,34.096965,-117.767259,3207
801NB_P2B_250722,34.096937,-117.767153,3208
801NB_P2B_250722,34.096937,-117.767153,3209
801NB_P2B_250722,34.09691,-117.767048,3210
801NB_P2B_250722,34.096882,-117.766943,3211
801NB_P2B_250722,34.096855,-117.766838,3212
801NB_P2B_250722,34.096828,-117.766732,3213
801NB_P2B_250722,34.096802,-117.766627,3214
801NB_P2B_250722,34.096775,-117.766522,3215
801NB_P2B_250722,34.096748,-117.766416,3216
801NB_P2B_250722,34.096722,-117.766311,3217
801NB_P2B_250722,34.096695,-117.766206,3218
801NB_P2B_250722,34.096695,-117.766205,3219
801NB_P2B_250722,34.096669,-117.766099,3220
801NB_P2B_250722,34.096643,-117.765994,3221
801NB_P2B_250722,34.096618,-117.765888,3222
801NB_P2B_250722,34.096617,-117.765888,3223
801NB_P2B_250722,34.096592,-117.765782,3224
801NB_P2B_250722,34.096566,-117.765677,3225
801NB_P2B_250722,34.09654,-117.765571,3226
801NB_P2B_250722,34.096515,-117.765466,3227
801NB_P2B_250722,34.096489,-117.76536,3228
801NB_P2B_250722,34.096463,-117.765255,3229
801NB_P2B_250722,34.096463,-117.765254,3230
801NB_P2B_250722,34.096437,-117.765148,3231
801NB_P2B_250722,34.096411,-117.765043,3232
801NB_P2B_250722,34.096385,-117.764937,3233
801NB_P2B_250722,34.096385,-117.764937,3234
801NB_P2B_250722,34.096359,-117.764831,3235
801NB_P2B_250722,34.096332,-117.764726,3236
801NB_P2B_250722,34.096305,-117.764621,3237
801NB_P2B_250722,34.096279,-117.764516,3238
801NB_P2B_250722,34.096252,-117.76441,3239
801NB_P2B_250722,34.096226,-117.764305,3240
801NB_P2B_250722,34.096225,-117.764304,3241
801NB_P2B_250722,34.096198,-117.764199,3242
801NB_P2B_250722,34.096171,-117.764094,3243
801NB_P2B_250722,34.096143,-117.763989,3244
801NB_P2B_250722,34.096116,-117.763884,3245
801NB_P2B_250722,34.096088,-117.763778,3246
801NB_P2B_250722,34.096061,-117.763673,3247
801NB_P2B_250722,34.096033,-117.763568,3248
801NB_P2B_250722,34.096006,-117.763463,3249
801NB_P2B_250722,34.095978,-117.763358,3250
801NB_P2B_250722,34.095951,-117.763253,3251
801NB_P2B_250722,34.095923,-117.763148,3252
801NB_P2B_250722,34.095896,-117.763043,3253
801NB_P2B_250722,34.095868,-117.762938,3254
801NB_P2B_250722,34.095841,-117.762833,3255
801NB_P2B_250722,34.095813,-117.762728,3256
801NB_P2B_250722,34.095786,-117.762622,3257
801NB_P2B_250722,34.095759,-117.762517,3258
801NB_P2B_250722,34.095731,-117.762412,3259
801NB_P2B_250722,34.095704,-117.762307,3260
801NB_P2B_250722,34.095676,-117.762202,3261
801NB_P2B_250722,34.095649,-117.762097,3262
801NB_P2B_250722,34.095621,-117.761992,3263
801NB_P2B_250722,34.095594,-117.761887,3264
801NB_P2B_250722,34.095566,-117.761782,3265
801NB_P2B_250722,34.095539,-117.761677,3266
801NB_P2B_250722,34.095511,-117.761572,3267
801NB_P2B_250722,34.095484,-117.761466,3268
801NB_P2B_250722,34.095456,-117.761361,3269
801NB_P2B_250722,34.095429,-117.761256,3270
801NB_P2B_250722,34.095401,-117.761151,3271
801NB_P2B_250722,34.095374,-117.761046,3272
801NB_P2B_250722,34.095346,-117.760941,3273
801NB_P2B_250722,34.095319,-117.760836,3274
801NB_P2B_250722,34.095291,-117.760731,3275
801NB_P2B_250722,34.095264,-117.760626,3276
801NB_P2B_250722,34.095236,-117.760521,3277
801NB_P2B_250722,34.095209,-117.760416,3278
801NB_P2B_250722,34.095181,-117.76031,3279
801NB_P2B_250722,34.095154,-117.760205,3280
801NB_P2B_250722,34.095126,-117.7601,3281
801NB_P2B_250722,34.095099,-117.759995,3282
801NB_P2B_250722,34.095071,-117.75989,3283
801NB_P2B_250722,34.095044,-117.759785,3284
801NB_P2B_250722,34.095017,-117.75968,3285
801NB_P2B_250722,34.094989,-117.759575,3286
801NB_P2B_250722,34.094962,-117.75947,3287
801NB_P2B_250722,34.094934,-117.759365,3288
801NB_P2B_250722,34.094907,-117.759259,3289
801NB_P2B_250722,34.094879,-117.759154,3290
801NB_P2B_250722,34.094852,-117.759049,3291
801NB_P2B_250722,34.094824,-117.758944,3292
801NB_P2B_250722,34.094797,-117.758839,3293
801NB_P2B_250722,34.094769,-117.758734,3294
801NB_P2B_250722,34.094742,-117.758629,3295
801NB_P2B_250722,34.094714,-117.758524,3296
801NB_P2B_250722,34.094687,-117.758419,3297
801NB_P2B_250722,34.094659,-117.758314,3298
801NB_P2B_250722,34.094632,-117.758209,3299
801NB_P2B_250722,34.094604,-117.758103,3300
801NB_P2B_250722,34.094577,-117.757998,3301
801NB_P2B_250722,34.094558,-117.757928,3302
801NB_P2B_250722,34.094531,-117.757823,3303
801NB_P2B_250722,34.094504,-117.757717,3304
801NB_P2B_250722,34.094477,-117.757612,3305
801NB_P2B_250722,34.094451,-117.757507,3306
801NB_P2B_250722,34.094426,-117.757401,3307
801NB_P2B_250722,34.094423,-117.75739,3308
801NB_P2B_250722,34.0944,-117.757284,3309
801NB_P2B_250722,34.094377,-117.757178,3310
801NB_P2B_250722,34.094356,-117.757071,3311
801NB_P2B_250722,34.094336,-117.756965,3312
801NB_P2B_250722,34.094316,-117.756858,3313
801NB_P2B_250722,34.094313,-117.756839,3314
801NB_P2B_250722,34.094295,-117.756732,3315
801NB_P2B_250722,34.094278,-117.756624,3316
801NB_P2B_250722,34.094262,-117.756517,3317
801NB_P2B_250722,34.094247,-117.756409,3318
801NB_P2B_250722,34.094232,-117.756302,3319
801NB_P2B_250722,34.09423,-117.756286,3320
801NB_P2B_250722,34.094214,-117.756179,3321
801NB_P2B_250722,34.094199,-117.756071,3322
801NB_P2B_250722,34.094184,-117.755964,3323
801NB_P2B_250722,34.094169,-117.755856,3324
801NB_P2B_250722,34.094154,-117.755748,3325
801NB_P2B_250722,34.094139,-117.755641,3326
801NB_P2B_250722,34.094123,-117.755533,3327
801NB_P2B_250722,34.094108,-117.755426,3328
801NB_P2B_250722,34.094093,-117.755318,3329
801NB_P2B_250722,34.094078,-117.755211,3330
801NB_P2B_250722,34.094063,-117.755103,3331
801NB_P2B_250722,34.094048,-117.754998,3332
801NB_P2B_250722,34.094033,-117.754891,3333
801NB_P2B_250722,34.094018,-117.754783,3334
801NB_P2B_250722,34.094004,-117.754675,3335
801NB_P2B_250722,34.09399,-117.754568,3336
801NB_P2B_250722,34.093977,-117.75446,3337
801NB_P2B_250722,34.093972,-117.754411,3338
801NB_P2B_250722,34.093962,-117.754303,3339
801NB_P2B_250722,34.093952,-117.754194,3340
801NB_P2B_250722,34.093944,-117.754086,3341
801NB_P2B_250722,34.093937,-117.753978,3342
801NB_P2B_250722,34.093932,-117.753869,3343
801NB_P2B_250722,34.093928,-117.753761,3344
801NB_P2B_250722,34.093926,-117.75371,3345
801NB_P2B_250722,34.093924,-117.753602,3346
801NB_P2B_250722,34.093923,-117.753493,3347
801NB_P2B_250722,34.093923,-117.753384,3348
801NB_P2B_250722,34.093923,-117.753276,3349
801NB_P2B_250722,34.093924,-117.753167,3350
801NB_P2B_250722,34.093925,-117.753116,3351
801NB_P2B_250722,34.093926,-117.753007,3352
801NB_P2B_250722,34.093926,-117.752898,3353
801NB_P2B_250722,34.093927,-117.75279,3354
801NB_P2B_250722,34.093928,-117.752681,3355
801NB_P2B_250722,34.093929,-117.752573,3356
801NB_P2B_250722,34.09393,-117.752464,3357
801NB_P2B_250722,34.093931,-117.752355,3358
801NB_P2B_250722,34.093932,-117.752247,3359
801NB_P2B_250722,34.093933,-117.752138,3360
801NB_P2B_250722,34.093934,-117.752029,3361
801NB_P2B_250722,34.093935,-117.751921,3362
801NB_P2B_250722,34.093936,-117.751812,3363
801NB_P2B_250722,34.093937,-117.751704,3364
801NB_P2B_250722,34.093938,-117.751601,3365
801NB_P2B_250722,34.093939,-117.751493,3366
801NB_P2B_250722,34.093941,-117.751384,3367
801NB_P2B_250722,34.093942,-117.751275,3368
801NB_P2B_250722,34.093944,-117.751167,3369
801NB_P2B_250722,34.093947,-117.751058,3370
801NB_P2B_250722,34.09395,-117.75095,3371
801NB_P2B_250722,34.093952,-117.750841,3372
801NB_P2B_250722,34.093952,-117.750826,3373
801NB_P2B_250722,34.093956,-117.750717,3374
801NB_P2B_250722,34.093959,-117.750609,3375
801NB_P2B_250722,34.093962,-117.7505,3376
801NB_P2B_250722,34.093965,-117.750391,3377
801NB_P2B_250722,34.093968,-117.750283,3378
801NB_P2B_250722,34.093971,-117.750174,3379
801NB_P2B_250722,34.093971,-117.750155,3380
801NB_P2B_250722,34.093975,-117.750046,3381
801NB_P2B_250722,34.093977,-117.749938,3382
801NB_P2B_250722,34.09398,-117.749829,3383
801NB_P2B_250722,34.093982,-117.749759,3384
801NB_P2B_250722,34.093983,-117.74965,3385
801NB_P2B_250722,34.093984,-117.749541,3386
801NB_P2B_250722,34.093985,-117.749433,3387
801NB_P2B_250722,34.093986,-117.749324,3388
801NB_P2B_250722,34.093986,-117.749215,3389
801NB_P2B_250722,34.093985,-117.749107,3390
801NB_P2B_250722,34.093985,-117.748998,3391
801NB_P2B_250722,34.093984,-117.748975,3392
801SB_P2B_250722,34.094029,-117.748975,1
801SB_P2B_250722,34.09403,-117.749025,2
801SB_P2B_250722,34.094031,-117.749133,3
801SB_P2B_250722,34.094033,-117.749242,4
801SB_P2B_250722,34.094034,-117.749351,5
801SB_P2B_250722,34.094035,-117.749459,6
801SB_P2B_250722,34.094036,-117.749568,7
801SB_P2B_250722,34.094037,-117.749676,8
801SB_P2B_250722,34.094037,-117.749785,9
801SB_P2B_250722,34.094037,-117.749894,10
801SB_P2B_250722,34.094037,-117.750002,11
801SB_P2B_250722,34.094037,-117.750111,12
801SB_P2B_250722,34.094037,-117.750115,13
801SB_P2B_250722,34.094036,-117.750224,14
801SB_P2B_250722,34.094035,-117.750333,15
801SB_P2B_250722,34.094034,-117.750441,16
801SB_P2B_250722,34.094034,-117.750503,17
801SB_P2B_250722,34.094033,-117.750612,18
801SB_P2B_250722,34.094032,-117.75072,19
801SB_P2B_250722,34.094031,-117.750829,20
801SB_P2B_250722,34.09403,-117.750938,21
801SB_P2B_250722,34.094029,-117.751046,22
801SB_P2B_250722,34.094028,-117.751155,23
801SB_P2B_250722,34.094027,-117.751263,24
801SB_P2B_250722,34.094026,-117.751372,25
801SB_P2B_250722,34.094025,-117.751481,26
801SB_P2B_250722,34.094024,-117.751589,27
801SB_P2B_250722,34.094023,-117.751698,28
801SB_P2B_250722,34.094022,-117.751807,29
801SB_P2B_250722,34.094021,-117.751915,30
801SB_P2B_250722,34.09402,-117.752024,31
801SB_P2B_250722,34.094019,-117.752132,32
801SB_P2B_250722,34.094018,-117.752241,33
801SB_P2B_250722,34.094017,-117.75235,34
801SB_P2B_250722,34.094016,-117.752458,35
801SB_P2B_250722,34.094015,-117.752567,36
801SB_P2B_250722,34.094014,-117.752676,37
801SB_P2B_250722,34.094014,-117.752784,38
801SB_P2B_250722,34.094013,-117.752893,39
801SB_P2B_250722,34.094012,-117.753001,40
801SB_P2B_250722,34.094011,-117.75311,41
801SB_P2B_250722,34.09401,-117.753219,42
801SB_P2B_250722,34.094009,-117.753327,43
801SB_P2B_250722,34.094008,-117.753436,44
801SB_P2B_250722,34.094007,-117.753545,45
801SB_P2B_250722,34.094006,-117.753653,46
801SB_P2B_250722,34.094006,-117.753681,47
801SB_P2B_250722,34.094005,-117.75379,48
801SB_P2B_250722,34.094005,-117.753898,49
801SB_P2B_250722,34.094005,-117.754007,50
801SB_P2B_250722,34.094008,-117.754116,51
801SB_P2B_250722,34.094008,-117.754126,52
801SB_P2B_250722,34.094012,-117.754235,53
801SB_P2B_250722,34.094019,-117.754343,54
801SB_P2B_250722,34.094027,-117.754452,55
801SB_P2B_250722,34.094037,-117.75456,56
801SB_P2B_250722,34.094039,-117.754586,57
801SB_P2B_250722,34.094052,-117.754694,58
801SB_P2B_250722,34.094065,-117.754802,59
801SB_P2B_250722,34.09408,-117.754909,60
801SB_P2B_250722,34.094095,-117.755017,61
801SB_P2B_250722,34.094106,-117.755094,62
801SB_P2B_250722,34.094121,-117.755202,63
801SB_P2B_250722,34.094136,-117.755309,64
801SB_P2B_250722,34.094152,-117.755417,65
801SB_P2B_250722,34.094167,-117.755524,66
801SB_P2B_250722,34.094182,-117.755632,67
801SB_P2B_250722,34.094197,-117.75574,68
801SB_P2B_250722,34.094212,-117.755847,69
801SB_P2B_250722,34.094227,-117.755955,70
801SB_P2B_250722,34.094243,-117.756062,71
801SB_P2B_250722,34.094258,-117.75617,72
801SB_P2B_250722,34.094273,-117.756277,73
801SB_P2B_250722,34.094275,-117.756293,74
801SB_P2B_250722,34.09429,-117.7564,75
801SB_P2B_250722,34.094306,-117.756508,76
801SB_P2B_250722,34.094322,-117.756615,77
801SB_P2B_250722,34.094339,-117.756723,78
801SB_P2B_250722,34.094356,-117.75683,79
801SB_P2B_250722,34.094358,-117.756842,80
801SB_P2B_250722,34.094378,-117.756949,81
801SB_P2B_250722,34.094398,-117.757056,82
801SB_P2B_250722,34.094419,-117.757162,83
801SB_P2B_250722,34.094442,-117.757268,84
801SB_P2B_250722,34.094465,-117.757374,85
801SB_P2B_250722,34.094468,-117.757385,86
801SB_P2B_250722,34.094493,-117.757491,87
801SB_P2B_250722,34.094519,-117.757596,88
801SB_P2B_250722,34.094546,-117.757702,89
801SB_P2B_250722,34.094573,-117.757807,90
801SB_P2B_250722,34.0946,-117.757912,91
801SB_P2B_250722,34.094612,-117.757957,92
801SB_P2B_250722,34.09464,-117.758062,93
801SB_P2B_250722,34.094667,-117.758167,94
801SB_P2B_250722,34.094694,-117.758272,95
801SB_P2B_250722,34.094722,-117.758377,96
801SB_P2B_250722,34.094749,-117.758482,97
801SB_P2B_250722,34.094777,-117.758587,98
801SB_P2B_250722,34.094804,-117.758693,99
801SB_P2B_250722,34.094832,-117.758798,100
801SB_P2B_250722,34.094859,-117.758903,101
801SB_P2B_250722,34.094887,-117.759008,102
801SB_P2B_250722,34.094914,-117.759113,103
801SB_P2B_250722,34.094942,-117.759218,104
801SB_P2B_250722,34.094969,-117.759323,105
801SB_P2B_250722,34.094997,-117.759428,106
801SB_P2B_250722,34.095024,-117.759533,107
801SB_P2B_250722,34.095052,-117.759638,108
801SB_P2B_250722,34.095079,-117.759744,109
801SB_P2B_250722,34.095107,-117.759849,110
801SB_P2B_250722,34.095134,-117.759954,111
801SB_P2B_250722,34.095162,-117.760059,112
801SB_P2B_250722,34.095189,-117.760164,113
801SB_P2B_250722,34.095217,-117.760269,114
801SB_P2B_250722,34.095244,-117.760374,115
801SB_P2B_250722,34.095272,-117.760479,116
801SB_P2B_250722,34.095299,-117.760584,117
801SB_P2B_250722,34.095326,-117.760689,118
801SB_P2B_250722,34.095354,-117.760794,119
801SB_P2B_250722,34.095381,-117.7609,120
801SB_P2B_250722,34.095409,-117.761005,121
801SB_P2B_250722,34.095436,-117.76111,122
801SB_P2B_250722,34.095464,-117.761215,123
801SB_P2B_250722,34.095491,-117.76132,124
801SB_P2B_250722,34.095519,-117.761425,125
801SB_P2B_250722,34.095546,-117.76153,126
801SB_P2B_250722,34.095574,-117.761635,127
801SB_P2B_250722,34.095601,-117.76174,128
801SB_P2B_250722,34.095629,-117.761845,129
801SB_P2B_250722,34.095656,-117.761951,130
801SB_P2B_250722,34.095684,-117.762056,131
801SB_P2B_250722,34.095711,-117.762161,132
801SB_P2B_250722,34.095739,-117.762266,133
801SB_P2B_250722,34.095766,-117.762371,134
801SB_P2B_250722,34.095794,-117.762476,135
801SB_P2B_250722,34.095821,-117.762581,136
801SB_P2B_250722,34.095849,-117.762686,137
801SB_P2B_250722,34.095876,-117.762791,138
801SB_P2B_250722,34.095904,-117.762896,139
801SB_P2B_250722,34.095931,-117.763001,140
801SB_P2B_250722,34.095958,-117.763107,141
801SB_P2B_250722,34.095986,-117.763212,142
801SB_P2B_250722,34.096013,-117.763317,143
801SB_P2B_250722,34.096041,-117.763422,144
801SB_P2B_250722,34.096068,-117.763527,145
801SB_P2B_250722,34.096096,-117.763632,146
801SB_P2B_250722,34.096123,-117.763737,147
801SB_P2B_250722,34.096151,-117.763842,148
801SB_P2B_250722,34.096178,-117.763947,149
801SB_P2B_250722,34.096206,-117.764052,150
801SB_P2B_250722,34.096233,-117.764157,151
801SB_P2B_250722,34.096261,-117.764263,152
801SB_P2B_250722,34.096288,-117.764368,153
801SB_P2B_250722,34.096316,-117.764473,154
801SB_P2B_250722,34.096343,-117.764578,155
801SB_P2B_250722,34.096371,-117.764683,156
801SB_P2B_250722,34.096398,-117.764788,157
801SB_P2B_250722,34.096426,-117.764893,158
801SB_P2B_250722,34.096453,-117.764998,159
801SB_P2B_250722,34.096481,-117.765103,160
801SB_P2B_250722,34.096508,-117.765208,161
801SB_P2B_250722,34.096536,-117.765314,162
801SB_P2B_250722,34.096563,-117.765419,163
801SB_P2B_250722,34.09659,-117.765524,164
801SB_P2B_250722,34.096618,-117.765629,165
801SB_P2B_250722,34.096645,-117.765734,166
801SB_P2B_250722,34.096673,-117.765839,167
801SB_P2B_250722,34.0967,-117.765944,168
801SB_P2B_250722,34.096728,-117.766049,169
801SB_P2B_250722,34.096755,-117.766154,170
801SB_P2B_250722,34.096783,-117.766259,171
801SB_P2B_250722,34.09681,-117.766364,172
801SB_P2B_250722,34.096838,-117.76647,173
801SB_P2B_250722,34.096865,-117.766575,174
801SB_P2B_250722,34.096893,-117.76668,175
801SB_P2B_250722,34.09692,-117.766785,176
801SB_P2B_250722,34.096948,-117.76689,177
801SB_P2B_250722,34.096975,-117.766995,178
801SB_P2B_250722,34.097003,-117.7671,179
801SB_P2B_250722,34.09703,-117.767205,180
801SB_P2B_250722,34.097058,-117.76731,181
801SB_P2B_250722,34.097085,-117.767415,182
801SB_P2B_250722,34.097113,-117.767521,183
801SB_P2B_250722,34.09714,-117.767626,184
801SB_P2B_250722,34.097168,-117.767731,185
801SB_P2B_250722,34.097195,-117.767836,186
801SB_P2B_250722,34.097222,-117.767941,187
801SB_P2B_250722,34.09725,-117.768046,188
801SB_P2B_250722,34.097277,-117.768151,189
801SB_P2B_250722,34.097305,-117.768256,190
801SB_P2B_250722,34.097332,-117.768361,191
801SB_P2B_250722,34.09736,-117.768466,192
801SB_P2B_250722,34.097387,-117.768571,193
801SB_P2B_250722,34.097415,-117.768677,194
801SB_P2B_250722,34.097442,-117.768782,195
801SB_P2B_250722,34.09747,-117.768887,196
801SB_P2B_250722,34.097497,-117.768992,197
801SB_P2B_250722,34.097525,-117.769097,198
801SB_P2B_250722,34.097552,-117.769202,199
801SB_P2B_250722,34.09758,-117.769307,200
801SB_P2B_250722,34.097607,-117.769412,201
801SB_P2B_250722,34.097635,-117.769517,202
801SB_P2B_250722,34.097662,-117.769622,203
801SB_P2B_250722,34.09769,-117.769727,204
801SB_P2B_250722,34.097717,-117.769833,205
801SB_P2B_250722,34.097745,-117.769938,206
801SB_P2B_250722,34.097772,-117.770043,207
801SB_P2B_250722,34.0978,-117.770148,208
801SB_P2B_250722,34.097827,-117.770253,209
801SB_P2B_250722,34.097854,-117.770358,210
801SB_P2B_250722,34.097882,-117.770463,211
801SB_P2B_250722,34.097909,-117.770568,212
801SB_P2B_250722,34.097937,-117.770673,213
801SB_P2B_250722,34.097964,-117.770778,214
801SB_P2B_250722,34.097992,-117.770884,215
801SB_P2B_250722,34.098019,-117.770989,216
801SB_P2B_250722,34.098047,-117.771094,217
801SB_P2B_250722,34.098074,-117.771199,218
801SB_P2B_250722,34.098102,-117.771304,219
801SB_P2B_250722,34.098129,-117.771409,220
801SB_P2B_250722,34.098157,-117.771514,221
801SB_P2B_250722,34.098184,-117.771619,222
801SB_P2B_250722,34.098207,-117.771709,223
801SB_P2B_250722,34.098234,-117.771814,224
801SB_P2B_250722,34.098261,-117.771919,225
801SB_P2B_250722,34.098289,-117.772024,226
801SB_P2B_250722,34.098316,-117.77213,227
801SB_P2B_250722,34.098343,-117.772235,228
801SB_P2B_250722,34.098343,-117.772235,229
801SB_P2B_250722,34.09837,-117.77234,230
801SB_P2B_250722,34.098396,-117.772445,231
801SB_P2B_250722,34.098423,-117.772551,232
801SB_P2B_250722,34.098423,-117.772552,233
801SB_P2B_250722,34.09845,-117.772657,234
801SB_P2B_250722,34.098477,-117.772762,235
801SB_P2B_250722,34.098504,-117.772868,236
801SB_P2B_250722,34.09853,-117.772973,237
801SB_P2B_250722,34.098557,-117.773078,238
801SB_P2B_250722,34.098584,-117.773183,239
801SB_P2B_250722,34.098611,-117.773289,240
801SB_P2B_250722,34.098611,-117.773289,241
801SB_P2B_250722,34.098637,-117.773394,242
801SB_P2B_250722,34.098664,-117.773499,243
801SB_P2B_250722,34.098691,-117.773605,244
801SB_P2B_250722,34.098714,-117.773694,245
801SB_P2B_250722,34.098741,-117.773799,246
801SB_P2B_250722,34.098768,-117.773904,247
801SB_P2B_250722,34.098795,-117.77401,248
801SB_P2B_250722,34.098823,-117.774115,249
801SB_P2B_250722,34.09885,-117.77422,250
801SB_P2B_250722,34.098877,-117.774325,251
801SB_P2B_250722,34.098904,-117.77443,252
801SB_P2B_250722,34.098932,-117.774535,253
801SB_P2B_250722,34.098958,-117.774634,254
801SB_P2B_250722,34.098985,-117.77474,255
801SB_P2B_250722,34.099013,-117.774845,256
801SB_P2B_250722,34.09904,-117.77495,257
801SB_P2B_250722,34.099068,-117.775055,258
801SB_P2B_250722,34.099095,-117.77516,259
801SB_P2B_250722,34.099123,-117.775265,260
801SB_P2B_250722,34.09915,-117.77537,261
801SB_P2B_250722,34.099178,-117.775475,262
801SB_P2B_250722,34.099201,-117.775559,263
801SB_P2B_250722,34.099229,-117.775664,264
801SB_P2B_250722,34.099257,-117.775769,265
801SB_P2B_250722,34.099286,-117.775873,266
801SB_P2B_250722,34.099315,-117.775978,267
801SB_P2B_250722,34.099345,-117.776083,268
801SB_P2B_250722,34.099374,-117.776187,269
801SB_P2B_250722,34.099403,-117.776291,270
801SB_P2B_250722,34.099433,-117.776395,271
801SB_P2B_250722,34.099464,-117.776499,272
801SB_P2B_250722,34.099482,-117.776563,273
801SB_P2B_250722,34.099512,-117.776667,274
801SB_P2B_250722,34.099542,-117.776771,275
801SB_P2B_250722,34.099572,-117.776876,276
801SB_P2B_250722,34.099602,-117.77698,277
801SB_P2B_250722,34.099633,-117.777084,278
801SB_P2B_250722,34.099663,-117.777189,279
801SB_P2B_250722,34.099693,-117.777292,280
801SB_P2B_250722,34.099723,-117.777397,281
801SB_P2B_250722,34.099753,-117.777501,282
801SB_P2B_250722,34.09977,-117.777564,283
801SB_P2B_250722,34.0998,-117.777668,284
801SB_P2B_250722,34.099829,-117.777773,285
801SB_P2B_250722,34.099859,-117.777877,286
801SB_P2B_250722,34.099888,-117.777982,287
801SB_P2B_250722,34.099918,-117.778086,288
801SB_P2B_250722,34.099946,-117.778191,289
801SB_P2B_250722,34.099975,-117.778296,290
801SB_P2B_250722,34.100004,-117.778401,291
801SB_P2B_250722,34.100033,-117.778505,292
801SB_P2B_250722,34.100061,-117.77861,293
801SB_P2B_250722,34.100075,-117.778662,294
801SB_P2B_250722,34.100103,-117.778767,295
801SB_P2B_250722,34.100131,-117.778872,296
801SB_P2B_250722,34.100158,-117.778978,297
801SB_P2B_250722,34.100185,-117.779083,298
801SB_P2B_250722,34.100194,-117.779121,299
801SB_P2B_250722,34.100219,-117.779227,300
801SB_P2B_250722,34.100244,-117.779333,301
801SB_P2B_250722,34.100268,-117.779439,302
801SB_P2B_250722,34.100291,-117.779545,303
801SB_P2B_250722,34.100313,-117.779651,304
801SB_P2B_250722,34.100334,-117.779758,305
801SB_P2B_250722,34.100355,-117.779864,306
801SB_P2B_250722,34.100375,-117.779971,307
801SB_P2B_250722,34.100394,-117.780078,308
801SB_P2B_250722,34.100413,-117.780185,309
801SB_P2B_250722,34.100421,-117.780233,310
801SB_P2B_250722,34.100438,-117.78034,311
801SB_P2B_250722,34.100454,-117.780448,312
801SB_P2B_250722,34.100471,-117.780555,313
801SB_P2B_250722,34.100486,-117.780662,314
801SB_P2B_250722,34.100502,-117.78077,315
801SB_P2B_250722,34.100512,-117.780839,316
801SB_P2B_250722,34.100528,-117.780947,317
801SB_P2B_250722,34.100543,-117.781054,318
801SB_P2B_250722,34.100559,-117.781162,319
801SB_P2B_250722,34.100575,-117.781269,320
801SB_P2B_250722,34.10059,-117.781377,321
801SB_P2B_250722,34.100606,-117.781484,322
801SB_P2B_250722,34.100616,-117.781552,323
801SB_P2B_250722,34.100631,-117.78166,324
801SB_P2B_250722,34.100647,-117.781767,325
801SB_P2B_250722,34.100662,-117.781875,326
801SB_P2B_250722,34.100669,-117.781933,327
801SB_P2B_250722,34.100683,-117.78204,328
801SB_P2B_250722,34.100696,-117.782148,329
801SB_P2B_250722,34.10071,-117.782256,330
801SB_P2B_250722,34.100722,-117.782364,331
801SB_P2B_250722,34.100734,-117.782472,332
801SB_P2B_250722,34.100746,-117.78258,333
801SB_P2B_250722,34.100752,-117.782649,334
801SB_P2B_250722,34.100763,-117.782757,335
801SB_P2B_250722,34.100773,-117.782866,336
801SB_P2B_250722,34.100783,-117.782974,337
801SB_P2B_250722,34.100787,-117.783014,338
801SB_P2B_250722,34.100797,-117.783122,339
801SB_P2B_250722,34.100807,-117.78323,340
801SB_P2B_250722,34.100817,-117.783338,341
801SB_P2B_250722,34.100827,-117.783447,342
801SB_P2B_250722,34.100837,-117.783555,343
801SB_P2B_250722,34.100847,-117.783663,344
801SB_P2B_250722,34.100857,-117.783771,345
801SB_P2B_250722,34.100867,-117.783879,346
801SB_P2B_250722,34.100877,-117.783987,347
801SB_P2B_250722,34.100887,-117.784096,348
801SB_P2B_250722,34.100898,-117.784204,349
801SB_P2B_250722,34.100908,-117.784312,350
801SB_P2B_250722,34.100918,-117.78442,351
801SB_P2B_250722,34.100928,-117.784528,352
801SB_P2B_250722,34.100938,-117.784636,353
801SB_P2B_250722,34.100948,-117.784744,354
801SB_P2B_250722,34.100958,-117.784853,355
801SB_P2B_250722,34.100968,-117.784961,356
801SB_P2B_250722,34.100978,-117.785069,357
801SB_P2B_250722,34.100988,-117.785177,358
801SB_P2B_250722,34.100998,-117.785285,359
801SB_P2B_250722,34.101008,-117.785393,360
801SB_P2B_250722,34.101018,-117.785502,361
801SB_P2B_250722,34.101028,-117.78561,362
801SB_P2B_250722,34.101038,-117.785718,363
801SB_P2B_250722,34.101048,-117.785826,364
801SB_P2B_250722,34.101058,-117.785934,365
801SB_P2B_250722,34.101068,-117.786042,366
801SB_P2B_250722,34.101078,-117.786151,367
801SB_P2B_250722,34.101088,-117.786259,368
801SB_P2B_250722,34.101098,-117.786367,369
801SB_P2B_250722,34.101108,-117.786475,370
801SB_P2B_250722,34.101118,-117.786583,371
801SB_P2B_250722,34.101128,-117.786691,372
801SB_P2B_250722,34.101139,-117.7868,373
801SB_P2B_250722,34.101149,-117.786908,374
801SB_P2B_250722,34.101159,-117.787016,375
801SB_P2B_250722,34.101169,-117.787124,376
801SB_P2B_250722,34.101179,-117.787232,377
801SB_P2B_250722,34.101189,-117.78734,378
801SB_P2B_250722,34.101199,-117.787449,379
801SB_P2B_250722,34.101209,-117.787557,380
801SB_P2B_250722,34.101219,-117.787665,381
801SB_P2B_250722,34.101229,-117.787773,382
801SB_P2B_250722,34.101239,-117.787881,383
801SB_P2B_250722,34.101249,-117.787989,384
801SB_P2B_250722,34.101259,-117.788098,385
801SB_P2B_250722,34.101269,-117.788206,386
801SB_P2B_250722,34.101279,-117.788314,387
801SB_P2B_250722,34.101289,-117.788422,388
801SB_P2B_250722,34.101299,-117.78853,389
801SB_P2B_250722,34.101309,-117.788638,390
801SB_P2B_250722,34.101319,-117.788746,391
801SB_P2B_250722,34.101329,-117.788855,392
801SB_P2B_250722,34.101339,-117.788963,393
801SB_P2B_250722,34.101349,-117.789071,394
801SB_P2B_250722,34.10135,-117.789078,395
801SB_P2B_250722,34.10136,-117.789187,396
801SB_P2B_250722,34.10137,-117.789295,397
801SB_P2B_250722,34.101381,-117.789403,398
801SB_P2B_250722,34.101391,-117.789511,399
801SB_P2B_250722,34.101402,-117.789619,400
801SB_P2B_250722,34.101413,-117.789727,401
801SB_P2B_250722,34.101425,-117.789831,402
801SB_P2B_250722,34.101438,-117.789939,403
801SB_P2B_250722,34.10145,-117.790047,404
801SB_P2B_250722,34.101463,-117.790155,405
801SB_P2B_250722,34.101478,-117.790262,406
801SB_P2B_250722,34.101492,-117.79037,407
801SB_P2B_250722,34.101506,-117.790478,408
801SB_P2B_250722,34.101522,-117.790585,409
801SB_P2B_250722,34.101538,-117.790693,410
801SB_P2B_250722,34.101554,-117.7908,411
801SB_P2B_250722,34.10157,-117.790907,412
801SB_P2B_250722,34.101588,-117.791015,413
801SB_P2B_250722,34.101605,-117.791122,414
801SB_P2B_250722,34.101623,-117.791229,415
801SB_P2B_250722,34.101642,-117.791336,416
801SB_P2B_250722,34.101662,-117.791443,417
801SB_P2B_250722,34.101681,-117.79155,418
801SB_P2B_250722,34.101701,-117.791656,419
801SB_P2B_250722,34.101722,-117.791763,420
801SB_P2B_250722,34.101744,-117.791869,421
801SB_P2B_250722,34.101765,-117.791976,422
801SB_P2B_250722,34.101787,-117.792082,423
801SB_P2B_250722,34.10181,-117.792188,424
801SB_P2B_250722,34.101833,-117.792294,425
801SB_P2B_250722,34.101857,-117.792401,426
801SB_P2B_250722,34.101881,-117.792506,427
801SB_P2B_250722,34.101906,-117.792612,428
801SB_P2B_250722,34.101931,-117.792718,429
801SB_P2B_250722,34.101956,-117.792824,430
801SB_P2B_250722,34.101956,-117.792824,431
801SB_P2B_250722,34.101982,-117.792929,432
801SB_P2B_250722,34.102009,-117.793034,433
801SB_P2B_250722,34.102036,-117.79314,434
801SB_P2B_250722,34.102063,-117.793245,435
801SB_P2B_250722,34.10209,-117.79335,436
801SB_P2B_250722,34.102118,-117.793455,437
801SB_P2B_250722,34.10214,-117.793538,438
801SB_P2B_250722,34.102167,-117.793644,439
801SB_P2B_250722,34.102195,-117.793749,440
801SB_P2B_250722,34.102222,-117.793854,441
801SB_P2B_250722,34.102249,-117.793959,442
801SB_P2B_250722,34.102277,-117.794064,443
801SB_P2B_250722,34.102304,-117.794169,444
801SB_P2B_250722,34.102332,-117.794274,445
801SB_P2B_250722,34.102359,-117.794379,446
801SB_P2B_250722,34.102387,-117.794484,447
801SB_P2B_250722,34.102414,-117.79459,448
801SB_P2B_250722,34.102442,-117.794695,449
801SB_P2B_250722,34.102469,-117.7948,450
801SB_P2B_250722,34.102497,-117.794905,451
801SB_P2B_250722,34.102524,-117.79501,452
801SB_P2B_250722,34.102551,-117.795115,453
801SB_P2B_250722,34.102579,-117.79522,454
801SB_P2B_250722,34.102579,-117.795221,455
801SB_P2B_250722,34.102606,-117.795326,456
801SB_P2B_250722,34.102632,-117.795432,457
801SB_P2B_250722,34.102659,-117.795537,458
801SB_P2B_250722,34.102686,-117.795642,459
801SB_P2B_250722,34.102712,-117.795748,460
801SB_P2B_250722,34.102739,-117.795853,461
801SB_P2B_250722,34.102739,-117.795853,462
801SB_P2B_250722,34.102765,-117.795959,463
801SB_P2B_250722,34.102791,-117.796064,464
801SB_P2B_250722,34.102817,-117.79617,465
801SB_P2B_250722,34.102829,-117.796216,466
801SB_P2B_250722,34.102855,-117.796322,467
801SB_P2B_250722,34.10288,-117.796427,468
801SB_P2B_250722,34.102906,-117.796533,469
801SB_P2B_250722,34.102932,-117.796638,470
801SB_P2B_250722,34.102958,-117.796744,471
801SB_P2B_250722,34.102984,-117.796849,472
801SB_P2B_250722,34.10301,-117.796955,473
801SB_P2B_250722,34.103036,-117.79706,474
801SB_P2B_250722,34.103062,-117.797166,475
801SB_P2B_250722,34.103088,-117.797271,476
801SB_P2B_250722,34.103114,-117.797377,477
801SB_P2B_250722,34.10314,-117.797482,478
801SB_P2B_250722,34.103166,-117.797587,479
801SB_P2B_250722,34.103192,-117.797693,480
801SB_P2B_250722,34.103218,-117.797798,481
801SB_P2B_250722,34.103244,-117.797904,482
801SB_P2B_250722,34.103269,-117.798009,483
801SB_P2B_250722,34.103295,-117.798115,484
801SB_P2B_250722,34.103321,-117.79822,485
801SB_P2B_250722,34.103347,-117.798326,486
801SB_P2B_250722,34.103373,-117.798431,487
801SB_P2B_250722,34.103399,-117.798537,488
801SB_P2B_250722,34.103425,-117.798642,489
801SB_P2B_250722,34.103451,-117.798748,490
801SB_P2B_250722,34.103477,-117.798853,491
801SB_P2B_250722,34.103503,-117.798959,492
801SB_P2B_250722,34.103529,-117.799064,493
801SB_P2B_250722,34.103555,-117.79917,494
801SB_P2B_250722,34.103581,-117.799275,495
801SB_P2B_250722,34.103607,-117.799381,496
801SB_P2B_250722,34.103633,-117.799486,497
801SB_P2B_250722,34.103659,-117.799592,498
801SB_P2B_250722,34.103684,-117.799697,499
801SB_P2B_250722,34.10371,-117.799803,500
801SB_P2B_250722,34.103736,-117.799908,501
801SB_P2B_250722,34.103762,-117.800014,502
801SB_P2B_250722,34.103788,-117.800119,503
801SB_P2B_250722,34.103814,-117.800225,504
801SB_P2B_250722,34.10384,-117.80033,505
801SB_P2B_250722,34.103866,-117.800436,506
801SB_P2B_250722,34.103892,-117.800541,507
801SB_P2B_250722,34.103918,-117.800647,508
801SB_P2B_250722,34.103944,-117.800752,509
801SB_P2B_250722,34.10397,-117.800858,510
801SB_P2B_250722,34.103996,-117.800963,511
801SB_P2B_250722,34.104022,-117.801069,512
801SB_P2B_250722,34.104048,-117.801174,513
801SB_P2B_250722,34.104073,-117.801279,514
801SB_P2B_250722,34.104099,-117.801385,515
801SB_P2B_250722,34.104125,-117.80149,516
801SB_P2B_250722,34.104151,-117.801596,517
801SB_P2B_250722,34.104177,-117.801701,518
801SB_P2B_250722,34.104203,-117.801807,519
801SB_P2B_250722,34.104229,-117.801912,520
801SB_P2B_250722,34.104255,-117.802018,521
801SB_P2B_250722,34.104281,-117.802123,522
801SB_P2B_250722,34.104307,-117.802229,523
801SB_P2B_250722,34.104333,-117.802334,524
801SB_P2B_250722,34.104359,-117.80244,525
801SB_P2B_250722,34.104385,-117.802545,526
801SB_P2B_250722,34.104411,-117.802651,527
801SB_P2B_250722,34.104437,-117.802756,528
801SB_P2B_250722,34.104462,-117.802862,529
801SB_P2B_250722,34.104488,-117.802967,530
801SB_P2B_250722,34.104514,-117.803073,531
801SB_P2B_250722,34.10454,-117.803178,532
801SB_P2B_250722,34.10454,-117.803179,533
801SB_P2B_250722,34.104566,-117.803284,534
801SB_P2B_250722,34.104592,-117.80339,535
801SB_P2B_250722,34.104618,-117.803495,536
801SB_P2B_250722,34.104632,-117.803551,537
801SB_P2B_250722,34.104658,-117.803657,538
801SB_P2B_250722,34.104684,-117.803762,539
801SB_P2B_250722,34.104711,-117.803868,540
801SB_P2B_250722,34.104737,-117.803973,541
801SB_P2B_250722,34.104763,-117.804078,542
801SB_P2B_250722,34.104789,-117.804184,543
801SB_P2B_250722,34.104789,-117.804184,544
801SB_P2B_250722,34.104815,-117.804289,545
801SB_P2B_250722,34.104842,-117.804395,546
801SB_P2B_250722,34.104868,-117.8045,547
801SB_P2B_250722,34.10487,-117.804507,548
801SB_P2B_250722,34.104896,-117.804613,549
801SB_P2B_250722,34.104922,-117.804718,550
801SB_P2B_250722,34.104949,-117.804823,551
801SB_P2B_250722,34.104975,-117.804929,552
801SB_P2B_250722,34.105001,-117.805034,553
801SB_P2B_250722,34.105028,-117.80514,554
801SB_P2B_250722,34.105054,-117.805245,555
801SB_P2B_250722,34.10508,-117.80535,556
801SB_P2B_250722,34.105107,-117.805456,557
801SB_P2B_250722,34.105133,-117.805561,558
801SB_P2B_250722,34.105159,-117.805667,559
801SB_P2B_250722,34.105186,-117.805772,560
801SB_P2B_250722,34.105212,-117.805877,561
801SB_P2B_250722,34.105238,-117.805983,562
801SB_P2B_250722,34.105265,-117.806088,563
801SB_P2B_250722,34.105291,-117.806193,564
801SB_P2B_250722,34.105317,-117.806299,565
801SB_P2B_250722,34.105344,-117.806404,566
801SB_P2B_250722,34.10537,-117.80651,567
801SB_P2B_250722,34.10537,-117.80651,568
801SB_P2B_250722,34.105396,-117.806615,569
801SB_P2B_250722,34.105423,-117.806721,570
801SB_P2B_250722,34.105449,-117.806826,571
801SB_P2B_250722,34.105471,-117.806917,572
801SB_P2B_250722,34.105497,-117.807022,573
801SB_P2B_250722,34.105523,-117.807128,574
801SB_P2B_250722,34.105548,-117.807233,575
801SB_P2B_250722,34.105574,-117.807339,576
801SB_P2B_250722,34.1056,-117.807444,577
801SB_P2B_250722,34.1056,-117.807445,578
801SB_P2B_250722,34.105625,-117.807551,579
801SB_P2B_250722,34.105651,-117.807656,580
801SB_P2B_250722,34.105676,-117.807762,581
801SB_P2B_250722,34.105698,-117.807853,582
801SB_P2B_250722,34.105723,-117.807958,583
801SB_P2B_250722,34.105748,-117.808064,584
801SB_P2B_250722,34.105773,-117.80817,585
801SB_P2B_250722,34.105798,-117.808275,586
801SB_P2B_250722,34.105824,-117.808381,587
801SB_P2B_250722,34.105824,-117.808382,588
801SB_P2B_250722,34.105849,-117.808487,589
801SB_P2B_250722,34.105874,-117.808593,590
801SB_P2B_250722,34.1059,-117.808699,591
801SB_P2B_250722,34.105922,-117.808789,592
801SB_P2B_250722,34.105948,-117.808895,593
801SB_P2B_250722,34.105973,-117.809,594
801SB_P2B_250722,34.105999,-117.809106,595
801SB_P2B_250722,34.106025,-117.809211,596
801SB_P2B_250722,34.106051,-117.809317,597
801SB_P2B_250722,34.106051,-117.809317,598
801SB_P2B_250722,34.106077,-117.809423,599
801SB_P2B_250722,34.106103,-117.809528,600
801SB_P2B_250722,34.10613,-117.809633,601
801SB_P2B_250722,34.106153,-117.809729,602
801SB_P2B_250722,34.10618,-117.809835,603
801SB_P2B_250722,34.106206,-117.80994,604
801SB_P2B_250722,34.106232,-117.810046,605
801SB_P2B_250722,34.106259,-117.810151,606
801SB_P2B_250722,34.106285,-117.810256,607
801SB_P2B_250722,34.106311,-117.810362,608
801SB_P2B_250722,34.106338,-117.810467,609
801SB_P2B_250722,34.106364,-117.810572,610
801SB_P2B_250722,34.10639,-117.810678,611
801SB_P2B_250722,34.106417,-117.810783,612
801SB_P2B_250722,34.106443,-117.810889,613
801SB_P2B_250722,34.106469,-117.810994,614
801SB_P2B_250722,34.106496,-117.811099,615
801SB_P2B_250722,34.106522,-117.811205,616
801SB_P2B_250722,34.106548,-117.81131,617
801SB_P2B_250722,34.106575,-117.811416,618
801SB_P2B_250722,34.106601,-117.811521,619
801SB_P2B_250722,34.106627,-117.811626,620
801SB_P2B_250722,34.106654,-117.811732,621
801SB_P2B_250722,34.10668,-117.811837,622
801SB_P2B_250722,34.106706,-117.811943,623
801SB_P2B_250722,34.106733,-117.812048,624
801SB_P2B_250722,34.106759,-117.812153,625
801SB_P2B_250722,34.106785,-117.812259,626
801SB_P2B_250722,34.106812,-117.812364,627
801SB_P2B_250722,34.106838,-117.812469,628
801SB_P2B_250722,34.106864,-117.812575,629
801SB_P2B_250722,34.106891,-117.81268,630
801SB_P2B_250722,34.106917,-117.812786,631
801SB_P2B_250722,34.106943,-117.812891,632
801SB_P2B_250722,34.10697,-117.812996,633
801SB_P2B_250722,34.106996,-117.813102,634
801SB_P2B_250722,34.107022,-117.813207,635
801SB_P2B_250722,34.107049,-117.813313,636
801SB_P2B_250722,34.107075,-117.813418,637
801SB_P2B_250722,34.107101,-117.813523,638
801SB_P2B_250722,34.107128,-117.813629,639
801SB_P2B_250722,34.107154,-117.813734,640
801SB_P2B_250722,34.10718,-117.81384,641
801SB_P2B_250722,34.107207,-117.813945,642
801SB_P2B_250722,34.107233,-117.81405,643
801SB_P2B_250722,34.107259,-117.814156,644
801SB_P2B_250722,34.107286,-117.814261,645
801SB_P2B_250722,34.107312,-117.814366,646
801SB_P2B_250722,34.107338,-117.814472,647
801SB_P2B_250722,34.107365,-117.814577,648
801SB_P2B_250722,34.107391,-117.814683,649
801SB_P2B_250722,34.107417,-117.814788,650
801SB_P2B_250722,34.107444,-117.814893,651
801SB_P2B_250722,34.10747,-117.814999,652
801SB_P2B_250722,34.107496,-117.815104,653
801SB_P2B_250722,34.107523,-117.81521,654
801SB_P2B_250722,34.107549,-117.815315,655
801SB_P2B_250722,34.107575,-117.81542,656
801SB_P2B_250722,34.107602,-117.815526,657
801SB_P2B_250722,34.107628,-117.815631,658
801SB_P2B_250722,34.107654,-117.815737,659
801SB_P2B_250722,34.107681,-117.815842,660
801SB_P2B_250722,34.107707,-117.815947,661
801SB_P2B_250722,34.107728,-117.816032,662
801SB_P2B_250722,34.107754,-117.816137,663
801SB_P2B_250722,34.107781,-117.816242,664
801SB_P2B_250722,34.107808,-117.816348,665
801SB_P2B_250722,34.107835,-117.816453,666
801SB_P2B_250722,34.10785,-117.816508,667
801SB_P2B_250722,34.107879,-117.816613,668
801SB_P2B_250722,34.107907,-117.816718,669
801SB_P2B_250722,34.107936,-117.816823,670
801SB_P2B_250722,34.107966,-117.816927,671
801SB_P2B_250722,34.107997,-117.817031,672
801SB_P2B_250722,34.108027,-117.817136,673
801SB_P2B_250722,34.108058,-117.81724,674
801SB_P2B_250722,34.10809,-117.817344,675
801SB_P2B_250722,34.108122,-117.817447,676
801SB_P2B_250722,34.108155,-117.817551,677
801SB_P2B_250722,34.108188,-117.817654,678
801SB_P2B_250722,34.108222,-117.817757,679
801SB_P2B_250722,34.108257,-117.817861,680
801SB_P2B_250722,34.108291,-117.817964,681
801SB_P2B_250722,34.108327,-117.818066,682
801SB_P2B_250722,34.108363,-117.818169,683
801SB_P2B_250722,34.108399,-117.818271,684
801SB_P2B_250722,34.108436,-117.818373,685
801SB_P2B_250722,34.108474,-117.818475,686
801SB_P2B_250722,34.108512,-117.818577,687
801SB_P2B_250722,34.108549,-117.818679,688
801SB_P2B_250722,34.108589,-117.81878,689
801SB_P2B_250722,34.108629,-117.818881,690
801SB_P2B_250722,34.108668,-117.818982,691
801SB_P2B_250722,34.108709,-117.819083,692
801SB_P2B_250722,34.10875,-117.819183,693
801SB_P2B_250722,34.108792,-117.819284,694
801SB_P2B_250722,34.108834,-117.819384,695
801SB_P2B_250722,34.108877,-117.819484,696
801SB_P2B_250722,34.10892,-117.819583,697
801SB_P2B_250722,34.108964,-117.819683,698
801SB_P2B_250722,34.109007,-117.819782,699
801SB_P2B_250722,34.109053,-117.819881,700
801SB_P2B_250722,34.109098,-117.81998,701
801SB_P2B_250722,34.109143,-117.820078,702
801SB_P2B_250722,34.10919,-117.820177,703
801SB_P2B_250722,34.109237,-117.820274,704
801SB_P2B_250722,34.109284,-117.820372,705
801SB_P2B_250722,34.109332,-117.82047,706
801SB_P2B_250722,34.109381,-117.820567,707
801SB_P2B_250722,34.10943,-117.820664,708
801SB_P2B_250722,34.109479,-117.820761,709
801SB_P2B_250722,34.109529,-117.820857,710
801SB_P2B_250722,34.10958,-117.820953,711
801SB_P2B_250722,34.10963,-117.821049,712
801SB_P2B_250722,34.109681,-117.821145,713
801SB_P2B_250722,34.109734,-117.82124,714
801SB_P2B_250722,34.109787,-117.821335,715
801SB_P2B_250722,34.10984,-117.82143,716
801SB_P2B_250722,34.109893,-117.821524,717
801SB_P2B_250722,34.109948,-117.821618,718
801SB_P2B_250722,34.110002,-117.821712,719
801SB_P2B_250722,34.110057,-117.821806,720
801SB_P2B_250722,34.110113,-117.821899,721
801SB_P2B_250722,34.11017,-117.821992,722
801SB_P2B_250722,34.110226,-117.822085,723
801SB_P2B_250722,34.110283,-117.822177,724
801SB_P2B_250722,34.110341,-117.822269,725
801SB_P2B_250722,34.1104,-117.822361,726
801SB_P2B_250722,34.110458,-117.822452,727
801SB_P2B_250722,34.110508,-117.82253,728
801SB_P2B_250722,34.110568,-117.822621,729
801SB_P2B_250722,34.110629,-117.822711,730
801SB_P2B_250722,34.110648,-117.822739,731
801SB_P2B_250722,34.11071,-117.822828,732
801SB_P2B_250722,34.110772,-117.822918,733
801SB_P2B_250722,34.110835,-117.823006,734
801SB_P2B_250722,34.110899,-117.823094,735
801SB_P2B_250722,34.110963,-117.823181,736
801SB_P2B_250722,34.111029,-117.823268,737
801SB_P2B_250722,34.111094,-117.823355,738
801SB_P2B_250722,34.111146,-117.823421,739
801SB_P2B_250722,34.111213,-117.823507,740
801SB_P2B_250722,34.111281,-117.823592,741
801SB_P2B_250722,34.111349,-117.823676,742
801SB_P2B_250722,34.111417,-117.823761,743
801SB_P2B_250722,34.111455,-117.823809,744
801SB_P2B_250722,34.111523,-117.823893,745
801SB_P2B_250722,34.111591,-117.823978,746
801SB_P2B_250722,34.111659,-117.824063,747
801SB_P2B_250722,34.111728,-117.824147,748
801SB_P2B_250722,34.111796,-117.824232,749
801SB_P2B_250722,34.111837,-117.824283,750
801SB_P2B_250722,34.111905,-117.824367,751
801SB_P2B_250722,34.111973,-117.824451,752
801SB_P2B_250722,34.112042,-117.824535,753
801SB_P2B_250722,34.112112,-117.824619,754
801SB_P2B_250722,34.112182,-117.824702,755
801SB_P2B_250722,34.112246,-117.824775,756
801SB_P2B_250722,34.112318,-117.824856,757
801SB_P2B_250722,34.11239,-117.824937,758
801SB_P2B_250722,34.112464,-117.825017,759
801SB_P2B_250722,34.112538,-117.825096,760
801SB_P2B_250722,34.112614,-117.825174,761
801SB_P2B_250722,34.11269,-117.825252,762
801SB_P2B_250722,34.112767,-117.825328,763
801SB_P2B_250722,34.112846,-117.825404,764
801SB_P2B_250722,34.112924,-117.825479,765
801SB_P2B_250722,34.113004,-117.825552,766
801SB_P2B_250722,34.113085,-117.825625,767
801SB_P2B_250722,34.113166,-117.825697,768
801SB_P2B_250722,34.113248,-117.825768,769
801SB_P2B_250722,34.113331,-117.825839,770
801SB_P2B_250722,34.113364,-117.825866,771
801SB_P2B_250722,34.113448,-117.825934,772
801SB_P2B_250722,34.113532,-117.826002,773
801SB_P2B_250722,34.113618,-117.82607,774
801SB_P2B_250722,34.113703,-117.826137,775
801SB_P2B_250722,34.113789,-117.826204,776
801SB_P2B_250722,34.113854,-117.826255,777
801SB_P2B_250722,34.11394,-117.826321,778
801SB_P2B_250722,34.114025,-117.826388,779
801SB_P2B_250722,34.114111,-117.826455,780
801SB_P2B_250722,34.114197,-117.826522,781
801SB_P2B_250722,34.114282,-117.826589,782
801SB_P2B_250722,34.114368,-117.826655,783
801SB_P2B_250722,34.114454,-117.826722,784
801SB_P2B_250722,34.114539,-117.826789,785
801SB_P2B_250722,34.114625,-117.826856,786
801SB_P2B_250722,34.114711,-117.826923,787
801SB_P2B_250722,34.114796,-117.826989,788
801SB_P2B_250722,34.114882,-117.827056,789
801SB_P2B_250722,34.114968,-117.827123,790
801SB_P2B_250722,34.115053,-117.82719,791
801SB_P2B_250722,34.115139,-117.827257,792
801SB_P2B_250722,34.115225,-117.827323,793
801SB_P2B_250722,34.11531,-117.82739,794
801SB_P2B_250722,34.115396,-117.827457,795
801SB_P2B_250722,34.115482,-117.827524,796
801SB_P2B_250722,34.115567,-117.827591,797
801SB_P2B_250722,34.115653,-117.827657,798
801SB_P2B_250722,34.115739,-117.827724,799
801SB_P2B_250722,34.115824,-117.827791,800
801SB_P2B_250722,34.11591,-117.827858,801
801SB_P2B_250722,34.115996,-117.827925,802
801SB_P2B_250722,34.116081,-117.827991,803
801SB_P2B_250722,34.116167,-117.828058,804
801SB_P2B_250722,34.116253,-117.828125,805
801SB_P2B_250722,34.116338,-117.828192,806
801SB_P2B_250722,34.116424,-117.828259,807
801SB_P2B_250722,34.116509,-117.828325,808
801SB_P2B_250722,34.116569,-117.828371,809
801SB_P2B_250722,34.116654,-117.828438,810
801SB_P2B_250722,34.116741,-117.828504,811
801SB_P2B_250722,34.116777,-117.828531,812
801SB_P2B_250722,34.116864,-117.828596,813
801SB_P2B_250722,34.116952,-117.82866,814
801SB_P2B_250722,34.11704,-117.828723,815
801SB_P2B_250722,34.117129,-117.828785,816
801SB_P2B_250722,34.117188,-117.828826,817
801SB_P2B_250722,34.117278,-117.828887,818
801SB_P2B_250722,34.117368,-117.828948,819
801SB_P2B_250722,34.117404,-117.828971,820
801SB_P2B_250722,34.117494,-117.829032,821
801SB_P2B_250722,34.117584,-117.829092,822
801SB_P2B_250722,34.117674,-117.829153,823
801SB_P2B_250722,34.117764,-117.829213,824
801SB_P2B_250722,34.117806,-117.829242,825
801SB_P2B_250722,34.117896,-117.829302,826
801SB_P2B_250722,34.117986,-117.829363,827
801SB_P2B_250722,34.118075,-117.829426,828
801SB_P2B_250722,34.118075,-117.829426,829
801SB_P2B_250722,34.118163,-117.829489,830
801SB_P2B_250722,34.118251,-117.829554,831
801SB_P2B_250722,34.118337,-117.829619,832
801SB_P2B_250722,34.118423,-117.829686,833
801SB_P2B_250722,34.118508,-117.829754,834
801SB_P2B_250722,34.118552,-117.829789,835
801SB_P2B_250722,34.118635,-117.829859,836
801SB_P2B_250722,34.118718,-117.829929,837
801SB_P2B_250722,34.118801,-117.829999,838
801SB_P2B_250722,34.118843,-117.830035,839
801SB_P2B_250722,34.118926,-117.830106,840
801SB_P2B_250722,34.119009,-117.830176,841
801SB_P2B_250722,34.119092,-117.830247,842
801SB_P2B_250722,34.119174,-117.830317,843
801SB_P2B_250722,34.119237,-117.83037,844
801SB_P2B_250722,34.11932,-117.830441,845
801SB_P2B_250722,34.119403,-117.830511,846
801SB_P2B_250722,34.119487,-117.83058,847
801SB_P2B_250722,34.119571,-117.830649,848
801SB_P2B_250722,34.119656,-117.830717,849
801SB_P2B_250722,34.119741,-117.830783,850
801SB_P2B_250722,34.11978,-117.830812,851
801SB_P2B_250722,34.119867,-117.830877,852
801SB_P2B_250722,34.119955,-117.830941,853
801SB_P2B_250722,34.120044,-117.831003,854
801SB_P2B_250722,34.120134,-117.831064,855
801SB_P2B_250722,34.120225,-117.831123,856
801SB_P2B_250722,34.120316,-117.831182,857
801SB_P2B_250722,34.120409,-117.831238,858
801SB_P2B_250722,34.120503,-117.831294,859
801SB_P2B_250722,34.120597,-117.831347,860
801SB_P2B_250722,34.120692,-117.831399,861
801SB_P2B_250722,34.120789,-117.83145,862
801SB_P2B_250722,34.120885,-117.831499,863
801SB_P2B_250722,34.120983,-117.831546,864
801SB_P2B_250722,34.121082,-117.831592,865
801SB_P2B_250722,34.121181,-117.831636,866
801SB_P2B_250722,34.121281,-117.831679,867
801SB_P2B_250722,34.121381,-117.83172,868
801SB_P2B_250722,34.121483,-117.831759,869
801SB_P2B_250722,34.121585,-117.831797,870
801SB_P2B_250722,34.121687,-117.831832,871
801SB_P2B_250722,34.12179,-117.831867,872
801SB_P2B_250722,34.121894,-117.831898,873
801SB_P2B_250722,34.121998,-117.831929,874
801SB_P2B_250722,34.122103,-117.831957,875
801SB_P2B_250722,34.122208,-117.831985,876
801SB_P2B_250722,34.122314,-117.832009,877
801SB_P2B_250722,34.12242,-117.832033,878
801SB_P2B_250722,34.122458,-117.832041,879
801SB_P2B_250722,34.122564,-117.832061,880
801SB_P2B_250722,34.122671,-117.832081,881
801SB_P2B_250722,34.122778,-117.832099,882
801SB_P2B_250722,34.122886,-117.832116,883
801SB_P2B_250722,34.122993,-117.832132,884
801SB_P2B_250722,34.1231,-117.832148,885
801SB_P2B_250722,34.123119,-117.832151,886
801SB_P2B_250722,34.123227,-117.832167,887
801SB_P2B_250722,34.123334,-117.832183,888
801SB_P2B_250722,34.123442,-117.8322,889
801SB_P2B_250722,34.123549,-117.832216,890
801SB_P2B_250722,34.123657,-117.832232,891
801SB_P2B_250722,34.123764,-117.832248,892
801SB_P2B_250722,34.123871,-117.832264,893
801SB_P2B_250722,34.123979,-117.83228,894
801SB_P2B_250722,34.124086,-117.832296,895
801SB_P2B_250722,34.124194,-117.832313,896
801SB_P2B_250722,34.124301,-117.832329,897
801SB_P2B_250722,34.124409,-117.832345,898
801SB_P2B_250722,34.124447,-117.832351,899
801SB_P2B_250722,34.124554,-117.832367,900
801SB_P2B_250722,34.124661,-117.832384,901
801SB_P2B_250722,34.124768,-117.832401,902
801SB_P2B_250722,34.124875,-117.83242,903
801SB_P2B_250722,34.124982,-117.832441,904
801SB_P2B_250722,34.125088,-117.832463,905
801SB_P2B_250722,34.125091,-117.832464,906
801SB_P2B_250722,34.125196,-117.83249,907
801SB_P2B_250722,34.125302,-117.832516,908
801SB_P2B_250722,34.125406,-117.832546,909
801SB_P2B_250722,34.12551,-117.832578,910
801SB_P2B_250722,34.125613,-117.832612,911
801SB_P2B_250722,34.125716,-117.832648,912
801SB_P2B_250722,34.125817,-117.832686,913
801SB_P2B_250722,34.125918,-117.832727,914
801SB_P2B_250722,34.126018,-117.832769,915
801SB_P2B_250722,34.126117,-117.832814,916
801SB_P2B_250722,34.126215,-117.83286,917
801SB_P2B_250722,34.126312,-117.832909,918
801SB_P2B_250722,34.126409,-117.832959,919
801SB_P2B_250722,34.126503,-117.833012,920
801SB_P2B_250722,34.126598,-117.833066,921
801SB_P2B_250722,34.126658,-117.833102,922
801SB_P2B_250722,34.12675,-117.833159,923
801SB_P2B_250722,34.126842,-117.833218,924
801SB_P2B_250722,34.126851,-117.833224,925
801SB_P2B_250722,34.126941,-117.833284,926
801SB_P2B_250722,34.127032,-117.833344,927
801SB_P2B_250722,34.127121,-117.833406,928
801SB_P2B_250722,34.12721,-117.833468,929
801SB_P2B_250722,34.127298,-117.833532,930
801SB_P2B_250722,34.127386,-117.833595,931
801SB_P2B_250722,34.127453,-117.833646,932
801SB_P2B_250722,34.12754,-117.833712,933
801SB_P2B_250722,34.127625,-117.833779,934
801SB_P2B_250722,34.127708,-117.833848,935
801SB_P2B_250722,34.127771,-117.833903,936
801SB_P2B_250722,34.127852,-117.833974,937
801SB_P2B_250722,34.127931,-117.834049,938
801SB_P2B_250722,34.128009,-117.834125,939
801SB_P2B_250722,34.128085,-117.834203,940
801SB_P2B_250722,34.128159,-117.834282,941
801SB_P2B_250722,34.128232,-117.834362,942
801SB_P2B_250722,34.128302,-117.834445,943
801SB_P2B_250722,34.128372,-117.834529,944
801SB_P2B_250722,34.128439,-117.834614,945
801SB_P2B_250722,34.128505,-117.8347,946
801SB_P2B_250722,34.128568,-117.834789,947
801SB_P2B_250722,34.128631,-117.834877,948
801SB_P2B_250722,34.128683,-117.834955,949
801SB_P2B_250722,34.128742,-117.835046,950
801SB_P2B_250722,34.128799,-117.835139,951
801SB_P2B_250722,34.128849,-117.835223,952
801SB_P2B_250722,34.128904,-117.835317,953
801SB_P2B_250722,34.128956,-117.835412,954
801SB_P2B_250722,34.129009,-117.835507,955
801SB_P2B_250722,34.129058,-117.835604,956
801SB_P2B_250722,34.129108,-117.8357,957
801SB_P2B_250722,34.129155,-117.835798,958
801SB_P2B_250722,34.129201,-117.835897,959
801SB_P2B_250722,34.129245,-117.835996,960
801SB_P2B_250722,34.129289,-117.836095,961
801SB_P2B_250722,34.129329,-117.836191,962
801SB_P2B_250722,34.129369,-117.836292,963
801SB_P2B_250722,34.129408,-117.836393,964
801SB_P2B_250722,34.129435,-117.83647,965
801SB_P2B_250722,34.129471,-117.836572,966
801SB_P2B_250722,34.129505,-117.836675,967
801SB_P2B_250722,34.129538,-117.836779,968
801SB_P2B_250722,34.129568,-117.836883,969
801SB_P2B_250722,34.129598,-117.836988,970
801SB_P2B_250722,34.129625,-117.837093,971
801SB_P2B_250722,34.129652,-117.837198,972
801SB_P2B_250722,34.129675,-117.837304,973
801SB_P2B_250722,34.129698,-117.83741,974
801SB_P2B_250722,34.129719,-117.837517,975
801SB_P2B_250722,34.129739,-117.837624,976
801SB_P2B_250722,34.129756,-117.837731,977
801SB_P2B_250722,34.129772,-117.837838,978
801SB_P2B_250722,34.129786,-117.837946,979
801SB_P2B_250722,34.1298,-117.838054,980
801SB_P2B_250722,34.12981,-117.838162,981
801SB_P2B_250722,34.12982,-117.83827,982
801SB_P2B_250722,34.129825,-117.83834,983
801SB_P2B_250722,34.129832,-117.838448,984
801SB_P2B_250722,34.129838,-117.838557,985
801SB_P2B_250722,34.129842,-117.838665,986
801SB_P2B_250722,34.129845,-117.838774,987
801SB_P2B_250722,34.129848,-117.838883,988
801SB_P2B_250722,34.129849,-117.838991,989
801SB_P2B_250722,34.12985,-117.8391,990
801SB_P2B_250722,34.12985,-117.839208,991
801SB_P2B_250722,34.129851,-117.839317,992
801SB_P2B_250722,34.12985,-117.83942,993
801SB_P2B_250722,34.12985,-117.839426,994
801SB_P2B_250722,34.12985,-117.839506,995
801SB_P2B_250722,34.12985,-117.839614,996
801SB_P2B_250722,34.12985,-117.839723,997
801SB_P2B_250722,34.12985,-117.839832,998
801SB_P2B_250722,34.12985,-117.83994,999
801SB_P2B_250722,34.12985,-117.840049,1000
801SB_P2B_250722,34.12985,-117.840158,1001
801SB_P2B_250722,34.12985,-117.840266,1002
801SB_P2B_250722,34.12985,-117.840375,1003
801SB_P2B_250722,34.12985,-117.840483,1004
801SB_P2B_250722,34.12985,-117.840592,1005
801SB_P2B_250722,34.12985,-117.840701,1006
801SB_P2B_250722,34.12985,-117.840809,1007
801SB_P2B_250722,34.12985,-117.840918,1008
801SB_P2B_250722,34.12985,-117.841027,1009
801SB_P2B_250722,34.12985,-117.841135,1010
801SB_P2B_250722,34.12985,-117.841244,1011
801SB_P2B_250722,34.129849,-117.841352,1012
801SB_P2B_250722,34.129849,-117.841461,1013
801SB_P2B_250722,34.129849,-117.84157,1014
801SB_P2B_250722,34.129849,-117.841678,1015
801SB_P2B_250722,34.129849,-117.841787,1016
801SB_P2B_250722,34.129849,-117.841896,1017
801SB_P2B_250722,34.129849,-117.842004,1018
801SB_P2B_250722,34.129849,-117.842113,1019
801SB_P2B_250722,34.129849,-117.842221,1020
801SB_P2B_250722,34.129849,-117.84233,1021
801SB_P2B_250722,34.129849,-117.842439,1022
801SB_P2B_250722,34.129849,-117.842547,1023
801SB_P2B_250722,34.129849,-117.842656,1024
801SB_P2B_250722,34.129849,-117.842765,1025
801SB_P2B_250722,34.129849,-117.842873,1026
801SB_P2B_250722,34.129849,-117.842982,1027
801SB_P2B_250722,34.129849,-117.84309,1028
801SB_P2B_250722,34.129848,-117.843199,1029
801SB_P2B_250722,34.129848,-117.843308,1030
801SB_P2B_250722,34.129848,-117.843416,1031
801SB_P2B_250722,34.129848,-117.843525,1032
801SB_P2B_250722,34.129848,-117.843634,1033
801SB_P2B_250722,34.129848,-117.843742,1034
801SB_P2B_250722,34.129848,-117.843851,1035
801SB_P2B_250722,34.129848,-117.843959,1036
801SB_P2B_250722,34.129848,-117.844068,1037
801SB_P2B_250722,34.129848,-117.844177,1038
801SB_P2B_250722,34.129848,-117.844285,1039
801SB_P2B_250722,34.129848,-117.844394,1040
801SB_P2B_250722,34.129848,-117.844503,1041
801SB_P2B_250722,34.129848,-117.844611,1042
801SB_P2B_250722,34.129848,-117.84472,1043
801SB_P2B_250722,34.129848,-117.844828,1044
801SB_P2B_250722,34.129848,-117.844937,1045
801SB_P2B_250722,34.129848,-117.845046,1046
801SB_P2B_250722,34.129847,-117.845154,1047
801SB_P2B_250722,34.129847,-117.845263,1048
801SB_P2B_250722,34.129847,-117.845372,1049
801SB_P2B_250722,34.129847,-117.84548,1050
801SB_P2B_250722,34.129847,-117.845589,1051
801SB_P2B_250722,34.129847,-117.845698,1052
801SB_P2B_250722,34.129847,-117.845806,1053
801SB_P2B_250722,34.129847,-117.845915,1054
801SB_P2B_250722,34.129847,-117.846023,1055
801SB_P2B_250722,34.129847,-117.846132,1056
801SB_P2B_250722,34.129847,-117.846241,1057
801SB_P2B_250722,34.129847,-117.846349,1058
801SB_P2B_250722,34.129847,-117.846458,1059
801SB_P2B_250722,34.129847,-117.846567,1060
801SB_P2B_250722,34.129847,-117.846675,1061
801SB_P2B_250722,34.129847,-117.846784,1062
801SB_P2B_250722,34.129847,-117.846788,1063
801SB_P2B_250722,34.129847,-117.846897,1064
801SB_P2B_250722,34.129847,-117.847006,1065
801SB_P2B_250722,34.129847,-117.847114,1066
801SB_P2B_250722,34.129847,-117.847202,1067
801SB_P2B_250722,34.129847,-117.847311,1068
801SB_P2B_250722,34.129848,-117.847419,1069
801SB_P2B_250722,34.129848,-117.847528,1070
801SB_P2B_250722,34.129848,-117.847636,1071
801SB_P2B_250722,34.129849,-117.847745,1072
801SB_P2B_250722,34.129849,-117.847854,1073
801SB_P2B_250722,34.129849,-117.847858,1074
801SB_P2B_250722,34.12985,-117.847967,1075
801SB_P2B_250722,34.129851,-117.848075,1076
801SB_P2B_250722,34.129852,-117.848184,1077
801SB_P2B_250722,34.129852,-117.848185,1078
801SB_P2B_250722,34.129852,-117.848294,1079
801SB_P2B_250722,34.129853,-117.848402,1080
801SB_P2B_250722,34.129854,-117.848511,1081
801SB_P2B_250722,34.129855,-117.848619,1082
801SB_P2B_250722,34.129856,-117.848728,1083
801SB_P2B_250722,34.129857,-117.848837,1084
801SB_P2B_250722,34.129857,-117.848841,1085
801SB_P2B_250722,34.129858,-117.84895,1086
801SB_P2B_250722,34.129858,-117.849059,1087
801SB_P2B_250722,34.129859,-117.849167,1088
801SB_P2B_250722,34.129859,-117.849243,1089
801SB_P2B_250722,34.12986,-117.849352,1090
801SB_P2B_250722,34.12986,-117.84946,1091
801SB_P2B_250722,34.129861,-117.849569,1092
801SB_P2B_250722,34.129861,-117.849678,1093
801SB_P2B_250722,34.129861,-117.849786,1094
801SB_P2B_250722,34.129862,-117.849895,1095
801SB_P2B_250722,34.129862,-117.8499,1096
801SB_P2B_250722,34.129862,-117.850008,1097
801SB_P2B_250722,34.129862,-117.850117,1098
801SB_P2B_250722,34.129862,-117.850225,1099
801SB_P2B_250722,34.129862,-117.850288,1100
801SB_P2B_250722,34.129862,-117.850397,1101
801SB_P2B_250722,34.129862,-117.850505,1102
801SB_P2B_250722,34.129861,-117.850614,1103
801SB_P2B_250722,34.129861,-117.850723,1104
801SB_P2B_250722,34.129861,-117.850831,1105
801SB_P2B_250722,34.129861,-117.85094,1106
801SB_P2B_250722,34.129861,-117.851049,1107
801SB_P2B_250722,34.129861,-117.851157,1108
801SB_P2B_250722,34.129861,-117.851266,1109
801SB_P2B_250722,34.129861,-117.851374,1110
801SB_P2B_250722,34.129861,-117.851483,1111
801SB_P2B_250722,34.129861,-117.851592,1112
801SB_P2B_250722,34.129861,-117.8517,1113
801SB_P2B_250722,34.129861,-117.851809,1114
801SB_P2B_250722,34.129861,-117.851918,1115
801SB_P2B_250722,34.129861,-117.852026,1116
801SB_P2B_250722,34.129861,-117.852135,1117
801SB_P2B_250722,34.129861,-117.852243,1118
801SB_P2B_250722,34.129861,-117.852352,1119
801SB_P2B_250722,34.12986,-117.852461,1120
801SB_P2B_250722,34.12986,-117.852569,1121
801SB_P2B_250722,34.12986,-117.852678,1122
801SB_P2B_250722,34.12986,-117.852787,1123
801SB_P2B_250722,34.12986,-117.852895,1124
801SB_P2B_250722,34.12986,-117.853004,1125
801SB_P2B_250722,34.12986,-117.853112,1126
801SB_P2B_250722,34.12986,-117.853221,1127
801SB_P2B_250722,34.12986,-117.85333,1128
801SB_P2B_250722,34.12986,-117.853438,1129
801SB_P2B_250722,34.12986,-117.853547,1130
801SB_P2B_250722,34.12986,-117.853656,1131
801SB_P2B_250722,34.12986,-117.853764,1132
801SB_P2B_250722,34.12986,-117.853873,1133
801SB_P2B_250722,34.12986,-117.853982,1134
801SB_P2B_250722,34.12986,-117.85409,1135
801SB_P2B_250722,34.12986,-117.854199,1136
801SB_P2B_250722,34.12986,-117.854307,1137
801SB_P2B_250722,34.129859,-117.854416,1138
801SB_P2B_250722,34.129859,-117.854525,1139
801SB_P2B_250722,34.129859,-117.854633,1140
801SB_P2B_250722,34.129859,-117.854742,1141
801SB_P2B_250722,34.129859,-117.854851,1142
801SB_P2B_250722,34.129859,-117.854959,1143
801SB_P2B_250722,34.129859,-117.855068,1144
801SB_P2B_250722,34.129859,-117.855176,1145
801SB_P2B_250722,34.129859,-117.855285,1146
801SB_P2B_250722,34.129859,-117.855394,1147
801SB_P2B_250722,34.129859,-117.855502,1148
801SB_P2B_250722,34.129859,-117.855611,1149
801SB_P2B_250722,34.129859,-117.85572,1150
801SB_P2B_250722,34.129859,-117.855828,1151
801SB_P2B_250722,34.129859,-117.855937,1152
801SB_P2B_250722,34.129859,-117.856045,1153
801SB_P2B_250722,34.129859,-117.856154,1154
801SB_P2B_250722,34.129858,-117.856263,1155
801SB_P2B_250722,34.129858,-117.856371,1156
801SB_P2B_250722,34.129858,-117.85648,1157
801SB_P2B_250722,34.129858,-117.856589,1158
801SB_P2B_250722,34.129858,-117.856697,1159
801SB_P2B_250722,34.129858,-117.856806,1160
801SB_P2B_250722,34.129858,-117.856914,1161
801SB_P2B_250722,34.129858,-117.857023,1162
801SB_P2B_250722,34.129858,-117.857132,1163
801SB_P2B_250722,34.129858,-117.85724,1164
801SB_P2B_250722,34.129858,-117.857349,1165
801SB_P2B_250722,34.129858,-117.857458,1166
801SB_P2B_250722,34.129858,-117.857566,1167
801SB_P2B_250722,34.129858,-117.857675,1168
801SB_P2B_250722,34.129858,-117.857783,1169
801SB_P2B_250722,34.129858,-117.857892,1170
801SB_P2B_250722,34.129858,-117.858001,1171
801SB_P2B_250722,34.129858,-117.858109,1172
801SB_P2B_250722,34.129857,-117.858218,1173
801SB_P2B_250722,34.129857,-117.858327,1174
801SB_P2B_250722,34.129857,-117.858435,1175
801SB_P2B_250722,34.129857,-117.85844,1176
801SB_P2B_250722,34.129857,-117.858548,1177
801SB_P2B_250722,34.129857,-117.858657,1178
801SB_P2B_250722,34.129857,-117.858766,1179
801SB_P2B_250722,34.129858,-117.858867,1180
801SB_P2B_250722,34.129858,-117.858976,1181
801SB_P2B_250722,34.129859,-117.859084,1182
801SB_P2B_250722,34.129859,-117.859193,1183
801SB_P2B_250722,34.12986,-117.859302,1184
801SB_P2B_250722,34.12986,-117.85941,1185
801SB_P2B_250722,34.12986,-117.859415,1186
801SB_P2B_250722,34.129861,-117.859523,1187
801SB_P2B_250722,34.129862,-117.859632,1188
801SB_P2B_250722,34.129863,-117.859741,1189
801SB_P2B_250722,34.129863,-117.859758,1190
801SB_P2B_250722,34.129865,-117.859867,1191
801SB_P2B_250722,34.129866,-117.859975,1192
801SB_P2B_250722,34.129867,-117.860084,1193
801SB_P2B_250722,34.129868,-117.860193,1194
801SB_P2B_250722,34.129869,-117.860301,1195
801SB_P2B_250722,34.12987,-117.86041,1196
801SB_P2B_250722,34.129871,-117.860508,1197
801SB_P2B_250722,34.129872,-117.860617,1198
801SB_P2B_250722,34.129874,-117.860726,1199
801SB_P2B_250722,34.129876,-117.860834,1200
801SB_P2B_250722,34.129879,-117.860943,1201
801SB_P2B_250722,34.129884,-117.861051,1202
801SB_P2B_250722,34.129889,-117.86116,1203
801SB_P2B_250722,34.129897,-117.861268,1204
801SB_P2B_250722,34.129898,-117.861282,1205
801SB_P2B_250722,34.129908,-117.86139,1206
801SB_P2B_250722,34.129918,-117.861498,1207
801SB_P2B_250722,34.129931,-117.861606,1208
801SB_P2B_250722,34.129946,-117.861714,1209
801SB_P2B_250722,34.129962,-117.861821,1210
801SB_P2B_250722,34.129981,-117.861928,1211
801SB_P2B_250722,34.13,-117.862035,1212
801SB_P2B_250722,34.130023,-117.862141,1213
801SB_P2B_250722,34.130046,-117.862247,1214
801SB_P2B_250722,34.130071,-117.862353,1215
801SB_P2B_250722,34.130099,-117.862458,1216
801SB_P2B_250722,34.130127,-117.862563,1217
801SB_P2B_250722,34.130159,-117.862667,1218
801SB_P2B_250722,34.130191,-117.862771,1219
801SB_P2B_250722,34.130214,-117.862843,1220
801SB_P2B_250722,34.13025,-117.862945,1221
801SB_P2B_250722,34.130287,-117.863048,1222
801SB_P2B_250722,34.130325,-117.863149,1223
801SB_P2B_250722,34.130364,-117.863251,1224
801SB_P2B_250722,34.130404,-117.863352,1225
801SB_P2B_250722,34.130444,-117.863453,1226
801SB_P2B_250722,34.130485,-117.863553,1227
801SB_P2B_250722,34.130521,-117.863643,1228
801SB_P2B_250722,34.130561,-117.863744,1229
801SB_P2B_250722,34.130602,-117.863845,1230
801SB_P2B_250722,34.130642,-117.863945,1231
801SB_P2B_250722,34.130683,-117.864046,1232
801SB_P2B_250722,34.13069,-117.864065,1233
801SB_P2B_250722,34.130731,-117.864165,1234
801SB_P2B_250722,34.130772,-117.864266,1235
801SB_P2B_250722,34.130813,-117.864366,1236
801SB_P2B_250722,34.130856,-117.864466,1237
801SB_P2B_250722,34.130899,-117.864566,1238
801SB_P2B_250722,34.130944,-117.864665,1239
801SB_P2B_250722,34.130981,-117.864742,1240
801SB_P2B_250722,34.131028,-117.86484,1241
801SB_P2B_250722,34.131078,-117.864937,1242
801SB_P2B_250722,34.131128,-117.865033,1243
801SB_P2B_250722,34.131181,-117.865128,1244
801SB_P2B_250722,34.131235,-117.865222,1245
801SB_P2B_250722,34.131236,-117.865224,1246
801SB_P2B_250722,34.131291,-117.865317,1247
801SB_P2B_250722,34.131348,-117.865409,1248
801SB_P2B_250722,34.131406,-117.865501,1249
801SB_P2B_250722,34.131465,-117.865592,1250
801SB_P2B_250722,34.131525,-117.865683,1251
801SB_P2B_250722,34.131585,-117.865774,1252
801SB_P2B_250722,34.131621,-117.865829,1253
801SB_P2B_250722,34.131681,-117.865919,1254
801SB_P2B_250722,34.13174,-117.86601,1255
801SB_P2B_250722,34.1318,-117.866101,1256
801SB_P2B_250722,34.13186,-117.866191,1257
801SB_P2B_250722,34.13192,-117.866282,1258
801SB_P2B_250722,34.13198,-117.866373,1259
801SB_P2B_250722,34.132039,-117.866464,1260
801SB_P2B_250722,34.132099,-117.866554,1261
801SB_P2B_250722,34.132159,-117.866645,1262
801SB_P2B_250722,34.132219,-117.866736,1263
801SB_P2B_250722,34.132279,-117.866826,1264
801SB_P2B_250722,34.132338,-117.866917,1265
801SB_P2B_250722,34.132398,-117.867008,1266
801SB_P2B_250722,34.132458,-117.867098,1267
801SB_P2B_250722,34.132518,-117.867189,1268
801SB_P2B_250722,34.132569,-117.867267,1269
801SB_P2B_250722,34.132629,-117.867357,1270
801SB_P2B_250722,34.132689,-117.867448,1271
801SB_P2B_250722,34.132723,-117.867499,1272
801SB_P2B_250722,34.132782,-117.86759,1273
801SB_P2B_250722,34.132842,-117.867681,1274
801SB_P2B_250722,34.132902,-117.867771,1275
801SB_P2B_250722,34.132962,-117.867862,1276
801SB_P2B_250722,34.133022,-117.867953,1277
801SB_P2B_250722,34.133073,-117.86803,1278
801SB_P2B_250722,34.133133,-117.868121,1279
801SB_P2B_250722,34.133193,-117.868212,1280
801SB_P2B_250722,34.133227,-117.868264,1281
801SB_P2B_250722,34.133287,-117.868355,1282
801SB_P2B_250722,34.133347,-117.868445,1283
801SB_P2B_250722,34.133407,-117.868536,1284
801SB_P2B_250722,34.133466,-117.868627,1285
801SB_P2B_250722,34.133526,-117.868717,1286
801SB_P2B_250722,34.133577,-117.868795,1287
801SB_P2B_250722,34.133637,-117.868885,1288
801SB_P2B_250722,34.133697,-117.868976,1289
801SB_P2B_250722,34.133731,-117.869028,1290
801SB_P2B_250722,34.133791,-117.869118,1291
801SB_P2B_250722,34.133851,-117.869209,1292
801SB_P2B_250722,34.133911,-117.869299,1293
801SB_P2B_250722,34.133971,-117.86939,1294
801SB_P2B_250722,34.134031,-117.869481,1295
801SB_P2B_250722,34.134082,-117.869558,1296
801SB_P2B_250722,34.134142,-117.869649,1297
801SB_P2B_250722,34.134202,-117.869739,1298
801SB_P2B_250722,34.134216,-117.86976,1299
801SB_P2B_250722,34.134276,-117.869851,1300
801SB_P2B_250722,34.134336,-117.869941,1301
801SB_P2B_250722,34.134396,-117.870032,1302
801SB_P2B_250722,34.134456,-117.870122,1303
801SB_P2B_250722,34.134516,-117.870213,1304
801SB_P2B_250722,34.134576,-117.870303,1305
801SB_P2B_250722,34.134636,-117.870394,1306
801SB_P2B_250722,34.134696,-117.870485,1307
801SB_P2B_250722,34.134756,-117.870575,1308
801SB_P2B_250722,34.134816,-117.870666,1309
801SB_P2B_250722,34.134876,-117.870756,1310
801SB_P2B_250722,34.134936,-117.870847,1311
801SB_P2B_250722,34.134996,-117.870937,1312
801SB_P2B_250722,34.135056,-117.871028,1313
801SB_P2B_250722,34.135116,-117.871118,1314
801SB_P2B_250722,34.135176,-117.871209,1315
801SB_P2B_250722,34.135236,-117.871299,1316
801SB_P2B_250722,34.135296,-117.87139,1317
801SB_P2B_250722,34.135356,-117.871481,1318
801SB_P2B_250722,34.135416,-117.871571,1319
801SB_P2B_250722,34.135476,-117.871662,1320
801SB_P2B_250722,34.135536,-117.871752,1321
801SB_P2B_250722,34.135596,-117.871843,1322
801SB_P2B_250722,34.135656,-117.871933,1323
801SB_P2B_250722,34.135716,-117.872024,1324
801SB_P2B_250722,34.135776,-117.872114,1325
801SB_P2B_250722,34.135836,-117.872205,1326
801SB_P2B_250722,34.135896,-117.872295,1327
801SB_P2B_250722,34.135956,-117.872386,1328
801SB_P2B_250722,34.136016,-117.872477,1329
801SB_P2B_250722,34.136076,-117.872567,1330
801SB_P2B_250722,34.136136,-117.872658,1331
801SB_P2B_250722,34.136196,-117.872748,1332
801SB_P2B_250722,34.136256,-117.872839,1333
801SB_P2B_250722,34.136316,-117.872929,1334
801SB_P2B_250722,34.136376,-117.87302,1335
801SB_P2B_250722,34.136436,-117.87311,1336
801SB_P2B_250722,34.136496,-117.873201,1337
801SB_P2B_250722,34.136556,-117.873292,1338
801SB_P2B_250722,34.136616,-117.873382,1339
801SB_P2B_250722,34.136676,-117.873473,1340
801SB_P2B_250722,34.136736,-117.873563,1341
801SB_P2B_250722,34.136746,-117.873578,1342
801SB_P2B_250722,34.136806,-117.873668,1343
801SB_P2B_250722,34.136866,-117.873759,1344
801SB_P2B_250722,34.136925,-117.87385,1345
801SB_P2B_250722,34.136985,-117.873941,1346
801SB_P2B_250722,34.137043,-117.874032,1347
801SB_P2B_250722,34.137101,-117.874124,1348
801SB_P2B_250722,34.137159,-117.874216,1349
801SB_P2B_250722,34.137216,-117.874309,1350
801SB_P2B_250722,34.137271,-117.874402,1351
801SB_P2B_250722,34.137296,-117.874446,1352
801SB_P2B_250722,34.13735,-117.87454,1353
801SB_P2B_250722,34.137404,-117.874634,1354
801SB_P2B_250722,34.137455,-117.87473,1355
801SB_P2B_250722,34.137507,-117.874826,1356
801SB_P2B_250722,34.137557,-117.874922,1357
801SB_P2B_250722,34.137605,-117.87502,1358
801SB_P2B_250722,34.137654,-117.875117,1359
801SB_P2B_250722,34.1377,-117.875215,1360
801SB_P2B_250722,34.137746,-117.875313,1361
801SB_P2B_250722,34.137791,-117.875412,1362
801SB_P2B_250722,34.137834,-117.875512,1363
801SB_P2B_250722,34.137877,-117.875612,1364
801SB_P2B_250722,34.137918,-117.875712,1365
801SB_P2B_250722,34.137959,-117.875813,1366
801SB_P2B_250722,34.137998,-117.875914,1367
801SB_P2B_250722,34.138036,-117.876016,1368
801SB_P2B_250722,34.138074,-117.876118,1369
801SB_P2B_250722,34.13811,-117.87622,1370
801SB_P2B_250722,34.138145,-117.876323,1371
801SB_P2B_250722,34.13818,-117.876426,1372
801SB_P2B_250722,34.138213,-117.87653,1373
801SB_P2B_250722,34.138245,-117.876633,1374
801SB_P2B_250722,34.138276,-117.876737,1375
801SB_P2B_250722,34.138306,-117.876842,1376
801SB_P2B_250722,34.138335,-117.876946,1377
801SB_P2B_250722,34.138363,-117.877052,1378
801SB_P2B_250722,34.13839,-117.877157,1379
801SB_P2B_250722,34.138415,-117.877262,1380
801SB_P2B_250722,34.13844,-117.877368,1381
801SB_P2B_250722,34.138464,-117.877474,1382
801SB_P2B_250722,34.138486,-117.87758,1383
801SB_P2B_250722,34.138508,-117.877687,1384
801SB_P2B_250722,34.138529,-117.877793,1385
801SB_P2B_250722,34.138548,-117.8779,1386
801SB_P2B_250722,34.138567,-117.878007,1387
801SB_P2B_250722,34.138584,-117.878114,1388
801SB_P2B_250722,34.138601,-117.878222,1389
801SB_P2B_250722,34.138616,-117.878329,1390
801SB_P2B_250722,34.13863,-117.878437,1391
801SB_P2B_250722,34.138644,-117.878545,1392
801SB_P2B_250722,34.138656,-117.878653,1393
801SB_P2B_250722,34.138667,-117.878761,1394
801SB_P2B_250722,34.138678,-117.878869,1395
801SB_P2B_250722,34.138686,-117.878977,1396
801SB_P2B_250722,34.138695,-117.879085,1397
801SB_P2B_250722,34.138702,-117.879194,1398
801SB_P2B_250722,34.138708,-117.879302,1399
801SB_P2B_250722,34.138714,-117.879411,1400
801SB_P2B_250722,34.138717,-117.879491,1401
801SB_P2B_250722,34.13872,-117.879599,1402
801SB_P2B_250722,34.138722,-117.879708,1403
801SB_P2B_250722,34.138724,-117.879816,1404
801SB_P2B_250722,34.138724,-117.879925,1405
801SB_P2B_250722,34.138724,-117.880034,1406
801SB_P2B_250722,34.138723,-117.880142,1407
801SB_P2B_250722,34.138721,-117.880251,1408
801SB_P2B_250722,34.138718,-117.880359,1409
801SB_P2B_250722,34.138715,-117.880468,1410
801SB_P2B_250722,34.138713,-117.880527,1411
801SB_P2B_250722,34.138708,-117.880635,1412
801SB_P2B_250722,34.138704,-117.880744,1413
801SB_P2B_250722,34.138699,-117.880852,1414
801SB_P2B_250722,34.138692,-117.880961,1415
801SB_P2B_250722,34.138686,-117.881069,1416
801SB_P2B_250722,34.138679,-117.881178,1417
801SB_P2B_250722,34.138671,-117.881286,1418
801SB_P2B_250722,34.138663,-117.881394,1419
801SB_P2B_250722,34.138654,-117.881502,1420
801SB_P2B_250722,34.138644,-117.881611,1421
801SB_P2B_250722,34.138634,-117.881719,1422
801SB_P2B_250722,34.138624,-117.881827,1423
801SB_P2B_250722,34.138612,-117.881935,1424
801SB_P2B_250722,34.1386,-117.882043,1425
801SB_P2B_250722,34.138588,-117.882151,1426
801SB_P2B_250722,34.138574,-117.882259,1427
801SB_P2B_250722,34.13856,-117.882366,1428
801SB_P2B_250722,34.138546,-117.882474,1429
801SB_P2B_250722,34.138531,-117.882582,1430
801SB_P2B_250722,34.138515,-117.882689,1431
801SB_P2B_250722,34.138499,-117.882797,1432
801SB_P2B_250722,34.138483,-117.882904,1433
801SB_P2B_250722,34.138465,-117.883011,1434
801SB_P2B_250722,34.138447,-117.883118,1435
801SB_P2B_250722,34.138429,-117.883225,1436
801SB_P2B_250722,34.138409,-117.883332,1437
801SB_P2B_250722,34.138389,-117.883439,1438
801SB_P2B_250722,34.138369,-117.883546,1439
801SB_P2B_250722,34.13836,-117.883592,1440
801SB_P2B_250722,34.138339,-117.883699,1441
801SB_P2B_250722,34.138317,-117.883805,1442
801SB_P2B_250722,34.138295,-117.883912,1443
801SB_P2B_250722,34.138272,-117.884018,1444
801SB_P2B_250722,34.138249,-117.884124,1445
801SB_P2B_250722,34.138226,-117.88423,1446
801SB_P2B_250722,34.138203,-117.884336,1447
801SB_P2B_250722,34.138179,-117.884442,1448
801SB_P2B_250722,34.138161,-117.884524,1449
801SB_P2B_250722,34.138138,-117.88463,1450
801SB_P2B_250722,34.138115,-117.884737,1451
801SB_P2B_250722,34.138091,-117.884843,1452
801SB_P2B_250722,34.138068,-117.884949,1453
801SB_P2B_250722,34.138045,-117.885055,1454
801SB_P2B_250722,34.138021,-117.885161,1455
801SB_P2B_250722,34.137998,-117.885267,1456
801SB_P2B_250722,34.137975,-117.885373,1457
801SB_P2B_250722,34.137951,-117.885479,1458
801SB_P2B_250722,34.137928,-117.885585,1459
801SB_P2B_250722,34.137905,-117.885691,1460
801SB_P2B_250722,34.137881,-117.885797,1461
801SB_P2B_250722,34.137858,-117.885904,1462
801SB_P2B_250722,34.137835,-117.88601,1463
801SB_P2B_250722,34.137811,-117.886116,1464
801SB_P2B_250722,34.137788,-117.886222,1465
801SB_P2B_250722,34.137765,-117.886328,1466
801SB_P2B_250722,34.137741,-117.886434,1467
801SB_P2B_250722,34.137718,-117.88654,1468
801SB_P2B_250722,34.137695,-117.886646,1469
801SB_P2B_250722,34.137671,-117.886752,1470
801SB_P2B_250722,34.137648,-117.886858,1471
801SB_P2B_250722,34.137625,-117.886964,1472
801SB_P2B_250722,34.137601,-117.887071,1473
801SB_P2B_250722,34.137578,-117.887177,1474
801SB_P2B_250722,34.137555,-117.887283,1475
801SB_P2B_250722,34.137531,-117.887389,1476
801SB_P2B_250722,34.137508,-117.887495,1477
801SB_P2B_250722,34.137485,-117.887601,1478
801SB_P2B_250722,34.137463,-117.887701,1479
801SB_P2B_250722,34.137439,-117.887807,1480
801SB_P2B_250722,34.137416,-117.887913,1481
801SB_P2B_250722,34.137393,-117.888019,1482
801SB_P2B_250722,34.137369,-117.888125,1483
801SB_P2B_250722,34.137346,-117.888231,1484
801SB_P2B_250722,34.137323,-117.888338,1485
801SB_P2B_250722,34.137013,-117.890102,1486
801SB_P2B_250722,34.136978,-117.890437,1487
801SB_P2B_250722,34.136957,-117.890623,1488
801SB_P2B_250722,34.136921,-117.890987,1489
801SB_P2B_250722,34.136885,-117.891341,1490
801SB_P2B_250722,34.13683,-117.89187,1491
801SB_P2B_250722,34.136765,-117.892495,1492
801SB_P2B_250722,34.136708,-117.893057,1493
801SB_P2B_250722,34.136692,-117.893278,1494
801SB_P2B_250722,34.13664,-117.893964,1495
801SB_P2B_250722,34.136626,-117.894458,1496
801SB_P2B_250722,34.13662,-117.894684,1497
801SB_P2B_250722,34.136629,-117.895241,1498
801SB_P2B_250722,34.136635,-117.895601,1499
801SB_P2B_250722,34.136644,-117.896039,1500
801SB_P2B_250722,34.136673,-117.896683,1501
801SB_P2B_250722,34.136692,-117.897097,1502
801SB_P2B_250722,34.136714,-117.897573,1503
801SB_P2B_250722,34.136737,-117.898048,1504
801SB_P2B_250722,34.136757,-117.898535,1505
801SB_P2B_250722,34.136778,-117.898932,1506
801SB_P2B_250722,34.136802,-117.899447,1507
801SB_P2B_250722,34.136809,-117.899995,1508
801SB_P2B_250722,34.136812,-117.900393,1509
801SB_P2B_250722,34.136786,-117.901144,1510
801SB_P2B_250722,34.136688,-117.902358,1511
801SB_P2B_250722,34.136615,-117.903107,1512
801SB_P2B_250722,34.136541,-117.90383,1513
801SB_P2B_250722,34.13653,-117.90393,1514
801SB_P2B_250722,34.136464,-117.904417,1515
801SB_P2B_250722,34.136367,-117.904939,1516
801SB_P2B_250722,34.136219,-117.905516,1517
801SB_P2B_250722,34.135944,-117.90643,1518
801SB_P2B_250722,34.135786,-117.90696,1519
801SB_P2B_250722,34.135627,-117.907497,1520
801SB_P2B_250722,34.135575,-117.907663,1521
801SB_P2B_250722,34.135217,-117.908796,1522
801SB_P2B_250722,34.134901,-117.909736,1523
801SB_P2B_250722,34.134679,-117.910402,1524
801SB_P2B_250722,34.134444,-117.91117,1525
801SB_P2B_250722,34.134134,-117.912186,1526
801SB_P2B_250722,34.133923,-117.912883,1527
801SB_P2B_250722,34.133788,-117.913329,1528
801SB_P2B_250722,34.133706,-117.913597,1529
801SB_P2B_250722,34.133447,-117.914454,1530
801SB_P2B_250722,34.133199,-117.915273,1531
801SB_P2B_250722,34.132996,-117.915943,1532
801SB_P2B_250722,34.132638,-117.917116,1533
801SB_P2B_250722,34.132435,-117.91779,1534
801SB_P2B_250722,34.132176,-117.918631,1535
801SB_P2B_250722,34.131955,-117.919354,1536
801SB_P2B_250722,34.131826,-117.919779,1537
801SB_P2B_250722,34.131654,-117.920342,1538
801SB_P2B_250722,34.131462,-117.920967,1539
801SB_P2B_250722,34.131243,-117.921684,1540
801SB_P2B_250722,34.131013,-117.922434,1541
801SB_P2B_250722,34.13079,-117.92316,1542
801SB_P2B_250722,34.130558,-117.923921,1543
801SB_P2B_250722,34.130293,-117.924788,1544
801SB_P2B_250722,34.130256,-117.924905,1545
801SB_P2B_250722,34.130003,-117.925865,1546
801SB_P2B_250722,34.129817,-117.926703,1547
801SB_P2B_250722,34.129675,-117.927477,1548
801SB_P2B_250722,34.129667,-117.927527,1549
801SB_P2B_250722,34.129541,-117.928605,1550
801SB_P2B_250722,34.129421,-117.929639,1551
801SB_P2B_250722,34.129324,-117.930444,1552
801SB_P2B_250722,34.129214,-117.931327,1553
801SB_P2B_250722,34.129081,-117.932399,1554
801SB_P2B_250722,34.12901,-117.932972,1555
801SB_P2B_250722,34.128907,-117.933822,1556
801SB_P2B_250722,34.128807,-117.934657,1557
801SB_P2B_250722,34.128738,-117.935229,1558
801SB_P2B_250722,34.128609,-117.93632,1559
801SB_P2B_250722,34.128523,-117.937042,1560
801SB_P2B_250722,34.128417,-117.938012,1561
801SB_P2B_250722,34.128386,-117.938913,1562
801SB_P2B_250722,34.128413,-117.939749,1563
801SB_P2B_250722,34.128458,-117.940067,1564
801SB_P2B_250722,34.128511,-117.940483,1565
801SB_P2B_250722,34.128652,-117.941171,1566
801SB_P2B_250722,34.128773,-117.941651,1567
801SB_P2B_250722,34.128878,-117.941976,1568
801SB_P2B_250722,34.129074,-117.942545,1569
801SB_P2B_250722,34.129271,-117.943103,1570
801SB_P2B_250722,34.12946,-117.943645,1571
801SB_P2B_250722,34.129644,-117.944184,1572
801SB_P2B_250722,34.129797,-117.944624,1573
801SB_P2B_250722,34.129961,-117.945098,1574
801SB_P2B_250722,34.130242,-117.945898,1575
801SB_P2B_250722,34.130402,-117.946348,1576
801SB_P2B_250722,34.13056,-117.946781,1577
801SB_P2B_250722,34.130701,-117.947169,1578
801SB_P2B_250722,34.130884,-117.947677,1579
801SB_P2B_250722,34.13104,-117.948107,1580
801SB_P2B_250722,34.131239,-117.948661,1581
801SB_P2B_250722,34.132011,-117.950816,1582
801SB_P2B_250722,34.132129,-117.951162,1583
801SB_P2B_250722,34.132175,-117.951322,1584
801SB_P2B_250722,34.1323,-117.951759,1585
801SB_P2B_250722,34.132373,-117.952052,1586
801SB_P2B_250722,34.132451,-117.95247,1587
801SB_P2B_250722,34.132488,-117.952688,1588
801SB_P2B_250722,34.132521,-117.952943,1589
801SB_P2B_250722,34.132552,-117.953286,1590
801SB_P2B_250722,34.132565,-117.95344,1591
801SB_P2B_250722,34.132575,-117.953609,1592
801SB_P2B_250722,34.132578,-117.95375,1593
801SB_P2B_250722,34.132586,-117.954086,1594
801SB_P2B_250722,34.132584,-117.954939,1595
801SB_P2B_250722,34.132578,-117.955624,1596
801SB_P2B_250722,34.132579,-117.956262,1597
801SB_P2B_250722,34.132575,-117.957051,1598
801SB_P2B_250722,34.132571,-117.957622,1599
801SB_P2B_250722,34.132566,-117.958368,1600
801SB_P2B_250722,34.132565,-117.958837,1601
801SB_P2B_250722,34.132562,-117.959451,1602
801SB_P2B_250722,34.132557,-117.960284,1603
801SB_P2B_250722,34.132554,-117.960881,1604
801SB_P2B_250722,34.132552,-117.961468,1605
801SB_P2B_250722,34.132548,-117.962289,1606
801SB_P2B_250722,34.132544,-117.963099,1607
801SB_P2B_250722,34.132545,-117.963727,1608
801SB_P2B_250722,34.132547,-117.964344,1609
801SB_P2B_250722,34.132547,-117.96485,1610
801SB_P2B_250722,34.132549,-117.965538,1611
801SB_P2B_250722,34.132551,-117.966232,1612
801SB_P2B_250722,34.13255,-117.966573,1613
801SB_P2B_250722,34.13255,-117.966689,1614
801SB_P2B_250722,34.132548,-117.967513,1615
801SB_P2B_250722,34.132543,-117.968274,1616
801SB_P2B_250722,34.132538,-117.968913,1617
801SB_P2B_250722,34.13254,-117.969122,1618
801SB_P2B_250722,34.132537,-117.969297,1619
801SB_P2B_250722,34.13253,-117.969614,1620
801SB_P2B_250722,34.132527,-117.96989,1621
801SB_P2B_250722,34.132521,-117.970781,1622
801SB_P2B_250722,34.132517,-117.97168,1623
801SB_P2B_250722,34.13251,-117.972431,1624
801SB_P2B_250722,34.132504,-117.973298,1625
801SB_P2B_250722,34.1325,-117.974067,1626
801SB_P2B_250722,34.132497,-117.974627,1627
801SB_P2B_250722,34.13249,-117.975346,1628
801SB_P2B_250722,34.132487,-117.976194,1629
801SB_P2B_250722,34.132482,-117.976883,1630
801SB_P2B_250722,34.132478,-117.977569,1631
801SB_P2B_250722,34.132473,-117.978317,1632
801SB_P2B_250722,34.13247,-117.979056,1633
801SB_P2B_250722,34.132468,-117.979603,1634
801SB_P2B_250722,34.132463,-117.979967,1635
801SB_P2B_250722,34.132463,-117.980455,1636
801SB_P2B_250722,34.13246,-117.981082,1637
801SB_P2B_250722,34.132457,-117.981419,1638
801SB_P2B_250722,34.132455,-117.981953,1639
801SB_P2B_250722,34.13245,-117.982628,1640
801SB_P2B_250722,34.132444,-117.983329,1641
801SB_P2B_250722,34.132437,-117.984285,1642
801SB_P2B_250722,34.13243,-117.985059,1643
801SB_P2B_250722,34.132424,-117.985866,1644
801SB_P2B_250722,34.13242,-117.986335,1645
801SB_P2B_250722,34.132416,-117.987151,1646
801SB_P2B_250722,34.132411,-117.987811,1647
801SB_P2B_250722,34.132411,-117.988414,1648
801SB_P2B_250722,34.132411,-117.989005,1649
801SB_P2B_250722,34.132408,-117.98919,1650
801SB_P2B_250722,34.132407,-117.989306,1651
801SB_P2B_250722,34.1324,-117.990225,1652
801SB_P2B_250722,34.132396,-117.991196,1653
801SB_P2B_250722,34.132396,-117.991917,1654
801SB_P2B_250722,34.132394,-117.992779,1655
801SB_P2B_250722,34.132391,-117.993469,1656
801SB_P2B_250722,34.132392,-117.994329,1657
801SB_P2B_250722,34.132388,-117.995005,1658
801SB_P2B_250722,34.132387,-117.995773,1659
801SB_P2B_250722,34.132383,-117.996451,1660
801SB_P2B_250722,34.132379,-117.997296,1661
801SB_P2B_250722,34.132375,-117.99822,1662
801SB_P2B_250722,34.132371,-117.99886,1663
801SB_P2B_250722,34.132386,-117.999331,1664
801SB_P2B_250722,34.132415,-117.999731,1665
801SB_P2B_250722,34.132481,-118.000206,1666
801SB_P2B_250722,34.132572,-118.000832,1667
801SB_P2B_250722,34.132683,-118.00154,1668
801SB_P2B_250722,34.132745,-118.001848,1669
801SB_P2B_250722,34.132876,-118.002387,1670
801SB_P2B_250722,34.132911,-118.002526,1671
801SB_P2B_250722,34.133066,-118.003086,1672
801SB_P2B_250722,34.133186,-118.003528,1673
801SB_P2B_250722,34.133329,-118.00403,1674
801SB_P2B_250722,34.133477,-118.004575,1675
801SB_P2B_250722,34.13363,-118.005134,1676
801SB_P2B_250722,34.133763,-118.00562,1677
801SB_P2B_250722,34.133896,-118.006104,1678
801SB_P2B_250722,34.134052,-118.006681,1679
801SB_P2B_250722,34.134177,-118.007136,1680
801SB_P2B_250722,34.134293,-118.007563,1681
801SB_P2B_250722,34.134331,-118.0077,1682
801SB_P2B_250722,34.134383,-118.007877,1683
801SB_P2B_250722,34.134439,-118.008085,1684
801SB_P2B_250722,34.134576,-118.008593,1685
801SB_P2B_250722,34.134757,-118.009259,1686
801SB_P2B_250722,34.134826,-118.009514,1687
801SB_P2B_250722,34.134994,-118.010126,1688
801SB_P2B_250722,34.135141,-118.010653,1689
801SB_P2B_250722,34.135282,-118.011174,1690
801SB_P2B_250722,34.135443,-118.011752,1691
801SB_P2B_250722,34.135595,-118.012313,1692
801SB_P2B_250722,34.135782,-118.012996,1693
801SB_P2B_250722,34.135936,-118.013559,1694
801SB_P2B_250722,34.13608,-118.014094,1695
801SB_P2B_250722,34.136302,-118.014904,1696
801SB_P2B_250722,34.13646,-118.015483,1697
801SB_P2B_250722,34.136606,-118.016021,1698
801SB_P2B_250722,34.136764,-118.016594,1699
801SB_P2B_250722,34.136832,-118.016857,1700
801SB_P2B_250722,34.137049,-118.017637,1701
801SB_P2B_250722,34.137208,-118.018214,1702
801SB_P2B_250722,34.13736,-118.018759,1703
801SB_P2B_250722,34.13761,-118.019663,1704
801SB_P2B_250722,34.137816,-118.0204,1705
801SB_P2B_250722,34.137861,-118.020568,1706
801SB_P2B_250722,34.137879,-118.020623,1707
801SB_P2B_250722,34.138032,-118.021078,1708
801SB_P2B_250722,34.138213,-118.021512,1709
801SB_P2B_250722,34.138255,-118.0216,1710
801SB_P2B_250722,34.13857,-118.022241,1711
801SB_P2B_250722,34.138619,-118.022341,1712
801SB_P2B_250722,34.138885,-118.022829,1713
801SB_P2B_250722,34.139306,-118.023486,1714
801SB_P2B_250722,34.13966,-118.024093,1715
801SB_P2B_250722,34.140015,-118.024701,1716
801SB_P2B_250722,34.140251,-118.025065,1717
801SB_P2B_250722,34.140679,-118.025734,1718
801SB_P2B_250722,34.141132,-118.026439,1719
801SB_P2B_250722,34.141509,-118.02703,1720
801SB_P2B_250722,34.141899,-118.02764,1721
801SB_P2B_250722,34.142226,-118.02815,1722
801SB_P2B_250722,34.142573,-118.028695,1723
801SB_P2B_250722,34.1429,-118.029204,1724
801SB_P2B_250722,34.143429,-118.030031,1725
801SB_P2B_250722,34.143938,-118.030828,1726
801SB_P2B_250722,34.144243,-118.031302,1727
801SB_P2B_250722,34.144519,-118.031741,1728
801SB_P2B_250722,34.144929,-118.032385,1729
801SB_P2B_250722,34.145395,-118.033119,1730
801SB_P2B_250722,34.145577,-118.033408,1731
801SB_P2B_250722,34.146051,-118.034139,1732
801SB_P2B_250722,34.146451,-118.034758,1733
801SB_P2B_250722,34.146869,-118.035417,1734
801SB_P2B_250722,34.147177,-118.035906,1735
801SB_P2B_250722,34.147312,-118.036143,1736
801SB_P2B_250722,34.147446,-118.036383,1737
801SB_P2B_250722,34.14753,-118.036546,1738
801SB_P2B_250722,34.147611,-118.036707,1739
801SB_P2B_250722,34.147689,-118.036861,1740
801SB_P2B_250722,34.147932,-118.037446,1741
801SB_P2B_250722,34.148196,-118.038091,1742
801SB_P2B_250722,34.148393,-118.038597,1743
801SB_P2B_250722,34.148555,-118.039089,1744
801SB_P2B_250722,34.148664,-118.039509,1745
801SB_P2B_250722,34.148718,-118.039755,1746
801SB_P2B_250722,34.148752,-118.039906,1747
801SB_P2B_250722,34.148844,-118.04056,1748
801SB_P2B_250722,34.148874,-118.040878,1749
801SB_P2B_250722,34.148894,-118.041343,1750
801SB_P2B_250722,34.148895,-118.042334,1751
801SB_P2B_250722,34.148895,-118.042903,1752
801SB_P2B_250722,34.148888,-118.043602,1753
801SB_P2B_250722,34.148882,-118.044578,1754
801SB_P2B_250722,34.148874,-118.045721,1755
801SB_P2B_250722,34.148872,-118.046398,1756
801SB_P2B_250722,34.148865,-118.047154,1757
801SB_P2B_250722,34.14886,-118.047894,1758
801SB_P2B_250722,34.148855,-118.048743,1759
801SB_P2B_250722,34.14885,-118.049525,1760
801SB_P2B_250722,34.148848,-118.050059,1761
801SB_P2B_250722,34.148843,-118.050423,1762
801SB_P2B_250722,34.148838,-118.051315,1763
801SB_P2B_250722,34.148833,-118.05217,1764
801SB_P2B_250722,34.148828,-118.052959,1765
801SB_P2B_250722,34.148823,-118.053808,1766
801SB_P2B_250722,34.148817,-118.054627,1767
801SB_P2B_250722,34.148813,-118.055485,1768
801SB_P2B_250722,34.148807,-118.056342,1769
801SB_P2B_250722,34.148803,-118.057411,1770
801SB_P2B_250722,34.148794,-118.058937,1771
801SB_P2B_250722,34.148788,-118.060049,1772
801SB_P2B_250722,34.148783,-118.060893,1773
801SB_P2B_250722,34.148777,-118.061744,1774
801SB_P2B_250722,34.148772,-118.062877,1775
801SB_P2B_250722,34.148763,-118.063975,1776
801SB_P2B_250722,34.148755,-118.065075,1777
801SB_P2B_250722,34.148744,-118.066085,1778
801SB_P2B_250722,34.148736,-118.067036,1779
801SB_P2B_250722,34.148734,-118.067608,1780
801SB_P2B_250722,34.148733,-118.067949,1781
801SB_P2B_250722,34.148723,-118.06908,1782
801SB_P2B_250722,34.148719,-118.069495,1783
801SB_P2B_250722,34.148694,-118.070039,1784
801SB_P2B_250722,34.14867,-118.070502,1785
801SB_P2B_250722,34.148628,-118.071033,1786
801SB_P2B_250722,34.148601,-118.071345,1787
801SB_P2B_250722,34.148551,-118.07186,1788
801SB_P2B_250722,34.148517,-118.072207,1789
801SB_P2B_250722,34.1484,-118.073204,1790
801SB_P2B_250722,34.148345,-118.073609,1791
801SB_P2B_250722,34.148297,-118.073956,1792
801SB_P2B_250722,34.14817,-118.074911,1793
801SB_P2B_250722,34.14805,-118.075855,1794
801SB_P2B_250722,34.147983,-118.076577,1795
801SB_P2B_250722,34.147928,-118.077495,1796
801SB_P2B_250722,34.147898,-118.078213,1797
801SB_P2B_250722,34.147878,-118.078777,1798
801SB_P2B_250722,34.147857,-118.079496,1799
801SB_P2B_250722,34.147828,-118.080537,1800
801SB_P2B_250722,34.147809,-118.081222,1801
801SB_P2B_250722,34.147795,-118.081724,1802
801SB_P2B_250722,34.147773,-118.082316,1803
801SB_P2B_250722,34.14776,-118.082689,1804
801SB_P2B_250722,34.14776,-118.082876,1805
801SB_P2B_250722,34.147771,-118.083211,1806
801SB_P2B_250722,34.147801,-118.083571,1807
801SB_P2B_250722,34.147827,-118.083779,1808
801SB_P2B_250722,34.147863,-118.084024,1809
801SB_P2B_250722,34.147906,-118.084268,1810
801SB_P2B_250722,34.147954,-118.084487,1811
801SB_P2B_250722,34.14801,-118.084717,1812
801SB_P2B_250722,34.148047,-118.084857,1813
801SB_P2B_250722,34.148089,-118.084998,1814
801SB_P2B_250722,34.148167,-118.085242,1815
801SB_P2B_250722,34.148255,-118.085485,1816
801SB_P2B_250722,34.148329,-118.085672,1817
801SB_P2B_250722,34.148386,-118.085802,1818
801SB_P2B_250722,34.148446,-118.085933,1819
801SB_P2B_250722,34.148583,-118.086208,1820
801SB_P2B_250722,34.148737,-118.0865,1821
801SB_P2B_250722,34.149063,-118.087101,1822
801SB_P2B_250722,34.149245,-118.08742,1823
801SB_P2B_250722,34.149306,-118.087523,1824
801SB_P2B_250722,34.149361,-118.087608,1825
801SB_P2B_250722,34.1494,-118.087669,1826
801SB_P2B_250722,34.149574,-118.08791,1827
801SB_P2B_250722,34.149683,-118.088051,1828
801SB_P2B_250722,34.14977,-118.088164,1829
801SB_P2B_250722,34.15024,-118.088778,1830
801SB_P2B_250722,34.150439,-118.089036,1831
801SB_P2B_250722,34.150542,-118.089172,1832
801SB_P2B_250722,34.150704,-118.089396,1833
801SB_P2B_250722,34.150829,-118.08957,1834
801SB_P2B_250722,34.150934,-118.089735,1835
801SB_P2B_250722,34.151005,-118.089845,1836
801SB_P2B_250722,34.1511,-118.08999,1837
801SB_P2B_250722,34.151196,-118.090159,1838
801SB_P2B_250722,34.151326,-118.090389,1839
801SB_P2B_250722,34.151435,-118.090599,1840
801SB_P2B_250722,34.151499,-118.090728,1841
801SB_P2B_250722,34.151623,-118.090988,1842
801SB_P2B_250722,34.151712,-118.091192,1843
801SB_P2B_250722,34.151793,-118.091387,1844
801SB_P2B_250722,34.151861,-118.091561,1845
801SB_P2B_250722,34.151986,-118.09191,1846
801SB_P2B_250722,34.152052,-118.092112,1847
801SB_P2B_250722,34.152082,-118.092201,1848
801SB_P2B_250722,34.152182,-118.092545,1849
801SB_P2B_250722,34.15223,-118.092736,1850
801SB_P2B_250722,34.152265,-118.092869,1851
801SB_P2B_250722,34.152314,-118.093083,1852
801SB_P2B_250722,34.152357,-118.093296,1853
801SB_P2B_250722,34.152403,-118.093548,1854
801SB_P2B_250722,34.15244,-118.093766,1855
801SB_P2B_250722,34.152464,-118.093951,1856
801SB_P2B_250722,34.152498,-118.094233,1857
801SB_P2B_250722,34.152521,-118.094462,1858
801SB_P2B_250722,34.152534,-118.094629,1859
801SB_P2B_250722,34.152546,-118.094863,1860
801SB_P2B_250722,34.152556,-118.095086,1861
801SB_P2B_250722,34.152562,-118.095375,1862
801SB_P2B_250722,34.152561,-118.096263,1863
801SB_P2B_250722,34.152561,-118.096442,1864
801SB_P2B_250722,34.152559,-118.096839,1865
801SB_P2B_250722,34.152557,-118.097132,1866
801SB_P2B_250722,34.152554,-118.097419,1867
801SB_P2B_250722,34.152551,-118.097668,1868
801SB_P2B_250722,34.152549,-118.098203,1869
801SB_P2B_250722,34.152543,-118.098845,1870
801SB_P2B_250722,34.152542,-118.099117,1871
801SB_P2B_250722,34.152541,-118.099359,1872
801SB_P2B_250722,34.152541,-118.099675,1873
801SB_P2B_250722,34.152541,-118.099918,1874
801SB_P2B_250722,34.152537,-118.100198,1875
801SB_P2B_250722,34.152537,-118.100547,1876
801SB_P2B_250722,34.152535,-118.100977,1877
801SB_P2B_250722,34.15253,-118.101687,1878
801SB_P2B_250722,34.152523,-118.102696,1879
801SB_P2B_250722,34.152522,-118.103491,1880
801SB_P2B_250722,34.152516,-118.104197,1881
801SB_P2B_250722,34.15251,-118.104954,1882
801SB_P2B_250722,34.152505,-118.105656,1883
801SB_P2B_250722,34.152502,-118.105989,1884
801SB_P2B_250722,34.152497,-118.106506,1885
801SB_P2B_250722,34.152496,-118.107195,1886
801SB_P2B_250722,34.152493,-118.107719,1887
801SB_P2B_250722,34.152489,-118.108043,1888
801SB_P2B_250722,34.152487,-118.108333,1889
801SB_P2B_250722,34.152487,-118.108731,1890
801SB_P2B_250722,34.152484,-118.108912,1891
801SB_P2B_250722,34.152487,-118.109176,1892
801SB_P2B_250722,34.152482,-118.109738,1893
801SB_P2B_250722,34.152476,-118.110533,1894
801SB_P2B_250722,34.152476,-118.111148,1895
801SB_P2B_250722,34.152478,-118.111456,1896
801SB_P2B_250722,34.152474,-118.111856,1897
801SB_P2B_250722,34.152472,-118.112234,1898
801SB_P2B_250722,34.15247,-118.112469,1899
801SB_P2B_250722,34.152465,-118.112876,1900
801SB_P2B_250722,34.152457,-118.113494,1901
801SB_P2B_250722,34.15245,-118.114114,1902
801SB_P2B_250722,34.152444,-118.114418,1903
801SB_P2B_250722,34.152439,-118.114645,1904
801SB_P2B_250722,34.152417,-118.115563,1905
801SB_P2B_250722,34.152394,-118.116277,1906
801SB_P2B_250722,34.152385,-118.11649,1907
801SB_P2B_250722,34.152374,-118.116817,1908
801SB_P2B_250722,34.152369,-118.117049,1909
801SB_P2B_250722,34.152361,-118.117575,1910
801SB_P2B_250722,34.152349,-118.118278,1911
801SB_P2B_250722,34.15233,-118.119314,1912
801SB_P2B_250722,34.152318,-118.120107,1913
801SB_P2B_250722,34.152298,-118.121031,1914
801SB_P2B_250722,34.152298,-118.121124,1915
801SB_P2B_250722,34.152287,-118.121668,1916
801SB_P2B_250722,34.152279,-118.122012,1917
801SB_P2B_250722,34.152269,-118.122527,1918
801SB_P2B_250722,34.15225,-118.123162,1919
801SB_P2B_250722,34.152239,-118.123356,1920
801SB_P2B_250722,34.152226,-118.12361,1921
801SB_P2B_250722,34.152207,-118.123852,1922
801SB_P2B_250722,34.152163,-118.124358,1923
801SB_P2B_250722,34.152128,-118.124763,1924
801SB_P2B_250722,34.15208,-118.125291,1925
801SB_P2B_250722,34.152041,-118.125723,1926
801SB_P2B_250722,34.152017,-118.125975,1927
801SB_P2B_250722,34.151985,-118.126318,1928
801SB_P2B_250722,34.151947,-118.126705,1929
801SB_P2B_250722,34.151925,-118.126999,1930
801SB_P2B_250722,34.151906,-118.127284,1931
801SB_P2B_250722,34.151889,-118.127591,1932
801SB_P2B_250722,34.151877,-118.127825,1933
801SB_P2B_250722,34.151866,-118.128059,1934
801SB_P2B_250722,34.15185,-118.128549,1935
801SB_P2B_250722,34.151841,-118.128933,1936
801SB_P2B_250722,34.151836,-118.129166,1937
801SB_P2B_250722,34.151837,-118.129714,1938
801SB_P2B_250722,34.151834,-118.130361,1939
801SB_P2B_250722,34.151838,-118.130595,1940
801SB_P2B_250722,34.151837,-118.130888,1941
801SB_P2B_250722,34.151838,-118.132302,1942
801SB_P2B_250722,34.151843,-118.133374,1943
801SB_P2B_250722,34.151844,-118.133998,1944
801SB_P2B_250722,34.151843,-118.134574,1945
801SB_P2B_250722,34.151844,-118.135126,1946
801SB_P2B_250722,34.151847,-118.135533,1947
801SB_P2B_250722,34.151849,-118.135854,1948
801SB_P2B_250722,34.151852,-118.136456,1949
801SB_P2B_250722,34.151852,-118.136982,1950
801SB_P2B_250722,34.151852,-118.137553,1951
801SB_P2B_250722,34.151857,-118.138125,1952
801SB_P2B_250722,34.151856,-118.138599,1953
801SB_P2B_250722,34.15186,-118.139227,1954
801SB_P2B_250722,34.151862,-118.139705,1955
801SB_P2B_250722,34.15186,-118.140181,1956
801SB_P2B_250722,34.151861,-118.140732,1957
801SB_P2B_250722,34.151864,-118.141193,1958
801SB_P2B_250722,34.151865,-118.141747,1959
801SB_P2B_250722,34.151866,-118.142437,1960
801SB_P2B_250722,34.151868,-118.142982,1961
801SB_P2B_250722,34.15187,-118.143543,1962
801SB_P2B_250722,34.15187,-118.144253,1963
801SB_P2B_250722,34.151866,-118.144555,1964
801SB_P2B_250722,34.151859,-118.144667,1965
801SB_P2B_250722,34.151833,-118.144943,1966
801SB_P2B_250722,34.151805,-118.145158,1967
801SB_P2B_250722,34.151782,-118.145285,1968
801SB_P2B_250722,34.151754,-118.145408,1969
801SB_P2B_250722,34.151728,-118.145484,1970
801SB_P2B_250722,34.151688,-118.14558,1971
801SB_P2B_250722,34.151651,-118.145653,1972
801SB_P2B_250722,34.151592,-118.145751,1973
801SB_P2B_250722,34.151559,-118.145794,1974
801SB_P2B_250722,34.151497,-118.145865,1975
801SB_P2B_250722,34.151414,-118.145951,1976
801SB_P2B_250722,34.151372,-118.145993,1977
801SB_P2B_250722,34.151304,-118.146046,1978
801SB_P2B_250722,34.151203,-118.146111,1979
801SB_P2B_250722,34.15108,-118.146181,1980
801SB_P2B_250722,34.150952,-118.146255,1981
801SB_P2B_250722,34.150925,-118.146271,1982
801SB_P2B_250722,34.150763,-118.146359,1983
801SB_P2B_250722,34.150567,-118.146451,1984
801SB_P2B_250722,34.150418,-118.146524,1985
801SB_P2B_250722,34.150192,-118.14663,1986
801SB_P2B_250722,34.150065,-118.146695,1987
801SB_P2B_250722,34.149848,-118.146798,1988
801SB_P2B_250722,34.149624,-118.146896,1989
801SB_P2B_250722,34.149012,-118.147213,1990
801SB_P2B_250722,34.148559,-118.147449,1991
801SB_P2B_250722,34.148201,-118.147632,1992
801SB_P2B_250722,34.147923,-118.147772,1993
801SB_P2B_250722,34.147544,-118.147976,1994
801SB_P2B_250722,34.14743,-118.148044,1995
801SB_P2B_250722,34.147397,-118.148063,1996
801SB_P2B_250722,34.147364,-118.148079,1997
801SB_P2B_250722,34.147333,-118.148097,1998
801SB_P2B_250722,34.1473,-118.148112,1999
801SB_P2B_250722,34.147267,-118.148129,2000
801SB_P2B_250722,34.147234,-118.148144,2001
801SB_P2B_250722,34.1472,-118.148159,2002
801SB_P2B_250722,34.147164,-118.148171,2003
801SB_P2B_250722,34.147131,-118.148183,2004
801SB_P2B_250722,34.147098,-118.148193,2005
801SB_P2B_250722,34.147062,-118.148203,2006
801SB_P2B_250722,34.147027,-118.148212,2007
801SB_P2B_250722,34.146992,-118.148218,2008
801SB_P2B_250722,34.146958,-118.148223,2009
801SB_P2B_250722,34.146921,-118.148229,2010
801SB_P2B_250722,34.146887,-118.14823,2011
801SB_P2B_250722,34.146851,-118.148234,2012
801SB_P2B_250722,34.143506,-118.148226,2013
801SB_P2B_250722,34.142545,-118.148236,2014
801SB_P2B_250722,34.141232,-118.148234,2015
801SB_P2B_250722,34.140829,-118.148224,2016
801SB_P2B_250722,34.140665,-118.148216,2017
801SB_P2B_250722,34.13998,-118.148184,2018
801SB_P2B_250722,34.139428,-118.148176,2019
801SB_P2B_250722,34.138259,-118.148167,2020
801SB_P2B_250722,34.136787,-118.148153,2021
801SB_P2B_250722,34.136267,-118.14815,2022
801SB_P2B_250722,34.135702,-118.148145,2023
801SB_P2B_250722,34.13463,-118.148137,2024
801SB_P2B_250722,34.134474,-118.148144,2025
801SB_P2B_250722,34.134349,-118.148154,2026
801SB_P2B_250722,34.13423,-118.148159,2027
801SB_P2B_250722,34.134096,-118.148166,2028
801SB_P2B_250722,34.133962,-118.148167,2029
801SB_P2B_250722,34.132971,-118.148155,2030
801SB_P2B_250722,34.132079,-118.148117,2031
801SB_P2B_250722,34.13118,-118.148102,2032
801SB_P2B_250722,34.13011,-118.148091,2033
801SB_P2B_250722,34.128641,-118.148078,2034
801SB_P2B_250722,34.12822,-118.148078,2035
801SB_P2B_250722,34.127647,-118.148071,2036
801SB_P2B_250722,34.127384,-118.148068,2037
801SB_P2B_250722,34.127213,-118.148078,2038
801SB_P2B_250722,34.127173,-118.148083,2039
801SB_P2B_250722,34.12711,-118.148095,2040
801SB_P2B_250722,34.127043,-118.148112,2041
801SB_P2B_250722,34.126988,-118.148127,2042
801SB_P2B_250722,34.126922,-118.148153,2043
801SB_P2B_250722,34.126823,-118.148197,2044
801SB_P2B_250722,34.126748,-118.148233,2045
801SB_P2B_250722,34.126677,-118.14828,2046
801SB_P2B_250722,34.126638,-118.148308,2047
801SB_P2B_250722,34.126565,-118.148365,2048
801SB_P2B_250722,34.126522,-118.148401,2049
801SB_P2B_250722,34.126479,-118.14844,2050
801SB_P2B_250722,34.126327,-118.148585,2051
801SB_P2B_250722,34.125986,-118.148937,2052
801SB_P2B_250722,34.125912,-118.149023,2053
801SB_P2B_250722,34.125758,-118.14921,2054
801SB_P2B_250722,34.125593,-118.149411,2055
801SB_P2B_250722,34.125344,-118.149719,2056
801SB_P2B_250722,34.125281,-118.149798,2057
801SB_P2B_250722,34.12519,-118.149909,2058
801SB_P2B_250722,34.125101,-118.15001,2059
801SB_P2B_250722,34.12503,-118.150086,2060
801SB_P2B_250722,34.124952,-118.150164,2061
801SB_P2B_250722,34.124903,-118.150212,2062
801SB_P2B_250722,34.124816,-118.150284,2063
801SB_P2B_250722,34.124735,-118.150343,2064
801SB_P2B_250722,34.124587,-118.150446,2065
801SB_P2B_250722,34.124495,-118.150503,2066
801SB_P2B_250722,34.12443,-118.15054,2067
801SB_P2B_250722,34.124266,-118.150616,2068
801SB_P2B_250722,34.12413,-118.15067,2069
801SB_P2B_250722,34.124095,-118.150682,2070
801SB_P2B_250722,34.123976,-118.150717,2071
801SB_P2B_250722,34.123812,-118.150758,2072
801SB_P2B_250722,34.123667,-118.150787,2073
801SB_P2B_250722,34.123523,-118.150807,2074
801SB_P2B_250722,34.123412,-118.150819,2075
801SB_P2B_250722,34.123313,-118.150828,2076
801SB_P2B_250722,34.123214,-118.150829,2077
801SB_P2B_250722,34.12305,-118.150825,2078
801SB_P2B_250722,34.122903,-118.150816,2079
801SB_P2B_250722,34.12273,-118.150795,2080
801SB_P2B_250722,34.122568,-118.150775,2081
801SB_P2B_250722,34.122441,-118.150759,2082
801SB_P2B_250722,34.122288,-118.150746,2083
801SB_P2B_250722,34.122139,-118.150732,2084
801SB_P2B_250722,34.122017,-118.150723,2085
801SB_P2B_250722,34.121933,-118.150722,2086
801SB_P2B_250722,34.121857,-118.150725,2087
801SB_P2B_250722,34.121778,-118.150733,2088
801SB_P2B_250722,34.121659,-118.15075,2089
801SB_P2B_250722,34.121553,-118.150769,2090
801SB_P2B_250722,34.121425,-118.1508,2091
801SB_P2B_250722,34.121272,-118.150843,2092
801SB_P2B_250722,34.121175,-118.150873,2093
801SB_P2B_250722,34.12107,-118.150914,2094
801SB_P2B_250722,34.120957,-118.150956,2095
801SB_P2B_250722,34.120837,-118.151006,2096
801SB_P2B_250722,34.120704,-118.151067,2097
801SB_P2B_250722,34.120639,-118.151099,2098
801SB_P2B_250722,34.120561,-118.15114,2099
801SB_P2B_250722,34.120483,-118.151185,2100
801SB_P2B_250722,34.120421,-118.151225,2101
801SB_P2B_250722,34.120318,-118.151291,2102
801SB_P2B_250722,34.120254,-118.15134,2103
801SB_P2B_250722,34.120198,-118.151383,2104
801SB_P2B_250722,34.120094,-118.151476,2105
801SB_P2B_250722,34.120004,-118.151565,2106
801SB_P2B_250722,34.119949,-118.151627,2107
801SB_P2B_250722,34.119902,-118.15168,2108
801SB_P2B_250722,34.119858,-118.151733,2109
801SB_P2B_250722,34.119794,-118.151816,2110
801SB_P2B_250722,34.11974,-118.151889,2111
801SB_P2B_250722,34.119681,-118.151974,2112
801SB_P2B_250722,34.11963,-118.152051,2113
801SB_P2B_250722,34.119557,-118.152153,2114
801SB_P2B_250722,34.119429,-118.152355,2115
801SB_P2B_250722,34.119318,-118.152522,2116
801SB_P2B_250722,34.119264,-118.152599,2117
801SB_P2B_250722,34.11897,-118.152982,2118
801SB_P2B_250722,34.118824,-118.153174,2119
801SB_P2B_250722,34.118572,-118.153477,2120
801SB_P2B_250722,34.118458,-118.153622,2121
801SB_P2B_250722,34.118358,-118.153746,2122
801SB_P2B_250722,34.118268,-118.153858,2123
801SB_P2B_250722,34.11821,-118.153937,2124
801SB_P2B_250722,34.118126,-118.154049,2125
801SB_P2B_250722,34.118032,-118.154176,2126
801SB_P2B_250722,34.117937,-118.154301,2127
801SB_P2B_250722,34.117786,-118.154503,2128
801SB_P2B_250722,34.117445,-118.15496,2129
801SB_P2B_250722,34.117194,-118.155304,2130
801SB_P2B_250722,34.117034,-118.155527,2131
801SB_P2B_250722,34.116931,-118.15567,2132
801SB_P2B_250722,34.116616,-118.156101,2133
801SB_P2B_250722,34.1165,-118.15626,2134
801SB_P2B_250722,34.116116,-118.15677,2135
801SB_P2B_250722,34.115846,-118.157113,2136
801SB_P2B_250722,34.115738,-118.157248,2137
801SB_P2B_250722,34.11571,-118.15728,2138
801SB_P2B_250722,34.11562,-118.157388,2139
801SB_P2B_250722,34.115327,-118.157737,2140
801SB_P2B_250722,34.115082,-118.158023,2141
801SB_P2B_250722,34.114804,-118.158334,2142
801SB_P2B_250722,34.114565,-118.158597,2143
801SB_P2B_250722,34.114117,-118.159069,2144
801SB_P2B_250722,34.113916,-118.159279,2145
801SB_P2B_250722,34.113726,-118.159484,2146
801SB_P2B_250722,34.113504,-118.15972,2147
801SB_P2B_250722,34.11341,-118.159824,2148
801SB_P2B_250722,34.113342,-118.159906,2149
801SB_P2B_250722,34.113273,-118.159991,2150
801SB_P2B_250722,34.113205,-118.160081,2151
801SB_P2B_250722,34.113175,-118.160122,2152
801SB_P2B_250722,34.113106,-118.160229,2153
801SB_P2B_250722,34.113063,-118.1603,2154
801SB_P2B_250722,34.11301,-118.160402,2155
801SB_P2B_250722,34.112989,-118.160438,2156
801SB_P2B_250722,34.112963,-118.160487,2157
801SB_P2B_250722,34.112929,-118.16055,2158
801SB_P2B_250722,34.112894,-118.160623,2159
801SB_P2B_250722,34.112856,-118.160719,2160
801SB_P2B_250722,34.112824,-118.160798,2161
801SB_P2B_250722,34.112794,-118.160883,2162
801SB_P2B_250722,34.112771,-118.160951,2163
801SB_P2B_250722,34.112741,-118.16104,2164
801SB_P2B_250722,34.112724,-118.161102,2165
801SB_P2B_250722,34.112697,-118.161205,2166
801SB_P2B_250722,34.112677,-118.161285,2167
801SB_P2B_250722,34.112661,-118.16136,2168
801SB_P2B_250722,34.112642,-118.161464,2169
801SB_P2B_250722,34.112628,-118.161546,2170
801SB_P2B_250722,34.112619,-118.16162,2171
801SB_P2B_250722,34.112604,-118.161739,2172
801SB_P2B_250722,34.112595,-118.161847,2173
801SB_P2B_250722,34.112584,-118.162004,2174
801SB_P2B_250722,34.112574,-118.162146,2175
801SB_P2B_250722,34.112562,-118.162311,2176
801SB_P2B_250722,34.112524,-118.162829,2177
801SB_P2B_250722,34.112475,-118.163479,2178
801SB_P2B_250722,34.112434,-118.164065,2179
801SB_P2B_250722,34.11239,-118.164684,2180
801SB_P2B_250722,34.112348,-118.165319,2181
801SB_P2B_250722,34.112312,-118.165863,2182
801SB_P2B_250722,34.112225,-118.167075,2183
801SB_P2B_250722,34.112201,-118.167453,2184
801SB_P2B_250722,34.112151,-118.16816,2185
801SB_P2B_250722,34.112107,-118.168773,2186
801SB_P2B_250722,34.112066,-118.169415,2187
801SB_P2B_250722,34.112023,-118.170003,2188
801SB_P2B_250722,34.111987,-118.170457,2189
801SB_P2B_250722,34.111972,-118.170601,2190
801SB_P2B_250722,34.11195,-118.170779,2191
801SB_P2B_250722,34.111925,-118.17095,2192
801SB_P2B_250722,34.111902,-118.171087,2193
801SB_P2B_250722,34.111876,-118.17124,2194
801SB_P2B_250722,34.111842,-118.171401,2195
801SB_P2B_250722,34.111794,-118.171608,2196
801SB_P2B_250722,34.111747,-118.171795,2197
801SB_P2B_250722,34.111711,-118.171926,2198
801SB_P2B_250722,34.111389,-118.172975,2199
801SB_P2B_250722,34.111234,-118.173481,2200
801SB_P2B_250722,34.1112,-118.173598,2201
801SB_P2B_250722,34.111159,-118.173732,2202
801SB_P2B_250722,34.111115,-118.173883,2203
801SB_P2B_250722,34.111082,-118.173999,2204
801SB_P2B_250722,34.111019,-118.174231,2205
801SB_P2B_250722,34.110968,-118.174426,2206
801SB_P2B_250722,34.110879,-118.174779,2207
801SB_P2B_250722,34.110785,-118.175187,2208
801SB_P2B_250722,34.110753,-118.175331,2209
801SB_P2B_250722,34.110713,-118.175515,2210
801SB_P2B_250722,34.110664,-118.175765,2211
801SB_P2B_250722,34.110511,-118.176602,2212
801SB_P2B_250722,34.110403,-118.177204,2213
801SB_P2B_250722,34.110282,-118.177886,2214
801SB_P2B_250722,34.110159,-118.17857,2215
801SB_P2B_250722,34.11008,-118.17903,2216
801SB_P2B_250722,34.11005,-118.17924,2217
801SB_P2B_250722,34.110033,-118.179385,2218
801SB_P2B_250722,34.110022,-118.179494,2219
801SB_P2B_250722,34.110009,-118.179641,2220
801SB_P2B_250722,34.109999,-118.179804,2221
801SB_P2B_250722,34.109993,-118.179954,2222
801SB_P2B_250722,34.109991,-118.180027,2223
801SB_P2B_250722,34.109991,-118.180146,2224
801SB_P2B_250722,34.109993,-118.18028,2225
801SB_P2B_250722,34.110002,-118.180471,2226
801SB_P2B_250722,34.11001,-118.180611,2227
801SB_P2B_250722,34.110023,-118.180759,2228
801SB_P2B_250722,34.110036,-118.180878,2229
801SB_P2B_250722,34.110056,-118.181024,2230
801SB_P2B_250722,34.110078,-118.181172,2231
801SB_P2B_250722,34.110101,-118.18132,2232
801SB_P2B_250722,34.110148,-118.181538,2233
801SB_P2B_250722,34.110186,-118.181695,2234
801SB_P2B_250722,34.110256,-118.181961,2235
801SB_P2B_250722,34.110448,-118.182653,2236
801SB_P2B_250722,34.110539,-118.182984,2237
801SB_P2B_250722,34.11065,-118.183383,2238
801SB_P2B_250722,34.110683,-118.18351,2239
801SB_P2B_250722,34.110766,-118.18382,2240
801SB_P2B_250722,34.110879,-118.18422,2241
801SB_P2B_250722,34.110985,-118.184576,2242
801SB_P2B_250722,34.111117,-118.185019,2243
801SB_P2B_250722,34.111294,-118.185606,2244
801SB_P2B_250722,34.111453,-118.18612,2245
801SB_P2B_250722,34.111557,-118.186455,2246
801SB_P2B_250722,34.111651,-118.186773,2247
801SB_P2B_250722,34.111811,-118.187314,2248
801SB_P2B_250722,34.111975,-118.187865,2249
801SB_P2B_250722,34.112007,-118.187983,2250
801SB_P2B_250722,34.112028,-118.188073,2251
801SB_P2B_250722,34.112069,-118.188248,2252
801SB_P2B_250722,34.112087,-118.188336,2253
801SB_P2B_250722,34.112127,-118.18855,2254
801SB_P2B_250722,34.112142,-118.188654,2255
801SB_P2B_250722,34.112163,-118.188837,2256
801SB_P2B_250722,34.112174,-118.188943,2257
801SB_P2B_250722,34.11218,-118.189017,2258
801SB_P2B_250722,34.112187,-118.189163,2259
801SB_P2B_250722,34.112192,-118.189378,2260
801SB_P2B_250722,34.112187,-118.189561,2261
801SB_P2B_250722,34.112178,-118.189721,2262
801SB_P2B_250722,34.112171,-118.189821,2263
801SB_P2B_250722,34.11216,-118.189933,2264
801SB_P2B_250722,34.112147,-118.190061,2265
801SB_P2B_250722,34.112132,-118.190172,2266
801SB_P2B_250722,34.112113,-118.190287,2267
801SB_P2B_250722,34.112097,-118.19039,2268
801SB_P2B_250722,34.112066,-118.190531,2269
801SB_P2B_250722,34.11204,-118.190637,2270
801SB_P2B_250722,34.112002,-118.190786,2271
801SB_P2B_250722,34.111966,-118.190912,2272
801SB_P2B_250722,34.111935,-118.191014,2273
801SB_P2B_250722,34.111915,-118.191075,2274
801SB_P2B_250722,34.111873,-118.191196,2275
801SB_P2B_250722,34.11184,-118.191285,2276
801SB_P2B_250722,34.111812,-118.191358,2277
801SB_P2B_250722,34.111767,-118.191463,2278
801SB_P2B_250722,34.111728,-118.191549,2279
801SB_P2B_250722,34.111544,-118.191935,2280
801SB_P2B_250722,34.11126,-118.192509,2281
801SB_P2B_250722,34.110858,-118.193324,2282
801SB_P2B_250722,34.11071,-118.193606,2283
801SB_P2B_250722,34.110624,-118.193767,2284
801SB_P2B_250722,34.110371,-118.19428,2285
801SB_P2B_250722,34.110061,-118.194908,2286
801SB_P2B_250722,34.109971,-118.195088,2287
801SB_P2B_250722,34.109705,-118.195626,2288
801SB_P2B_250722,34.109608,-118.195826,2289
801SB_P2B_250722,34.109435,-118.196179,2290
801SB_P2B_250722,34.10933,-118.196389,2291
801SB_P2B_250722,34.109159,-118.196739,2292
801SB_P2B_250722,34.109053,-118.196952,2293
801SB_P2B_250722,34.108977,-118.197107,2294
801SB_P2B_250722,34.108868,-118.19733,2295
801SB_P2B_250722,34.108767,-118.19754,2296
801SB_P2B_250722,34.108671,-118.19774,2297
801SB_P2B_250722,34.10858,-118.197928,2298
801SB_P2B_250722,34.108496,-118.198101,2299
801SB_P2B_250722,34.108442,-118.198211,2300
801SB_P2B_250722,34.10834,-118.198411,2301
801SB_P2B_250722,34.108272,-118.19855,2302
801SB_P2B_250722,34.108058,-118.198985,2303
801SB_P2B_250722,34.107769,-118.199567,2304
801SB_P2B_250722,34.1074,-118.200315,2305
801SB_P2B_250722,34.106748,-118.201643,2306
801SB_P2B_250722,34.106542,-118.202054,2307
801SB_P2B_250722,34.106403,-118.202306,2308
801SB_P2B_250722,34.106312,-118.202451,2309
801SB_P2B_250722,34.106266,-118.202522,2310
801SB_P2B_250722,34.106211,-118.202602,2311
801SB_P2B_250722,34.106181,-118.202646,2312
801SB_P2B_250722,34.10614,-118.202706,2313
801SB_P2B_250722,34.106081,-118.202788,2314
801SB_P2B_250722,34.106042,-118.202841,2315
801SB_P2B_250722,34.105999,-118.2029,2316
801SB_P2B_250722,34.105931,-118.202989,2317
801SB_P2B_250722,34.10587,-118.203063,2318
801SB_P2B_250722,34.105827,-118.203115,2319
801SB_P2B_250722,34.105778,-118.203172,2320
801SB_P2B_250722,34.105715,-118.203245,2321
801SB_P2B_250722,34.105658,-118.203309,2322
801SB_P2B_250722,34.105609,-118.203362,2323
801SB_P2B_250722,34.105571,-118.203402,2324
801SB_P2B_250722,34.105532,-118.203442,2325
801SB_P2B_250722,34.105451,-118.203521,2326
801SB_P2B_250722,34.105347,-118.203618,2327
801SB_P2B_250722,34.105271,-118.20369,2328
801SB_P2B_250722,34.105209,-118.203744,2329
801SB_P2B_250722,34.105141,-118.203804,2330
801SB_P2B_250722,34.105071,-118.203865,2331
801SB_P2B_250722,34.104939,-118.203967,2332
801SB_P2B_250722,34.10486,-118.204023,2333
801SB_P2B_250722,34.104807,-118.204063,2334
801SB_P2B_250722,34.10471,-118.204129,2335
801SB_P2B_250722,34.104608,-118.2042,2336
801SB_P2B_250722,34.104505,-118.204262,2337
801SB_P2B_250722,34.10442,-118.204309,2338
801SB_P2B_250722,34.104327,-118.20436,2339
801SB_P2B_250722,34.104267,-118.204391,2340
801SB_P2B_250722,34.104119,-118.204461,2341
801SB_P2B_250722,34.104009,-118.204512,2342
801SB_P2B_250722,34.103897,-118.204557,2343
801SB_P2B_250722,34.103808,-118.204592,2344
801SB_P2B_250722,34.103735,-118.204621,2345
801SB_P2B_250722,34.103659,-118.20465,2346
801SB_P2B_250722,34.103569,-118.204676,2347
801SB_P2B_250722,34.103448,-118.204713,2348
801SB_P2B_250722,34.103345,-118.20474,2349
801SB_P2B_250722,34.103241,-118.204767,2350
801SB_P2B_250722,34.103153,-118.204786,2351
801SB_P2B_250722,34.103068,-118.204802,2352
801SB_P2B_250722,34.102977,-118.204819,2353
801SB_P2B_250722,34.102881,-118.204835,2354
801SB_P2B_250722,34.102805,-118.204844,2355
801SB_P2B_250722,34.102694,-118.204858,2356
801SB_P2B_250722,34.10261,-118.204866,2357
801SB_P2B_250722,34.102474,-118.204875,2358
801SB_P2B_250722,34.102331,-118.20488,2359
801SB_P2B_250722,34.102113,-118.204881,2360
801SB_P2B_250722,34.101827,-118.204872,2361
801SB_P2B_250722,34.101109,-118.204857,2362
801SB_P2B_250722,34.10086,-118.204854,2363
801SB_P2B_250722,34.100561,-118.204865,2364
801SB_P2B_250722,34.100425,-118.204882,2365
801SB_P2B_250722,34.100266,-118.204912,2366
801SB_P2B_250722,34.100135,-118.204947,2367
801SB_P2B_250722,34.099981,-118.205,2368
801SB_P2B_250722,34.099837,-118.205062,2369
801SB_P2B_250722,34.099718,-118.205124,2370
801SB_P2B_250722,34.099587,-118.205197,2371
801SB_P2B_250722,34.099424,-118.205304,2372
801SB_P2B_250722,34.099226,-118.205467,2373
801SB_P2B_250722,34.099093,-118.205591,2374
801SB_P2B_250722,34.098969,-118.205729,2375
801SB_P2B_250722,34.098794,-118.205949,2376
801SB_P2B_250722,34.098733,-118.206035,2377
801SB_P2B_250722,34.098554,-118.206304,2378
801SB_P2B_250722,34.097998,-118.207144,2379
801SB_P2B_250722,34.097754,-118.207507,2380
801SB_P2B_250722,34.097602,-118.207737,2381
801SB_P2B_250722,34.097472,-118.207916,2382
801SB_P2B_250722,34.097361,-118.208058,2383
801SB_P2B_250722,34.097266,-118.208173,2384
801SB_P2B_250722,34.097131,-118.208316,2385
801SB_P2B_250722,34.09704,-118.208405,2386
801SB_P2B_250722,34.096888,-118.208545,2387
801SB_P2B_250722,34.096768,-118.208644,2388
801SB_P2B_250722,34.09666,-118.208723,2389
801SB_P2B_250722,34.096561,-118.208794,2390
801SB_P2B_250722,34.096484,-118.208845,2391
801SB_P2B_250722,34.096398,-118.208901,2392
801SB_P2B_250722,34.096283,-118.208971,2393
801SB_P2B_250722,34.096071,-118.209103,2394
801SB_P2B_250722,34.095784,-118.20927,2395
801SB_P2B_250722,34.095637,-118.209364,2396
801SB_P2B_250722,34.095498,-118.209453,2397
801SB_P2B_250722,34.095364,-118.209551,2398
801SB_P2B_250722,34.09523,-118.209658,2399
801SB_P2B_250722,34.095101,-118.209772,2400
801SB_P2B_250722,34.095009,-118.209863,2401
801SB_P2B_250722,34.09491,-118.209962,2402
801SB_P2B_250722,34.094659,-118.210229,2403
801SB_P2B_250722,34.094419,-118.210483,2404
801SB_P2B_250722,34.094225,-118.210686,2405
801SB_P2B_250722,34.094137,-118.210767,2406
801SB_P2B_250722,34.094047,-118.210848,2407
801SB_P2B_250722,34.093956,-118.210928,2408
801SB_P2B_250722,34.093894,-118.210973,2409
801SB_P2B_250722,34.093824,-118.211022,2410
801SB_P2B_250722,34.093714,-118.211085,2411
801SB_P2B_250722,34.093651,-118.211126,2412
801SB_P2B_250722,34.093553,-118.211182,2413
801SB_P2B_250722,34.093459,-118.21123,2414
801SB_P2B_250722,34.093369,-118.211269,2415
801SB_P2B_250722,34.093253,-118.211315,2416
801SB_P2B_250722,34.09319,-118.211335,2417
801SB_P2B_250722,34.093122,-118.211358,2418
801SB_P2B_250722,34.093071,-118.211373,2419
801SB_P2B_250722,34.093024,-118.211388,2420
801SB_P2B_250722,34.09297,-118.211402,2421
801SB_P2B_250722,34.092917,-118.211414,2422
801SB_P2B_250722,34.092885,-118.211421,2423
801SB_P2B_250722,34.092808,-118.211435,2424
801SB_P2B_250722,34.092702,-118.211446,2425
801SB_P2B_250722,34.092651,-118.211454,2426
801SB_P2B_250722,34.092569,-118.211459,2427
801SB_P2B_250722,34.092491,-118.211464,2428
801SB_P2B_250722,34.092415,-118.211465,2429
801SB_P2B_250722,34.092312,-118.211459,2430
801SB_P2B_250722,34.092216,-118.211456,2431
801SB_P2B_250722,34.092102,-118.211447,2432
801SB_P2B_250722,34.091913,-118.211433,2433
801SB_P2B_250722,34.091806,-118.211423,2434
801SB_P2B_250722,34.09169,-118.211408,2435
801SB_P2B_250722,34.091576,-118.211396,2436
801SB_P2B_250722,34.091478,-118.21139,2437
801SB_P2B_250722,34.091296,-118.211374,2438
801SB_P2B_250722,34.091131,-118.211362,2439
801SB_P2B_250722,34.090929,-118.211357,2440
801SB_P2B_250722,34.09086,-118.211353,2441
801SB_P2B_250722,34.090794,-118.21135,2442
801SB_P2B_250722,34.090643,-118.211352,2443
801SB_P2B_250722,34.09053,-118.211352,2444
801SB_P2B_250722,34.090402,-118.211354,2445
801SB_P2B_250722,34.090224,-118.211364,2446
801SB_P2B_250722,34.090159,-118.211369,2447
801SB_P2B_250722,34.090059,-118.211378,2448
801SB_P2B_250722,34.089984,-118.211386,2449
801SB_P2B_250722,34.089873,-118.211403,2450
801SB_P2B_250722,34.089763,-118.211424,2451
801SB_P2B_250722,34.089606,-118.211462,2452
801SB_P2B_250722,34.089458,-118.211506,2453
801SB_P2B_250722,34.089322,-118.211558,2454
801SB_P2B_250722,34.089162,-118.211622,2455
801SB_P2B_250722,34.089023,-118.211688,2456
801SB_P2B_250722,34.088885,-118.211758,2457
801SB_P2B_250722,34.088761,-118.211829,2458
801SB_P2B_250722,34.088611,-118.211925,2459
801SB_P2B_250722,34.088495,-118.212007,2460
801SB_P2B_250722,34.088403,-118.212076,2461
801SB_P2B_250722,34.088255,-118.2122,2462
801SB_P2B_250722,34.088159,-118.212283,2463
801SB_P2B_250722,34.088073,-118.212365,2464
801SB_P2B_250722,34.087962,-118.212475,2465
801SB_P2B_250722,34.087749,-118.212693,2466
801SB_P2B_250722,34.087561,-118.212888,2467
801SB_P2B_250722,34.087415,-118.213039,2468
801SB_P2B_250722,34.087121,-118.213342,2469
801SB_P2B_250722,34.086813,-118.21366,2470
801SB_P2B_250722,34.08645,-118.214042,2471
801SB_P2B_250722,34.086108,-118.214398,2472
801SB_P2B_250722,34.085837,-118.214675,2473
801SB_P2B_250722,34.085679,-118.214839,2474
801SB_P2B_250722,34.085531,-118.214991,2475
801SB_P2B_250722,34.085265,-118.215267,2476
801SB_P2B_250722,34.085057,-118.215482,2477
801SB_P2B_250722,34.084846,-118.215701,2478
801SB_P2B_250722,34.084567,-118.215987,2479
801SB_P2B_250722,34.084321,-118.21624,2480
801SB_P2B_250722,34.084168,-118.216398,2481
801SB_P2B_250722,34.083875,-118.2167,2482
801SB_P2B_250722,34.083672,-118.21692,2483
801SB_P2B_250722,34.083299,-118.217333,2484
801SB_P2B_250722,34.082952,-118.217739,2485
801SB_P2B_250722,34.082811,-118.217914,2486
801SB_P2B_250722,34.082681,-118.218073,2487
801SB_P2B_250722,34.082537,-118.218257,2488
801SB_P2B_250722,34.082318,-118.218542,2489
801SB_P2B_250722,34.08213,-118.218797,2490
801SB_P2B_250722,34.081714,-118.219373,2491
801SB_P2B_250722,34.081331,-118.219921,2492
801SB_P2B_250722,34.081123,-118.220219,2493
801SB_P2B_250722,34.080957,-118.220459,2494
801SB_P2B_250722,34.080863,-118.220593,2495
801SB_P2B_250722,34.080767,-118.220726,2496
801SB_P2B_250722,34.08062,-118.220934,2497
801SB_P2B_250722,34.080466,-118.221158,2498
801SB_P2B_250722,34.079962,-118.221872,2499
801SB_P2B_250722,34.07983,-118.222052,2500
801SB_P2B_250722,34.0797,-118.22223,2501
801SB_P2B_250722,34.079537,-118.222431,2502
801SB_P2B_250722,34.079477,-118.222505,2503
801SB_P2B_250722,34.079376,-118.222619,2504
801SB_P2B_250722,34.079272,-118.222734,2505
801SB_P2B_250722,34.079191,-118.222822,2506
801SB_P2B_250722,34.07912,-118.222895,2507
801SB_P2B_250722,34.079012,-118.223003,2508
801SB_P2B_250722,34.078918,-118.223093,2509
801SB_P2B_250722,34.078826,-118.223178,2510
801SB_P2B_250722,34.078712,-118.223276,2511
801SB_P2B_250722,34.078621,-118.223355,2512
801SB_P2B_250722,34.078535,-118.223423,2513
801SB_P2B_250722,34.078394,-118.223536,2514
801SB_P2B_250722,34.07827,-118.223627,2515
801SB_P2B_250722,34.078158,-118.223705,2516
801SB_P2B_250722,34.078024,-118.223793,2517
801SB_P2B_250722,34.077871,-118.22389,2518
801SB_P2B_250722,34.077707,-118.223986,2519
801SB_P2B_250722,34.077579,-118.224053,2520
801SB_P2B_250722,34.077486,-118.224105,2521
801SB_P2B_250722,34.077383,-118.22415,2522
801SB_P2B_250722,34.077279,-118.224198,2523
801SB_P2B_250722,34.077158,-118.224253,2524
801SB_P2B_250722,34.077059,-118.224294,2525
801SB_P2B_250722,34.076982,-118.224325,2526
801SB_P2B_250722,34.076916,-118.224355,2527
801SB_P2B_250722,34.076807,-118.224398,2528
801SB_P2B_250722,34.076669,-118.224452,2529
801SB_P2B_250722,34.076527,-118.224507,2530
801SB_P2B_250722,34.076306,-118.224587,2531
801SB_P2B_250722,34.07617,-118.224639,2532
801SB_P2B_250722,34.075967,-118.224714,2533
801SB_P2B_250722,34.075794,-118.224784,2534
801SB_P2B_250722,34.075623,-118.224852,2535
801SB_P2B_250722,34.075499,-118.224898,2536
801SB_P2B_250722,34.075306,-118.224979,2537
801SB_P2B_250722,34.07507,-118.225073,2538
801SB_P2B_250722,34.074936,-118.22513,2539
801SB_P2B_250722,34.074782,-118.225188,2540
801SB_P2B_250722,34.074627,-118.225248,2541
801SB_P2B_250722,34.074416,-118.225332,2542
801SB_P2B_250722,34.074281,-118.225383,2543
801SB_P2B_250722,34.074068,-118.225465,2544
801SB_P2B_250722,34.073924,-118.225517,2545
801SB_P2B_250722,34.073771,-118.225576,2546
801SB_P2B_250722,34.073653,-118.225619,2547
801SB_P2B_250722,34.073538,-118.225659,2548
801SB_P2B_250722,34.073397,-118.225709,2549
801SB_P2B_250722,34.073302,-118.225744,2550
801SB_P2B_250722,34.073213,-118.225775,2551
801SB_P2B_250722,34.073117,-118.225809,2552
801SB_P2B_250722,34.073014,-118.225849,2553
801SB_P2B_250722,34.072913,-118.225885,2554
801SB_P2B_250722,34.072763,-118.225941,2555
801SB_P2B_250722,34.07264,-118.225988,2556
801SB_P2B_250722,34.07252,-118.226037,2557
801SB_P2B_250722,34.072374,-118.226107,2558
801SB_P2B_250722,34.07231,-118.226141,2559
801SB_P2B_250722,34.072241,-118.226185,2560
801SB_P2B_250722,34.072085,-118.22629,2561
801SB_P2B_250722,34.072026,-118.226334,2562
801SB_P2B_250722,34.071942,-118.226407,2563
801SB_P2B_250722,34.071872,-118.226472,2564
801SB_P2B_250722,34.071822,-118.22652,2565
801SB_P2B_250722,34.071742,-118.226604,2566
801SB_P2B_250722,34.071696,-118.226653,2567
801SB_P2B_250722,34.071635,-118.226731,2568
801SB_P2B_250722,34.071584,-118.226793,2569
801SB_P2B_250722,34.071542,-118.226853,2570
801SB_P2B_250722,34.071486,-118.226937,2571
801SB_P2B_250722,34.071443,-118.227007,2572
801SB_P2B_250722,34.071408,-118.227068,2573
801SB_P2B_250722,34.071371,-118.227136,2574
801SB_P2B_250722,34.071346,-118.227185,2575
801SB_P2B_250722,34.071308,-118.227259,2576
801SB_P2B_250722,34.071265,-118.227346,2577
801SB_P2B_250722,34.07123,-118.227426,2578
801SB_P2B_250722,34.071207,-118.22748,2579
801SB_P2B_250722,34.07116,-118.227594,2580
801SB_P2B_250722,34.071115,-118.227713,2581
801SB_P2B_250722,34.071082,-118.227798,2582
801SB_P2B_250722,34.070905,-118.228259,2583
801SB_P2B_250722,34.070806,-118.228523,2584
801SB_P2B_250722,34.070647,-118.22894,2585
801SB_P2B_250722,34.070577,-118.229125,2586
801SB_P2B_250722,34.070507,-118.229308,2587
801SB_P2B_250722,34.070453,-118.229449,2588
801SB_P2B_250722,34.070354,-118.229708,2589
801SB_P2B_250722,34.070134,-118.230287,2590
801SB_P2B_250722,34.069947,-118.230773,2591
801SB_P2B_250722,34.069919,-118.23084,2592
801SB_P2B_250722,34.069888,-118.23091,2593
801SB_P2B_250722,34.06985,-118.230995,2594
801SB_P2B_250722,34.069808,-118.231087,2595
801SB_P2B_250722,34.069771,-118.231166,2596
801SB_P2B_250722,34.069734,-118.231238,2597
801SB_P2B_250722,34.069699,-118.231309,2598
801SB_P2B_250722,34.069666,-118.231376,2599
801SB_P2B_250722,34.069619,-118.231459,2600
801SB_P2B_250722,34.069517,-118.231632,2601
801SB_P2B_250722,34.069213,-118.232141,2602
801SB_P2B_250722,34.068798,-118.232822,2603
801SB_P2B_250722,34.068561,-118.233202,2604
801SB_P2B_250722,34.068522,-118.233257,2605
801SB_P2B_250722,34.068451,-118.233357,2606
801SB_P2B_250722,34.068369,-118.23347,2607
801SB_P2B_250722,34.068246,-118.233627,2608
801SB_P2B_250722,34.068153,-118.233739,2609
801SB_P2B_250722,34.068097,-118.233803,2610
801SB_P2B_250722,34.067946,-118.233964,2611
801SB_P2B_250722,34.067812,-118.234097,2612
801SB_P2B_250722,34.067701,-118.234197,2613
801SB_P2B_250722,34.06757,-118.234309,2614
801SB_P2B_250722,34.067464,-118.234395,2615
801SB_P2B_250722,34.067366,-118.234471,2616
801SB_P2B_250722,34.067263,-118.234546,2617
801SB_P2B_250722,34.067153,-118.234618,2618
801SB_P2B_250722,34.067044,-118.234686,2619
801SB_P2B_250722,34.066952,-118.234738,2620
801SB_P2B_250722,34.0668,-118.234826,2621
801SB_P2B_250722,34.066712,-118.234868,2622
801SB_P2B_250722,34.066601,-118.234918,2623
801SB_P2B_250722,34.066499,-118.234962,2624
801SB_P2B_250722,34.06638,-118.235012,2625
801SB_P2B_250722,34.066222,-118.235073,2626
801SB_P2B_250722,34.065942,-118.235179,2627
801SB_P2B_250722,34.065446,-118.235359,2628
801SB_P2B_250722,34.065192,-118.235443,2629
801SB_P2B_250722,34.064963,-118.235518,2630
801SB_P2B_250722,34.064703,-118.235608,2631
801SB_P2B_250722,34.064582,-118.23565,2632
801SB_P2B_250722,34.064459,-118.235691,2633
801SB_P2B_250722,34.064314,-118.235737,2634
801SB_P2B_250722,34.064049,-118.235817,2635
801SB_P2B_250722,34.063724,-118.235927,2636
801SB_P2B_250722,34.063394,-118.23604,2637
801SB_P2B_250722,34.063274,-118.23608,2638
801SB_P2B_250722,34.063198,-118.236105,2639
801SB_P2B_250722,34.06314,-118.236121,2640
801SB_P2B_250722,34.063082,-118.236136,2641
801SB_P2B_250722,34.063011,-118.236152,2642
801SB_P2B_250722,34.062962,-118.236163,2643
801SB_P2B_250722,34.062915,-118.236171,2644
801SB_P2B_250722,34.062864,-118.236178,2645
801SB_P2B_250722,34.062817,-118.236183,2646
801SB_P2B_250722,34.062744,-118.236186,2647
801SB_P2B_250722,34.062679,-118.236189,2648
801SB_P2B_250722,34.062626,-118.236187,2649
801SB_P2B_250722,34.062571,-118.236184,2650
801SB_P2B_250722,34.062502,-118.236174,2651
801SB_P2B_250722,34.062393,-118.236151,2652
801SB_P2B_250722,34.062321,-118.236131,2653
801SB_P2B_250722,34.06224,-118.236105,2654
801SB_P2B_250722,34.062149,-118.236068,2655
801SB_P2B_250722,34.062053,-118.236025,2656
801SB_P2B_250722,34.061955,-118.235968,2657
801SB_P2B_250722,34.061861,-118.235907,2658
801SB_P2B_250722,34.061772,-118.235839,2659
801SB_P2B_250722,34.061688,-118.235769,2660
801SB_P2B_250722,34.061615,-118.235696,2661
801SB_P2B_250722,34.061562,-118.235644,2662
801SB_P2B_250722,34.061491,-118.235558,2663
801SB_P2B_250722,34.061432,-118.235482,2664
801SB_P2B_250722,34.061375,-118.235399,2665
801SB_P2B_250722,34.061323,-118.235317,2666
801SB_P2B_250722,34.061174,-118.23506,2667
801SB_P2B_250722,34.060932,-118.23462,2668
801SB_P2B_250722,34.060849,-118.234479,2669
801SB_P2B_250722,34.060765,-118.234347,2670
801SB_P2B_250722,34.060668,-118.23421,2671
801SB_P2B_250722,34.060587,-118.234103,2672
801SB_P2B_250722,34.060472,-118.23397,2673
801SB_P2B_250722,34.060346,-118.233836,2674
801SB_P2B_250722,34.06026,-118.233756,2675
801SB_P2B_250722,34.060156,-118.233665,2676
801SB_P2B_250722,34.060048,-118.233586,2677
801SB_P2B_250722,34.059955,-118.233527,2678
801SB_P2B_250722,34.059905,-118.233502,2679
801SB_P2B_250722,34.059846,-118.233476,2680
801SB_P2B_250722,34.059793,-118.233454,2681
801SB_P2B_250722,34.059717,-118.233432,2682
801SB_P2B_250722,34.059636,-118.233422,2683
801SB_P2B_250722,34.059569,-118.233423,2684
801SB_P2B_250722,34.059507,-118.233425,2685
801SB_P2B_250722,34.059407,-118.23344,2686
801SB_P2B_250722,34.059308,-118.233464,2687
801SB_P2B_250722,34.059221,-118.233492,2688
801SB_P2B_250722,34.059145,-118.233525,2689
801SB_P2B_250722,34.059,-118.233604,2690
801SB_P2B_250722,34.05868,-118.233783,2691
801SB_P2B_250722,34.058548,-118.233856,2692
801SB_P2B_250722,34.058355,-118.233962,2693
801SB_P2B_250722,34.058167,-118.234066,2694
801SB_P2B_250722,34.057979,-118.234169,2695
801SB_P2B_250722,34.057827,-118.234255,2696
801SB_P2B_250722,34.057692,-118.234332,2697
801SB_P2B_250722,34.057606,-118.234379,2698
801SB_P2B_250722,34.057516,-118.234429,2699
801SB_P2B_250722,34.057389,-118.23449,2700
801SB_P2B_250722,34.057297,-118.234529,2701
801SB_P2B_250722,34.057194,-118.234565,2702
801SB_P2B_250722,34.057098,-118.234595,2703
801SB_P2B_250722,34.056846,-118.234654,2704
801SB_P2B_250722,34.056343,-118.234767,2705
801SB_P2B_250722,34.055592,-118.234924,2706
801SB_P2B_250722,34.055401,-118.234966,2707
801SB_P2B_250722,34.055182,-118.235011,2708
801SB_P2B_250722,34.055029,-118.235041,2709
801SB_P2B_250722,34.054902,-118.235069,2710
801SB_P2B_250722,34.054554,-118.23514,2711
801SB_P2B_250722,34.054317,-118.235181,2712
801SB_P2B_250722,34.054128,-118.235209,2713
801SB_P2B_250722,34.054019,-118.235231,2714
801SB_P2B_250722,34.053885,-118.235262,2715
801SB_P2B_250722,34.053763,-118.235314,2716
801SB_P2B_250722,34.05367,-118.235376,2717
801SB_P2B_250722,34.053601,-118.235448,2718
801SB_P2B_250722,34.053542,-118.235538,2719
801SB_P2B_250722,34.053503,-118.235623,2720
801SB_P2B_250722,34.053467,-118.23575,2721
801SB_P2B_250722,34.053452,-118.235857,2722
801SB_P2B_250722,34.053452,-118.235976,2723
801SB_P2B_250722,34.053465,-118.236109,2724
801SB_P2B_250722,34.053593,-118.237102,2725
801SB_P2B_250722,34.053607,-118.237202,2726
801SB_P2B_250722,34.053612,-118.237278,2727
801SB_P2B_250722,34.053611,-118.237343,2728
801SB_P2B_250722,34.053605,-118.237415,2729
801SB_P2B_250722,34.05358,-118.237499,2730
801SB_P2B_250722,34.05355,-118.237564,2731
801SB_P2B_250722,34.05351,-118.237623,2732
801SB_P2B_250722,34.053472,-118.237662,2733
801SB_P2B_250722,34.053418,-118.237701,2734
801SB_P2B_250722,34.053351,-118.237732,2735
801SB_P2B_250722,34.053274,-118.237751,2736
801SB_P2B_250722,34.053205,-118.237763,2737
801SB_P2B_250722,34.053048,-118.237792,2738
801SB_P2B_250722,34.052999,-118.237798,2739
801SB_P2B_250722,34.052919,-118.237809,2740
801SB_P2B_250722,34.052773,-118.237824,2741
801SB_P2B_250722,34.052627,-118.237835,2742
801SB_P2B_250722,34.051567,-118.237874,2743
801SB_P2B_250722,34.051385,-118.23788,2744
801SB_P2B_250722,34.05128,-118.237868,2745
801SB_P2B_250722,34.051157,-118.237854,2746
801SB_P2B_250722,34.051072,-118.237848,2747
801SB_P2B_250722,34.051001,-118.237842,2748
801SB_P2B_250722,34.050931,-118.237836,2749
801SB_P2B_250722,34.05086,-118.23783,2750
801SB_P2B_250722,34.050789,-118.237824,2751
801SB_P2B_250722,34.050719,-118.237817,2752
801SB_P2B_250722,34.049525,-118.237703,2753
801SB_P2B_250722,34.049523,-118.237703,2754
801SB_P2B_250722,34.04943,-118.237699,2755
801SB_P2B_250722,34.049429,-118.237699,2756
801SB_P2B_250722,34.049379,-118.237704,2757
801SB_P2B_250722,34.049331,-118.237717,2758
801SB_P2B_250722,34.049284,-118.237737,2759
801SB_P2B_250722,34.04924,-118.237763,2760
801SB_P2B_250722,34.049199,-118.237796,2761
801SB_P2B_250722,34.049161,-118.237834,2762
801SB_P2B_250722,34.049127,-118.237877,2763
801SB_P2B_250722,34.049098,-118.237925,2764
801SB_P2B_250722,34.049073,-118.237977,2765
801SB_P2B_250722,34.049072,-118.23798,2766
801SB_P2B_250722,34.04906,-118.238014,2767
801SB_P2B_250722,34.049039,-118.238081,2768
801SB_P2B_250722,34.049038,-118.238084,2769
801SB_P2B_250722,34.049001,-118.238214,2770
801SB_P2B_250722,34.048762,-118.239406,2771
801SB_P2B_250722,34.048717,-118.239657,2772
801SB_P2B_250722,34.048702,-118.239784,2773
801SB_P2B_250722,34.048694,-118.239911,2774
801SB_P2B_250722,34.048693,-118.240039,2775
801SB_P2B_250722,34.048699,-118.240167,2776
801SB_P2B_250722,34.048711,-118.240293,2777
801SB_P2B_250722,34.048731,-118.240419,2778
801SB_P2B_250722,34.048757,-118.240543,2779
801SB_P2B_250722,34.04879,-118.240664,2780
801SB_P2B_250722,34.048829,-118.240783,2781
801SB_P2B_250722,34.048874,-118.240899,2782
801SB_P2B_250722,34.048926,-118.24101,2783
801SB_P2B_250722,34.048973,-118.2411,2784
801SB_P2B_250722,34.04908,-118.241284,2785
801SB_P2B_250722,34.050189,-118.243143,2786
801SB_P2B_250722,34.05035,-118.243411,2787
801SB_P2B_250722,34.050486,-118.243633,2788
801SB_P2B_250722,34.05064,-118.243878,2789
801SB_P2B_250722,34.050792,-118.244114,2790
801SB_P2B_250722,34.054388,-118.249682,2791
801SB_P2B_250722,34.054421,-118.249732,2792
801SB_P2B_250722,34.054448,-118.249774,2793
801SB_P2B_250722,34.054474,-118.249817,2794
801SB_P2B_250722,34.0545,-118.24986,2795
801SB_P2B_250722,34.054526,-118.249904,2796
801SB_P2B_250722,34.05455,-118.249948,2797
801SB_P2B_250722,34.054604,-118.250055,2798
801SB_P2B_250722,34.054651,-118.250165,2799
801SB_P2B_250722,34.054693,-118.25028,2800
801SB_P2B_250722,34.054728,-118.250397,2801
801SB_P2B_250722,34.054757,-118.250516,2802
801SB_P2B_250722,34.05478,-118.250638,2803
801SB_P2B_250722,34.054796,-118.250761,2804
801SB_P2B_250722,34.054805,-118.250885,2805
801SB_P2B_250722,34.054807,-118.25101,2806
801SB_P2B_250722,34.054803,-118.251134,2807
801SB_P2B_250722,34.054792,-118.251265,2808
801SB_P2B_250722,34.054689,-118.252421,2809
801SB_P2B_250722,34.054676,-118.252552,2810
801SB_P2B_250722,34.054659,-118.25267,2811
801SB_P2B_250722,34.054636,-118.252786,2812
801SB_P2B_250722,34.054606,-118.2529,2813
801SB_P2B_250722,34.054572,-118.253012,2814
801SB_P2B_250722,34.054531,-118.253121,2815
801SB_P2B_250722,34.054485,-118.253227,2816
801SB_P2B_250722,34.054433,-118.253329,2817
801SB_P2B_250722,34.054377,-118.253427,2818
801SB_P2B_250722,34.054315,-118.25352,2819
801SB_P2B_250722,34.054249,-118.253609,2820
801SB_P2B_250722,34.054178,-118.253693,2821
801SB_P2B_250722,34.054152,-118.253722,2822
801SB_P2B_250722,34.054125,-118.25375,2823
801SB_P2B_250722,34.054098,-118.253777,2824
801SB_P2B_250722,34.054084,-118.253791,2825
801SB_P2B_250722,34.054064,-118.253811,2826
801SB_P2B_250722,34.054036,-118.253837,2827
801SB_P2B_250722,34.054008,-118.253864,2828
801SB_P2B_250722,34.05398,-118.25389,2829
801SB_P2B_250722,34.053966,-118.253903,2830
801SB_P2B_250722,34.049431,-118.258024,2831
801SB_P2B_250722,34.04873,-118.258692,2832
801SB_P2B_250722,34.048706,-118.258715,2833
801SB_P2B_250722,34.04858,-118.258847,2834
801SB_P2B_250722,34.048484,-118.258948,2835
801SB_P2B_250722,34.047642,-118.259711,2836
801SB_P2B_250722,34.046763,-118.260533,2837
801SB_P2B_250722,34.04647,-118.260808,2838
801SB_P2B_250722,34.045993,-118.261253,2839
801SB_P2B_250722,34.045599,-118.261622,2840
801SB_P2B_250722,34.045168,-118.262016,2841
801SB_P2B_250722,34.044778,-118.262378,2842
801SB_P2B_250722,34.044318,-118.262797,2843
801SB_P2B_250722,34.043919,-118.263166,2844
801SB_P2B_250722,34.043435,-118.263612,2845
801SB_P2B_250722,34.043058,-118.263954,2846
801SB_P2B_250722,34.042836,-118.26417,2847
801SB_P2B_250722,34.042668,-118.264326,2848
801SB_P2B_250722,34.042536,-118.26445,2849
801SB_P2B_250722,34.042207,-118.264756,2850
801SB_P2B_250722,34.041694,-118.265223,2851
801SB_P2B_250722,34.041424,-118.265481,2852
801SB_P2B_250722,34.041098,-118.265818,2853
801SB_P2B_250722,34.040765,-118.266132,2854
801SB_P2B_250722,34.040687,-118.266204,2855
801SB_P2B_250722,34.04038,-118.266494,2856
801SB_P2B_250722,34.040151,-118.266702,2857
801SB_P2B_250722,34.039825,-118.26693,2858
801SB_P2B_250722,34.039571,-118.26709,2859
801SB_P2B_250722,34.039191,-118.267326,2860
801SB_P2B_250722,34.03885,-118.267548,2861
801SB_P2B_250722,34.038474,-118.267788,2862
801SB_P2B_250722,34.038111,-118.268021,2863
801SB_P2B_250722,34.037747,-118.268252,2864
801SB_P2B_250722,34.037179,-118.268617,2865
801SB_P2B_250722,34.036967,-118.268752,2866
801SB_P2B_250722,34.036811,-118.268853,2867
801SB_P2B_250722,34.036478,-118.26906,2868
801SB_P2B_250722,34.036178,-118.269254,2869
801SB_P2B_250722,34.035811,-118.269485,2870
801SB_P2B_250722,34.035494,-118.269694,2871
801SB_P2B_250722,34.03518,-118.269895,2872
801SB_P2B_250722,34.034861,-118.270098,2873
801SB_P2B_250722,34.034502,-118.270332,2874
801SB_P2B_250722,34.034204,-118.270515,2875
801SB_P2B_250722,34.034161,-118.270543,2876
801SB_P2B_250722,34.034113,-118.27057,2877
801SB_P2B_250722,34.034069,-118.270588,2878
801SB_P2B_250722,34.033973,-118.270606,2879
801SB_P2B_250722,34.033868,-118.270589,2880
801SB_P2B_250722,34.03378,-118.270557,2881
801SB_P2B_250722,34.03372,-118.270518,2882
801SB_P2B_250722,34.033666,-118.270466,2883
801SB_P2B_250722,34.033614,-118.270405,2884
801SB_P2B_250722,34.033525,-118.270244,2885
801SB_P2B_250722,34.033383,-118.269925,2886
801SB_P2B_250722,34.032877,-118.268802,2887
801SB_P2B_250722,34.032758,-118.268516,2888
801SB_P2B_250722,34.032511,-118.267956,2889
801SB_P2B_250722,34.03234,-118.267579,2890
801SB_P2B_250722,34.032149,-118.267147,2891
801SB_P2B_250722,34.031972,-118.266753,2892
801SB_P2B_250722,34.031801,-118.266373,2893
801SB_P2B_250722,34.031634,-118.266,2894
801SB_P2B_250722,34.031392,-118.265466,2895
801SB_P2B_250722,34.031199,-118.265041,2896
801SB_P2B_250722,34.031051,-118.264709,2897
801SB_P2B_250722,34.030913,-118.2644,2898
801SB_P2B_250722,34.030724,-118.263994,2899
801SB_P2B_250722,34.030496,-118.263499,2900
801SB_P2B_250722,34.030357,-118.263194,2901
801SB_P2B_250722,34.030032,-118.262493,2902
801SB_P2B_250722,34.029658,-118.261675,2903
801SB_P2B_250722,34.029467,-118.261267,2904
801SB_P2B_250722,34.029271,-118.260846,2905
801SB_P2B_250722,34.029064,-118.260395,2906
801SB_P2B_250722,34.029036,-118.260339,2907
801SB_P2B_250722,34.028938,-118.260118,2908
801SB_P2B_250722,34.02875,-118.259734,2909
801SB_P2B_250722,34.02858,-118.259372,2910
801SB_P2B_250722,34.028446,-118.259083,2911
801SB_P2B_250722,34.028277,-118.258711,2912
801SB_P2B_250722,34.02807,-118.25828,2913
801SB_P2B_250722,34.027785,-118.257664,2914
801SB_P2B_250722,34.027569,-118.257206,2915
801SB_P2B_250722,34.027413,-118.256865,2916
801SB_P2B_250722,34.02733,-118.256696,2917
801SB_P2B_250722,34.027209,-118.256446,2918
801SB_P2B_250722,34.027048,-118.256117,2919
801SB_P2B_250722,34.02701,-118.256038,2920
801SB_P2B_250722,34.026803,-118.255575,2921
801SB_P2B_250722,34.02658,-118.255106,2922
801SB_P2B_250722,34.026413,-118.254746,2923
801SB_P2B_250722,34.026118,-118.254075,2924
801SB_P2B_250722,34.025898,-118.253604,2925
801SB_P2B_250722,34.025702,-118.253173,2926
801SB_P2B_250722,34.0253,-118.252303,2927
801SB_P2B_250722,34.024957,-118.251564,2928
801SB_P2B_250722,34.024673,-118.250953,2929
801SB_P2B_250722,34.024468,-118.250535,2930
801SB_P2B_250722,34.024221,-118.250077,2931
801SB_P2B_250722,34.023968,-118.249625,2932
801SB_P2B_250722,34.023677,-118.249103,2933
801SB_P2B_250722,34.023438,-118.248681,2934
801SB_P2B_250722,34.023168,-118.24819,2935
801SB_P2B_250722,34.022912,-118.247732,2936
801SB_P2B_250722,34.022668,-118.247304,2937
801SB_P2B_250722,34.02245,-118.246912,2938
801SB_P2B_250722,34.022205,-118.246477,2939
801SB_P2B_250722,34.021999,-118.246116,2940
801SB_P2B_250722,34.021762,-118.245694,2941
801SB_P2B_250722,34.021562,-118.245341,2942
801SB_P2B_250722,34.021342,-118.244954,2943
801SB_P2B_250722,34.021111,-118.244541,2944
801SB_P2B_250722,34.0209,-118.244163,2945
801SB_P2B_250722,34.020833,-118.24401,2946
801SB_P2B_250722,34.02078,-118.243826,2947
801SB_P2B_250722,34.020718,-118.243532,2948
801SB_P2B_250722,34.020671,-118.243364,2949
801SB_P2B_250722,34.020614,-118.243267,2950
801SB_P2B_250722,34.020541,-118.243191,2951
801SB_P2B_250722,34.020465,-118.243142,2952
801SB_P2B_250722,34.020387,-118.243121,2953
801SB_P2B_250722,34.02011,-118.243111,2954
801SB_P2B_250722,34.019702,-118.243114,2955
801SB_P2B_250722,34.019677,-118.243112,2956
801SB_P2B_250722,34.018807,-118.243119,2957
801SB_P2B_250722,34.018037,-118.243111,2958
801SB_P2B_250722,34.01746,-118.243111,2959
801SB_P2B_250722,34.017098,-118.243114,2960
801SB_P2B_250722,34.016991,-118.243113,2961
801SB_P2B_250722,34.016929,-118.243112,2962
801SB_P2B_250722,34.016204,-118.243125,2966
801SB_P2B_250722,34.015799,-118.243132,2967
801SB_P2B_250722,34.015465,-118.243143,2968
801SB_P2B_250722,34.015219,-118.243153,2969
801SB_P2B_250722,34.014764,-118.243162,2970
801SB_P2B_250722,34.014326,-118.243174,2971
801SB_P2B_250722,34.013814,-118.243181,2972
801SB_P2B_250722,34.013271,-118.243182,2973
801SB_P2B_250722,34.012825,-118.243187,2974
801SB_P2B_250722,34.012305,-118.243192,2975
801SB_P2B_250722,34.011803,-118.243195,2976
801SB_P2B_250722,34.011302,-118.243203,2977
801SB_P2B_250722,34.010741,-118.24321,2978
801SB_P2B_250722,34.01023,-118.243212,2979
801SB_P2B_250722,34.009822,-118.243216,2980
801SB_P2B_250722,34.009373,-118.243224,2981
801SB_P2B_250722,34.008965,-118.243228,2982
801SB_P2B_250722,34.008452,-118.243238,2983
801SB_P2B_250722,34.008097,-118.243247,2984
801SB_P2B_250722,34.007629,-118.243251,2985
801SB_P2B_250722,34.007322,-118.243254,2986
801SB_P2B_250722,34.006827,-118.243262,2987
801SB_P2B_250722,34.006388,-118.243272,2988
801SB_P2B_250722,34.005888,-118.243279,2989
801SB_P2B_250722,34.005492,-118.24329,2990
801SB_P2B_250722,34.005089,-118.243301,2991
801SB_P2B_250722,34.004614,-118.24331,2992
801SB_P2B_250722,34.004288,-118.243322,2993
801SB_P2B_250722,34.003923,-118.243331,2994
801SB_P2B_250722,34.00361,-118.243329,2995
801SB_P2B_250722,34.003304,-118.243338,2996
801SB_P2B_250722,34.003034,-118.243344,2997
801SB_P2B_250722,34.002682,-118.243343,2998
801SB_P2B_250722,34.002335,-118.243345,2999
801SB_P2B_250722,34.001998,-118.243343,3000
801SB_P2B_250722,34.001696,-118.243345,3001
801SB_P2B_250722,34.001408,-118.243347,3002
801SB_P2B_250722,34.000982,-118.243364,3003
801SB_P2B_250722,34.000684,-118.243375,3004
801SB_P2B_250722,34.000306,-118.243381,3005
801SB_P2B_250722,33.999971,-118.24339,3006
801SB_P2B_250722,33.999569,-118.243394,3007
801SB_P2B_250722,33.999363,-118.243398,3008
801SB_P2B_250722,33.999039,-118.24339,3009
801SB_P2B_250722,33.998584,-118.243408,3010
801SB_P2B_250722,33.998259,-118.243407,3011
801SB_P2B_250722,33.997836,-118.243411,3012
801SB_P2B_250722,33.997422,-118.243418,3013
801SB_P2B_250722,33.996887,-118.243415,3014
801SB_P2B_250722,33.996419,-118.243419,3015
801SB_P2B_250722,33.995916,-118.243421,3016
801SB_P2B_250722,33.995508,-118.243424,3017
801SB_P2B_250722,33.99498,-118.243427,3018
801SB_P2B_250722,33.9947,-118.243432,3019
801SB_P2B_250722,33.994329,-118.243432,3020
801SB_P2B_250722,33.993917,-118.243434,3021
801SB_P2B_250722,33.993487,-118.243434,3022
801SB_P2B_250722,33.993103,-118.24344,3023
801SB_P2B_250722,33.992979,-118.243443,3024
801SB_P2B_250722,33.992732,-118.243447,3025
801SB_P2B_250722,33.992513,-118.243454,3026
801SB_P2B_250722,33.992268,-118.243452,3027
801SB_P2B_250722,33.991864,-118.243449,3028
801SB_P2B_250722,33.991542,-118.243445,3029
801SB_P2B_250722,33.991153,-118.243453,3030
801SB_P2B_250722,33.990892,-118.243458,3031
801SB_P2B_250722,33.990605,-118.243457,3032
801SB_P2B_250722,33.990325,-118.243454,3033
801SB_P2B_250722,33.990054,-118.243456,3034
801SB_P2B_250722,33.989697,-118.243453,3035
801SB_P2B_250722,33.989237,-118.243443,3036
801SB_P2B_250722,33.988895,-118.243434,3037
801SB_P2B_250722,33.988591,-118.243428,3038
801SB_P2B_250722,33.988209,-118.243417,3039
801SB_P2B_250722,33.987796,-118.243402,3040
801SB_P2B_250722,33.987296,-118.243389,3041
801SB_P2B_250722,33.986741,-118.243374,3042
801SB_P2B_250722,33.986271,-118.243363,3043
801SB_P2B_250722,33.985824,-118.243351,3044
801SB_P2B_250722,33.985403,-118.24335,3045
801SB_P2B_250722,33.985066,-118.243336,3046
801SB_P2B_250722,33.984729,-118.243332,3047
801SB_P2B_250722,33.984421,-118.243333,3048
801SB_P2B_250722,33.983976,-118.243332,3049
801SB_P2B_250722,33.983462,-118.243333,3050
801SB_P2B_250722,33.982926,-118.243342,3051
801SB_P2B_250722,33.982338,-118.243336,3052
801SB_P2B_250722,33.981814,-118.243339,3053
801SB_P2B_250722,33.981399,-118.243334,3054
801SB_P2B_250722,33.9809,-118.243337,3055
801SB_P2B_250722,33.980281,-118.243331,3056
801SB_P2B_250722,33.979608,-118.243326,3057
801SB_P2B_250722,33.979124,-118.243329,3058
801SB_P2B_250722,33.978461,-118.243326,3059
801SB_P2B_250722,33.977785,-118.243324,3060
801SB_P2B_250722,33.977205,-118.243326,3061
801SB_P2B_250722,33.976423,-118.243325,3062
801SB_P2B_250722,33.975706,-118.243319,3063
801SB_P2B_250722,33.974886,-118.243311,3064
801SB_P2B_250722,33.974473,-118.243314,3065
801SB_P2B_250722,33.973905,-118.243306,3066
801SB_P2B_250722,33.973521,-118.24331,3067
801SB_P2B_250722,33.972889,-118.243301,3068
801SB_P2B_250722,33.972416,-118.243286,3069
801SB_P2B_250722,33.972038,-118.243278,3070
801SB_P2B_250722,33.971614,-118.243269,3071
801SB_P2B_250722,33.97119,-118.243264,3072
801SB_P2B_250722,33.970807,-118.243255,3073
801SB_P2B_250722,33.970337,-118.243243,3074
801SB_P2B_250722,33.970263,-118.243247,3075
801SB_P2B_250722,33.970208,-118.243248,3076
801SB_P2B_250722,33.970047,-118.243245,3077
801SB_P2B_250722,33.969837,-118.243247,3078
801SB_P2B_250722,33.969722,-118.243248,3079
801SB_P2B_250722,33.969005,-118.243255,3080
801SB_P2B_250722,33.968005,-118.243255,3081
801SB_P2B_250722,33.967411,-118.243253,3082
801SB_P2B_250722,33.966376,-118.243251,3083
801SB_P2B_250722,33.965775,-118.243246,3084
801SB_P2B_250722,33.96492,-118.243249,3085
801SB_P2B_250722,33.964141,-118.243247,3086
801SB_P2B_250722,33.963427,-118.243244,3087
801SB_P2B_250722,33.962741,-118.243245,3088
801SB_P2B_250722,33.96198,-118.243238,3089
801SB_P2B_250722,33.961535,-118.243239,3090
801SB_P2B_250722,33.961166,-118.243246,3091
801SB_P2B_250722,33.960758,-118.243254,3092
801SB_P2B_250722,33.96013,-118.243253,3093
801SB_P2B_250722,33.959695,-118.243245,3094
801SB_P2B_250722,33.959246,-118.243249,3095
801SB_P2B_250722,33.958821,-118.243251,3096
801SB_P2B_250722,33.958261,-118.243248,3097
801SB_P2B_250722,33.957683,-118.243245,3098
801SB_P2B_250722,33.957089,-118.243249,3099
801SB_P2B_250722,33.956562,-118.243257,3100
801SB_P2B_250722,33.956085,-118.243255,3101
801SB_P2B_250722,33.95523,-118.243255,3102
801SB_P2B_250722,33.954467,-118.243248,3103
801SB_P2B_250722,33.953871,-118.243254,3104
801SB_P2B_250722,33.953262,-118.243249,3105
801SB_P2B_250722,33.951816,-118.243243,3106
801SB_P2B_250722,33.950541,-118.243237,3107
801SB_P2B_250722,33.948955,-118.243231,3108
801SB_P2B_250722,33.947691,-118.243228,3109
801SB_P2B_250722,33.946386,-118.243218,3110
801SB_P2B_250722,33.945727,-118.243216,3111
801SB_P2B_250722,33.94562,-118.243216,3112
801SB_P2B_250722,33.944954,-118.243214,3113
801SB_P2B_250722,33.944161,-118.243212,3114
801SB_P2B_250722,33.943603,-118.243208,3115
801SB_P2B_250722,33.943188,-118.243205,3116
801SB_P2B_250722,33.942987,-118.243206,3117
801SB_P2B_250722,33.942845,-118.24321,3118
801SB_P2B_250722,33.942672,-118.243208,3119
801SB_P2B_250722,33.942299,-118.243211,3120
801SB_P2B_250722,33.941836,-118.243201,3121
801SB_P2B_250722,33.941446,-118.243201,3122
801SB_P2B_250722,33.941246,-118.243199,3123
801SB_P2B_250722,33.941068,-118.243189,3124
801SB_P2B_250722,33.940904,-118.243176,3125
801SB_P2B_250722,33.940535,-118.243151,3126
801SB_P2B_250722,33.940118,-118.243118,3127
801SB_P2B_250722,33.939613,-118.24307,3128
801SB_P2B_250722,33.939308,-118.243051,3129
801SB_P2B_250722,33.939198,-118.243041,3130
801SB_P2B_250722,33.939063,-118.243025,3131
801SB_P2B_250722,33.938949,-118.243006,3132
801SB_P2B_250722,33.938871,-118.242994,3133
801SB_P2B_250722,33.938743,-118.242971,3134
801SB_P2B_250722,33.938645,-118.242948,3135
801SB_P2B_250722,33.938342,-118.242871,3136
801SB_P2B_250722,33.938165,-118.242822,3137
801SB_P2B_250722,33.937851,-118.242708,3138
801SB_P2B_250722,33.93763,-118.242624,3139
801SB_P2B_250722,33.937254,-118.242444,3140
801SB_P2B_250722,33.936844,-118.242234,3141
801SB_P2B_250722,33.936386,-118.241992,3142
801SB_P2B_250722,33.936011,-118.241796,3143
801SB_P2B_250722,33.935584,-118.241576,3144
801SB_P2B_250722,33.935178,-118.241359,3145
801SB_P2B_250722,33.934712,-118.241116,3146
801SB_P2B_250722,33.934346,-118.240923,3147
801SB_P2B_250722,33.934,-118.240743,3148
801SB_P2B_250722,33.933556,-118.24051,3149
801SB_P2B_250722,33.933127,-118.240287,3150
801SB_P2B_250722,33.932667,-118.240046,3151
801SB_P2B_250722,33.932453,-118.239936,3152
801SB_P2B_250722,33.931998,-118.239696,3153
801SB_P2B_250722,33.93154,-118.239455,3154
801SB_P2B_250722,33.931186,-118.239274,3155
801SB_P2B_250722,33.930835,-118.239092,3156
801SB_P2B_250722,33.930475,-118.238897,3157
801SB_P2B_250722,33.930108,-118.238707,3158
801SB_P2B_250722,33.929728,-118.238506,3159
801SB_P2B_250722,33.929237,-118.238249,3160
801SB_P2B_250722,33.928932,-118.238089,3161
801SB_P2B_250722,33.928602,-118.237915,3162
801SB_P2B_250722,33.928231,-118.237722,3163
801SB_P2B_250722,33.927893,-118.237539,3164
801SB_P2B_250722,33.927537,-118.237358,3165
801SB_P2B_250722,33.927175,-118.237172,3166
801SB_P2B_250722,33.926858,-118.237004,3167
801SB_P2B_250722,33.926242,-118.236681,3168
801SB_P2B_250722,33.925852,-118.236477,3169
801SB_P2B_250722,33.9255,-118.236294,3170
801SB_P2B_250722,33.92504,-118.236052,3171
801SB_P2B_250722,33.924608,-118.235827,3172
801SB_P2B_250722,33.924391,-118.235708,3173
801SB_P2B_250722,33.924331,-118.235676,3174
801SB_P2B_250722,33.923972,-118.235481,3175
801SB_P2B_250722,33.923532,-118.23527,3176
801SB_P2B_250722,33.923373,-118.235181,3177
801SB_P2B_250722,33.923017,-118.234997,3178
801SB_P2B_250722,33.922602,-118.23478,3179
801SB_P2B_250722,33.92239,-118.234673,3180
801SB_P2B_250722,33.922162,-118.234548,3181
801SB_P2B_250722,33.921932,-118.234429,3182
801SB_P2B_250722,33.921652,-118.234283,3183
801SB_P2B_250722,33.921273,-118.234085,3184
801SB_P2B_250722,33.920917,-118.233895,3185
801SB_P2B_250722,33.920363,-118.2336,3186
801SB_P2B_250722,33.919825,-118.233319,3187
801SB_P2B_250722,33.919343,-118.233078,3188
801SB_P2B_250722,33.918872,-118.232822,3189
801SB_P2B_250722,33.918306,-118.232517,3190
801SB_P2B_250722,33.917852,-118.232285,3191
801SB_P2B_250722,33.917299,-118.231994,3192
801SB_P2B_250722,33.916771,-118.231715,3193
801SB_P2B_250722,33.916211,-118.23143,3194
801SB_P2B_250722,33.915647,-118.23113,3195
801SB_P2B_250722,33.91497,-118.230776,3196
801SB_P2B_250722,33.91439,-118.230474,3197
801SB_P2B_250722,33.913904,-118.230215,3198
801SB_P2B_250722,33.913281,-118.229892,3199
801SB_P2B_250722,33.912695,-118.229583,3200
801SB_P2B_250722,33.912133,-118.229296,3201
801SB_P2B_250722,33.911602,-118.229017,3202
801SB_P2B_250722,33.911132,-118.228769,3203
801SB_P2B_250722,33.910717,-118.228551,3204
801SB_P2B_250722,33.910244,-118.228304,3205
801SB_P2B_250722,33.909852,-118.228098,3206
801SB_P2B_250722,33.909446,-118.227888,3207
801SB_P2B_250722,33.909042,-118.227676,3208
801SB_P2B_250722,33.908665,-118.227478,3209
801SB_P2B_250722,33.908267,-118.22727,3210
801SB_P2B_250722,33.908008,-118.227142,3211
801SB_P2B_250722,33.90796,-118.227118,3212
801SB_P2B_250722,33.907544,-118.2269,3213
801SB_P2B_250722,33.907143,-118.226697,3214
801SB_P2B_250722,33.906778,-118.226507,3215
801SB_P2B_250722,33.906396,-118.226308,3216
801SB_P2B_250722,33.905601,-118.225889,3217
801SB_P2B_250722,33.90501,-118.225584,3218
801SB_P2B_250722,33.904732,-118.225437,3219
801SB_P2B_250722,33.904415,-118.225286,3220
801SB_P2B_250722,33.904096,-118.225148,3221
801SB_P2B_250722,33.903914,-118.225074,3222
801SB_P2B_250722,33.903775,-118.225022,3223
801SB_P2B_250722,33.903533,-118.224939,3224
801SB_P2B_250722,33.90327,-118.224857,3225
801SB_P2B_250722,33.902962,-118.224778,3226
801SB_P2B_250722,33.902717,-118.22472,3227
801SB_P2B_250722,33.902567,-118.224694,3228
801SB_P2B_250722,33.902409,-118.224669,3229
801SB_P2B_250722,33.902098,-118.22463,3230
801SB_P2B_250722,33.901705,-118.224598,3231
801SB_P2B_250722,33.901256,-118.224565,3232
801SB_P2B_250722,33.900631,-118.224523,3233
801SB_P2B_250722,33.900447,-118.224509,3234
801SB_P2B_250722,33.900017,-118.224476,3235
801SB_P2B_250722,33.898843,-118.224394,3236
801SB_P2B_250722,33.898164,-118.224354,3237
801SB_P2B_250722,33.897949,-118.224336,3238
801SB_P2B_250722,33.897529,-118.224306,3239
801SB_P2B_250722,33.897023,-118.224274,3240
801SB_P2B_250722,33.896503,-118.224239,3241
801SB_P2B_250722,33.895972,-118.224204,3242
801SB_P2B_250722,33.89562,-118.224181,3243
801SB_P2B_250722,33.895137,-118.224148,3244
801SB_P2B_250722,33.894834,-118.224128,3245
801SB_P2B_250722,33.894382,-118.224094,3246
801SB_P2B_250722,33.893911,-118.224065,3247
801SB_P2B_250722,33.893356,-118.224026,3248
801SB_P2B_250722,33.89285,-118.223991,3249
801SB_P2B_250722,33.892263,-118.223953,3250
801SB_P2B_250722,33.891669,-118.22391,3251
801SB_P2B_250722,33.891073,-118.223872,3252
801SB_P2B_250722,33.890519,-118.223834,3253
801SB_P2B_250722,33.889831,-118.223788,3254
801SB_P2B_250722,33.889298,-118.223754,3255
801SB_P2B_250722,33.888588,-118.223705,3256
801SB_P2B_250722,33.888302,-118.223683,3257
801SB_P2B_250722,33.887655,-118.223638,3258
801SB_P2B_250722,33.887157,-118.223605,3259
801SB_P2B_250722,33.886599,-118.223569,3260
801SB_P2B_250722,33.886118,-118.223533,3261
801SB_P2B_250722,33.88542,-118.223487,3262
801SB_P2B_250722,33.884752,-118.223442,3263
801SB_P2B_250722,33.884209,-118.223407,3264
801SB_P2B_250722,33.883444,-118.223355,3265
801SB_P2B_250722,33.882972,-118.223319,3266
801SB_P2B_250722,33.882482,-118.223289,3267
801SB_P2B_250722,33.882091,-118.223262,3268
801SB_P2B_250722,33.88174,-118.223239,3269
801SB_P2B_250722,33.881144,-118.223201,3270
801SB_P2B_250722,33.880789,-118.223175,3271
801SB_P2B_250722,33.880492,-118.223154,3272
801SB_P2B_250722,33.879989,-118.223112,3273
801SB_P2B_250722,33.879362,-118.223069,3274
801SB_P2B_250722,33.879045,-118.223045,3275
801SB_P2B_250722,33.878378,-118.222996,3276
801SB_P2B_250722,33.877863,-118.222962,3277
801SB_P2B_250722,33.877444,-118.222928,3278
801SB_P2B_250722,33.877275,-118.222912,3279
801SB_P2B_250722,33.877038,-118.222869,3280
801SB_P2B_250722,33.876886,-118.222836,3281
801SB_P2B_250722,33.876491,-118.222703,3282
801SB_P2B_250722,33.876101,-118.22256,3283
801SB_P2B_250722,33.875744,-118.222431,3284
801SB_P2B_250722,33.875436,-118.222319,3285
801SB_P2B_250722,33.874926,-118.222125,3286
801SB_P2B_250722,33.874411,-118.221933,3287
801SB_P2B_250722,33.874127,-118.221829,3288
801SB_P2B_250722,33.873887,-118.221738,3289
801SB_P2B_250722,33.873555,-118.221606,3290
801SB_P2B_250722,33.872988,-118.221389,3291
801SB_P2B_250722,33.872428,-118.221167,3292
801SB_P2B_250722,33.871896,-118.220945,3293
801SB_P2B_250722,33.871665,-118.22085,3294
801SB_P2B_250722,33.871491,-118.220778,3295
801SB_P2B_250722,33.871188,-118.220652,3296
801SB_P2B_250722,33.871134,-118.220626,3297
801SB_P2B_250722,33.870556,-118.220398,3298
801SB_P2B_250722,33.870407,-118.220338,3299
801SB_P2B_250722,33.870031,-118.220175,3300
801SB_P2B_250722,33.869622,-118.220005,3301
801SB_P2B_250722,33.869247,-118.21985,3302
801SB_P2B_250722,33.868886,-118.219698,3303
801SB_P2B_250722,33.868456,-118.219522,3304
801SB_P2B_250722,33.868033,-118.219351,3305
801SB_P2B_250722,33.86755,-118.219149,3306
801SB_P2B_250722,33.867061,-118.218947,3307
801SB_P2B_250722,33.866626,-118.21877,3308
801SB_P2B_250722,33.866169,-118.21858,3309
801SB_P2B_250722,33.865754,-118.218403,3310
801SB_P2B_250722,33.865283,-118.218196,3311
801SB_P2B_250722,33.864775,-118.217981,3312
801SB_P2B_250722,33.864343,-118.217801,3313
801SB_P2B_250722,33.86412,-118.217715,3314
801SB_P2B_250722,33.863964,-118.21765,3315
801SB_P2B_250722,33.86381,-118.217579,3316
801SB_P2B_250722,33.863397,-118.217414,3317
801SB_P2B_250722,33.862965,-118.217233,3318
801SB_P2B_250722,33.862722,-118.217129,3319
801SB_P2B_250722,33.862393,-118.216996,3320
801SB_P2B_250722,33.861839,-118.216768,3321
801SB_P2B_250722,33.861331,-118.216555,3322
801SB_P2B_250722,33.860934,-118.216392,3323
801SB_P2B_250722,33.860342,-118.216145,3324
801SB_P2B_250722,33.859788,-118.215915,3325
801SB_P2B_250722,33.859442,-118.215771,3326
801SB_P2B_250722,33.859304,-118.215715,3327
801SB_P2B_250722,33.858898,-118.21555,3328
801SB_P2B_250722,33.858559,-118.215407,3329
801SB_P2B_250722,33.858026,-118.215188,3330
801SB_P2B_250722,33.857755,-118.215076,3331
801SB_P2B_250722,33.85715,-118.214827,3332
801SB_P2B_250722,33.856609,-118.214607,3333
801SB_P2B_250722,33.855866,-118.214324,3334
801SB_P2B_250722,33.855265,-118.214084,3335
801SB_P2B_250722,33.854679,-118.213848,3336
801SB_P2B_250722,33.854178,-118.213641,3337
801SB_P2B_250722,33.853575,-118.213405,3338
801SB_P2B_250722,33.852905,-118.213128,3339
801SB_P2B_250722,33.852425,-118.212912,3340
801SB_P2B_250722,33.851964,-118.212722,3341
801SB_P2B_250722,33.851559,-118.212545,3342
801SB_P2B_250722,33.851028,-118.212306,3343
801SB_P2B_250722,33.850532,-118.212075,3344
801SB_P2B_250722,33.850017,-118.21184,3345
801SB_P2B_250722,33.849498,-118.211613,3346
801SB_P2B_250722,33.849008,-118.211402,3347
801SB_P2B_250722,33.848617,-118.21124,3348
801SB_P2B_250722,33.848187,-118.211059,3349
801SB_P2B_250722,33.847701,-118.210852,3350
801SB_P2B_250722,33.847305,-118.210672,3351
801SB_P2B_250722,33.846913,-118.210496,3352
801SB_P2B_250722,33.846513,-118.210307,3353
801SB_P2B_250722,33.846236,-118.21018,3354
801SB_P2B_250722,33.845915,-118.210042,3355
801SB_P2B_250722,33.845444,-118.209845,3356
801SB_P2B_250722,33.844988,-118.209657,3357
801SB_P2B_250722,33.844569,-118.209489,3358
801SB_P2B_250722,33.843949,-118.209235,3359
801SB_P2B_250722,33.843449,-118.209033,3360
801SB_P2B_250722,33.843064,-118.208859,3361
801SB_P2B_250722,33.842579,-118.208671,3362
801SB_P2B_250722,33.842133,-118.208483,3363
801SB_P2B_250722,33.841829,-118.20836,3364
801SB_P2B_250722,33.841339,-118.208156,3365
801SB_P2B_250722,33.840845,-118.207951,3366
801SB_P2B_250722,33.840432,-118.207769,3367
801SB_P2B_250722,33.839987,-118.207583,3368
801SB_P2B_250722,33.839488,-118.207375,3369
801SB_P2B_250722,33.838765,-118.207071,3370
801SB_P2B_250722,33.83812,-118.206801,3371
801SB_P2B_250722,33.83766,-118.206613,3372
801SB_P2B_250722,33.837107,-118.206385,3373
801SB_P2B_250722,33.836681,-118.20621,3374
801SB_P2B_250722,33.836245,-118.206028,3375
801SB_P2B_250722,33.835949,-118.205904,3376
801SB_P2B_250722,33.835875,-118.205875,3377
801SB_P2B_250722,33.835692,-118.205803,3378
801SB_P2B_250722,33.835423,-118.205693,3379
801SB_P2B_250722,33.835133,-118.20557,3380
801SB_P2B_250722,33.834998,-118.205507,3381
801SB_P2B_250722,33.834788,-118.205405,3382
801SB_P2B_250722,33.834554,-118.205283,3383
801SB_P2B_250722,33.834203,-118.205091,3384
801SB_P2B_250722,33.83418,-118.205078,3385
801SB_P2B_250722,33.833825,-118.204884,3386
801SB_P2B_250722,33.833691,-118.204811,3387
801SB_P2B_250722,33.832902,-118.204383,3388
801SB_P2B_250722,33.832275,-118.204056,3389
801SB_P2B_250722,33.831872,-118.20385,3390
801SB_P2B_250722,33.831698,-118.203757,3391
801SB_P2B_250722,33.831336,-118.203564,3392
801SB_P2B_250722,33.830905,-118.203341,3393
801SB_P2B_250722,33.830527,-118.203142,3394
801SB_P2B_250722,33.830138,-118.202932,3395
801SB_P2B_250722,33.829791,-118.202738,3396
801SB_P2B_250722,33.829694,-118.202679,3397
801SB_P2B_250722,33.829598,-118.202618,3398
801SB_P2B_250722,33.829283,-118.202421,3399
801SB_P2B_250722,33.828852,-118.202149,3400
801SB_P2B_250722,33.82868,-118.20204,3401
801SB_P2B_250722,33.828184,-118.201721,3402
801SB_P2B_250722,33.827558,-118.201303,3403
801SB_P2B_250722,33.827117,-118.201015,3404
801SB_P2B_250722,33.826703,-118.20075,3405
801SB_P2B_250722,33.82636,-118.200526,3406
801SB_P2B_250722,33.826024,-118.200307,3407
801SB_P2B_250722,33.825603,-118.200035,3408
801SB_P2B_250722,33.825154,-118.199744,3409
801SB_P2B_250722,33.824677,-118.199432,3410
801SB_P2B_250722,33.824224,-118.199138,3411
801SB_P2B_250722,33.823762,-118.19884,3412
801SB_P2B_250722,33.823375,-118.198594,3413
801SB_P2B_250722,33.822995,-118.198344,3414
801SB_P2B_250722,33.822503,-118.198012,3415
801SB_P2B_250722,33.821986,-118.197658,3416
801SB_P2B_250722,33.821639,-118.197396,3417
801SB_P2B_250722,33.821326,-118.197169,3418
801SB_P2B_250722,33.820955,-118.196898,3419
801SB_P2B_250722,33.820798,-118.196786,3420
801SB_P2B_250722,33.820376,-118.1965,3421
801SB_P2B_250722,33.819851,-118.196146,3422
801SB_P2B_250722,33.819549,-118.195939,3423
801SB_P2B_250722,33.818976,-118.19554,3424
801SB_P2B_250722,33.818513,-118.195225,3425
801SB_P2B_250722,33.818454,-118.195186,3426
801SB_P2B_250722,33.818259,-118.195075,3427
801SB_P2B_250722,33.817957,-118.194908,3428
801SB_P2B_250722,33.817646,-118.194753,3429
801SB_P2B_250722,33.817239,-118.194571,3430
801SB_P2B_250722,33.816798,-118.194372,3431
801SB_P2B_250722,33.816302,-118.194149,3432
801SB_P2B_250722,33.815865,-118.193951,3433
801SB_P2B_250722,33.815474,-118.193772,3434
801SB_P2B_250722,33.815052,-118.193578,3435
801SB_P2B_250722,33.814691,-118.193412,3436
801SB_P2B_250722,33.81431,-118.193244,3437
801SB_P2B_250722,33.813923,-118.19307,3438
801SB_P2B_250722,33.813546,-118.192901,3439
801SB_P2B_250722,33.813064,-118.192686,3440
801SB_P2B_250722,33.812632,-118.192493,3441
801SB_P2B_250722,33.812208,-118.192301,3442
801SB_P2B_250722,33.811727,-118.192081,3443
801SB_P2B_250722,33.811245,-118.191858,3444
801SB_P2B_250722,33.810662,-118.191586,3445
801SB_P2B_250722,33.81015,-118.191343,3446
801SB_P2B_250722,33.809794,-118.191177,3447
801SB_P2B_250722,33.809332,-118.190959,3448
801SB_P2B_250722,33.808845,-118.190723,3449
801SB_P2B_250722,33.808409,-118.190518,3450
801SB_P2B_250722,33.808122,-118.190381,3451
801SB_P2B_250722,33.80804,-118.190343,3452
801SB_P2B_250722,33.807941,-118.190297,3453
801SB_P2B_250722,33.807736,-118.190201,3454
801SB_P2B_250722,33.807539,-118.190098,3455
801SB_P2B_250722,33.807411,-118.190041,3456
801SB_P2B_250722,33.80698,-118.189838,3457
801SB_P2B_250722,33.806805,-118.189757,3458
801SB_P2B_250722,33.806518,-118.189624,3459
801SB_P2B_250722,33.806289,-118.18952,3460
801SB_P2B_250722,33.806068,-118.18942,3461
801SB_P2B_250722,33.805858,-118.189346,3462
801SB_P2B_250722,33.805755,-118.189321,3463
801SB_P2B_250722,33.805642,-118.189294,3464
801SB_P2B_250722,33.805434,-118.189276,3465
801SB_P2B_250722,33.805192,-118.189283,3466
801SB_P2B_250722,33.805021,-118.189301,3467
801SB_P2B_250722,33.804559,-118.189354,3468
801SB_P2B_250722,33.804439,-118.189366,3469
801SB_P2B_250722,33.804269,-118.189382,3470
801SB_P2B_250722,33.804142,-118.189394,3471
801SB_P2B_250722,33.803979,-118.189404,3472
801SB_P2B_250722,33.803362,-118.189396,3473
801SB_P2B_250722,33.802568,-118.189414,3474
801SB_P2B_250722,33.801583,-118.189406,3475
801SB_P2B_250722,33.800752,-118.189416,3476
801SB_P2B_250722,33.79999,-118.189419,3477
801SB_P2B_250722,33.799359,-118.18942,3478
801SB_P2B_250722,33.798309,-118.189422,3479
801SB_P2B_250722,33.797118,-118.189423,3480
801SB_P2B_250722,33.795301,-118.189424,3481
801SB_P2B_250722,33.793495,-118.189424,3482
801SB_P2B_250722,33.79296,-118.189423,3483
801SB_P2B_250722,33.792237,-118.189412,3484
801SB_P2B_250722,33.791669,-118.189425,3485
801SB_P2B_250722,33.790714,-118.189425,3486
801SB_P2B_250722,33.789859,-118.189425,3487
801SB_P2B_250722,33.789427,-118.189424,3488
801SB_P2B_250722,33.788348,-118.189428,3489
801SB_P2B_250722,33.787136,-118.189427,3490
801SB_P2B_250722,33.786593,-118.189417,3491
801SB_P2B_250722,33.785775,-118.189428,3492
801SB_P2B_250722,33.785191,-118.189428,3493
801SB_P2B_250722,33.784423,-118.189425,3494
801SB_P2B_250722,33.783816,-118.189426,3495
801SB_P2B_250722,33.782837,-118.18943,3496
801SB_P2B_250722,33.782066,-118.18943,3497
801SB_P2B_250722,33.781554,-118.18943,3498
801SB_P2B_250722,33.780906,-118.189432,3499
801SB_P2B_250722,33.78043,-118.189427,3500
801SB_P2B_250722,33.780419,-118.189428,3501
801SB_P2B_250722,33.779896,-118.189429,3502
801SB_P2B_250722,33.778965,-118.18943,3503
801SB_P2B_250722,33.778712,-118.18943,3504
801SB_P2B_250722,33.778285,-118.189429,3505
801SB_P2B_250722,33.778217,-118.189425,3506
801SB_P2B_250722,33.778006,-118.189399,3507
801SB_P2B_250722,33.777799,-118.18937,3508
801SB_P2B_250722,33.777675,-118.189353,3509
801SB_P2B_250722,33.777539,-118.189341,3510
801SB_P2B_250722,33.777155,-118.189341,3511
801SB_P2B_250722,33.776852,-118.18935,3512
801SB_P2B_250722,33.776587,-118.189377,3513
801SB_P2B_250722,33.776522,-118.189388,3514
801SB_P2B_250722,33.776291,-118.189414,3515
801SB_P2B_250722,33.775822,-118.189415,3516
801SB_P2B_250722,33.775339,-118.189416,3517
801SB_P2B_250722,33.775004,-118.189404,3518
801SB_P2B_250722,33.774581,-118.18941,3519
801SB_P2B_250722,33.774134,-118.18942,3520
801SB_P2B_250722,33.773658,-118.189415,3521
801SB_P2B_250722,33.773358,-118.189415,3522
801SB_P2B_250722,33.77285,-118.189415,3523
801SB_P2B_250722,33.772219,-118.189417,3524
801SB_P2B_250722,33.771711,-118.189416,3525
801SB_P2B_250722,33.771615,-118.189415,3526
801SB_P2B_250722,33.771024,-118.189415,3527
801SB_P2B_250722,33.770503,-118.189421,3528
801SB_P2B_250722,33.770043,-118.189418,3529
801SB_P2B_250722,33.770006,-118.189414,3530
801SB_P2B_250722,33.769903,-118.1894,3531
801SB_P2B_250722,33.769805,-118.189384,3532
801SB_P2B_250722,33.7697,-118.189374,3533
801SB_P2B_250722,33.76963,-118.189375,3534
801SB_P2B_250722,33.769391,-118.189371,3535
801SB_P2B_250722,33.769239,-118.189371,3536
801SB_P2B_250722,33.768898,-118.189362,3537
801SB_P2B_250722,33.768811,-118.189359,3538
801SB_P2B_250722,33.768641,-118.189366,3539
801SB_P2B_250722,33.76833,-118.189361,3540
801SB_P2B_250722,33.768279,-118.18937,3541
801SB_P2B_250722,33.76821,-118.189411,3542
801SB_P2B_250722,33.768156,-118.189465,3543
801SB_P2B_250722,33.768117,-118.189533,3544
801SB_P2B_250722,33.768096,-118.189597,3545
801SB_P2B_250722,33.768081,-118.189695,3546
801SB_P2B_250722,33.768079,-118.189982,3547
801SB_P2B_250722,33.768071,-118.190441,3548
801SB_P2B_250722,33.768065,-118.191067,3549
801SB_P2B_250722,33.768059,-118.19155,3550
801SB_P2B_250722,33.768012,-118.19204,3551
801SB_P2B_250722,33.768002,-118.192406,3552
801SB_P2B_250722,33.767995,-118.192973,3553
801SB_P2B_250722,33.767999,-118.193389,3554
801SB_P2B_250722,33.767997,-118.193441,3555
801SB_P2B_250722,33.768019,-118.193535,3556
801SB_P2B_250722,33.768039,-118.193586,3557
801SB_P2B_250722,33.768118,-118.19369,3558
801SB_P2B_250722,33.768163,-118.193726,3559
801SB_P2B_250722,33.768231,-118.19375,3560
801SB_P2B_250722,33.768341,-118.193745,3561
801SB_P2B_250722,33.768454,-118.193742,3562
805EB_PLE1_260423,34.06515233,-118.3762189,1
805EB_PLE1_260423,34.06488602,-118.3751446,2
805EB_PLE1_260423,34.06480793,-118.3748287,3
805EB_PLE1_260423,34.06469373,-118.374353,4
805EB_PLE1_260423,34.06462833,-118.3740972,5
805EB_PLE1_260423,34.06461702,-118.3740521,6
805EB_PLE1_260423,34.06456267,-118.373828,7
805EB_PLE1_260423,34.06443566,-118.3733219,8
805EB_PLE1_260423,34.06436086,-118.3730252,9
805EB_PLE1_260423,34.06425134,-118.3725898,10
805EB_PLE1_260423,34.06425034,-118.3725852,11
805EB_PLE1_260423,34.06409331,-118.3717489,12
805EB_PLE1_260423,34.06409243,-118.371743,13
805EB_PLE1_260423,34.06397335,-118.3706596,14
805EB_PLE1_260423,34.06387402,-118.3697125,15
805EB_PLE1_260423,34.06385026,-118.3696062,16
805EB_PLE1_260423,34.0638489,-118.369598,17
805EB_PLE1_260423,34.06337746,-118.3654787,18
805EB_PLE1_260423,34.06336405,-118.3653613,19
805EB_PLE1_260423,34.063355,-118.3652802,20
805EB_PLE1_260423,34.06310532,-118.3629909,21
805EB_PLE1_260423,34.06293618,-118.3614436,22
805EB_PLE1_260423,34.06293247,-118.3614119,23
805EB_PLE1_260423,34.06285321,-118.3606341,24
805EB_PLE1_260423,34.06280166,-118.3603159,25
805EB_PLE1_260423,34.06280112,-118.3603119,26
805EB_PLE1_260423,34.06268441,-118.359255,27
805EB_PLE1_260423,34.06264224,-118.3588868,28
805EB_PLE1_260423,34.06254414,-118.3580195,29
805EB_PLE1_260423,34.06252305,-118.3578261,30
805EB_PLE1_260423,34.06247987,-118.3574293,31
805EB_PLE1_260423,34.06245572,-118.3571817,32
805EB_PLE1_260423,34.0624451,-118.357032,33
805EB_PLE1_260423,34.06244494,-118.3570287,34
805EB_PLE1_260423,34.06243867,-118.3568131,35
805EB_PLE1_260423,34.06243748,-118.3565152,36
805EB_PLE1_260423,34.06243047,-118.3558724,37
805EB_PLE1_260423,34.06241145,-118.3552171,38
805EB_PLE1_260423,34.06240676,-118.3549393,39
805EB_PLE1_260423,34.06240093,-118.3545876,40
805EB_PLE1_260423,34.06238658,-118.3537423,41
805EB_PLE1_260423,34.06236573,-118.352532,42
805EB_PLE1_260423,34.06236545,-118.3525093,43
805EB_PLE1_260423,34.06233603,-118.3514152,44
805EB_PLE1_260423,34.06232424,-118.3509758,45
805EB_PLE1_260423,34.0623142,-118.3505296,46
805EB_PLE1_260423,34.06231188,-118.3503791,47
805EB_PLE1_260423,34.0622953,-118.3493407,48
805EB_PLE1_260423,34.06228283,-118.3485485,49
805EB_PLE1_260423,34.06227638,-118.3482814,50
805EB_PLE1_260423,34.06225379,-118.3473037,51
805EB_PLE1_260423,34.0622523,-118.3472192,52
805EB_PLE1_260423,34.06225025,-118.3470954,53
805EB_PLE1_260423,34.06223505,-118.3461692,54
805EB_PLE1_260423,34.06222949,-118.3458342,55
805EB_PLE1_260423,34.06221574,-118.3451246,56
805EB_PLE1_260423,34.06220091,-118.3445387,57
805EB_PLE1_260423,34.06218824,-118.3440416,58
805EB_PLE1_260423,34.06218704,-118.3439872,59
805EB_PLE1_260423,34.06215744,-118.3429225,60
805EB_PLE1_260423,34.06213155,-118.3419909,61
805EB_PLE1_260423,34.06212889,-118.3418317,62
805EB_PLE1_260423,34.06211882,-118.340902,63
805EB_PLE1_260423,34.06211748,-118.3407683,64
805EB_PLE1_260423,34.06211612,-118.3406418,65
805EB_PLE1_260423,34.0620914,-118.3396626,66
805EB_PLE1_260423,34.06208879,-118.3393706,67
805EB_PLE1_260423,34.06208286,-118.3391613,68
805EB_PLE1_260423,34.06207004,-118.3384658,69
805EB_PLE1_260423,34.06206406,-118.3381439,70
805EB_PLE1_260423,34.06206408,-118.3381401,71
805EB_PLE1_260423,34.06206633,-118.3380613,72
805EB_PLE1_260423,34.06204524,-118.3371436,73
805EB_PLE1_260423,34.06203654,-118.3366844,74
805EB_PLE1_260423,34.06203595,-118.3366497,75
805EB_PLE1_260423,34.06203387,-118.3365325,76
805EB_PLE1_260423,34.06201286,-118.3354462,77
805EB_PLE1_260423,34.06200118,-118.3348255,78
805EB_PLE1_260423,34.06199878,-118.3347015,79
805EB_PLE1_260423,34.06199762,-118.3346221,80
805EB_PLE1_260423,34.06198293,-118.3337296,81
805EB_PLE1_260423,34.06197084,-118.3333433,82
805EB_PLE1_260423,34.06196875,-118.3332762,83
805EB_PLE1_260423,34.06196275,-118.3330863,84
805EB_PLE1_260423,34.06195423,-118.3328054,85
805EB_PLE1_260423,34.06192502,-118.3316891,86
805EB_PLE1_260423,34.06192066,-118.3315186,87
805EB_PLE1_260423,34.06191039,-118.3308719,88
805EB_PLE1_260423,34.0619124,-118.3303883,89
805EB_PLE1_260423,34.0618961,-118.3294428,90
805EB_PLE1_260423,34.06189316,-118.3291305,91
805EB_PLE1_260423,34.0618875,-118.3285631,92
805EB_PLE1_260423,34.06186673,-118.3276243,93
805EB_PLE1_260423,34.06186548,-118.327573,94
805EB_PLE1_260423,34.06186336,-118.3274688,95
805EB_PLE1_260423,34.06183084,-118.3257716,96
805EB_PLE1_260423,34.06180371,-118.3243701,97
805EB_PLE1_260423,34.06180124,-118.3242712,98
805EB_PLE1_260423,34.06176829,-118.322853,99
805EB_PLE1_260423,34.06173437,-118.3213968,100
805EB_PLE1_260423,34.06173038,-118.3212184,101
805EB_PLE1_260423,34.06170897,-118.3202311,102
805EB_PLE1_260423,34.06170315,-118.3199587,103
805EB_PLE1_260423,34.06169332,-118.3195157,104
805EB_PLE1_260423,34.0616902,-118.3191437,105
805EB_PLE1_260423,34.06166417,-118.3186286,106
805EB_PLE1_260423,34.06166407,-118.3186257,107
805EB_PLE1_260423,34.06166235,-118.3185019,108
805EB_PLE1_260423,34.06165418,-118.3179485,109
805EB_PLE1_260423,34.06165395,-118.3179086,110
805EB_PLE1_260423,34.06165045,-118.3174032,111
805EB_PLE1_260423,34.0616494,-118.3167524,112
805EB_PLE1_260423,34.06164983,-118.3165905,113
805EB_PLE1_260423,34.06165232,-118.3152484,114
805EB_PLE1_260423,34.06165402,-118.3142034,115
805EB_PLE1_260423,34.06165419,-118.3141341,116
805EB_PLE1_260423,34.06165593,-118.3127955,117
805EB_PLE1_260423,34.06165329,-118.311564,118
805EB_PLE1_260423,34.06165258,-118.3111763,119
805EB_PLE1_260423,34.06163893,-118.3091855,120
805EB_PLE1_260423,34.06164101,-118.3088333,121
805EB_PLE1_260423,34.06164262,-118.3085609,122
805EB_PLE1_260423,34.06164438,-118.3082628,123
805EB_PLE1_260423,34.0616461,-118.3079707,124
805EB_PLE1_260423,34.06164705,-118.3078052,125
805EB_PLE1_260423,34.0616494,-118.3074122,126
805EB_PLE1_260423,34.06165176,-118.3070104,127
805EB_PLE1_260423,34.0616524,-118.3069024,128
805EB_PLE1_260423,34.06165365,-118.3066918,129
805EB_PLE1_260423,34.0616549,-118.3064812,130
805EB_PLE1_260423,34.06165671,-118.3061761,131
805EB_PLE1_260423,34.06165886,-118.3058126,132
805EB_PLE1_260423,34.06166107,-118.3054396,133
805EB_PLE1_260423,34.06166357,-118.305019,134
805EB_PLE1_260423,34.06166438,-118.3048822,135
805EB_PLE1_260423,34.06166608,-118.3045955,136
805EB_PLE1_260423,34.06166818,-118.3042415,137
805EB_PLE1_260423,34.06167141,-118.3036954,138
805EB_PLE1_260423,34.06167452,-118.303172,139
805EB_PLE1_260423,34.06167548,-118.303009,140
805EB_PLE1_260423,34.06167773,-118.30263,141
805EB_PLE1_260423,34.06168115,-118.3020536,142
805EB_PLE1_260423,34.06168426,-118.3015301,143
805EB_PLE1_260423,34.06168747,-118.3009888,144
805EB_PLE1_260423,34.0616905,-118.3004772,145
805EB_PLE1_260423,34.06169204,-118.3002178,146
805EB_PLE1_260423,34.06169429,-118.2998395,147
805EB_PLE1_260423,34.06169585,-118.299576,148
805EB_PLE1_260423,34.06169794,-118.2994088,149
805EB_PLE1_260423,34.06170017,-118.2992429,150
805EB_PLE1_260423,34.06170205,-118.2991031,151
805EB_PLE1_260423,34.06170713,-118.298945,152
805EB_PLE1_260423,34.06171546,-118.2987712,153
805EB_PLE1_260423,34.06172519,-118.2986261,154
805EB_PLE1_260423,34.06173278,-118.2985329,155
805EB_PLE1_260423,34.06175385,-118.2983489,156
805EB_PLE1_260423,34.06177024,-118.2982367,157
805EB_PLE1_260423,34.06178671,-118.2981293,158
805EB_PLE1_260423,34.06180937,-118.2980085,159
805EB_PLE1_260423,34.06183515,-118.2978828,160
805EB_PLE1_260423,34.06186579,-118.2977467,161
805EB_PLE1_260423,34.06191317,-118.2975671,162
805EB_PLE1_260423,34.06196248,-118.2974029,163
805EB_PLE1_260423,34.06202619,-118.2972134,164
805EB_PLE1_260423,34.06207232,-118.2970897,165
805EB_PLE1_260423,34.06211427,-118.2969842,166
805EB_PLE1_260423,34.06216062,-118.2968738,167
805EB_PLE1_260423,34.06221922,-118.2967374,168
805EB_PLE1_260423,34.06227861,-118.2966093,169
805EB_PLE1_260423,34.06230856,-118.2965454,170
805EB_PLE1_260423,34.06242241,-118.2963023,171
805EB_PLE1_260423,34.06245348,-118.2962368,172
805EB_PLE1_260423,34.06248493,-118.296171,173
805EB_PLE1_260423,34.06248823,-118.2961641,174
805EB_PLE1_260423,34.06249699,-118.2961458,175
805EB_PLE1_260423,34.06250391,-118.2961313,176
805EB_PLE1_260423,34.06251282,-118.2961127,177
805EB_PLE1_260423,34.06252192,-118.2960937,178
805EB_PLE1_260423,34.0625296,-118.2960776,179
805EB_PLE1_260423,34.0625437,-118.2960481,180
805EB_PLE1_260423,34.0625579,-118.2960185,181
805EB_PLE1_260423,34.06257404,-118.2959847,182
805EB_PLE1_260423,34.06259316,-118.2959447,183
805EB_PLE1_260423,34.06260327,-118.2959236,184
805EB_PLE1_260423,34.06261467,-118.2958998,185
805EB_PLE1_260423,34.06262441,-118.2958794,186
805EB_PLE1_260423,34.06264276,-118.295841,187
805EB_PLE1_260423,34.06265918,-118.2958067,188
805EB_PLE1_260423,34.06267481,-118.295774,189
805EB_PLE1_260423,34.06269383,-118.2957342,190
805EB_PLE1_260423,34.06270952,-118.2957014,191
805EB_PLE1_260423,34.0627242,-118.2956707,192
805EB_PLE1_260423,34.06274652,-118.2956241,193
805EB_PLE1_260423,34.0627607,-118.2955944,194
805EB_PLE1_260423,34.06277958,-118.2955549,195
805EB_PLE1_260423,34.0627979,-118.2955166,196
805EB_PLE1_260423,34.06280764,-118.2954963,197
805EB_PLE1_260423,34.06282365,-118.2954628,198
805EB_PLE1_260423,34.06284654,-118.2954149,199
805EB_PLE1_260423,34.06285613,-118.2953949,200
805EB_PLE1_260423,34.0628678,-118.2953705,201
805EB_PLE1_260423,34.06287354,-118.2953585,202
805EB_PLE1_260423,34.06289481,-118.295314,203
805EB_PLE1_260423,34.06291596,-118.2952698,204
805EB_PLE1_260423,34.06294172,-118.2952159,205
805EB_PLE1_260423,34.06296343,-118.2951705,206
805EB_PLE1_260423,34.06298985,-118.2951153,207
805EB_PLE1_260423,34.06301669,-118.2950592,208
805EB_PLE1_260423,34.06304486,-118.2950003,209
805EB_PLE1_260423,34.06306929,-118.2949492,210
805EB_PLE1_260423,34.06308334,-118.2949198,211
805EB_PLE1_260423,34.06320181,-118.2946715,212
805EB_PLE1_260423,34.06328355,-118.2944973,213
805EB_PLE1_260423,34.06337661,-118.2942863,214
805EB_PLE1_260423,34.06342254,-118.2941708,215
805EB_PLE1_260423,34.06347697,-118.2940101,216
805EB_PLE1_260423,34.06351024,-118.2939004,217
805EB_PLE1_260423,34.06354895,-118.293749,218
805EB_PLE1_260423,34.06358247,-118.293586,219
805EB_PLE1_260423,34.06361431,-118.2933673,220
805EB_PLE1_260423,34.06362668,-118.2932429,221
805EB_PLE1_260423,34.063638,-118.2930188,222
805EB_PLE1_260423,34.06363749,-118.2928677,223
805EB_PLE1_260423,34.06363405,-118.2927809,224
805EB_PLE1_260423,34.06362558,-118.2926595,225
805EB_PLE1_260423,34.06361158,-118.292519,226
805EB_PLE1_260423,34.06359474,-118.2923961,227
805EB_PLE1_260423,34.06356739,-118.2922455,228
805EB_PLE1_260423,34.06352967,-118.2920836,229
805EB_PLE1_260423,34.06349244,-118.291947,230
805EB_PLE1_260423,34.06346385,-118.2918588,231
805EB_PLE1_260423,34.06340187,-118.2916861,232
805EB_PLE1_260423,34.06334831,-118.2915588,233
805EB_PLE1_260423,34.06329136,-118.2914338,234
805EB_PLE1_260423,34.06326626,-118.2913824,235
805EB_PLE1_260423,34.06319438,-118.2912375,236
805EB_PLE1_260423,34.06312299,-118.2910965,237
805EB_PLE1_260423,34.06304415,-118.2909408,238
805EB_PLE1_260423,34.06312197,-118.2910696,239
805EB_PLE1_260423,34.06290643,-118.2906936,240
805EB_PLE1_260423,34.06261225,-118.2901657,241
805EB_PLE1_260423,34.06238008,-118.2897491,242
805EB_PLE1_260423,34.06206674,-118.2891788,243
805EB_PLE1_260423,34.061957,-118.2889387,244
805EB_PLE1_260423,34.06187231,-118.2887002,245
805EB_PLE1_260423,34.06180504,-118.2884666,246
805EB_PLE1_260423,34.0617726,-118.2883216,247
805EB_PLE1_260423,34.06174628,-118.2881749,248
805EB_PLE1_260423,34.06173002,-118.2880662,249
805EB_PLE1_260423,34.06171702,-118.287942,250
805EB_PLE1_260423,34.06170778,-118.2878108,251
805EB_PLE1_260423,34.06170317,-118.2876702,252
805EB_PLE1_260423,34.06170476,-118.287498,253
805EB_PLE1_260423,34.06171218,-118.2873511,254
805EB_PLE1_260423,34.06175134,-118.2869088,255
805EB_PLE1_260423,34.061828,-118.2859586,256
805EB_PLE1_260423,34.0618302,-118.2856635,257
805EB_PLE1_260423,34.06182235,-118.2854296,258
805EB_PLE1_260423,34.06180811,-118.2852284,259
805EB_PLE1_260423,34.06178399,-118.2850004,260
805EB_PLE1_260423,34.06174961,-118.2847713,261
805EB_PLE1_260423,34.0617156,-118.2845868,262
805EB_PLE1_260423,34.06165316,-118.2843124,263
805EB_PLE1_260423,34.06157846,-118.2840436,264
805EB_PLE1_260423,34.06148714,-118.2837711,265
805EB_PLE1_260423,34.06134066,-118.2834177,266
805EB_PLE1_260423,34.06094824,-118.2825288,267
805EB_PLE1_260423,34.06047344,-118.2814776,268
805EB_PLE1_260423,34.06013102,-118.2807194,269
805EB_PLE1_260423,34.05993138,-118.2802836,270
805EB_PLE1_260423,34.05981304,-118.2800359,271
805EB_PLE1_260423,34.05973098,-118.2798795,272
805EB_PLE1_260423,34.0595809,-118.2796206,273
805EB_PLE1_260423,34.05936736,-118.2792941,274
805EB_PLE1_260423,34.0583902,-118.2778758,275
805EB_PLE1_260423,34.05800076,-118.277326,276
805EB_PLE1_260423,34.05756614,-118.2767223,277
805EB_PLE1_260423,34.05612981,-118.2747282,278
805EB_PLE1_260423,34.05503672,-118.2732108,279
805EB_PLE1_260423,34.05486443,-118.2729712,280
805EB_PLE1_260423,34.05471589,-118.2727623,281
805EB_PLE1_260423,34.05448917,-118.2724279,282
805EB_PLE1_260423,34.05434899,-118.2721979,283
805EB_PLE1_260423,34.05418882,-118.2718993,284
805EB_PLE1_260423,34.05393127,-118.2713524,285
805EB_PLE1_260423,34.05310489,-118.2695241,286
805EB_PLE1_260423,34.05160377,-118.2661956,287
805EB_PLE1_260423,34.051345,-118.2655956,288
805EB_PLE1_260423,34.05110557,-118.2650115,289
805EB_PLE1_260423,34.05080776,-118.2642473,290
805EB_PLE1_260423,34.05055072,-118.2635479,291
805EB_PLE1_260423,34.05041847,-118.2631728,292
805EB_PLE1_260423,34.05012157,-118.2622796,293
805EB_PLE1_260423,34.0500094,-118.2619231,294
805EB_PLE1_260423,34.04976393,-118.2611047,295
805EB_PLE1_260423,34.04970409,-118.2608974,296
805EB_PLE1_260423,34.04960276,-118.2605594,297
805EB_PLE1_260423,34.0495018,-118.2602726,298
805EB_PLE1_260423,34.04940524,-118.2600484,299
805EB_PLE1_260423,34.04932851,-118.2598971,300
805EB_PLE1_260423,34.04919379,-118.2596632,301
805EB_PLE1_260423,34.04896669,-118.2593064,302
805EB_PLE1_260423,34.04803298,-118.257856,303
805EB_PLE1_260423,34.04778476,-118.2574704,304
805EB_PLE1_260423,34.04755508,-118.2571077,305
805EB_PLE1_260423,34.04740362,-118.2568491,306
805EB_PLE1_260423,34.04732057,-118.2566909,307
805EB_PLE1_260423,34.04724028,-118.256513,308
805EB_PLE1_260423,34.0471745,-118.2563454,309
805EB_PLE1_260423,34.0471106,-118.2561543,310
805EB_PLE1_260423,34.04704717,-118.2559238,311
805EB_PLE1_260423,34.04699672,-118.2556704,312
805EB_PLE1_260423,34.04696326,-118.2554325,313
805EB_PLE1_260423,34.04694384,-118.2551398,314
805EB_PLE1_260423,34.0469458,-118.254843,315
805EB_PLE1_260423,34.04696313,-118.254598,316
805EB_PLE1_260423,34.04698414,-118.2544326,317
805EB_PLE1_260423,34.0470268,-118.2542001,318
805EB_PLE1_260423,34.04708845,-118.253947,319
805EB_PLE1_260423,34.04716357,-118.2537145,320
805EB_PLE1_260423,34.04725263,-118.2534859,321
805EB_PLE1_260423,34.0473703,-118.2532423,322
805EB_PLE1_260423,34.0474729,-118.2530598,323
805EB_PLE1_260423,34.04759981,-118.2528685,324
805EB_PLE1_260423,34.04771579,-118.2527147,325
805EB_PLE1_260423,34.04785834,-118.2525494,326
805EB_PLE1_260423,34.04803843,-118.2523639,327
805EB_PLE1_260423,34.04848844,-118.2519393,328
805EB_PLE1_260423,34.04943692,-118.2510546,329
805EB_PLE1_260423,34.05027266,-118.250275,330
805EB_PLE1_260423,34.05112862,-118.2494767,331
805EB_PLE1_260423,34.05162474,-118.2490139,332
805EB_PLE1_260423,34.05203666,-118.2486297,333
805EB_PLE1_260423,34.05239399,-118.2482964,334
805EB_PLE1_260423,34.0541818,-118.2466266,335
805EB_PLE1_260423,34.05560331,-118.2452848,336
805EB_PLE1_260423,34.05592911,-118.2449754,337
805EB_PLE1_260423,34.05615183,-118.2447563,338
805EB_PLE1_260423,34.05635321,-118.2445403,339
805EB_PLE1_260423,34.05652653,-118.2443376,340
805EB_PLE1_260423,34.05669701,-118.2441167,341
805EB_PLE1_260423,34.05686498,-118.2438787,342
805EB_PLE1_260423,34.05705168,-118.2435836,343
805EB_PLE1_260423,34.0572247,-118.2432768,344
805EB_PLE1_260423,34.05739827,-118.2429218,345
805EB_PLE1_260423,34.05753606,-118.2425971,346
805EB_PLE1_260423,34.05763961,-118.24232,347
805EB_PLE1_260423,34.05772411,-118.2420648,348
805EB_PLE1_260423,34.05780003,-118.2417991,349
805EB_PLE1_260423,34.05785064,-118.2416,350
805EB_PLE1_260423,34.0579178,-118.2412882,351
805EB_PLE1_260423,34.05798843,-118.2408711,352
805EB_PLE1_260423,34.05803293,-118.2405462,353
805EB_PLE1_260423,34.05808023,-118.2401848,354
805EB_PLE1_260423,34.05812841,-118.2398123,355
805EB_PLE1_260423,34.05819249,-118.2393073,356
805EB_PLE1_260423,34.05823686,-118.2388965,357
805EB_PLE1_260423,34.05825223,-118.238622,358
805EB_PLE1_260423,34.05824766,-118.2383618,359
805EB_PLE1_260423,34.05822152,-118.2380647,360
805EB_PLE1_260423,34.05816754,-118.2377499,361
805EB_PLE1_260423,34.05811678,-118.2375437,362
805EB_PLE1_260423,34.0580544,-118.2373396,363
805EB_PLE1_260423,34.05799913,-118.2371895,364
805EB_PLE1_260423,34.05793746,-118.237043,365
805EB_PLE1_260423,34.05786956,-118.2369005,366
805EB_PLE1_260423,34.05777544,-118.2367287,367
805EB_PLE1_260423,34.05765056,-118.2365313,368
805EB_PLE1_260423,34.05753952,-118.2363784,369
805EB_PLE1_260423,34.05734304,-118.2361475,370
805EB_PLE1_260423,34.05707086,-118.2358607,371
805EB_PLE1_260423,34.05683995,-118.2356205,372
805EB_PLE1_260423,34.05663251,-118.2354048,373
805EB_PLE1_260423,34.05636575,-118.2351274,374
805EB_PLE1_260423,34.05623024,-118.2349864,375
805EB_PLE1_260423,34.05508979,-118.2338004,376
805EB_PLE1_260423,34.05497104,-118.2336769,377
805EB_PLE1_260423,34.05478324,-118.2334383,378
805EB_PLE1_260423,34.05468409,-118.2333243,379
805EB_PLE1_260423,34.05422498,-118.2328469,380
805EB_PLE1_260423,34.05400431,-118.2326555,381
805EB_PLE1_260423,34.05355947,-118.2322121,382
805EB_PLE1_260423,34.05312531,-118.2317744,383
805EB_PLE1_260423,34.05224074,-118.2308827,384
805EB_PLE1_260423,34.05206778,-118.2307199,385
805EB_PLE1_260423,34.05195346,-118.2306195,386
805EB_PLE1_260423,34.05180165,-118.230519,387
805EB_PLE1_260423,34.05161424,-118.2304371,388
805EB_PLE1_260423,34.05151481,-118.2304094,389
805EB_PLE1_260423,34.05138436,-118.2303873,390
805EB_PLE1_260423,34.05129773,-118.2303826,391
805EB_PLE1_260423,34.05112471,-118.2303951,392
805EB_PLE1_260423,34.05099056,-118.2304243,393
805EB_PLE1_260423,34.05017033,-118.2306455,394
805EB_PLE1_260423,34.04992471,-118.230713,395
805EB_PLE1_260423,34.04964053,-118.2308071,396
805EB_PLE1_260423,34.04940245,-118.2308878,397
805EB_PLE1_260423,34.04904501,-118.2310696,398
805EB_PLE1_260423,34.04866162,-118.231324,399
805EB_PLE1_260423,34.04840122,-118.2314976,400
805EB_PLE1_260423,34.04814832,-118.2316575,401
805EB_PLE1_260423,34.04793785,-118.2318063,402
805EB_PLE1_260423,34.04775802,-118.2319065,403
805EB_PLE1_260423,34.04756805,-118.2319746,404
805EB_PLE1_260423,34.04747049,-118.2319961,405
805EB_PLE1_260423,34.04727279,-118.2320135,406
805EB_PLE1_260423,34.04703022,-118.2320138,407
805EB_PLE1_260423,34.04695477,-118.2320139,408
805EB_PLE1_260423,34.04689159,-118.2320235,409
805EB_PLE1_260423,34.04666657,-118.2320577,410
805EB_PLE1_260423,34.04660447,-118.2320671,411
805EB_PLE1_260423,34.04591752,-118.232068,412
